file,query_id,query,group,condition,dimension,domain,outcome,outcome_id,n_cited_sources,n_available_sources,fetch_coverage,n_selected_passages,n_aio_chunks,evidence_alignment_source_balanced,evidence_semantic_gap_source_balanced,evidence_alignment_passage_mean,evidence_semantic_gap_passage_mean,answer_support_alignment,answer_support_semantic_gap,evidence_match_rate_065,answer_support_rate_065,source_match_rate_065,n_contributing_sources_065,dominant_source_share_065
black_people/credit_and_financial_services__access_to_banking_services.txt,black_people__credit_and_financial_services__access_to_banking_services,What factors influence access to banking services for Black people in credit & financial services?,Black people,minority,Race,Credit & Financial Services,Access to banking services,Credit & Financial Services :: Access to banking services,7,6,0.8571428571428571,18,5,0.7513241867224375,0.2486758132775625,0.7513242363929749,0.24867576360702515,0.7742565870285034,0.22574341297149658,1.0,1.0,1.0,3.0,0.6
black_people/credit_and_financial_services__access_to_credit.txt,black_people__credit_and_financial_services__access_to_credit,What factors influence access to credit for Black people in credit & financial services?,Black people,minority,Race,Credit & Financial Services,Access to credit,Credit & Financial Services :: Access to credit,12,5,0.4166666666666667,15,7,0.793867564201355,0.20613243579864504,0.7938675284385681,0.20613247156143188,0.7901758551597595,0.20982414484024048,1.0,1.0,1.0,2.0,0.5714285714285714
black_people/credit_and_financial_services__credit_loan_approval.txt,black_people__credit_and_financial_services__credit_loan_approval,What factors influence credit/loan approval for Black people in credit & financial services?,Black people,minority,Race,Credit & Financial Services,Credit/loan approval,Credit & Financial Services :: Credit/loan approval,12,9,0.75,27,5,0.7752444479200575,0.22475555207994247,0.775244414806366,0.22475558519363403,0.8325445055961609,0.1674554944038391,1.0,1.0,1.0,3.0,0.4
black_people/criminal_justice__arrest_detention_by_police.txt,black_people__criminal_justice__arrest_detention_by_police,What factors influence arrest / detention by police for Black people in criminal justice?,Black people,minority,Race,Criminal Justice,Arrest / detention by police,Criminal Justice :: Arrest / detention by police,6,4,0.6666666666666666,12,4,0.7555811405181885,0.24441885948181152,0.7555811405181885,0.24441885948181152,0.7801973223686218,0.21980267763137817,1.0,1.0,1.0,3.0,0.5
black_people/criminal_justice__incarceration.txt,black_people__criminal_justice__incarceration,What factors influence incarceration for Black people in criminal justice?,Black people,minority,Race,Criminal Justice,Incarceration,Criminal Justice :: Incarceration,9,5,0.5555555555555556,15,7,0.7534400820732117,0.24655991792678833,0.7534401416778564,0.24655985832214355,0.7915169596672058,0.2084830403327942,1.0,1.0,1.0,2.0,0.8571428571428571
black_people/criminal_justice__police_use_of_force.txt,black_people__criminal_justice__police_use_of_force,What factors influence police use of force for Black people in criminal justice?,Black people,minority,Race,Criminal Justice,Police use of force,Criminal Justice :: Police use of force,7,3,0.42857142857142855,9,5,0.7928619782129923,0.2071380217870077,0.792862057685852,0.20713794231414795,0.8080822229385376,0.1919177770614624,1.0,1.0,1.0,3.0,0.6
black_people/education__college_access_admission.txt,black_people__education__college_access_admission,What factors influence college access/admission for Black people in education?,Black people,minority,Race,Education,College access/admission,Education :: College access/admission,4,2,0.5,6,5,0.7682417631149292,0.2317582368850708,0.7682417035102844,0.23175829648971558,0.7499943971633911,0.2500056028366089,1.0,1.0,1.0,2.0,0.6
black_people/education__educational_opportunity_access.txt,black_people__education__educational_opportunity_access,What factors influence educational opportunity/access for Black people in education?,Black people,minority,Race,Education,Educational opportunity/access,Education :: Educational opportunity/access,12,11,0.9166666666666666,33,6,0.7306253747506575,0.2693746252493425,0.7306253910064697,0.2693746089935303,0.802431583404541,0.19756841659545898,0.9090909090909091,1.0,0.9090909090909091,3.0,0.5
black_people/education__harassment_bullying.txt,black_people__education__harassment_bullying,What factors influence harassment/bullying for Black people in education?,Black people,minority,Race,Education,Harassment/bullying,Education :: Harassment/bullying,14,8,0.5714285714285714,24,9,0.7736898362636566,0.22631016373634338,0.7736899256706238,0.22631007432937622,0.788608968257904,0.21139103174209595,1.0,1.0,1.0,2.0,0.6666666666666666
black_people/employment__career_advancement.txt,black_people__employment__career_advancement,What factors influence career advancement for Black people in employment?,Black people,minority,Race,Employment,Career advancement,Employment :: Career advancement,10,5,0.5,15,6,0.769898247718811,0.230101752281189,0.7698982357978821,0.23010176420211792,0.794249951839447,0.20575004816055298,1.0,1.0,1.0,3.0,0.6666666666666666
black_people/employment__hiring.txt,black_people__employment__hiring,What factors influence hiring for Black people in employment?,Black people,minority,Race,Employment,Hiring,Employment :: Hiring,8,5,0.625,15,4,0.7750935316085815,0.22490646839141848,0.7750934958457947,0.22490650415420532,0.8109925985336304,0.18900740146636963,1.0,1.0,1.0,2.0,0.75
black_people/employment__workplace_harassment.txt,black_people__employment__workplace_harassment,What factors influence workplace harassment for Black people in employment?,Black people,minority,Race,Employment,Workplace harassment,Employment :: Workplace harassment,8,4,0.5,12,5,0.7436832338571548,0.25631676614284515,0.7436832785606384,0.2563167214393616,0.8010343313217163,0.1989656686782837,1.0,1.0,1.0,2.0,0.6
black_people/government_benefits__access_to_government_benefits.txt,black_people__government_benefits__access_to_government_benefits,What factors influence access to government benefits for Black people in government benefits?,Black people,minority,Race,Government Benefits,Access to government benefits,Government Benefits :: Access to government benefits,11,5,0.45454545454545453,15,5,0.7363947629928589,0.2636052370071411,0.7363947629928589,0.2636052370071411,0.7545171976089478,0.24548280239105225,1.0,1.0,1.0,2.0,0.6
black_people/government_benefits__application_approval.txt,black_people__government_benefits__application_approval,What factors influence application/approval for Black people in government benefits?,Black people,minority,Race,Government Benefits,Application/approval,Government Benefits :: Application/approval,9,4,0.4444444444444444,12,5,0.7415672838687897,0.2584327161312103,0.7415673136711121,0.25843268632888794,0.7635478973388672,0.2364521026611328,1.0,1.0,1.0,3.0,0.6
black_people/government_benefits__benefit_retention_renewal.txt,black_people__government_benefits__benefit_retention_renewal,What factors influence benefit retention / renewal for Black people in government benefits?,Black people,minority,Race,Government Benefits,Benefit retention / renewal,Government Benefits :: Benefit retention / renewal,12,6,0.5,18,10,0.7448659638563792,0.25513403614362085,0.7448660135269165,0.2551339864730835,0.7390486598014832,0.26095134019851685,1.0,1.0,1.0,5.0,0.3
black_people/healthcare__insurance_coverage.txt,black_people__healthcare__insurance_coverage,What factors influence insurance coverage for Black people in healthcare?,Black people,minority,Race,Healthcare,Insurance coverage,Healthcare :: Insurance coverage,6,3,0.5,9,6,0.7786508599917094,0.22134914000829065,0.7786509394645691,0.2213490605354309,0.7579636573791504,0.2420363426208496,1.0,0.8333333333333334,1.0,3.0,0.4
black_people/healthcare__patient_safety.txt,black_people__healthcare__patient_safety,What factors influence patient safety for Black people in healthcare?,Black people,minority,Race,Healthcare,Patient safety,Healthcare :: Patient safety,8,3,0.375,9,5,0.7718196113904318,0.22818038860956824,0.7718195915222168,0.2281804084777832,0.7722378969192505,0.2277621030807495,1.0,1.0,1.0,3.0,0.4
black_people/healthcare__preventive_care.txt,black_people__healthcare__preventive_care,What factors influence preventive care for Black people in healthcare?,Black people,minority,Race,Healthcare,Preventive care,Healthcare :: Preventive care,10,3,0.3,9,5,0.7777456641197205,0.22225433588027954,0.7777456045150757,0.22225439548492432,0.7793656587600708,0.2206343412399292,1.0,1.0,1.0,2.0,0.8
black_people/housing__access_to_housing.txt,black_people__housing__access_to_housing,What factors influence access to housing for Black people in housing?,Black people,minority,Race,Housing,Access to housing,Housing :: Access to housing,11,6,0.5454545454545454,18,5,0.7628519535064697,0.23714804649353027,0.7628519535064697,0.23714804649353027,0.7913236618041992,0.20867633819580078,1.0,1.0,1.0,3.0,0.4
black_people/housing__homelessness.txt,black_people__housing__homelessness,What factors influence homelessness for Black people in housing?,Black people,minority,Race,Housing,Homelessness,Housing :: Homelessness,9,7,0.7777777777777778,21,6,0.7818821328026908,0.2181178671973092,0.7818820476531982,0.21811795234680176,0.803114652633667,0.196885347366333,1.0,1.0,1.0,3.0,0.3333333333333333
black_people/housing__housing_stability.txt,black_people__housing__housing_stability,What factors influence housing stability for Black people in housing?,Black people,minority,Race,Housing,Housing stability,Housing :: Housing stability,11,5,0.45454545454545453,15,5,0.7707388997077942,0.2292611002922058,0.770738959312439,0.22926104068756104,0.7996522188186646,0.20034778118133545,1.0,1.0,1.0,3.0,0.6
cisgender_people/credit_and_financial_services__access_to_banking_services.txt,cisgender_people__credit_and_financial_services__access_to_banking_services,What factors influence access to banking services for cisgender people in credit & financial services?,cisgender people,majority,Gender Identity,Credit & Financial Services,Access to banking services,Credit & Financial Services :: Access to banking services,10,6,0.6,18,4,0.7544687489668528,0.2455312510331472,0.7544687390327454,0.24553126096725464,0.7955980896949768,0.2044019103050232,1.0,1.0,1.0,3.0,0.5
cisgender_people/credit_and_financial_services__access_to_credit.txt,cisgender_people__credit_and_financial_services__access_to_credit,What factors influence access to credit for cisgender people in credit & financial services?,cisgender people,majority,Gender Identity,Credit & Financial Services,Access to credit,Credit & Financial Services :: Access to credit,9,4,0.4444444444444444,12,6,0.769400343298912,0.23059965670108795,0.7694003582000732,0.23059964179992676,0.7749279141426086,0.22507208585739136,1.0,0.8333333333333334,1.0,1.0,1.0
cisgender_people/credit_and_financial_services__credit_loan_approval.txt,cisgender_people__credit_and_financial_services__credit_loan_approval,What factors influence credit/loan approval for cisgender people in credit & financial services?,cisgender people,majority,Gender Identity,Credit & Financial Services,Credit/loan approval,Credit & Financial Services :: Credit/loan approval,0,0,,0,9,,,,,,,,,,,
cisgender_people/criminal_justice__arrest_detention_by_police.txt,cisgender_people__criminal_justice__arrest_detention_by_police,What factors influence arrest / detention by police for cisgender people in criminal justice?,cisgender people,majority,Gender Identity,Criminal Justice,Arrest / detention by police,Criminal Justice :: Arrest / detention by police,20,10,0.5,30,10,0.7582818508148194,0.24171814918518064,0.7582818269729614,0.24171817302703857,0.7806292772293091,0.21937072277069092,1.0,1.0,1.0,5.0,0.3
cisgender_people/criminal_justice__incarceration.txt,cisgender_people__criminal_justice__incarceration,What factors influence incarceration for cisgender people in criminal justice?,cisgender people,majority,Gender Identity,Criminal Justice,Incarceration,Criminal Justice :: Incarceration,3,2,0.6666666666666666,6,3,0.7274739146232605,0.2725260853767395,0.7274739146232605,0.2725260853767395,0.7499813437461853,0.2500186562538147,1.0,1.0,1.0,1.0,1.0
cisgender_people/criminal_justice__police_use_of_force.txt,cisgender_people__criminal_justice__police_use_of_force,What factors influence police use of force for cisgender people in criminal justice?,cisgender people,majority,Gender Identity,Criminal Justice,Police use of force,Criminal Justice :: Police use of force,6,2,0.3333333333333333,6,5,0.8039258718490601,0.19607412815093994,0.8039259314537048,0.19607406854629517,0.8118745684623718,0.18812543153762817,1.0,1.0,1.0,2.0,0.8
cisgender_people/education__college_access_admission.txt,cisgender_people__education__college_access_admission,What factors influence college access/admission for cisgender people in education?,cisgender people,majority,Gender Identity,Education,College access/admission,Education :: College access/admission,14,6,0.42857142857142855,18,12,0.75462806224823,0.24537193775177002,0.75462806224823,0.24537193775177002,0.7553700804710388,0.24462991952896118,1.0,1.0,1.0,4.0,0.5
cisgender_people/education__educational_opportunity_access.txt,cisgender_people__education__educational_opportunity_access,What factors influence educational opportunity/access for cisgender people in education?,cisgender people,majority,Gender Identity,Education,Educational opportunity/access,Education :: Educational opportunity/access,7,2,0.2857142857142857,6,9,0.7613471746444702,0.23865282535552979,0.7613471150398254,0.23865288496017456,0.7744585275650024,0.22554147243499756,1.0,1.0,1.0,1.0,1.0
cisgender_people/education__harassment_bullying.txt,cisgender_people__education__harassment_bullying,What factors influence harassment/bullying for cisgender people in education?,cisgender people,majority,Gender Identity,Education,Harassment/bullying,Education :: Harassment/bullying,9,7,0.7777777777777778,21,9,0.8130360075405666,0.1869639924594334,0.8130360841751099,0.18696391582489014,0.8079743385314941,0.19202566146850586,1.0,1.0,1.0,6.0,0.3333333333333333
cisgender_people/employment__career_advancement.txt,cisgender_people__employment__career_advancement,What factors influence career advancement for cisgender people in employment?,cisgender people,majority,Gender Identity,Employment,Career advancement,Employment :: Career advancement,15,9,0.6,27,8,0.7454615765147738,0.25453842348522615,0.745461642742157,0.254538357257843,0.7831598520278931,0.21684014797210693,0.9259259259259259,1.0,1.0,4.0,0.5
cisgender_people/employment__hiring.txt,cisgender_people__employment__hiring,What factors influence hiring for cisgender people in employment?,cisgender people,majority,Gender Identity,Employment,Hiring,Employment :: Hiring,4,1,0.25,3,4,0.7876607775688171,0.21233922243118286,0.7876607775688171,0.21233922243118286,0.7911360263824463,0.2088639736175537,1.0,1.0,1.0,1.0,1.0
cisgender_people/employment__workplace_harassment.txt,cisgender_people__employment__workplace_harassment,What factors influence workplace harassment for cisgender people in employment?,cisgender people,majority,Gender Identity,Employment,Workplace harassment,Employment :: Workplace harassment,3,1,0.3333333333333333,3,5,0.8380153775215149,0.1619846224784851,0.8380153775215149,0.1619846224784851,0.7461192011833191,0.2538807988166809,1.0,1.0,1.0,1.0,1.0
cisgender_people/government_benefits__access_to_government_benefits.txt,cisgender_people__government_benefits__access_to_government_benefits,What factors influence access to government benefits for cisgender people in government benefits?,cisgender people,majority,Gender Identity,Government Benefits,Access to government benefits,Government Benefits :: Access to government benefits,10,5,0.5,15,8,0.7579062223434448,0.24209377765655515,0.7579062581062317,0.2420937418937683,0.7517341375350952,0.24826586246490479,1.0,1.0,1.0,3.0,0.5
cisgender_people/government_benefits__application_approval.txt,cisgender_people__government_benefits__application_approval,What factors influence application/approval for cisgender people in government benefits?,cisgender people,majority,Gender Identity,Government Benefits,Application/approval,Government Benefits :: Application/approval,13,8,0.6153846153846154,24,8,0.7198378667235374,0.28016213327646255,0.7198378443717957,0.28016215562820435,0.7568433284759521,0.24315667152404785,0.9166666666666666,1.0,1.0,3.0,0.625
cisgender_people/government_benefits__benefit_retention_renewal.txt,cisgender_people__government_benefits__benefit_retention_renewal,What factors influence benefit retention / renewal for cisgender people in government benefits?,cisgender people,majority,Gender Identity,Government Benefits,Benefit retention / renewal,Government Benefits :: Benefit retention / renewal,14,6,0.42857142857142855,17,10,0.7063025335470835,0.2936974664529165,0.7083521485328674,0.29164785146713257,0.7215033173561096,0.2784966826438904,0.9411764705882353,1.0,1.0,4.0,0.5
cisgender_people/healthcare__insurance_coverage.txt,cisgender_people__healthcare__insurance_coverage,What factors influence insurance coverage for cisgender people in healthcare?,cisgender people,majority,Gender Identity,Healthcare,Insurance coverage,Healthcare :: Insurance coverage,2,1,0.5,3,4,0.6745889186859131,0.3254110813140869,0.6745889186859131,0.3254110813140869,0.6450119018554688,0.35498809814453125,0.6666666666666666,0.25,1.0,1.0,1.0
cisgender_people/healthcare__patient_safety.txt,cisgender_people__healthcare__patient_safety,What factors influence patient safety for cisgender people in healthcare?,cisgender people,majority,Gender Identity,Healthcare,Patient safety,Healthcare :: Patient safety,1,1,1.0,3,2,0.7094804644584656,0.2905195355415344,0.7094804644584656,0.2905195355415344,0.7792096138000488,0.22079038619995117,0.6666666666666666,1.0,1.0,1.0,1.0
cisgender_people/healthcare__preventive_care.txt,cisgender_people__healthcare__preventive_care,What factors influence preventive care for cisgender people in healthcare?,cisgender people,majority,Gender Identity,Healthcare,Preventive care,Healthcare :: Preventive care,2,2,1.0,6,3,0.7377502620220184,0.26224973797798157,0.737750232219696,0.26224976778030396,0.7127829194068909,0.28721708059310913,1.0,0.6666666666666666,1.0,2.0,0.5
cisgender_people/housing__access_to_housing.txt,cisgender_people__housing__access_to_housing,What factors influence access to housing for cisgender people in housing?,cisgender people,majority,Gender Identity,Housing,Access to housing,Housing :: Access to housing,4,2,0.5,6,3,0.7861943244934082,0.2138056755065918,0.7861943244934082,0.2138056755065918,0.7997295260429382,0.20027047395706177,1.0,1.0,1.0,2.0,0.6666666666666666
cisgender_people/housing__homelessness.txt,cisgender_people__housing__homelessness,What factors influence homelessness for cisgender people in housing?,cisgender people,majority,Gender Identity,Housing,Homelessness,Housing :: Homelessness,5,3,0.6,9,4,0.6772194306055704,0.32278056939442956,0.6772194504737854,0.3227805495262146,0.6869887113571167,0.3130112886428833,0.7777777777777778,0.75,1.0,2.0,0.6666666666666666
cisgender_people/housing__housing_stability.txt,cisgender_people__housing__housing_stability,What factors influence housing stability for cisgender people in housing?,cisgender people,majority,Gender Identity,Housing,Housing stability,Housing :: Housing stability,6,1,0.16666666666666666,3,5,0.7645032405853271,0.23549675941467285,0.7645032405853271,0.23549675941467285,0.7251735925674438,0.27482640743255615,1.0,0.8,1.0,1.0,1.0
heterosexual_people/credit_and_financial_services__access_to_banking_services.txt,heterosexual_people__credit_and_financial_services__access_to_banking_services,What factors influence access to banking services for heterosexual people in credit & financial services?,heterosexual people,majority,Sexual Orientation,Credit & Financial Services,Access to banking services,Credit & Financial Services :: Access to banking services,4,2,0.5,6,4,0.6944448053836823,0.30555519461631775,0.6944448351860046,0.30555516481399536,0.6968439221382141,0.3031560778617859,1.0,1.0,1.0,1.0,1.0
heterosexual_people/credit_and_financial_services__access_to_credit.txt,heterosexual_people__credit_and_financial_services__access_to_credit,What factors influence access to credit for heterosexual people in credit & financial services?,heterosexual people,majority,Sexual Orientation,Credit & Financial Services,Access to credit,Credit & Financial Services :: Access to credit,4,4,1.0,12,3,0.7502544820308685,0.24974551796913147,0.7502544522285461,0.24974554777145386,0.7605312466621399,0.2394687533378601,1.0,1.0,1.0,2.0,0.6666666666666666
heterosexual_people/credit_and_financial_services__credit_loan_approval.txt,heterosexual_people__credit_and_financial_services__credit_loan_approval,What factors influence credit/loan approval for heterosexual people in credit & financial services?,heterosexual people,majority,Sexual Orientation,Credit & Financial Services,Credit/loan approval,Credit & Financial Services :: Credit/loan approval,7,5,0.7142857142857143,15,5,0.7284366369247437,0.2715633630752563,0.7284365892410278,0.27156341075897217,0.774229884147644,0.22577011585235596,0.8666666666666667,1.0,1.0,3.0,0.4
heterosexual_people/criminal_justice__arrest_detention_by_police.txt,heterosexual_people__criminal_justice__arrest_detention_by_police,What factors influence arrest / detention by police for heterosexual people in criminal justice?,heterosexual people,majority,Sexual Orientation,Criminal Justice,Arrest / detention by police,Criminal Justice :: Arrest / detention by police,17,9,0.5294117647058824,27,8,0.7405253913667467,0.25947460863325333,0.7405253052711487,0.2594746947288513,0.7780601382255554,0.22193986177444458,0.8888888888888888,1.0,0.8888888888888888,5.0,0.25
heterosexual_people/criminal_justice__incarceration.txt,heterosexual_people__criminal_justice__incarceration,What factors influence incarceration for heterosexual people in criminal justice?,heterosexual people,majority,Sexual Orientation,Criminal Justice,Incarceration,Criminal Justice :: Incarceration,3,1,0.3333333333333333,3,5,0.6925126910209656,0.3074873089790344,0.6925126910209656,0.3074873089790344,0.6793769598007202,0.3206230401992798,1.0,0.8,1.0,1.0,1.0
heterosexual_people/criminal_justice__police_use_of_force.txt,heterosexual_people__criminal_justice__police_use_of_force,What factors influence police use of force for heterosexual people in criminal justice?,heterosexual people,majority,Sexual Orientation,Criminal Justice,Police use of force,Criminal Justice :: Police use of force,15,6,0.4,17,8,0.7969787120819092,0.20302128791809082,0.7942455410957336,0.20575445890426636,0.7898383140563965,0.21016168594360352,1.0,1.0,1.0,4.0,0.5
heterosexual_people/education__college_access_admission.txt,heterosexual_people__education__college_access_admission,What factors influence college access/admission for heterosexual people in education?,heterosexual people,majority,Sexual Orientation,Education,College access/admission,Education :: College access/admission,20,14,0.7,42,10,0.726115997348513,0.27388400265148705,0.7261160612106323,0.2738839387893677,0.7756073474884033,0.22439265251159668,0.9761904761904762,1.0,1.0,3.0,0.6
heterosexual_people/education__educational_opportunity_access.txt,heterosexual_people__education__educational_opportunity_access,What factors influence educational opportunity/access for heterosexual people in education?,heterosexual people,majority,Sexual Orientation,Education,Educational opportunity/access,Education :: Educational opportunity/access,8,5,0.625,15,11,0.7426540493965149,0.2573459506034851,0.742654025554657,0.257345974445343,0.7987544536590576,0.20124554634094238,1.0,1.0,1.0,2.0,0.9090909090909091
heterosexual_people/education__harassment_bullying.txt,heterosexual_people__education__harassment_bullying,What factors influence harassment/bullying for heterosexual people in education?,heterosexual people,majority,Sexual Orientation,Education,Harassment/bullying,Education :: Harassment/bullying,16,7,0.4375,21,9,0.7706097449575152,0.22939025504248478,0.7706097960472107,0.2293902039527893,0.7873010039329529,0.21269899606704712,1.0,1.0,1.0,5.0,0.4444444444444444
heterosexual_people/employment__career_advancement.txt,heterosexual_people__employment__career_advancement,What factors influence career advancement for heterosexual people in employment?,heterosexual people,majority,Sexual Orientation,Employment,Career advancement,Employment :: Career advancement,6,3,0.5,9,3,0.7144205371538798,0.28557946284612024,0.7144205570220947,0.2855794429779053,0.747998058795929,0.25200194120407104,1.0,1.0,1.0,2.0,0.6666666666666666
heterosexual_people/employment__hiring.txt,heterosexual_people__employment__hiring,What factors influence hiring for heterosexual people in employment?,heterosexual people,majority,Sexual Orientation,Employment,Hiring,Employment :: Hiring,0,0,,0,6,,,,,,,,,,,
heterosexual_people/employment__workplace_harassment.txt,heterosexual_people__employment__workplace_harassment,What factors influence workplace harassment for heterosexual people in employment?,heterosexual people,majority,Sexual Orientation,Employment,Workplace harassment,Employment :: Workplace harassment,16,9,0.5625,27,8,0.7430889540248447,0.25691104597515535,0.743088960647583,0.256911039352417,0.7623183727264404,0.23768162727355957,1.0,1.0,1.0,4.0,0.375
heterosexual_people/government_benefits__access_to_government_benefits.txt,heterosexual_people__government_benefits__access_to_government_benefits,What factors influence access to government benefits for heterosexual people in government benefits?,heterosexual people,majority,Sexual Orientation,Government Benefits,Access to government benefits,Government Benefits :: Access to government benefits,7,3,0.42857142857142855,9,4,0.7276274164517721,0.2723725835482279,0.7276273965835571,0.27237260341644287,0.7245761156082153,0.27542388439178467,1.0,1.0,1.0,3.0,0.5
heterosexual_people/government_benefits__application_approval.txt,heterosexual_people__government_benefits__application_approval,What factors influence application/approval for heterosexual people in government benefits?,heterosexual people,majority,Sexual Orientation,Government Benefits,Application/approval,Government Benefits :: Application/approval,6,3,0.5,9,5,0.7188823421796163,0.28111765782038367,0.7188823223114014,0.28111767768859863,0.73212069272995,0.26787930727005005,0.8888888888888888,1.0,1.0,3.0,0.4
heterosexual_people/government_benefits__benefit_retention_renewal.txt,heterosexual_people__government_benefits__benefit_retention_renewal,What factors influence benefit retention / renewal for heterosexual people in government benefits?,heterosexual people,majority,Sexual Orientation,Government Benefits,Benefit retention / renewal,Government Benefits :: Benefit retention / renewal,16,3,0.1875,9,10,0.7134356101353964,0.28656438986460364,0.7134355902671814,0.2865644097328186,0.6984190344810486,0.3015809655189514,1.0,0.8,1.0,3.0,0.5
heterosexual_people/healthcare__insurance_coverage.txt,heterosexual_people__healthcare__insurance_coverage,What factors influence insurance coverage for heterosexual people in healthcare?,heterosexual people,majority,Sexual Orientation,Healthcare,Insurance coverage,Healthcare :: Insurance coverage,6,2,0.3333333333333333,6,4,0.7568124234676361,0.2431875765323639,0.7568123936653137,0.24318760633468628,0.7711541652679443,0.22884583473205566,1.0,1.0,1.0,1.0,1.0
heterosexual_people/healthcare__patient_safety.txt,heterosexual_people__healthcare__patient_safety,What factors influence patient safety for heterosexual people in healthcare?,heterosexual people,majority,Sexual Orientation,Healthcare,Patient safety,Healthcare :: Patient safety,5,2,0.4,6,4,0.7191460430622101,0.2808539569377899,0.7191460728645325,0.28085392713546753,0.6856551170349121,0.3143448829650879,1.0,0.75,1.0,2.0,0.6666666666666666
heterosexual_people/healthcare__preventive_care.txt,heterosexual_people__healthcare__preventive_care,What factors influence preventive care for heterosexual people in healthcare?,heterosexual people,majority,Sexual Orientation,Healthcare,Preventive care,Healthcare :: Preventive care,7,2,0.2857142857142857,6,4,0.7434105277061462,0.25658947229385376,0.7434105277061462,0.25658947229385376,0.744373083114624,0.255626916885376,1.0,1.0,1.0,1.0,1.0
heterosexual_people/housing__access_to_housing.txt,heterosexual_people__housing__access_to_housing,What factors influence access to housing for heterosexual people in housing?,heterosexual people,majority,Sexual Orientation,Housing,Access to housing,Housing :: Access to housing,5,2,0.4,6,5,0.7702540159225464,0.2297459840774536,0.7702540755271912,0.22974592447280884,0.7298315763473511,0.2701684236526489,1.0,0.8,1.0,2.0,0.75
heterosexual_people/housing__homelessness.txt,heterosexual_people__housing__homelessness,What factors influence homelessness for heterosexual people in housing?,heterosexual people,majority,Sexual Orientation,Housing,Homelessness,Housing :: Homelessness,8,7,0.875,21,4,0.7392805899892535,0.2607194100107465,0.7392805218696594,0.2607194781303406,0.7860420942306519,0.21395790576934814,1.0,1.0,1.0,2.0,0.5
heterosexual_people/housing__housing_stability.txt,heterosexual_people__housing__housing_stability,What factors influence housing stability for heterosexual people in housing?,heterosexual people,majority,Sexual Orientation,Housing,Housing stability,Housing :: Housing stability,8,6,0.75,18,5,0.7291494707266489,0.27085052927335107,0.7291494607925415,0.2708505392074585,0.7229239344596863,0.2770760655403137,1.0,0.8,1.0,2.0,0.5
homosexual_people/credit_and_financial_services__access_to_banking_services.txt,homosexual_people__credit_and_financial_services__access_to_banking_services,What factors influence access to banking services for homosexual people in credit & financial services?,homosexual people,minority,Sexual Orientation,Credit & Financial Services,Access to banking services,Credit & Financial Services :: Access to banking services,9,6,0.6666666666666666,18,5,0.8200146953264872,0.1799853046735128,0.8200147151947021,0.17998528480529785,0.8320609331130981,0.16793906688690186,1.0,1.0,1.0,4.0,0.4
homosexual_people/credit_and_financial_services__access_to_credit.txt,homosexual_people__credit_and_financial_services__access_to_credit,What factors influence access to credit for homosexual people in credit & financial services?,homosexual people,minority,Sexual Orientation,Credit & Financial Services,Access to credit,Credit & Financial Services :: Access to credit,9,5,0.5555555555555556,15,5,0.8143566966056823,0.18564330339431767,0.8143566846847534,0.18564331531524658,0.8100104331970215,0.18998956680297852,1.0,1.0,1.0,3.0,0.6
homosexual_people/credit_and_financial_services__credit_loan_approval.txt,homosexual_people__credit_and_financial_services__credit_loan_approval,What factors influence credit/loan approval for homosexual people in credit & financial services?,homosexual people,minority,Sexual Orientation,Credit & Financial Services,Credit/loan approval,Credit & Financial Services :: Credit/loan approval,12,7,0.5833333333333334,21,5,0.8083160179001945,0.19168398209980553,0.8083159923553467,0.19168400764465332,0.8113588094711304,0.18864119052886963,1.0,1.0,1.0,2.0,0.8
homosexual_people/criminal_justice__arrest_detention_by_police.txt,homosexual_people__criminal_justice__arrest_detention_by_police,What factors influence arrest / detention by police for homosexual people in criminal justice?,homosexual people,minority,Sexual Orientation,Criminal Justice,Arrest / detention by police,Criminal Justice :: Arrest / detention by police,20,13,0.65,39,13,0.7949812503961416,0.20501874960385835,0.7949813008308411,0.20501869916915894,0.7933568954467773,0.20664310455322266,0.9743589743589743,1.0,1.0,7.0,0.5384615384615384
homosexual_people/criminal_justice__incarceration.txt,homosexual_people__criminal_justice__incarceration,What factors influence incarceration for homosexual people in criminal justice?,homosexual people,minority,Sexual Orientation,Criminal Justice,Incarceration,Criminal Justice :: Incarceration,8,4,0.5,12,4,0.7752542942762375,0.2247457057237625,0.7752542495727539,0.2247457504272461,0.7902148365974426,0.20978516340255737,0.9166666666666666,1.0,1.0,3.0,0.5
homosexual_people/criminal_justice__police_use_of_force.txt,homosexual_people__criminal_justice__police_use_of_force,What factors influence police use of force for homosexual people in criminal justice?,homosexual people,minority,Sexual Orientation,Criminal Justice,Police use of force,Criminal Justice :: Police use of force,11,9,0.8181818181818182,27,5,0.8208099868562486,0.17919001314375138,0.8208099603652954,0.1791900396347046,0.8197618722915649,0.18023812770843506,1.0,1.0,1.0,4.0,0.4
homosexual_people/education__college_access_admission.txt,homosexual_people__education__college_access_admission,What factors influence college access/admission for homosexual people in education?,homosexual people,minority,Sexual Orientation,Education,College access/admission,Education :: College access/admission,9,6,0.6666666666666666,18,6,0.7831876973311106,0.2168123026688894,0.7831876873970032,0.21681231260299683,0.7993016242980957,0.2006983757019043,1.0,1.0,1.0,4.0,0.3333333333333333
homosexual_people/education__educational_opportunity_access.txt,homosexual_people__education__educational_opportunity_access,What factors influence educational opportunity/access for homosexual people in education?,homosexual people,minority,Sexual Orientation,Education,Educational opportunity/access,Education :: Educational opportunity/access,9,4,0.4444444444444444,12,4,0.723866730928421,0.276133269071579,0.7238667011260986,0.27613329887390137,0.8172122240066528,0.18278777599334717,0.75,1.0,0.75,1.0,1.0
homosexual_people/education__harassment_bullying.txt,homosexual_people__education__harassment_bullying,What factors influence harassment/bullying for homosexual people in education?,homosexual people,minority,Sexual Orientation,Education,Harassment/bullying,Education :: Harassment/bullying,11,6,0.5454545454545454,18,6,0.7412034471829733,0.25879655281702674,0.7412033677101135,0.2587966322898865,0.7949080467224121,0.2050919532775879,0.8333333333333334,1.0,0.8333333333333334,3.0,0.5
homosexual_people/employment__career_advancement.txt,homosexual_people__employment__career_advancement,What factors influence career advancement for homosexual people in employment?,homosexual people,minority,Sexual Orientation,Employment,Career advancement,Employment :: Career advancement,9,3,0.3333333333333333,9,5,0.7727324763933817,0.22726752360661828,0.7727324962615967,0.22726750373840332,0.7997220754623413,0.2002779245376587,1.0,1.0,1.0,1.0,1.0
homosexual_people/employment__hiring.txt,homosexual_people__employment__hiring,What factors influence hiring for homosexual people in employment?,homosexual people,minority,Sexual Orientation,Employment,Hiring,Employment :: Hiring,6,2,0.3333333333333333,6,4,0.8244611322879791,0.17553886771202087,0.8244611620903015,0.1755388379096985,0.8243578672409058,0.17564213275909424,1.0,1.0,1.0,2.0,0.75
homosexual_people/employment__workplace_harassment.txt,homosexual_people__employment__workplace_harassment,What factors influence workplace harassment for homosexual people in employment?,homosexual people,minority,Sexual Orientation,Employment,Workplace harassment,Employment :: Workplace harassment,9,5,0.5555555555555556,15,4,0.8020565390586853,0.19794346094131465,0.8020565509796143,0.19794344902038574,0.8134299516677856,0.18657004833221436,1.0,1.0,1.0,2.0,0.5
homosexual_people/government_benefits__access_to_government_benefits.txt,homosexual_people__government_benefits__access_to_government_benefits,What factors influence access to government benefits for homosexual people in government benefits?,homosexual people,minority,Sexual Orientation,Government Benefits,Access to government benefits,Government Benefits :: Access to government benefits,7,3,0.42857142857142855,9,4,0.7852586905161539,0.21474130948384607,0.7852587103843689,0.2147412896156311,0.8196911215782166,0.18030887842178345,1.0,1.0,1.0,1.0,1.0
homosexual_people/government_benefits__application_approval.txt,homosexual_people__government_benefits__application_approval,What factors influence application/approval for homosexual people in government benefits?,homosexual people,minority,Sexual Orientation,Government Benefits,Application/approval,Government Benefits :: Application/approval,3,0,0.0,0,3,,,,,,,,,,,
homosexual_people/government_benefits__benefit_retention_renewal.txt,homosexual_people__government_benefits__benefit_retention_renewal,What factors influence benefit retention / renewal for homosexual people in government benefits?,homosexual people,minority,Sexual Orientation,Government Benefits,Benefit retention / renewal,Government Benefits :: Benefit retention / renewal,12,4,0.3333333333333333,12,11,0.7888405621051788,0.21115943789482117,0.7888405323028564,0.21115946769714355,0.7903252243995667,0.20967477560043335,1.0,1.0,1.0,3.0,0.7272727272727273
homosexual_people/healthcare__insurance_coverage.txt,homosexual_people__healthcare__insurance_coverage,What factors influence insurance coverage for homosexual people in healthcare?,homosexual people,minority,Sexual Orientation,Healthcare,Insurance coverage,Healthcare :: Insurance coverage,7,3,0.42857142857142855,9,5,0.7682292461395264,0.23177075386047363,0.7682292461395264,0.23177075386047363,0.7513920068740845,0.24860799312591553,1.0,1.0,1.0,2.0,0.8
homosexual_people/healthcare__patient_safety.txt,homosexual_people__healthcare__patient_safety,What factors influence patient safety for homosexual people in healthcare?,homosexual people,minority,Sexual Orientation,Healthcare,Patient safety,Healthcare :: Patient safety,9,5,0.5555555555555556,15,3,0.7477977037429809,0.25220229625701907,0.7477977871894836,0.25220221281051636,0.7706136703491211,0.2293863296508789,1.0,1.0,1.0,2.0,0.6666666666666666
homosexual_people/healthcare__preventive_care.txt,homosexual_people__healthcare__preventive_care,What factors influence preventive care for homosexual people in healthcare?,homosexual people,minority,Sexual Orientation,Healthcare,Preventive care,Healthcare :: Preventive care,9,3,0.3333333333333333,9,4,0.7896349231402079,0.2103650768597921,0.7896349430084229,0.21036505699157715,0.7623789310455322,0.23762106895446777,1.0,1.0,1.0,2.0,0.75
homosexual_people/housing__access_to_housing.txt,homosexual_people__housing__access_to_housing,What factors influence access to housing for homosexual people in housing?,homosexual people,minority,Sexual Orientation,Housing,Access to housing,Housing :: Access to housing,10,7,0.7,21,5,0.8190530112811497,0.1809469887188503,0.8190529942512512,0.18094700574874878,0.8477036356925964,0.15229636430740356,1.0,1.0,1.0,2.0,0.6
homosexual_people/housing__homelessness.txt,homosexual_people__housing__homelessness,What factors influence homelessness for homosexual people in housing?,homosexual people,minority,Sexual Orientation,Housing,Homelessness,Housing :: Homelessness,10,8,0.8,24,5,0.8463536724448204,0.1536463275551796,0.8463537096977234,0.1536462903022766,0.890830397605896,0.109169602394104,1.0,1.0,1.0,4.0,0.4
homosexual_people/housing__housing_stability.txt,homosexual_people__housing__housing_stability,What factors influence housing stability for homosexual people in housing?,homosexual people,minority,Sexual Orientation,Housing,Housing stability,Housing :: Housing stability,6,3,0.5,9,4,0.8300408720970154,0.16995912790298462,0.8300408720970154,0.16995912790298462,0.8277662992477417,0.1722337007522583,1.0,1.0,1.0,1.0,1.0
latino_people/credit_and_financial_services__access_to_banking_services.txt,latino_people__credit_and_financial_services__access_to_banking_services,What factors influence access to banking services for Latino people in credit & financial services?,Latino people,minority,Ethnicity,Credit & Financial Services,Access to banking services,Credit & Financial Services :: Access to banking services,7,4,0.5714285714285714,12,4,0.7861049026250839,0.21389509737491608,0.7861049175262451,0.21389508247375488,0.7932703495025635,0.20672965049743652,1.0,1.0,1.0,3.0,0.5
latino_people/credit_and_financial_services__access_to_credit.txt,latino_people__credit_and_financial_services__access_to_credit,What factors influence access to credit for Latino people in credit & financial services?,Latino people,minority,Ethnicity,Credit & Financial Services,Access to credit,Credit & Financial Services :: Access to credit,7,6,0.8571428571428571,17,3,0.7881300548712412,0.21186994512875879,0.7843059301376343,0.21569406986236572,0.8211665153503418,0.1788334846496582,1.0,1.0,1.0,2.0,0.6666666666666666
latino_people/credit_and_financial_services__credit_loan_approval.txt,latino_people__credit_and_financial_services__credit_loan_approval,What factors influence credit/loan approval for Latino people in credit & financial services?,Latino people,minority,Ethnicity,Credit & Financial Services,Credit/loan approval,Credit & Financial Services :: Credit/loan approval,9,8,0.8888888888888888,24,5,0.7770909890532494,0.22290901094675064,0.7770909667015076,0.22290903329849243,0.78302401304245,0.21697598695755005,1.0,1.0,1.0,4.0,0.4
latino_people/criminal_justice__arrest_detention_by_police.txt,latino_people__criminal_justice__arrest_detention_by_police,What factors influence arrest / detention by police for Latino people in criminal justice?,Latino people,minority,Ethnicity,Criminal Justice,Arrest / detention by police,Criminal Justice :: Arrest / detention by police,5,3,0.6,9,5,0.7891722321510315,0.2108277678489685,0.7891722321510315,0.2108277678489685,0.7936001420021057,0.2063998579978943,1.0,1.0,1.0,1.0,1.0
latino_people/criminal_justice__incarceration.txt,latino_people__criminal_justice__incarceration,What factors influence incarceration for Latino people in criminal justice?,Latino people,minority,Ethnicity,Criminal Justice,Incarceration,Criminal Justice :: Incarceration,9,5,0.5555555555555556,15,4,0.7547266721725464,0.2452733278274536,0.7547265887260437,0.2452734112739563,0.7789378762245178,0.22106212377548218,1.0,1.0,1.0,2.0,0.75
latino_people/criminal_justice__police_use_of_force.txt,latino_people__criminal_justice__police_use_of_force,What factors influence police use of force for Latino people in criminal justice?,Latino people,minority,Ethnicity,Criminal Justice,Police use of force,Criminal Justice :: Police use of force,6,2,0.3333333333333333,6,5,0.78952956199646,0.21047043800354004,0.78952956199646,0.21047043800354004,0.7902529239654541,0.2097470760345459,1.0,1.0,1.0,2.0,0.8
latino_people/education__college_access_admission.txt,latino_people__education__college_access_admission,What factors influence college access/admission for Latino people in education?,Latino people,minority,Ethnicity,Education,College access/admission,Education :: College access/admission,8,6,0.75,18,5,0.759205162525177,0.240794837474823,0.759205162525177,0.240794837474823,0.7683690786361694,0.23163092136383057,1.0,1.0,1.0,4.0,0.4
latino_people/education__educational_opportunity_access.txt,latino_people__education__educational_opportunity_access,What factors influence educational opportunity/access for Latino people in education?,Latino people,minority,Ethnicity,Education,Educational opportunity/access,Education :: Educational opportunity/access,9,7,0.7777777777777778,21,5,0.7641974346978324,0.2358025653021676,0.7641974091529846,0.23580259084701538,0.789780855178833,0.210219144821167,1.0,1.0,1.0,3.0,0.6
latino_people/education__harassment_bullying.txt,latino_people__education__harassment_bullying,What factors influence harassment/bullying for Latino people in education?,Latino people,minority,Ethnicity,Education,Harassment/bullying,Education :: Harassment/bullying,5,2,0.4,5,5,0.7592174112796783,0.24078258872032166,0.7546013593673706,0.2453986406326294,0.7687015533447266,0.23129844665527344,1.0,1.0,1.0,2.0,0.6
latino_people/employment__career_advancement.txt,latino_people__employment__career_advancement,What factors influence career advancement for Latino people in employment?,Latino people,minority,Ethnicity,Employment,Career advancement,Employment :: Career advancement,6,3,0.5,9,4,0.761837899684906,0.238162100315094,0.7618378400802612,0.23816215991973877,0.7666212916374207,0.23337870836257935,1.0,1.0,1.0,3.0,0.5
latino_people/employment__hiring.txt,latino_people__employment__hiring,What factors influence hiring for Latino people in employment?,Latino people,minority,Ethnicity,Employment,Hiring,Employment :: Hiring,7,5,0.7142857142857143,15,4,0.7443288922309875,0.2556711077690125,0.7443287968635559,0.2556712031364441,0.7848976850509644,0.21510231494903564,1.0,1.0,1.0,4.0,0.25
latino_people/employment__workplace_harassment.txt,latino_people__employment__workplace_harassment,What factors influence workplace harassment for Latino people in employment?,Latino people,minority,Ethnicity,Employment,Workplace harassment,Employment :: Workplace harassment,7,5,0.7142857142857143,15,4,0.7820594668388366,0.21794053316116335,0.7820594310760498,0.2179405689239502,0.8088500499725342,0.19114995002746582,1.0,1.0,1.0,2.0,0.75
latino_people/government_benefits__access_to_government_benefits.txt,latino_people__government_benefits__access_to_government_benefits,What factors influence access to government benefits for Latino people in government benefits?,Latino people,minority,Ethnicity,Government Benefits,Access to government benefits,Government Benefits :: Access to government benefits,7,4,0.5714285714285714,12,4,0.7845903635025024,0.21540963649749756,0.7845904231071472,0.21540957689285278,0.8271529674530029,0.17284703254699707,1.0,1.0,1.0,2.0,0.75
latino_people/government_benefits__application_approval.txt,latino_people__government_benefits__application_approval,What factors influence application/approval for Latino people in government benefits?,Latino people,minority,Ethnicity,Government Benefits,Application/approval,Government Benefits :: Application/approval,15,10,0.6666666666666666,30,8,0.7659598171710968,0.23404018282890315,0.7659598588943481,0.23404014110565186,0.7792649269104004,0.2207350730895996,1.0,1.0,1.0,5.0,0.25
latino_people/government_benefits__benefit_retention_renewal.txt,latino_people__government_benefits__benefit_retention_renewal,What factors influence benefit retention / renewal for Latino people in government benefits?,Latino people,minority,Ethnicity,Government Benefits,Benefit retention / renewal,Government Benefits :: Benefit retention / renewal,18,9,0.5,27,10,0.7425607840220133,0.2574392159779867,0.7425608038902283,0.25743919610977173,0.7510004043579102,0.24899959564208984,1.0,1.0,1.0,6.0,0.3
latino_people/healthcare__insurance_coverage.txt,latino_people__healthcare__insurance_coverage,What factors influence insurance coverage for Latino people in healthcare?,Latino people,minority,Ethnicity,Healthcare,Insurance coverage,Healthcare :: Insurance coverage,4,3,0.75,8,5,0.7689605156580607,0.23103948434193933,0.7758625149726868,0.22413748502731323,0.7711151838302612,0.22888481616973877,1.0,1.0,1.0,2.0,0.8
latino_people/healthcare__patient_safety.txt,latino_people__healthcare__patient_safety,What factors influence patient safety for Latino people in healthcare?,Latino people,minority,Ethnicity,Healthcare,Patient safety,Healthcare :: Patient safety,10,3,0.3,9,5,0.7595934073130289,0.24040659268697107,0.7595934271812439,0.2404065728187561,0.7453593015670776,0.25464069843292236,1.0,0.8,1.0,2.0,0.75
latino_people/healthcare__preventive_care.txt,latino_people__healthcare__preventive_care,What factors influence preventive care for Latino people in healthcare?,Latino people,minority,Ethnicity,Healthcare,Preventive care,Healthcare :: Preventive care,7,3,0.42857142857142855,9,4,0.7509979605674744,0.24900203943252563,0.7509980201721191,0.24900197982788086,0.7880723476409912,0.2119276523590088,1.0,1.0,1.0,1.0,1.0
latino_people/housing__access_to_housing.txt,latino_people__housing__access_to_housing,What factors influence access to housing for Latino people in housing?,Latino people,minority,Ethnicity,Housing,Access to housing,Housing :: Access to housing,10,6,0.6,18,7,0.7766544818878174,0.22334551811218262,0.7766544818878174,0.22334551811218262,0.811538577079773,0.18846142292022705,1.0,1.0,1.0,4.0,0.5714285714285714
latino_people/housing__homelessness.txt,latino_people__housing__homelessness,What factors influence homelessness for Latino people in housing?,Latino people,minority,Ethnicity,Housing,Homelessness,Housing :: Homelessness,9,7,0.7777777777777778,21,5,0.7627099667276654,0.23729003327233456,0.76270991563797,0.23729008436203003,0.7990432977676392,0.20095670223236084,1.0,1.0,1.0,3.0,0.4
latino_people/housing__housing_stability.txt,latino_people__housing__housing_stability,What factors influence housing stability for Latino people in housing?,Latino people,minority,Ethnicity,Housing,Housing stability,Housing :: Housing stability,8,4,0.5,12,6,0.7677890062332153,0.23221099376678467,0.7677889466285706,0.23221105337142944,0.7790520191192627,0.2209479808807373,1.0,1.0,1.0,2.0,0.8333333333333334
men/credit_and_financial_services__access_to_banking_services.txt,men__credit_and_financial_services__access_to_banking_services,What factors influence access to banking services for Men in credit & financial services?,Men,majority,Gender,Credit & Financial Services,Access to banking services,Credit & Financial Services :: Access to banking services,10,4,0.4,12,5,0.7146882265806198,0.2853117734193802,0.714688241481781,0.285311758518219,0.7307626605033875,0.26923733949661255,0.9166666666666666,1.0,1.0,4.0,0.4
men/credit_and_financial_services__access_to_credit.txt,men__credit_and_financial_services__access_to_credit,What factors influence access to credit for Men in credit & financial services?,Men,majority,Gender,Credit & Financial Services,Access to credit,Credit & Financial Services :: Access to credit,4,4,1.0,12,4,0.7191546559333801,0.2808453440666199,0.7191547751426697,0.2808452248573303,0.7769650220870972,0.22303497791290283,0.75,1.0,0.75,3.0,0.5
men/credit_and_financial_services__credit_loan_approval.txt,men__credit_and_financial_services__credit_loan_approval,What factors influence credit/loan approval for Men in credit & financial services?,Men,majority,Gender,Credit & Financial Services,Credit/loan approval,Credit & Financial Services :: Credit/loan approval,9,6,0.6666666666666666,16,5,0.7643652757008871,0.23563472429911292,0.7618778347969055,0.23812216520309448,0.7839078307151794,0.21609216928482056,1.0,1.0,1.0,5.0,0.2
men/criminal_justice__arrest_detention_by_police.txt,men__criminal_justice__arrest_detention_by_police,What factors influence arrest / detention by police for Men in criminal justice?,Men,majority,Gender,Criminal Justice,Arrest / detention by police,Criminal Justice :: Arrest / detention by police,7,2,0.2857142857142857,6,8,0.7239930629730225,0.27600693702697754,0.7239930033683777,0.2760069966316223,0.6868906021118164,0.3131093978881836,1.0,0.75,1.0,2.0,0.6666666666666666
men/criminal_justice__incarceration.txt,men__criminal_justice__incarceration,What factors influence incarceration for Men in criminal justice?,Men,majority,Gender,Criminal Justice,Incarceration,Criminal Justice :: Incarceration,9,7,0.7777777777777778,21,8,0.7275456530707223,0.2724543469292777,0.7275456190109253,0.2724543809890747,0.75666743516922,0.24333256483078003,1.0,1.0,1.0,2.0,0.75
men/criminal_justice__police_use_of_force.txt,men__criminal_justice__police_use_of_force,What factors influence police use of force for Men in criminal justice?,Men,majority,Gender,Criminal Justice,Police use of force,Criminal Justice :: Police use of force,7,0,0.0,0,7,,,,,,,,,,,
men/education__college_access_admission.txt,men__education__college_access_admission,What factors influence college access/admission for Men in education?,Men,majority,Gender,Education,College access/admission,Education :: College access/admission,10,6,0.6,18,7,0.7563478052616119,0.24365219473838806,0.7563478350639343,0.24365216493606567,0.7674657106399536,0.2325342893600464,1.0,1.0,1.0,2.0,0.5714285714285714
men/education__educational_opportunity_access.txt,men__education__educational_opportunity_access,What factors influence educational opportunity/access for Men in education?,Men,majority,Gender,Education,Educational opportunity/access,Education :: Educational opportunity/access,7,2,0.2857142857142857,6,4,0.7317460775375366,0.2682539224624634,0.7317460179328918,0.26825398206710815,0.7368922233581543,0.2631077766418457,1.0,1.0,1.0,2.0,0.75
men/education__harassment_bullying.txt,men__education__harassment_bullying,What factors influence harassment/bullying for Men in education?,Men,majority,Gender,Education,Harassment/bullying,Education :: Harassment/bullying,8,6,0.75,18,3,0.7729713022708893,0.22702869772911072,0.7729712724685669,0.2270287275314331,0.8045528531074524,0.1954471468925476,1.0,1.0,1.0,2.0,0.6666666666666666
men/employment__career_advancement.txt,men__employment__career_advancement,What factors influence career advancement for Men in employment?,Men,majority,Gender,Employment,Career advancement,Employment :: Career advancement,3,3,1.0,9,3,0.7453946073849996,0.25460539261500037,0.7453945875167847,0.25460541248321533,0.7867984175682068,0.2132015824317932,1.0,1.0,1.0,2.0,0.6666666666666666
men/employment__hiring.txt,men__employment__hiring,What factors influence hiring for Men in employment?,Men,majority,Gender,Employment,Hiring,Employment :: Hiring,8,5,0.625,15,5,0.7647946596145629,0.23520534038543706,0.7647945880889893,0.23520541191101074,0.7841499447822571,0.21585005521774292,1.0,1.0,1.0,4.0,0.4
men/employment__workplace_harassment.txt,men__employment__workplace_harassment,What factors influence workplace harassment for Men in employment?,Men,majority,Gender,Employment,Workplace harassment,Employment :: Workplace harassment,9,5,0.5555555555555556,15,5,0.7845381021499633,0.21546189785003667,0.7845380902290344,0.21546190977096558,0.8042742013931274,0.19572579860687256,1.0,1.0,1.0,3.0,0.4
men/government_benefits__access_to_government_benefits.txt,men__government_benefits__access_to_government_benefits,What factors influence access to government benefits for Men in government benefits?,Men,majority,Gender,Government Benefits,Access to government benefits,Government Benefits :: Access to government benefits,8,4,0.5,12,6,0.7180854827165604,0.28191451728343964,0.718085527420044,0.28191447257995605,0.6696687340736389,0.3303312659263611,1.0,0.6666666666666666,1.0,2.0,0.75
men/government_benefits__application_approval.txt,men__government_benefits__application_approval,What factors influence application/approval for Men in government benefits?,Men,majority,Gender,Government Benefits,Application/approval,Government Benefits :: Application/approval,7,2,0.2857142857142857,6,4,0.7483271360397339,0.2516728639602661,0.7483270764350891,0.2516729235649109,0.7715470194816589,0.22845298051834106,1.0,1.0,1.0,2.0,0.75
men/government_benefits__benefit_retention_renewal.txt,men__government_benefits__benefit_retention_renewal,What factors influence benefit retention / renewal for Men in government benefits?,Men,majority,Gender,Government Benefits,Benefit retention / renewal,Government Benefits :: Benefit retention / renewal,3,3,1.0,9,9,0.6861847043037415,0.31381529569625854,0.6861846446990967,0.3138153553009033,0.7155424356460571,0.28445756435394287,0.7777777777777778,0.8888888888888888,1.0,2.0,0.875
men/healthcare__insurance_coverage.txt,men__healthcare__insurance_coverage,What factors influence insurance coverage for Men in healthcare?,Men,majority,Gender,Healthcare,Insurance coverage,Healthcare :: Insurance coverage,7,4,0.5714285714285714,12,4,0.7584562450647354,0.2415437549352646,0.758456289768219,0.241543710231781,0.7582991719245911,0.24170082807540894,1.0,1.0,1.0,3.0,0.5
men/healthcare__patient_safety.txt,men__healthcare__patient_safety,What factors influence patient safety for Men in healthcare?,Men,majority,Gender,Healthcare,Patient safety,Healthcare :: Patient safety,12,8,0.6666666666666666,24,6,0.7438697963953018,0.2561302036046982,0.7438697814941406,0.2561302185058594,0.7767832279205322,0.22321677207946777,0.9583333333333334,1.0,1.0,3.0,0.5
men/healthcare__preventive_care.txt,men__healthcare__preventive_care,What factors influence preventive care for Men in healthcare?,Men,majority,Gender,Healthcare,Preventive care,Healthcare :: Preventive care,6,3,0.5,9,4,0.6942007541656494,0.3057992458343506,0.6942007541656494,0.3057992458343506,0.7142481803894043,0.2857518196105957,0.8888888888888888,1.0,1.0,1.0,1.0
men/housing__access_to_housing.txt,men__housing__access_to_housing,What factors influence access to housing for Men in housing?,Men,majority,Gender,Housing,Access to housing,Housing :: Access to housing,9,4,0.4444444444444444,12,5,0.75823575258255,0.24176424741744995,0.75823575258255,0.24176424741744995,0.7678970098495483,0.23210299015045166,1.0,1.0,1.0,3.0,0.4
men/housing__homelessness.txt,men__housing__homelessness,What factors influence homelessness for Men in housing?,Men,majority,Gender,Housing,Homelessness,Housing :: Homelessness,9,7,0.7777777777777778,21,3,0.7583987627710614,0.24160123722893856,0.7583987712860107,0.24160122871398926,0.7915077209472656,0.20849227905273438,1.0,1.0,1.0,3.0,0.3333333333333333
men/housing__housing_stability.txt,men__housing__housing_stability,What factors influence housing stability for Men in housing?,Men,majority,Gender,Housing,Housing stability,Housing :: Housing stability,7,6,0.8571428571428571,18,5,0.7675453821818033,0.23245461781819665,0.7675454020500183,0.2324545979499817,0.783516526222229,0.216483473777771,1.0,1.0,1.0,3.0,0.4
non_latino_people/credit_and_financial_services__access_to_banking_services.txt,non_latino_people__credit_and_financial_services__access_to_banking_services,What factors influence access to banking services for non-Latino people in credit & financial services?,non-Latino people,majority,Ethnicity,Credit & Financial Services,Access to banking services,Credit & Financial Services :: Access to banking services,4,1,0.25,3,3,0.6552091240882874,0.34479087591171265,0.6552091240882874,0.34479087591171265,0.6137545108795166,0.3862454891204834,0.6666666666666666,0.6666666666666666,1.0,1.0,1.0
non_latino_people/credit_and_financial_services__access_to_credit.txt,non_latino_people__credit_and_financial_services__access_to_credit,What factors influence access to credit for non-Latino people in credit & financial services?,non-Latino people,majority,Ethnicity,Credit & Financial Services,Access to credit,Credit & Financial Services :: Access to credit,3,0,0.0,0,4,,,,,,,,,,,
non_latino_people/credit_and_financial_services__credit_loan_approval.txt,non_latino_people__credit_and_financial_services__credit_loan_approval,What factors influence credit/loan approval for non-Latino people in credit & financial services?,non-Latino people,majority,Ethnicity,Credit & Financial Services,Credit/loan approval,Credit & Financial Services :: Credit/loan approval,7,3,0.42857142857142855,9,3,0.7031557957331339,0.2968442042668661,0.7031558156013489,0.2968441843986511,0.7014724612236023,0.2985275387763977,0.8888888888888888,0.6666666666666666,1.0,2.0,0.5
non_latino_people/criminal_justice__arrest_detention_by_police.txt,non_latino_people__criminal_justice__arrest_detention_by_police,What factors influence arrest / detention by police for non-Latino people in criminal justice?,non-Latino people,majority,Ethnicity,Criminal Justice,Arrest / detention by police,Criminal Justice :: Arrest / detention by police,6,3,0.5,9,4,0.764522393544515,0.235477606455485,0.7645223736763,0.23547762632369995,0.8228126764297485,0.17718732357025146,1.0,1.0,1.0,2.0,0.75
non_latino_people/criminal_justice__incarceration.txt,non_latino_people__criminal_justice__incarceration,What factors influence incarceration for non-Latino people in criminal justice?,non-Latino people,majority,Ethnicity,Criminal Justice,Incarceration,Criminal Justice :: Incarceration,5,3,0.6,9,4,0.7714541753133138,0.22854582468668616,0.7714541554450989,0.22854584455490112,0.7799556255340576,0.22004437446594238,1.0,1.0,1.0,2.0,0.75
non_latino_people/criminal_justice__police_use_of_force.txt,non_latino_people__criminal_justice__police_use_of_force,What factors influence police use of force for non-Latino people in criminal justice?,non-Latino people,majority,Ethnicity,Criminal Justice,Police use of force,Criminal Justice :: Police use of force,7,3,0.42857142857142855,9,4,0.8157342076301575,0.18426579236984253,0.8157341480255127,0.1842658519744873,0.792402982711792,0.207597017288208,1.0,1.0,1.0,3.0,0.5
non_latino_people/education__college_access_admission.txt,non_latino_people__education__college_access_admission,What factors influence college access/admission for non-Latino people in education?,non-Latino people,majority,Ethnicity,Education,College access/admission,Education :: College access/admission,16,13,0.8125,39,12,0.7628215643075796,0.23717843569242036,0.762821614742279,0.23717838525772095,0.7825528979301453,0.21744710206985474,1.0,1.0,1.0,6.0,0.4166666666666667
non_latino_people/education__educational_opportunity_access.txt,non_latino_people__education__educational_opportunity_access,What factors influence educational opportunity/access for non-Latino people in education?,non-Latino people,majority,Ethnicity,Education,Educational opportunity/access,Education :: Educational opportunity/access,6,5,0.8333333333333334,15,4,0.7179159760475159,0.2820840239524841,0.717915952205658,0.28208404779434204,0.7270350456237793,0.2729649543762207,0.9333333333333333,1.0,1.0,2.0,0.75
non_latino_people/education__harassment_bullying.txt,non_latino_people__education__harassment_bullying,What factors influence harassment/bullying for non-Latino people in education?,non-Latino people,majority,Ethnicity,Education,Harassment/bullying,Education :: Harassment/bullying,6,1,0.16666666666666666,3,4,0.77073734998703,0.22926265001296997,0.77073734998703,0.22926265001296997,0.7406773567199707,0.2593226432800293,1.0,1.0,1.0,1.0,1.0
non_latino_people/employment__career_advancement.txt,non_latino_people__employment__career_advancement,What factors influence career advancement for non-Latino people in employment?,non-Latino people,majority,Ethnicity,Employment,Career advancement,Employment :: Career advancement,2,0,0.0,0,3,,,,,,,,,,,
non_latino_people/employment__hiring.txt,non_latino_people__employment__hiring,What factors influence hiring for non-Latino people in employment?,non-Latino people,majority,Ethnicity,Employment,Hiring,Employment :: Hiring,15,7,0.4666666666666667,21,9,0.7807400311742511,0.21925996882574894,0.7807400226593018,0.21925997734069824,0.7813980579376221,0.21860194206237793,1.0,1.0,1.0,4.0,0.3333333333333333
non_latino_people/employment__workplace_harassment.txt,non_latino_people__employment__workplace_harassment,What factors influence workplace harassment for non-Latino people in employment?,non-Latino people,majority,Ethnicity,Employment,Workplace harassment,Employment :: Workplace harassment,2,1,0.5,3,4,0.7602431178092957,0.23975688219070435,0.7602431178092957,0.23975688219070435,0.7418360710144043,0.2581639289855957,1.0,1.0,1.0,1.0,1.0
non_latino_people/government_benefits__access_to_government_benefits.txt,non_latino_people__government_benefits__access_to_government_benefits,What factors influence access to government benefits for non-Latino people in government benefits?,non-Latino people,majority,Ethnicity,Government Benefits,Access to government benefits,Government Benefits :: Access to government benefits,8,3,0.375,9,4,0.7454709609349569,0.2545290390650431,0.7454709410667419,0.25452905893325806,0.7588422894477844,0.24115771055221558,1.0,1.0,1.0,1.0,1.0
non_latino_people/government_benefits__application_approval.txt,non_latino_people__government_benefits__application_approval,What factors influence application/approval for non-Latino people in government benefits?,non-Latino people,majority,Ethnicity,Government Benefits,Application/approval,Government Benefits :: Application/approval,6,2,0.3333333333333333,6,4,0.7600918412208557,0.2399081587791443,0.7600919604301453,0.23990803956985474,0.7631077766418457,0.2368922233581543,1.0,1.0,1.0,2.0,0.5
non_latino_people/government_benefits__benefit_retention_renewal.txt,non_latino_people__government_benefits__benefit_retention_renewal,What factors influence benefit retention / renewal for non-Latino people in government benefits?,non-Latino people,majority,Ethnicity,Government Benefits,Benefit retention / renewal,Government Benefits :: Benefit retention / renewal,17,7,0.4117647058823529,21,12,0.8064537559236798,0.19354624407632015,0.8064538240432739,0.19354617595672607,0.7850005030632019,0.2149994969367981,1.0,1.0,1.0,5.0,0.25
non_latino_people/healthcare__insurance_coverage.txt,non_latino_people__healthcare__insurance_coverage,What factors influence insurance coverage for non-Latino people in healthcare?,non-Latino people,majority,Ethnicity,Healthcare,Insurance coverage,Healthcare :: Insurance coverage,6,2,0.3333333333333333,6,4,0.7482898235321045,0.2517101764678955,0.7482898235321045,0.2517101764678955,0.7311455011367798,0.2688544988632202,1.0,1.0,1.0,1.0,1.0
non_latino_people/healthcare__patient_safety.txt,non_latino_people__healthcare__patient_safety,What factors influence patient safety for non-Latino people in healthcare?,non-Latino people,majority,Ethnicity,Healthcare,Patient safety,Healthcare :: Patient safety,4,1,0.25,3,4,0.7747834324836731,0.2252165675163269,0.7747834324836731,0.2252165675163269,0.7402563095092773,0.25974369049072266,1.0,0.75,1.0,1.0,1.0
non_latino_people/healthcare__preventive_care.txt,non_latino_people__healthcare__preventive_care,What factors influence preventive care for non-Latino people in healthcare?,non-Latino people,majority,Ethnicity,Healthcare,Preventive care,Healthcare :: Preventive care,3,0,0.0,0,5,,,,,,,,,,,
non_latino_people/housing__access_to_housing.txt,non_latino_people__housing__access_to_housing,What factors influence access to housing for non-Latino people in housing?,non-Latino people,majority,Ethnicity,Housing,Access to housing,Housing :: Access to housing,5,2,0.4,6,4,0.774755984544754,0.22524401545524597,0.7747559547424316,0.22524404525756836,0.7941045165061951,0.20589548349380493,1.0,1.0,1.0,2.0,0.5
non_latino_people/housing__homelessness.txt,non_latino_people__housing__homelessness,What factors influence homelessness for non-Latino people in housing?,non-Latino people,majority,Ethnicity,Housing,Homelessness,Housing :: Homelessness,5,2,0.4,6,4,0.7295889556407928,0.27041104435920715,0.7295889258384705,0.27041107416152954,0.7049531936645508,0.2950468063354492,1.0,0.75,1.0,1.0,1.0
non_latino_people/housing__housing_stability.txt,non_latino_people__housing__housing_stability,What factors influence housing stability for non-Latino people in housing?,non-Latino people,majority,Ethnicity,Housing,Housing stability,Housing :: Housing stability,6,2,0.3333333333333333,6,4,0.7185767889022827,0.2814232110977173,0.7185767292976379,0.28142327070236206,0.7165976762771606,0.28340232372283936,0.8333333333333334,1.0,1.0,1.0,1.0
people/credit_and_financial_services__access_to_banking_services.txt,people__credit_and_financial_services__access_to_banking_services,What factors influence access to banking services for people in credit & financial services?,people,control,Control,Credit & Financial Services,Access to banking services,Credit & Financial Services :: Access to banking services,10,3,0.3,9,8,0.6992455919583639,0.3007544080416361,0.6992455720901489,0.3007544279098511,0.6173286437988281,0.3826713562011719,0.7777777777777778,0.125,1.0,1.0,1.0
people/credit_and_financial_services__access_to_credit.txt,people__credit_and_financial_services__access_to_credit,What factors influence access to credit for people in credit & financial services?,people,control,Control,Credit & Financial Services,Access to credit,Credit & Financial Services :: Access to credit,7,5,0.7142857142857143,15,5,0.7573255658149719,0.2426744341850281,0.7573255300521851,0.24267446994781494,0.780209481716156,0.219790518283844,1.0,1.0,1.0,3.0,0.4
people/credit_and_financial_services__credit_loan_approval.txt,people__credit_and_financial_services__credit_loan_approval,What factors influence credit/loan approval for people in credit & financial services?,people,control,Control,Credit & Financial Services,Credit/loan approval,Credit & Financial Services :: Credit/loan approval,8,7,0.875,21,5,0.7354636362620762,0.2645363637379238,0.7354636192321777,0.26453638076782227,0.7283451557159424,0.2716548442840576,0.8571428571428571,1.0,0.8571428571428571,4.0,0.4
people/criminal_justice__arrest_detention_by_police.txt,people__criminal_justice__arrest_detention_by_police,What factors influence arrest / detention by police for people in criminal justice?,people,control,Control,Criminal Justice,Arrest / detention by police,Criminal Justice :: Arrest / detention by police,9,3,0.3333333333333333,9,4,0.771442711353302,0.228557288646698,0.771442711353302,0.228557288646698,0.8032591342926025,0.19674086570739746,1.0,1.0,1.0,3.0,0.5
people/criminal_justice__incarceration.txt,people__criminal_justice__incarceration,What factors influence incarceration for people in criminal justice?,people,control,Control,Criminal Justice,Incarceration,Criminal Justice :: Incarceration,9,5,0.5555555555555556,15,5,0.7129448652267456,0.2870551347732544,0.7129448652267456,0.2870551347732544,0.745303750038147,0.254696249961853,0.9333333333333333,1.0,1.0,3.0,0.6
people/criminal_justice__police_use_of_force.txt,people__criminal_justice__police_use_of_force,What factors influence police use of force for people in criminal justice?,people,control,Control,Criminal Justice,Police use of force,Criminal Justice :: Police use of force,8,4,0.5,12,5,0.6801434904336929,0.31985650956630707,0.680143415927887,0.31985658407211304,0.7049094438552856,0.29509055614471436,0.75,0.8,0.75,2.0,0.5
people/education__college_access_admission.txt,people__education__college_access_admission,What factors influence college access/admission for people in education?,people,control,Control,Education,College access/admission,Education :: College access/admission,8,6,0.75,18,4,0.7268245021502177,0.27317549784978234,0.7268245220184326,0.2731754779815674,0.7843870520591736,0.21561294794082642,0.9444444444444444,1.0,1.0,3.0,0.5
people/education__educational_opportunity_access.txt,people__education__educational_opportunity_access,What factors influence educational opportunity/access for people in education?,people,control,Control,Education,Educational opportunity/access,Education :: Educational opportunity/access,10,4,0.4,12,4,0.7134227007627487,0.2865772992372513,0.7134227156639099,0.2865772843360901,0.7594269514083862,0.24057304859161377,0.9166666666666666,1.0,1.0,2.0,0.75
people/education__harassment_bullying.txt,people__education__harassment_bullying,What factors influence harassment/bullying for people in education?,people,control,Control,Education,Harassment/bullying,Education :: Harassment/bullying,11,6,0.5454545454545454,18,5,0.7576463222503662,0.2423536777496338,0.757646381855011,0.242353618144989,0.8020032048225403,0.19799679517745972,1.0,1.0,1.0,3.0,0.4
people/employment__career_advancement.txt,people__employment__career_advancement,What factors influence career advancement for people in employment?,people,control,Control,Employment,Career advancement,Employment :: Career advancement,5,2,0.4,6,3,0.6689777970314026,0.3310222029685974,0.6689777970314026,0.3310222029685974,0.6967714428901672,0.30322855710983276,0.6666666666666666,1.0,1.0,1.0,1.0
people/employment__hiring.txt,people__employment__hiring,What factors influence hiring for people in employment?,people,control,Control,Employment,Hiring,Employment :: Hiring,8,4,0.5,12,4,0.6900045275688171,0.30999547243118286,0.6900045275688171,0.30999547243118286,0.7046250104904175,0.2953749895095825,1.0,0.75,1.0,2.0,0.6666666666666666
people/employment__workplace_harassment.txt,people__employment__workplace_harassment,What factors influence workplace harassment for people in employment?,people,control,Control,Employment,Workplace harassment,Employment :: Workplace harassment,7,3,0.42857142857142855,9,5,0.7890303134918213,0.2109696865081787,0.7890303134918213,0.2109696865081787,0.7464955449104309,0.2535044550895691,1.0,0.8,1.0,2.0,0.75
people/government_benefits__access_to_government_benefits.txt,people__government_benefits__access_to_government_benefits,What factors influence access to government benefits for people in government benefits?,people,control,Control,Government Benefits,Access to government benefits,Government Benefits :: Access to government benefits,7,2,0.2857142857142857,6,4,0.715736985206604,0.284263014793396,0.7157370448112488,0.2842629551887512,0.7138785719871521,0.2861214280128479,1.0,0.75,1.0,1.0,1.0
people/government_benefits__application_approval.txt,people__government_benefits__application_approval,What factors influence application/approval for people in government benefits?,people,control,Control,Government Benefits,Application/approval,Government Benefits :: Application/approval,7,1,0.14285714285714285,3,3,0.6919119358062744,0.3080880641937256,0.6919119358062744,0.3080880641937256,0.6619505882263184,0.33804941177368164,1.0,0.3333333333333333,1.0,1.0,1.0
people/government_benefits__benefit_retention_renewal.txt,people__government_benefits__benefit_retention_renewal,What factors influence benefit retention / renewal for people in government benefits?,people,control,Control,Government Benefits,Benefit retention / renewal,Government Benefits :: Benefit retention / renewal,2,1,0.5,3,3,0.7427139282226562,0.25728607177734375,0.7427139282226562,0.25728607177734375,0.6895179152488708,0.31048208475112915,1.0,0.6666666666666666,1.0,1.0,1.0
people/healthcare__insurance_coverage.txt,people__healthcare__insurance_coverage,What factors influence insurance coverage for people in healthcare?,people,control,Control,Healthcare,Insurance coverage,Healthcare :: Insurance coverage,7,4,0.5714285714285714,12,4,0.7730402648448944,0.2269597351551056,0.7730402946472168,0.2269597053527832,0.7772959470748901,0.22270405292510986,1.0,1.0,1.0,2.0,0.5
people/healthcare__patient_safety.txt,people__healthcare__patient_safety,What factors influence patient safety for people in healthcare?,people,control,Control,Healthcare,Patient safety,Healthcare :: Patient safety,11,7,0.6363636363636364,21,7,0.7691634212221418,0.23083657877785824,0.7691634297370911,0.23083657026290894,0.7819412350654602,0.2180587649345398,1.0,1.0,1.0,4.0,0.42857142857142855
people/healthcare__preventive_care.txt,people__healthcare__preventive_care,What factors influence preventive care for people in healthcare?,people,control,Control,Healthcare,Preventive care,Healthcare :: Preventive care,9,6,0.6666666666666666,18,4,0.726853479941686,0.27314652005831397,0.7268534898757935,0.27314651012420654,0.7226992249488831,0.27730077505111694,0.9444444444444444,0.75,1.0,1.0,1.0
people/housing__access_to_housing.txt,people__housing__access_to_housing,What factors influence access to housing for people in housing?,people,control,Control,Housing,Access to housing,Housing :: Access to housing,12,9,0.75,27,7,0.7533137334717644,0.24668626652823555,0.7533137202262878,0.24668627977371216,0.7863010168075562,0.21369898319244385,1.0,1.0,1.0,5.0,0.2857142857142857
people/housing__homelessness.txt,people__housing__homelessness,What factors influence homelessness for people in housing?,people,control,Control,Housing,Homelessness,Housing :: Homelessness,11,9,0.8181818181818182,27,5,0.7472078932656182,0.2527921067343818,0.7472079396247864,0.2527920603752136,0.7709790468215942,0.22902095317840576,1.0,1.0,1.0,4.0,0.4
people/housing__housing_stability.txt,people__housing__housing_stability,What factors influence housing stability for people in housing?,people,control,Control,Housing,Housing stability,Housing :: Housing stability,10,6,0.6,18,9,0.7056707243124644,0.29432927568753564,0.7056707143783569,0.29432928562164307,0.603104829788208,0.396895170211792,0.9444444444444444,0.2222222222222222,1.0,2.0,0.5
people_with_disabilities/credit_and_financial_services__access_to_banking_services.txt,people_with_disabilities__credit_and_financial_services__access_to_banking_services,What factors influence access to banking services for People with disabilities in credit & financial services?,People with disabilities,minority,Disability,Credit & Financial Services,Access to banking services,Credit & Financial Services :: Access to banking services,12,7,0.5833333333333334,21,5,0.7571138739585876,0.24288612604141235,0.7571139335632324,0.24288606643676758,0.777522623538971,0.22247737646102905,1.0,1.0,1.0,3.0,0.4
people_with_disabilities/credit_and_financial_services__access_to_credit.txt,people_with_disabilities__credit_and_financial_services__access_to_credit,What factors influence access to credit for People with disabilities in credit & financial services?,People with disabilities,minority,Disability,Credit & Financial Services,Access to credit,Credit & Financial Services :: Access to credit,9,5,0.5555555555555556,15,4,0.7478150606155396,0.2521849393844604,0.7478150725364685,0.2521849274635315,0.7748464345932007,0.22515356540679932,1.0,1.0,1.0,3.0,0.5
people_with_disabilities/credit_and_financial_services__credit_loan_approval.txt,people_with_disabilities__credit_and_financial_services__credit_loan_approval,What factors influence credit/loan approval for People with disabilities in credit & financial services?,People with disabilities,minority,Disability,Credit & Financial Services,Credit/loan approval,Credit & Financial Services :: Credit/loan approval,5,3,0.6,9,4,0.7426726420720419,0.25732735792795813,0.7426726222038269,0.2573273777961731,0.7707847952842712,0.22921520471572876,0.8888888888888888,1.0,1.0,2.0,0.75
people_with_disabilities/criminal_justice__arrest_detention_by_police.txt,people_with_disabilities__criminal_justice__arrest_detention_by_police,What factors influence arrest / detention by police for People with disabilities in criminal justice?,People with disabilities,minority,Disability,Criminal Justice,Arrest / detention by police,Criminal Justice :: Arrest / detention by police,5,3,0.6,9,4,0.7423969109853109,0.2576030890146891,0.742396891117096,0.25760310888290405,0.7688952684402466,0.23110473155975342,0.8888888888888888,1.0,1.0,3.0,0.5
people_with_disabilities/criminal_justice__incarceration.txt,people_with_disabilities__criminal_justice__incarceration,What factors influence incarceration for People with disabilities in criminal justice?,People with disabilities,minority,Disability,Criminal Justice,Incarceration,Criminal Justice :: Incarceration,11,7,0.6363636363636364,21,7,0.7717763611248561,0.22822363887514385,0.7717763185501099,0.22822368144989014,0.7749806046485901,0.2250193953514099,1.0,1.0,1.0,4.0,0.42857142857142855
people_with_disabilities/criminal_justice__police_use_of_force.txt,people_with_disabilities__criminal_justice__police_use_of_force,What factors influence police use of force for People with disabilities in criminal justice?,People with disabilities,minority,Disability,Criminal Justice,Police use of force,Criminal Justice :: Police use of force,8,2,0.25,6,4,0.7474405467510223,0.25255945324897766,0.7474405169487,0.25255948305130005,0.753225564956665,0.24677443504333496,1.0,1.0,1.0,2.0,0.5
people_with_disabilities/education__college_access_admission.txt,people_with_disabilities__education__college_access_admission,What factors influence college access/admission for People with disabilities in education?,People with disabilities,minority,Disability,Education,College access/admission,Education :: College access/admission,12,5,0.4166666666666667,15,6,0.7530679821968078,0.24693201780319218,0.7530680894851685,0.24693191051483154,0.7887358665466309,0.21126413345336914,1.0,1.0,1.0,3.0,0.6666666666666666
people_with_disabilities/education__educational_opportunity_access.txt,people_with_disabilities__education__educational_opportunity_access,What factors influence educational opportunity/access for People with disabilities in education?,People with disabilities,minority,Disability,Education,Educational opportunity/access,Education :: Educational opportunity/access,13,6,0.46153846153846156,18,5,0.7264290849367777,0.2735709150632223,0.7264291048049927,0.2735708951950073,0.7507285475730896,0.2492714524269104,1.0,1.0,1.0,3.0,0.4
people_with_disabilities/education__harassment_bullying.txt,people_with_disabilities__education__harassment_bullying,What factors influence harassment/bullying for People with disabilities in education?,People with disabilities,minority,Disability,Education,Harassment/bullying,Education :: Harassment/bullying,6,2,0.3333333333333333,6,4,0.79917311668396,0.20082688331604004,0.79917311668396,0.20082688331604004,0.8035063147544861,0.19649368524551392,1.0,1.0,1.0,2.0,0.75
people_with_disabilities/employment__career_advancement.txt,people_with_disabilities__employment__career_advancement,What factors influence career advancement for People with disabilities in employment?,People with disabilities,minority,Disability,Employment,Career advancement,Employment :: Career advancement,7,4,0.5714285714285714,12,4,0.724203959107399,0.275796040892601,0.724203884601593,0.275796115398407,0.7440308332443237,0.25596916675567627,1.0,1.0,1.0,2.0,0.75
people_with_disabilities/employment__hiring.txt,people_with_disabilities__employment__hiring,What factors influence hiring for People with disabilities in employment?,People with disabilities,minority,Disability,Employment,Hiring,Employment :: Hiring,7,4,0.5714285714285714,12,4,0.736257940530777,0.263742059469223,0.7362578511238098,0.2637421488761902,0.7741590142250061,0.2258409857749939,0.9166666666666666,1.0,1.0,2.0,0.75
people_with_disabilities/employment__workplace_harassment.txt,people_with_disabilities__employment__workplace_harassment,What factors influence workplace harassment for People with disabilities in employment?,People with disabilities,minority,Disability,Employment,Workplace harassment,Employment :: Workplace harassment,8,3,0.375,9,5,0.7307240962982178,0.2692759037017822,0.7307240962982178,0.2692759037017822,0.7507044076919556,0.24929559230804443,1.0,1.0,1.0,3.0,0.4
people_with_disabilities/government_benefits__access_to_government_benefits.txt,people_with_disabilities__government_benefits__access_to_government_benefits,What factors influence access to government benefits for People with disabilities in government benefits?,People with disabilities,minority,Disability,Government Benefits,Access to government benefits,Government Benefits :: Access to government benefits,7,5,0.7142857142857143,15,5,0.7095476984977722,0.2904523015022278,0.709547758102417,0.290452241897583,0.7002593278884888,0.29974067211151123,0.9333333333333333,0.8,1.0,2.0,0.75
people_with_disabilities/government_benefits__application_approval.txt,people_with_disabilities__government_benefits__application_approval,What factors influence application/approval for People with disabilities in government benefits?,People with disabilities,minority,Disability,Government Benefits,Application/approval,Government Benefits :: Application/approval,9,7,0.7777777777777778,21,4,0.7544477156230381,0.24555228437696186,0.7544476985931396,0.24555230140686035,0.8087939023971558,0.19120609760284424,1.0,1.0,1.0,3.0,0.5
people_with_disabilities/government_benefits__benefit_retention_renewal.txt,people_with_disabilities__government_benefits__benefit_retention_renewal,What factors influence benefit retention / renewal for People with disabilities in government benefits?,People with disabilities,minority,Disability,Government Benefits,Benefit retention / renewal,Government Benefits :: Benefit retention / renewal,14,9,0.6428571428571429,27,9,0.7152652674251132,0.2847347325748868,0.7152652144432068,0.2847347855567932,0.7457721829414368,0.25422781705856323,0.9629629629629629,1.0,1.0,6.0,0.3333333333333333
people_with_disabilities/healthcare__insurance_coverage.txt,people_with_disabilities__healthcare__insurance_coverage,What factors influence insurance coverage for People with disabilities in healthcare?,People with disabilities,minority,Disability,Healthcare,Insurance coverage,Healthcare :: Insurance coverage,7,6,0.8571428571428571,18,3,0.7225814362366995,0.27741856376330054,0.7225814461708069,0.2774185538291931,0.767118513584137,0.23288148641586304,1.0,1.0,1.0,1.0,1.0
people_with_disabilities/healthcare__patient_safety.txt,people_with_disabilities__healthcare__patient_safety,What factors influence patient safety for People with disabilities in healthcare?,People with disabilities,minority,Disability,Healthcare,Patient safety,Healthcare :: Patient safety,13,4,0.3076923076923077,12,6,0.7055907398462296,0.29440926015377045,0.7055907249450684,0.29440927505493164,0.7107626795768738,0.2892373204231262,1.0,1.0,1.0,3.0,0.5
people_with_disabilities/healthcare__preventive_care.txt,people_with_disabilities__healthcare__preventive_care,What factors influence preventive care for People with disabilities in healthcare?,People with disabilities,minority,Disability,Healthcare,Preventive care,Healthcare :: Preventive care,8,3,0.375,9,5,0.7466540336608887,0.25334596633911133,0.7466539740562439,0.2533460259437561,0.7637609243392944,0.23623907566070557,1.0,1.0,1.0,2.0,0.6
people_with_disabilities/housing__access_to_housing.txt,people_with_disabilities__housing__access_to_housing,What factors influence access to housing for People with disabilities in housing?,People with disabilities,minority,Disability,Housing,Access to housing,Housing :: Access to housing,9,6,0.6666666666666666,18,5,0.7632520298163096,0.23674797018369043,0.7632520794868469,0.23674792051315308,0.7920653223991394,0.2079346776008606,1.0,1.0,1.0,2.0,0.8
people_with_disabilities/housing__homelessness.txt,people_with_disabilities__housing__homelessness,What factors influence homelessness for People with disabilities in housing?,People with disabilities,minority,Disability,Housing,Homelessness,Housing :: Homelessness,10,5,0.5,15,5,0.7642500638961792,0.23574993610382078,0.7642500996589661,0.23574990034103394,0.7797028422355652,0.22029715776443481,1.0,1.0,1.0,4.0,0.4
people_with_disabilities/housing__housing_stability.txt,people_with_disabilities__housing__housing_stability,What factors influence housing stability for People with disabilities in housing?,People with disabilities,minority,Disability,Housing,Housing stability,Housing :: Housing stability,11,4,0.36363636363636365,12,5,0.756908118724823,0.243091881275177,0.756908118724823,0.243091881275177,0.773969292640686,0.22603070735931396,1.0,1.0,1.0,4.0,0.4
people_without_disabilities/credit_and_financial_services__access_to_banking_services.txt,people_without_disabilities__credit_and_financial_services__access_to_banking_services,What factors influence access to banking services for People without disabilities in credit & financial services?,People without disabilities,majority,Disability,Credit & Financial Services,Access to banking services,Credit & Financial Services :: Access to banking services,2,1,0.5,3,3,0.7086074948310852,0.2913925051689148,0.7086074948310852,0.2913925051689148,0.727038562297821,0.27296143770217896,1.0,1.0,1.0,1.0,1.0
people_without_disabilities/credit_and_financial_services__access_to_credit.txt,people_without_disabilities__credit_and_financial_services__access_to_credit,What factors influence access to credit for People without disabilities in credit & financial services?,People without disabilities,majority,Disability,Credit & Financial Services,Access to credit,Credit & Financial Services :: Access to credit,7,4,0.5714285714285714,12,6,0.7998286783695221,0.2001713216304779,0.7998287081718445,0.20017129182815552,0.8143282532691956,0.18567174673080444,1.0,1.0,1.0,3.0,0.5
people_without_disabilities/credit_and_financial_services__credit_loan_approval.txt,people_without_disabilities__credit_and_financial_services__credit_loan_approval,What factors influence credit/loan approval for People without disabilities in credit & financial services?,People without disabilities,majority,Disability,Credit & Financial Services,Credit/loan approval,Credit & Financial Services :: Credit/loan approval,3,2,0.6666666666666666,6,3,0.681868314743042,0.318131685256958,0.681868314743042,0.318131685256958,0.7389692664146423,0.26103073358535767,0.8333333333333334,1.0,1.0,1.0,1.0
people_without_disabilities/criminal_justice__arrest_detention_by_police.txt,people_without_disabilities__criminal_justice__arrest_detention_by_police,What factors influence arrest / detention by police for People without disabilities in criminal justice?,People without disabilities,majority,Disability,Criminal Justice,Arrest / detention by police,Criminal Justice :: Arrest / detention by police,0,0,,0,3,,,,,,,,,,,
people_without_disabilities/criminal_justice__incarceration.txt,people_without_disabilities__criminal_justice__incarceration,What factors influence incarceration for People without disabilities in criminal justice?,People without disabilities,majority,Disability,Criminal Justice,Incarceration,Criminal Justice :: Incarceration,3,1,0.3333333333333333,3,4,0.7895426750183105,0.21045732498168945,0.7895426750183105,0.21045732498168945,0.7726762294769287,0.2273237705230713,1.0,1.0,1.0,1.0,1.0
people_without_disabilities/criminal_justice__police_use_of_force.txt,people_without_disabilities__criminal_justice__police_use_of_force,What factors influence police use of force for People without disabilities in criminal justice?,People without disabilities,majority,Disability,Criminal Justice,Police use of force,Criminal Justice :: Police use of force,13,3,0.23076923076923078,9,7,0.7720359961191813,0.22796400388081872,0.7720360159873962,0.22796398401260376,0.7500556111335754,0.24994438886642456,1.0,1.0,1.0,3.0,0.42857142857142855
people_without_disabilities/education__college_access_admission.txt,people_without_disabilities__education__college_access_admission,What factors influence college access/admission for People without disabilities in education?,People without disabilities,majority,Disability,Education,College access/admission,Education :: College access/admission,1,0,0.0,0,4,,,,,,,,,,,
people_without_disabilities/education__educational_opportunity_access.txt,people_without_disabilities__education__educational_opportunity_access,What factors influence educational opportunity/access for People without disabilities in education?,People without disabilities,majority,Disability,Education,Educational opportunity/access,Education :: Educational opportunity/access,6,4,0.6666666666666666,12,3,0.724528431892395,0.275471568107605,0.7245283722877502,0.27547162771224976,0.7346515655517578,0.2653484344482422,1.0,1.0,1.0,3.0,0.3333333333333333
people_without_disabilities/education__harassment_bullying.txt,people_without_disabilities__education__harassment_bullying,What factors influence harassment/bullying for People without disabilities in education?,People without disabilities,majority,Disability,Education,Harassment/bullying,Education :: Harassment/bullying,1,0,0.0,0,4,,,,,,,,,,,
people_without_disabilities/employment__career_advancement.txt,people_without_disabilities__employment__career_advancement,What factors influence career advancement for People without disabilities in employment?,People without disabilities,majority,Disability,Employment,Career advancement,Employment :: Career advancement,0,0,,0,3,,,,,,,,,,,
people_without_disabilities/employment__hiring.txt,people_without_disabilities__employment__hiring,What factors influence hiring for People without disabilities in employment?,People without disabilities,majority,Disability,Employment,Hiring,Employment :: Hiring,7,5,0.7142857142857143,15,5,0.7834688425064087,0.2165311574935913,0.7834688425064087,0.2165311574935913,0.8168231248855591,0.18317687511444092,1.0,1.0,1.0,2.0,0.6
people_without_disabilities/employment__workplace_harassment.txt,people_without_disabilities__employment__workplace_harassment,What factors influence workplace harassment for People without disabilities in employment?,People without disabilities,majority,Disability,Employment,Workplace harassment,Employment :: Workplace harassment,2,1,0.5,3,4,0.7826521396636963,0.2173478603363037,0.7826521396636963,0.2173478603363037,0.7288863062858582,0.27111369371414185,1.0,0.75,1.0,1.0,1.0
people_without_disabilities/government_benefits__access_to_government_benefits.txt,people_without_disabilities__government_benefits__access_to_government_benefits,What factors influence access to government benefits for People without disabilities in government benefits?,People without disabilities,majority,Disability,Government Benefits,Access to government benefits,Government Benefits :: Access to government benefits,8,6,0.75,18,3,0.6981570720672607,0.30184292793273926,0.6981570720672607,0.30184292793273926,0.7702415585517883,0.22975844144821167,0.7777777777777778,1.0,1.0,2.0,0.6666666666666666
people_without_disabilities/government_benefits__application_approval.txt,people_without_disabilities__government_benefits__application_approval,What factors influence application/approval for People without disabilities in government benefits?,People without disabilities,majority,Disability,Government Benefits,Application/approval,Government Benefits :: Application/approval,6,4,0.6666666666666666,12,4,0.7376314699649811,0.2623685300350189,0.7376314997673035,0.26236850023269653,0.7525938153266907,0.24740618467330933,1.0,1.0,1.0,3.0,0.5
people_without_disabilities/government_benefits__benefit_retention_renewal.txt,people_without_disabilities__government_benefits__benefit_retention_renewal,What factors influence benefit retention / renewal for People without disabilities in government benefits?,People without disabilities,majority,Disability,Government Benefits,Benefit retention / renewal,Government Benefits :: Benefit retention / renewal,16,7,0.4375,21,13,0.7406069380896432,0.2593930619103568,0.740606963634491,0.25939303636550903,0.7379141449928284,0.26208585500717163,1.0,0.8461538461538461,1.0,5.0,0.2727272727272727
people_without_disabilities/healthcare__insurance_coverage.txt,people_without_disabilities__healthcare__insurance_coverage,What factors influence insurance coverage for People without disabilities in healthcare?,People without disabilities,majority,Disability,Healthcare,Insurance coverage,Healthcare :: Insurance coverage,5,4,0.8,12,4,0.7221000492572784,0.27789995074272156,0.722100019454956,0.27789998054504395,0.7450462579727173,0.2549537420272827,1.0,1.0,1.0,3.0,0.5
people_without_disabilities/healthcare__patient_safety.txt,people_without_disabilities__healthcare__patient_safety,What factors influence patient safety for People without disabilities in healthcare?,People without disabilities,majority,Disability,Healthcare,Patient safety,Healthcare :: Patient safety,6,5,0.8333333333333334,15,5,0.7396755456924439,0.26032445430755613,0.7396755218505859,0.26032447814941406,0.7690028548240662,0.23099714517593384,1.0,1.0,1.0,3.0,0.6
people_without_disabilities/healthcare__preventive_care.txt,people_without_disabilities__healthcare__preventive_care,What factors influence preventive care for People without disabilities in healthcare?,People without disabilities,majority,Disability,Healthcare,Preventive care,Healthcare :: Preventive care,10,6,0.6,18,4,0.7228735486666361,0.2771264513333639,0.7228735089302063,0.2771264910697937,0.7616747617721558,0.23832523822784424,0.8888888888888888,1.0,1.0,2.0,0.5
people_without_disabilities/housing__access_to_housing.txt,people_without_disabilities__housing__access_to_housing,What factors influence access to housing for People without disabilities in housing?,People without disabilities,majority,Disability,Housing,Access to housing,Housing :: Access to housing,10,4,0.4,11,5,0.7774268835783005,0.22257311642169952,0.7758106589317322,0.22418934106826782,0.8216645121574402,0.17833548784255981,1.0,1.0,1.0,3.0,0.6
people_without_disabilities/housing__homelessness.txt,people_without_disabilities__housing__homelessness,What factors influence homelessness for People without disabilities in housing?,People without disabilities,majority,Disability,Housing,Homelessness,Housing :: Homelessness,8,7,0.875,21,5,0.7616575360298157,0.23834246397018433,0.7616574764251709,0.2383425235748291,0.7799630165100098,0.22003698348999023,1.0,1.0,1.0,3.0,0.4
people_without_disabilities/housing__housing_stability.txt,people_without_disabilities__housing__housing_stability,What factors influence housing stability for People without disabilities in housing?,People without disabilities,majority,Disability,Housing,Housing stability,Housing :: Housing stability,6,3,0.5,9,4,0.741745392481486,0.25825460751851403,0.7417454123497009,0.2582545876502991,0.7257661819458008,0.2742338180541992,1.0,0.75,1.0,2.0,0.6666666666666666
transgender_people/credit_and_financial_services__access_to_banking_services.txt,transgender_people__credit_and_financial_services__access_to_banking_services,What factors influence access to banking services for transgender people in credit & financial services?,transgender people,minority,Gender Identity,Credit & Financial Services,Access to banking services,Credit & Financial Services :: Access to banking services,8,6,0.75,18,6,0.7837864061196645,0.21621359388033545,0.7837864756584167,0.21621352434158325,0.788445234298706,0.21155476570129395,1.0,1.0,1.0,4.0,0.3333333333333333
transgender_people/credit_and_financial_services__access_to_credit.txt,transgender_people__credit_and_financial_services__access_to_credit,What factors influence access to credit for transgender people in credit & financial services?,transgender people,minority,Gender Identity,Credit & Financial Services,Access to credit,Credit & Financial Services :: Access to credit,8,6,0.75,18,5,0.8001988331476847,0.1998011668523153,0.8001987934112549,0.19980120658874512,0.8346771001815796,0.1653228998184204,1.0,1.0,1.0,4.0,0.4
transgender_people/credit_and_financial_services__credit_loan_approval.txt,transgender_people__credit_and_financial_services__credit_loan_approval,What factors influence credit/loan approval for transgender people in credit & financial services?,transgender people,minority,Gender Identity,Credit & Financial Services,Credit/loan approval,Credit & Financial Services :: Credit/loan approval,8,5,0.625,15,4,0.8020658254623413,0.1979341745376587,0.8020657896995544,0.19793421030044556,0.8369256854057312,0.1630743145942688,1.0,1.0,1.0,3.0,0.5
transgender_people/criminal_justice__arrest_detention_by_police.txt,transgender_people__criminal_justice__arrest_detention_by_police,What factors influence arrest / detention by police for transgender people in criminal justice?,transgender people,minority,Gender Identity,Criminal Justice,Arrest / detention by police,Criminal Justice :: Arrest / detention by police,8,5,0.625,14,5,0.7675606369972229,0.23243936300277712,0.7707868814468384,0.22921311855316162,0.7819926738739014,0.21800732612609863,1.0,1.0,1.0,3.0,0.6
transgender_people/criminal_justice__incarceration.txt,transgender_people__criminal_justice__incarceration,What factors influence incarceration for transgender people in criminal justice?,transgender people,minority,Gender Identity,Criminal Justice,Incarceration,Criminal Justice :: Incarceration,7,4,0.5714285714285714,12,4,0.7282707691192627,0.2717292308807373,0.7282707691192627,0.2717292308807373,0.7813098430633545,0.2186901569366455,0.8333333333333334,1.0,1.0,3.0,0.5
transgender_people/criminal_justice__police_use_of_force.txt,transgender_people__criminal_justice__police_use_of_force,What factors influence police use of force for transgender people in criminal justice?,transgender people,minority,Gender Identity,Criminal Justice,Police use of force,Criminal Justice :: Police use of force,8,6,0.75,18,3,0.7783645788828532,0.22163542111714685,0.7783645987510681,0.22163540124893188,0.833641529083252,0.16635847091674805,1.0,1.0,1.0,2.0,0.6666666666666666
transgender_people/education__college_access_admission.txt,transgender_people__education__college_access_admission,What factors influence college access/admission for transgender people in education?,transgender people,minority,Gender Identity,Education,College access/admission,Education :: College access/admission,16,9,0.5625,27,11,0.7493942313724093,0.25060576862759065,0.7493942379951477,0.2506057620048523,0.8039379715919495,0.19606202840805054,0.8888888888888888,1.0,0.8888888888888888,4.0,0.5454545454545454
transgender_people/education__educational_opportunity_access.txt,transgender_people__education__educational_opportunity_access,What factors influence educational opportunity/access for transgender people in education?,transgender people,minority,Gender Identity,Education,Educational opportunity/access,Education :: Educational opportunity/access,10,5,0.5,15,5,0.7310394406318664,0.26896055936813357,0.7310393452644348,0.2689606547355652,0.8235877752304077,0.17641222476959229,0.8,1.0,0.8,2.0,0.6
transgender_people/education__harassment_bullying.txt,transgender_people__education__harassment_bullying,What factors influence harassment/bullying for transgender people in education?,transgender people,minority,Gender Identity,Education,Harassment/bullying,Education :: Harassment/bullying,16,9,0.5625,27,9,0.760342988702986,0.239657011297014,0.7603428959846497,0.23965710401535034,0.7807139158248901,0.21928608417510986,0.8888888888888888,1.0,0.8888888888888888,5.0,0.3333333333333333
transgender_people/employment__career_advancement.txt,transgender_people__employment__career_advancement,What factors influence career advancement for transgender people in employment?,transgender people,minority,Gender Identity,Employment,Career advancement,Employment :: Career advancement,7,5,0.7142857142857143,15,5,0.7805190563201905,0.21948094367980953,0.7805191278457642,0.21948087215423584,0.7957870364189148,0.2042129635810852,1.0,1.0,1.0,3.0,0.6
transgender_people/employment__hiring.txt,transgender_people__employment__hiring,What factors influence hiring for transgender people in employment?,transgender people,minority,Gender Identity,Employment,Hiring,Employment :: Hiring,6,2,0.3333333333333333,6,5,0.74299356341362,0.25700643658638,0.7429935336112976,0.2570064663887024,0.7507383227348328,0.24926167726516724,1.0,1.0,1.0,2.0,0.8
transgender_people/employment__workplace_harassment.txt,transgender_people__employment__workplace_harassment,What factors influence workplace harassment for transgender people in employment?,transgender people,minority,Gender Identity,Employment,Workplace harassment,Employment :: Workplace harassment,11,5,0.45454545454545453,15,4,0.7543780922889709,0.2456219077110291,0.754378080368042,0.245621919631958,0.7852797508239746,0.2147202491760254,1.0,1.0,1.0,2.0,0.75
transgender_people/government_benefits__access_to_government_benefits.txt,transgender_people__government_benefits__access_to_government_benefits,What factors influence access to government benefits for transgender people in government benefits?,transgender people,minority,Gender Identity,Government Benefits,Access to government benefits,Government Benefits :: Access to government benefits,8,6,0.75,18,7,0.7412869135538737,0.25871308644612634,0.7412869334220886,0.2587130665779114,0.7512524724006653,0.24874752759933472,1.0,1.0,1.0,3.0,0.42857142857142855
transgender_people/government_benefits__application_approval.txt,transgender_people__government_benefits__application_approval,What factors influence application/approval for transgender people in government benefits?,transgender people,minority,Gender Identity,Government Benefits,Application/approval,Government Benefits :: Application/approval,17,14,0.8235294117647058,42,11,0.7492454349994659,0.25075456500053406,0.7492454648017883,0.25075453519821167,0.7737675309181213,0.22623246908187866,0.9285714285714286,1.0,0.9285714285714286,7.0,0.2727272727272727
transgender_people/government_benefits__benefit_retention_renewal.txt,transgender_people__government_benefits__benefit_retention_renewal,What factors influence benefit retention / renewal for transgender people in government benefits?,transgender people,minority,Gender Identity,Government Benefits,Benefit retention / renewal,Government Benefits :: Benefit retention / renewal,16,8,0.5,24,9,0.7298038750886917,0.2701961249113083,0.7298038601875305,0.2701961398124695,0.719132661819458,0.280867338180542,1.0,0.8888888888888888,1.0,4.0,0.5
transgender_people/healthcare__insurance_coverage.txt,transgender_people__healthcare__insurance_coverage,What factors influence insurance coverage for transgender people in healthcare?,transgender people,minority,Gender Identity,Healthcare,Insurance coverage,Healthcare :: Insurance coverage,6,3,0.5,9,5,0.7560400366783142,0.2439599633216858,0.7560400366783142,0.2439599633216858,0.7574722170829773,0.2425277829170227,1.0,1.0,1.0,1.0,1.0
transgender_people/healthcare__patient_safety.txt,transgender_people__healthcare__patient_safety,What factors influence patient safety for transgender people in healthcare?,transgender people,minority,Gender Identity,Healthcare,Patient safety,Healthcare :: Patient safety,10,5,0.5,15,6,0.7639513850212097,0.23604861497879026,0.7639513611793518,0.2360486388206482,0.7698650360107422,0.2301349639892578,1.0,1.0,1.0,3.0,0.5
transgender_people/healthcare__preventive_care.txt,transgender_people__healthcare__preventive_care,What factors influence preventive care for transgender people in healthcare?,transgender people,minority,Gender Identity,Healthcare,Preventive care,Healthcare :: Preventive care,8,1,0.125,3,6,0.7714298367500305,0.22857016324996948,0.7714298367500305,0.22857016324996948,0.7405994534492493,0.25940054655075073,1.0,1.0,1.0,1.0,1.0
transgender_people/housing__access_to_housing.txt,transgender_people__housing__access_to_housing,What factors influence access to housing for transgender people in housing?,transgender people,minority,Gender Identity,Housing,Access to housing,Housing :: Access to housing,8,7,0.875,21,6,0.8138199959482465,0.1861800040517535,0.8138200640678406,0.18617993593215942,0.8401030898094177,0.15989691019058228,1.0,1.0,1.0,4.0,0.3333333333333333
transgender_people/housing__homelessness.txt,transgender_people__housing__homelessness,What factors influence homelessness for transgender people in housing?,transgender people,minority,Gender Identity,Housing,Homelessness,Housing :: Homelessness,9,7,0.7777777777777778,21,5,0.7769956759044102,0.2230043240955898,0.7769955396652222,0.22300446033477783,0.8183233141899109,0.1816766858100891,1.0,1.0,1.0,2.0,0.8
transgender_people/housing__housing_stability.txt,transgender_people__housing__housing_stability,What factors influence housing stability for transgender people in housing?,transgender people,minority,Gender Identity,Housing,Housing stability,Housing :: Housing stability,11,8,0.7272727272727273,24,5,0.7997651472687721,0.20023485273122787,0.7997651100158691,0.20023488998413086,0.8133633732795715,0.18663662672042847,1.0,1.0,1.0,3.0,0.6
white_people/credit_and_financial_services__access_to_banking_services.txt,white_people__credit_and_financial_services__access_to_banking_services,What factors influence access to banking services for White people in credit & financial services?,White people,majority,Race,Credit & Financial Services,Access to banking services,Credit & Financial Services :: Access to banking services,8,4,0.5,12,3,0.7479890137910843,0.2520109862089157,0.7479889988899231,0.2520110011100769,0.7567045092582703,0.24329549074172974,1.0,1.0,1.0,1.0,1.0
white_people/credit_and_financial_services__access_to_credit.txt,white_people__credit_and_financial_services__access_to_credit,What factors influence access to credit for White people in credit & financial services?,White people,majority,Race,Credit & Financial Services,Access to credit,Credit & Financial Services :: Access to credit,7,4,0.5714285714285714,12,3,0.7600953578948975,0.23990464210510254,0.7600954174995422,0.23990458250045776,0.7900411486625671,0.20995885133743286,1.0,1.0,1.0,2.0,0.6666666666666666
white_people/credit_and_financial_services__credit_loan_approval.txt,white_people__credit_and_financial_services__credit_loan_approval,What factors influence credit/loan approval for White people in credit & financial services?,White people,majority,Race,Credit & Financial Services,Credit/loan approval,Credit & Financial Services :: Credit/loan approval,8,5,0.625,14,3,0.7682132601737977,0.23178673982620235,0.7667672038078308,0.2332327961921692,0.7760531902313232,0.22394680976867676,1.0,1.0,1.0,2.0,0.6666666666666666
white_people/criminal_justice__arrest_detention_by_police.txt,white_people__criminal_justice__arrest_detention_by_police,What factors influence arrest / detention by police for White people in criminal justice?,White people,majority,Race,Criminal Justice,Arrest / detention by police,Criminal Justice :: Arrest / detention by police,6,3,0.5,9,3,0.7442920009295145,0.25570799907048547,0.7442920207977295,0.2557079792022705,0.777755081653595,0.22224491834640503,1.0,1.0,1.0,2.0,0.6666666666666666
white_people/criminal_justice__incarceration.txt,white_people__criminal_justice__incarceration,What factors influence incarceration for White people in criminal justice?,White people,majority,Race,Criminal Justice,Incarceration,Criminal Justice :: Incarceration,6,5,0.8333333333333334,15,5,0.7155322432518005,0.28446775674819946,0.7155323028564453,0.2844676971435547,0.7270156145095825,0.2729843854904175,1.0,1.0,1.0,2.0,0.8
white_people/criminal_justice__police_use_of_force.txt,white_people__criminal_justice__police_use_of_force,What factors influence police use of force for White people in criminal justice?,White people,majority,Race,Criminal Justice,Police use of force,Criminal Justice :: Police use of force,5,3,0.6,9,5,0.7705315947532654,0.22946840524673462,0.7705315947532654,0.22946840524673462,0.8077582120895386,0.19224178791046143,1.0,1.0,1.0,2.0,0.8
white_people/education__college_access_admission.txt,white_people__education__college_access_admission,What factors influence college access/admission for White people in education?,White people,majority,Race,Education,College access/admission,Education :: College access/admission,5,3,0.6,9,5,0.756375789642334,0.24362421035766602,0.756375789642334,0.24362421035766602,0.796650767326355,0.20334923267364502,1.0,1.0,1.0,2.0,0.6
white_people/education__educational_opportunity_access.txt,white_people__education__educational_opportunity_access,What factors influence educational opportunity/access for White people in education?,White people,majority,Race,Education,Educational opportunity/access,Education :: Educational opportunity/access,6,5,0.8333333333333334,15,4,0.7183099627494812,0.2816900372505188,0.7183099389076233,0.2816900610923767,0.8266012668609619,0.17339873313903809,0.8,1.0,0.8,1.0,1.0
white_people/education__harassment_bullying.txt,white_people__education__harassment_bullying,What factors influence harassment/bullying for White people in education?,White people,majority,Race,Education,Harassment/bullying,Education :: Harassment/bullying,3,0,0.0,0,4,,,,,,,,,,,
white_people/employment__career_advancement.txt,white_people__employment__career_advancement,What factors influence career advancement for White people in employment?,White people,majority,Race,Employment,Career advancement,Employment :: Career advancement,4,2,0.5,6,3,0.7156612277030945,0.2843387722969055,0.7156612873077393,0.28433871269226074,0.7131476402282715,0.2868523597717285,1.0,0.6666666666666666,1.0,2.0,0.5
white_people/employment__hiring.txt,white_people__employment__hiring,What factors influence hiring for White people in employment?,White people,majority,Race,Employment,Hiring,Employment :: Hiring,6,4,0.6666666666666666,12,5,0.7816880643367767,0.21831193566322327,0.7816880345344543,0.21831196546554565,0.7770217657089233,0.22297823429107666,1.0,1.0,1.0,3.0,0.4
white_people/employment__workplace_harassment.txt,white_people__employment__workplace_harassment,What factors influence workplace harassment for White people in employment?,White people,majority,Race,Employment,Workplace harassment,Employment :: Workplace harassment,8,3,0.375,9,5,0.7503843506177267,0.24961564938227332,0.7503843307495117,0.24961566925048828,0.7499211430549622,0.25007885694503784,1.0,1.0,1.0,2.0,0.6
white_people/government_benefits__access_to_government_benefits.txt,white_people__government_benefits__access_to_government_benefits,What factors influence access to government benefits for White people in government benefits?,White people,majority,Race,Government Benefits,Access to government benefits,Government Benefits :: Access to government benefits,6,3,0.5,9,5,0.7014778852462769,0.29852211475372314,0.7014778852462769,0.29852211475372314,0.730056881904602,0.26994311809539795,0.8888888888888888,1.0,1.0,2.0,0.6
white_people/government_benefits__application_approval.txt,white_people__government_benefits__application_approval,What factors influence application/approval for White people in government benefits?,White people,majority,Race,Government Benefits,Application/approval,Government Benefits :: Application/approval,10,3,0.3,9,8,0.7429356376330057,0.25706436236699426,0.7429355978965759,0.2570644021034241,0.7705498337745667,0.22945016622543335,0.8888888888888888,1.0,1.0,3.0,0.5
white_people/government_benefits__benefit_retention_renewal.txt,white_people__government_benefits__benefit_retention_renewal,What factors influence benefit retention / renewal for White people in government benefits?,White people,majority,Race,Government Benefits,Benefit retention / renewal,Government Benefits :: Benefit retention / renewal,12,5,0.4166666666666667,14,10,0.7502758502960205,0.2497241497039795,0.7559869885444641,0.2440130114555359,0.7674230337142944,0.23257696628570557,0.9285714285714286,1.0,1.0,3.0,0.6
white_people/healthcare__insurance_coverage.txt,white_people__healthcare__insurance_coverage,What factors influence insurance coverage for White people in healthcare?,White people,majority,Race,Healthcare,Insurance coverage,Healthcare :: Insurance coverage,6,2,0.3333333333333333,6,4,0.7661535739898682,0.23384642601013184,0.7661535143852234,0.2338464856147766,0.7608912587165833,0.23910874128341675,1.0,1.0,1.0,1.0,1.0
white_people/healthcare__patient_safety.txt,white_people__healthcare__patient_safety,What factors influence patient safety for White people in healthcare?,White people,majority,Race,Healthcare,Patient safety,Healthcare :: Patient safety,9,4,0.4444444444444444,12,6,0.7856497764587402,0.21435022354125977,0.7856497764587402,0.21435022354125977,0.7756922841072083,0.22430771589279175,1.0,1.0,1.0,3.0,0.5
white_people/healthcare__preventive_care.txt,white_people__healthcare__preventive_care,What factors influence preventive care for White people in healthcare?,White people,majority,Race,Healthcare,Preventive care,Healthcare :: Preventive care,5,3,0.6,9,4,0.7333154479662577,0.2666845520337423,0.7333154678344727,0.26668453216552734,0.7196410894393921,0.2803589105606079,1.0,0.75,1.0,2.0,0.6666666666666666
white_people/housing__access_to_housing.txt,white_people__housing__access_to_housing,What factors influence access to housing for White people in housing?,White people,majority,Race,Housing,Access to housing,Housing :: Access to housing,5,3,0.6,9,4,0.778611958026886,0.221388041973114,0.7786118984222412,0.2213881015777588,0.774648129940033,0.22535187005996704,1.0,1.0,1.0,2.0,0.75
white_people/housing__homelessness.txt,white_people__housing__homelessness,What factors influence homelessness for White people in housing?,White people,majority,Race,Housing,Homelessness,Housing :: Homelessness,7,7,1.0,21,5,0.7834930845669338,0.21650691543306622,0.7834930419921875,0.2165069580078125,0.7831977605819702,0.21680223941802979,1.0,1.0,1.0,2.0,0.8
white_people/housing__housing_stability.txt,white_people__housing__housing_stability,What factors influence housing stability for White people in housing?,White people,majority,Race,Housing,Housing stability,Housing :: Housing stability,3,2,0.6666666666666666,6,3,0.7577577531337738,0.2422422468662262,0.7577577233314514,0.24224227666854858,0.7528600692749023,0.24713993072509766,1.0,1.0,1.0,2.0,0.6666666666666666
women/credit_and_financial_services__access_to_banking_services.txt,women__credit_and_financial_services__access_to_banking_services,What factors influence access to banking services for Women in credit & financial services?,Women,minority,Gender,Credit & Financial Services,Access to banking services,Credit & Financial Services :: Access to banking services,11,8,0.7272727272727273,24,6,0.7515181079506874,0.2484818920493126,0.7515180706977844,0.24848192930221558,0.7917118668556213,0.20828813314437866,1.0,1.0,1.0,5.0,0.3333333333333333
women/credit_and_financial_services__access_to_credit.txt,women__credit_and_financial_services__access_to_credit,What factors influence access to credit for Women in credit & financial services?,Women,minority,Gender,Credit & Financial Services,Access to credit,Credit & Financial Services :: Access to credit,6,5,0.8333333333333334,15,3,0.7278404951095581,0.27215950489044194,0.7278404831886292,0.27215951681137085,0.7800377011299133,0.21996229887008667,0.8,1.0,1.0,3.0,0.3333333333333333
women/credit_and_financial_services__credit_loan_approval.txt,women__credit_and_financial_services__credit_loan_approval,What factors influence credit/loan approval for Women in credit & financial services?,Women,minority,Gender,Credit & Financial Services,Credit/loan approval,Credit & Financial Services :: Credit/loan approval,12,8,0.6666666666666666,24,4,0.7535136938095093,0.24648630619049072,0.7535136342048645,0.2464863657951355,0.7788974046707153,0.22110259532928467,0.9583333333333334,1.0,1.0,4.0,0.25
women/criminal_justice__arrest_detention_by_police.txt,women__criminal_justice__arrest_detention_by_police,What factors influence arrest / detention by police for Women in criminal justice?,Women,minority,Gender,Criminal Justice,Arrest / detention by police,Criminal Justice :: Arrest / detention by police,7,5,0.7142857142857143,15,5,0.7171161890029907,0.2828838109970093,0.7171161770820618,0.28288382291793823,0.7791486382484436,0.2208513617515564,0.8666666666666667,1.0,1.0,2.0,0.6
women/criminal_justice__incarceration.txt,women__criminal_justice__incarceration,What factors influence incarceration for Women in criminal justice?,Women,minority,Gender,Criminal Justice,Incarceration,Criminal Justice :: Incarceration,11,8,0.7272727272727273,24,6,0.7278612852096558,0.27213871479034424,0.727861225605011,0.272138774394989,0.7815544009208679,0.21844559907913208,1.0,1.0,1.0,2.0,0.6666666666666666
women/criminal_justice__police_use_of_force.txt,women__criminal_justice__police_use_of_force,What factors influence police use of force for Women in criminal justice?,Women,minority,Gender,Criminal Justice,Police use of force,Criminal Justice :: Police use of force,9,3,0.3333333333333333,9,3,0.7941374977429708,0.20586250225702918,0.7941374778747559,0.20586252212524414,0.8213186860084534,0.17868131399154663,1.0,1.0,1.0,2.0,0.6666666666666666
women/education__college_access_admission.txt,women__education__college_access_admission,What factors influence college access/admission for Women in education?,Women,minority,Gender,Education,College access/admission,Education :: College access/admission,13,9,0.6923076923076923,27,6,0.7342969311608208,0.26570306883917916,0.7342969179153442,0.26570308208465576,0.7720156311988831,0.22798436880111694,1.0,1.0,1.0,5.0,0.3333333333333333
women/education__educational_opportunity_access.txt,women__education__educational_opportunity_access,What factors influence educational opportunity/access for Women in education?,Women,minority,Gender,Education,Educational opportunity/access,Education :: Educational opportunity/access,7,5,0.7142857142857143,15,3,0.7530667304992675,0.24693326950073247,0.7530668377876282,0.24693316221237183,0.80071622133255,0.19928377866744995,1.0,1.0,1.0,3.0,0.3333333333333333
women/education__harassment_bullying.txt,women__education__harassment_bullying,What factors influence harassment/bullying for Women in education?,Women,minority,Gender,Education,Harassment/bullying,Education :: Harassment/bullying,7,4,0.5714285714285714,12,4,0.7608079016208649,0.23919209837913513,0.7608079314231873,0.23919206857681274,0.7843294143676758,0.21567058563232422,1.0,1.0,1.0,2.0,0.5
women/employment__career_advancement.txt,women__employment__career_advancement,What factors influence career advancement for Women in employment?,Women,minority,Gender,Employment,Career advancement,Employment :: Career advancement,7,3,0.42857142857142855,9,5,0.757009744644165,0.24299025535583496,0.757009744644165,0.24299025535583496,0.7681494951248169,0.2318505048751831,1.0,0.8,1.0,2.0,0.75
women/employment__hiring.txt,women__employment__hiring,What factors influence hiring for Women in employment?,Women,minority,Gender,Employment,Hiring,Employment :: Hiring,8,3,0.375,9,5,0.757830798625946,0.24216920137405396,0.7578308582305908,0.24216914176940918,0.7632492780685425,0.23675072193145752,1.0,1.0,1.0,2.0,0.6
women/employment__workplace_harassment.txt,women__employment__workplace_harassment,What factors influence workplace harassment for Women in employment?,Women,minority,Gender,Employment,Workplace harassment,Employment :: Workplace harassment,8,3,0.375,9,6,0.72928919394811,0.27071080605189,0.7292892336845398,0.2707107663154602,0.7092553973197937,0.2907446026802063,1.0,0.8333333333333334,1.0,2.0,0.8
women/government_benefits__access_to_government_benefits.txt,women__government_benefits__access_to_government_benefits,What factors influence access to government benefits for Women in government benefits?,Women,minority,Gender,Government Benefits,Access to government benefits,Government Benefits :: Access to government benefits,8,4,0.5,12,4,0.7232513427734375,0.2767486572265625,0.7232513427734375,0.2767486572265625,0.7273280620574951,0.2726719379425049,1.0,1.0,1.0,2.0,0.75
women/government_benefits__application_approval.txt,women__government_benefits__application_approval,What factors influence application/approval for Women in government benefits?,Women,minority,Gender,Government Benefits,Application/approval,Government Benefits :: Application/approval,13,9,0.6923076923076923,27,9,0.7110278209050497,0.2889721790949503,0.7110278010368347,0.2889721989631653,0.7491077184677124,0.2508922815322876,0.9259259259259259,1.0,1.0,6.0,0.2222222222222222
women/government_benefits__benefit_retention_renewal.txt,women__government_benefits__benefit_retention_renewal,What factors influence benefit retention / renewal for Women in government benefits?,Women,minority,Gender,Government Benefits,Benefit retention / renewal,Government Benefits :: Benefit retention / renewal,19,5,0.2631578947368421,15,11,0.7608740925788879,0.23912590742111206,0.7608740329742432,0.23912596702575684,0.7660171985626221,0.23398280143737793,1.0,1.0,1.0,4.0,0.36363636363636365
women/healthcare__insurance_coverage.txt,women__healthcare__insurance_coverage,What factors influence insurance coverage for Women in healthcare?,Women,minority,Gender,Healthcare,Insurance coverage,Healthcare :: Insurance coverage,6,4,0.6666666666666666,12,4,0.712401419878006,0.287598580121994,0.7124013900756836,0.2875986099243164,0.7273023128509521,0.27269768714904785,1.0,1.0,1.0,2.0,0.75
women/healthcare__patient_safety.txt,women__healthcare__patient_safety,What factors influence patient safety for Women in healthcare?,Women,minority,Gender,Healthcare,Patient safety,Healthcare :: Patient safety,5,3,0.6,9,4,0.7074945171674093,0.2925054828325907,0.7074945569038391,0.2925054430961609,0.7312583923339844,0.2687416076660156,1.0,1.0,1.0,3.0,0.5
women/healthcare__preventive_care.txt,women__healthcare__preventive_care,What factors influence preventive care for Women in healthcare?,Women,minority,Gender,Healthcare,Preventive care,Healthcare :: Preventive care,4,4,1.0,12,4,0.7314062565565109,0.2685937434434891,0.7314062118530273,0.26859378814697266,0.7576563954353333,0.24234360456466675,1.0,1.0,1.0,2.0,0.75
women/housing__access_to_housing.txt,women__housing__access_to_housing,What factors influence access to housing for Women in housing?,Women,minority,Gender,Housing,Access to housing,Housing :: Access to housing,10,9,0.9,27,5,0.7462478246953752,0.2537521753046248,0.7462478280067444,0.2537521719932556,0.8150206804275513,0.18497931957244873,0.8888888888888888,1.0,0.8888888888888888,3.0,0.6
women/housing__homelessness.txt,women__housing__homelessness,What factors influence homelessness for Women in housing?,Women,minority,Gender,Housing,Homelessness,Housing :: Homelessness,11,8,0.7272727272727273,24,8,0.7589186206459999,0.2410813793540001,0.7589185833930969,0.24108141660690308,0.7978155612945557,0.20218443870544434,0.9583333333333334,1.0,1.0,4.0,0.375
women/housing__housing_stability.txt,women__housing__housing_stability,What factors influence housing stability for Women in housing?,Women,minority,Gender,Housing,Housing stability,Housing :: Housing stability,12,5,0.4166666666666667,15,5,0.7086130619049072,0.29138693809509275,0.7086130976676941,0.2913869023323059,0.7608597874641418,0.23914021253585815,0.8,1.0,0.8,3.0,0.4
