source_id,normalized_url,fetch_timestamp_utc,registrable_domain,success,status,http_status,final_url,downloaded_bytes,extraction_status,text_chars,text_words,content_kind,content_type,page_title,page_author,page_date,site_name,canonical_url,curl_returncode,text_filename,text_sha256
000f01dc035379aa9f92,https://trulia.com/guides/lgbtq-home-buying,2026-10-04T21:49:07.142772+00:00,trulia.com,True,downloaded,200.0,https://www.trulia.com/guides/lgbtq-home-buying/,61133.0,success,4087,684,html,text/html; charset=UTF-8,LGBTQ+ home buying tips,Terence Pae,2019-04-18,An LGBTQ+ home buying guide | Trulia,https://www.trulia.com/guides/lgbtq-home-buying/,0.0,000f01dc035379aa9f92.txt,a0c099ebfd178fe9f84089bf24667998bd8fa4752cf9fe303d4f3e3d7d7d49e4
0088ecd4a35cd52671bb,https://pmc.ncbi.nlm.nih.gov/articles/PMC6612316,2026-10-04T21:49:07.143169+00:00,nih.gov,True,downloaded,200.0,https://pmc.ncbi.nlm.nih.gov/articles/PMC6612316,21364.0,success,131,18,html,text/html; charset=utf-8,Checking your browser,,2026-09-11,google.com,https://www.google.com/recaptcha/challengepage,0.0,0088ecd4a35cd52671bb.txt,febad3f3fe620c1fa70fbdc5b5d462a0bb66ad2faf9e39bbd8dd6eaad086906d
00f330f580326b5a0b83,https://chegg.com/homework-help/questions-and-answers/common-type-fair-housing-discrimination-people-disabilities-reducing-rent-refusing-allow-r-q161519802,2026-10-04T21:49:07.143525+00:00,chegg.com,True,downloaded,200.0,https://www.chegg.com:443/homework-help/questions-and-answers/common-type-fair-housing-discrimination-people-disabilities-reducing-rent-refusing-allow-r-q161519802,291379.0,success,1528,234,html,text/html; charset=utf-8,Question: What is the most common type of fair housing discrimination against people with disabilities?Not reducing their rentRefusing to allow reasonable modifications to their residencesRefusing wheelchair accessRequiring someone to co-sign their lease or contract,,2024-03-27,Chegg.com,https://www.chegg.com:443/homework-help/questions-and-answers/common-type-fair-housing-discrimination-people-disabilities-reducing-rent-refusing-allow-r-q161519802,0.0,00f330f580326b5a0b83.txt,ce69ccb3f0047688df3d4721d9dd2858a9708341f3f08f2a07c154320876ce4e
0207c02bef0c4a78ff7d,https://ebsco.com/research-starters/womens-studies-and-feminism/woman-centered-care,2026-10-04T21:49:07.143818+00:00,ebsco.com,True,downloaded,200.0,https://www.ebsco.com/research-starters/womens-studies-and-feminism/woman-centered-care,163492.0,success,18361,2617,html,text/html,Woman-Centered Care | Women's Studies and Feminism | Research Starters | EBSCOhost,,2024-09-01,EBSCO,https://www.ebsco.com/,0.0,0207c02bef0c4a78ff7d.txt,a93c9002f5641c319626bbd7caa8f08dae8de66924f1e1ad791cf802e611867a
02a9b21d6fa3d6835c64,https://mdpi.com/2227-9032/12/22/2269,2026-10-04T21:49:07.143981+00:00,mdpi.com,False,http_error,403.0,https://mdpi.com/2227-9032/12/22/2269,392.0,not_extracted,0,0,,text/html,,,,,,0.0,,
0308ff6a75436f4a548d,https://ncld.org/succeeding-in-high-school-beyond/grad_ncld_ctareport_2025-1,2026-10-04T21:49:07.144116+00:00,ncld.org,True,downloaded,200.0,https://ncld.org/wp-content/uploads/2025/07/GRAD_NCLD_CTAReport_2025-1.pdf,161547.0,success,33663,4939,pdf,application/pdf,,,,,,0.0,0308ff6a75436f4a548d.txt,0832f93aa64169765e0d83135023e096f4006763ffd6082235569c18940de396
04983a549c468b656571,https://experian.com/blogs/ask-experian/why-credit-is-important-people-with-disabilities,2026-10-04T21:49:07.144259+00:00,experian.com,True,downloaded,200.0,https://www.experian.com/blogs/ask-experian/why-credit-is-important-people-with-disabilities,228842.0,success,7572,1228,html,text/html,Why Credit Is Important for People With Disabilities - Experian,Louis DeNicola,2021-10-25,Experian,https://www.experian.com/blogs/ask-experian/why-credit-is-important-people-with-disabilities/,0.0,04983a549c468b656571.txt,06b8741a588dd3f43d1d66f9862fc66f3f70ad866cbad0cd82028d1e15b0ac68
05240f2d1874b107df51,https://ifstudies.org/blog/the-college-completion-gap-and-how-to-close-it,2026-10-04T21:49:07.144422+00:00,ifstudies.org,True,downloaded,200.0,https://ifstudies.org/blog/the-college-completion-gap-and-how-to-close-it,91031.0,success,10576,1620,html,text/html; charset=UTF-8,The College Completion Gap and How To Close It,Nicholas Zill August 2,2023-08-02,Institute for Family Studies,https://ifstudies.org/blog/the-college-completion-gap-and-how-to-close-it,0.0,05240f2d1874b107df51.txt,6a165cf5d04c55ee35572056b836a9416bbe00f3b97818f55b40132fb18d6275
0547569f35ec56d89f01,https://lisc.org/san-diego/regional-stories/how-affordable-housing-impacts-latino-health,2026-10-04T21:49:10.815971+00:00,lisc.org,True,downloaded,200.0,https://www.lisc.org/san-diego/regional-stories/how-affordable-housing-impacts-latino-health/,26691.0,success,7897,1187,html,text/html; charset=utf-8,How Affordable Housing Impacts Latino Health | LISC San Diego,Salud America,2019-04-17,Local Initiatives Support Corporation,https://www.lisc.org/san-diego/regional-stories/how-affordable-housing-impacts-latino-health/,0.0,0547569f35ec56d89f01.txt,4f0fcf3e8bb6a6b1e67dc58a295a27e5c23a51b6092de4970951ef15c4891db9
06044fed5ad8fe81e7af,https://tandfonline.com/doi/full/10.1080/12265934.2024.2429817,2026-10-04T21:49:10.944660+00:00,tandfonline.com,False,http_error,403.0,https://tandfonline.com/doi/full/10.1080/12265934.2024.2429817,5783.0,not_extracted,0,0,,text/html; charset=UTF-8,,,,,,0.0,,
060c6ceb7f9542e6900f,https://cnbc.com/2021/01/28/black-and-hispanic-americans-often-have-lower-credit-scores.html,2026-10-04T21:49:13.231806+00:00,cnbc.com,True,downloaded,200.0,https://www.cnbc.com/2021/01/28/black-and-hispanic-americans-often-have-lower-credit-scores.html,664996.0,success,3666,609,html,text/html; charset=utf-8,Black and Hispanic Americans often have lower credit scores—here's why they're hit harder,Megan Leonhardt,2021-01-28,CNBC,https://www.cnbc.com/2021/01/28/black-and-hispanic-americans-often-have-lower-credit-scores.html,0.0,060c6ceb7f9542e6900f.txt,d12b94fa158575dc6cc630e12dbf0e0385219c0c328410fd715f832d86a41fdd
0690b0319d520e7d0896,https://diversity.ucsf.edu/sites/default/files/2021-10/What_Women_Want-CCL.pdf,2026-10-04T21:49:14.571249+00:00,ucsf.edu,False,http_error,403.0,https://diversity.ucsf.edu/sites/default/files/2021-10/What_Women_Want-CCL.pdf,5736.0,not_extracted,0,0,,text/html; charset=UTF-8,,,,,,0.0,,
0742b9af9ece859bf07b,https://cambridge.org/core/journals/journal-of-management-and-organization/article/enablers-of-successful-employment-outcomes-for-people-with-disabilities/70CE36BB411E2FEE264B21653F4C865B,2026-10-04T21:49:16.070631+00:00,cambridge.org,False,http_error,429.0,https://www.cambridge.org/core/journals/journal-of-management-and-organization/article/enablers-of-successful-employment-outcomes-for-people-with-disabilities/70CE36BB411E2FEE264B21653F4C865B,1302.0,not_extracted,0,0,,text/html; charset=utf-8,,,,,,0.0,,
07d768cf05082991df42,https://rueinsurance.com/blog/the-role-of-employee-benefits-in-talent-retention-and-recruitment,2026-10-04T21:49:16.717312+00:00,rueinsurance.com,True,downloaded,200.0,https://www.rueinsurance.com/blog/the-role-of-employee-benefits-in-talent-retention-and-recruitment/,228961.0,success,4046,579,html,text/html; charset=UTF-8,The Role of Employee Benefits in Talent Retention and Recruitment - Rue Insurance,Rue Insurance,2024-09-05,Rue Insurance,https://www.rueinsurance.com/blog/the-role-of-employee-benefits-in-talent-retention-and-recruitment/,0.0,07d768cf05082991df42.txt,9186ebe85f529fb9fef31a0246c3b67527f70d1f617cc0036ac62af0a452ecbd
07f365dab35a937791bf,https://digitalgovernmenthub.org/library/racial-and-ethnic-differences-in-experiencing-administrative-burdens-in-public-benefit-programs,2026-10-04T21:49:17.577094+00:00,digitalgovernmenthub.org,False,robots_disallowed,,https://digitalgovernmenthub.org/library/racial-and-ethnic-differences-in-experiencing-administrative-burdens-in-public-benefit-programs,,not_extracted,0,0,,,,,,,,,,
082256847a9dfc55ede5,https://urban.org/urban-wire/how-can-we-advance-latino-homeownership-and-housing-stability,2026-10-04T21:49:18.934870+00:00,urban.org,False,http_error,403.0,https://www.urban.org/urban-wire/how-can-we-advance-latino-homeownership-and-housing-stability,5897.0,not_extracted,0,0,,text/html; charset=UTF-8,,,,,,0.0,,
088117956d66b5af3943,https://pmc.ncbi.nlm.nih.gov/articles/PMC12071379,2026-10-04T21:49:20.832010+00:00,nih.gov,True,downloaded,200.0,https://pmc.ncbi.nlm.nih.gov/articles/PMC12071379/,348478.0,success,88522,12980,html,text/html; charset=utf-8,Exploring the Gender Preferences for Healthcare Providers and Their Influence on Patient Satisfaction,Felician Andrew Kitole; Zaiba Ali; Jiayi Song; Mochammad Fahlevi; Mohammed Aljuaid; Petra Heidler; Muhammad Ali Yahya; Muhammad Shahid,2025-05-05,Healthcare,https://pmc.ncbi.nlm.nih.gov/articles/PMC12071379/,0.0,088117956d66b5af3943.txt,cea8a75f2d36a4532f637f1baffcf557696217c2b6e9e1d80cd23161a1b9046f
0a816f83daddf6c98cb8,https://nerdwallet.com/credit-cards/learn/how-lgbtq-americans-can-build-credit,2026-10-04T21:49:21.218658+00:00,nerdwallet.com,False,http_error,403.0,https://www.nerdwallet.com/credit-cards/learn/how-lgbtq-americans-can-build-credit,5787.0,not_extracted,0,0,,text/html; charset=UTF-8,,,,,,0.0,,
0ac23f6d518c26d4f998,https://ne.bank/factors-that-influence-your-credit-score,2026-10-04T21:49:21.794640+00:00,ne.bank,True,downloaded,200.0,https://www.ne.bank/factors-that-influence-your-credit-score,43407.0,success,5198,815,html,text/html; charset=utf-8,Factors That Influence Your Credit Score,,2023-04-25,ne.bank,https://www.ne.bank/factors-that-influence-your-credit-score,0.0,0ac23f6d518c26d4f998.txt,a70afa5d6c3771227aa3463b554c8a122d4cc5ffc5978a128183968351a370b5
0c57351b8802c26990d0,https://hepi.ac.uk/2024/05/23/trans-and-non-binary-student-experiences-in-higher-education,2026-10-04T21:49:22.058600+00:00,hepi.ac.uk,True,downloaded,200.0,https://www.hepi.ac.uk/2024/05/23/trans-and-non-binary-student-experiences-in-higher-education/,56509.0,success,7902,1248,html,text/html; charset=UTF-8,Trans and non-binary student experiences in higher education - HEPI,HEPI,2024-05-23,HEPI,https://www.hepi.ac.uk/2024/05/23/trans-and-non-binary-student-experiences-in-higher-education/,0.0,0c57351b8802c26990d0.txt,49eff90d22b6a27cbea9a3a05389da2c5608462b4aa40b80a48c2d3515b52770
0c65e50f9e1dfd01c944,https://arrowbenefitsgroup.com/5-ways-employers-can-attract-and-retain-a-hispanic-workforce,2026-10-04T21:49:23.060492+00:00,arrowbenefitsgroup.com,True,downloaded,200.0,https://patriotgis.com/locations/patriot-ca3/petaluma-ca,297990.0,success,246,35,html,text/html,Partner,,2026-08-06,patriotgis.com,https://patriotgis.com/locations/patriot-ca3/petaluma-ca,0.0,0c65e50f9e1dfd01c944.txt,882d6a718147167fcd4d85892b8d0a6dbdb645c3807265cd391f48787f984188
0cddeb593865510a8c02,https://cepr.net/publications/the-continuing-power-of-white-preferences-in-employment,2026-10-04T21:49:26.041674+00:00,cepr.net,False,http_error,403.0,https://cepr.net/publications/the-continuing-power-of-white-preferences-in-employment,5773.0,not_extracted,0,0,,text/html; charset=UTF-8,,,,,,0.0,,
0d44401569dfb4f654b6,https://medschool.lsuhsc.edu/physiology/docs/Belief%20and%20Traditions%20that%20impact%20the%20Latino%20Healthcare.pdf,2026-10-04T21:49:26.210779+00:00,lsuhsc.edu,True,downloaded,200.0,https://medschool.lsuhsc.edu/physiology/docs/Belief%20and%20Traditions%20that%20impact%20the%20Latino%20Healthcare.pdf,2648037.0,success,21468,3103,pdf,application/pdf,,,,,,0.0,0d44401569dfb4f654b6.txt,4c0b0e351290e850ce4bc0d7ff87c9f1a3f67aa723203a91341e805b769cdd12
0d7c239e0d86cd558a38,https://aft.org/ae/spring2004/rosenbaum_sb3,2026-10-04T21:49:28.680598+00:00,aft.org,True,downloaded,200.0,https://www.aft.org/ae/spring2004/rosenbaum_sb3,59802.0,success,3603,551,html,text/html; charset=UTF-8,High School Preparation Is the Best Predictor of College Graduation,,2023-09-29,American Federation of Teachers,https://www.aft.org/ae/spring2004/rosenbaum_sb3,0.0,0d7c239e0d86cd558a38.txt,08b8bed5875b161b97f4785beebaa48ee1465409365deec25b1be1107600dc4d
0e0fac479dc099220bd9,https://lifescied.org/doi/10.1187/cbe.21-05-0136,2026-10-04T21:49:28.692563+00:00,lifescied.org,False,http_error,403.0,https://lifescied.org/doi/10.1187/cbe.21-05-0136,5745.0,not_extracted,0,0,,text/html; charset=UTF-8,,,,,,0.0,,
0f17405e5758e87df3eb,https://pmc.ncbi.nlm.nih.gov/articles/PMC12193340,2026-10-04T21:49:30.742509+00:00,nih.gov,True,downloaded,200.0,https://pmc.ncbi.nlm.nih.gov/articles/PMC12193340,21368.0,success,131,18,html,text/html; charset=utf-8,Checking your browser,,2026-09-11,google.com,https://www.google.com/recaptcha/challengepage,0.0,0f17405e5758e87df3eb.txt,febad3f3fe620c1fa70fbdc5b5d462a0bb66ad2faf9e39bbd8dd6eaad086906d
0f300310270b221c6852,https://pmc.ncbi.nlm.nih.gov/articles/PMC10120812,2026-10-04T21:49:30.743704+00:00,nih.gov,True,downloaded,200.0,https://pmc.ncbi.nlm.nih.gov/articles/PMC10120812,21368.0,success,131,18,html,text/html; charset=utf-8,Checking your browser,,2026-09-11,google.com,https://www.google.com/recaptcha/challengepage,0.0,0f300310270b221c6852.txt,febad3f3fe620c1fa70fbdc5b5d462a0bb66ad2faf9e39bbd8dd6eaad086906d
0ff41840918eb3b01759,https://cms.gov/priorities/innovation/key-concepts/person-centered-care,2026-10-04T21:49:31.457966+00:00,cms.gov,True,downloaded,200.0,https://www.cms.gov/priorities/innovation/key-concepts/person-centered-care,197843.0,success,3555,526,html,text/html; charset=utf-8,Person-Centered Care,,2022-05-01,cms.gov,https://www.cms.gov/priorities/innovation/key-concepts/person-centered-care,0.0,0ff41840918eb3b01759.txt,59cd15066ae0da22a0aa139bdbf8a0343cc39be534bbe5dcd66c48470bec3069
106b0fe63a30b516b0bb,https://bestcolleges.com/resources/credit-literacy-black-hispanic-students,2026-10-04T21:49:32.200225+00:00,bestcolleges.com,True,downloaded,200.0,https://www.bestcolleges.com/resources/credit-literacy-black-hispanic-students/,411367.0,success,11360,1769,html,text/html; charset=utf-8,Why Credit Literacy Is Important for Black and Hispanic Students | BestColleges,Ciera Graham; Ph D,2022-02-10,bestcolleges.com,https://www.bestcolleges.com/resources/credit-literacy-black-hispanic-students/,0.0,106b0fe63a30b516b0bb.txt,60daeda064b6c0e629741ba72748703600b9cd8799d4b3fe1d72df68c69025a0
118e6c2dec06a18e607a,https://ushe.edu/4-takeaways-on-latino-college-attainment-from-new-report,2026-10-04T21:49:33.686732+00:00,ushe.edu,False,http_error,503.0,https://ushe.edu/4-takeaways-on-latino-college-attainment-from-new-report,18061.0,not_extracted,0,0,,text/html; charset=UTF-8,,,,,,0.0,,
11c50bdab6b589915466,https://houstonpublicmedia.org/articles/news/2017/04/12/195889/how-factors-before-college-impact-success-for-students-of-color,2026-10-04T21:49:33.985718+00:00,houstonpublicmedia.org,True,downloaded,200.0,https://www.houstonpublicmedia.org/articles/news/2017/04/12/195889/how-factors-before-college-impact-success-for-students-of-color/,116365.0,success,1363,220,html,text/html; charset=UTF-8,How Factors Before College Impact Success For Students Of Color | Houston Public Media,Laura Isensee,2017-04-12,Houston Public Media,https://www.houstonpublicmedia.org/articles/news/2017/04/12/195889/how-factors-before-college-impact-success-for-students-of-color/,0.0,11c50bdab6b589915466.txt,edd1ab585b290fd5b1ff29aa5ab32d45df5bf2545ca526f1a0a63fd50a51ac94
1242d8d7be328cbd3b29,https://home.treasury.gov/news/featured-stories/racial-differences-in-economic-security-housing,2026-10-04T21:49:35.161802+00:00,treasury.gov,True,downloaded,200.0,https://home.treasury.gov/news/featured-stories/racial-differences-in-economic-security-housing,92586.0,success,17707,2541,html,text/html; charset=utf-8,Racial Differences in Economic Security: Housing,,2022-11-04,U.S. Department of the Treasury,https://home.treasury.gov/news/featured-stories/racial-differences-in-economic-security-housing,0.0,1242d8d7be328cbd3b29.txt,f9cd59d2742788287cb745cf4693f16080cc6bea29c6320567e31449840566d3
12fac6fff89bb7676377,https://rand.org/pubs/research_reports/RRA108-26.html,2026-10-04T21:49:36.226494+00:00,rand.org,False,http_error,403.0,https://www.rand.org:443/pubs/research_reports/RRA108-26.html,919.0,not_extracted,0,0,,text/html,,,,,,0.0,,
13102169fdbf1093ca52,https://ncsl.org/civil-and-criminal-justice/racial-and-ethnic-disparities-in-the-criminal-justice-system,2026-10-04T21:49:37.922186+00:00,ncsl.org,False,http_error,403.0,https://ncsl.org/civil-and-criminal-justice/racial-and-ethnic-disparities-in-the-criminal-justice-system,5915.0,not_extracted,0,0,,text/html; charset=UTF-8,,,,,,0.0,,
13d6cf4b07f62ebe6b53,https://pewresearch.org/short-reads/2021/11/08/whats-behind-the-growing-gap-between-men-and-women-in-college-completion,2026-10-04T21:49:39.543344+00:00,pewresearch.org,True,downloaded,200.0,https://www.pewresearch.org/short-reads/2021/11/08/whats-behind-the-growing-gap-between-men-and-women-in-college-completion/,364185.0,success,7289,1220,html,text/html; charset=UTF-8,What’s behind the growing gap between men and women in college completion?,Kim Parker,2021-11-08,Pew Research Center,https://www.pewresearch.org/short-reads/2021/11/08/whats-behind-the-growing-gap-between-men-and-women-in-college-completion/,0.0,13d6cf4b07f62ebe6b53.txt,2c3e7f8506ef15b97be9d20d60ea3eda8069468e87b1ad3091a30ee21984c424
14062608ce340f034956,https://pmc.ncbi.nlm.nih.gov/articles/PMC7978650,2026-10-04T21:49:40.243946+00:00,nih.gov,True,downloaded,200.0,https://pmc.ncbi.nlm.nih.gov/articles/PMC7978650/,238447.0,success,72775,10943,html,text/html; charset=utf-8,Why Gayborhoods Matter: The Street Empirics of Urban Sexualities,Amin Ghaziani,2020-11-30,The Life and Afterlife of Gay Neighborhoods,https://pmc.ncbi.nlm.nih.gov/articles/PMC7978650/,0.0,14062608ce340f034956.txt,6e6f0937954f2ebc4aeae339be0c5524ef37af7287f52a34efa620f32128439b
142f444ec94676e1d738,https://journals.sagepub.com/doi/10.1177/0022427818817338,2026-10-04T21:49:41.042033+00:00,sagepub.com,False,http_error,403.0,https://journals.sagepub.com/doi/10.1177/0022427818817338,5716.0,not_extracted,0,0,,text/html; charset=UTF-8,,,,,,0.0,,
1460345eb59d8d0ee6fb,https://unwomen.org/en/what-we-do/economic-empowerment/facts-and-figures,2026-10-04T21:49:42.240712+00:00,unwomen.org,True,downloaded,200.0,https://www.unwomen.org/en/what-we-do/economic-empowerment/facts-and-figures,781352.0,success,25580,3386,html,text/html; charset=UTF-8,Facts and Figures: Economic Empowerment,,2018-05-31,UN Women – Headquarters,https://www.unwomen.org/en/what-we-do/economic-empowerment/facts-and-figures,0.0,1460345eb59d8d0ee6fb.txt,6775364a32675c0b33456508a5eb713743e39d89b6796c9fbf541d07cadb7927
146b551e2988d5513d6b,https://pmc.ncbi.nlm.nih.gov/articles/PMC12628517,2026-10-04T21:49:42.624017+00:00,nih.gov,True,downloaded,200.0,https://pmc.ncbi.nlm.nih.gov/articles/PMC12628517,21368.0,success,131,18,html,text/html; charset=utf-8,Checking your browser,,2026-09-11,google.com,https://www.google.com/recaptcha/challengepage,0.0,146b551e2988d5513d6b.txt,febad3f3fe620c1fa70fbdc5b5d462a0bb66ad2faf9e39bbd8dd6eaad086906d
14f08c349d13ed6efc71,https://americanprogress.org/article/latino-workers-continue-to-experience-a-shortage-of-good-jobs,2026-10-04T21:49:43.103171+00:00,americanprogress.org,False,http_error,403.0,https://www.americanprogress.org/article/latino-workers-continue-to-experience-a-shortage-of-good-jobs,5878.0,not_extracted,0,0,,text/html; charset=UTF-8,,,,,,0.0,,
15042b6ae49d928a1613,https://cbia.com/news/hr-safety/how-do-men-and-women-differ-when-it-comes-to-choosing-an-employer,2026-10-04T21:49:43.295579+00:00,cbia.com,False,http_error,403.0,https://cbia.com/news/hr-safety/how-do-men-and-women-differ-when-it-comes-to-choosing-an-employer,5873.0,not_extracted,0,0,,text/html; charset=UTF-8,,,,,,0.0,,
154a97499e51529c7bcf,https://pmc.ncbi.nlm.nih.gov/articles/PMC11966724,2026-10-04T21:49:43.297430+00:00,nih.gov,True,downloaded,200.0,https://pmc.ncbi.nlm.nih.gov/articles/PMC11966724,21367.0,success,131,18,html,text/html; charset=utf-8,Checking your browser,,2026-09-11,google.com,https://www.google.com/recaptcha/challengepage,0.0,154a97499e51529c7bcf.txt,febad3f3fe620c1fa70fbdc5b5d462a0bb66ad2faf9e39bbd8dd6eaad086906d
16129930a6a70acfc08a,https://digitalcommons.nl.edu/cgi/viewcontent.cgi?article=1635&context=diss,2026-10-04T21:49:44.060575+00:00,nl.edu,False,http_error,403.0,https://digitalcommons.nl.edu/cgi/viewcontent.cgi?article=1635&context=diss,5768.0,not_extracted,0,0,,text/html; charset=UTF-8,,,,,,0.0,,
16780406588b3c1eea14,https://ms.now/know-your-value/being-woman-hurts-your-credit-score-here-s-what-you-n948141,2026-10-04T21:49:44.449925+00:00,ms.now,True,downloaded,200.0,https://www.ms.now/know-your-value/being-woman-hurts-your-credit-score-here-s-what-you-n948141,356984.0,success,3536,607,html,text/html; charset=UTF-8,Being a woman hurts your credit score — Here's what you can do about it,Laura Haverty,2018-12-17,MS NOW,https://www.ms.now/know-your-value/being-woman-hurts-your-credit-score-here-s-what-you-n948141,0.0,16780406588b3c1eea14.txt,aa8e4d34fbba08a27d1f5058e1ace010aeb44fd1c5f2c8918483e1e4b87f2629
1760483afe70176c1873,https://healthaffairs.org/content/briefs/administrative-burdens-can-harm-health-1773889203949,2026-10-04T21:49:45.860888+00:00,healthaffairs.org,False,http_error,403.0,https://healthaffairs.org/content/briefs/administrative-burdens-can-harm-health-1773889203949,5894.0,not_extracted,0,0,,text/html; charset=UTF-8,,,,,,0.0,,
17fcd7ac3b660ff51bee,https://tandfonline.com/doi/full/10.1080/21565503.2026.2659278,2026-10-04T21:49:46.553674+00:00,tandfonline.com,False,http_error,403.0,https://tandfonline.com/doi/full/10.1080/21565503.2026.2659278,5783.0,not_extracted,0,0,,text/html; charset=UTF-8,,,,,,0.0,,
188c11a92280307818e0,https://blog.ifebp.org/empowering-women-by-supporting-their-well-being-at-work,2026-10-04T21:49:47.251572+00:00,ifebp.org,True,downloaded,200.0,https://blog.ifebp.org/empowering-women-by-supporting-their-well-being-at-work/,158896.0,success,7812,1160,html,text/html; charset=UTF-8,Empowering Women by Supporting Their Well-Being at Work - Word on Benefits,Ashton DeMoss; CWP,2025-03-07,Word on Benefits,https://blog.ifebp.org/empowering-women-by-supporting-their-well-being-at-work/,0.0,188c11a92280307818e0.txt,ccadd97c4f265b2f02d4e035d7fa4570d958a7930128543d73b6e4822ec86149
18df31ff3bbad53851b2,https://scholarworks.lib.csusb.edu/cgi/viewcontent.cgi?article=3105&context=etd,2026-10-04T21:49:49.565196+00:00,csusb.edu,False,http_error,403.0,https://scholarworks.lib.csusb.edu/cgi/viewcontent.cgi?article=3105&context=etd,5792.0,not_extracted,0,0,,text/html; charset=UTF-8,,,,,,0.0,,
19034c7a6ae5b1080827,https://aacn.org/blog/caring-for-lgbtq-patients-in-critical-and-progressive-care,2026-10-04T21:49:49.598114+00:00,aacn.org,True,downloaded,200.0,https://www.aacn.org/blog/caring-for-lgbtq-patients-in-critical-and-progressive-care,76810.0,success,9574,1387,html,text/html; charset=utf-8,Caring for LGBTQ+ Patients in Critical and Progressive Care,Luis E Caso Vega He; Him; Él; MBA; BSN; CEN; CPEN; NE-BC; TCRN,2025-01-13,AACN,https://www.aacn.org/blog/caring-for-lgbtq-patients-in-critical-and-progressive-care,0.0,19034c7a6ae5b1080827.txt,c52536c31cbe46b35aa0be0ee68cdbf29eac3b9feea08b7b1626429e473f29ee
19fdfb66682fd45b9bf3,https://outandequal.org/resource/3insights-financialservicessector,2026-10-04T21:49:50.420260+00:00,outandequal.org,True,downloaded,200.0,https://outandequal.org/resource/3insights-financialservicessector/,188987.0,success,15140,2294,html,text/html; charset=UTF-8,From Knowledge to Action: How the Financial Services Sector Can Better Serve the LGBTQ+ Community | Out & Equal,,2026-01-05,Out & Equal,https://outandequal.org/resource/3insights-financialservicessector/,0.0,19fdfb66682fd45b9bf3.txt,c313db0006f025ac0be48a29e2b9f5d9f92bb9b36f2beea4dac0c48013e9dc09
1a34459d27fa1e3fe593,https://link.springer.com/article/10.1007/s11162-024-09806-6,2026-10-04T21:49:50.897107+00:00,springer.com,False,robots_disallowed,,https://link.springer.com/article/10.1007/s11162-024-09806-6,,not_extracted,0,0,,,,,,,,,,
1a725be3b66986312a19,https://pmc.ncbi.nlm.nih.gov/articles/PMC5060265,2026-10-04T21:49:51.370654+00:00,nih.gov,True,downloaded,200.0,https://pmc.ncbi.nlm.nih.gov/articles/PMC5060265,21365.0,success,131,18,html,text/html; charset=utf-8,Checking your browser,,2026-09-11,google.com,https://www.google.com/recaptcha/challengepage,0.0,1a725be3b66986312a19.txt,febad3f3fe620c1fa70fbdc5b5d462a0bb66ad2faf9e39bbd8dd6eaad086906d
1a9101111b6eed554e0e,https://journals.uchicago.edu/doi/pdf/10.1086/741961,2026-10-04T21:49:52.414794+00:00,uchicago.edu,False,http_error,403.0,https://journals.uchicago.edu/doi/pdf/10.1086/741961,5763.0,not_extracted,0,0,,text/html; charset=UTF-8,,,,,,0.0,,
1aad9983f34d90d8b510,https://communitycommons.org/collections/The-Power-of-Inclusive-Spaces-LGBTQIA-Health-and-Well-Being,2026-10-04T21:49:54.259878+00:00,communitycommons.org,True,downloaded,200.0,https://communitycommons.org/collections/The-Power-of-Inclusive-Spaces-LGBTQIA-Health-and-Well-Being,1091057.0,success,11120,1594,html,text/html; charset=utf-8,The Power of Inclusive Spaces: LGBTQIA+ Health and Well-Being,,2018-02-15,communitycommons.org,https://communitycommons.org/collections/The-Power-of-Inclusive-Spaces-LGBTQIA-Health-and-Well-Being,0.0,1aad9983f34d90d8b510.txt,c5112560c03d1056e5f179b49cc80a6ef8dac07699866434a3e49eafc9efb0c4
1b398c139aac25fe39d2,https://theregreview.org/2023/08/17/torriente-how-the-administrative-state-fails-people-with-disabilities,2026-10-04T21:49:54.619385+00:00,theregreview.org,False,http_error,504.0,https://www.theregreview.org/2023/08/17/torriente-how-the-administrative-state-fails-people-with-disabilities/,0.0,not_extracted,0,0,,text/html; charset=UTF-8,,,,,,0.0,,
1b4b15d8b03aa3beb794,https://pmc.ncbi.nlm.nih.gov/articles/PMC12645493,2026-10-04T21:49:55.809932+00:00,nih.gov,True,downloaded,200.0,https://pmc.ncbi.nlm.nih.gov/articles/PMC12645493,21367.0,success,131,18,html,text/html; charset=utf-8,Checking your browser,,2026-09-11,google.com,https://www.google.com/recaptcha/challengepage,0.0,1b4b15d8b03aa3beb794.txt,febad3f3fe620c1fa70fbdc5b5d462a0bb66ad2faf9e39bbd8dd6eaad086906d
1d95a7b5505efb352e33,https://pmc.ncbi.nlm.nih.gov/articles/PMC2655171,2026-10-04T21:49:56.034192+00:00,nih.gov,True,downloaded,200.0,https://pmc.ncbi.nlm.nih.gov/articles/PMC2655171,21365.0,success,131,18,html,text/html; charset=utf-8,Checking your browser,,2026-09-11,google.com,https://www.google.com/recaptcha/challengepage,0.0,1d95a7b5505efb352e33.txt,febad3f3fe620c1fa70fbdc5b5d462a0bb66ad2faf9e39bbd8dd6eaad086906d
1dbf5f1c2b42cc485259,https://bjs.ojp.gov/press-release/contacts-between-police-and-public-2020,2026-10-04T21:49:56.538653+00:00,ojp.gov,True,downloaded,200.0,https://bjs.ojp.gov/press-release/contacts-between-police-and-public-2020,56946.0,success,4555,725,html,text/html; charset=UTF-8,"Contacts Between Police and the Public, 2020",,2022-11-18,Bureau of Justice Statistics,https://bjs.ojp.gov/press-release/contacts-between-police-and-public-2020,0.0,1dbf5f1c2b42cc485259.txt,4172dd55768fc107bcc154425f4853e6750b5ea1968b9dd4aaf8ec3ca9699c00
1e6febaa16271ee1f294,https://scholarworks.brandeis.edu/esploro/outputs/journalArticle/Severe-housing-and-neighborhood-inequities-of/9924103794801921,2026-10-04T21:49:56.699159+00:00,brandeis.edu,True,downloaded,200.0,https://scholarworks.brandeis.edu/esploro/outputs/journalArticle/Severe-housing-and-neighborhood-inequities-of/9924103794801921,2328.0,success,49,7,html,text/html,Research Portal,,,scholarworks.brandeis.edu,https://scholarworks.brandeis.edu/esploro/outputs/journalArticle/Severe-housing-and-neighborhood-inequities-of/9924103794801921,0.0,1e6febaa16271ee1f294.txt,ab9ca5511b6b961a06ea1324ec31ae3b87fcfebf70c33f1206301bd27ea9936f
1f4014adae6630be5014,https://habitat.org/sites/default/files/documents/Improving-Quality-Life-Across-Neighborhoods-Report.pdf,2026-10-04T21:49:56.805979+00:00,habitat.org,True,downloaded,200.0,https://www.habitat.org/sites/default/files/documents/Improving-Quality-Life-Across-Neighborhoods-Report.pdf,2282178.0,success,230084,31121,pdf,application/pdf,,,,,,0.0,1f4014adae6630be5014.txt,c18aa202567b3ebeda6865769501dec8e036173caf7f0beb2f20895391798983
1f9f5fbab0ecfc7f40ed,https://alight.com/blog/providing-benefits-hispanic-employees,2026-10-04T21:49:57.419366+00:00,alight.com,True,downloaded,200.0,https://www.alight.com:443/blog/providing-benefits-hispanic-employees,241290.0,success,3283,499,html,text/html; charset=utf-8,Providing benefits for Hispanic employees,,2026-01-01,The Alight Blog,https://www.alight.com/blog/providing-benefits-hispanic-employees,0.0,1f9f5fbab0ecfc7f40ed.txt,953a06d4562ad0846a7d5681be4ebd376c5c209455f5954ac90d65d44b7d33cb
201b255c7bfed6b4cd93,https://journals.uchicago.edu/doi/10.1086/599248,2026-10-04T21:49:59.836540+00:00,uchicago.edu,False,http_error,403.0,https://journals.uchicago.edu/doi/10.1086/599248,5751.0,not_extracted,0,0,,text/html; charset=UTF-8,,,,,,0.0,,
20254c71cc251f7070b5,https://adp.com/spark/articles/2024/10/how-unique-employee-benefits-can-give-you-an-edge-in-recruiting.aspx,2026-10-04T21:50:00.474731+00:00,adp.com,False,http_error,403.0,https://www.adp.com/spark/articles/2024/10/how-unique-employee-benefits-can-give-you-an-edge-in-recruiting.aspx,514.0,not_extracted,0,0,,text/html,,,,,,0.0,,
22594988258ac1781dd7,https://academic.oup.com/jpart/article/36/2/145/8445902,2026-10-04T21:50:00.656713+00:00,oup.com,False,http_error,403.0,https://academic.oup.com/jpart/article/36/2/145/8445902,5624.0,not_extracted,0,0,,text/html; charset=UTF-8,,,,,,0.0,,
22ab20355e00520e497f,https://cew.georgetown.edu/cew-reports/raceandgoodjobs,2026-10-04T21:50:00.922237+00:00,georgetown.edu,True,downloaded,200.0,https://cew.georgetown.edu/cew-reports/raceandgoodjobs/,438693.0,success,468,79,html,text/html; charset=UTF-8,The Unequal Race for Good Jobs: How Whites Made Outsized Gains in Education and Good Jobs Compared to Blacks and Latinos - CEW Georgetown,,2024-08-13,CEW Georgetown,https://cew.georgetown.edu/cew-reports/raceandgoodjobs/,0.0,22ab20355e00520e497f.txt,b52dc8479e39e239390b023fefdbe8a2d822953fcb342af8445ebeed4fc1ed59
2512d209e8135ffdd345,https://pmc.ncbi.nlm.nih.gov/articles/PMC4802845,2026-10-04T21:50:02.880595+00:00,nih.gov,True,downloaded,200.0,https://pmc.ncbi.nlm.nih.gov/articles/PMC4802845,21365.0,success,131,18,html,text/html; charset=utf-8,Checking your browser,,2026-09-11,google.com,https://www.google.com/recaptcha/challengepage,0.0,2512d209e8135ffdd345.txt,febad3f3fe620c1fa70fbdc5b5d462a0bb66ad2faf9e39bbd8dd6eaad086906d
253669250bedd5d53be8,https://rsfjournal.org/content/9/4/1,2026-10-04T21:50:03.771974+00:00,rsfjournal.org,False,curl_error,0.0,https://rsfjournal.org/content/9/4/1,,not_extracted,0,0,,,,,,,,6.0,,
259d454d45824073697e,https://dev.cjcenter.org/_files/apcj/1_1_homophobia.pdf,2026-10-04T21:50:04.547580+00:00,cjcenter.org,True,downloaded,200.0,https://dev.cjcenter.org/_files/apcj/1_1_homophobia.pdf,145468.0,success,32400,4856,pdf,application/pdf,,,,,,0.0,259d454d45824073697e.txt,f8fb2eff8eb732726bc6bf797ed20971eedf7dc9832bb8b671f062328e9851cc
26776630231348041a4a,https://earnest.com/blog/graduation-and-retention-rates,2026-10-04T21:50:06.099914+00:00,earnest.com,False,http_error,403.0,https://www.earnest.com:443/blog/graduation-and-retention-rates,5681.0,not_extracted,0,0,,text/html; charset=UTF-8,,,,,,0.0,,
27dcc110165c384e5a4b,https://cdc.gov/mmwr/volumes/73/su/su7301a5.htm,2026-10-04T21:50:06.832992+00:00,cdc.gov,False,http_error,403.0,https://cdc.gov/mmwr/volumes/73/su/su7301a5.htm,406.0,not_extracted,0,0,,text/html,,,,,,0.0,,
28d83b1aa21caa0b2177,https://onlinelibrary.wiley.com/doi/full/10.1111/jomf.13064,2026-10-04T21:50:08.646749+00:00,wiley.com,False,http_error,403.0,https://onlinelibrary.wiley.com/doi/full/10.1111/jomf.13064,5780.0,not_extracted,0,0,,text/html; charset=UTF-8,,,,,,0.0,,
293ef7e1c6218c8e4e02,https://unidosus.org/blog/2019/05/16/latinos-housing-transportation-green-space,2026-10-04T21:50:09.292580+00:00,unidosus.org,True,downloaded,200.0,https://unidosus.org/blog/2019/05/16/latinos-housing-transportation-green-space/,90568.0,success,6840,1010,html,text/html; charset=UTF-8,"Latinos face unaffordable housing, unreliable public transit, and lack of green space",UnidosUS,2019-05-16,UnidosUS,https://unidosus.org/blog/2019/05/16/latinos-housing-transportation-green-space/,0.0,293ef7e1c6218c8e4e02.txt,fd98cf5898d83c6960c2bacf8b292a6f2ec4efa89c96503309c64e8f8c5a6202
2968b809f664f799b973,https://nlihc.org/resource/latino-households-face-challenges-accessing-housing-assistance-programs,2026-10-04T21:50:09.991358+00:00,nlihc.org,True,downloaded,200.0,https://nlihc.org/resource/latino-households-face-challenges-accessing-housing-assistance-programs,59156.0,success,3870,560,html,text/html; charset=UTF-8,Latino Households Face Challenges in Accessing Housing Assistance Programs,,2021-10-08,National Low Income Housing Coalition,https://nlihc.org/resource/latino-households-face-challenges-accessing-housing-assistance-programs,0.0,2968b809f664f799b973.txt,90d9b6ab8c48409f1a86aa87f8a0fdc27dc39140d42978d62d741b655c75bff8
2c06267c7d3e2e7c8eef,https://enablingdevices.com/blog/five-strategies-for-raising-graduation-rates-for-students-with-disabilities,2026-10-04T21:50:10.872415+00:00,enablingdevices.com,True,downloaded,200.0,https://enablingdevices.com/blog/five-strategies-for-raising-graduation-rates-for-students-with-disabilities/,216547.0,success,4357,658,html,text/html; charset=UTF-8,Five Strategies for Raising Graduation Rates for Students with Disabilities,Betty Bell,2017-05-23,Enabling Devices,https://enablingdevices.com/blog/five-strategies-for-raising-graduation-rates-for-students-with-disabilities/,0.0,2c06267c7d3e2e7c8eef.txt,be5cc7254fd15ddf88c0644fa36c2cfdb502f31a05e22e12a346b4554a4642f3
2c295df3c03b538ba923,https://guardianlife.com/making-your-benefits-strategy-work-for-women,2026-10-04T21:50:13.165764+00:00,guardianlife.com,True,downloaded,200.0,https://www.guardianlife.com/making-your-benefits-strategy-work-for-women,207609.0,success,3726,567,html,text/html; charset=utf-8,How to build a benefits strategy that supports women in the workplace | Guardian,,2025-07-01,GuardianLife,https://www.guardianlife.com/making-your-benefits-strategy-work-for-women,0.0,2c295df3c03b538ba923.txt,65d794ee376565994648b8ed0b32a8a433c645d40395db56b367e77264bceec5
2d74101ff5f3e143e9b1,https://pmc.ncbi.nlm.nih.gov/articles/PMC3298673,2026-10-04T21:50:13.594384+00:00,nih.gov,True,downloaded,200.0,https://pmc.ncbi.nlm.nih.gov/articles/PMC3298673,21365.0,success,131,18,html,text/html; charset=utf-8,Checking your browser,,2026-09-11,google.com,https://www.google.com/recaptcha/challengepage,0.0,2d74101ff5f3e143e9b1.txt,febad3f3fe620c1fa70fbdc5b5d462a0bb66ad2faf9e39bbd8dd6eaad086906d
2de6202ca94c0e10a9c0,https://hispanicresearchcenter.org/research-resources/child-care-subsidy-staff-share-perspectives-on-administrative-burden-faced-by-latino-applicants-in-north-carolina,2026-10-04T21:50:13.604902+00:00,hispanicresearchcenter.org,True,downloaded,200.0,https://www.hispanicresearchcenter.org/research-resources/child-care-subsidy-staff-share-perspectives-on-administrative-burden-faced-by-latino-applicants-in-north-carolina/,281591.0,success,13419,1830,html,text/html; charset=UTF-8,Child Care Subsidy Staff Share Perspectives on Administrative Burden Faced by Latino Applicants in North Carolina - Hispanic Research Center,Authors,2025-09-29,Hispanic Research Center,https://www.hispanicresearchcenter.org/research-resources/child-care-subsidy-staff-share-perspectives-on-administrative-burden-faced-by-latino-applicants-in-north-carolina/,0.0,2de6202ca94c0e10a9c0.txt,627db342bb59592cbed7d26ba3ad855371e94e8652c756bd776b9c79a7027dd2
2e06249f6de4595dd325,https://workrisenetwork.org/working-knowledge/better-business-outcomes-here-are-basics-lgbtq-workplace-policies-and-practices,2026-10-04T21:50:13.969901+00:00,workrisenetwork.org,False,http_error,403.0,https://workrisenetwork.org/working-knowledge/better-business-outcomes-here-are-basics-lgbtq-workplace-policies-and-practices,6020.0,not_extracted,0,0,,text/html; charset=UTF-8,,,,,,0.0,,
2e7148b6e1a950974deb,https://healthriskgroupbenefits.ca/blogs/what-men-seek-in-their-employee-benefits-plans,2026-10-04T21:50:16.725238+00:00,healthriskgroupbenefits.ca,False,http_error,403.0,https://healthriskgroupbenefits.ca/blogs/what-men-seek-in-their-employee-benefits-plans,606.0,not_extracted,0,0,,text/html; charset=iso-8859-1,,,,,,0.0,,
2eab419b4444beb43aac,https://azprimaryclinic.com/mens-health-breaking-down-barriers-to-healthcare-engagement,2026-10-04T21:50:16.838586+00:00,azprimaryclinic.com,True,downloaded,200.0,https://azprimaryclinic.com/mens-health-breaking-down-barriers-to-healthcare-engagement/,89165.0,success,5090,762,html,text/html; charset=UTF-8,Men’s Health: Breaking Down Barriers to Healthcare Engagement -,Developer,2024-12-18,Men’s Health: Breaking Down Barriers to Healthcare Engagement -,https://azprimaryclinic.com/mens-health-breaking-down-barriers-to-healthcare-engagement/,0.0,2eab419b4444beb43aac.txt,8109033dbbf0843b42dc8b1a6c1076378bf167642c99271e9b10e7188d9c3f6b
2fa4aff7aa2c4fd339ea,https://jpna.org/index.php/jpna/article/download/723/473/4203,2026-10-04T21:50:17.200819+00:00,jpna.org,True,downloaded,200.0,https://jpna.org/index.php/jpna/article/download/723/473/4203,438786.0,success,90340,12434,pdf,application/pdf,,,,,,0.0,2fa4aff7aa2c4fd339ea.txt,9a0daad25464c4c73e5e456b33530ec8fe5170b531bb1eee49a48eb4e4dafc4d
2faa5423b0ef0b1013d9,https://pmc.ncbi.nlm.nih.gov/articles/PMC7893374,2026-10-04T21:50:20.231145+00:00,nih.gov,True,downloaded,200.0,https://pmc.ncbi.nlm.nih.gov/articles/PMC7893374/,231651.0,success,81654,12185,html,text/html; charset=utf-8,Experiences of Hispanic Families with Social Services in the Racially Segregated Southeast: Views from Administrators and Workers in North Carolina,Carolyn Y Barnes; Lisa A Gennetian,2021-02-19,Race and Social Problems,https://pmc.ncbi.nlm.nih.gov/articles/PMC7893374/,0.0,2faa5423b0ef0b1013d9.txt,c38920b8554b87bd578bf620e8b75a5df5bdfc226e3d11d2185410dfefcf73cd
2fdbeb3ae29c8c995e4e,https://giesbusiness.illinois.edu/news/2025/11/12/new-research-reveals-widespread-bias--inefficiency-in-credit-scoring-and-mortgage-lending,2026-10-04T21:50:20.681078+00:00,illinois.edu,True,downloaded,200.0,https://giesbusiness.illinois.edu/news/2025/11/12/new-research-reveals-widespread-bias--inefficiency-in-credit-scoring-and-mortgage-lending,49387.0,success,8244,1104,html,text/html; charset=utf-8,"New research reveals widespread bias, inefficiency in credit scoring and mortgage lending",,2025-11-12,Gies College of Business,https://giesbusiness.illinois.edu/news/2025/11/12/new-research-reveals-widespread-bias--inefficiency-in-credit-scoring-and-mortgage-lending,0.0,2fdbeb3ae29c8c995e4e.txt,695e9682409f27767ec248cf12897c7db84427f12c5a2e47feaf22bdfb50aebd
30671a6db16a0b10e5cc,https://pmc.ncbi.nlm.nih.gov/articles/PMC7465578,2026-10-04T21:50:22.919734+00:00,nih.gov,True,downloaded,200.0,https://pmc.ncbi.nlm.nih.gov/articles/PMC7465578,21364.0,success,131,18,html,text/html; charset=utf-8,Checking your browser,,2026-09-11,google.com,https://www.google.com/recaptcha/challengepage,0.0,30671a6db16a0b10e5cc.txt,febad3f3fe620c1fa70fbdc5b5d462a0bb66ad2faf9e39bbd8dd6eaad086906d
309f1ce9646689c3f05d,https://pmc.ncbi.nlm.nih.gov/articles/PMC9887369,2026-10-04T21:50:23.141596+00:00,nih.gov,True,downloaded,200.0,https://pmc.ncbi.nlm.nih.gov/articles/PMC9887369,21365.0,success,131,18,html,text/html; charset=utf-8,Checking your browser,,2026-09-11,google.com,https://www.google.com/recaptcha/challengepage,0.0,309f1ce9646689c3f05d.txt,febad3f3fe620c1fa70fbdc5b5d462a0bb66ad2faf9e39bbd8dd6eaad086906d
31170aed7eff219c8a63,https://mercer.com/en-us/insights/talent-and-transformation/diversity-equity-and-inclusion/how-employee-benefits-and-dei-initiatives-affect-black-employees,2026-10-04T21:50:23.210635+00:00,mercer.com,True,downloaded,200.0,https://www.mercer.com/en-us/insights/talent-and-transformation/diversity-equity-and-inclusion/how-employee-benefits-and-dei-initiatives-affect-black-employees/,147980.0,success,5563,814,html,text/html;charset=utf-8,How employee benefits and DEI initiatives affect Black employees,,2026-08-24,mercer.com,https://www.mercer.com/en-us/insights/talent-and-transformation/diversity-equity-and-inclusion/how-employee-benefits-and-dei-initiatives-affect-black-employees/,0.0,31170aed7eff219c8a63.txt,fdec5a7522fb5b84a069873fbab2a1e80fa9d36a2d2719684dd807c096d0522f
3292cba3222c2ea4a25d,https://resource.medpro.com/lgbt-patient-care-removed,2026-10-04T21:50:23.711610+00:00,medpro.com,True,downloaded,200.0,https://resource.medpro.com/lgbt-patient-care-removed,74119.0,success,9111,1272,html,text/html;charset=UTF-8,Providing Culturally Competent Care for LGBT Patients,,2018-01-01,resource.medpro.com,https://resource.medpro.com/lgbt-patient-care-removed,0.0,3292cba3222c2ea4a25d.txt,5ec08ab15258cb2f8a093d1d616fda19d1d09282a23c4d304418ca4ae3e3f643
32ad32380ce4b97b571e,https://sciencedirect.com/science/article/abs/pii/S0047235221000490,2026-10-04T21:50:25.019146+00:00,sciencedirect.com,False,http_error,403.0,https://www.sciencedirect.com/science/article/abs/pii/S0047235221000490,1207905.0,not_extracted,0,0,,text/html; charset=UTF-8,,,,,,0.0,,
32ef3a197b576acb533f,https://ebsco.com/research-starters/ethnic-and-cultural-studies/impact-race-and-ethnicity-high-school-graduation,2026-10-04T21:50:25.072382+00:00,ebsco.com,True,downloaded,200.0,https://www.ebsco.com/research-starters/ethnic-and-cultural-studies/impact-race-and-ethnicity-high-school-graduation,191856.0,success,41843,6032,html,text/html,Impact of Race and Ethnicity on High School Graduation Rates | Ethnic and Cultural Studies | Research Starters | EBSCOhost,,2021-02-15,EBSCO,https://www.ebsco.com/,0.0,32ef3a197b576acb533f.txt,98e9171a6cc49cb6ebda370c70c5b77440067e5ef1cf65f65e96285cd4a0183c
3307192186078070dc12,https://planningmalaysia.org/index.php/pmj/article/view/Article%2010-1,2026-10-04T21:50:25.381583+00:00,planningmalaysia.org,True,downloaded,200.0,https://planningmalaysia.org/index.php/pmj/article/view/Article%2010-1,86943.0,success,12101,1655,html,text/html; charset=utf-8,DETERMINANT FACTORS OF NEIGHBOURHOOD QUALITY,Norainah Abdul Rahman; Dasimah Omar; Abdul Ghani Salleh,2012-11-30,PLANNING MALAYSIA,https://planningmalaysia.org/index.php/pmj/article/view/Article%2010-1,0.0,3307192186078070dc12.txt,ab68df7c6ba55f1472c811dac649aebd5b73bd9133e70837ac24a1f12c69918f
33f7534926f2acebe58d,https://americanprogress.org/article/protecting-basic-living-standards-lgbtq-people,2026-10-04T21:50:26.676453+00:00,americanprogress.org,False,http_error,403.0,https://www.americanprogress.org/article/protecting-basic-living-standards-lgbtq-people,5812.0,not_extracted,0,0,,text/html; charset=UTF-8,,,,,,0.0,,
340b64b06a4f40a85b00,https://theguardian.com/cities/2016/jan/13/end-of-gaytrification-cities-lgbt-communities-gentrification-gay-villages,2026-10-04T21:50:27.685222+00:00,theguardian.com,True,downloaded,200.0,https://www.theguardian.com/cities/2016/jan/13/end-of-gaytrification-cities-lgbt-communities-gentrification-gay-villages,368112.0,success,15522,2530,html,text/html; charset=UTF-8,The 'gaytrification' effect: why gay neighbourhoods are being priced out,Feargus O'Sullivan,2016-01-13,The Guardian,http://www.theguardian.com/cities/2016/jan/13/end-of-gaytrification-cities-lgbt-communities-gentrification-gay-villages,0.0,340b64b06a4f40a85b00.txt,82fbcf178995d8b535dd72d87d7baa10d448d6a54be00cb1ce0b9b620f2fdfb0
34c9a057de58ca5a4669,https://pmc.ncbi.nlm.nih.gov/articles/PMC11977188,2026-10-04T21:50:28.379024+00:00,nih.gov,True,downloaded,200.0,https://pmc.ncbi.nlm.nih.gov/articles/PMC11977188/,260557.0,success,68491,11221,html,text/html; charset=utf-8,Patient-centered communication and its impact on minority health competence and outcomes in the United States,Ebenezer Ato Kwamena Aidoo; Sandra Freda Wood; Barikisu Issaka; William Ofosu Agyapong,2025-04-07,Scientific Reports,https://pmc.ncbi.nlm.nih.gov/articles/PMC11977188/,0.0,34c9a057de58ca5a4669.txt,f73d7bab07bd942aa51da42eb9e7005063eac66e8ea72f54802461baacc7bf25
371abcc367f60dce1f8a,https://qic-wd.org/umbrella-summary/workplace-supports-lgbt-employees,2026-10-04T21:50:29.219246+00:00,qic-wd.org,True,downloaded,200.0,https://qic-wd.org/umbrella-summary/workplace-supports-lgbt-employees,36516.0,success,9165,1264,html,text/html; charset=utf-8,Workplace Supports for LGBT Employees,,2020-07-22,qic-wd.org,https://qic-wd.org/umbrella-summary/workplace-supports-lgbt-employees,0.0,371abcc367f60dce1f8a.txt,c829b397c29ee8c520b88039fb4a62d54dd685a3f02a6100f121f69965bab575
379c22aeb0ac3e8ce08b,https://pmc.ncbi.nlm.nih.gov/articles/PMC12117241,2026-10-04T21:50:29.224126+00:00,nih.gov,True,downloaded,200.0,https://pmc.ncbi.nlm.nih.gov/articles/PMC12117241,21368.0,success,131,18,html,text/html; charset=utf-8,Checking your browser,,2026-09-11,google.com,https://www.google.com/recaptcha/challengepage,0.0,379c22aeb0ac3e8ce08b.txt,febad3f3fe620c1fa70fbdc5b5d462a0bb66ad2faf9e39bbd8dd6eaad086906d
38181c12f87ae1c248dc,https://pmc.ncbi.nlm.nih.gov/articles/PMC11793917,2026-10-04T21:50:32.262004+00:00,nih.gov,True,downloaded,200.0,https://pmc.ncbi.nlm.nih.gov/articles/PMC11793917,21368.0,success,131,18,html,text/html; charset=utf-8,Checking your browser,,2026-09-11,google.com,https://www.google.com/recaptcha/challengepage,0.0,38181c12f87ae1c248dc.txt,febad3f3fe620c1fa70fbdc5b5d462a0bb66ad2faf9e39bbd8dd6eaad086906d
3830e7b73e3e225463eb,https://aascu.org/resources/graduation-rates-and-student-success-squaring-means-and-ends,2026-10-04T21:50:32.430944+00:00,aascu.org,True,downloaded,200.0,https://aascu.org/resources/graduation-rates-and-student-success-squaring-means-and-ends/,197355.0,success,31001,4400,pdf,application/pdf,,,,,,0.0,3830e7b73e3e225463eb.txt,c2b56c3b53748100350a04ecd66151626df9ec973b4e54d2476a5157094060a4
3859218a0f5cec078901,https://nbcnews.com/know-your-value/being-woman-hurts-your-credit-score-here-s-what-you-n948141,2026-10-04T21:50:32.516684+00:00,nbcnews.com,True,downloaded,200.0,https://www.nbcnews.com/know-your-value/being-woman-hurts-your-credit-score-here-s-what-you-n948141,371337.0,success,6078,1066,html,text/html; charset=utf-8,Being a woman hurts your credit score — Here’s what you can do about it,Laura Haverty,2018-12-17,NBC News,https://www.msnbc.com/know-your-value/being-woman-hurts-your-credit-score-here-s-what-you-n948141,0.0,3859218a0f5cec078901.txt,f591f568cdc9ec2383528b2a934f54e1399d17a126f8e892df84230ca3976495
39f1894f8ce0ebc61718,https://journals.sagepub.com/doi/10.1177/10986111251362429,2026-10-04T21:50:32.763070+00:00,sagepub.com,False,http_error,403.0,https://journals.sagepub.com/doi/10.1177/10986111251362429,5762.0,not_extracted,0,0,,text/html; charset=UTF-8,,,,,,0.0,,
3a0b822c903c374ce623,https://pmc.ncbi.nlm.nih.gov/articles/PMC12821302,2026-10-04T21:50:34.425449+00:00,nih.gov,True,downloaded,200.0,https://pmc.ncbi.nlm.nih.gov/articles/PMC12821302,21367.0,success,131,18,html,text/html; charset=utf-8,Checking your browser,,2026-09-11,google.com,https://www.google.com/recaptcha/challengepage,0.0,3a0b822c903c374ce623.txt,febad3f3fe620c1fa70fbdc5b5d462a0bb66ad2faf9e39bbd8dd6eaad086906d
3a2197ddc4b782b467b6,https://pmc.ncbi.nlm.nih.gov/articles/PMC3860281,2026-10-04T21:50:34.615300+00:00,nih.gov,True,downloaded,200.0,https://pmc.ncbi.nlm.nih.gov/articles/PMC3860281/,323828.0,success,80387,12856,html,text/html; charset=utf-8,Housing and neighborhood quality among undocumented Mexican and Central American immigrants,Matthew Hall; Emily Greenman,2013-07-19,Social science research,https://pmc.ncbi.nlm.nih.gov/articles/PMC3860281/,0.0,3a2197ddc4b782b467b6.txt,6109ef70f4b9421d4c8eefc7ea258d2a6542169b683a7adb2f74a8aa1446bd18
3b2aa0c0a2c10805a25a,https://youtube.com/watch?v=UYCtHNCJXXo,2026-10-04T21:50:34.640445+00:00,youtube.com,True,downloaded,200.0,https://www.youtube.com/watch?v=UYCtHNCJXXo,1154652.0,success,146,23,html,text/html; charset=utf-8,Why Training Police About People With Disabilities Is So Important,,2025-10-30,YouTube,https://www.youtube.com/watch?v=UYCtHNCJXXo,0.0,3b2aa0c0a2c10805a25a.txt,8dbba17988e385133ba8f51d76cde1fc2c859262b666cb848e9cfe2478fd5e71
3b56b8579939c1cce93a,https://pnpi.org/wp-content/uploads/2025/02/LGBTQStudents_FactSheet_Feb25.pdf,2026-10-04T21:50:34.642770+00:00,pnpi.org,True,downloaded,200.0,https://pnpi.org/wp-content/uploads/2025/02/LGBTQStudents_FactSheet_Feb25.pdf,1146148.0,success,5898,855,pdf,application/pdf,,,,,,0.0,3b56b8579939c1cce93a.txt,904a5ad2e519ae67d1abc4fb6cf1f5176a26fc680b17c6b97a0dee39ebe70bbb
3b909329a2a4c297e67a,https://edsource.org/updates/first-year-performance-among-top-predictors-of-timely-college-graduation,2026-10-04T21:50:35.815280+00:00,edsource.org,False,http_error,403.0,https://edsource.org/updates/first-year-performance-among-top-predictors-of-timely-college-graduation,103.0,not_extracted,0,0,,text/html,,,,,,0.0,,
3c9cfe0cdfab5255a1ea,https://cmhfh.org/news/barriers-to-affordable-housing-for-the-lgbtq-community,2026-10-04T21:50:36.445244+00:00,cmhfh.org,False,http_error,403.0,https://cmhfh.org/news/barriers-to-affordable-housing-for-the-lgbtq-community,52.0,not_extracted,0,0,,text/html,,,,,,0.0,,
3cd88176e18b833ed2e4,https://pmc.ncbi.nlm.nih.gov/articles/PMC4064587,2026-10-04T21:50:37.352240+00:00,nih.gov,True,downloaded,200.0,https://pmc.ncbi.nlm.nih.gov/articles/PMC4064587,21366.0,success,131,18,html,text/html; charset=utf-8,Checking your browser,,2026-09-11,google.com,https://www.google.com/recaptcha/challengepage,0.0,3cd88176e18b833ed2e4.txt,febad3f3fe620c1fa70fbdc5b5d462a0bb66ad2faf9e39bbd8dd6eaad086906d
3d44a8dda0e57fbc5a26,https://pmc.ncbi.nlm.nih.gov/articles/PMC9662773,2026-10-04T21:50:37.564689+00:00,nih.gov,True,downloaded,200.0,https://pmc.ncbi.nlm.nih.gov/articles/PMC9662773,21366.0,success,131,18,html,text/html; charset=utf-8,Checking your browser,,2026-09-11,google.com,https://www.google.com/recaptcha/challengepage,0.0,3d44a8dda0e57fbc5a26.txt,febad3f3fe620c1fa70fbdc5b5d462a0bb66ad2faf9e39bbd8dd6eaad086906d
3e65cbe55886530f333e,https://pmc.ncbi.nlm.nih.gov/articles/PMC10440084,2026-10-04T21:50:38.797410+00:00,nih.gov,True,downloaded,200.0,https://pmc.ncbi.nlm.nih.gov/articles/PMC10440084/,226797.0,success,61695,8926,html,text/html; charset=utf-8,Person-centered care for diverse women: Narrative review of foundational research,Kelly Dong; Anna R Gagliardi,2023-08-19,Women's Health,https://pmc.ncbi.nlm.nih.gov/articles/PMC10440084/,0.0,3e65cbe55886530f333e.txt,8e532490ce6801352c4a6fd7a4eac83eecedd80b7b1601b9ab84dfd7d5fb99b0
3e823021c0e3a6e02a57,https://archive-housingmatters.urban.org/articles/five-facts-about-housing-access-lgbt-people,2026-10-04T21:50:39.318579+00:00,urban.org,False,http_error,403.0,https://archive-housingmatters.urban.org/articles/five-facts-about-housing-access-lgbt-people,5878.0,not_extracted,0,0,,text/html; charset=UTF-8,,,,,,0.0,,
3e8a2d1948dc8d4ce8a0,https://pmc.ncbi.nlm.nih.gov/articles/PMC5763841,2026-10-04T21:50:39.648825+00:00,nih.gov,True,downloaded,200.0,https://pmc.ncbi.nlm.nih.gov/articles/PMC5763841,21366.0,success,131,18,html,text/html; charset=utf-8,Checking your browser,,2026-09-11,google.com,https://www.google.com/recaptcha/challengepage,0.0,3e8a2d1948dc8d4ce8a0.txt,febad3f3fe620c1fa70fbdc5b5d462a0bb66ad2faf9e39bbd8dd6eaad086906d
3ef5aed4ba0bee5e0ba3,https://lawnstarter.com/blog/studies/most-lgbtq-friendly-cities,2026-10-04T21:50:40.046852+00:00,lawnstarter.com,True,downloaded,200.0,https://www.lawnstarter.com/blog/studies/most-lgbtq-friendly-cities/,270766.0,success,20233,3288,html,text/html; charset=UTF-8,2023's Most LGBTQ-Friendly Cities - Lawnstarter Ranking,Richie Bernardo,2023-06-09,Lawnstarter,https://www.lawnstarter.com/blog/studies/most-lgbtq-friendly-cities/,0.0,3ef5aed4ba0bee5e0ba3.txt,fd92bba71be55afe306440daf906d368392b1e2a5d6c16e16e4f4a7e663c1652
3f8161387839c564dd49,https://urban.org/research/publication/how-does-funding-administrative-expenses-affect-equity,2026-10-04T21:50:40.690864+00:00,urban.org,False,http_error,403.0,https://www.urban.org/research/publication/how-does-funding-administrative-expenses-affect-equity,5927.0,not_extracted,0,0,,text/html; charset=UTF-8,,,,,,0.0,,
4052ba2940bc6c0e0fbd,https://scholarworks.calstate.edu/downloads/c534fz56g,2026-10-04T21:50:41.060048+00:00,calstate.edu,False,http_error,403.0,https://scholarworks.calstate.edu/downloads/c534fz56g,4910.0,not_extracted,0,0,,text/html; charset=UTF-8,,,,,,0.0,,
405d627a089922c616c1,https://alsoweb.org/the-impact-of-inclusive-housing-and-community-integration,2026-10-04T21:50:42.534663+00:00,alsoweb.org,True,downloaded,200.0,https://alsoweb.org/the-impact-of-inclusive-housing-and-community-integration/,127380.0,success,12557,1785,html,text/html; charset=UTF-8,The Impact of Inclusive Housing and Community Integration,The Team,2024-12-05,ALSO,https://alsoweb.org/the-impact-of-inclusive-housing-and-community-integration/,0.0,405d627a089922c616c1.txt,e21c111f5735c5513fa4d8bf0803c47084ff375e8ed8877dc04ad93b13f2e1e8
41051d5038bc2a8342dd,https://housing.lacity.gov/housing/accessible-housing-program,2026-10-04T21:50:42.896764+00:00,lacity.gov,True,downloaded,200.0,https://housing.lacity.gov/housing/accessible-housing-program,295083.0,success,635,83,html,text/html; charset=UTF-8,Accessible Housing Program,,2026-08-19,housing.lacity.gov,https://housing.lacity.gov/housing/accessible-housing-program,0.0,41051d5038bc2a8342dd.txt,7c8404319e895ce4c072eaef1c5c12a517327f95b8bd801d5aa51de8d5c95377
41443504d2f7d1c7127c,https://strivetogether.org/resources/why-high-school-graduation-matters,2026-10-04T21:50:43.776709+00:00,strivetogether.org,True,downloaded,200.0,https://strivetogether.org/resources/why-high-school-graduation-matters/,119372.0,success,7698,1136,html,text/html; charset=UTF-8,Why High School Graduation Matters - StriveTogether,,2026-05-10,Strive Together,https://strivetogether.org/resources/why-high-school-graduation-matters/,0.0,41443504d2f7d1c7127c.txt,242cc5e6c075555745a8d6b00a451295f8270019c77abc56c60dee880a331bec
41d0793c2eea78441f84,https://pmc.ncbi.nlm.nih.gov/articles/PMC9991448,2026-10-04T21:50:44.048365+00:00,nih.gov,True,downloaded,200.0,https://pmc.ncbi.nlm.nih.gov/articles/PMC9991448,21363.0,success,131,18,html,text/html; charset=utf-8,Checking your browser,,2026-09-11,google.com,https://www.google.com/recaptcha/challengepage,0.0,41d0793c2eea78441f84.txt,febad3f3fe620c1fa70fbdc5b5d462a0bb66ad2faf9e39bbd8dd6eaad086906d
41d49c45766265acd45b,https://bestcolleges.com/research/women-in-higher-education-facts-statistics,2026-10-04T21:50:47.200183+00:00,bestcolleges.com,True,downloaded,200.0,https://www.bestcolleges.com/research/women-in-higher-education-facts-statistics/,419877.0,success,7270,1138,html,text/html; charset=utf-8,Women in Higher Education: 5 Key Facts and Statistics | BestColleges,Lyss Welding,2023-02-22,bestcolleges.com,https://www.bestcolleges.com/research/women-in-higher-education-facts-statistics/,0.0,41d49c45766265acd45b.txt,9b5b83a1152182f2c3914ee91c8d4c6aa9923663b77833ce987a86686d3de7bd
41feb72aad4b1eff9ca8,https://imacorp.com/insights/compliance-the-power-of-hispanic-inclusion-in-the-workplace,2026-10-04T21:50:47.275515+00:00,imacorp.com,True,downloaded,200.0,https://imacorp.com/insights/compliance-the-power-of-hispanic-inclusion-in-the-workplace,198418.0,success,5563,870,html,text/html; charset=UTF-8,Hispanic Inclusion in Workplace | IMA,Gabriela Benitez,2026-07-09,IMA Financial Group,https://imacorp.com/insights/compliance-the-power-of-hispanic-inclusion-in-the-workplace,0.0,41feb72aad4b1eff9ca8.txt,693ab08132232099909752c86081fa4e0bfaa676dfbeac6e262dd2aee1a40d23
4392127b923479907f8f,https://forhealthconsulting.umassmed.edu/insights/beyond-benefits-why-disability-employment-requires-a-systems-approach,2026-10-04T21:50:47.555091+00:00,umassmed.edu,False,http_error,403.0,https://forhealthconsulting.umassmed.edu/insights/beyond-benefits-why-disability-employment-requires-a-systems-approach,5529.0,not_extracted,0,0,,text/html; charset=UTF-8,,,,,,0.0,,
43ab541df9f8813de9c0,https://academic.oup.com/jpart/article/25/1/43/885957,2026-10-04T21:50:48.138853+00:00,oup.com,False,http_error,403.0,https://academic.oup.com/jpart/article/25/1/43/885957,5618.0,not_extracted,0,0,,text/html; charset=UTF-8,,,,,,0.0,,
44241b91a124efa669fd,https://nisarlaw.com/blog/2026/february/benefits-equality,2026-10-04T21:50:48.255546+00:00,nisarlaw.com,True,downloaded,200.0,https://www.nisarlaw.com/blog/2026/february/benefits-equality/,169817.0,success,15772,2232,html,text/html; charset=utf-8,"Benefits Equality for LGBT Employees | Nisar Law Group, P.C.",Mahir S Nisar,2026-02-07,"Nisar Law Group, P.C.",https://www.nisarlaw.com/blog/2026/february/benefits-equality/,0.0,44241b91a124efa669fd.txt,a686c71259d980fa819183c1b65b85dd80ac2f9bf3d28a79127abf93fe61a967
4511eeb570fbe1d1742e,https://immigrantjustice.org/sites/default/files/INSECURE_COMMUNITIES_REPORT_FINAL.PDF,2026-10-04T21:50:51.189853+00:00,immigrantjustice.org,False,http_error,403.0,https://immigrantjustice.org/sites/default/files/INSECURE_COMMUNITIES_REPORT_FINAL.PDF,52.0,not_extracted,0,0,,text/html,,,,,,0.0,,
4618632a37304f1d8821,https://americanprogress.org/article/racial-disparities-home-appreciation,2026-10-04T21:50:51.735413+00:00,americanprogress.org,False,http_error,403.0,https://www.americanprogress.org/article/racial-disparities-home-appreciation,5760.0,not_extracted,0,0,,text/html; charset=UTF-8,,,,,,0.0,,
464822a6ede2214e36e6,https://bjs.ojp.gov/content/pub/pdf/cbpp18st.pdf,2026-10-04T21:50:51.780626+00:00,ojp.gov,True,downloaded,200.0,https://bjs.ojp.gov/content/pub/pdf/cbpp18st.pdf,599230.0,success,38760,5866,pdf,application/pdf,,,,,,0.0,464822a6ede2214e36e6.txt,9e539f461551b934c427465084d5e00ed6c735cf186a3868d42d65172970f301
46922fe3befb1ee98e0c,https://abilitycentral.org/article/why-hiring-people-with-disabilities-benefits-everyone,2026-10-04T21:50:52.283931+00:00,abilitycentral.org,True,downloaded,200.0,https://abilitycentral.org/article/why-hiring-people-with-disabilities-benefits-everyone,202148.0,success,8845,1267,html,text/html; charset=utf-8,Why Hiring People with Disabilities Benefits Everyone,,2026-03-12,Ability Central,https://abilitycentral.org/article/why-hiring-people-with-disabilities-benefits-everyone,0.0,46922fe3befb1ee98e0c.txt,2c39a1dd45d64a5eff42b867f42ef3ce83a60e653ef3be0bcf08685e63423a45
46e1c1f6a7b30333a1e3,https://pmc.ncbi.nlm.nih.gov/articles/PMC9856713,2026-10-04T21:50:52.553952+00:00,nih.gov,True,downloaded,200.0,https://pmc.ncbi.nlm.nih.gov/articles/PMC9856713,21364.0,success,131,18,html,text/html; charset=utf-8,Checking your browser,,2026-09-11,google.com,https://www.google.com/recaptcha/challengepage,0.0,46e1c1f6a7b30333a1e3.txt,febad3f3fe620c1fa70fbdc5b5d462a0bb66ad2faf9e39bbd8dd6eaad086906d
47cc2f0c8911dae0ee5d,https://pmc.ncbi.nlm.nih.gov/articles/PMC9376191,2026-10-04T21:50:54.678552+00:00,nih.gov,True,downloaded,200.0,https://pmc.ncbi.nlm.nih.gov/articles/PMC9376191,21365.0,success,131,18,html,text/html; charset=utf-8,Checking your browser,,2026-09-11,google.com,https://www.google.com/recaptcha/challengepage,0.0,47cc2f0c8911dae0ee5d.txt,febad3f3fe620c1fa70fbdc5b5d462a0bb66ad2faf9e39bbd8dd6eaad086906d
480fa80ea41d6253391e,https://pewresearch.org/short-reads/2024/11/18/us-women-are-outpacing-men-in-college-completion-including-in-every-major-racial-and-ethnic-group,2026-10-04T21:50:54.937642+00:00,pewresearch.org,True,downloaded,200.0,https://www.pewresearch.org/short-reads/2024/11/18/us-women-are-outpacing-men-in-college-completion-including-in-every-major-racial-and-ethnic-group/,358550.0,success,3032,530,html,text/html; charset=UTF-8,"U.S. women are outpacing men in college completion, including in every major racial and ethnic group",Kiley Hurst,2024-11-18,Pew Research Center,https://www.pewresearch.org/short-reads/2024/11/18/us-women-are-outpacing-men-in-college-completion-including-in-every-major-racial-and-ethnic-group/,0.0,480fa80ea41d6253391e.txt,cfe5990072caa312149e9a34f9b65e7e53317d49d64d2da590ae46dc1df6654c
4854cb31c44670b216c6,https://pmc.ncbi.nlm.nih.gov/articles/PMC9888733,2026-10-04T21:50:54.945244+00:00,nih.gov,True,downloaded,200.0,https://pmc.ncbi.nlm.nih.gov/articles/PMC9888733/,175470.0,success,43836,6000,html,text/html; charset=utf-8,Barriers in Healthcare for Latinx Patients with Limited English Proficiency—a Narrative Review,Luis E Escobedo; Lilia Cervantes; Edward Havranek,2023-01-31,Journal of General Internal Medicine,https://pmc.ncbi.nlm.nih.gov/articles/PMC9888733/,0.0,4854cb31c44670b216c6.txt,7851aaa842889a278cdea658bf710a8c204e96d053d081857261b4ba5993f2f6
486bb650eb1c5415d4de,https://action.deloitte.com/insight/3546/creative-with-credit-how-banks-can-assist-people-with-disabilities,2026-10-04T21:50:55.803108+00:00,deloitte.com,True,downloaded,200.0,https://action.deloitte.com/insight/3546/creative-with-credit-how-banks-can-assist-people-with-disabilities,63825.0,success,16,1,html,text/html; charset=utf-8,Creative with credit: How banks can assist people with disabilities,,2023-09-26,action.deloitte.com,https://action.deloitte.com/insight/3546/creative-with-credit-how-banks-can-assist-people-with-disabilities,0.0,486bb650eb1c5415d4de.txt,2faa1118e62a3675ef2f7e3dd183d0fbc3cec2c21854ab02ced460491d18ab70
4882a36dad01a7b1bee7,https://tandfonline.com/doi/full/10.1080/09687637.2021.1872500,2026-10-04T21:50:55.835067+00:00,tandfonline.com,False,http_error,403.0,https://tandfonline.com/doi/full/10.1080/09687637.2021.1872500,5783.0,not_extracted,0,0,,text/html; charset=UTF-8,,,,,,0.0,,
48e8d93467fb8d2daebc,https://experian.com/blogs/news/2022/01/31/experian-supports-transgender-and-non-binary-consumers,2026-10-04T21:50:56.706053+00:00,experian.com,True,downloaded,200.0,https://www.experian.com/blogs/news/2022/01/31/experian-supports-transgender-and-non-binary-consumers/,50413.0,success,1557,245,html,text/html; charset=UTF-8,Experian Supports Transgender and Non-binary Consumers with Name Change Process on Credit Reports - Experian Global News Blog,Wil Lewis,2022-01-31,Experian Global News Blog,https://www.experian.com/blogs/news/2022/01/31/experian-supports-transgender-and-non-binary-consumers/,0.0,48e8d93467fb8d2daebc.txt,1332565241cb50f2846b87c2e4840b56347b45e7415fc9d0e412ff88f7b3bbb8
49ffd845dcfef85f5f3a,https://myfico.com/credit-education/whats-in-your-credit-score,2026-10-04T21:50:58.091667+00:00,myfico.com,True,downloaded,200.0,https://www.myfico.com/credit-education/whats-in-your-credit-score,214942.0,success,3599,600,html,text/html;charset=UTF-8,How are FICO Scores Calculated? | myFICO,,2018-10-19,Myfico,https://www.myfico.com/credit-education/whats-in-your-credit-score,0.0,49ffd845dcfef85f5f3a.txt,7b8a750563c83560fe14133cf4caa840994e95b6b2159c8cd5664915e8cba03a
4ad61a42e0950d43a73a,https://pbs.org/newshour/economy/for-transgender-people-finding-housing-has-become-even-harder-during-the-pandemic,2026-10-04T21:50:58.399920+00:00,pbs.org,True,downloaded,200.0,https://www.pbs.org/newshour/economy/for-transgender-people-finding-housing-has-become-even-harder-during-the-pandemic,271803.0,success,10354,1620,html,text/html; charset=UTF-8,"For transgender people, finding housing has become even harder during the pandemic",,2021-03-12,PBS News,https://www.pbs.org/newshour/economy/for-transgender-people-finding-housing-has-become-even-harder-during-the-pandemic,0.0,4ad61a42e0950d43a73a.txt,059dd9078208c3387aa007777da6d4b994605417af482ed5b415fd00f2e7e29a
4aeac2090a86d1e0c875,https://rsfjournal.org/content/11/1/154,2026-10-04T21:50:58.878549+00:00,rsfjournal.org,False,hard_timeout,0.0,https://rsfjournal.org/content/11/1/154,,not_extracted,0,0,,,,,,,,28.0,,
4afa203a917982c9e439,https://realtor.com/news/trends/lgbtq-safe-cities-buy-real-estate,2026-10-04T21:50:58.900375+00:00,realtor.com,True,downloaded,200.0,https://www.realtor.com:443/news/trends/lgbtq-safe-cities-buy-real-estate/,363063.0,success,10181,1656,html,text/html; charset=utf-8,Top 10 LGBTQ-Friendly Real Estate Markets in 2025,Kimberly Dawn Neumann,2025-06-09,Real Estate News & Insights | realtor.com®,https://www.realtor.com/news/trends/lgbtq-safe-cities-buy-real-estate/,0.0,4afa203a917982c9e439.txt,e2501ece979b107094792920a261cb86fcb80b31e8205dae7a92eb4cd1ad690d
4b096ead98ec8c96533e,https://pmc.ncbi.nlm.nih.gov/articles/PMC11581598,2026-10-04T21:51:01.221121+00:00,nih.gov,True,downloaded,200.0,https://pmc.ncbi.nlm.nih.gov/articles/PMC11581598/,232659.0,success,75031,10530,html,text/html; charset=utf-8,Person-Centered Care Planning for People Living With or at Risk for Multiple Chronic Conditions,Brittany N Watson; Lilly Estenson; Aimee R Eden; Maya T Gerstein; Maria Torroella Carney; Vonetta M Dotson; Trisha Milnes; Arlene S Bierman,2024-10-17,JAMA Network Open,https://pmc.ncbi.nlm.nih.gov/articles/PMC11581598/,0.0,4b096ead98ec8c96533e.txt,213f056e730a5cc3426fca72b133a9dde139dfcdd53d0bb71be0e8aa0974333e
4c246808520162ede2ac,https://healthaffairs.org/doi/10.1377/hlthaff.2023.01042,2026-10-04T21:51:01.960279+00:00,healthaffairs.org,False,http_error,403.0,https://healthaffairs.org/doi/10.1377/hlthaff.2023.01042,5719.0,not_extracted,0,0,,text/html; charset=UTF-8,,,,,,0.0,,
4c5f490c59224319a9fb,https://academic.oup.com/jpart/article/33/1/139/6517284,2026-10-04T21:51:02.106875+00:00,oup.com,False,http_error,403.0,https://academic.oup.com/jpart/article/33/1/139/6517284,5624.0,not_extracted,0,0,,text/html; charset=UTF-8,,,,,,0.0,,
4cb66278eb838b17b425,https://sentencingproject.org/reports/one-in-five-disparities-in-crime-and-policing,2026-10-04T21:51:03.377943+00:00,sentencingproject.org,True,downloaded,200.0,https://www.sentencingproject.org/reports/one-in-five-disparities-in-crime-and-policing/,292838.0,success,78449,11865,html,text/html; charset=UTF-8,One in Five: Disparities in Crime and Policing – The Sentencing Project,Nazgol Ghandnoosh; Ph D,2023-11-02,The Sentencing Project,https://www.sentencingproject.org/reports/one-in-five-disparities-in-crime-and-policing/,0.0,4cb66278eb838b17b425.txt,c41471570382ab83fcfc8266ffdf1750cc8590e88da0583f39e03a5f3adcf5b2
4dc60f715c42131ba625,https://pmc.ncbi.nlm.nih.gov/articles/PMC3694587,2026-10-04T21:51:05.012049+00:00,nih.gov,True,downloaded,200.0,https://pmc.ncbi.nlm.nih.gov/articles/PMC3694587/,321942.0,success,87357,13584,html,text/html; charset=utf-8,The Determinants of Neighborhood Satisfaction: Racial Proxy Revisited,Sapna Swaroop; Maria Krysan,2007-03-01,Demography,https://pmc.ncbi.nlm.nih.gov/articles/PMC3694587/,0.0,4dc60f715c42131ba625.txt,15fadb4fbba72c85ec9c79d5d7ed7401aced788856b83741db4f7f8ccb8a9446
4df329f74afd9c2744cc,https://sciencedirect.com/science/article/abs/pii/S0272775719302791,2026-10-04T21:51:05.158150+00:00,sciencedirect.com,False,http_error,403.0,https://www.sciencedirect.com/science/article/abs/pii/S0272775719302791,1207905.0,not_extracted,0,0,,text/html; charset=UTF-8,,,,,,0.0,,
4fea2cbee6c1ea12b062,https://americanprogress.org/article/fact-sheet-lgbt-workers-in-the-labor-market,2026-10-04T21:51:06.437722+00:00,americanprogress.org,False,http_error,403.0,https://www.americanprogress.org/article/fact-sheet-lgbt-workers-in-the-labor-market,5803.0,not_extracted,0,0,,text/html; charset=UTF-8,,,,,,0.0,,
50713f949efebcc03b7e,https://pmc.ncbi.nlm.nih.gov/articles/PMC11663035,2026-10-04T21:51:06.947193+00:00,nih.gov,True,downloaded,200.0,https://pmc.ncbi.nlm.nih.gov/articles/PMC11663035/,162705.0,success,34947,5090,html,text/html; charset=utf-8,Factors Influencing Patient-Centered Care and Shared Decision-Making in Primary Care Settings in Saudi Arabia: A Scoping Review,Monzir A Alfattani; Wed A Bakudam; Waleed I Alharbi,2024-12-21,Cureus,https://pmc.ncbi.nlm.nih.gov/articles/PMC11663035/,0.0,50713f949efebcc03b7e.txt,1120f95e01098846c52a1eb35d0917c114f7df5b374bd8a0ccd113104e384cca
5091ca16b09c59dd4bce,https://kff.org/racial-equity-and-health-policy/how-present-day-health-disparities-for-black-people-are-linked-to-past-policies-and-events,2026-10-04T21:51:06.976090+00:00,kff.org,True,downloaded,200.0,https://www.kff.org/racial-equity-and-health-policy/how-present-day-health-disparities-for-black-people-are-linked-to-past-policies-and-events/,139773.0,success,10313,1590,html,text/html; charset=UTF-8,How Present-Day Health Disparities for Black People Are Linked to Past Policies and Events | KFF,Samantha Artiga; Latoya Hill; Marley Presiado,2024-02-22,"KFF - The independent source for health policy research, polling, and news",https://www.kff.org/racial-equity-and-health-policy/how-present-day-health-disparities-for-black-people-are-linked-to-past-policies-and-events/,0.0,5091ca16b09c59dd4bce.txt,29c034cfe7b53e53e49c95141800594d34c4bc146b7ddb9d73133904fa07366d
528de1dbba72088dc5d2,https://federalreserve.gov/boarddocs/rptcongress/creditscore/differential.htm,2026-10-04T21:51:08.423330+00:00,federalreserve.gov,True,downloaded,200.0,https://www.federalreserve.gov/boarddocs/rptcongress/creditscore/differential.htm,63006.0,success,52422,7966,html,text/html,FRB: Report to the Congress on Credit Scoring and Its Effects on the Availability and Affordability of Credit,,2008-04-30,federalreserve.gov,https://www.federalreserve.gov/boarddocs/rptcongress/creditscore/differential.htm,0.0,528de1dbba72088dc5d2.txt,2941aac942c2f0f71cc55b66321ae2bfdb272bac6086c13e8a4472b673b12618
52d557ff6e2c7c507d07,https://pmc.ncbi.nlm.nih.gov/articles/PMC8726680,2026-10-04T21:51:09.531060+00:00,nih.gov,True,downloaded,200.0,https://pmc.ncbi.nlm.nih.gov/articles/PMC8726680,21365.0,success,131,18,html,text/html; charset=utf-8,Checking your browser,,2026-09-11,google.com,https://www.google.com/recaptcha/challengepage,0.0,52d557ff6e2c7c507d07.txt,febad3f3fe620c1fa70fbdc5b5d462a0bb66ad2faf9e39bbd8dd6eaad086906d
530fae2fd0a667784df4,https://pmc.ncbi.nlm.nih.gov/articles/PMC10661442,2026-10-04T21:51:09.966593+00:00,nih.gov,True,downloaded,200.0,https://pmc.ncbi.nlm.nih.gov/articles/PMC10661442,21366.0,success,131,18,html,text/html; charset=utf-8,Checking your browser,,2026-09-11,google.com,https://www.google.com/recaptcha/challengepage,0.0,530fae2fd0a667784df4.txt,febad3f3fe620c1fa70fbdc5b5d462a0bb66ad2faf9e39bbd8dd6eaad086906d
53a6b01d33121efde2be,https://policechiefmagazine.org/the-power-of-lived-experience,2026-10-04T21:51:10.435615+00:00,policechiefmagazine.org,True,downloaded,200.0,https://policechiefmagazine.org/the-power-of-lived-experience,212.0,empty_text,0,0,html,text/html,,,,policechiefmagazine.org,https://policechiefmagazine.org/the-power-of-lived-experience,0.0,53a6b01d33121efde2be.txt,e3b0c44298fc1c149afbf4c8996fb92427ae41e4649b934ca495991b7852b855
53bd55aa7ffd1e320a01,https://experian.com/blogs/ask-experian/credit-education/score-basics/understanding-credit-scores,2026-10-04T21:51:12.756299+00:00,experian.com,True,downloaded,200.0,https://www.experian.com/blogs/ask-experian/credit-education/score-basics/understanding-credit-scores,249060.0,success,17960,2980,html,text/html,Credit Score Basics: What Impacts Your Score and Why It Matters,Louis DeNicola,2026-09-22,Experian,https://www.experian.com/blogs/ask-experian/credit-education/score-basics/understanding-credit-scores/,0.0,53bd55aa7ffd1e320a01.txt,ad1e13b779b73b9b73b927fa6aecfc1988b43ed5dff0ebd2bd2a86e1bde944f2
53f543762617e964da96,https://consumerfinance.gov/archive/newsroom/cfpb-provides-guidance-to-help-lenders-avoid-discrimination-against-consumers-receiving-disability-income,2026-10-04T21:51:13.284120+00:00,consumerfinance.gov,False,http_error,403.0,https://www.consumerfinance.gov/archive/newsroom/cfpb-provides-guidance-to-help-lenders-avoid-discrimination-against-consumers-receiving-disability-income,555.0,not_extracted,0,0,,text/html,,,,,,0.0,,
542d798f851c1f4d9381,https://williamsinstitute.law.ucla.edu/publications/transgender-higher-ed,2026-10-04T21:51:13.532672+00:00,ucla.edu,True,downloaded,200.0,https://williamsinstitute.law.ucla.edu/publications/transgender-higher-ed/,122152.0,success,4781,725,html,text/html; charset=UTF-8,Educational Experiences of Transgender People,Loyal; Thisisloyal Com,2023-02-16,The Williams Institute at UCLA School of Law,https://williamsinstitute.law.ucla.edu/publications/transgender-higher-ed/,0.0,542d798f851c1f4d9381.txt,f9903f7fa93da4decfa3c63b82f95f03215cc705d896acab79ff57a5acb2dbfe
544773b9c8ef924ec166,https://publichealth.jhu.edu/2024/study-reveals-significant-barriers-for-tgnc-adults-accessing-healthcare-in-the-us,2026-10-04T21:51:13.900097+00:00,jhu.edu,False,http_error,403.0,https://publichealth.jhu.edu/2024/study-reveals-significant-barriers-for-tgnc-adults-accessing-healthcare-in-the-us,5515.0,not_extracted,0,0,,text/html; charset=UTF-8,,,,,,0.0,,
549dd9724f1860e0b3fb,https://pmc.ncbi.nlm.nih.gov/articles/PMC8606364,2026-10-04T21:51:14.058343+00:00,nih.gov,True,downloaded,200.0,https://pmc.ncbi.nlm.nih.gov/articles/PMC8606364,21364.0,success,131,18,html,text/html; charset=utf-8,Checking your browser,,2026-09-11,google.com,https://www.google.com/recaptcha/challengepage,0.0,549dd9724f1860e0b3fb.txt,febad3f3fe620c1fa70fbdc5b5d462a0bb66ad2faf9e39bbd8dd6eaad086906d
54d0e35f562f1e0fd503,https://cdc.gov/std/treatment-guidelines/trans.htm,2026-10-04T21:51:16.006663+00:00,cdc.gov,False,http_error,403.0,https://cdc.gov/std/treatment-guidelines/trans.htm,405.0,not_extracted,0,0,,text/html,,,,,,0.0,,
54d1a49b59bd181e5258,https://acus.gov/document/identifying-and-reducing-burdens-public-administrative-processes,2026-10-04T21:51:16.319332+00:00,acus.gov,False,http_error,403.0,https://acus.gov/document/identifying-and-reducing-burdens-public-administrative-processes,118.0,not_extracted,0,0,,text/html,,,,,,0.0,,
558b43650331b41f126e,https://federalreserve.gov/econres/notes/feds-notes/gender-related-differences-in-credit-use-and-credit-scores-20180622.html,2026-10-04T21:51:16.525085+00:00,federalreserve.gov,True,downloaded,200.0,https://www.federalreserve.gov/econres/notes/feds-notes/gender-related-differences-in-credit-use-and-credit-scores-20180622.html,124746.0,success,21781,3498,html,text/html,Gender-Related Differences in Credit Use and Credit Scores,Geng Li,2018-06-22,federalreserve.gov,https://www.federalreserve.gov/econres/notes/feds-notes/gender-related-differences-in-credit-use-and-credit-scores-20180622.html,0.0,558b43650331b41f126e.txt,a5e43c96d717d856a91ff13e08c9bedbad9751cd27f3d684f9c527ad91001eb8
55dbd61a2f313a3366c8,https://pmc.ncbi.nlm.nih.gov/articles/PMC6777953,2026-10-04T21:51:17.280487+00:00,nih.gov,True,downloaded,200.0,https://pmc.ncbi.nlm.nih.gov/articles/PMC6777953,21366.0,success,131,18,html,text/html; charset=utf-8,Checking your browser,,2026-09-11,google.com,https://www.google.com/recaptcha/challengepage,0.0,55dbd61a2f313a3366c8.txt,febad3f3fe620c1fa70fbdc5b5d462a0bb66ad2faf9e39bbd8dd6eaad086906d
55e93e6e3d4878a35eac,https://tchabitat.org/blog/choosing-a-neighborhood,2026-10-04T21:51:17.515504+00:00,tchabitat.org,True,downloaded,200.0,https://www.tchabitat.org/blog/choosing-a-neighborhood,151599.0,success,16026,2492,html,text/html; charset=UTF-8,Where Should I Live? 6 Factors to Consider When Choosing a Neighborhood,Twin Cities Habitat,2025-11-06,Tchabitat,https://www.tchabitat.org/blog/choosing-a-neighborhood,0.0,55e93e6e3d4878a35eac.txt,6aad09a9226d917fd8bcf02a5acba0cc4abcb33d7d2264217dc8d45d487913fa
56dc1b85487f994c4fde,https://vantagescore.com/resources/knowledge-center/press_releases/vantagescore-solutions-releases-groundbreaking-research-on-credit-scoreability-of-consumers,2026-10-04T21:51:18.028033+00:00,vantagescore.com,False,http_error,403.0,https://vantagescore.com/resources/knowledge-center/press_releases/vantagescore-solutions-releases-groundbreaking-research-on-credit-scoreability-of-consumers,8286.0,not_extracted,0,0,,text/html,,,,,,0.0,,
572b64fc55271430e115,https://enablingdevices.com/blog/why-police-need-better-training-about-special-needs?srsltid=AU7gw4V6ceZEH3kvthhkh2asDGoLJ0nxhHL5dY-P5w8UnWCKK6ZtNI6M,2026-10-04T21:51:19.823726+00:00,enablingdevices.com,True,downloaded,200.0,https://enablingdevices.com/blog/why-police-need-better-training-about-special-needs/?srsltid=AU7gw4V6ceZEH3kvthhkh2asDGoLJ0nxhHL5dY-P5w8UnWCKK6ZtNI6M,227249.0,success,8210,1261,html,text/html; charset=UTF-8,Why Police Need Better Training About Special Needs,Seth Kanor,2023-08-21,Enabling Devices,https://enablingdevices.com/blog/why-police-need-better-training-about-special-needs/,0.0,572b64fc55271430e115.txt,571cfdfaf430523d619caba2f5363342341c1a9e87b4cce8db86eab9d2ed5e6c
57588d7962c53978e627,https://pmc.ncbi.nlm.nih.gov/articles/PMC6465833,2026-10-04T21:51:20.373516+00:00,nih.gov,True,downloaded,200.0,https://pmc.ncbi.nlm.nih.gov/articles/PMC6465833/,116650.0,success,16239,2435,html,text/html; charset=utf-8,Person-centred care: what is it and how do we get there?,Angela Coulter; John Oldham,2016-03-29,Future Hospital Journal,https://pmc.ncbi.nlm.nih.gov/articles/PMC6465833/,0.0,57588d7962c53978e627.txt,b2963c2341a7190386c51da0b95879e4d8da7d19490728c20d12a3d9aac2226a
579cbed9458d3455bd53,https://shccares.com/blog/impact/addressing-healthcare-disparities-for-black-and-african-american-patients,2026-10-04T21:51:20.407359+00:00,shccares.com,True,downloaded,200.0,https://shccares.com/blog/impact/addressing-healthcare-disparities-for-black-and-african-american-patients/,126455.0,success,10490,1560,html,text/html; charset=UTF-8,Addressing Healthcare Disparities for Black and African American Patients,Supplemental Health Care,2026-01-29,"Supplemental Health Care - Supplemental Health Care is a national leader in employment and workforce solutions for the future of behavioral health, education, and healthcare services.",https://shccares.com/blog/impact/addressing-healthcare-disparities-for-black-and-african-american-patients/,0.0,579cbed9458d3455bd53.txt,c0ef6f04890bc7907d7012aa0b89e1e783517d4b396ac2c4711832af9c606d97
580e332543184043f448,https://aclu.org/news/lgbtq-rights/how-housing-segregation-shaped-americas-gayborhoods,2026-10-04T21:51:20.463156+00:00,aclu.org,True,downloaded,200.0,https://www.aclu.org/news/lgbtq-rights/how-housing-segregation-shaped-americas-gayborhoods,60112.0,success,4825,766,html,text/html; charset=UTF-8,How Housing Segregation Shaped America's 'Gayborhoods' | ACLU,Gillian Branstetter,2023-06-06,American Civil Liberties Union,https://www.aclu.org/news/lgbtq-rights/how-housing-segregation-shaped-americas-gayborhoods,0.0,580e332543184043f448.txt,331c3c7e5455a9b6b5fc6855bae383f6d3707bce6297e8c3909040ca8af24b09
58425b2cdafc73f78093,https://experian.com/blogs/ask-experian/credit-education/score-basics/what-affects-your-credit-scores,2026-10-04T21:51:20.787168+00:00,experian.com,True,downloaded,200.0,https://www.experian.com/blogs/ask-experian/credit-education/score-basics/what-affects-your-credit-scores,283779.0,success,9364,1586,html,text/html,What Affects Your Credit Scores?,Jim Akin,2026-09-22,Experian,https://www.experian.com/blogs/ask-experian/credit-education/score-basics/what-affects-your-credit-scores/,0.0,58425b2cdafc73f78093.txt,5d53323cbbc82155073243ae695184274cd7a721144c090b32df2a48f8ae90a5
5858325da9645a255771,https://finhealthnetwork.org/research/the-financial-health-of-people-with-disabilities,2026-10-04T21:51:21.805587+00:00,finhealthnetwork.org,False,http_error,403.0,https://finhealthnetwork.org/research/the-financial-health-of-people-with-disabilities,1635.0,not_extracted,0,0,,text/html; charset=utf-8,,,,,,0.0,,
5870122f62261c82068a,https://academic.oup.com/jpart/article/35/1/45/7832828,2026-10-04T21:51:22.583906+00:00,oup.com,False,http_error,403.0,https://academic.oup.com/jpart/article/35/1/45/7832828,5621.0,not_extracted,0,0,,text/html; charset=UTF-8,,,,,,0.0,,
58c2273d36096f902eb2,https://digitalgovernmenthub.org/wp-content/uploads/2025/12/Racial-and-Ethnic-Differences-in-Experiencing-Administrative-Burd.pdf,2026-10-04T21:51:24.885212+00:00,digitalgovernmenthub.org,True,downloaded,200.0,https://digitalgovernmenthub.org/wp-content/uploads/2025/12/Racial-and-Ethnic-Differences-in-Experiencing-Administrative-Burd.pdf,695196.0,success,30529,4233,pdf,application/pdf,,,,,,0.0,58c2273d36096f902eb2.txt,089b0cb32c31f8844f40678c0d73494a56c5434e644cb3d6086a4395ecff5d84
591a22cce25ae42996f6,https://counciloncj.org/supporting-women-in-crisis,2026-10-04T21:51:25.589254+00:00,counciloncj.org,True,downloaded,200.0,https://counciloncj.org/supporting-women-in-crisis/,328359.0,success,58341,7800,html,text/html; charset=UTF-8,Supporting Women in Crisis - Council on Criminal Justice,Rachel Yen,2025-10-06,Council on Criminal Justice,https://counciloncj.org/supporting-women-in-crisis/,0.0,591a22cce25ae42996f6.txt,2467a13748a10cf9a8342f2ae9f6497de90bb83bd7bfce234ab307d4b237859c
592524990b9bd228281b,https://sciencedirect.com/science/article/abs/pii/S016025271400017X,2026-10-04T21:51:25.665620+00:00,sciencedirect.com,False,http_error,403.0,https://www.sciencedirect.com/science/article/abs/pii/S016025271400017X,1207905.0,not_extracted,0,0,,text/html; charset=UTF-8,,,,,,0.0,,
5973a907cc75952018a3,https://lrn.com/blog/being-transgender-at-work-insights-from-mckinsey-dei-report,2026-10-04T21:51:27.193821+00:00,lrn.com,True,downloaded,200.0,https://lrn.com/blog/being-transgender-at-work-insights-from-mckinsey-dei-report,128642.0,success,9442,1428,html,text/html; charset=UTF-8,Being transgender at work: Insights from McKinsey’s DEI report,Carolyn Grace,2023-07-13,LRN,https://lrn.com/blog/being-transgender-at-work-insights-from-mckinsey-dei-report,0.0,5973a907cc75952018a3.txt,6bb0ad18acdd672740547053b8073e2ef599a203974bd07f57dc0e67251f7417
59e37205f702a3642800,https://riosassociates.com/latino-core-cultural-values-and-their-benefits-in-offering-improved-medical-care,2026-10-04T21:51:27.955986+00:00,riosassociates.com,True,downloaded,200.0,https://riosassociates.com/latino-core-cultural-values-and-their-benefits-in-offering-improved-medical-care/,490496.0,success,4578,641,html,text/html; charset=UTF-8,Latino core cultural values and their benefits in offering improved medical care. - Rios Associates,Neftali Muñiz,2023-12-19,Rios Associates,https://riosassociates.com/latino-core-cultural-values-and-their-benefits-in-offering-improved-medical-care/,0.0,59e37205f702a3642800.txt,cac526b9be6e6b318db43198c94cb517a7f2c98eb3aff074526cc0ffd92aa763
5a3ddcd09440a2093067,https://researchspace.auckland.ac.nz/bitstreams/3a04acdb-1881-487f-bd05-f9e846269140/download,2026-10-04T21:51:28.096089+00:00,auckland.ac.nz,True,downloaded,200.0,https://researchspace.auckland.ac.nz/server/api/core/bitstreams/3a04acdb-1881-487f-bd05-f9e846269140/content,299847.0,success,75434,10605,pdf,application/pdf;charset=UTF-8,,,,,,0.0,5a3ddcd09440a2093067.txt,505b46a10172bbc3ccc50b5c5781880a7d9a765a22dc393634e1a7d52f5903b1
5b4d778f30d8ffd18f3f,https://pmc.ncbi.nlm.nih.gov/articles/PMC12243450,2026-10-04T21:51:28.128009+00:00,nih.gov,True,downloaded,200.0,https://pmc.ncbi.nlm.nih.gov/articles/PMC12243450,21365.0,success,131,18,html,text/html; charset=utf-8,Checking your browser,,2026-09-11,google.com,https://www.google.com/recaptcha/challengepage,0.0,5b4d778f30d8ffd18f3f.txt,febad3f3fe620c1fa70fbdc5b5d462a0bb66ad2faf9e39bbd8dd6eaad086906d
5b643ebd7b18e4c245f7,https://muse.jhu.edu/pub/30/article/488572/pdf,2026-10-04T21:51:29.352644+00:00,jhu.edu,False,robots_disallowed,,https://muse.jhu.edu/pub/30/article/488572/pdf,,not_extracted,0,0,,,,,,,,,,
5bc92f98ad1c1b6b176a,https://scu.edu/ethics/focus-areas/bioethics/resources/culturally-competent-care/culturally-competent-care-for-latino-patients,2026-10-04T21:51:29.446887+00:00,scu.edu,True,downloaded,200.0,https://www.scu.edu/ethics/focus-areas/bioethics/resources/culturally-competent-care/culturally-competent-care-for-latino-patients/,66023.0,success,18366,2729,html,text/html; charset=utf-8,Culturally Competent Care for Latino Patients,Santa Clara University,2008-07-01,scu.edu,https://www.scu.edu/ethics/focus-areas/bioethics/resources/culturally-competent-care/culturally-competent-care-for-latino-patients/,0.0,5bc92f98ad1c1b6b176a.txt,d701f5a4058aec640471d487d980b18403bbd7c6796388bff8369fa13c794033
5c5d42bd6588310c7f15,https://youtube.com/shorts/2X3rJsiFzl0,2026-10-04T21:51:30.258335+00:00,youtube.com,True,downloaded,200.0,https://www.youtube.com/shorts/2X3rJsiFzl0,1604871.0,success,146,23,html,text/html; charset=utf-8,Study Affirming Teachers Boost Trans Youth Grades and Classroom Safety,,2026-09-05,YouTube,https://www.youtube.com/shorts/2X3rJsiFzl0,0.0,5c5d42bd6588310c7f15.txt,8dbba17988e385133ba8f51d76cde1fc2c859262b666cb848e9cfe2478fd5e71
5cab8ec7438d4264c66d,https://ncbi.nlm.nih.gov/books/NBK24693,2026-10-04T21:51:30.352422+00:00,nih.gov,True,downloaded,200.0,https://ncbi.nlm.nih.gov/books/NBK24693,21327.0,success,127,18,html,text/html; charset=utf-8,Checking your browser,,2026-09-11,google.com,https://www.google.com/recaptcha/challengepage,0.0,5cab8ec7438d4264c66d.txt,2004c43b05cd1cb55843a277dc68e89e0c410a3359f214112ee17179552ad659
5cc90408ac1d8c9c6b17,https://pmc.ncbi.nlm.nih.gov/articles/PMC10633931,2026-10-04T21:51:31.356375+00:00,nih.gov,True,downloaded,200.0,https://pmc.ncbi.nlm.nih.gov/articles/PMC10633931,21368.0,success,131,18,html,text/html; charset=utf-8,Checking your browser,,2026-09-11,google.com,https://www.google.com/recaptcha/challengepage,0.0,5cc90408ac1d8c9c6b17.txt,febad3f3fe620c1fa70fbdc5b5d462a0bb66ad2faf9e39bbd8dd6eaad086906d
5cf25f9c4cc358ea731b,https://pmc.ncbi.nlm.nih.gov/articles/PMC3868476,2026-10-04T21:51:33.449737+00:00,nih.gov,True,downloaded,200.0,https://pmc.ncbi.nlm.nih.gov/articles/PMC3868476,21366.0,success,131,18,html,text/html; charset=utf-8,Checking your browser,,2026-09-11,google.com,https://www.google.com/recaptcha/challengepage,0.0,5cf25f9c4cc358ea731b.txt,febad3f3fe620c1fa70fbdc5b5d462a0bb66ad2faf9e39bbd8dd6eaad086906d
5d1810b5cc6e51914a88,https://theccd.org/article/the-impact-of-neighborhood-quality-on-peoples-mental-health,2026-10-04T21:51:33.516426+00:00,theccd.org,True,downloaded,200.0,https://theccd.org/article/the-impact-of-neighborhood-quality-on-peoples-mental-health/,220587.0,success,33725,4568,html,text/html; charset=UTF-8,The Impact of Neighborhood Quality on People’s Mental Health | The Centre for Conscious Design,,2026-02-02,The Centre for Conscious Design,https://theccd.org/article/the-impact-of-neighborhood-quality-on-peoples-mental-health/,0.0,5d1810b5cc6e51914a88.txt,60e1fc22b007144521c24c13a162e81318bc597ec06f1e5b8076b0122ea158d6
5d316fdeb7df31e09daa,https://ncbi.nlm.nih.gov/books/NBK19908,2026-10-04T21:51:33.703352+00:00,nih.gov,True,downloaded,200.0,https://ncbi.nlm.nih.gov/books/NBK19908,21325.0,success,127,18,html,text/html; charset=utf-8,Checking your browser,,2026-09-11,google.com,https://www.google.com/recaptcha/challengepage,0.0,5d316fdeb7df31e09daa.txt,2004c43b05cd1cb55843a277dc68e89e0c410a3359f214112ee17179552ad659
5d58eaa20b752af87660,https://extensishr.com/resource/blogs/support-black-health-and-wellness-workplace,2026-10-04T21:51:33.998603+00:00,extensishr.com,True,downloaded,200.0,https://extensishr.com/resource/blogs/support-black-health-and-wellness-workplace/,267689.0,success,9026,1312,html,text/html; charset=UTF-8,"Advancing Black Employee Wellness, Career Growth, and Equity at Work",ExtensisHR,2026-02-02,ExtensisHR,https://extensishr.com/resource/blogs/support-black-health-and-wellness-workplace/,0.0,5d58eaa20b752af87660.txt,020c6d28d3fd7c44465109bd52a7ddb81f459d2995147bd5e000597f25ba0b8e
5d7f614a77d2fe5c1529,https://publichealth.jhu.edu/2025/new-insights-into-connection-between-housing-quality-and-population-health,2026-10-04T21:51:34.604124+00:00,jhu.edu,False,http_error,403.0,https://publichealth.jhu.edu/2025/new-insights-into-connection-between-housing-quality-and-population-health,5515.0,not_extracted,0,0,,text/html; charset=UTF-8,,,,,,0.0,,
5ed31e7ff5a7c16a3487,https://digital.lib.washington.edu/researchworks/items/25637a3d-a818-41e3-bfd2-360bd75099db,2026-10-04T21:51:34.991551+00:00,washington.edu,True,downloaded,200.0,https://digital.lib.washington.edu/researchworks/items/25637a3d-a818-41e3-bfd2-360bd75099db,448442.0,success,1721,244,html,text/html; charset=utf-8,"The Cost of Being Trans: Administrative Burden, Citizen-State Interaction, and Transgender People in the US",Sederbaum; Isaac,2025-05-12,digital.lib.washington.edu,https://digital.lib.washington.edu/researchworks/items/25637a3d-a818-41e3-bfd2-360bd75099db,0.0,5ed31e7ff5a7c16a3487.txt,d4245a2f631429e639f885d9cc233dbea33f633ea81fb2e166a17eb9e8576976
5ef9b7e6bd4561dcf325,https://kinder.rice.edu/urbanedge/households-people-disabilities-experience-more-residential-disadvantage,2026-10-04T21:51:36.710432+00:00,rice.edu,True,downloaded,200.0,https://kinder.rice.edu/urbanedge/households-people-disabilities-experience-more-residential-disadvantage,72247.0,success,8174,1198,html,text/html; charset=UTF-8,Households with People with Disabilities Experience More Residential Disadvantage | Kinder Institute for Urban Research,WENDIE N CHOUDARY,2018-11-19,Kinder Institute for Urban Research | Rice University,https://kinder.rice.edu/urbanedge/households-people-disabilities-experience-more-residential-disadvantage,0.0,5ef9b7e6bd4561dcf325.txt,482757e3a38c3c93bb37e3f632a5ea699c2fad7b835ec2135e6b8e8a1c06bfde
5f20e490943c3d5420e6,https://academic.oup.com/policing/article/doi/10.1093/police/paac064/6696869,2026-10-04T21:51:36.814592+00:00,oup.com,False,http_error,403.0,https://academic.oup.com/policing/article/doi/10.1093/police/paac064/6696869,5730.0,not_extracted,0,0,,text/html; charset=UTF-8,,,,,,0.0,,
5f250bd6cecd12f45831,https://americanprogress.org/article/how-to-address-the-administrative-burdens-of-accessing-the-safety-net,2026-10-04T21:51:37.322418+00:00,americanprogress.org,False,http_error,403.0,https://www.americanprogress.org/article/how-to-address-the-administrative-burdens-of-accessing-the-safety-net,5902.0,not_extracted,0,0,,text/html; charset=UTF-8,,,,,,0.0,,
5f3fa12e1232285b75e8,https://cdc.gov/disability-and-health/about/disability-and-health-information-for-healthcare-providers.html,2026-10-04T21:51:37.651328+00:00,cdc.gov,False,http_error,403.0,https://cdc.gov/disability-and-health/about/disability-and-health-information-for-healthcare-providers.html,490.0,not_extracted,0,0,,text/html,,,,,,0.0,,
5f8f87ba06b9255a2882,https://openscholarship.wustl.edu/csd_research/979,2026-10-04T21:51:39.867934+00:00,wustl.edu,True,downloaded,200.0,https://repository.library.washu.edu/csd_research/979/,33064.0,success,1458,204,html,text/html; charset=UTF-8,Racial and Ethnic Differences in Experiencing Administrative Burdens in Public Benefit Programs,Stephen Roll; Mathieu Despard; Yung Chun; Kourtney Gilbert,2025-06-11,WashU Scholarly Repository,https://repository.library.washu.edu/csd_research/979,0.0,5f8f87ba06b9255a2882.txt,31b6d9f4f7efe8521bb84be02a6f0306e718179e3dd7ab029592fbd16761d8e0
5fb9f029bd45dfa9d1b6,https://mdpi.com/2075-4698/16/4/121,2026-10-04T21:51:40.447329+00:00,mdpi.com,False,http_error,403.0,https://mdpi.com/2075-4698/16/4/121,390.0,not_extracted,0,0,,text/html,,,,,,0.0,,
5fc01ccee5b216117801,https://rockymountainada.org/police,2026-10-04T21:51:40.626902+00:00,rockymountainada.org,True,downloaded,200.0,https://rockymountainada.org/police,43189.0,success,8486,1389,html,text/html; charset=UTF-8,Police & Law Enforcement: Interacting with People with Intellectual and Developmental Disabilities,,2026-01-01,RockyMtnADA,https://rockymountainada.org/police/,0.0,5fc01ccee5b216117801.txt,d1e74706629729e934b84356061c0011f28430d795642d88487b62aba17af51a
5ffc4f200aa40b7f92fd,https://pmc.ncbi.nlm.nih.gov/articles/PMC4838486,2026-10-04T21:51:41.065258+00:00,nih.gov,True,downloaded,200.0,https://pmc.ncbi.nlm.nih.gov/articles/PMC4838486,21364.0,success,131,18,html,text/html; charset=utf-8,Checking your browser,,2026-09-11,google.com,https://www.google.com/recaptcha/challengepage,0.0,5ffc4f200aa40b7f92fd.txt,febad3f3fe620c1fa70fbdc5b5d462a0bb66ad2faf9e39bbd8dd6eaad086906d
60c01b78f62f6f305427,https://tandfonline.com/doi/full/10.1080/10511253.2018.1456555,2026-10-04T21:51:41.371317+00:00,tandfonline.com,False,http_error,403.0,https://tandfonline.com/doi/full/10.1080/10511253.2018.1456555,5783.0,not_extracted,0,0,,text/html; charset=UTF-8,,,,,,0.0,,
610699d0a63c9231bc15,https://sanfordrealty.com/the-importance-of-lgbt-friendly-neighborhoods-in-austin-texas,2026-10-04T21:51:42.100121+00:00,sanfordrealty.com,False,http_error,403.0,https://sanfordrealty.com/the-importance-of-lgbt-friendly-neighborhoods-in-austin-texas,39887.0,not_extracted,0,0,,text/html; charset=UTF-8,,,,,,0.0,,
6143d4b6acb37d5e4091,https://rsfjournal.org/content/10/4/84,2026-10-04T21:51:44.189150+00:00,rsfjournal.org,False,curl_error,0.0,https://rsfjournal.org/content/10/4/84,,not_extracted,0,0,,,,,,,,6.0,,
61451238d0c47813d762,https://journals.sagepub.com/doi/10.1177/00027642241300931,2026-10-04T21:51:44.338898+00:00,sagepub.com,False,http_error,403.0,https://journals.sagepub.com/doi/10.1177/00027642241300931,5740.0,not_extracted,0,0,,text/html; charset=UTF-8,,,,,,0.0,,
614ffc593275689394f0,https://mavenclinic.com/post/workplace-benefits-for-men,2026-10-04T21:51:44.390844+00:00,mavenclinic.com,True,downloaded,200.0,https://www.mavenclinic.com/post/workplace-benefits-for-men,131735.0,success,9304,1383,html,text/html; charset=utf-8,How workplace benefits for men are evolving to support holistic well-being,Maven Team,2025-03-13,Mavenclinic,https://www.mavenclinic.com/post/workplace-benefits-for-men,0.0,614ffc593275689394f0.txt,24ce7ec4a5f585036e637fb68f16444b21f35f5bb9f85a8b2f1e7f308cfc3d9b
62575baae600f7c3b2cd,https://pmc.ncbi.nlm.nih.gov/articles/PMC12129408,2026-10-04T21:51:44.420814+00:00,nih.gov,True,downloaded,200.0,https://pmc.ncbi.nlm.nih.gov/articles/PMC12129408,21368.0,success,131,18,html,text/html; charset=utf-8,Checking your browser,,2026-09-11,google.com,https://www.google.com/recaptcha/challengepage,0.0,62575baae600f7c3b2cd.txt,febad3f3fe620c1fa70fbdc5b5d462a0bb66ad2faf9e39bbd8dd6eaad086906d
62a170a9a412999cb856,https://williamsinstitute.law.ucla.edu/publications/law-enforcement-lgbtq-people,2026-10-04T21:51:45.251240+00:00,ucla.edu,True,downloaded,200.0,https://williamsinstitute.law.ucla.edu/publications/law-enforcement-lgbtq-people/,122630.0,success,14882,2284,html,text/html; charset=UTF-8,Law Enforcement and LGBTQ People,Loyal; Thisisloyal Com,2026-07-16,The Williams Institute at UCLA School of Law,https://williamsinstitute.law.ucla.edu/publications/law-enforcement-lgbtq-people/,0.0,62a170a9a412999cb856.txt,9f7d13d58846ce45bb8746322ac814fddc73d0549878c5e39b8786779585247a
6331890c5a3a61c8b438,https://bjs.ojp.gov/library/publications/contacts-between-police-and-public-2020,2026-10-04T21:51:46.023465+00:00,ojp.gov,True,downloaded,200.0,https://bjs.ojp.gov/library/publications/contacts-between-police-and-public-2020,63547.0,success,1322,210,html,text/html; charset=UTF-8,"Contacts Between Police and the Public, 2020",Author Susannah N Tapp; PhD; BJS Statistician; Elizabeth Davis,2022-11-18,Bureau of Justice Statistics,https://bjs.ojp.gov/library/publications/contacts-between-police-and-public-2020,0.0,6331890c5a3a61c8b438.txt,35e2a3917b1dd9b01cfc9a3bd8cdd528f257e283d15b6c55043621c9be0232a4
6358ad03af51c788a563,https://nursingbird.com/culturally-competent-care-for-hispanic-population,2026-10-04T21:51:46.435684+00:00,nursingbird.com,False,robots_disallowed,,https://nursingbird.com/culturally-competent-care-for-hispanic-population,,not_extracted,0,0,,,,,,,,,,
63afba54d0a4b5c7ed9f,https://pmc.ncbi.nlm.nih.gov/articles/PMC2764044,2026-10-04T21:51:46.613045+00:00,nih.gov,True,downloaded,200.0,https://pmc.ncbi.nlm.nih.gov/articles/PMC2764044/,150669.0,success,35503,5766,html,text/html; charset=utf-8,Latino Access to the Patient-Centered Medical Home,Anne Beal; Susan Hernandez; Michelle Doty,2009-10-20,Journal of General Internal Medicine,https://pmc.ncbi.nlm.nih.gov/articles/PMC2764044/,0.0,63afba54d0a4b5c7ed9f.txt,8c2d78e8bc00cd45704f4a58e3ece4c87365718ef77057a4f35442a07124ad5e
63b4276651a284a5ea30,https://journals.sagepub.com/doi/10.1177/15365042251386835,2026-10-04T21:51:47.506668+00:00,sagepub.com,False,http_error,403.0,https://journals.sagepub.com/doi/10.1177/15365042251386835,5762.0,not_extracted,0,0,,text/html; charset=UTF-8,,,,,,0.0,,
65cbf1ed6ccc02225bc4,https://nscresearchcenter.org/signaturereport12-supplement-2,2026-10-04T21:51:47.646482+00:00,nscresearchcenter.org,True,downloaded,200.0,https://nscresearchcenter.org/signaturereport12-supplement-2/,160981.0,success,49018,7288,html,text/html; charset=UTF-8,Completing College – National by Race and Ethnicity – 2017,NSC Research Center,2017-04-26,nscresearchcenter.org,https://nscresearchcenter.org/signaturereport12-supplement-2/,0.0,65cbf1ed6ccc02225bc4.txt,bb091d1e3ff1f17c1c31c602a29b833171ab50bf2a0e7abcc069e8709034a395
664bd860804257996d32,https://commpayhr.com/insights-resources/the-growing-importance-of-employee-benefits-in-talent-recruitment-and-retention,2026-10-04T21:51:48.445199+00:00,commpayhr.com,False,http_error,403.0,https://commpayhr.com/insights-resources/the-growing-importance-of-employee-benefits-in-talent-recruitment-and-retention,103.0,not_extracted,0,0,,text/html,,,,,,0.0,,
669391f18662c52dc0ff,https://urban.org/urban-wire/young-adults-credit-trajectories-vary-widely-race-and-ethnicity,2026-10-04T21:51:49.264255+00:00,urban.org,False,http_error,403.0,https://www.urban.org/urban-wire/young-adults-credit-trajectories-vary-widely-race-and-ethnicity,5903.0,not_extracted,0,0,,text/html; charset=UTF-8,,,,,,0.0,,
66f40d07c0c6f62c2f4e,https://experian.com/blogs/ask-experian/how-does-ssi-ssdi-affect-my-credit,2026-10-04T21:51:50.314595+00:00,experian.com,True,downloaded,200.0,https://www.experian.com/blogs/ask-experian/how-does-ssi-ssdi-affect-my-credit,225935.0,success,6328,1065,html,text/html,How Does SSI or SSDI Affect My Credit?,Emily Cahill,2026-07-23,Experian,https://www.experian.com/blogs/ask-experian/how-does-ssi-ssdi-affect-my-credit/,0.0,66f40d07c0c6f62c2f4e.txt,6a7a807e70898ca81d385682a82db4042393643e073e2b6667cc475fabceec20
6842603339aa9b987b98,https://pmc.ncbi.nlm.nih.gov/articles/PMC8342676,2026-10-04T21:51:50.557973+00:00,nih.gov,True,downloaded,200.0,https://pmc.ncbi.nlm.nih.gov/articles/PMC8342676,21366.0,success,131,18,html,text/html; charset=utf-8,Checking your browser,,2026-09-11,google.com,https://www.google.com/recaptcha/challengepage,0.0,6842603339aa9b987b98.txt,febad3f3fe620c1fa70fbdc5b5d462a0bb66ad2faf9e39bbd8dd6eaad086906d
685c1b5c5b18af77cd0d,https://pmc.ncbi.nlm.nih.gov/articles/PMC11652550,2026-10-04T21:51:51.633075+00:00,nih.gov,True,downloaded,200.0,https://pmc.ncbi.nlm.nih.gov/articles/PMC11652550,21367.0,success,131,18,html,text/html; charset=utf-8,Checking your browser,,2026-09-11,google.com,https://www.google.com/recaptcha/challengepage,0.0,685c1b5c5b18af77cd0d.txt,febad3f3fe620c1fa70fbdc5b5d462a0bb66ad2faf9e39bbd8dd6eaad086906d
691e1545cb8515c89986,https://academic.oup.com/edited-volume/62239/chapter/550702721,2026-10-04T21:51:52.061648+00:00,oup.com,False,http_error,403.0,https://academic.oup.com/edited-volume/62239/chapter/550702721,5667.0,not_extracted,0,0,,text/html; charset=UTF-8,,,,,,0.0,,
692bf768dc54fa2f04ee,https://pmc.ncbi.nlm.nih.gov/articles/PMC6801863,2026-10-04T21:51:52.350351+00:00,nih.gov,True,downloaded,200.0,https://pmc.ncbi.nlm.nih.gov/articles/PMC6801863,21365.0,success,131,18,html,text/html; charset=utf-8,Checking your browser,,2026-09-11,google.com,https://www.google.com/recaptcha/challengepage,0.0,692bf768dc54fa2f04ee.txt,febad3f3fe620c1fa70fbdc5b5d462a0bb66ad2faf9e39bbd8dd6eaad086906d
692dfb36674eec3691f3,https://pubmed.ncbi.nlm.nih.gov/40828835,2026-10-04T21:51:52.594903+00:00,nih.gov,True,downloaded,203.0,https://pubmed.ncbi.nlm.nih.gov/40828835/,5590.0,success,100,14,html,text/html; charset=utf-8,Cookies must be enabled,,,pubmed.ncbi.nlm.nih.gov,https://pubmed.ncbi.nlm.nih.gov/40828835/,0.0,692dfb36674eec3691f3.txt,f193d0de906419650acf171625dbd67f88f297290893b5473e1d8365c03d4b59
6942a0dd184d3fcee471,https://equityinhighered.org/resources/ideas-and-insights/segregation-in-higher-education-and-unequal-paths-to-college-completion-implications-for-policy-and-research,2026-10-04T21:51:53.790464+00:00,equityinhighered.org,True,downloaded,200.0,https://www.equityinhighered.org/resources/ideas-and-insights/segregation-in-higher-education-and-unequal-paths-to-college-completion-implications-for-policy-and-research/,129741.0,success,26735,3724,html,text/html; charset=UTF-8,Segregation in Higher Education and Unequal Paths to College Completion: Implications for Policy and Research - Race and Ethnicity in Higher Education,,2023-04-24,Race and Ethnicity in Higher Education,https://www.equityinhighered.org/resources/ideas-and-insights/segregation-in-higher-education-and-unequal-paths-to-college-completion-implications-for-policy-and-research/,0.0,6942a0dd184d3fcee471.txt,00eab010733bf56f67792a7e0ae182707748dc3dd34a5f84882e0f36effff436
69cc18b5fd2605cce8b5,https://urban.org/research/publication/labor-market-policies-racial-equity,2026-10-04T21:51:54.215095+00:00,urban.org,False,http_error,403.0,https://www.urban.org/research/publication/labor-market-policies-racial-equity,5827.0,not_extracted,0,0,,text/html; charset=UTF-8,,,,,,0.0,,
6a406b0e27b6b742498d,https://researchgate.net/publication/229309177_The_Influence_of_Gay_and_Lesbian_Coupled_Households_on_House_Prices_in_Conservative_and_Liberal_Neighborhoods,2026-10-04T21:51:54.875702+00:00,researchgate.net,False,http_error,403.0,https://www.researchgate.net/publication/229309177_The_Influence_of_Gay_and_Lesbian_Coupled_Households_on_House_Prices_in_Conservative_and_Liberal_Neighborhoods,21137.0,not_extracted,0,0,,text/html; charset=UTF-8,,,,,,0.0,,
6a46f2066f9017c7c919,https://thehrcfoundation.org/professional-resources/transgender-inclusive-benefits-for-employees-and-dependents,2026-10-04T21:51:54.890989+00:00,thehrcfoundation.org,True,downloaded,200.0,https://www.hrc.org:443/,103195.0,success,517,46,html,text/html; charset=UTF-8,The Human Rights Campaign | 4 Million Members Strong,,2020-06-02,HRC,https://www.hrc.org/,0.0,6a46f2066f9017c7c919.txt,b90a027c7b23d45ade40b92029a82d05c161d46545befaee78a1379c240eb151
6ad4c47c11e5511d0fe4,https://transequality.org/issues/health-healthcare,2026-10-04T21:51:55.115617+00:00,transequality.org,True,downloaded,200.0,https://transequality.org/issues/health-healthcare,139536.0,success,4350,634,html,text/html; charset=UTF-8,Health & Healthcare | A4TE,,2026-09-30,A4TE,https://transequality.org/issues/health-healthcare,0.0,6ad4c47c11e5511d0fe4.txt,fda214046caa06f0b3ca72eeb4fe78562f66a530c59d4025125d9395a3f4fdd4
6ad6509c6c27cd9551a0,https://unitedlocalmovers.com/info/queer-friendly-cities-and-neighborhoods-how-to-find-your-perfect-lgbtq-community-when-you-move,2026-10-04T21:51:56.158905+00:00,unitedlocalmovers.com,True,downloaded,200.0,https://unitedlocalmovers.com/info/queer-friendly-cities-and-neighborhoods-how-to-find-your-perfect-lgbtq-community-when-you-move,354639.0,success,18121,2746,html,text/html; charset=UTF-8,Queer-Friendly Cities and Neighborhoods: How to Find Your Perfect LGBTQ+ Community When You Move,Диана,2025-12-29,United Local Movers,https://unitedlocalmovers.com/info/queer-friendly-cities-and-neighborhoods-how-to-find-your-perfect-lgbtq-community-when-you-move,0.0,6ad6509c6c27cd9551a0.txt,eba90e43783f477d51871bdd5a8e75b4e8034dcbae78fe9000d774492d0d3f65
6b990a507fcf3232c4bd,https://experian.com/blogs/ask-experian/lgbtq-financial-inclusion,2026-10-04T21:51:56.373879+00:00,experian.com,True,downloaded,200.0,https://www.experian.com/blogs/ask-experian/lgbtq-financial-inclusion,227649.0,success,11751,1832,html,text/html,Financial Inclusion and the LGBTQ+ Community - Experian,Emily Starbuck Gerson,2023-06-14,Experian,https://www.experian.com/blogs/ask-experian/lgbtq-financial-inclusion/,0.0,6b990a507fcf3232c4bd.txt,84689bfb07da614ddfcf5226c4b336483b5bfc002b9be762a535b7027dc07e3d
6bd5dad35050d7b9d836,https://pmc.ncbi.nlm.nih.gov/articles/PMC12312127,2026-10-04T21:51:57.295223+00:00,nih.gov,True,downloaded,200.0,https://pmc.ncbi.nlm.nih.gov/articles/PMC12312127/,194920.0,success,45857,6596,html,text/html; charset=utf-8,"“They just knew, and that makes all the difference”: Understanding positive healthcare experiences among trans people in Canada",Rachel Goldfarb; M A Katz; R Travers; J Poliwoda; M Sadri-Gerrior; C Valiant; A Ananthavel Murugan; J Tang; G Henry; T Coleman,2024-01-31,International Journal of Transgender Health,https://pmc.ncbi.nlm.nih.gov/articles/PMC12312127/,0.0,6bd5dad35050d7b9d836.txt,aa5f735a48049a0b721676d3a4a337feb675f194ca0dd693b555e5c563ec668c
6c36d5e7c82527e42ca1,https://youtube.com/watch?t=1&v=J54Ie0R5S7s,2026-10-04T21:51:57.532544+00:00,youtube.com,True,downloaded,200.0,https://www.youtube.com/watch?t=1&v=J54Ie0R5S7s,1265467.0,success,146,23,html,text/html; charset=utf-8,Racism In Fine Print: How Old Housing Policies Impact Non-white Communities | NBC News NOW,,2020-08-04,YouTube,https://www.youtube.com/watch?v=J54Ie0R5S7s,0.0,6c36d5e7c82527e42ca1.txt,8dbba17988e385133ba8f51d76cde1fc2c859262b666cb848e9cfe2478fd5e71
6cf074b5d55000c1fb4c,https://opportunityinsights.org/paper/creditaccess,2026-10-04T21:51:59.846734+00:00,opportunityinsights.org,True,downloaded,200.0,https://opportunityinsights.org/paper/creditaccess/,68719.0,success,1382,199,html,text/html; charset=UTF-8,Credit Access in the United States | Opportunity Insights,Nathaniel Hendren; Trevor J Bakker; Stefanie DeLuca; Eric English; Jamie Fogel; Daniel Herbst,2025-07-16,Opportunity Insights,https://opportunityinsights.org/paper/creditaccess/,0.0,6cf074b5d55000c1fb4c.txt,67d147682a4dbf4ba4d1e715806dd91a030f05918a07ff94ac8c0035e0be4029
6d28d2d6c1cad6166626,https://globalcu.org/learn/credit/what-5-factors-affect-your-credit-score,2026-10-04T21:52:00.789756+00:00,globalcu.org,True,downloaded,200.0,https://www.globalcu.org/learn/credit/what-5-factors-affect-your-credit-score,192254.0,success,5334,936,html,text/html; charset=utf-8,5 Factors That Affect Your Credit Score,,2026-01-01,globalcu.org,https://www.globalcu.org/learn/credit/what-5-factors-affect-your-credit-score/,0.0,6d28d2d6c1cad6166626.txt,d3404d0ae4a714ffd6f8b2e9c2f0a101cc1437410c8dfc70a65f3220763fb98e
6e5da80710dca82134a2,https://williamsinstitute.law.ucla.edu/wp-content/archive/Impact-LGBT-Support-Workplace-May-2013.pdf,2026-10-04T21:52:00.811215+00:00,ucla.edu,True,downloaded,200.0,https://williamsinstitute.law.ucla.edu/wp-content/archive/Impact-LGBT-Support-Workplace-May-2013.pdf,451651.0,success,101544,14164,pdf,application/pdf,,,,,,0.0,6e5da80710dca82134a2.txt,7a4d147d1a683cd877fc7215e31ac39dd342b5bad3da0cd8833c08e6f27358c6
6ebb0570c2e90e158080,https://nlc.org/article/2023/06/30/housing-for-lgbtqia,2026-10-04T21:52:02.515583+00:00,nlc.org,True,downloaded,200.0,https://www.nlc.org/article/2023/06/30/housing-for-lgbtqia,135312.0,success,5917,869,html,text/html; charset=UTF-8,Housing For: LGBTQIA+,About the Authors,2023-06-30,National League of Cities,https://www.nlc.org/article/2023/06/30/housing-for-lgbtqia/,0.0,6ebb0570c2e90e158080.txt,a44b670673e947734296c03e431715804f817eff64900f0cbf817163a7f443b4
6f03f4bc7be5efe0b402,https://canada.ca/en/public-health/services/publications/diseases-conditions/person-centered-approach-sexual-health.html,2026-10-04T21:52:04.400172+00:00,canada.ca,False,curl_error,302.0,https://www.canada.ca/en/public-health/services/publications/diseases-conditions/person-centered-approach-sexual-health.html,,not_extracted,0,0,,,,,,,,92.0,,
6f573ad61e15aac39d1e,https://uh-ir.tdl.org/items/9bd7bef1-395e-4d57-97b3-94dc25989849,2026-10-04T21:52:04.675318+00:00,tdl.org,False,http_error,403.0,https://uh-ir.tdl.org/items/9bd7bef1-395e-4d57-97b3-94dc25989849,919.0,not_extracted,0,0,,text/html,,,,,,0.0,,
6f69cb57c561580a777f,https://sciencedirect.com/science/article/abs/pii/S0094119011000581,2026-10-04T21:52:05.001236+00:00,sciencedirect.com,False,http_error,403.0,https://www.sciencedirect.com/science/article/abs/pii/S0094119011000581,1207905.0,not_extracted,0,0,,text/html; charset=UTF-8,,,,,,0.0,,
6fc5894d51ffcb8e4947,https://consumer.ftc.gov/articles/credit-scores,2026-10-04T21:52:07.053026+00:00,ftc.gov,True,downloaded,200.0,https://consumer.ftc.gov/articles/credit-scores,491044.0,success,6229,1086,html,text/html; charset=UTF-8,Credit Scores,BCP Staff,2023-11-07,Consumer Advice,https://consumer.ftc.gov/articles/credit-scores,0.0,6fc5894d51ffcb8e4947.txt,fe3e4ec367cd42c20160754e736f16972ae6bf6a037698d30cac801120dac66b
6fedd2c76add6f36ccb1,https://thearc.org/our-initiatives/criminal-justice,2026-10-04T21:52:07.147645+00:00,thearc.org,True,downloaded,200.0,https://thearc.org/our-initiatives/criminal-justice,219479.0,success,4048,581,html,text/html; charset=UTF-8,Disability in the Criminal Justice System | The Arc,,2026-09-28,The Arc of the United States,https://thearc.org/our-initiatives/criminal-justice/,0.0,6fedd2c76add6f36ccb1.txt,e3755aacd6c65f416799673f165005f57e62b9bf3f7b71b39ff99dc4abb80018
700b83abcede3d0dbea8,https://bipartisanpolicy.org/report/understanding-and-addressing-racial-and-ethnic-disparities-in-housing,2026-10-04T21:52:07.796231+00:00,bipartisanpolicy.org,False,http_error,403.0,https://bipartisanpolicy.org/report/understanding-and-addressing-racial-and-ethnic-disparities-in-housing,5873.0,not_extracted,0,0,,text/html; charset=UTF-8,,,,,,0.0,,
7018aefc7920479296fb,https://aspeninstitute.org/blog-posts/this-pride-month-lets-talk-about-job-quality-for-lgbtqia-workers,2026-10-04T21:52:10.312495+00:00,aspeninstitute.org,False,http_error,403.0,https://aspeninstitute.org/blog-posts/this-pride-month-lets-talk-about-job-quality-for-lgbtqia-workers,5868.0,not_extracted,0,0,,text/html; charset=UTF-8,,,,,,0.0,,
705eb4b8eb9228e13bc1,https://tandfonline.com/doi/abs/10.1080/10511482.1999.9521345,2026-10-04T21:52:10.432950+00:00,tandfonline.com,False,http_error,403.0,https://tandfonline.com/doi/abs/10.1080/10511482.1999.9521345,5780.0,not_extracted,0,0,,text/html; charset=UTF-8,,,,,,0.0,,
707cd43c5a7a67a00714,https://onlinelibrary.wiley.com/doi/10.1111/1744-7941.12377,2026-10-04T21:52:11.220845+00:00,wiley.com,False,http_error,403.0,https://onlinelibrary.wiley.com/doi/10.1111/1744-7941.12377,5780.0,not_extracted,0,0,,text/html; charset=UTF-8,,,,,,0.0,,
709bbb19d1a209a869ff,https://sciencedirect.com/science/article/pii/S155541551930203X,2026-10-04T21:52:11.269673+00:00,sciencedirect.com,False,http_error,403.0,https://www.sciencedirect.com/science/article/pii/S155541551930203X,1207849.0,not_extracted,0,0,,text/html; charset=UTF-8,,,,,,0.0,,
70dbd7c196ffa8838ad2,https://workrisenetwork.org/working-knowledge/understanding-diverse-economic-outcomes-transgender-community,2026-10-04T21:52:13.042171+00:00,workrisenetwork.org,False,http_error,403.0,https://workrisenetwork.org/working-knowledge/understanding-diverse-economic-outcomes-transgender-community,5945.0,not_extracted,0,0,,text/html; charset=UTF-8,,,,,,0.0,,
70e814efa6c409a88f8f,https://brookings.edu/articles/diverse-neighborhoods-are-made-of-diverse-housing,2026-10-04T21:52:13.477452+00:00,brookings.edu,True,downloaded,200.0,https://www.brookings.edu/articles/diverse-neighborhoods-are-made-of-diverse-housing/,217718.0,success,15759,2281,html,text/html; charset=UTF-8,Diverse neighborhoods are made of diverse housing,James C Benton,2022-03-09,Brookings,https://www.brookings.edu/articles/diverse-neighborhoods-are-made-of-diverse-housing/,0.0,70e814efa6c409a88f8f.txt,b95e7baaa823d7a099780ae8db70aabbd0a763316a32c8164aee6a7ac50cbeae
70f4cfb76caefe0d0e85,https://weforum.org/stories/education-and-skills/what-s-behind-the-growing-gap-between-men-and-women-in-college-completion,2026-10-04T21:52:13.943572+00:00,weforum.org,False,http_error,403.0,https://www.weforum.org:443/stories/education-and-skills/what-s-behind-the-growing-gap-between-men-and-women-in-college-completion,529.0,not_extracted,0,0,,text/html,,,,,,0.0,,
71b350c38ab91dac3239,https://washington.edu/populationhealth/2023/09/25/measuring-the-psychological-impact-of-administrative-burdens-on-transgender-people,2026-10-04T21:52:14.419130+00:00,washington.edu,True,downloaded,200.0,https://www.washington.edu/populationhealth/2023/09/25/measuring-the-psychological-impact-of-administrative-burdens-on-transgender-people/,66674.0,success,3727,536,html,text/html; charset=UTF-8,Measuring the psychological impact of administrative burdens on transgender people,,2023-09-25,Population Health,https://www.washington.edu/populationhealth/2023/09/25/measuring-the-psychological-impact-of-administrative-burdens-on-transgender-people/,0.0,71b350c38ab91dac3239.txt,aee1ba517be59f3141df2788713872a19dd6d609379b9b3511577806ed0ab364
72437fc07e8b32125f89,https://habitat.org/historic-housing-discrimination-us,2026-10-04T21:52:14.631026+00:00,habitat.org,True,downloaded,200.0,https://www.habitat.org/historic-housing-discrimination-us,111965.0,success,3741,549,html,text/html; charset=utf-8,Historic housing discrimination in the U.S.,,2024-07-01,Habitat for Humanity,https://www.habitat.org/historic-housing-discrimination-us,0.0,72437fc07e8b32125f89.txt,d2598ef214cf9d77436b45e0e4bb40a88836dae5747e6c69071b157080d2a26d
728e917728ba138813dc,https://odphp.health.gov/healthypeople/priority-areas/social-determinants-health/literature-summaries/high-school-graduation,2026-10-04T21:52:14.749978+00:00,health.gov,True,downloaded,200.0,https://odphp.health.gov/healthypeople/priority-areas/social-determinants-health/literature-summaries/high-school-graduation,54236.0,success,12202,1788,html,text/html; charset=UTF-8,High School Graduation,,2022-03-08,odphp.health.gov,https://odphp.health.gov/healthypeople/priority-areas/social-determinants-health/literature-summaries/high-school-graduation,0.0,728e917728ba138813dc.txt,ade72a2fcd8fee50d3ceea60c25c51e45d864c720284073cfb75f7e2fe8cec3c
72e83dae03e131415d93,https://pmc.ncbi.nlm.nih.gov/articles/PMC12625391,2026-10-04T21:52:16.054867+00:00,nih.gov,True,downloaded,200.0,https://pmc.ncbi.nlm.nih.gov/articles/PMC12625391,21365.0,success,131,18,html,text/html; charset=utf-8,Checking your browser,,2026-09-11,google.com,https://www.google.com/recaptcha/challengepage,0.0,72e83dae03e131415d93.txt,febad3f3fe620c1fa70fbdc5b5d462a0bb66ad2faf9e39bbd8dd6eaad086906d
744754cb88daf388ba86,https://academic.oup.com/jpart/article/34/3/432/7602581,2026-10-04T21:52:16.084640+00:00,oup.com,False,http_error,403.0,https://academic.oup.com/jpart/article/34/3/432/7602581,5624.0,not_extracted,0,0,,text/html; charset=UTF-8,,,,,,0.0,,
74baad1fb8f3a427e08d,https://journal.ilpnetwork.org/articles/10.31389/jltc.324,2026-10-04T21:52:16.298458+00:00,ilpnetwork.org,False,robots_disallowed,,https://journal.ilpnetwork.org/articles/10.31389/jltc.324,,not_extracted,0,0,,,,,,,,,,
76562337112284781e41,https://planadviser.com/employee-well-differs-significantly-demographic,2026-10-04T21:52:16.628183+00:00,planadviser.com,False,http_error,403.0,https://planadviser.com/employee-well-differs-significantly-demographic,118.0,not_extracted,0,0,,text/html,,,,,,0.0,,
765a7dc8e5aef3f249f4,https://pubmed.ncbi.nlm.nih.gov/35139668,2026-10-04T21:52:17.354604+00:00,nih.gov,True,downloaded,203.0,https://pubmed.ncbi.nlm.nih.gov/35139668/,5590.0,success,100,14,html,text/html; charset=utf-8,Cookies must be enabled,,,pubmed.ncbi.nlm.nih.gov,https://pubmed.ncbi.nlm.nih.gov/35139668/,0.0,765a7dc8e5aef3f249f4.txt,f193d0de906419650acf171625dbd67f88f297290893b5473e1d8365c03d4b59
76a999c4cf405750f6b8,https://pubmed.ncbi.nlm.nih.gov/31520237,2026-10-04T21:52:17.709748+00:00,nih.gov,True,downloaded,203.0,https://pubmed.ncbi.nlm.nih.gov/31520237/,5590.0,success,100,14,html,text/html; charset=utf-8,Cookies must be enabled,,,pubmed.ncbi.nlm.nih.gov,https://pubmed.ncbi.nlm.nih.gov/31520237/,0.0,76a999c4cf405750f6b8.txt,f193d0de906419650acf171625dbd67f88f297290893b5473e1d8365c03d4b59
77473644c04c4e36eda2,https://housingmatters.urban.org/research-summary/transgender-and-gender-nonconforming-people-experiencing-housing-insecurity-rely,2026-10-04T21:52:18.752425+00:00,urban.org,False,http_error,403.0,https://housingmatters.urban.org/research-summary/transgender-and-gender-nonconforming-people-experiencing-housing-insecurity-rely,6069.0,not_extracted,0,0,,text/html; charset=UTF-8,,,,,,0.0,,
77ce4b3f85ade59eea84,https://hispanicresearchcenter.org/research-resources/state-tanf-policies-practices-overview-administrative-burdens-latino-families,2026-10-04T21:52:19.136571+00:00,hispanicresearchcenter.org,True,downloaded,200.0,https://www.hispanicresearchcenter.org/research-resources/state-tanf-policies-practices-overview-administrative-burdens-latino-families/,324048.0,success,36493,5319,html,text/html; charset=UTF-8,"State TANF Policies and Practices, Administrative Burdens, and Latino Families - Hispanic Research Center",Authors,2025-05-07,Hispanic Research Center,https://www.hispanicresearchcenter.org/research-resources/state-tanf-policies-practices-overview-administrative-burdens-latino-families/,0.0,77ce4b3f85ade59eea84.txt,14d3fb55c4c172a03701a6eb14a7ca193444bac495e78902af712072a1118626
780e47a200f4ff7acb19,https://pmc.ncbi.nlm.nih.gov/articles/PMC8998779,2026-10-04T21:52:20.674521+00:00,nih.gov,True,downloaded,200.0,https://pmc.ncbi.nlm.nih.gov/articles/PMC8998779,21366.0,success,131,18,html,text/html; charset=utf-8,Checking your browser,,2026-09-11,google.com,https://www.google.com/recaptcha/challengepage,0.0,780e47a200f4ff7acb19.txt,febad3f3fe620c1fa70fbdc5b5d462a0bb66ad2faf9e39bbd8dd6eaad086906d
78a455188f30e64ca05f,https://nationaldisabilityinstitute.org/wp-content/uploads/2018/12/access-credit-brief.pdf,2026-10-04T21:52:21.234588+00:00,nationaldisabilityinstitute.org,True,downloaded,200.0,https://nationaldisabilityinstitute.org/wp-content/uploads/2018/12/access-credit-brief.pdf,196439.0,success,19762,2868,pdf,application/pdf,,,,,,0.0,78a455188f30e64ca05f.txt,0bc2ae9fdfe20fd397cb385e8bf300fb56f02bb524637d2019026b3decaec40c
78da4c957178f01a7bc7,https://youtube.com/watch?v=93TA06gnhdg,2026-10-04T21:52:21.642924+00:00,youtube.com,True,downloaded,200.0,https://www.youtube.com/watch?v=93TA06gnhdg,1205079.0,success,146,23,html,text/html; charset=utf-8,Why police still lack training to effectively respond to people with disabilities,,2025-03-17,YouTube,https://www.youtube.com/watch?v=93TA06gnhdg,0.0,78da4c957178f01a7bc7.txt,8dbba17988e385133ba8f51d76cde1fc2c859262b666cb848e9cfe2478fd5e71
79449cc23749d1c53e3d,https://endhomelessness.org/systemic-racism-and-marginalization,2026-10-04T21:52:23.235905+00:00,endhomelessness.org,True,downloaded,200.0,https://endhomelessness.org/systemic-racism-and-marginalization,357177.0,success,2395,331,html,text/html; charset=UTF-8,What Causes Homelessness: Systemic racism and marginalization,,2026-07-16,National Alliance to End Homelessness,https://endhomelessness.org/systemic-racism-and-marginalization/,0.0,79449cc23749d1c53e3d.txt,b20ef36db9e4d701651235e65258b8ca6cd65e3bd8b83450980ae882c0d06ccf
79959e76c44c16a7c2ec,https://genderedinnovations.stanford.edu/case-studies/urban.html,2026-10-04T21:52:23.911345+00:00,stanford.edu,True,downloaded,200.0,https://genderedinnovations.stanford.edu/case-studies/urban.html,48409.0,success,19163,2782,html,text/html,Housing and Neighborhood Design: Analyzing Gender,,2004-01-01,genderedinnovations.stanford.edu,https://genderedinnovations.stanford.edu/case-studies/urban.html,0.0,79959e76c44c16a7c2ec.txt,c6ff2990e5333a313d23db43e19a8d066acd2de84db675cd9d2660372cf8e44f
7a9b5bb2b2c223639a94,https://sciencedirect.com/science/article/pii/S2214635025000620,2026-10-04T21:52:24.147719+00:00,sciencedirect.com,False,http_error,403.0,https://www.sciencedirect.com/science/article/pii/S2214635025000620,1207871.0,not_extracted,0,0,,text/html; charset=UTF-8,,,,,,0.0,,
7b5cde8fca663e2c5c6f,https://ebsco.com/research-starters/politics-and-government/employment-among-african-americans,2026-10-04T21:52:25.064852+00:00,ebsco.com,True,downloaded,200.0,https://www.ebsco.com/research-starters/politics-and-government/employment-among-african-americans,137316.0,success,24660,3466,html,text/html,Employment among African Americans | Politics and Government | Research Starters | EBSCOhost,,2022-05-01,EBSCO,https://www.ebsco.com/,0.0,7b5cde8fca663e2c5c6f.txt,e5427d7d7450b32b04568104a15afdb9fbab1e58a2e6c4ee102bfba50723e70e
7c422a7456f54535b16b,https://tandfonline.com/doi/full/10.1080/26895269.2026.2656940,2026-10-04T21:52:26.172627+00:00,tandfonline.com,False,http_error,403.0,https://tandfonline.com/doi/full/10.1080/26895269.2026.2656940,5783.0,not_extracted,0,0,,text/html; charset=UTF-8,,,,,,0.0,,
7c454196835a01621ed2,https://hhs.gov/black-history-month/reading-list/index.html,2026-10-04T21:52:26.217447+00:00,hhs.gov,False,http_error,403.0,https://www.hhs.gov/black-history-month/reading-list/index.html,432.0,not_extracted,0,0,,text/html,,,,,,0.0,,
7c55d749d83dc3d4e791,https://pcc.edu/queer/district-efforts/research,2026-10-04T21:52:26.344459+00:00,pcc.edu,True,downloaded,200.0,https://www.pcc.edu/queer/district-efforts/research/,26672.0,success,4227,631,html,text/html; charset=UTF-8,Research | Queer Resource Centers at PCC,,2000-01-01,pcc.edu,https://www.pcc.edu/queer/district-efforts/research/,0.0,7c55d749d83dc3d4e791.txt,2fbd2bd20648bdc93fd186abc7badb0b1e6d4fde58ecafc20534e5cc264e0d88
7c7839d4f3657b77103d,https://hopkinsmedicine.org/health/expert-qa/transgender-health-what-you-need-to-know,2026-10-04T21:52:29.220842+00:00,hopkinsmedicine.org,False,http_error,403.0,https://hopkinsmedicine.org/health/expert-qa/transgender-health-what-you-need-to-know,5494.0,not_extracted,0,0,,text/html; charset=UTF-8,,,,,,0.0,,
7cd7c81d17bd3b8d078f,https://feed.georgetown.edu/access-affordability/discrimination-additional-stressors-create-barriers-to-graduation-for-black-students-study-finds,2026-10-04T21:52:29.447629+00:00,georgetown.edu,True,downloaded,200.0,https://feed.georgetown.edu/access-affordability/discrimination-additional-stressors-create-barriers-to-graduation-for-black-students-study-finds/,164044.0,success,5576,823,html,text/html; charset=UTF-8,"Discrimination, additional stressors create barriers to graduation for Black students, study finds - THE FEED",Jk,2023-02-17,THE FEED,https://feed.georgetown.edu/access-affordability/discrimination-additional-stressors-create-barriers-to-graduation-for-black-students-study-finds/,0.0,7cd7c81d17bd3b8d078f.txt,1cf77fa421de2b721b7ed6388086b94b5707a69fe1c123e200cbbf0bc68b2796
7db7f063d6eb3c15307e,https://nclc.org/wp-content/uploads/2016/05/20240227_Issue-Brief_Past-Imperfect.pdf,2026-10-04T21:52:30.347370+00:00,nclc.org,True,downloaded,200.0,https://www.nclc.org/wp-content/uploads/2016/05/20240227_Issue-Brief_Past-Imperfect.pdf,413798.0,success,22566,3466,pdf,application/pdf,,,,,,0.0,7db7f063d6eb3c15307e.txt,2791c0baf5a1c5b56f4d7f7b32ada6b8b36a5ad1b4206dba62b7f3d9b4cdf8e8
7de5ea1950da89473ae3,https://pmc.ncbi.nlm.nih.gov/articles/PMC11319094,2026-10-04T21:52:30.454381+00:00,nih.gov,True,downloaded,200.0,https://pmc.ncbi.nlm.nih.gov/articles/PMC11319094,21368.0,success,131,18,html,text/html; charset=utf-8,Checking your browser,,2026-09-11,google.com,https://www.google.com/recaptcha/challengepage,0.0,7de5ea1950da89473ae3.txt,febad3f3fe620c1fa70fbdc5b5d462a0bb66ad2faf9e39bbd8dd6eaad086906d
7ec6fee697b4956da75b,https://americanprogress.org/article/public-work-provides-economic-security-black-families-communities,2026-10-04T21:52:31.307701+00:00,americanprogress.org,False,http_error,403.0,https://www.americanprogress.org/article/public-work-provides-economic-security-black-families-communities,5890.0,not_extracted,0,0,,text/html; charset=UTF-8,,,,,,0.0,,
7efe1f2894edfcb54bc2,https://nacdd.org/criminal-legal-system,2026-10-04T21:52:32.124873+00:00,nacdd.org,True,downloaded,200.0,https://nacdd.org/criminal-legal-system/,92211.0,success,1408,200,html,text/html; charset=UTF-8,Criminal Legal System,,2022-10-01,NACDD,https://nacdd.org/criminal-legal-system/,0.0,7efe1f2894edfcb54bc2.txt,29622df0321706aa0f26cde548bf3716c9522a5d9ccd4328c0338593d935c6a6
7f563b4f4e319d95e5c6,https://edsurge.com/news/2023-10-17-how-can-colleges-close-the-latino-graduation-gap,2026-10-04T21:52:32.788743+00:00,edsurge.com,True,downloaded,200.0,https://www.edsurge.com:443/news/2023-10-17-how-can-colleges-close-the-latino-graduation-gap,219652.0,success,5070,802,html,text/html; charset=utf-8,How Can Colleges Close the Latino Graduation Gap?,,2023-10-17,EdSurge,https://edsurge.com/news/2023-10-17-how-can-colleges-close-the-latino-graduation-gap,0.0,7f563b4f4e319d95e5c6.txt,02ca8732feb68279fe90b02f2e46ca8fbfc65f959a161e1fd07b52fbaa49cf9f
7f6f63a7fd0bac92dc34,https://business.bofa.com/en-us/content/workplace-benefits/employee-benefits-resources/supporting-women-in-the-workplace.html,2026-10-04T21:52:33.696993+00:00,bofa.com,True,downloaded,200.0,https://business.bofa.com/en-us/content/workplace-benefits/employee-benefits-resources/supporting-women-in-the-workplace.html,186886.0,success,6493,983,html,text/html; charset=UTF-8,Supporting Women in the Workplace: Menopause Benefits & More,,2026-05-13,Bank of America,https://business.bofa.com/en-us/content/workplace-benefits/employee-benefits-resources/supporting-women-in-the-workplace.html,0.0,7f6f63a7fd0bac92dc34.txt,651dbd00b0dcd1042ca89478b673f3ee65dfa45a7a3d625a155e23f3b5722fbb
7f96b9e748c207ae4466,https://pmc.ncbi.nlm.nih.gov/articles/PMC9250371,2026-10-04T21:52:34.428343+00:00,nih.gov,True,downloaded,200.0,https://pmc.ncbi.nlm.nih.gov/articles/PMC9250371,21366.0,success,131,18,html,text/html; charset=utf-8,Checking your browser,,2026-09-11,google.com,https://www.google.com/recaptcha/challengepage,0.0,7f96b9e748c207ae4466.txt,febad3f3fe620c1fa70fbdc5b5d462a0bb66ad2faf9e39bbd8dd6eaad086906d
808b9ef2926ce9d0c9d9,https://avp.org/wp-content/uploads/2017/04/FORGE_Trans_People_Police_Incarceration_Facts.pdf,2026-10-04T21:52:34.712954+00:00,avp.org,True,downloaded,200.0,https://avp.org/wp-content/uploads/2017/04/FORGE_Trans_People_Police_Incarceration_Facts.pdf,137329.0,success,2826,420,pdf,application/pdf,,,,,,0.0,808b9ef2926ce9d0c9d9.txt,4f4ee3fa2864dfbbadbc31e96103a2bdba910362dcb03b2b284614a3d97a9106
80bcc2329d8ddad43371,https://unitedwayla.org/news/housing-inequality-within-the-lgbtq-community,2026-10-04T21:52:34.902850+00:00,unitedwayla.org,True,downloaded,200.0,https://unitedwayla.org/news/housing-inequality-within-the-lgbtq-community/,88518.0,success,9884,1551,html,text/html; charset=UTF-8,Housing Inequality Within the LGBTQ+ Community - United Way L.A.,,2024-06-13,United Way L.A.,https://unitedwayla.org/news/housing-inequality-within-the-lgbtq-community/,0.0,80bcc2329d8ddad43371.txt,a6a335b275f1dacab8ee2b884d702e872d514a2ed421fe6265128a758aa00d0d
80ef5546326880e40115,https://pmc.ncbi.nlm.nih.gov/articles/PMC9322545,2026-10-04T21:52:35.046414+00:00,nih.gov,True,downloaded,200.0,https://pmc.ncbi.nlm.nih.gov/articles/PMC9322545/,245227.0,success,66949,10252,html,text/html; charset=utf-8,Men's help‐seeking and engagement with general practice: An integrative review,Ruth Mursa; Christopher Patterson; Elizabeth Halcomb,2022-04-05,Journal of Advanced Nursing,https://pmc.ncbi.nlm.nih.gov/articles/PMC9322545/,0.0,80ef5546326880e40115.txt,e72ccdb8e4f0584222f575b3e3eba142c4af0957d51a0a42002926b640bf55aa
8275cd95a7d4384ff509,https://nelp.org/insights-research/desegregating-opportunity-why-uprooting-occupational-segregation-is-critical-to-building-a-good-jobs-economy,2026-10-04T21:52:37.577827+00:00,nelp.org,True,downloaded,200.0,https://www.nelp.org/insights-research/desegregating-opportunity-why-uprooting-occupational-segregation-is-critical-to-building-a-good-jobs-economy/,82821.0,success,21591,2924,html,text/html; charset=UTF-8,Desegregating Opportunity: Why Uprooting Occupational Segregation is Critical to Building A Good-Jobs Economy - National Employment Law Project,Rebecca Dixon Amy Traub,2025-07-31,National Employment Law Project,https://www.nelp.org/insights-research/desegregating-opportunity-why-uprooting-occupational-segregation-is-critical-to-building-a-good-jobs-economy/,0.0,8275cd95a7d4384ff509.txt,d9747c958c8bfaddd5d83f07993db931d20f4e55ffb171cad748fab07900a8ed
82baf099d99ab62f07f8,https://sciencedirect.com/science/article/am/pii/S0160252720300285,2026-10-04T21:52:38.213066+00:00,sciencedirect.com,False,http_error,403.0,https://www.sciencedirect.com/science/article/am/pii/S0160252720300285,1207880.0,not_extracted,0,0,,text/html; charset=UTF-8,,,,,,0.0,,
82ed2c3257a4974f88ec,https://latinopolicyforum.org/housing,2026-10-04T21:52:38.534120+00:00,latinopolicyforum.org,False,http_error,403.0,https://latinopolicyforum.org/housing,5582.0,not_extracted,0,0,,text/html; charset=UTF-8,,,,,,0.0,,
83899073e11ec6728d39,https://wellable.co/blog/2015-12-09-study-age-gender-impact-employee-benefit-preference,2026-10-04T21:52:40.909532+00:00,wellable.co,True,downloaded,200.0,https://www.wellable.co/blog/2015-12-09-study-age-gender-impact-employee-benefit-preference/,307899.0,success,2774,408,html,text/html; charset=UTF-8,"Study: Age, Gender Impact Employee Benefit Preference | Wellable",Wellable,2015-12-09,Wellable,https://www.wellable.co/blog/2015-12-09-study-age-gender-impact-employee-benefit-preference/,0.0,83899073e11ec6728d39.txt,0dfe339f99f6f8c8f8d33a0897469140178c5bba38b0aa7599d5afa5513cdc1b
83d8548b493e5ddceba3,https://researchgate.net/publication/254449575_Neighborhood_quality_determinants_Empirical_evidence_from_the_American_Housing_Survey,2026-10-04T21:52:41.382723+00:00,researchgate.net,False,http_error,403.0,https://www.researchgate.net/publication/254449575_Neighborhood_quality_determinants_Empirical_evidence_from_the_American_Housing_Survey,21137.0,not_extracted,0,0,,text/html; charset=UTF-8,,,,,,0.0,,
83ec61048185de90c6b1,https://nces.ed.gov/programs/raceindicators/indicator_red.asp,2026-10-04T21:52:42.784087+00:00,ed.gov,True,downloaded,200.0,https://nces.ed.gov/programs/raceindicators/indicator_red.asp,26749.0,success,9912,1359,html,text/html,Indicator 23: Postsecondary Graduation Rates,,1996-01-01,nces.ed.gov,https://nces.ed.gov/programs/raceindicators/indicator_red.asp,0.0,83ec61048185de90c6b1.txt,8c29aa2ffdb2c24b58b44619b84bde24e3ee1a0f91da82242f68f1a9c96ffeb5
844c97f138fc41689c03,https://kinder.rice.edu/urbanedge/residential-segregation-rewards-whites-while-punishing-people-color,2026-10-04T21:52:43.650760+00:00,rice.edu,True,downloaded,200.0,https://kinder.rice.edu/urbanedge/residential-segregation-rewards-whites-while-punishing-people-color,70011.0,success,8615,1414,html,text/html; charset=UTF-8,Residential segregation rewards whites while punishing people of color | Kinder Institute for Urban Research,MICHAEL O EMERSON,2020-09-21,Kinder Institute for Urban Research | Rice University,https://kinder.rice.edu/urbanedge/residential-segregation-rewards-whites-while-punishing-people-color,0.0,844c97f138fc41689c03.txt,75255267ff8bb0948edd9fe259a764aa54c8b79d6d2bbf01e75286b4e738d684
84afbdc7826c35f27abe,https://pmc.ncbi.nlm.nih.gov/articles/PMC4929689,2026-10-04T21:52:44.465082+00:00,nih.gov,True,downloaded,200.0,https://pmc.ncbi.nlm.nih.gov/articles/PMC4929689,21366.0,success,131,18,html,text/html; charset=utf-8,Checking your browser,,2026-09-11,google.com,https://www.google.com/recaptcha/challengepage,0.0,84afbdc7826c35f27abe.txt,febad3f3fe620c1fa70fbdc5b5d462a0bb66ad2faf9e39bbd8dd6eaad086906d
85bf8e8aa2e3dd15b305,https://cdiaonline.org/cdia-statements/2022/02/02/credit-reporting-industry-helping-transgender-and-nonbinary-individuals-prevent-potential-disruptions-to-their-credit,2026-10-04T21:52:44.627352+00:00,cdiaonline.org,True,downloaded,200.0,https://www.cdiaonline.org/cdia-statements/2022/02/02/credit-reporting-industry-helping-transgender-and-nonbinary-individuals-prevent-potential-disruptions-to-their-credit/,119529.0,success,4342,654,html,text/html; charset=UTF-8,Credit Reporting Industry: Helping Transgender and Nonbinary Individuals Prevent Potential Disruptions to Their Credit - CDIA,CDIA Staff,2022-02-02,Consumer Data Industry Association (CDIA),https://www.cdiaonline.org/cdia-statements/2022/02/02/credit-reporting-industry-helping-transgender-and-nonbinary-individuals-prevent-potential-disruptions-to-their-credit/,0.0,85bf8e8aa2e3dd15b305.txt,28b126c4791461d0089867fe31475bd6220b8af3fe072f78970dd871d9775d67
860e6cb23f65cbc4a2de,https://pmc.ncbi.nlm.nih.gov/articles/PMC10984377,2026-10-04T21:52:44.692844+00:00,nih.gov,True,downloaded,200.0,https://pmc.ncbi.nlm.nih.gov/articles/PMC10984377/,216335.0,success,71112,10266,html,text/html; charset=utf-8,Does intergenerational educational mobility vary by sexual identity? A comparative analysis of five OECD countries,Diederik Boertien; Francisco Perales; Léa Pessin,2023-10-06,European Sociological Review,https://pmc.ncbi.nlm.nih.gov/articles/PMC10984377/,0.0,860e6cb23f65cbc4a2de.txt,68c8df641859847f6046e0bcd8ca83e06bf3bbe14690a44b3921d6c479b5f760
86d2f70640dffcf68b3e,https://sciencedirect.com/science/article/pii/S026661382400038X,2026-10-04T21:52:44.724572+00:00,sciencedirect.com,False,http_error,403.0,https://www.sciencedirect.com/science/article/pii/S026661382400038X,1207849.0,not_extracted,0,0,,text/html; charset=UTF-8,,,,,,0.0,,
886609664ef2d420eb84,https://cbcfinc.org/capstones/economic-opportunity/a-net-with-gapping-holes-unemployment-insurance-and-racial-inequality,2026-10-04T21:52:44.754766+00:00,cbcfinc.org,True,downloaded,200.0,https://www.cbcfinc.org/capstones/economic-opportunity/a-net-with-gapping-holes-unemployment-insurance-and-racial-inequality/,182730.0,success,51495,7026,html,text/html; charset=UTF-8,A Net with Gapping Holes: Unemployment Insurance and Racial Inequality » Congressional Black Caucus Foundation » Advancing the Global Black Community by Developing Leaders Informing Policy and Educating the Public,,2024-11-27,"Congressional Black Caucus Foundation, Inc.",https://www.cbcfinc.org/capstones/economic-opportunity/a-net-with-gapping-holes-unemployment-insurance-and-racial-inequality/,0.0,886609664ef2d420eb84.txt,b6f146c96c8f86d133f8d4ac685fc5f01064415de84f917418cab8f531a9b05a
88e8e133688650a9d942,https://learn2care.us/blog/the-power-of-person-centered-care-for-minorities,2026-10-04T21:52:44.786106+00:00,learn2care.us,True,downloaded,200.0,https://www.learn2care.us/blog/the-power-of-person-centered-care-for-minorities/,163629.0,success,12484,1765,html,text/html; charset=UTF-8,How Person-Centered Care Improves Minority Health Outcomes,Admin,2025-02-28,Learn2Care - AI-Powered Online Caregiver Training Platform,https://www.learn2care.us/blog/the-power-of-person-centered-care-for-minorities/,0.0,88e8e133688650a9d942.txt,21e5caa9cdadf5a51a24c0f65845fbe504f2dd8606a05a8e6abd7188bf385962
89020b2b99984124c848,https://aafp.org/afp/2018/1201/p645,2026-10-04T21:52:47.958818+00:00,aafp.org,True,downloaded,200.0,https://www.aafp.org/afp/2018/1201/p645,653511.0,success,42496,6049,html,text/html; charset=utf-8,Caring for Transgender and Gender-Diverse Persons: What Clinicians Should Know,David A Klein; Scott L Paradise; Emily T Goodwin,2018-12-01,American Academy of Family Physicians,https://www.aafp.org/afp/2018/1201/p645,0.0,89020b2b99984124c848.txt,f6c7fcce0e856afec11bf2eec55dac1ce236be4bb23ffd4e579f5f359b76eb5d
892900986fcb922b008b,https://transequality.org/issues/resources/failing-to-protect-and-serve-police-department-policies-towards-transgender-people,2026-10-04T21:52:48.187299+00:00,transequality.org,True,downloaded,200.0,https://transequality.org/issues/resources/failing-to-protect-and-serve-police-department-policies-towards-transgender-people,91623.0,success,2485,354,html,text/html; charset=UTF-8,Failing to Protect and Serve: Police Department Policies Towards Transgender People | A4TE,,2026-01-01,A4TE,https://transequality.org/issues/resources/failing-to-protect-and-serve-police-department-policies-towards-transgender-people,0.0,892900986fcb922b008b.txt,7bd72c326f272a1c15dd494ad64aa0e991520db1b0e06443aee52980164ea3a2
8991a130d2f812a341c2,https://pmc.ncbi.nlm.nih.gov/articles/PMC8279686,2026-10-04T21:52:48.438098+00:00,nih.gov,True,downloaded,200.0,https://pmc.ncbi.nlm.nih.gov/articles/PMC8279686,21364.0,success,131,18,html,text/html; charset=utf-8,Checking your browser,,2026-09-11,google.com,https://www.google.com/recaptcha/challengepage,0.0,8991a130d2f812a341c2.txt,febad3f3fe620c1fa70fbdc5b5d462a0bb66ad2faf9e39bbd8dd6eaad086906d
89b62fc747e057c3a051,https://chro.org/w/new-report-reveals-what-is-important-at-work-for-l,2026-10-04T21:52:48.769933+00:00,chro.org,False,http_error,403.0,https://chro.org/w/new-report-reveals-what-is-important-at-work-for-l,5746.0,not_extracted,0,0,,text/html; charset=UTF-8,,,,,,0.0,,
8a017f22833bba87f0fd,https://pmc.ncbi.nlm.nih.gov/articles/PMC4524744,2026-10-04T21:52:51.658558+00:00,nih.gov,True,downloaded,200.0,https://pmc.ncbi.nlm.nih.gov/articles/PMC4524744,21366.0,success,131,18,html,text/html; charset=utf-8,Checking your browser,,2026-09-11,google.com,https://www.google.com/recaptcha/challengepage,0.0,8a017f22833bba87f0fd.txt,febad3f3fe620c1fa70fbdc5b5d462a0bb66ad2faf9e39bbd8dd6eaad086906d
8a03b91d1f7a4524cf0a,https://centier.com/resources/articles/article-details/what-are-the-5-factors-that-affect-your-credit-score,2026-10-04T21:52:51.777140+00:00,centier.com,True,downloaded,200.0,https://www.centier.com/resources/articles/article-details/what-are-the-5-factors-that-affect-your-credit-score,56899.0,success,6379,1106,html,text/html; charset=utf-8,What Are The 5 Factors That Affect Your Credit Score? | Key Tips To Improve & Influence Your Credit,,2024-01-25,Centier Bank,https://www.centier.com/resources/articles/article-details/what-are-the-5-factors-that-affect-your-credit-score,0.0,8a03b91d1f7a4524cf0a.txt,c75d835f363e2a461a954b843393380f6c61f04ab41b051689d33e12cf82fcf2
8a096aee0a6e9c899ee1,https://crimrxiv.com/pub/spfg4hk6,2026-10-04T21:52:51.910252+00:00,crimrxiv.com,False,http_error,403.0,https://www.crimrxiv.com/pub/spfg4hk6,5810.0,not_extracted,0,0,,text/html; charset=UTF-8,,,,,,0.0,,
8a171b18198a75558117,https://laborcenter.berkeley.edu/job-based-coverage-is-less-common-among-workers-who-are-black-or-latino-low-wage-immigrants-and-young-adults,2026-10-04T21:52:54.750590+00:00,berkeley.edu,True,downloaded,200.0,https://laborcenter.berkeley.edu/job-based-coverage-is-less-common-among-workers-who-are-black-or-latino-low-wage-immigrants-and-young-adults/,74128.0,success,6893,1050,html,text/html; charset=UTF-8,"Job-based coverage is less common among workers who are Black or Latino, low-wage, immigrants, and young adults",,2026-02-16,UC Berkeley Labor Center,https://laborcenter.berkeley.edu/job-based-coverage-is-less-common-among-workers-who-are-black-or-latino-low-wage-immigrants-and-young-adults/,0.0,8a171b18198a75558117.txt,9224b4386daf86e9bffc80a0bf787c428d606819f72e3a9213f556f44af07af3
8a193db7364cccbc3731,https://hbtbank.com/personal-banking/five-factors-that-impact-your-credit-score,2026-10-04T21:52:54.910053+00:00,hbtbank.com,True,downloaded,200.0,https://www.hbtbank.com/personal-banking/five-factors-that-impact-your-credit-score/,99299.0,success,3300,581,html,text/html; charset=UTF-8,Five Factors That Impact Your Credit Score - Heartland Bank and Trust Company,Heartland Bank; Trust Company; Csmedit,2025-01-01,Heartland Bank and Trust Company,https://www.hbtbank.com/personal-banking/five-factors-that-impact-your-credit-score/,0.0,8a193db7364cccbc3731.txt,5497a26b4b182e3598b7aa2e35c5f4a5b125534224da786e83968eb4f101879f
8a713bcc34c19ab20935,https://theschoolleader.org/news/new-study-transgender-and-nonbinary-students-face-discrimination-school-while-supportive,2026-10-04T21:52:55.800582+00:00,theschoolleader.org,True,downloaded,200.0,https://www.theschoolleader.org/news/new-study-transgender-and-nonbinary-students-face-discrimination-school-while-supportive,84987.0,success,4847,698,html,text/html; charset=utf-8,"New Study: Transgender and Nonbinary Students Face Discrimination at School, While Supportive Educators Help Them Thrive",,2026-09-08,American Federation of School Administrators,https://www.theschoolleader.org/news/new-study-transgender-and-nonbinary-students-face-discrimination-school-while-supportive,0.0,8a713bcc34c19ab20935.txt,8e74d2eafb72f8ac18cae2f150fbc75f3c02780f38ef6e7732f3bea9bcb2e16d
8a87ad985d5c093a724e,https://aibm.org/research/male-college-enrollment-and-completion,2026-10-04T21:52:57.113139+00:00,aibm.org,True,downloaded,200.0,https://aibm.org/research/male-college-enrollment-and-completion/,105546.0,success,9903,1604,html,text/html; charset=UTF-8,Degrees of difference: Male college enrollment and completion,Richard V Reeves; Will Secker,2025-10-03,American Institute for Boys and Men,https://aibm.org/research/male-college-enrollment-and-completion/,0.0,8a87ad985d5c093a724e.txt,72862550aea107391fac53b8eb1067df185be645e591fe25f2def58355961b62
8bbad1384dc90c0d11a3,https://bu.edu/sph/news/articles/2023/across-the-us-white-neighborhoods-have-more-greenery-fewer-dilapidated-buildings-fewer-multi-family-homes,2026-10-04T21:52:59.005413+00:00,bu.edu,True,downloaded,200.0,https://www.bu.edu/sph/news/articles/2023/across-the-us-white-neighborhoods-have-more-greenery-fewer-dilapidated-buildings-fewer-multi-family-homes,145073.0,success,4618,654,html,text/html; charset=UTF-8,"White Neighborhoods Have More Greenery, Fewer Dilapidated Buildings and Multi-Family Homes",Jillian McKoy is the senior writer; Editor,2023-01-19,BUSPH,https://www.bu.edu/sph/news/articles/2023/across-the-us-white-neighborhoods-have-more-greenery-fewer-dilapidated-buildings-fewer-multi-family-homes/,0.0,8bbad1384dc90c0d11a3.txt,3bc17bfbd246cefb332e561144575f585f5f2d76a15be6e51227c3d8ae5b295b
8bfe2a24b5b1bbe4b92d,https://nature.com/articles/s41598-025-97536-9,2026-10-04T21:52:59.610844+00:00,nature.com,True,downloaded,200.0,https://www.nature.com/articles/s41598-025-97536-9?error=cookies_not_supported&code=6b539698-a2e2-4fb3-acc4-3813292754cc,402462.0,success,53097,7656,html,text/html; charset=utf-8,Patient-centered communication and its impact on minority health competence and outcomes in the United States - Scientific Reports,Aidoo; Ebenezer Ato Kwamena; Wood; Sandra Freda; Issaka; Barikisu; Agyapong; William Ofosu,2025-04-07,Nature,https://www.nature.com/articles/s41598-025-97536-9,0.0,8bfe2a24b5b1bbe4b92d.txt,58c9dfa533402d9ea3be56aaff55dbf2b542a621ae6047c386e37fd13f577e0b
8d2ceb84ea0c8fa89be1,https://blog.ongig.com/diversity-and-inclusion/16-benefits-for-female-employees-helpful-ways-to-support-women-in-the-workplace,2026-10-04T21:53:01.801273+00:00,ongig.com,True,downloaded,200.0,https://blog.ongig.com/diversity-and-inclusion/16-benefits-for-female-employees-helpful-ways-to-support-women-in-the-workplace/,96504.0,success,12285,1853,html,text/html; charset=UTF-8,16 Benefits for Female Employees: Helpful Ways to Support Women in the Workplace,Gem Siocon,2023-12-25,Ongig Blog,https://blog.ongig.com/diversity-and-inclusion/16-benefits-for-female-employees-helpful-ways-to-support-women-in-the-workplace/,0.0,8d2ceb84ea0c8fa89be1.txt,f81cd17451fe782a61bda7f83d2e1d31217785ca92ebbfbf9991faa6b7969224
8d4b74f96737f9c79531,https://nationaldisabilityinstitute.org/financial-resilience-center/credit,2026-10-04T21:53:04.209156+00:00,nationaldisabilityinstitute.org,True,downloaded,200.0,https://www.nationaldisabilityinstitute.org/financial-resilience-center/credit/,248425.0,success,16536,2909,html,text/html; charset=UTF-8,Credit | Financial Resilience Resources for People with Disabilities,Katie Auchenbach,2022-02-14,National Disability Institute,https://www.nationaldisabilityinstitute.org/financial-resilience-center/credit/,0.0,8d4b74f96737f9c79531.txt,35d981dd0ea419eb349f64d54e142cc6b33f9aeecef82b971f3da8cb21a705aa
8d8f410bad02e96fd2f4,https://pmc.ncbi.nlm.nih.gov/articles/PMC10990005,2026-10-04T21:53:05.235260+00:00,nih.gov,True,downloaded,200.0,https://pmc.ncbi.nlm.nih.gov/articles/PMC10990005,21368.0,success,131,18,html,text/html; charset=utf-8,Checking your browser,,2026-09-11,google.com,https://www.google.com/recaptcha/challengepage,0.0,8d8f410bad02e96fd2f4.txt,febad3f3fe620c1fa70fbdc5b5d462a0bb66ad2faf9e39bbd8dd6eaad086906d
8e6c2cd3b81598fb6dbd,https://linkedin.com/pulse/attracting-women-workforce-why-female-specific-benefits-anna-oakes-l2bbc,2026-10-04T21:53:05.240074+00:00,linkedin.com,False,robots_disallowed,,https://linkedin.com/pulse/attracting-women-workforce-why-female-specific-benefits-anna-oakes-l2bbc,,not_extracted,0,0,,,,,,,,,,
8e86245734cefba81b49,https://brookings.edu/articles/homeownership-racial-segregation-and-policies-for-racial-wealth-equity,2026-10-04T21:53:05.473894+00:00,brookings.edu,True,downloaded,200.0,https://www.brookings.edu/articles/homeownership-racial-segregation-and-policies-for-racial-wealth-equity/,302569.0,success,39581,5566,html,text/html; charset=UTF-8,"Homeownership, racial segregation, and policy solutions to racial wealth equity | Brookings",Rashawn Ray; Andre M Perry; David Harshbarger; Samantha Elizondo; Alexandra Gibbons,2024-02-05,Brookings,https://www.brookings.edu/articles/homeownership-racial-segregation-and-policies-for-racial-wealth-equity/,0.0,8e86245734cefba81b49.txt,e7bceab1564d4fe59c4e6a74305864e7d1073250b3b188214fdd4d5735a7ec6e
8ec49e97b49928446e04,https://pmc.ncbi.nlm.nih.gov/articles/PMC3404465,2026-10-04T21:53:06.635981+00:00,nih.gov,True,downloaded,200.0,https://pmc.ncbi.nlm.nih.gov/articles/PMC3404465/,266951.0,success,88765,13796,html,text/html; charset=utf-8,"Laboring Underground: The Employment Patterns of Hispanic Immigrant Men in Durham, NC",Chenoa A Flippen,2012-02-01,Social problems,https://pmc.ncbi.nlm.nih.gov/articles/PMC3404465/,0.0,8ec49e97b49928446e04.txt,b345447197b2498807cf78954c69c2b72279c580e6011d8da9af61dff5d4f2b0
8f0ef28c6f421a946b17,https://openoregon.pressbooks.pub/raceandcrime1e/chapter/oo5-3,2026-10-04T21:53:07.364946+00:00,pressbooks.pub,False,http_error,403.0,https://openoregon.pressbooks.pub/raceandcrime1e/chapter/oo5-3,919.0,not_extracted,0,0,,text/html,,,,,,0.0,,
8fba4531d390121cdb99,https://nelp.org/credit-scores-are-supposed-to-be-race-neutral-thats-impossible,2026-10-04T21:53:08.764788+00:00,nelp.org,True,downloaded,200.0,https://www.nelp.org/credit-scores-are-supposed-to-be-race-neutral-thats-impossible/,60684.0,success,8448,1388,html,text/html; charset=UTF-8,Credit scores are supposed to be race-neutral. That’s impossible. - National Employment Law Project,Isadmin,2021-12-06,National Employment Law Project,https://www.nelp.org/credit-scores-are-supposed-to-be-race-neutral-thats-impossible/,0.0,8fba4531d390121cdb99.txt,c176d95a9482419302136bac936c2f3efa9e16ddbe0f24833c5ec8d361ab53c1
90f384707c92f5159cce,https://cdc.gov/prepyourhealth/discussionguides/neighborhood.htm,2026-10-04T21:53:10.490821+00:00,cdc.gov,False,http_error,403.0,https://cdc.gov/prepyourhealth/discussionguides/neighborhood.htm,417.0,not_extracted,0,0,,text/html,,,,,,0.0,,
913137bd1b51f6920f5b,https://sciencedirect.com/science/article/pii/S2667321521000196,2026-10-04T21:53:10.563924+00:00,sciencedirect.com,False,http_error,403.0,https://www.sciencedirect.com/science/article/pii/S2667321521000196,1207871.0,not_extracted,0,0,,text/html; charset=UTF-8,,,,,,0.0,,
9139bb9661ebaa030c0a,https://pmc.ncbi.nlm.nih.gov/articles/PMC3704191,2026-10-04T21:53:10.793587+00:00,nih.gov,True,downloaded,200.0,https://pmc.ncbi.nlm.nih.gov/articles/PMC3704191,21365.0,success,131,18,html,text/html; charset=utf-8,Checking your browser,,2026-09-11,google.com,https://www.google.com/recaptcha/challengepage,0.0,9139bb9661ebaa030c0a.txt,febad3f3fe620c1fa70fbdc5b5d462a0bb66ad2faf9e39bbd8dd6eaad086906d
91ca603b4ff9cbb56d2b,https://pubmed.ncbi.nlm.nih.gov/41175735,2026-10-04T21:53:11.929141+00:00,nih.gov,True,downloaded,203.0,https://pubmed.ncbi.nlm.nih.gov/41175735/,5590.0,success,100,14,html,text/html; charset=utf-8,Cookies must be enabled,,,pubmed.ncbi.nlm.nih.gov,https://pubmed.ncbi.nlm.nih.gov/41175735/,0.0,91ca603b4ff9cbb56d2b.txt,f193d0de906419650acf171625dbd67f88f297290893b5473e1d8365c03d4b59
921757a2dc42770174ca,https://pmc.ncbi.nlm.nih.gov/articles/PMC6814672,2026-10-04T21:53:12.062899+00:00,nih.gov,True,downloaded,200.0,https://pmc.ncbi.nlm.nih.gov/articles/PMC6814672,21364.0,success,131,18,html,text/html; charset=utf-8,Checking your browser,,2026-09-11,google.com,https://www.google.com/recaptcha/challengepage,0.0,921757a2dc42770174ca.txt,febad3f3fe620c1fa70fbdc5b5d462a0bb66ad2faf9e39bbd8dd6eaad086906d
92365c7540e3ccca0275,https://fico.com/blogs/do-credit-scores-have-disparate-impact-racial-minorities,2026-10-04T21:53:13.540962+00:00,fico.com,True,downloaded,200.0,https://www.fico.com/blogs/do-credit-scores-have-disparate-impact-racial-minorities,6058.0,success,507,82,html,text/html; charset=UTF-8,Pardon Our Interruption,,,fico.com,https://www.fico.com/blogs/do-credit-scores-have-disparate-impact-racial-minorities,0.0,92365c7540e3ccca0275.txt,d53451935b3f8588ab6d5fe4cf7bd6504bc602dae78524798cab44f195ac8651
92943eed3357bf30bfc3,https://prestigepeo.com/blogs/job-quality-hispanic-latino-community,2026-10-04T21:53:13.919870+00:00,prestigepeo.com,True,downloaded,200.0,https://www.prestigepeo.com/blogs/job-quality-hispanic-latino-community/,244546.0,success,6002,945,html,text/html; charset=UTF-8,Major Issues Affecting Job Quality,Mark P,2022-09-15,PrestigePEO,https://www.prestigepeo.com/blogs/job-quality-hispanic-latino-community/,0.0,92943eed3357bf30bfc3.txt,e2f11e8f8631aa9b04279aaf799ba02e1465422f1f1f1296a2a34cb6b35e92ae
93682866568d9d18a50a,https://thetaskforce.org/news/transgender-workers-at-greater-risk-for-unemployment-and-poverty,2026-10-04T21:53:14.060972+00:00,thetaskforce.org,False,http_error,403.0,https://thetaskforce.org/news/transgender-workers-at-greater-risk-for-unemployment-and-poverty,5827.0,not_extracted,0,0,,text/html; charset=UTF-8,,,,,,0.0,,
9448970c042845b2343e,https://moneymanagement.org/blog/why-good-credit-is-harder-to-achieve-in-communities-of-color,2026-10-04T21:53:15.295427+00:00,moneymanagement.org,True,downloaded,200.0,https://www.moneymanagement.org/blog/why-good-credit-is-harder-to-achieve-in-communities-of-color,68634.0,success,6423,1039,html,text/html; charset=utf-8,Credit History: How it Matters for Communities of Color | MMI,Kate Bulger,2023-06-28,Money Management International,http://www.moneymanagement.org/blog/why-good-credit-is-harder-to-achieve-in-communities-of-color,0.0,9448970c042845b2343e.txt,73b136d786a9e5c37bec9eb759d23511903953371004cdd65eb0f691df67b5df
9455ef72346177c32f25,https://osmosis.org/blog/how-important-are-our-neighborhoods-and-built-environments-in-shaping-our-health,2026-10-04T21:53:15.310052+00:00,osmosis.org,False,http_error,403.0,https://osmosis.org/blog/how-important-are-our-neighborhoods-and-built-environments-in-shaping-our-health,5891.0,not_extracted,0,0,,text/html; charset=UTF-8,,,,,,0.0,,
9460109b178358db6e38,https://rrapp.spia.princeton.edu/how-credit-scoring-reproduces-racial-inequality,2026-10-04T21:53:15.662373+00:00,princeton.edu,False,hard_timeout,0.0,https://rrapp.spia.princeton.edu/how-credit-scoring-reproduces-racial-inequality,,not_extracted,0,0,,,,,,,,28.0,,
94a1fd6bf0eeee7c13f5,https://onlinelibrary.wiley.com/doi/full/10.1111/puar.13134,2026-10-04T21:53:17.599095+00:00,wiley.com,False,http_error,403.0,https://onlinelibrary.wiley.com/doi/full/10.1111/puar.13134,5780.0,not_extracted,0,0,,text/html; charset=UTF-8,,,,,,0.0,,
95a843f6ee7d8a4e8d0d,https://blinn.edu/nontraditional-gender/benefits.html,2026-10-04T21:53:17.641757+00:00,blinn.edu,False,curl_error,0.0,https://blinn.edu/nontraditional-gender/benefits.html,,not_extracted,0,0,,,,,,,,60.0,,
95e68dd98fa68260ffb3,https://diabetesjournals.org/care/article/47/Supplement_1/S77/153949/5-Facilitating-Positive-Health-Behaviors-and-Well,2026-10-04T21:53:20.970145+00:00,diabetesjournals.org,False,http_error,403.0,https://diabetesjournals.org/care/article/47/Supplement_1/S77/153949/5-Facilitating-Positive-Health-Behaviors-and-Well,5955.0,not_extracted,0,0,,text/html; charset=UTF-8,,,,,,0.0,,
95e8aca593ad0b1471a0,https://bankrate.com/credit-cards/news/credit-cards-and-race-statistics,2026-10-04T21:53:21.364968+00:00,bankrate.com,False,http_error,405.0,https://www.bankrate.com/credit-cards/news/credit-cards-and-race-statistics,2111.0,not_extracted,0,0,,text/html; charset=UTF-8,,,,,,0.0,,
9635a04fc6e1f0807068,https://pmc.ncbi.nlm.nih.gov/articles/PMC6988471,2026-10-04T21:53:21.698209+00:00,nih.gov,True,downloaded,200.0,https://pmc.ncbi.nlm.nih.gov/articles/PMC6988471,21365.0,success,131,18,html,text/html; charset=utf-8,Checking your browser,,2026-09-11,google.com,https://www.google.com/recaptcha/challengepage,0.0,9635a04fc6e1f0807068.txt,febad3f3fe620c1fa70fbdc5b5d462a0bb66ad2faf9e39bbd8dd6eaad086906d
96437a65a313b21480cf,https://investopedia.com/average-credit-scores-by-race-5214521,2026-10-04T21:53:21.958386+00:00,investopedia.com,False,http_error,402.0,https://www.investopedia.com/average-credit-scores-by-race-5214521,612.0,not_extracted,0,0,,text/html,,,,,,0.0,,
96e1cb3f1d4cb13e22d1,https://pointfoundation.org/hubfs/2111%20Trans%20Higher%20Ed_Infographic%20Nov%2019%202021%20%281%29.pdf,2026-10-04T21:53:21.965392+00:00,pointfoundation.org,True,downloaded,200.0,https://pointfoundation.org/hubfs/2111%20Trans%20Higher%20Ed_Infographic%20Nov%2019%202021%20%281%29.pdf,475269.0,success,1718,250,pdf,application/pdf,,,,,,0.0,96e1cb3f1d4cb13e22d1.txt,a9cd5d137f1f71d74a29d8f79c9eda2683c886eb05656efc18be81f5de9218ed
975d2870ecb7d7b5fa11,https://pmc.ncbi.nlm.nih.gov/articles/PMC6219469,2026-10-04T21:53:22.448326+00:00,nih.gov,True,downloaded,200.0,https://pmc.ncbi.nlm.nih.gov/articles/PMC6219469,21365.0,success,131,18,html,text/html; charset=utf-8,Checking your browser,,2026-09-11,google.com,https://www.google.com/recaptcha/challengepage,0.0,975d2870ecb7d7b5fa11.txt,febad3f3fe620c1fa70fbdc5b5d462a0bb66ad2faf9e39bbd8dd6eaad086906d
97b2a07da7a647027090,https://arxiv.org/html/2601.18342v1,2026-10-04T21:53:24.491580+00:00,arxiv.org,True,downloaded,200.0,https://arxiv.org/html/2601.18342v1,87933.0,success,25104,3530,html,text/html; charset=utf-8,Structural Gender Bias in Credit Scoring: Proxy Leakage,,2026-01-31,arxiv.org,https://arxiv.org/html/2601.18342v1,0.0,97b2a07da7a647027090.txt,f9751df09773544a7c105563d5a6ee17886c325fc58b030592827aa24458321d
9859a8edc19a4b8b2cf6,https://aptia-group.com/en-us/insights/why-are-employee-benefits-important-employees,2026-10-04T21:53:24.729212+00:00,aptia-group.com,True,downloaded,200.0,https://aptia-group.com/en-us/insights/why-are-employee-benefits-important-employees,203291.0,success,11642,1635,html,text/html; charset=UTF-8,Why Are Employee Benefits Important to Employees?,Why Are Employee Benefits Important,2026-09-17,Aptia Group,http://aptia-group.com/en-us/insights/why-are-employee-benefits-important-employees,0.0,9859a8edc19a4b8b2cf6.txt,64cd4464a0ff6e136b93607e0e49ff58b8ca210ea6bf42d0f9def50130d4a54d
99809f4c62b0a3797ed2,https://emerald.com/ijhma/article/19/3/581/1255642/Factors-influencing-residential-neighbourhood,2026-10-04T21:53:24.906042+00:00,emerald.com,False,http_error,403.0,https://www.emerald.com/ijhma/article/19/3/581/1255642/Factors-influencing-residential-neighbourhood,5868.0,not_extracted,0,0,,text/html; charset=UTF-8,,,,,,0.0,,
99a5b0042b469f2e6658,https://youtube.com/watch?t=260&v=ytiqceetsRo,2026-10-04T21:53:25.709239+00:00,youtube.com,True,downloaded,200.0,https://www.youtube.com/watch?t=260&v=ytiqceetsRo,1230965.0,success,146,23,html,text/html; charset=utf-8,The Ultimate Guide to LGBT Life in Gay USA: What You Need to Know Before Relocating Here! 🏳️🌈,,2023-11-29,YouTube,https://www.youtube.com/watch?v=ytiqceetsRo,0.0,99a5b0042b469f2e6658.txt,8dbba17988e385133ba8f51d76cde1fc2c859262b666cb848e9cfe2478fd5e71
9a7cc383572267493d64,https://edexcelencia.org/newsroom/excelencia-in-education-releases-national-analysis-demonstrating-that-america%E2%80%99s-future-benefits-from-latino-college-completion,2026-10-04T21:53:28.089754+00:00,edexcelencia.org,True,downloaded,200.0,https://www.edexcelencia.org/newsroom/excelencia-in-education-releases-national-analysis-demonstrating-that-america%E2%80%99s-future-benefits-from-latino-college-completion,1121376.0,success,4969,705,html,text/html; charset=UTF-8,Excelencia in Education Releases National Analysis Demonstrating that America’s Future Benefits from Latino College Completion | Excelencia Education,,2026-07-21,Excelencia Education,https://www.edexcelencia.org/newsroom/excelencia-in-education-releases-national-analysis-demonstrating-that-america%E2%80%99s-future-benefits-from-latino-college-completion,0.0,9a7cc383572267493d64.txt,707920b99c078cf93039ec82924dc01c7ea7da4d29ec083da16f92f49dee68c5
9b0c1c329af7645b7194,https://americanprogress.org/article/protecting-advancing-health-care-transgender-adult-communities,2026-10-04T21:53:29.251848+00:00,americanprogress.org,False,http_error,403.0,https://www.americanprogress.org/article/protecting-advancing-health-care-transgender-adult-communities,5881.0,not_extracted,0,0,,text/html; charset=UTF-8,,,,,,0.0,,
9b963c7fe1f4ff72eb89,https://pmc.ncbi.nlm.nih.gov/articles/PMC11044728,2026-10-04T21:53:30.229093+00:00,nih.gov,True,downloaded,200.0,https://pmc.ncbi.nlm.nih.gov/articles/PMC11044728/,231671.0,success,80215,12248,html,text/html; charset=utf-8,Suggestions for improving healthcare for transgender and gender diverse people in the United States,Jae Puckett; Rowan Giffel; Felix Brown; Connor Gallik; Devon Kimball; Henry Chu; Brian S Mustanski; Michael E Newcomb,2022-12-07,International Journal of Transgender Health,https://pmc.ncbi.nlm.nih.gov/articles/PMC11044728/,0.0,9b963c7fe1f4ff72eb89.txt,d82ecb8d152e0f284fdf7ddeba5b075233a925b687caadfd2dc75cae600efb6e
9beebc955155a8d08595,https://pmc.ncbi.nlm.nih.gov/articles/PMC2826704,2026-10-04T21:53:30.897636+00:00,nih.gov,True,downloaded,200.0,https://pmc.ncbi.nlm.nih.gov/articles/PMC2826704,21364.0,success,131,18,html,text/html; charset=utf-8,Checking your browser,,2026-09-11,google.com,https://www.google.com/recaptcha/challengepage,0.0,9beebc955155a8d08595.txt,febad3f3fe620c1fa70fbdc5b5d462a0bb66ad2faf9e39bbd8dd6eaad086906d
9c434a820b3590ceb180,https://news.illinois.edu/how-are-lgbtq-people-treated-by-law-enforcement,2026-10-04T21:53:31.751902+00:00,illinois.edu,True,downloaded,200.0,https://news.illinois.edu/how-are-lgbtq-people-treated-by-law-enforcement/,51806.0,success,5773,898,html,text/html; charset=UTF-8,How are LGBTQ people treated by law enforcement?,Sharita Forrest,2024-06-03,News Bureau,https://news.illinois.edu/how-are-lgbtq-people-treated-by-law-enforcement/,0.0,9c434a820b3590ceb180.txt,7c0d094ca4f49bc0c13ff23f9af04ce55b5f8bfecbe0dec34cb43254c7de725f
9c6b117897181b4107bf,https://archive-housingmatters.urban.org/research-summary/are-homebuyers-and-renters-color-deterred-high-quality-neighborhoods,2026-10-04T21:53:32.333657+00:00,urban.org,False,http_error,403.0,https://archive-housingmatters.urban.org/research-summary/are-homebuyers-and-renters-color-deterred-high-quality-neighborhoods,6019.0,not_extracted,0,0,,text/html; charset=UTF-8,,,,,,0.0,,
9ce74ca6e4308a3711eb,https://psychology.town/environmental/assessing-residential-quality-enhanced-living,2026-10-04T21:53:32.387613+00:00,psychology.town,True,downloaded,200.0,https://psychology.town/environmental/assessing-residential-quality-enhanced-living/,221424.0,success,12178,1753,html,text/html; charset=UTF-8,Assessing Residential Quality for Enhanced Living Environments • Psychology Town,Prince Kumar,2025-11-13,Psychology Town,https://psychology.town/environmental/assessing-residential-quality-enhanced-living/,0.0,9ce74ca6e4308a3711eb.txt,bf67fbe7e3d149abe33ba9aba4096752a1db4d85f32bd325c4ca215633a2e609
9d3617d27a486423fd7f,https://thedecisionlab.com/big-problems/reducing-administrative-burden-in-public-services,2026-10-04T21:53:32.601677+00:00,thedecisionlab.com,True,downloaded,200.0,https://thedecisionlab.com/big-problems/reducing-administrative-burden-in-public-services,335971.0,success,29149,4359,html,text/html; charset=utf-8,Reducing Administrative Burden in Public Services - The Decision Lab,Maryam Sorkhou,2026-05-06,The Decision Lab,https://thedecisionlab.com/big-problems/reducing-administrative-burden-in-public-services,0.0,9d3617d27a486423fd7f.txt,233057ed3922c53706700e70c45780dc0a46a1c0758152737d4f76261b670b62
9d39c59798b371fb0f46,https://pmc.ncbi.nlm.nih.gov/articles/PMC2824588,2026-10-04T21:53:34.152712+00:00,nih.gov,True,downloaded,200.0,https://pmc.ncbi.nlm.nih.gov/articles/PMC2824588,21366.0,success,131,18,html,text/html; charset=utf-8,Checking your browser,,2026-09-11,google.com,https://www.google.com/recaptcha/challengepage,0.0,9d39c59798b371fb0f46.txt,febad3f3fe620c1fa70fbdc5b5d462a0bb66ad2faf9e39bbd8dd6eaad086906d
9e50b890fa6e5a6b97f2,https://counciloncj.org/womens-justice-a-preliminary-assessment-of-women-in-the-criminal-justice-system,2026-10-04T21:53:35.001938+00:00,counciloncj.org,True,downloaded,200.0,https://counciloncj.org/womens-justice-a-preliminary-assessment-of-women-in-the-criminal-justice-system/,1144004.0,success,295453,38988,html,text/html; charset=UTF-8,Women's Justice: A Preliminary Assessment of Women in the Criminal Justice System - Council on Criminal Justice,Rachel Yen,2024-07-09,Council on Criminal Justice,https://counciloncj.org/womens-justice-a-preliminary-assessment-of-women-in-the-criminal-justice-system/,0.0,9e50b890fa6e5a6b97f2.txt,9f739aecddf2b83593347d68190e029d996cf1a6ad6e6f01108d427ae7739345
9e89c73929dfa036366d,https://brookings.edu/articles/racial-disparities-in-the-high-school-graduation-gender-gap,2026-10-04T21:53:35.890760+00:00,brookings.edu,True,downloaded,200.0,https://www.brookings.edu/articles/racial-disparities-in-the-high-school-graduation-gender-gap/,199266.0,success,7790,1303,html,text/html; charset=UTF-8,Racial disparities in the high school graduation gender gap | Brookings,Vandita Morarka,2023-04-26,Brookings,https://www.brookings.edu/articles/racial-disparities-in-the-high-school-graduation-gender-gap/,0.0,9e89c73929dfa036366d.txt,ce3a2c89522a1326c3a5c57ad4244e1c9c6a91b3c822e058db54206005b5636f
9ebbff37fe07a5b14a24,https://money.usnews.com/credit-cards/articles/how-race-affects-your-credit-score,2026-10-04T21:53:37.219252+00:00,usnews.com,False,curl_error,0.0,https://money.usnews.com/credit-cards/articles/how-race-affects-your-credit-score,,not_extracted,0,0,,,,,,,,92.0,,
9f3e74c8c412c4d7cafa,https://pmc.ncbi.nlm.nih.gov/articles/PMC8389765,2026-10-04T21:53:37.375263+00:00,nih.gov,True,downloaded,200.0,https://pmc.ncbi.nlm.nih.gov/articles/PMC8389765/,21368.0,success,131,18,html,text/html; charset=utf-8,Checking your browser,,2026-09-11,google.com,https://www.google.com/recaptcha/challengepage,0.0,9f3e74c8c412c4d7cafa.txt,febad3f3fe620c1fa70fbdc5b5d462a0bb66ad2faf9e39bbd8dd6eaad086906d
9f40d7942e97763d9bea,https://pmc.ncbi.nlm.nih.gov/articles/PMC7552981,2026-10-04T21:53:38.964070+00:00,nih.gov,True,downloaded,200.0,https://pmc.ncbi.nlm.nih.gov/articles/PMC7552981,21363.0,success,131,18,html,text/html; charset=utf-8,Checking your browser,,2026-09-11,google.com,https://www.google.com/recaptcha/challengepage,0.0,9f40d7942e97763d9bea.txt,febad3f3fe620c1fa70fbdc5b5d462a0bb66ad2faf9e39bbd8dd6eaad086906d
9f93057f7d03dfd71dcd,https://pmc.ncbi.nlm.nih.gov/articles/PMC12154956,2026-10-04T21:53:39.241018+00:00,nih.gov,True,downloaded,200.0,https://pmc.ncbi.nlm.nih.gov/articles/PMC12154956,21367.0,success,131,18,html,text/html; charset=utf-8,Checking your browser,,2026-09-11,google.com,https://www.google.com/recaptcha/challengepage,0.0,9f93057f7d03dfd71dcd.txt,febad3f3fe620c1fa70fbdc5b5d462a0bb66ad2faf9e39bbd8dd6eaad086906d
9fe580c39d4dd212b1b1,https://urban.org/racial-equity-analytics-lab/structural-racism-explainer-collection/causes-and-consequences-separate-and-unequal-neighborhoods,2026-10-04T21:53:39.376453+00:00,urban.org,False,http_error,403.0,https://www.urban.org/racial-equity-analytics-lab/structural-racism-explainer-collection/causes-and-consequences-separate-and-unequal-neighborhoods,6141.0,not_extracted,0,0,,text/html; charset=UTF-8,,,,,,0.0,,
a01cc12a8bbc147f546b,https://odphp.health.gov/healthypeople/priority-areas/social-determinants-health/literature-summaries/quality-housing,2026-10-04T21:53:39.533773+00:00,health.gov,True,downloaded,200.0,https://odphp.health.gov/healthypeople/priority-areas/social-determinants-health/literature-summaries/quality-housing,54650.0,success,11907,1607,html,text/html; charset=UTF-8,Quality of Housing,,2011-05-01,odphp.health.gov,https://odphp.health.gov/healthypeople/priority-areas/social-determinants-health/literature-summaries/quality-housing,0.0,a01cc12a8bbc147f546b.txt,9020aa2c09e4e53cb2faf6abe6ac35f62fdc9e1c82ef20cf5cb72b55a3e67859
a043972201f57372cc9f,https://southerneducation.org/wp-content/uploads/final-miles-to-go-report-2024_r15-1.pdf,2026-10-04T21:53:40.740682+00:00,southerneducation.org,True,downloaded,200.0,https://southerneducation.org/wp-content/uploads/final-miles-to-go-report-2024_r15-1.pdf,2564066.0,success,238570,32033,pdf,application/pdf,,,,,,0.0,a043972201f57372cc9f.txt,69c62d7caca1cc3dc781a0ed790531bd15a3c24e919a46bd1abf7eee4e80b377
a0ab27a11676ab28f524,https://nces.ed.gov/programs/coe/indicator/caa/young-adult-attainment,2026-10-04T21:53:41.160432+00:00,ed.gov,True,downloaded,200.0,https://nces.ed.gov/programs/coe/indicator/caa/young-adult-attainment,347687.0,success,16571,2206,html,text/html; charset=utf-8,Educational Attainment of Young Adults,,2026-04-10,nces.ed.gov,https://nces.ed.gov/programs/coe/indicator/caa/young-adult-attainment,0.0,a0ab27a11676ab28f524.txt,68c0a0845e2f89dbb673ef67f45d16673fc18694a07ae7aab58e91a6bc456772
a15426ffe2cab0b69e5a,https://scholarworks.uark.edu/cgi/viewcontent.cgi?article=6069&context=etd,2026-10-04T21:53:42.191072+00:00,uark.edu,False,http_error,403.0,https://scholarworks.uark.edu/cgi/viewcontent.cgi?article=6069&context=etd,5765.0,not_extracted,0,0,,text/html; charset=UTF-8,,,,,,0.0,,
a166231099c7b016c673,https://law.georgetown.edu/poverty-journal/blog/anti-lgbtq-discrimination-and-barriers-to-accessing-public-benefits,2026-10-04T21:53:42.461260+00:00,georgetown.edu,False,hard_timeout,0.0,https://law.georgetown.edu/poverty-journal/blog/anti-lgbtq-discrimination-and-barriers-to-accessing-public-benefits,,not_extracted,0,0,,,,,,,,28.0,,
a1a1627aa4bcf3176bf3,https://ncld.org/improving-graduation-rates-with-the-grad-partnership,2026-10-04T21:53:42.510402+00:00,ncld.org,True,downloaded,200.0,https://ncld.org/improving-graduation-rates-with-the-grad-partnership/,182111.0,success,6224,923,html,text/html; charset=UTF-8,Improving Graduation Rates with The GRAD Partnership - National Center for Learning Disabilities,Cierra Mangal,2025-06-13,National Center for Learning Disabilities,https://ncld.org/improving-graduation-rates-with-the-grad-partnership/,0.0,a1a1627aa4bcf3176bf3.txt,a05a45028adcdc145b0943f86b7fa92afc5a511eb31867b44bca44b0542ae2a8
a24fbba165190ade9ba5,https://cuofga.org/the-5-factors-that-affect-your-credit-score-and-simple-ways-to-boost-them,2026-10-04T21:53:42.678329+00:00,cuofga.org,True,downloaded,200.0,https://cuofga.org/the-5-factors-that-affect-your-credit-score-and-simple-ways-to-boost-them/,189462.0,success,6593,1102,html,text/html; charset=UTF-8,The 5 Factors That Affect Your Credit Score (And Simple Ways to Boost Them!) - Credit Union of Georgia,Marketing cuga,2021-03-19,Credit Union of Georgia,https://cuofga.org/the-5-factors-that-affect-your-credit-score-and-simple-ways-to-boost-them/,0.0,a24fbba165190ade9ba5.txt,78bf8ea1318e348e305626b39aa9f76b4825bcf902cf16cafa0e010e23ebf044
a2f0ade383c82c4d7b2e,https://nationalfairhousing.org/wp-content/uploads/2017/04/NFHA-credit-scoring-paper-for-Suffolk-NCLC-symposium-submitted-to-Suffolk-Law.pdf,2026-10-04T21:53:43.100821+00:00,nationalfairhousing.org,True,downloaded,200.0,https://nationalfairhousing.org/wp-content/uploads/2017/04/NFHA-credit-scoring-paper-for-Suffolk-NCLC-symposium-submitted-to-Suffolk-Law.pdf,783345.0,success,85842,12171,pdf,application/pdf,,,,,,0.0,a2f0ade383c82c4d7b2e.txt,3a7f7441f02420db6dd3555ef293409af3ecf88c06923694489dfe30ae729b48
a304fb79faec4e668ddf,https://counciloncj.org/policing-by-the-numbers,2026-10-04T21:53:45.740145+00:00,counciloncj.org,True,downloaded,200.0,https://counciloncj.org/policing-by-the-numbers/,275656.0,success,28726,4186,html,text/html; charset=UTF-8,Policing: By the Numbers - Council on Criminal Justice,Rachel Yen,2026-05-21,Council on Criminal Justice,https://counciloncj.org/policing-by-the-numbers/,0.0,a304fb79faec4e668ddf.txt,c0c7838e98989b5ba46b5fd7f75b5dbca5a9daa5dbf48a0ff84a39a09f0b4fb8
a33861a0c9b3a66f919c,https://pmc.ncbi.nlm.nih.gov/articles/PMC7978662,2026-10-04T21:53:45.914500+00:00,nih.gov,True,downloaded,200.0,https://pmc.ncbi.nlm.nih.gov/articles/PMC7978662/,246311.0,success,92963,13579,html,text/html; charset=utf-8,Who Are the People in Your Gayborhood? Understanding Population Change and Cultural Shifts in LGBTQ+ Neighborhoods,Daniel Baldwin Hess; Alex Bitterman,2020-11-30,The Life and Afterlife of Gay Neighborhoods,https://pmc.ncbi.nlm.nih.gov/articles/PMC7978662/,0.0,a33861a0c9b3a66f919c.txt,4ad826eb32a3ed9dc1944a46006e6be336e0e71ed76ced95edec2495e569f6a7
a33f36a497eabe32ac55,https://pmc.ncbi.nlm.nih.gov/articles/PMC11187815,2026-10-04T21:53:47.208220+00:00,nih.gov,True,downloaded,200.0,https://pmc.ncbi.nlm.nih.gov/articles/PMC11187815,21367.0,success,131,18,html,text/html; charset=utf-8,Checking your browser,,2026-09-11,google.com,https://www.google.com/recaptcha/challengepage,0.0,a33f36a497eabe32ac55.txt,febad3f3fe620c1fa70fbdc5b5d462a0bb66ad2faf9e39bbd8dd6eaad086906d
a440ac1996fbeabd926c,https://openscholarship.wustl.edu/cgi/viewcontent.cgi?article=1978&context=csd_research,2026-10-04T21:53:47.464571+00:00,wustl.edu,False,http_error,403.0,https://openscholarship.wustl.edu/cgi/viewcontent.cgi?article=1978&context=csd_research,5840.0,not_extracted,0,0,,text/html; charset=UTF-8,,,,,,0.0,,
a49da209ced3b0e5c74f,https://bankpullman.com/articles/2024/06/5-factors-that-impact-your-credit-score-blog.html,2026-10-04T21:53:49.686294+00:00,bankpullman.com,True,downloaded,200.0,https://www.bankpullman.com/articles/2024/06/5-factors-that-impact-your-credit-score-blog.html,162192.0,success,1208,201,html,text/html;charset=utf-8,5 Factors That Impact Your Credit Score,,2024-06-05,Wintrust Financial Corportation,https://www.bankpullman.com/articles/2024/06/5-factors-that-impact-your-credit-score-blog.html,0.0,a49da209ced3b0e5c74f.txt,c53d38cef6fe012de8e98e88af72348f9862164917783045996d251ae77ee5ea
a4e57896d0aa8e859b6b,https://cato.org/policing-in-america/chapter-3/personal-contact-police-and-justice-system,2026-10-04T21:53:49.733240+00:00,cato.org,False,http_error,403.0,https://www.cato.org/policing-in-america/chapter-3/personal-contact-police-and-justice-system,876.0,not_extracted,0,0,,text/html,,,,,,0.0,,
a4fda05c4291c2915aac,https://researchgate.net/publication/236962528_Factors_That_Influence_Residents%27_Satisfaction_With_Neighborhoods,2026-10-04T21:53:49.844346+00:00,researchgate.net,False,http_error,403.0,https://www.researchgate.net/publication/236962528_Factors_That_Influence_Residents%27_Satisfaction_With_Neighborhoods,21137.0,not_extracted,0,0,,text/html; charset=UTF-8,,,,,,0.0,,
a5fbbd44e1b7c4ace6c5,https://ideas.repec.org/p/pri/crcwel/wp22-01-ff.html,2026-10-04T21:53:50.521922+00:00,repec.org,True,downloaded,200.0,https://ideas.repec.org/p/pri/crcwel/wp22-01-ff.html,35081.0,success,3332,463,html,text/html; charset=UTF-8,Policing Disability: Law Enforcement Contact among Urban Tee,Amanda Geller; Kristin Turney; Sarah Remes,2022-02-02,Working Papers,https://ideas.repec.org//p/pri/crcwel/wp22-01-ff.html,0.0,a5fbbd44e1b7c4ace6c5.txt,19da635644086b3a8b121d4f5170481af8f9e3e1686bab353e934469b56a52e2
a76107dc1b217ea3bd60,https://blog.nisbenefits.com/womens-health-trends-influencing-employee-benefits,2026-10-04T21:53:51.081921+00:00,nisbenefits.com,True,downloaded,200.0,https://blog.nisbenefits.com/womens-health-trends-influencing-employee-benefits,128513.0,success,7210,992,html,text/html; charset=UTF-8,Four Women’s Health Trends Influencing Employee Benefits,Steve Smith,2026-06-11,NISBenefits,https://blog.nisbenefits.com/womens-health-trends-influencing-employee-benefits,0.0,a76107dc1b217ea3bd60.txt,39f541d86b543661e29943db9062523b62bba8359581f6bb66a40f91e4f13053
a801150bbccdbb32d4b0,https://pressley.house.gov/2023/03/31/pressley-unveils-bill-to-make-credit-reporting-system-more-inclusive-for-trans-nonbinary-folks,2026-10-04T21:53:51.784384+00:00,house.gov,True,downloaded,200.0,https://pressley.house.gov/2023/03/31/pressley-unveils-bill-to-make-credit-reporting-system-more-inclusive-for-trans-nonbinary-folks/,68135.0,success,11331,1650,html,text/html; charset=UTF-8,"Pressley Unveils Bill to Make Credit Reporting System More Inclusive for Trans, Nonbinary Folks - Ayanna Pressley",Mae Eldahshoury,2023-03-31,Ayanna Pressley,https://pressley.house.gov/2023/03/31/pressley-unveils-bill-to-make-credit-reporting-system-more-inclusive-for-trans-nonbinary-folks/,0.0,a801150bbccdbb32d4b0.txt,ac1888cd75d35bca34924f58f1e288d7da52c93a3bb64185a55cf5c76acb4d6b
a8183659fab024db62a0,https://read.dukeupress.edu/demography/article/48/3/1203/169806/The-Determinants-of-Neighborhood-Satisfaction,2026-10-04T21:53:52.041197+00:00,dukeupress.edu,False,http_error,403.0,https://read.dukeupress.edu/demography/article/48/3/1203/169806/The-Determinants-of-Neighborhood-Satisfaction,5887.0,not_extracted,0,0,,text/html; charset=UTF-8,,,,,,0.0,,
a82e3d5f389879509e46,https://investopedia.com/lgbtq-credit-barriers-7510340,2026-10-04T21:53:54.692558+00:00,investopedia.com,False,http_error,402.0,https://www.investopedia.com/lgbtq-credit-barriers-7510340,612.0,not_extracted,0,0,,text/html,,,,,,0.0,,
a861027e383d5d64e19d,https://mavenclinic.com/post/what-are-employee-benefits,2026-10-04T21:53:54.975298+00:00,mavenclinic.com,True,downloaded,200.0,https://www.mavenclinic.com/post/what-are-employee-benefits,157552.0,success,17753,2584,html,text/html; charset=utf-8,Understanding employee benefits: A guide for HR professionals,Maven Team,2024-06-25,Mavenclinic,https://www.mavenclinic.com/post/what-are-employee-benefits,0.0,a861027e383d5d64e19d.txt,b1141602fa3478b51f254ab7446ae398ed01a97ad8a344d2a08bc6201bf57705
a8b67274cc56646ae0da,https://linkedin.com/pulse/impact-hispanics-workforce-cultivating-diversity-through-djowc,2026-10-04T21:53:55.923841+00:00,linkedin.com,False,robots_disallowed,,https://linkedin.com/pulse/impact-hispanics-workforce-cultivating-diversity-through-djowc,,not_extracted,0,0,,,,,,,,,,
a8e127069e6d5165343b,https://thehrcfoundation.org/professional-resources/transgender-inclusion-in-the-workplace-recommended-policies-and-practices,2026-10-04T21:53:55.924066+00:00,thehrcfoundation.org,True,downloaded,200.0,https://www.hrc.org:443/,103195.0,success,517,46,html,text/html; charset=UTF-8,The Human Rights Campaign | 4 Million Members Strong,,2020-06-02,HRC,https://www.hrc.org/,0.0,a8e127069e6d5165343b.txt,b90a027c7b23d45ade40b92029a82d05c161d46545befaee78a1379c240eb151
a93829324849402adfd8,https://epi.org/blog/hispanic-workers-have-shown-remarkable-resilience-in-the-labor-market-despite-trump-destroying-job-growth,2026-10-04T21:53:56.896846+00:00,epi.org,False,http_error,403.0,https://epi.org/blog/hispanic-workers-have-shown-remarkable-resilience-in-the-labor-market-despite-trump-destroying-job-growth,5863.0,not_extracted,0,0,,text/html; charset=UTF-8,,,,,,0.0,,
a995639359a46e02c0aa,https://pmc.ncbi.nlm.nih.gov/articles/PMC10937607,2026-10-04T21:53:58.617437+00:00,nih.gov,True,downloaded,200.0,https://pmc.ncbi.nlm.nih.gov/articles/PMC10937607/,110190.0,success,11536,1596,html,text/html; charset=utf-8,Disparities in Policing From Theory to Practice,Hossein Zare,2024-02-16,American Journal of Public Health,https://pmc.ncbi.nlm.nih.gov/articles/PMC10937607/,0.0,a995639359a46e02c0aa.txt,fdb12763ad93330f906f6a39e8f230fc422a47e236d8f046fcb59780dd248676
aa040d896f048ded8203,https://ddc.dc.gov/sites/default/files/dc/sites/ddc/page_content/attachments/FINAL%20Position%20Paper%20-%20Policing%20and%20Disability%20-%20Approved%2012.15.22.pdf,2026-10-04T21:53:58.835569+00:00,dc.gov,True,downloaded,200.0,https://ddc.dc.gov/sites/default/files/dc/sites/ddc/page_content/attachments/FINAL%20Position%20Paper%20-%20Policing%20and%20Disability%20-%20Approved%2012.15.22.pdf,231017.0,success,9771,1302,pdf,application/pdf,,,,,,0.0,aa040d896f048ded8203.txt,33a3009cf4a0070150180d80a29f1db219959b0ce3009e2609527345c30d9d7a
aba1a537a7ee56f0c808,https://wsac.wa.gov/sites/default/files/2015.12.3.Ritter.Graduation.Issue.Brief.pdf,2026-10-04T21:53:59.302017+00:00,wa.gov,True,downloaded,200.0,https://wsac.wa.gov/sites/default/files/2015.12.3.Ritter.Graduation.Issue.Brief.pdf,797040.0,success,52976,7289,pdf,application/pdf,,,,,,0.0,aba1a537a7ee56f0c808.txt,17d7343b8aec24e3303a9dbf7fce99db7ccedf9dd1c2aa5765b6eaaab3880eb7
ac3eeb580aa80a940d14,https://cbpp.org/research/health/states-can-reduce-medicaids-administrative-burdens-to-advance-health-and-racial,2026-10-04T21:54:00.780640+00:00,cbpp.org,False,http_error,403.0,https://cbpp.org/research/health/states-can-reduce-medicaids-administrative-burdens-to-advance-health-and-racial,6157.0,not_extracted,0,0,,text/html; charset=UTF-8,,,,,,0.0,,
ac7c472fee3a9d330d88,https://njcommonground.org/college-students-with-disabilities-what-factors-influence-successful-degree-completion,2026-10-04T21:54:01.328825+00:00,njcommonground.org,True,downloaded,200.0,https://njcommonground.org/college-students-with-disabilities-what-factors-influence-successful-degree-completion/,179272.0,success,2643,375,html,text/html; charset=UTF-8,College Students with Disabilities: What Factors Influence Successful Degree Completion?,,2012-11-12,NJCommonGround.org,https://njcommonground.org/college-students-with-disabilities-what-factors-influence-successful-degree-completion/,0.0,ac7c472fee3a9d330d88.txt,7d7b5caedbb78d7a345c981d87993befcbc729b4be1b3a59062f05436734712c
ad3e6c32a0702792d399,https://pmc.ncbi.nlm.nih.gov/articles/PMC3672407,2026-10-04T21:54:01.653897+00:00,nih.gov,True,downloaded,200.0,https://pmc.ncbi.nlm.nih.gov/articles/PMC3672407,21365.0,success,131,18,html,text/html; charset=utf-8,Checking your browser,,2026-09-11,google.com,https://www.google.com/recaptcha/challengepage,0.0,ad3e6c32a0702792d399.txt,febad3f3fe620c1fa70fbdc5b5d462a0bb66ad2faf9e39bbd8dd6eaad086906d
adcabab0e75d00bd23a2,https://americanprogress.org/article/how-dehumanizing-administrative-burdens-harm-disabled-people,2026-10-04T21:54:02.849918+00:00,americanprogress.org,False,http_error,403.0,https://www.americanprogress.org/article/how-dehumanizing-administrative-burdens-harm-disabled-people,5875.0,not_extracted,0,0,,text/html; charset=UTF-8,,,,,,0.0,,
ae00c01da7f23888b031,https://journalofsocialsciences.org/article/breaking-the-binary-in-academia-a-systematic-review-on-the-barriers-facing-transgender-students-in-higher-education,2026-10-04T21:54:03.486133+00:00,journalofsocialsciences.org,True,downloaded,200.0,https://journalofsocialsciences.org/article/breaking-the-binary-in-academia-a-systematic-review-on-the-barriers-facing-transgender-students-in-higher-education,66140.0,success,31660,4483,html,text/html; charset=UTF-8,Breaking the Binary in Academia: A Systematic Review on the Barriers Facing Transgender Students in Higher Education,,2026-01-01,journalofsocialsciences.org,https://journalofsocialsciences.org/article/breaking-the-binary-in-academia-a-systematic-review-on-the-barriers-facing-transgender-students-in-higher-education,0.0,ae00c01da7f23888b031.txt,96c888575cb89ea79a2a5aefa68a6caa1e98d60abd992b1c59ccfb8507bca333
ae435f9bd206c60a93d8,https://home.treasury.gov/system/files/226/EP-WP-2024-05.pdf,2026-10-04T21:54:03.760384+00:00,treasury.gov,True,downloaded,200.0,https://home.treasury.gov/system/files/226/EP-WP-2024-05.pdf,2008614.0,success,114800,16801,pdf,application/pdf,,,,,,0.0,ae435f9bd206c60a93d8.txt,2acd377a79753c6a90de4216896b5cab912d696ece4c6f84292df0eaec315f73
aef6a700b378fbe0fdc3,https://pmc.ncbi.nlm.nih.gov/articles/PMC5538350,2026-10-04T21:54:04.546660+00:00,nih.gov,True,downloaded,200.0,https://pmc.ncbi.nlm.nih.gov/articles/PMC5538350,21365.0,success,131,18,html,text/html; charset=utf-8,Checking your browser,,2026-09-11,google.com,https://www.google.com/recaptcha/challengepage,0.0,aef6a700b378fbe0fdc3.txt,febad3f3fe620c1fa70fbdc5b5d462a0bb66ad2faf9e39bbd8dd6eaad086906d
af124b6fcb490deeed85,https://chartspan.com/blog/patient-centered-care-explained-with-examples,2026-10-04T21:54:04.659043+00:00,chartspan.com,True,downloaded,200.0,https://www.chartspan.com/blog/patient-centered-care-explained-with-examples/,2003858.0,success,17783,2501,html,text/html; charset=UTF-8,Patient-Centered Care Explained: 7 Examples for Healthcare Leaders - ChartSpan,Aramtch,2026-07-08,ChartSpan,https://www.chartspan.com/blog/patient-centered-care-explained-with-examples/,0.0,af124b6fcb490deeed85.txt,82a8ed9a702b16ac0c0a0abd74ed8c5050afb3361e4b4c47eb2212b837929f5d
b022456affb70a8a603c,https://sentencingproject.org/press-releases/new-report-on-racial-disparities-in-policing-and-crime-from-the-sentencing-project,2026-10-04T21:54:04.794028+00:00,sentencingproject.org,True,downloaded,200.0,https://www.sentencingproject.org/press-releases/new-report-on-racial-disparities-in-policing-and-crime-from-the-sentencing-project/,81036.0,success,4254,634,html,text/html; charset=UTF-8,New Report on Racial Disparities in Policing and Crime from The Sentencing Project – The Sentencing Project,Breanna Bishop,2023-11-02,The Sentencing Project,https://www.sentencingproject.org/press-releases/new-report-on-racial-disparities-in-policing-and-crime-from-the-sentencing-project/,0.0,b022456affb70a8a603c.txt,f700683e3eb57bece2cc7dc4871d36dec0081e5b2948c7dec2f718786dda29aa
b05509e2cd1254a18ac1,https://las.illinois.edu/news/2024-06-13/how-are-lgbtq-people-treated-law-enforcement,2026-10-04T21:54:04.886767+00:00,illinois.edu,True,downloaded,200.0,https://las.illinois.edu/news/2024-06-13/how-are-lgbtq-people-treated-law-enforcement,30653.0,success,5364,842,html,text/html; charset=UTF-8,How are LGBTQ people treated by law enforcement?,Sharita Forrest; Illinois News Bureau,2024-06-13,las.illinois.edu,https://las.illinois.edu/news/2024-06-13/how-are-lgbtq-people-treated-law-enforcement,0.0,b05509e2cd1254a18ac1.txt,d51d66b4d314e67b1a6cf428e89620abca3f9ced58772421005966f165adf499
b1412e181a4f1bffd6a3,https://diabetesjournals.org/clinical/article/41/1/90/147010/Diabetes-Care-Provider-Perceptions-Regarding,2026-10-04T21:54:06.636261+00:00,diabetesjournals.org,False,http_error,403.0,https://diabetesjournals.org/clinical/article/41/1/90/147010/Diabetes-Care-Provider-Perceptions-Regarding,5895.0,not_extracted,0,0,,text/html; charset=UTF-8,,,,,,0.0,,
b1db6937c7749679decd,https://upgrade.com/credit-health/insights/affects-credit-score,2026-10-04T21:54:06.686503+00:00,upgrade.com,True,downloaded,200.0,https://www.upgrade.com/credit-health/insights/affects-credit-score/,637239.0,success,5729,963,html,text/html; charset=utf-8,5 Factors That Affect Your Credit Score,,2025-10-30,Upgrade,https://www.upgrade.com/credit-health/insights/affects-credit-score/,0.0,b1db6937c7749679decd.txt,11d5f116607724ad806ab67a23260e6dae7efc9cfa116a807dd38cdd5a717258
b26050f36e293b21387f,https://journal-bpa.org/index.php/jbpa/article/download/315/155/2684,2026-10-04T21:54:06.874238+00:00,journal-bpa.org,True,downloaded,200.0,https://journal-bpa.org/index.php/jbpa/article/download/315/155/2684,646052.0,success,59761,8551,pdf,application/pdf,,,,,,0.0,b26050f36e293b21387f.txt,be5cd0b977a0da881bb2cae5b789f157ad7aa4e2b353be2cd2aebe79f3a7bc8a
b36871fa3ce04480e1df,https://wintrust.com/articles/2024/06/5-factors-that-impact-your-credit-score-blog.html,2026-10-04T21:54:08.066678+00:00,wintrust.com,True,downloaded,200.0,https://www.wintrust.com/articles/2024/06/5-factors-that-impact-your-credit-score-blog.html,108324.0,success,1208,201,html,text/html;charset=utf-8,5 Factors That Impact Your Credit Score,,2024-06-05,Wintrust Financial Corportation,https://www.wintrust.com/articles/2024/06/5-factors-that-impact-your-credit-score-blog.html,0.0,b36871fa3ce04480e1df.txt,c53d38cef6fe012de8e98e88af72348f9862164917783045996d251ae77ee5ea
b3f9e027b55fbe441ff5,https://urban.org/urban-wire/how-states-can-narrow-latina-benefit-and-wage-gap,2026-10-04T21:54:08.900023+00:00,urban.org,False,http_error,403.0,https://www.urban.org/urban-wire/how-states-can-narrow-latina-benefit-and-wage-gap,5861.0,not_extracted,0,0,,text/html; charset=UTF-8,,,,,,0.0,,
b415088048ed1e20f604,https://psichi.org/page/284EyeFactors-That-Lead-to-Higher-Graduation-Rates-and-Less-Drop-Out,2026-10-04T21:54:08.987725+00:00,psichi.org,False,http_error,403.0,https://psichi.org/page/284EyeFactors-That-Lead-to-Higher-Graduation-Rates-and-Less-Drop-Out,5811.0,not_extracted,0,0,,text/html; charset=UTF-8,,,,,,0.0,,
b490bfe3373c9c32608e,https://sciencedirect.com/science/article/pii/S0264837720301332,2026-10-04T21:54:11.444274+00:00,sciencedirect.com,False,http_error,403.0,https://www.sciencedirect.com/science/article/pii/S0264837720301332,1207849.0,not_extracted,0,0,,text/html; charset=UTF-8,,,,,,0.0,,
b49f0bc821157f803843,https://luminafoundation.org/resource/the-unequal-race-for-good-jobs,2026-10-04T21:54:12.322796+00:00,luminafoundation.org,True,downloaded,200.0,https://www.luminafoundation.org/resource/the-unequal-race-for-good-jobs/,118195.0,success,570,83,html,text/html; charset=UTF-8,The Unequal Race for Good Jobs: whites had outsized employment gains,Author Anthony P Carnevale; Jeff Strohl; Artem Gulish; Martin Van Der Werf; Kathryn Peltier Campbell,2019-11-20,Georgetown University Center on Education and the Workforce,https://www.luminafoundation.org/resource/the-unequal-race-for-good-jobs/,0.0,b49f0bc821157f803843.txt,636d6bc297578bbca95a7c2657222b6089731cfc67245f99844e06c89c280af7
b4ec4c2cd1b0234cbeab,https://pmc.ncbi.nlm.nih.gov/articles/PMC3105899,2026-10-04T21:54:12.563084+00:00,nih.gov,True,downloaded,200.0,https://pmc.ncbi.nlm.nih.gov/articles/PMC3105899,21366.0,success,131,18,html,text/html; charset=utf-8,Checking your browser,,2026-09-11,google.com,https://www.google.com/recaptcha/challengepage,0.0,b4ec4c2cd1b0234cbeab.txt,febad3f3fe620c1fa70fbdc5b5d462a0bb66ad2faf9e39bbd8dd6eaad086906d
b512fd721953bfca7526,https://vorwerkforensic.com/gender-disparities-in-the-criminal-justice-system,2026-10-04T21:54:12.569445+00:00,vorwerkforensic.com,False,http_error,403.0,https://vorwerkforensic.com/gender-disparities-in-the-criminal-justice-system,52.0,not_extracted,0,0,,text/html,,,,,,0.0,,
b53c917eee6fcfffa10b,https://journals.sagepub.com/doi/10.1177/1535684120981344,2026-10-04T21:54:14.726881+00:00,sagepub.com,False,http_error,403.0,https://journals.sagepub.com/doi/10.1177/1535684120981344,5738.0,not_extracted,0,0,,text/html; charset=UTF-8,,,,,,0.0,,
b590fb9b06f5b8c772fd,https://researchgate.net/publication/257348762_Housing_and_Neighborhood_Quality_Among_Undocumented_Mexican_and_Central_American_Immigrants,2026-10-04T21:54:14.980685+00:00,researchgate.net,False,http_error,403.0,https://www.researchgate.net/publication/257348762_Housing_and_Neighborhood_Quality_Among_Undocumented_Mexican_and_Central_American_Immigrants,21137.0,not_extracted,0,0,,text/html; charset=UTF-8,,,,,,0.0,,
b6226b3e40540f988e18,https://tandfonline.com/doi/full/10.1080/02732173.2026.2703777,2026-10-04T21:54:15.785285+00:00,tandfonline.com,False,http_error,403.0,https://tandfonline.com/doi/full/10.1080/02732173.2026.2703777,5783.0,not_extracted,0,0,,text/html; charset=UTF-8,,,,,,0.0,,
b6b84817ed58af38bc02,https://nij.ojp.gov/topics/articles/race-trust-and-police-legitimacy,2026-10-04T21:54:15.793052+00:00,ojp.gov,True,downloaded,200.0,https://nij.ojp.gov/topics/articles/race-trust-and-police-legitimacy,57074.0,success,2697,394,html,text/html; charset=UTF-8,"Race, Trust and Police Legitimacy",,2013-01-09,National Institute of Justice,https://nij.ojp.gov/topics/articles/race-trust-and-police-legitimacy,0.0,b6b84817ed58af38bc02.txt,2bd9464362c949d8100fee8ae5164ff5873e5294e4c5e0c95f75612772f6b93a
b731825f0e40b6152878,https://ed.gov/teaching-and-administration/supporting-students/transition-of-students-with-disabilities-to-postsecondary-education-a-guide-for-high-school-educators,2026-10-04T21:54:16.850778+00:00,ed.gov,False,http_error,403.0,https://www.ed.gov/teaching-and-administration/supporting-students/transition-of-students-with-disabilities-to-postsecondary-education-a-guide-for-high-school-educators,11906.0,not_extracted,0,0,,text/html,,,,,,0.0,,
b7501cb300491e9a3461,https://prisonpolicy.org/blog/2024/12/19/policing_survey_2022,2026-10-04T21:54:17.781034+00:00,prisonpolicy.org,True,downloaded,200.0,https://www.prisonpolicy.org/blog/2024/12/19/policing_survey_2022/,72024.0,success,18650,3014,html,text/html; charset=UTF-8,"Despite fewer people experiencing police contact, racial disparities in arrests, police misconduct, and police use of force continue",Prison Policy Initiative,2024-12-19,PrisonPolicy,https://www.prisonpolicy.org/blog/2024/12/19/policing_survey_2022/,0.0,b7501cb300491e9a3461.txt,d0a6ecdf54bba55f3f4d20b3f6fdce6b756c3d770264c91f94f709e51e4228f7
b7a3e143339ef1b70344,https://psnet.ahrq.gov/perspective/patient-safety-concerns-and-lgbtq-population,2026-10-04T21:54:17.781793+00:00,ahrq.gov,False,http_error,403.0,https://psnet.ahrq.gov/perspective/patient-safety-concerns-and-lgbtq-population,986.0,not_extracted,0,0,,text/html,,,,,,0.0,,
b7c998a266298a228465,https://medresearch.umich.edu/sites/default/files/2024-06/RRTC-Evaluating-Housing-Concerns.pdf,2026-10-04T21:54:18.846725+00:00,umich.edu,False,http_error,403.0,https://medresearch.umich.edu/sites/default/files/2024-06/RRTC-Evaluating-Housing-Concerns.pdf,5817.0,not_extracted,0,0,,text/html; charset=UTF-8,,,,,,0.0,,
b7d1670cf07474ee54b7,https://lgbtq-economics.org/research/leaf-report-2023,2026-10-04T21:54:20.224185+00:00,lgbtq-economics.org,True,downloaded,200.0,https://lgbtq-economics.org/research/leaf-report-2023/,406911.0,success,59718,8589,html,text/html; charset=UTF-8,The LGBTQI+ Economic and Financial Survey,,2023-03-27,CLEAR,https://lgbtq-economics.org/research/leaf-report-2023/,0.0,b7d1670cf07474ee54b7.txt,e1b7c22ac2beb2c7fe750f9e4ea40cc239cf2d318768a7747056d1bd431e09e5
b80e0d436716f18e9be8,https://pmc.ncbi.nlm.nih.gov/articles/PMC5825109,2026-10-04T21:54:21.065501+00:00,nih.gov,True,downloaded,200.0,https://pmc.ncbi.nlm.nih.gov/articles/PMC5825109,21363.0,success,131,18,html,text/html; charset=utf-8,Checking your browser,,2026-09-11,google.com,https://www.google.com/recaptcha/challengepage,0.0,b80e0d436716f18e9be8.txt,febad3f3fe620c1fa70fbdc5b5d462a0bb66ad2faf9e39bbd8dd6eaad086906d
b8c3033dc5038838e977,https://pmc.ncbi.nlm.nih.gov/articles/PMC7415496,2026-10-04T21:54:22.237122+00:00,nih.gov,True,downloaded,200.0,https://pmc.ncbi.nlm.nih.gov/articles/PMC7415496,21366.0,success,131,18,html,text/html; charset=utf-8,Checking your browser,,2026-09-11,google.com,https://www.google.com/recaptcha/challengepage,0.0,b8c3033dc5038838e977.txt,febad3f3fe620c1fa70fbdc5b5d462a0bb66ad2faf9e39bbd8dd6eaad086906d
b8e0ac5f0fca26d0654e,https://pmc.ncbi.nlm.nih.gov/articles/PMC7227297,2026-10-04T21:54:22.486178+00:00,nih.gov,True,downloaded,200.0,https://pmc.ncbi.nlm.nih.gov/articles/PMC7227297,21365.0,success,131,18,html,text/html; charset=utf-8,Checking your browser,,2026-09-11,google.com,https://www.google.com/recaptcha/challengepage,0.0,b8e0ac5f0fca26d0654e.txt,febad3f3fe620c1fa70fbdc5b5d462a0bb66ad2faf9e39bbd8dd6eaad086906d
b934157df7b8d5def47c,https://epi.org/publication/racial-representation-prof-occ,2026-10-04T21:54:23.920285+00:00,epi.org,False,http_error,403.0,https://epi.org/publication/racial-representation-prof-occ,5863.0,not_extracted,0,0,,text/html; charset=UTF-8,,,,,,0.0,,
b9ef8dfbabd214f67ca3,https://asanet.org/wp-content/uploads/savvy/images/research/docs/pdf/RaceEthnicity_LaborMarket.pdf,2026-10-04T21:54:24.320172+00:00,asanet.org,False,http_error,403.0,https://asanet.org/wp-content/uploads/savvy/images/research/docs/pdf/RaceEthnicity_LaborMarket.pdf,5872.0,not_extracted,0,0,,text/html; charset=UTF-8,,,,,,0.0,,
ba0268f3ad83f9474586,https://pmc.ncbi.nlm.nih.gov/articles/PMC12101861,2026-10-04T21:54:24.500833+00:00,nih.gov,True,downloaded,200.0,https://pmc.ncbi.nlm.nih.gov/articles/PMC12101861,21367.0,success,131,18,html,text/html; charset=utf-8,Checking your browser,,2026-09-11,google.com,https://www.google.com/recaptcha/challengepage,0.0,ba0268f3ad83f9474586.txt,febad3f3fe620c1fa70fbdc5b5d462a0bb66ad2faf9e39bbd8dd6eaad086906d
ba17f6d82a81ab15de2a,https://ccl.org/articles/leading-effectively-articles/7-reasons-want-women-workplace,2026-10-04T21:54:25.945891+00:00,ccl.org,True,downloaded,200.0,https://www.ccl.org/articles/leading-effectively-articles/7-reasons-want-women-workplace/,189438.0,success,7805,1232,html,text/html; charset=UTF-8,Women in the Workplace: Why They Make Great Leaders & How To Support Them,Cathleen Clerkin,2026-05-11,Center for Creative Leadership,https://www.ccl.org/articles/leading-effectively-articles/7-reasons-want-women-workplace/,0.0,ba17f6d82a81ab15de2a.txt,cb845dac5d35df341e2fb5820409b4e3c837ac8f9b0e32eaa87ba2b05fbe04f9
ba799a234ecdb718d98c,https://link.springer.com/article/10.1186/s12913-020-05357-5,2026-10-04T21:54:26.401661+00:00,springer.com,False,robots_disallowed,,https://link.springer.com/article/10.1186/s12913-020-05357-5,,not_extracted,0,0,,,,,,,,,,
bb574e773ec730b79327,https://secumd.org/insights/all-the-factors-that-influence-your-credit-score,2026-10-04T21:54:26.401896+00:00,secumd.org,True,downloaded,200.0,https://www.secumd.org/insights/all-the-factors-that-influence-your-credit-score/,348126.0,success,5241,894,html,text/html; charset=UTF-8,All the Factors that Influence Your Credit Score,,2023-03-10,SECU Credit Union,https://www.secumd.org/insights/all-the-factors-that-influence-your-credit-score/,0.0,bb574e773ec730b79327.txt,55d8864a889fb309260927384ddea8599e7ee6886c9a127ca4fd22688d5258f4
bb57ffcedce05262840e,https://workrisenetwork.org/working-knowledge/who-gets-what-job-taking-racial-equity-approach-improving-job-quality,2026-10-04T21:54:26.476531+00:00,workrisenetwork.org,False,http_error,403.0,https://workrisenetwork.org/working-knowledge/who-gets-what-job-taking-racial-equity-approach-improving-job-quality,5990.0,not_extracted,0,0,,text/html; charset=UTF-8,,,,,,0.0,,
bbaccd6e787d6a32612d,https://sciencedirect.com/science/article/abs/pii/S0140197120301445,2026-10-04T21:54:26.569169+00:00,sciencedirect.com,False,http_error,403.0,https://www.sciencedirect.com/science/article/abs/pii/S0140197120301445,1207905.0,not_extracted,0,0,,text/html; charset=UTF-8,,,,,,0.0,,
bc4ff40b912072546f9d,https://cambridge.org/core/journals/du-bois-review-social-science-research-on-race/article/examining-the-racial-and-gendered-impacts-of-policeinitiated-contacts-on-helpseeking/87C1B2ECEC7B2DBA25C57A2585418E8C,2026-10-04T21:54:26.973943+00:00,cambridge.org,False,http_error,429.0,https://www.cambridge.org/core/journals/du-bois-review-social-science-research-on-race/article/examining-the-racial-and-gendered-impacts-of-policeinitiated-contacts-on-helpseeking/87C1B2ECEC7B2DBA25C57A2585418E8C,1302.0,not_extracted,0,0,,text/html; charset=utf-8,,,,,,0.0,,
bc63f82265adec86e12d,https://tandfonline.com/doi/abs/10.2747/0272-3638.26.5.385,2026-10-04T21:54:27.614530+00:00,tandfonline.com,False,http_error,403.0,https://tandfonline.com/doi/abs/10.2747/0272-3638.26.5.385,5771.0,not_extracted,0,0,,text/html; charset=UTF-8,,,,,,0.0,,
bd56dadb0bc354647b9a,https://pmc.ncbi.nlm.nih.gov/articles/PMC8483182,2026-10-04T21:54:27.662376+00:00,nih.gov,True,downloaded,200.0,https://pmc.ncbi.nlm.nih.gov/articles/PMC8483182/,267246.0,success,75546,10850,html,text/html; charset=utf-8,EDUCATIONAL OUTCOMES OF GENDER-DIVERSE YOUTH: A National Population-Based Study,LINDSEY WILKINSON; DARA SHIFRER; JENNIFER PEARSON,2021-08-16,Gender & society : official publication of Sociologists for Women in Society,https://pmc.ncbi.nlm.nih.gov/articles/PMC8483182/,0.0,bd56dadb0bc354647b9a.txt,077f6b8b099e875cc973334f63268aad116d817184ac88e8be59bb37aed9a0c9
bd97c4dec4c50f1c8b2e,https://pmc.ncbi.nlm.nih.gov/articles/PMC9341318,2026-10-04T21:54:27.743048+00:00,nih.gov,True,downloaded,200.0,https://pmc.ncbi.nlm.nih.gov/articles/PMC9341318,21366.0,success,131,18,html,text/html; charset=utf-8,Checking your browser,,2026-09-11,google.com,https://www.google.com/recaptcha/challengepage,0.0,bd97c4dec4c50f1c8b2e.txt,febad3f3fe620c1fa70fbdc5b5d462a0bb66ad2faf9e39bbd8dd6eaad086906d
bda4f6f5aa9788769433,https://pmc.ncbi.nlm.nih.gov/articles/PMC9876026,2026-10-04T21:54:27.873230+00:00,nih.gov,True,downloaded,200.0,https://pmc.ncbi.nlm.nih.gov/articles/PMC9876026,21364.0,success,131,18,html,text/html; charset=utf-8,Checking your browser,,2026-09-11,google.com,https://www.google.com/recaptcha/challengepage,0.0,bda4f6f5aa9788769433.txt,febad3f3fe620c1fa70fbdc5b5d462a0bb66ad2faf9e39bbd8dd6eaad086906d
bdcc014fae2ff2dc0e23,https://penntoday.upenn.edu/news/hidden-costs-and-joys-being-lgbt,2026-10-04T21:54:29.521087+00:00,upenn.edu,False,http_error,403.0,https://penntoday.upenn.edu/news/hidden-costs-and-joys-being-lgbt,5755.0,not_extracted,0,0,,text/html; charset=UTF-8,,,,,,0.0,,
bde0f336aa94fcf7edd4,https://pmc.ncbi.nlm.nih.gov/articles/PMC9122412,2026-10-04T21:54:30.996673+00:00,nih.gov,True,downloaded,200.0,https://pmc.ncbi.nlm.nih.gov/articles/PMC9122412,21364.0,success,131,18,html,text/html; charset=utf-8,Checking your browser,,2026-09-11,google.com,https://www.google.com/recaptcha/challengepage,0.0,bde0f336aa94fcf7edd4.txt,febad3f3fe620c1fa70fbdc5b5d462a0bb66ad2faf9e39bbd8dd6eaad086906d
beaa70f261c674a7e7da,https://sciencedirect.com/science/article/pii/S0047235209001470,2026-10-04T21:54:31.298711+00:00,sciencedirect.com,False,http_error,403.0,https://www.sciencedirect.com/science/article/pii/S0047235209001470,1207871.0,not_extracted,0,0,,text/html; charset=UTF-8,,,,,,0.0,,
bee014e59384dbab3865,https://advancingpretrial.org/story/racism-policing-and-the-criminal-justice-system,2026-10-04T21:54:31.397968+00:00,advancingpretrial.org,False,http_error,403.0,https://www.advancingpretrial.org/story/racism-policing-and-the-criminal-justice-system,5852.0,not_extracted,0,0,,text/html; charset=UTF-8,,,,,,0.0,,
bf2e0dd356eae9801001,https://pubmed.ncbi.nlm.nih.gov/29885714,2026-10-04T21:54:31.941283+00:00,nih.gov,True,downloaded,203.0,https://pubmed.ncbi.nlm.nih.gov/29885714/,5590.0,success,100,14,html,text/html; charset=utf-8,Cookies must be enabled,,,pubmed.ncbi.nlm.nih.gov,https://pubmed.ncbi.nlm.nih.gov/29885714/,0.0,bf2e0dd356eae9801001.txt,f193d0de906419650acf171625dbd67f88f297290893b5473e1d8365c03d4b59
bf2ee7ce1a44f5c08c68,https://pmc.ncbi.nlm.nih.gov/articles/PMC12966559,2026-10-04T21:54:32.756067+00:00,nih.gov,True,downloaded,200.0,https://pmc.ncbi.nlm.nih.gov/articles/PMC12966559,21368.0,success,131,18,html,text/html; charset=utf-8,Checking your browser,,2026-09-11,google.com,https://www.google.com/recaptcha/challengepage,0.0,bf2ee7ce1a44f5c08c68.txt,febad3f3fe620c1fa70fbdc5b5d462a0bb66ad2faf9e39bbd8dd6eaad086906d
c01cd618d6fc375bae06,https://hrc.org/resources/coming-out-at-work,2026-10-04T21:54:33.071364+00:00,hrc.org,True,downloaded,200.0,https://www.hrc.org/resources/coming-out-at-work,139752.0,success,6590,798,html,text/html; charset=UTF-8,Coming Out at Work,,2023-05-01,Coming Out at Work,https://www.hrc.org/resources/coming-out-at-work,0.0,c01cd618d6fc375bae06.txt,f309bc764c8e1fa0213c6ca3a7cdd637f66e08824064e4999f293ccba8e1f7a0
c06c5e713ff4479379d2,https://sciencedirect.com/science/article/abs/pii/S026427512300272X,2026-10-04T21:54:34.239198+00:00,sciencedirect.com,False,http_error,403.0,https://www.sciencedirect.com/science/article/abs/pii/S026427512300272X,1207905.0,not_extracted,0,0,,text/html; charset=UTF-8,,,,,,0.0,,
c0e93a457b5e58b3fe32,https://home.treasury.gov/news/featured-stories/post-5-racial-differences-in-educational-experiences-and-attainment,2026-10-04T21:54:34.438407+00:00,treasury.gov,True,downloaded,200.0,https://home.treasury.gov/news/featured-stories/post-5-racial-differences-in-educational-experiences-and-attainment,114197.0,success,34944,5229,html,text/html; charset=utf-8,Post 5: Racial Differences in Educational Experiences and Attainment,,2023-06-09,U.S. Department of the Treasury,https://home.treasury.gov/news/featured-stories/post-5-racial-differences-in-educational-experiences-and-attainment,0.0,c0e93a457b5e58b3fe32.txt,97da670757e95ac9091d23ab1979f49245510fd1eda13294acde1ce39fca4d6c
c172665575ca399f8795,https://journals.sagepub.com/doi/10.1177/10986111251372007,2026-10-04T21:54:35.395413+00:00,sagepub.com,False,http_error,403.0,https://journals.sagepub.com/doi/10.1177/10986111251372007,5740.0,not_extracted,0,0,,text/html; charset=UTF-8,,,,,,0.0,,
c17454845bd8c8b65765,https://ncbi.nlm.nih.gov/sites/books/NBK19909,2026-10-04T21:54:35.442251+00:00,nih.gov,True,downloaded,200.0,https://www.ncbi.nlm.nih.gov/sites/books/NBK19909/,183595.0,success,85632,12492,html,text/html; charset=UTF-8,Barriers to Educational Opportunities for Hispanics in the United States,Barbara Schhneider; Sylvia Martinez; Ann Ownes,2004-03-15,National Academies Press (US),https://www.ncbi.nlm.nih.gov/sites/books/NBK19909/,0.0,c17454845bd8c8b65765.txt,9223e8fe719bf0b6b97ec2be4c334f369b46677ff93f77a039a1043a9c56d835
c205d81ce9befd8d08bf,https://williamsinstitute.law.ucla.edu/publications/policing-lgbq-people,2026-10-04T21:54:35.975128+00:00,ucla.edu,True,downloaded,200.0,https://williamsinstitute.law.ucla.edu/publications/policing-lgbq-people/,131814.0,success,2768,442,html,text/html; charset=UTF-8,Policing LGBQ People,Loyal; Thisisloyal Com,2021-05-14,The Williams Institute at UCLA School of Law,https://williamsinstitute.law.ucla.edu/publications/policing-lgbq-people/,0.0,c205d81ce9befd8d08bf.txt,ed32290aa9823b3317dd916539d27ab565f2a966e7ddb453247b24d5e530c7bf
c2af70405d67f4d5d4ef,https://higheredtoday.org/2024/05/20/understanding-the-factors-behind-college-completion,2026-10-04T21:54:37.379624+00:00,higheredtoday.org,True,downloaded,200.0,https://www.higheredtoday.org/2024/05/20/understanding-the-factors-behind-college-completion/,62691.0,success,3543,528,html,text/html; charset=UTF-8,Understanding the Factors Behind College Completion,ACE,2024-05-20,Higher Education Today,https://www.higheredtoday.org/2024/05/20/understanding-the-factors-behind-college-completion/,0.0,c2af70405d67f4d5d4ef.txt,24937dc7bd47b67cda427c621a44ff4e0d492892069ccca9033874fc05bc7b23
c33643c5fa00b0ade156,https://sciencedirect.com/science/article/pii/S2352827322002713,2026-10-04T21:54:37.980809+00:00,sciencedirect.com,False,http_error,403.0,https://www.sciencedirect.com/science/article/pii/S2352827322002713,1207849.0,not_extracted,0,0,,text/html; charset=UTF-8,,,,,,0.0,,
c39564b624f8340e0865,https://cew.georgetown.edu/resource/latino-education-and-economic-progress-running-faster-but-still-behind-6,2026-10-04T21:54:38.350314+00:00,georgetown.edu,True,downloaded,200.0,https://cew.georgetown.edu/wp-content/uploads/Latinos-FR.pdf,1674011.0,success,116253,17444,pdf,application/pdf,,,,,,0.0,c39564b624f8340e0865.txt,4e30119dd6fce9989f638ec1c891e6e489b664103459bc81777f7e65af273c1d
c4e24e6347b9aa5690d9,https://providentcu.org/blog/news/5-key-factors-that-impact-your-credit-score,2026-10-04T21:54:38.470430+00:00,providentcu.org,False,http_error,403.0,https://providentcu.org/blog/news/5-key-factors-that-impact-your-credit-score,309.0,not_extracted,0,0,,text/html; charset=UTF-8,,,,,,0.0,,
c4e632ee22d473809df7,https://insidehighered.com/news/quick-takes/2026/07/22/degree-attainment-gaps-persist-latino-students,2026-10-04T21:54:40.169514+00:00,insidehighered.com,True,downloaded,200.0,https://www.insidehighered.com/news/quick-takes/2026/07/22/degree-attainment-gaps-persist-latino-students,144710.0,success,1684,264,html,text/html; charset=UTF-8,Degree Attainment Gaps Persist for Latino Students,Sara Weissman,2026-07-22,"Inside Higher Ed | Higher Education News, Events and Jobs",https://www.insidehighered.com/news/quick-takes/2026/07/22/degree-attainment-gaps-persist-latino-students,0.0,c4e632ee22d473809df7.txt,657fd95f25fc5263dfac9fed58fc9b05f3702849b4453b6ccdde5d5c2f7247ff
c559804906d1da63be17,https://mecklenburghousingdata.org/frontpage-article/addressing-lgbtq-homelessness-challenges-disparities-and-promising-practices,2026-10-04T21:54:40.631705+00:00,mecklenburghousingdata.org,True,downloaded,200.0,https://mecklenburghousingdata.org/frontpage-article/addressing-lgbtq-homelessness-challenges-disparities-and-promising-practices/,172288.0,success,26094,3776,html,text/html; charset=UTF-8,"Addressing LGBTQ+ Homelessness: Challenges, Disparities, and Promising Practices - Mecklenburg County - Housing & Homelessness Dashboard",Cayce Jamil,2023-06-29,Mecklenburg County - Housing & Homelessness Dashboard - Mecklenburg County - Housing & Homelessness Dashboard,https://mecklenburghousingdata.org/frontpage-article/addressing-lgbtq-homelessness-challenges-disparities-and-promising-practices/,0.0,c559804906d1da63be17.txt,8ad09faf237b172fa56cfb0b495ce9d89c697fb534f1cf20c7dc84de099f943e
c5b6989467a64bb51fbf,https://ebsco.com/research-starters/politics-and-government/employment-among-latinos,2026-10-04T21:54:40.876541+00:00,ebsco.com,True,downloaded,200.0,https://www.ebsco.com/research-starters/politics-and-government/employment-among-latinos,141622.0,success,23781,3424,html,text/html,Employment among Latinos | Politics and Government | Research Starters | EBSCOhost,,2022-05-01,EBSCO,https://www.ebsco.com/,0.0,c5b6989467a64bb51fbf.txt,cd0f18a3ef2a5d94d90b65cffb9ec788bc1c0319808475c4529be089a26fe422
c64969cc655b3d81b0dd,https://hannahsrealty.com/blog/movingtooregon,2026-10-04T21:54:41.772818+00:00,hannahsrealty.com,True,downloaded,200.0,https://www.hannahsrealty.com/blog/movingtooregon,177010.0,success,7661,1140,html,text/html;charset=utf-8,The Ultimate Guide to being in LGBTQ+ Community in Portland — Hannah Atherton Realtor ®,Hannah Atherton,2025-08-01,Hannah Atherton Realtor ®,https://www.hannahsrealty.com/blog/movingtooregon,0.0,c64969cc655b3d81b0dd.txt,2725d59574f2ac6d8dcb06153c2e15db967c51fcef53df5225a4660058cfd9b4
c6bd79667dfd59070547,https://pmc.ncbi.nlm.nih.gov/articles/PMC8009488,2026-10-04T21:54:42.422529+00:00,nih.gov,True,downloaded,200.0,https://pmc.ncbi.nlm.nih.gov/articles/PMC8009488/,21368.0,success,131,18,html,text/html; charset=utf-8,Checking your browser,,2026-09-11,google.com,https://www.google.com/recaptcha/challengepage,0.0,c6bd79667dfd59070547.txt,febad3f3fe620c1fa70fbdc5b5d462a0bb66ad2faf9e39bbd8dd6eaad086906d
c6d4ef26f2b276716b56,https://nelp.org/insights-research/why-women-need-a-stronger-unemployment-insurance-system,2026-10-04T21:54:43.004157+00:00,nelp.org,True,downloaded,200.0,https://www.nelp.org/insights-research/why-women-need-a-stronger-unemployment-insurance-system/,118336.0,success,51598,7067,html,text/html; charset=UTF-8,Why Women Need a Stronger Unemployment Insurance System - National Employment Law Project,Amy Traub,2026-05-13,National Employment Law Project,https://www.nelp.org/insights-research/why-women-need-a-stronger-unemployment-insurance-system/,0.0,c6d4ef26f2b276716b56.txt,fd3fdd2bb06e20cb5cd3fbff284cbccc9666c83f52e8a758ec8bf327040f9635
c6e64399b2bcb1ae60be,https://upward-mobility.urban.org/framework/governance/policing,2026-10-04T21:54:43.775966+00:00,urban.org,False,http_error,403.0,https://upward-mobility.urban.org/framework/governance/policing,5759.0,not_extracted,0,0,,text/html; charset=UTF-8,,,,,,0.0,,
c934be2040f88788c405,https://onlinelibrary.wiley.com/doi/10.1111/1467-8500.12683?af=R,2026-10-04T21:54:44.192867+00:00,wiley.com,False,http_error,403.0,https://onlinelibrary.wiley.com/doi/10.1111/1467-8500.12683?af=R,5832.0,not_extracted,0,0,,text/html; charset=UTF-8,,,,,,0.0,,
c99857df1712bb803a25,https://pmc.ncbi.nlm.nih.gov/articles/PMC10371221,2026-10-04T21:54:47.093794+00:00,nih.gov,True,downloaded,200.0,https://pmc.ncbi.nlm.nih.gov/articles/PMC10371221/,193336.0,success,46562,6482,html,text/html; charset=utf-8,The Trump Administration’s assault on health and social programs: potential consequences for older Hispanics,Jacqueline L Angel; Nancy Berlinger,2018-05-08,Journal of aging & social policy,https://pmc.ncbi.nlm.nih.gov/articles/PMC10371221/,0.0,c99857df1712bb803a25.txt,e784a7f614ed0c45ea7c11af4f306a517dff62f3f9fe24d447cec9a69c1c0e2c
ca619d76db7947dc9884,https://sites.psu.edu/letmebecriticallyqueer/files/2021/04/Transgender_graduate_students.pdf,2026-10-04T21:54:47.116290+00:00,psu.edu,True,downloaded,200.0,https://bpb-us-e1.wpmucdn.com/sites.psu.edu/dist/c/129541/files/2021/04/Transgender_graduate_students.pdf,202902.0,success,96405,14479,pdf,application/pdf,,,,,,0.0,ca619d76db7947dc9884.txt,e7e133ac091b8a0129148823f3b233859ab2c24d5ace4d960c0943de34544c4f
ca78ad1e04424c93777c,https://policechiefmagazine.org/effective-law-enforcement-response-to-people-with-disabilities,2026-10-04T21:54:47.238472+00:00,policechiefmagazine.org,True,downloaded,200.0,https://policechiefmagazine.org/effective-law-enforcement-response-to-people-with-disabilities,212.0,empty_text,0,0,html,text/html,,,,policechiefmagazine.org,https://policechiefmagazine.org/effective-law-enforcement-response-to-people-with-disabilities,0.0,ca78ad1e04424c93777c.txt,e3b0c44298fc1c149afbf4c8996fb92427ae41e4649b934ca495991b7852b855
caf34933050d2fccae9f,https://opportunityhome.org/resources/racial-equity-housing,2026-10-04T21:54:47.599126+00:00,opportunityhome.org,False,http_error,404.0,https://opportunityhome.org/resources/racial-equity-housing,10.0,not_extracted,0,0,,text/plain; charset=utf-8,,,,,,0.0,,
cbb0267eb9753dcdff9f,https://fordhaminstitute.org/national/commentary/modeling-education-trends-race-and-gender-college-graduation,2026-10-04T21:54:47.840502+00:00,fordhaminstitute.org,True,downloaded,200.0,https://fordhaminstitute.org/national/commentary/modeling-education-trends-race-and-gender-college-graduation,66219.0,success,6105,973,html,text/html; charset=UTF-8,Modeling education trends by race and gender in college graduation,,2025-02-07,The Thomas B. Fordham Institute,https://fordhaminstitute.org/national/commentary/modeling-education-trends-race-and-gender-college-graduation,0.0,cbb0267eb9753dcdff9f.txt,71e682a211a8654dd382d3aa69fe2d6b72fc82b6684ee0762bb8b061a55b6adb
cc469bddc9d4c20b7d49,https://research.upjohn.org/cgi/viewcontent.cgi?article=1195&context=up_press&filename=4&type=additional,2026-10-04T21:54:50.671521+00:00,upjohn.org,False,http_error,403.0,https://research.upjohn.org/cgi/viewcontent.cgi?article=1195&context=up_press&filename=4&type=additional,5932.0,not_extracted,0,0,,text/html; charset=UTF-8,,,,,,0.0,,
cda276773d23948de3fe,https://benefitspro.com/2017/11/09/the-benefits-gap-men-make-greater-use-of-employee,2026-10-04T21:54:50.684459+00:00,benefitspro.com,False,http_error,403.0,https://benefitspro.com/2017/11/09/the-benefits-gap-men-make-greater-use-of-employee,5510.0,not_extracted,0,0,,text/html; charset=UTF-8,,,,,,0.0,,
ce0aa38640f9371a3f75,https://uspsfcu.org/women-credit-financial-wellness,2026-10-04T21:54:50.761970+00:00,uspsfcu.org,True,downloaded,200.0,https://uspsfcu.org/women-credit-financial-wellness/,117425.0,success,4029,680,html,text/html; charset=UTF-8,Women and Credit: Here’s How to Get on Solid Ground | USPS FCU,,2024-09-19,U. S. Postal Service FCU,https://uspsfcu.org/women-credit-financial-wellness/,0.0,ce0aa38640f9371a3f75.txt,8b63cb62201f09f40c7723fd98326b59dbaa03425ed334aa2e42f5ea773fe2f4
ce20ffdae2a53c621c4d,https://americanprogress.org/article/fact-sheet-protecting-advancing-health-care-transgender-adult-communities,2026-10-04T21:54:50.891076+00:00,americanprogress.org,False,http_error,403.0,https://www.americanprogress.org/article/fact-sheet-protecting-advancing-health-care-transgender-adult-communities,5914.0,not_extracted,0,0,,text/html; charset=UTF-8,,,,,,0.0,,
ce748819bdc92e8757a4,https://bls.gov/opub/reports/race-and-ethnicity/2023,2026-10-04T21:54:50.977892+00:00,bls.gov,False,http_error,403.0,https://www.bls.gov/,1325.0,not_extracted,0,0,,text/html,,,,,,0.0,,
ce82e9c36714876a1863,https://academic.oup.com/jpart/article/35/3/352/8123660?rss=1,2026-10-04T21:54:52.387587+00:00,oup.com,False,http_error,403.0,https://academic.oup.com/jpart/article/35/3/352/8123660?rss=1,5679.0,not_extracted,0,0,,text/html; charset=UTF-8,,,,,,0.0,,
ce9724da5b7f29ba9c4e,https://policechiefmagazine.org/iacpwork-developmental-disabilities-and-diversion,2026-10-04T21:54:54.468157+00:00,policechiefmagazine.org,True,downloaded,200.0,https://policechiefmagazine.org/iacpwork-developmental-disabilities-and-diversion,847.0,success,81,6,html,text/html,,,,policechiefmagazine.org,https://policechiefmagazine.org/iacpwork-developmental-disabilities-and-diversion,0.0,ce9724da5b7f29ba9c4e.txt,4aa4c4bcc6f9e69d0f6fa6b05ad0075931d8c1d59d1582881c606ecce79ff1d9
cee45a8d4fe766f32822,https://au.adp.com/resources/articles-and-insights/articles/p/men-at-work.aspx,2026-10-04T21:54:54.514838+00:00,adp.com,False,http_error,403.0,https://au.adp.com/resources/articles-and-insights/articles/p/men-at-work.aspx,459.0,not_extracted,0,0,,text/html,,,,,,0.0,,
cf783cccea653f83fbd5,https://nursing.jhu.edu/magazine/articles/2025/03/new-insights-into-connection-between-housing-quality-and-population-health,2026-10-04T21:54:54.613649+00:00,jhu.edu,False,http_error,403.0,https://nursing.jhu.edu/magazine/articles/2025/03/new-insights-into-connection-between-housing-quality-and-population-health,5510.0,not_extracted,0,0,,text/html; charset=UTF-8,,,,,,0.0,,
cfac0b7c1daa05d5c865,https://pmc.ncbi.nlm.nih.gov/articles/PMC11196069,2026-10-04T21:54:54.660269+00:00,nih.gov,True,downloaded,200.0,https://pmc.ncbi.nlm.nih.gov/articles/PMC11196069,21367.0,success,131,18,html,text/html; charset=utf-8,Checking your browser,,2026-09-11,google.com,https://www.google.com/recaptcha/challengepage,0.0,cfac0b7c1daa05d5c865.txt,febad3f3fe620c1fa70fbdc5b5d462a0bb66ad2faf9e39bbd8dd6eaad086906d
d07b1dc58fe64c76c317,https://csgjusticecenter.org/2021/10/12/how-are-hispanic-individuals-represented-in-the-criminal-justice-system,2026-10-04T21:54:55.466540+00:00,csgjusticecenter.org,True,downloaded,200.0,https://csgjusticecenter.org/2021/10/12/how-are-hispanic-individuals-represented-in-the-criminal-justice-system/,286010.0,success,4797,715,html,text/html; charset=UTF-8,How Are Hispanic Individuals Represented in the Criminal Justice System?,Amelia Vorpahl,2021-10-12,CSG Justice Center,https://csgjusticecenter.org/2021/10/12/how-are-hispanic-individuals-represented-in-the-criminal-justice-system/,0.0,d07b1dc58fe64c76c317.txt,47fdb83fb97a47fe53d45202dc6df9a95126c920bacb99bf09327632ed1900e0
d0d2586f3182bc32d5ca,https://healthaffairs.org/content/forefront/reducing-administrative-burdens-increase-access-safety-net-programs,2026-10-04T21:54:56.205186+00:00,healthaffairs.org,False,http_error,403.0,https://healthaffairs.org/content/forefront/reducing-administrative-burdens-increase-access-safety-net-programs,5969.0,not_extracted,0,0,,text/html; charset=UTF-8,,,,,,0.0,,
d2d2f98d9fee8c4598fb,https://pmc.ncbi.nlm.nih.gov/articles/PMC10953678,2026-10-04T21:54:56.279774+00:00,nih.gov,True,downloaded,200.0,https://pmc.ncbi.nlm.nih.gov/articles/PMC10953678/,164642.0,success,35849,5031,html,text/html; charset=utf-8,Equitable Care for Patients With Disabilities: Considerations for the Gynecologic Health Care Professional,Julie P Barbera; Bridget Cichon; Nethra Ankam; Beth I Schwartz,2024-01-04,Obstetrics and Gynecology,https://pmc.ncbi.nlm.nih.gov/articles/PMC10953678/,0.0,d2d2f98d9fee8c4598fb.txt,812b0ad0efe0bc3342e75c893987ddf8feb1e9aeb1277e4265463dc89f10b0ef
d2e7576c94f229979ee5,https://news-medical.net/health/Impact-of-Masculinity-on-Mens-Health.aspx,2026-10-04T21:54:57.723363+00:00,news-medical.net,True,downloaded,200.0,https://www.news-medical.net/health/Impact-of-Masculinity-on-Mens-Health.aspx,166169.0,success,6659,929,html,text/html; charset=utf-8,Impact of Masculinity on Men's Health,Dr Sanchari Sinha Dutta; Ph D,2022-03-28,News-Medical,https://www.news-medical.net/health/Impact-of-Masculinity-on-Mens-Health.aspx,0.0,d2e7576c94f229979ee5.txt,70e08c9a5976f6d82610310e10b9b00a04e69965c6f6508afafd8695de9470a8
d504546bc643b5899b72,https://pmc.ncbi.nlm.nih.gov/articles/PMC7067745,2026-10-04T21:54:57.791036+00:00,nih.gov,True,downloaded,200.0,https://pmc.ncbi.nlm.nih.gov/articles/PMC7067745,21365.0,success,131,18,html,text/html; charset=utf-8,Checking your browser,,2026-09-11,google.com,https://www.google.com/recaptcha/challengepage,0.0,d504546bc643b5899b72.txt,febad3f3fe620c1fa70fbdc5b5d462a0bb66ad2faf9e39bbd8dd6eaad086906d
d58552c0b66df77b6d0b,https://edtrust.org/rti/look-latino-student-success,2026-10-04T21:54:57.885864+00:00,edtrust.org,True,downloaded,200.0,https://edtrust.org/rti/look-latino-student-success/,112450.0,success,4400,678,html,text/html; charset=UTF-8,A Look at Latino Student Success,Andrew Howard Nichols,2024-07-05,EdTrust,https://edtrust.org/rti/look-latino-student-success/,0.0,d58552c0b66df77b6d0b.txt,fbf013272c537f68d56018bb1cf9e8fd62ce139f717066f1f12bde23023221bf
d5ee37fe532b36f64d5d,https://pmc.ncbi.nlm.nih.gov/articles/PMC7842519,2026-10-04T21:54:58.585893+00:00,nih.gov,True,downloaded,200.0,https://pmc.ncbi.nlm.nih.gov/articles/PMC7842519/,224669.0,success,70357,10662,html,text/html; charset=utf-8,Educational Gender Gaps,Shelly Lundberg,2020-10-23,Southern economic journal,https://pmc.ncbi.nlm.nih.gov/articles/PMC7842519/,0.0,d5ee37fe532b36f64d5d.txt,6498e45167997285571dae90e54b552316544ecc9306753b6ac54b8df80ca1e9
d6552399f8ea24869db2,https://journals.sagepub.com/doi/10.1177/0734016820952523,2026-10-04T21:54:59.299431+00:00,sagepub.com,False,http_error,403.0,https://journals.sagepub.com/doi/10.1177/0734016820952523,5738.0,not_extracted,0,0,,text/html; charset=UTF-8,,,,,,0.0,,
d692f888745398850821,https://aeaweb.org/conference/2019/preliminary/paper/2EAtra4a,2026-10-04T21:54:59.478517+00:00,aeaweb.org,True,downloaded,200.0,https://www.aeaweb.org/conference/2019/preliminary/paper/2EAtra4a,298704.0,success,64475,10093,pdf,application/pdf,,,,,,0.0,d692f888745398850821.txt,c9885fe9858bae4222789877a69260b56cf26821ce507a7929d341e0a1353c93
d76945f20c633e744e03,https://health.gov.au/sites/default/files/2023-07/men-s-and-boys-barriers-to-health-system-access-a-literature-review.pdf,2026-10-04T21:54:59.849444+00:00,health.gov.au,False,curl_error,301.0,https://www.health.gov.au/sites/default/files/2023-07/men-s-and-boys-barriers-to-health-system-access-a-literature-review.pdf,,not_extracted,0,0,,text/html,,,,,,92.0,,
d7b7e2baab973cac6369,https://pmc.ncbi.nlm.nih.gov/articles/PMC10176310,2026-10-04T21:55:00.903878+00:00,nih.gov,True,downloaded,200.0,https://pmc.ncbi.nlm.nih.gov/articles/PMC10176310,21366.0,success,131,18,html,text/html; charset=utf-8,Checking your browser,,2026-09-11,google.com,https://www.google.com/recaptcha/challengepage,0.0,d7b7e2baab973cac6369.txt,febad3f3fe620c1fa70fbdc5b5d462a0bb66ad2faf9e39bbd8dd6eaad086906d
d7e2492a208496679ed6,https://files.eric.ed.gov/fulltext/EJ1062100.pdf,2026-10-04T21:55:01.051055+00:00,ed.gov,True,downloaded,200.0,https://files.eric.ed.gov/fulltext/EJ1062100.pdf,132652.0,success,16180,2266,pdf,application/pdf,,,,,,0.0,d7e2492a208496679ed6.txt,1049570e481f211d4c83d81c7ab861de14833464125cfb20a68c73c561261f2b
d80838d7354c1c72515a,https://finance.yahoo.com/news/establish-credit-adults-disabilities-203405315.html,2026-10-04T21:55:01.135722+00:00,yahoo.com,True,downloaded,200.0,https://finance.yahoo.com/news/establish-credit-adults-disabilities-203405315.html,1168884.0,success,2847,442,html,text/html; charset=utf-8,How to establish credit for adults with disabilities,Katie Kelton,2024-05-31,Yahoo! Finance,https://finance.yahoo.com/news/establish-credit-adults-disabilities-203405315.html,0.0,d80838d7354c1c72515a.txt,7bec7893212f9e90970f3e53a29456251325e5942cf4a0a53b16b971cc3750a4
d98d8b936e8385a75384,https://pewresearch.org/race-and-ethnicity/2009/10/07/latinos-and-education-explaining-the-attainment-gap,2026-10-04T21:55:03.763860+00:00,pewresearch.org,True,downloaded,200.0,https://www.pewresearch.org/race-and-ethnicity/2009/10/07/latinos-and-education-explaining-the-attainment-gap/,423009.0,success,12031,2063,html,text/html; charset=UTF-8,Latinos and Education: Explaining the Attainment Gap,Mark Hugo Lopez,2009-10-07,Pew Research Center,https://www.pewresearch.org/race-and-ethnicity/2009/10/07/latinos-and-education-explaining-the-attainment-gap/,0.0,d98d8b936e8385a75384.txt,1053cb8f0194aa063b32fdf36bcb2f5fa282a8b5cbf196a409f26b4d6fb41094
da13b4356d3b49637cac,https://rsfjournal.org/content/9/5/56,2026-10-04T21:55:04.778929+00:00,rsfjournal.org,False,hard_timeout,0.0,https://rsfjournal.org/content/9/5/56,,not_extracted,0,0,,,,,,,,28.0,,
db26cce90525dd87e7cc,https://powertofly.com/up/transgender-employee-benefits,2026-10-04T21:55:05.755849+00:00,powertofly.com,True,downloaded,200.0,https://powertofly.com/up/transgender-employee-benefits,941116.0,success,7077,1088,html,text/html; charset=utf-8,Trans-inclusive employee benefits: 27 questions to guide yours,PowerToFly,2023-11-15,PowerToFly,https://powertofly.com/up/transgender-employee-benefits,0.0,db26cce90525dd87e7cc.txt,b9bd5bcd346d0d235eaa9ce4fa5a108aab51823af4142bb72aab751da603c543
db9dd182925b686c2aff,https://edexcelencia.org/latino-college-completion,2026-10-04T21:55:06.644690+00:00,edexcelencia.org,True,downloaded,200.0,https://www.edexcelencia.org/latino-college-completion,1232841.0,success,3522,518,html,text/html; charset=UTF-8,Latino College Completion | Excelencia in Education,,2024-07-01,Excelencia Education,https://www.edexcelencia.org/latino-college-completion,0.0,db9dd182925b686c2aff.txt,bcdeb6ace249930d9671d6dc7664d4a69b7aeb085e32c0ef0705066d604444fe
dd0a00421a2176a3d797,https://pmc.ncbi.nlm.nih.gov/articles/PMC10139110,2026-10-04T21:55:07.865450+00:00,nih.gov,True,downloaded,200.0,https://pmc.ncbi.nlm.nih.gov/articles/PMC10139110/,343722.0,success,84721,11836,html,text/html; charset=utf-8,Neighborhood Physical and Social Environments and Social Inequalities in Health in Older Adolescents and Young Adults: A Scoping Review,Martine Shareck; Eliana Aubé; Stephanie Sersli,2023-04-11,International Journal of Environmental Research and Public Health,https://pmc.ncbi.nlm.nih.gov/articles/PMC10139110/,0.0,dd0a00421a2176a3d797.txt,a58fa8bcd6338e3e6e62fc32ee4e054cec4e6c3e9b81ce6eed3dcea15c88114e
dd59138ba4b63d7a8df1,https://journals.sagepub.com/doi/10.1177/00111287231226188,2026-10-04T21:55:08.169943+00:00,sagepub.com,False,http_error,403.0,https://journals.sagepub.com/doi/10.1177/00111287231226188,5740.0,not_extracted,0,0,,text/html; charset=UTF-8,,,,,,0.0,,
dde8264d06ce83d7ebf9,https://kff.org/health-costs/health-care-access-and-financial-barriers-among-lgbt-people-amidst-looming-health-care-cuts,2026-10-04T21:55:08.757419+00:00,kff.org,True,downloaded,200.0,https://www.kff.org/health-costs/health-care-access-and-financial-barriers-among-lgbt-people-amidst-looming-health-care-cuts/,133798.0,success,5281,844,html,text/html; charset=UTF-8,Health Care Access and Financial Barriers Among LGBT People Amidst Looming Health Care Cuts | KFF,Lindsey Dawson; Lunna Lopes,2025-07-17,"KFF - The independent source for health policy research, polling, and news",https://www.kff.org/health-costs/health-care-access-and-financial-barriers-among-lgbt-people-amidst-looming-health-care-cuts/,0.0,dde8264d06ce83d7ebf9.txt,f76f4cbb25400439cd038d2873302f3d7e08fada96688d7cd8179d62c217b543
de48ea8b562251e2fe94,https://salud-america.org/the-state-of-latino-housing-transportation-greenspace-research,2026-10-04T21:55:10.942725+00:00,salud-america.org,True,downloaded,200.0,https://salud-america.org/the-state-of-latino-housing-transportation-greenspace-research/,78593.0,success,8323,1185,html,text/html; charset=UTF-8,"The State of Latino Housing, Transportation, and Green Space",Amelie Ramirez,2019-05-14,Salud America!,https://salud-america.org/the-state-of-latino-housing-transportation-greenspace-research/,0.0,de48ea8b562251e2fe94.txt,df6918ca04a0b5fb6d3724fa3cdd0652d17643f423f11500d01378d44a5b9349
de878ec6e15882cf332e,https://archive-housingmatters.urban.org/articles/how-can-we-advance-latino-homeownership-and-housing-stability,2026-10-04T21:55:11.054429+00:00,urban.org,False,http_error,403.0,https://archive-housingmatters.urban.org/articles/how-can-we-advance-latino-homeownership-and-housing-stability,5953.0,not_extracted,0,0,,text/html; charset=UTF-8,,,,,,0.0,,
de8cfcf24ef311d16a5a,https://eab.com/resources/blog/student-success-blog/how-to-navigate-policy-challenges-and-show-support-for-your-trans-students,2026-10-04T21:55:11.222884+00:00,eab.com,True,downloaded,200.0,https://eab.com/resources/blog/student-success-blog/how-to-navigate-policy-challenges-and-show-support-for-your-trans-students/,326335.0,success,10867,1547,html,text/html; charset=UTF-8,Navigate and Support Transgender Students in Higher Ed | EAB,Alessandra Falconer,2026-03-30,EAB,https://eab.com/resources/blog/student-success-blog/how-to-navigate-policy-challenges-and-show-support-for-your-trans-students/,0.0,de8cfcf24ef311d16a5a.txt,70f3a297082064d3c8fce069b0f9c5140e2d84285e482f572544b1544326914e
dfb2ad437357781c8ab7,https://minneapolisfed.org/research/institute-working-papers/what-explains-the-growing-gender-education-gap-the-effects-of-parental-background-the-labor-market-and-the-marriage-market-on-college-attainment,2026-10-04T21:55:11.726420+00:00,minneapolisfed.org,True,downloaded,200.0,https://www.minneapolisfed.org/research/institute-working-papers/what-explains-the-growing-gender-education-gap-the-effects-of-parental-background-the-labor-market-and-the-marriage-market-on-college-attainment,83842.0,success,1769,273,html,text/html; charset=utf-8,"What Explains the Growing Gender Education Gap? The Effects of Parental Background, the Labor Market and the Marriage Market on College Attainment | Opportunity & Inclusive Growth Institute",,2023-12-19,minneapolisfed.org,https://www.minneapolisfed.org/research/institute-working-papers/what-explains-the-growing-gender-education-gap-the-effects-of-parental-background-the-labor-market-and-the-marriage-market-on-college-attainment,0.0,dfb2ad437357781c8ab7.txt,e026c230df2422a0a6f0e24c68070c236ad830b5588f8eb0dee7d4ffc3583585
dfee178f67f3886ca87b,https://experian.com/blogs/ask-experian/how-transgender-people-can-change-their-name-on-experian-credit-report,2026-10-04T21:55:13.683748+00:00,experian.com,True,downloaded,200.0,https://www.experian.com/blogs/ask-experian/how-transgender-people-can-change-their-name-on-experian-credit-report,219317.0,success,5620,935,html,text/html,How Trans People Can Change Their Name on Their Experian Credit Report,Emily Cahill,2022-01-27,Experian,https://www.experian.com/blogs/ask-experian/how-transgender-people-can-change-their-name-on-experian-credit-report/,0.0,dfee178f67f3886ca87b.txt,d0b4444b1b56a0dc4ff0eef9255a3693f1d80944f463a7a4af93a6769cc3886b
e0426390b9d579d11347,https://pmc.ncbi.nlm.nih.gov/articles/PMC10687291,2026-10-04T21:55:14.099983+00:00,nih.gov,True,downloaded,200.0,https://pmc.ncbi.nlm.nih.gov/articles/PMC10687291,21366.0,success,131,18,html,text/html; charset=utf-8,Checking your browser,,2026-09-11,google.com,https://www.google.com/recaptcha/challengepage,0.0,e0426390b9d579d11347.txt,febad3f3fe620c1fa70fbdc5b5d462a0bb66ad2faf9e39bbd8dd6eaad086906d
e1d7bdde0d1c4f4659e4,https://williamsinstitute.law.ucla.edu/wp-content/uploads/Trans-Higher-Ed-Apr-2022.pdf,2026-10-04T21:55:14.212705+00:00,ucla.edu,True,downloaded,200.0,https://williamsinstitute.law.ucla.edu/wp-content/uploads/Trans-Higher-Ed-Apr-2022.pdf,3117468.0,success,53842,7543,pdf,application/pdf,,,,,,0.0,e1d7bdde0d1c4f4659e4.txt,f4af933d7d087d241482e0fc9929b5ee51ce6447f5b28bd53a3d0f3cee36de61
e264a8a090679a45ee91,https://hss.edu/health-library/conditions-and-treatments/enhancing-clinical-skills-lgbtq-care-hospital-setting,2026-10-04T21:55:14.526443+00:00,hss.edu,True,downloaded,200.0,https://www.hss.edu/health-library/conditions-and-treatments/enhancing-clinical-skills-lgbtq-care-hospital-setting,70349.0,success,20467,3135,html,text/html; charset=utf-8,Enhancing Your Clinical Skills in Caring for LGBTQ Patients,Nathan Levitt; MSN; FNP-BC,2024-12-04,Hospital for Special Surgery,https://www.hss.edu/health-library/conditions-and-treatments/enhancing-clinical-skills-lgbtq-care-hospital-setting,0.0,e264a8a090679a45ee91.txt,f5e690399a534459f6ffff481d532e886b25af56dbe23651935522a81802b063
e30d3062e0bbbfdecd26,https://experian.com/blogs/ask-experian/women-and-credit,2026-10-04T21:55:15.816597+00:00,experian.com,True,downloaded,200.0,https://www.experian.com/blogs/ask-experian/women-and-credit,227533.0,success,10452,1724,html,text/html,"Women and Credit 2020: What the Past Looked Like, What the Future Holds - Experian",Brianna McGurran,2020-02-28,Experian,https://www.experian.com/blogs/ask-experian/women-and-credit/,0.0,e30d3062e0bbbfdecd26.txt,066e030d10e3ddb44854cf982a9df6c587867673bad04d37628e74f696bdbe39
e3413b2fe846867f4899,https://pmc.ncbi.nlm.nih.gov/articles/PMC11593969,2026-10-04T21:55:16.453725+00:00,nih.gov,True,downloaded,200.0,https://pmc.ncbi.nlm.nih.gov/articles/PMC11593969,21366.0,success,131,18,html,text/html; charset=utf-8,Checking your browser,,2026-09-11,google.com,https://www.google.com/recaptcha/challengepage,0.0,e3413b2fe846867f4899.txt,febad3f3fe620c1fa70fbdc5b5d462a0bb66ad2faf9e39bbd8dd6eaad086906d
e42758f38bd09510f6a8,https://clccrul.org/blog/why-credit-scores-have-a-race-problem,2026-10-04T21:55:16.678832+00:00,clccrul.org,True,downloaded,200.0,https://www.clccrul.org/blog/why-credit-scores-have-a-race-problem,398732.0,success,7554,1205,html,text/html;charset=utf-8,WHY CREDIT SCORES HAVE A RACE PROBLEM — Chicago Lawyers' Committee for Civil Rights,CLCCRUL,2019-06-18,Chicago Lawyers' Committee for Civil Rights,https://www.clccrul.org/blog/why-credit-scores-have-a-race-problem,0.0,e42758f38bd09510f6a8.txt,9eaefdef31c04e804b9c4506d2c45d40a64affa8869b87c01c250f9938ae670b
e456e4368ed46110dd50,https://innocenceproject.org/news/know-your-rights-disability-police-interrogation,2026-10-04T21:55:17.349211+00:00,innocenceproject.org,True,downloaded,200.0,https://innocenceproject.org/news/know-your-rights-disability-police-interrogation/,131656.0,success,4667,723,html,text/html; charset=UTF-8,Know Your Rights: What to Do if You Have a Disability and Are Questioned by Police - Innocence Project,Kim Davenpor,2023-08-09,Innocence Project,https://innocenceproject.org/news/know-your-rights-disability-police-interrogation/,0.0,e456e4368ed46110dd50.txt,07d1ffe9d2bcbc2096dcd247c21d113a903f0cb94aee69ba51db154d54fabb63
e48dbddb4595b8194e4f,https://habitatcltregion.org/blog/homeownership-in-latino-and-hispanic-communities,2026-10-04T21:55:18.506968+00:00,habitatcltregion.org,True,downloaded,200.0,https://www.habitatcltregion.org/blog/homeownership-in-latino-and-hispanic-communities,446049.0,success,6490,951,html,text/html; charset=utf-8,Homeownership in Latino and Hispanic Communities | Habitat Charlotte Region,,2025-08-13,Habitat for Humanity of the Charlotte Region,https://www.habitatcltregion.org/blog/homeownership-in-latino-and-hispanic-communities,0.0,e48dbddb4595b8194e4f.txt,52130bd4581e3b9c65fb1f77b0684a6c1c9d210b5881bbb4bbca50f4e8fea3ab
e55c1ef739b07c74ad84,https://wol.iza.org/articles/sexual-orientation-and-labor-market-outcomes/long,2026-10-04T21:55:19.597595+00:00,iza.org,False,robots_disallowed,,https://wol.iza.org/articles/sexual-orientation-and-labor-market-outcomes/long,,not_extracted,0,0,,,,,,,,,,
e564546afc98e4a71968,https://tandfonline.com/doi/full/10.1080/15348431.2022.2153847,2026-10-04T21:55:19.773989+00:00,tandfonline.com,False,http_error,403.0,https://tandfonline.com/doi/full/10.1080/15348431.2022.2153847,5783.0,not_extracted,0,0,,text/html; charset=UTF-8,,,,,,0.0,,
e5d3c951d63debf7d855,https://pointfoundation.org/hubfs/Research%20Reports/2111-Trans-Higher-Ed-FINAL.pdf,2026-10-04T21:55:19.797661+00:00,pointfoundation.org,True,downloaded,200.0,https://pointfoundation.org/hubfs/Research%20Reports/2111-Trans-Higher-Ed-FINAL.pdf,2976634.0,success,53649,7510,pdf,application/pdf,,,,,,0.0,e5d3c951d63debf7d855.txt,c6bac78c0d1207ce274e4764fd0e921bfcbeea8d832c87386fd37a133b3f5adb
e5f4b1585235b0af18ff,https://sciencedirect.com/science/article/pii/S0738399120300616,2026-10-04T21:55:22.820098+00:00,sciencedirect.com,False,http_error,403.0,https://www.sciencedirect.com/science/article/pii/S0738399120300616,1207871.0,not_extracted,0,0,,text/html; charset=UTF-8,,,,,,0.0,,
e6846b02a3975408ae8c,https://bjs.ojp.gov/library/publications/contacts-between-police-and-public-2022,2026-10-04T21:55:23.311736+00:00,ojp.gov,True,downloaded,200.0,https://bjs.ojp.gov/library/publications/contacts-between-police-and-public-2022,61655.0,success,777,130,html,text/html; charset=UTF-8,"Contacts Between Police and the Public, 2022",Author Susannah N Tapp; PhD; BJS Statistician; Elizabeth Davis,2024-10-04,Bureau of Justice Statistics,https://bjs.ojp.gov/library/publications/contacts-between-police-and-public-2022,0.0,e6846b02a3975408ae8c.txt,aaa8f7a2d8ca05568f8f3a6fb311600fadbbf90bda5fd7cf520450685c830d1d
e6ef8492433ff844aeac,https://harvardmagazine.com/2025/05/harvard-men-gender-gap-education-employment,2026-10-04T21:55:23.605148+00:00,harvardmagazine.com,False,http_error,403.0,https://harvardmagazine.com/2025/05/harvard-men-gender-gap-education-employment,5875.0,not_extracted,0,0,,text/html; charset=UTF-8,,,,,,0.0,,
e77d7b1d4280d6cac276,https://americanprogress.org/article/neglected-college-race-gap-racial-disparities-among-college-completers,2026-10-04T21:55:23.616738+00:00,americanprogress.org,False,http_error,403.0,https://www.americanprogress.org/article/neglected-college-race-gap-racial-disparities-among-college-completers,5905.0,not_extracted,0,0,,text/html; charset=UTF-8,,,,,,0.0,,
e7c1730c7776305fdac7,https://hrc.org/press-releases/transgender-workers-at-greater-risk-for-unemployment-and-poverty,2026-10-04T21:55:23.714168+00:00,hrc.org,True,downloaded,200.0,https://www.hrc.org/press-releases/transgender-workers-at-greater-risk-for-unemployment-and-poverty,107704.0,success,8545,1183,html,text/html; charset=UTF-8,REPORT: Transgender Workers at Greater Risk For Unemployment and…,,2013-09-06,REPORT: Transgender Workers at Greater Risk For Unemployment and Poverty,https://www.hrc.org/press-releases/transgender-workers-at-greater-risk-for-unemployment-and-poverty,0.0,e7c1730c7776305fdac7.txt,62fea1bd928b45f57b6735a25ae1eb97d11a1b1e7348a0a0b6f13a698d05f8de
e7f5f9ed8a6040ce4680,https://dol.gov/agencies/ebsa/about-ebsa/our-activities/resource-center/fact-sheets/women-and-job-based-health,2026-10-04T21:55:24.563790+00:00,dol.gov,False,http_error,403.0,https://dol.gov/agencies/ebsa/about-ebsa/our-activities/resource-center/fact-sheets/women-and-job-based-health,507.0,not_extracted,0,0,,text/html,,,,,,0.0,,
e8530c197fcd9d81b1b8,https://pmc.ncbi.nlm.nih.gov/articles/PMC8624572,2026-10-04T21:55:24.688987+00:00,nih.gov,True,downloaded,200.0,https://pmc.ncbi.nlm.nih.gov/articles/PMC8624572,21364.0,success,131,18,html,text/html; charset=utf-8,Checking your browser,,2026-09-11,google.com,https://www.google.com/recaptcha/challengepage,0.0,e8530c197fcd9d81b1b8.txt,febad3f3fe620c1fa70fbdc5b5d462a0bb66ad2faf9e39bbd8dd6eaad086906d
e8570d9aae5bbaeb7ab4,https://creditkarma.com/credit/i/what-affects-your-credit-scores,2026-10-04T21:55:25.830079+00:00,creditkarma.com,True,downloaded,200.0,https://creditkarma.com/Error_Credit_Karma.htm?referenceerror=18.47abd617.1791150931.ca0bbca8,102719.0,success,290,41,html,text/html,Error,,2007-01-01,creditkarma.com,https://creditkarma.com/Error_Credit_Karma.htm?referenceerror=18.47abd617.1791150931.ca0bbca8,0.0,e8570d9aae5bbaeb7ab4.txt,c1203374cb06ab400194d799cfdcade512f2daf42aaf40ee0323df53e9756164
e9123aab8fc77dc6fb16,https://pn3policy.org/blog/administrative-burden-blog,2026-10-04T21:55:25.913224+00:00,pn3policy.org,True,downloaded,200.0,https://pn3policy.org/blog/administrative-burden-blog,332540.0,success,7800,1153,html,text/html; charset=UTF-8,Administrative Burden: Everyone Pays when Eligible Families Can't Access Public Assistance - Prenatal-to-3 Policy Impact Center,PN,2023-07-17,Prenatal-to-3 Policy Impact Center,https://pn3policy.org/blog/administrative-burden-blog/,0.0,e9123aab8fc77dc6fb16.txt,4c82f8ee746ffae6641cc8d23aa343f2a6cec4238dcd5f797ded4344db58fef7
e98593ff158abb7d736f,https://prisonpolicy.org/blog/2019/05/14/policingwomen,2026-10-04T21:55:27.021975+00:00,prisonpolicy.org,True,downloaded,200.0,https://www.prisonpolicy.org/blog/2019/05/14/policingwomen/,80907.0,success,29389,4996,html,text/html; charset=UTF-8,"Policing Women: Race and gender disparities in police stops, searches, and use of force",Prison Policy Initiative,2019-05-14,PrisonPolicy,https://www.prisonpolicy.org/blog/2019/05/14/policingwomen/,0.0,e98593ff158abb7d736f.txt,cb8d247df73c3c075d64e85e9c9cf7d4e7bbf4ed1f190759627ed842429c3b2c
ea52beaf078048d418c9,https://pmc.ncbi.nlm.nih.gov/articles/PMC9996733,2026-10-04T21:55:27.304892+00:00,nih.gov,True,downloaded,200.0,https://pmc.ncbi.nlm.nih.gov/articles/PMC9996733,21365.0,success,131,18,html,text/html; charset=utf-8,Checking your browser,,2026-09-11,google.com,https://www.google.com/recaptcha/challengepage,0.0,ea52beaf078048d418c9.txt,febad3f3fe620c1fa70fbdc5b5d462a0bb66ad2faf9e39bbd8dd6eaad086906d
ea55fe5eba33ed7be539,https://har.com/ri/3260/how-to-assess-a-neighborhoods-livability,2026-10-04T21:55:27.934473+00:00,har.com,False,http_error,403.0,https://www.har.com/ri/3260/how-to-assess-a-neighborhoods-livability,4935.0,not_extracted,0,0,,text/html,,,,,,0.0,,
eb29811d3b0faf0a7fdc,https://transgenderlawcenter.org/resources/law-enforcement-interactions-rights-and-realities,2026-10-04T21:55:28.487934+00:00,transgenderlawcenter.org,True,downloaded,200.0,https://transgenderlawcenter.org/resources/law-enforcement-interactions-rights-and-realities/,182515.0,success,30126,4880,html,text/html; charset=UTF-8,Transgender people and law enforcement interactions: Rights and Realities - Transgender Law Center,,2026-09-08,Transgender Law Center,https://transgenderlawcenter.org/resources/law-enforcement-interactions-rights-and-realities/,0.0,eb29811d3b0faf0a7fdc.txt,0a08884491769e7ba11506d2eac85de156bd2244400612d900f8071b9c1445d2
ec7b44c925312f6e6a62,https://gao.gov/women-and-gender-public-policy,2026-10-04T21:55:29.000660+00:00,gao.gov,False,http_error,403.0,https://www.gao.gov/women-and-gender-public-policy,411.0,not_extracted,0,0,,text/html,,,,,,0.0,,
ec8c3df4431a0de31cc7,https://genesight.com/blog/barriers-at-every-turn-how-systemic-and-social-factors-block-men-from-mental-health-care,2026-10-04T21:55:30.524547+00:00,genesight.com,True,downloaded,200.0,https://genesight.com/blog/barriers-at-every-turn-how-systemic-and-social-factors-block-men-from-mental-health-care/,163050.0,success,6232,983,html,text/html; charset=UTF-8,Barriers at Every Turn: How Systemic and Social Factors Block Men from Mental Health Care | GeneSight,,2025-06-13,GeneSight,https://genesight.com/blog/barriers-at-every-turn-how-systemic-and-social-factors-block-men-from-mental-health-care/,0.0,ec8c3df4431a0de31cc7.txt,485ad38a32e2c1b7117dc6d320b67aee3812600a6974a0a6bbb362e1243dec61
ed24b348dd5d600518dd,https://pmc.ncbi.nlm.nih.gov/articles/PMC9707003,2026-10-04T21:55:31.133249+00:00,nih.gov,True,downloaded,200.0,https://pmc.ncbi.nlm.nih.gov/articles/PMC9707003,21363.0,success,131,18,html,text/html; charset=utf-8,Checking your browser,,2026-09-11,google.com,https://www.google.com/recaptcha/challengepage,0.0,ed24b348dd5d600518dd.txt,febad3f3fe620c1fa70fbdc5b5d462a0bb66ad2faf9e39bbd8dd6eaad086906d
ed3e25f8346a8dac4473,https://sivinandmiller.com/blog/2022/09/issues-disabled-people-deal-with-while-in-contact-with-the-police,2026-10-04T21:55:31.757297+00:00,sivinandmiller.com,False,http_error,403.0,https://sivinandmiller.com/blog/2022/09/issues-disabled-people-deal-with-while-in-contact-with-the-police,5856.0,not_extracted,0,0,,text/html; charset=UTF-8,,,,,,0.0,,
edd9f86947b698c1aa89,https://mdpi.com/2076-0760/14/6/379,2026-10-04T21:55:32.266771+00:00,mdpi.com,False,http_error,403.0,https://mdpi.com/2076-0760/14/6/379,390.0,not_extracted,0,0,,text/html,,,,,,0.0,,
ee881b80a2ffa0e2ade3,https://onlinelibrary.wiley.com/doi/10.1111/joca.12343,2026-10-04T21:55:32.349461+00:00,wiley.com,False,http_error,403.0,https://onlinelibrary.wiley.com/doi/10.1111/joca.12343,5765.0,not_extracted,0,0,,text/html; charset=UTF-8,,,,,,0.0,,
ee8dc1090bfacc0c06cc,https://bja.ojp.gov/sites/bja/files/media/document/Research_to_Improve_Law_Enforcement_Responses_to_Persons_with_Mental_Illnesses_and_Developmental_Disabilities.pdf,2026-10-04T21:55:32.619070+00:00,ojp.gov,True,downloaded,200.0,https://bja.ojp.gov/sites/bja/files/media/document/Research_to_Improve_Law_Enforcement_Responses_to_Persons_with_Mental_Illnesses_and_Developmental_Disabilities.pdf,994498.0,success,28854,4012,pdf,application/pdf,,,,,,0.0,ee8dc1090bfacc0c06cc.txt,0144d1beb52767645d3c2414756a188b3bfafe681c16b628b190c9ed1cec2d6e
effb42880663dfee6641,https://online.se.edu/programs/undergraduate/bba/fin/what-factors-determine-credit-score,2026-10-04T21:55:33.742546+00:00,se.edu,True,downloaded,200.0,https://online.se.edu/programs/undergraduate/bba/fin/what-factors-determine-credit-score/,271499.0,success,5050,780,html,text/html; charset=UTF-8,What Factors Determine Credit Score?,Jlasher,2023-04-11,Southeastern Oklahoma State University Online,https://online.se.edu/programs/undergraduate/bba/fin/what-factors-determine-credit-score/,0.0,effb42880663dfee6641.txt,f69bf79f7935736c461518d123f9f9ea8922a6e360037c9df486465437f635a4
f05c1df67512d6583f90,https://files.eric.ed.gov/fulltext/EJ970017.pdf,2026-10-04T21:55:34.394536+00:00,ed.gov,True,downloaded,200.0,https://files.eric.ed.gov/fulltext/EJ970017.pdf,238569.0,success,61672,8705,pdf,application/pdf,,,,,,0.0,f05c1df67512d6583f90.txt,40deca514f2a2e9adfa6b4559239191efaaf0625ee1af150b725c1bfb364f8b8
f0a17de66346b422c1d0,https://urban.org/research/publication/people-disabilities-living-us-face-urgent-barriers-housing,2026-10-04T21:55:35.151468+00:00,urban.org,False,http_error,403.0,https://www.urban.org/research/publication/people-disabilities-living-us-face-urgent-barriers-housing,5939.0,not_extracted,0,0,,text/html; charset=UTF-8,,,,,,0.0,,
f0b6434603a0a1878485,https://pmc.ncbi.nlm.nih.gov/articles/PMC10083933,2026-10-04T21:55:35.626212+00:00,nih.gov,True,downloaded,200.0,https://pmc.ncbi.nlm.nih.gov/articles/PMC10083933/,268142.0,success,75874,11274,html,text/html; charset=utf-8,"Person‐centred care in primary care: What works for whom, how and in what circumstances?",Anam Ahmed; Maria E T C van den Muijsenbergh; Hubertus J M Vrijhoef,2022-07-21,Health & Social Care in the Community,https://pmc.ncbi.nlm.nih.gov/articles/PMC10083933/,0.0,f0b6434603a0a1878485.txt,07d10b3b9cd771fea6688f3a0b527d90abceff74afa10014cae1df501fe183ce
f25f9ccac0917410e6e6,https://library.hbs.edu/working-knowledge/racial-inequality-in-work-environments,2026-10-04T21:55:35.660893+00:00,hbs.edu,True,downloaded,200.0,https://www.library.hbs.edu/working-knowledge/racial-inequality-in-work-environments,502250.0,success,6938,1075,html,text/html; charset=utf-8,"Black Employees Not Only Earn Less, But Deal with Bad Bosses and Poor Conditions | Working Knowledge",Michael Blanding,2023-08-08,Harvard Business School,https://www.library.hbs.edu/working-knowledge/racial-inequality-in-work-environments,0.0,f25f9ccac0917410e6e6.txt,208c99cc8e2e51afe3d713f57f524b8cfcd91c242c8b6d341a5e0e7e2b186744
f2746bc7bf36108ef0a2,https://enablingdevices.com/blog/five-strategies-for-raising-graduation-rates-for-students-with-disabilities?srsltid=AU7gw4WpPS2UJRjEOVBPGRJETZsPYygeP5cAalBPXQgDxJ2fbJhgGebA,2026-10-04T21:55:37.995593+00:00,enablingdevices.com,True,downloaded,200.0,https://enablingdevices.com/blog/five-strategies-for-raising-graduation-rates-for-students-with-disabilities/,216547.0,success,4357,658,html,text/html; charset=UTF-8,Five Strategies for Raising Graduation Rates for Students with Disabilities,Betty Bell,2017-05-23,Enabling Devices,https://enablingdevices.com/blog/five-strategies-for-raising-graduation-rates-for-students-with-disabilities/,0.0,f2746bc7bf36108ef0a2.txt,be5cc7254fd15ddf88c0644fa36c2cfdb502f31a05e22e12a346b4554a4642f3
f278dbe2d037145d724d,https://pmc.ncbi.nlm.nih.gov/articles/PMC7839502,2026-10-04T21:55:38.281511+00:00,nih.gov,True,downloaded,200.0,https://pmc.ncbi.nlm.nih.gov/articles/PMC7839502,21366.0,success,131,18,html,text/html; charset=utf-8,Checking your browser,,2026-09-11,google.com,https://www.google.com/recaptcha/challengepage,0.0,f278dbe2d037145d724d.txt,febad3f3fe620c1fa70fbdc5b5d462a0bb66ad2faf9e39bbd8dd6eaad086906d
f28df36e50d5639ed365,https://policechiefmagazine.org/interacting-with-individuals-who-have-intellectual-and-developmental-disabilities,2026-10-04T21:55:38.829303+00:00,policechiefmagazine.org,True,downloaded,200.0,https://policechiefmagazine.org/interacting-with-individuals-who-have-intellectual-and-developmental-disabilities,841.0,success,82,6,html,text/html,,,,policechiefmagazine.org,https://policechiefmagazine.org/interacting-with-individuals-who-have-intellectual-and-developmental-disabilities,0.0,f28df36e50d5639ed365.txt,c4e8b9affa4de9373ecdb7d7f30f982a53dba622df60cd8581a8cf359b055fb9
f45fcb9be9cd1bba1b7e,https://luminate.prospects.ac.uk/trans-and-non-binary-graduates-earn-significantly-less-than-peers,2026-10-04T21:55:38.847897+00:00,prospects.ac.uk,True,downloaded,200.0,https://luminate.prospects.ac.uk/trans-and-non-binary-graduates-earn-significantly-less-than-peers,32886.0,success,6377,986,html,text/html;charset=UTF-8,Trans and non-binary graduates earn 'significantly less' than peers,Josh Freeman,2026-01-01,Luminate,https://images.prismic.io/,0.0,f45fcb9be9cd1bba1b7e.txt,071682ae42a712f1a90721d72cd2d169564521d98445b39e9717c2730d6ea7ef
f4cfc6b9e75871b56192,https://pmc.ncbi.nlm.nih.gov/articles/PMC12893705,2026-10-04T21:55:39.122737+00:00,nih.gov,True,downloaded,200.0,https://pmc.ncbi.nlm.nih.gov/articles/PMC12893705,21365.0,success,131,18,html,text/html; charset=utf-8,Checking your browser,,2026-09-11,google.com,https://www.google.com/recaptcha/challengepage,0.0,f4cfc6b9e75871b56192.txt,febad3f3fe620c1fa70fbdc5b5d462a0bb66ad2faf9e39bbd8dd6eaad086906d
f4df515a364cfd92aa58,https://gradpartnership.org/resources/a-pathway-to-change,2026-10-04T21:55:39.418586+00:00,gradpartnership.org,True,downloaded,200.0,https://www.gradpartnership.org/resources/a-pathway-to-change/,272934.0,success,54916,7757,html,text/html; charset=UTF-8,A Pathway to Change: Building Student Success Systems to Support Students with Disabilities,,2023-11-27,The GRAD Partnership,https://www.gradpartnership.org/resources/a-pathway-to-change/,0.0,f4df515a364cfd92aa58.txt,b6d2a36aefcbeb3f10493afc47df94dc205e3fe43d6ea0e84b49fe92334ba9ec
f4ed77128ae6a6f08b44,https://epi.org/unequalpower/publications/understanding-black-white-disparities-in-labor-market-outcomes,2026-10-04T21:55:40.702524+00:00,epi.org,False,http_error,403.0,https://epi.org/unequalpower/publications/understanding-black-white-disparities-in-labor-market-outcomes,5863.0,not_extracted,0,0,,text/html; charset=UTF-8,,,,,,0.0,,
f53320465542eab2a445,https://healthriskgroupbenefits.ca/blogs/what-women-seek-in-their-employee-benefits-plan,2026-10-04T21:55:40.758445+00:00,healthriskgroupbenefits.ca,False,http_error,403.0,https://healthriskgroupbenefits.ca/blogs/what-women-seek-in-their-employee-benefits-plan,606.0,not_extracted,0,0,,text/html; charset=iso-8859-1,,,,,,0.0,,
f579581fec179cab84a6,https://journals.sagepub.com/doi/10.1007/s12114-015-9215-4,2026-10-04T21:55:41.495575+00:00,sagepub.com,False,http_error,403.0,https://journals.sagepub.com/doi/10.1007/s12114-015-9215-4,5762.0,not_extracted,0,0,,text/html; charset=UTF-8,,,,,,0.0,,
f620a90e2f1ffd2cd537,https://pmc.ncbi.nlm.nih.gov/articles/PMC9225786,2026-10-04T21:55:41.544200+00:00,nih.gov,True,downloaded,200.0,https://pmc.ncbi.nlm.nih.gov/articles/PMC9225786,21366.0,success,131,18,html,text/html; charset=utf-8,Checking your browser,,2026-09-11,google.com,https://www.google.com/recaptcha/challengepage,0.0,f620a90e2f1ffd2cd537.txt,febad3f3fe620c1fa70fbdc5b5d462a0bb66ad2faf9e39bbd8dd6eaad086906d
f66140be35eacdedb8fc,https://pschousing.org/trans-experiences-of-homelessness-disparities-discrimination-and-solutions,2026-10-04T21:55:42.120968+00:00,pschousing.org,False,http_error,403.0,https://pschousing.org/trans-experiences-of-homelessness-disparities-discrimination-and-solutions,52.0,not_extracted,0,0,,text/html,,,,,,0.0,,
f68fae81696e5183ceac,https://wcnc.com/article/life/holidays/black-history-month/investopedia-report-financial-disparities-credit-scores-black-hispanic-native-communities/275-4f317033-2a1d-459a-b38c-1e9e43860e1e,2026-10-04T21:55:42.278278+00:00,wcnc.com,False,http_error,403.0,https://www.wcnc.com/article/life/holidays/black-history-month/investopedia-report-financial-disparities-credit-scores-black-hispanic-native-communities/275-4f317033-2a1d-459a-b38c-1e9e43860e1e,620.0,not_extracted,0,0,,text/html,,,,,,0.0,,
f7576114b2d045f126a0,https://benefitwerks.com/blog/the-role-of-benefits-in-shaping-workplace-culture-key-factors-for-organizational-success,2026-10-04T21:55:42.342910+00:00,benefitwerks.com,False,http_error,403.0,https://benefitwerks.com/blog/the-role-of-benefits-in-shaping-workplace-culture-key-factors-for-organizational-success,52.0,not_extracted,0,0,,text/html,,,,,,0.0,,
f7efb5a43d7337fe5a2f,https://pmc.ncbi.nlm.nih.gov/articles/PMC9117574,2026-10-04T21:55:44.488708+00:00,nih.gov,True,downloaded,200.0,https://pmc.ncbi.nlm.nih.gov/articles/PMC9117574,21366.0,success,131,18,html,text/html; charset=utf-8,Checking your browser,,2026-09-11,google.com,https://www.google.com/recaptcha/challengepage,0.0,f7efb5a43d7337fe5a2f.txt,febad3f3fe620c1fa70fbdc5b5d462a0bb66ad2faf9e39bbd8dd6eaad086906d
f8b26819ab2201b319a0,https://williamsinstitute.law.ucla.edu/publications/lgbtq-colleges-grad-school,2026-10-04T21:55:44.764025+00:00,ucla.edu,True,downloaded,200.0,https://williamsinstitute.law.ucla.edu/publications/lgbtq-colleges-grad-school/,132785.0,success,2697,389,html,text/html; charset=UTF-8,Experiences of LGBTQ People in Four-Year Colleges and Graduate Programs,Loyal; Thisisloyal Com,2023-02-17,The Williams Institute at UCLA School of Law,https://williamsinstitute.law.ucla.edu/publications/lgbtq-colleges-grad-school/,0.0,f8b26819ab2201b319a0.txt,664ae848fe15cb4b2457601fd5aee4623d1bb0526230de763a25a70c2e237334
f8da42d42df89f65688b,https://americanbar.org/groups/diversity/sexual_orientation/publications/equalizer/2019-july/impact-of-incarceration-and-policing-in-our-community,2026-10-04T21:55:46.283091+00:00,americanbar.org,False,http_error,403.0,https://americanbar.org/groups/diversity/sexual_orientation/publications/equalizer/2019-july/impact-of-incarceration-and-policing-in-our-community,6092.0,not_extracted,0,0,,text/html; charset=UTF-8,,,,,,0.0,,
f9ad7d774657e4e7fe1a,https://informedpoliceresponses.com/post/policing-and-people-with-developmental-disabilities-emerging-issues-in-the-field,2026-10-04T21:55:46.860340+00:00,informedpoliceresponses.com,False,http_error,404.0,https://informedpoliceresponses.com/post/policing-and-people-with-developmental-disabilities-emerging-issues-in-the-field,2517.0,not_extracted,0,0,,text/html; charset=utf-8,,,,,,0.0,,
f9b099ca065758ff405f,https://eric.ed.gov/?id=ED563218,2026-10-04T21:55:47.281764+00:00,ed.gov,False,curl_error,0.0,https://eric.ed.gov/?id=ED563218,,not_extracted,0,0,,,,,,,,56.0,,
f9d94dfc0ad221ae6453,https://pmc.ncbi.nlm.nih.gov/articles/PMC12533431,2026-10-04T21:55:47.712619+00:00,nih.gov,True,downloaded,200.0,https://pmc.ncbi.nlm.nih.gov/articles/PMC12533431/,169092.0,success,48347,6989,html,text/html; charset=utf-8,Latinas’ perception of law enforcement who respond to intimate partner violence calls: a qualitative inquiry,Sharon Gandarilla-Javier; Dasha J Rhodes; Kelsey Greenfield,2025-10-16,Health & Justice,https://pmc.ncbi.nlm.nih.gov/articles/PMC12533431/,0.0,f9d94dfc0ad221ae6453.txt,13053404efed8804e815b191338f81303e296564da5850d58a385f3e090b432a
fb0617e01923c88a78ee,https://pmc.ncbi.nlm.nih.gov/articles/PMC5342894,2026-10-04T21:55:48.296877+00:00,nih.gov,True,downloaded,200.0,https://pmc.ncbi.nlm.nih.gov/articles/PMC5342894/,222812.0,success,73743,11058,html,text/html; charset=utf-8,The “Gray Zone” of Police Work During Mental Health Encounters: Findings from an Observational Study in Chicago,Jennifer D Wood; Amy C Watson; Anjali J Fulambarker,2016-07-13,Police quarterly,https://pmc.ncbi.nlm.nih.gov/articles/PMC5342894/,0.0,fb0617e01923c88a78ee.txt,168605bf875de800e1b998b36b7e605c22d0a528f54a653ab7336435e735e372
fb309fddcaf6ca621aac,https://vantagescore.com/consumers/blog/credit-scoring-101-factors-that-affect-your-vantagescore-credit-score,2026-10-04T21:55:49.009247+00:00,vantagescore.com,False,http_error,403.0,https://vantagescore.com/consumers/blog/credit-scoring-101-factors-that-affect-your-vantagescore-credit-score,8286.0,not_extracted,0,0,,text/html,,,,,,0.0,,
fb4c83ec92bc3a9c2bbf,https://onlinelibrary.wiley.com/doi/full/10.1111/1467-8500.12683,2026-10-04T21:55:49.118831+00:00,wiley.com,False,http_error,403.0,https://onlinelibrary.wiley.com/doi/full/10.1111/1467-8500.12683,5817.0,not_extracted,0,0,,text/html; charset=UTF-8,,,,,,0.0,,
fb9404002e64cef4aac3,https://washingtonblade.com/2024/07/14/lgbtq-friendly-neighborhoods,2026-10-04T21:55:49.683212+00:00,washingtonblade.com,True,downloaded,200.0,https://www.washingtonblade.com/2024/07/14/lgbtq-friendly-neighborhoods/,433694.0,success,5707,834,html,text/html; charset=UTF-8,Exploring LGBTQ-friendly neighborhoods across the U.S.,Jeff Hammerberg,2024-07-14,"Washington Blade: LGBTQ News, Politics, LGBTQ Rights, Gay News",https://www.washingtonblade.com/2024/07/14/lgbtq-friendly-neighborhoods/,0.0,fb9404002e64cef4aac3.txt,a734943e9d70db2ffe8638ee26ae56a49f4b71b7378c04607a756ec6be3f54d8
fb9a4b492103aacef8be,https://luminafoundation.org/news-and-views/report-adults-black-students-completing-college-at-higher-rates-than-ever-before,2026-10-04T21:55:49.830354+00:00,luminafoundation.org,True,downloaded,200.0,https://www.luminafoundation.org/news-and-views/report-adults-black-students-completing-college-at-higher-rates-than-ever-before/,136465.0,success,4272,629,html,text/html; charset=UTF-8,"Adults, Black students completing college at higher rates than ever before",Matthew,2022-02-04,Lumina Foundation,https://www.luminafoundation.org/news-and-views/report-adults-black-students-completing-college-at-higher-rates-than-ever-before/,0.0,fb9a4b492103aacef8be.txt,a912805949f813613683b9e95aab616d1030fd6df6f8c0cd47f08c0a77904723
fc6975c24881e7ce6f88,https://tandfonline.com/doi/full/10.1080/08882746.2022.2065614,2026-10-04T21:55:51.358658+00:00,tandfonline.com,False,http_error,403.0,https://tandfonline.com/doi/full/10.1080/08882746.2022.2065614,5783.0,not_extracted,0,0,,text/html; charset=UTF-8,,,,,,0.0,,
fc8c9247d7358519d94c,https://debtekawa.com/administrative-burden-the-womans-work,2026-10-04T21:55:51.435247+00:00,debtekawa.com,True,downloaded,200.0,https://debtekawa.com/administrative-burden-the-womans-work/,64030.0,success,11188,1757,html,text/html; charset=UTF-8,Administrative Burden: The Woman’s Work - DTK & Associates,Debtekawa,2026-10-04,"DTK & Associates - Where governance, trust, and delivery meet.",https://debtekawa.com/administrative-burden-the-womans-work/,0.0,fc8c9247d7358519d94c.txt,5c386b25a8af603fe52131b6dce7d5cfea01f8dd1989f93d3ec0da511843d2cb
fd512a3bbc49de1f7275,https://econofact.org/racial-differences-in-unemployment-insurance,2026-10-04T21:55:51.435630+00:00,econofact.org,True,downloaded,200.0,https://econofact.org/racial-differences-in-unemployment-insurance,70833.0,success,10447,1631,html,text/html; charset=UTF-8,Racial Differences in Unemployment Insurance | Econofact,Elizabeth O Ananat,2023-04-11,Econofact | Key facts and incisive analysis to the national debate on economic and social policies.,https://econofact.org/racial-differences-in-unemployment-insurance,0.0,fd512a3bbc49de1f7275.txt,7c1be126df9ddfd281fafba5d4fdb29c16b0e35d22ac042e22769a1cbd9b8b65
fd6d6becf8e3809061b8,https://researchgate.net/publication/363533394_Gender_police-community_contacts_and_situational_outcomes,2026-10-04T21:55:52.164697+00:00,researchgate.net,False,http_error,403.0,https://www.researchgate.net/publication/363533394_Gender_police-community_contacts_and_situational_outcomes,21137.0,not_extracted,0,0,,text/html; charset=UTF-8,,,,,,0.0,,
fe3d40055d46d7ff16d5,https://digitalcommons.unomaha.edu/context/criminaljusticefacpub/article/1155/viewcontent/The_Effects_of_Police_Contact_and_Neighborhood_Context_on_Delinquency_and_Violence.pdf,2026-10-04T21:55:52.345590+00:00,unomaha.edu,False,http_error,403.0,https://digitalcommons.unomaha.edu/cgi/viewcontent.cgi?params=/context/criminaljusticefacpub/article/1155/&path_info=The_Effects_of_Police_Contact_and_Neighborhood_Context_on_Delinquency_and_Violence.pdf,6335.0,not_extracted,0,0,,text/html; charset=UTF-8,,,,,,0.0,,
fe66132a33d0fba751be,https://givingcompass.org/article/policing-data-reveals-race-and-gender-disparities,2026-10-04T21:55:55.241963+00:00,givingcompass.org,True,downloaded,200.0,https://givingcompass.org/article/policing-data-reveals-race-and-gender-disparities,110519.0,success,3783,602,html,text/html; charset=UTF-8,Policing Data Reveals Race and Gender Disparities,Authors,2020-09-30,Giving Compass,https://givingcompass.org/article/policing-data-reveals-race-and-gender-disparities,0.0,fe66132a33d0fba751be.txt,bc720c8610c2f5a4b6acec70cf338841f3d3b44738a20c129520802974133653
fe7a28e1ae0c74afa59b,https://rsfjournal.org/content/9/5/1,2026-10-04T21:55:56.908424+00:00,rsfjournal.org,False,curl_error,0.0,https://rsfjournal.org/content/9/5/1,,not_extracted,0,0,,,,,,,,6.0,,
feb06b5b3af678db90a6,https://asanet.org/for-press/press-releases/what-role-does-sexuality-play-in-the-academic-gender-gap,2026-10-04T21:55:57.527559+00:00,asanet.org,False,http_error,403.0,https://asanet.org/for-press/press-releases/what-role-does-sexuality-play-in-the-academic-gender-gap,5878.0,not_extracted,0,0,,text/html; charset=UTF-8,,,,,,0.0,,
feba128cea568461c9c5,https://pmc.ncbi.nlm.nih.gov/articles/PMC5724704,2026-10-04T21:55:57.778716+00:00,nih.gov,True,downloaded,200.0,https://pmc.ncbi.nlm.nih.gov/articles/PMC5724704/,189459.0,success,51575,7682,html,text/html; charset=utf-8,Barriers and facilitators to the implementation of person‐centred care in different healthcare contexts,Lucy Moore; Nicky Britten; Doris Lydahl; Öncel Naldemirci; Mark Elam; Axel Wolf,2016-11-08,Scandinavian Journal of Caring Sciences,https://pmc.ncbi.nlm.nih.gov/articles/PMC5724704/,0.0,feba128cea568461c9c5.txt,9c4a6f65dc50e6a1c85a62d88b98b19199aa323c09bdcbcebff9019009279d71
ffc995d1bb8c677952c9,https://hispanicresearchcenter.org/research-resources/national-profile-of-latino-parents-education-attainment-underscores-the-diverse-educational-needs-of-a-fast-growing-population?print=print,2026-10-04T21:55:59.620414+00:00,hispanicresearchcenter.org,True,downloaded,200.0,https://www.hispanicresearchcenter.org/research-resources/national-profile-of-latino-parents-education-attainment-underscores-the-diverse-educational-needs-of-a-fast-growing-population?print=print,219188.0,success,50041,7471,html,text/html; charset=UTF-8,National Profile of Latino Parents’ Educational Attainment Underscores the Diverse Educational Needs of a Fast-growing Population,Author,2023-11-08,hispanicresearchcenter.org,https://www.hispanicresearchcenter.org/research-resources/national-profile-of-latino-parents-education-attainment-underscores-the-diverse-educational-needs-of-a-fast-growing-population?print=print,0.0,ffc995d1bb8c677952c9.txt,b4189080fe9c7e0442a07846c78ef198f136934af10645afd59222f92d9d90a5
