source_id,raw_url,normalized_url,source_order,file,query,group,condition,dimension,domain,outcome,query_id
a2f0ade383c82c4d7b2e,https://nationalfairhousing.org/wp-content/uploads/2017/04/NFHA-credit-scoring-paper-for-Suffolk-NCLC-symposium-submitted-to-Suffolk-Law.pdf,https://nationalfairhousing.org/wp-content/uploads/2017/04/NFHA-credit-scoring-paper-for-Suffolk-NCLC-symposium-submitted-to-Suffolk-Law.pdf,1,black_people/credit_and_financial_services__credit_score.txt,What factors influence credit score for Black people in credit & financial services?,Black people,minority,Race,Credit & Financial Services,Credit score,black_people__credit_and_financial_services__credit_score
9ebbff37fe07a5b14a24,https://money.usnews.com/credit-cards/articles/how-race-affects-your-credit-score,https://money.usnews.com/credit-cards/articles/how-race-affects-your-credit-score,2,black_people/credit_and_financial_services__credit_score.txt,What factors influence credit score for Black people in credit & financial services?,Black people,minority,Race,Credit & Financial Services,Credit score,black_people__credit_and_financial_services__credit_score
7db7f063d6eb3c15307e,https://www.nclc.org/wp-content/uploads/2016/05/20240227_Issue-Brief_Past-Imperfect.pdf,https://nclc.org/wp-content/uploads/2016/05/20240227_Issue-Brief_Past-Imperfect.pdf,3,black_people/credit_and_financial_services__credit_score.txt,What factors influence credit score for Black people in credit & financial services?,Black people,minority,Race,Credit & Financial Services,Credit score,black_people__credit_and_financial_services__credit_score
669391f18662c52dc0ff,https://www.urban.org/urban-wire/young-adults-credit-trajectories-vary-widely-race-and-ethnicity,https://urban.org/urban-wire/young-adults-credit-trajectories-vary-widely-race-and-ethnicity,4,black_people/credit_and_financial_services__credit_score.txt,What factors influence credit score for Black people in credit & financial services?,Black people,minority,Race,Credit & Financial Services,Credit score,black_people__credit_and_financial_services__credit_score
e42758f38bd09510f6a8,https://www.clccrul.org/blog/why-credit-scores-have-a-race-problem,https://clccrul.org/blog/why-credit-scores-have-a-race-problem,5,black_people/credit_and_financial_services__credit_score.txt,What factors influence credit score for Black people in credit & financial services?,Black people,minority,Race,Credit & Financial Services,Credit score,black_people__credit_and_financial_services__credit_score
8fba4531d390121cdb99,https://www.nelp.org/credit-scores-are-supposed-to-be-race-neutral-thats-impossible/,https://nelp.org/credit-scores-are-supposed-to-be-race-neutral-thats-impossible,6,black_people/credit_and_financial_services__credit_score.txt,What factors influence credit score for Black people in credit & financial services?,Black people,minority,Race,Credit & Financial Services,Credit score,black_people__credit_and_financial_services__credit_score
96437a65a313b21480cf,https://www.investopedia.com/average-credit-scores-by-race-5214521,https://investopedia.com/average-credit-scores-by-race-5214521,7,black_people/credit_and_financial_services__credit_score.txt,What factors influence credit score for Black people in credit & financial services?,Black people,minority,Race,Credit & Financial Services,Credit score,black_people__credit_and_financial_services__credit_score
4cb66278eb838b17b425,https://www.sentencingproject.org/reports/one-in-five-disparities-in-crime-and-policing/,https://sentencingproject.org/reports/one-in-five-disparities-in-crime-and-policing,1,black_people/criminal_justice__police_initiated_contact.txt,What factors influence police-initiated contact for Black people in criminal justice?,Black people,minority,Race,Criminal Justice,Police-initiated contact,black_people__criminal_justice__police_initiated_contact
b022456affb70a8a603c,https://www.sentencingproject.org/press-releases/new-report-on-racial-disparities-in-policing-and-crime-from-the-sentencing-project/,https://sentencingproject.org/press-releases/new-report-on-racial-disparities-in-policing-and-crime-from-the-sentencing-project,2,black_people/criminal_justice__police_initiated_contact.txt,What factors influence police-initiated contact for Black people in criminal justice?,Black people,minority,Race,Criminal Justice,Police-initiated contact,black_people__criminal_justice__police_initiated_contact
5cf25f9c4cc358ea731b,https://pmc.ncbi.nlm.nih.gov/articles/PMC3868476/,https://pmc.ncbi.nlm.nih.gov/articles/PMC3868476,3,black_people/criminal_justice__police_initiated_contact.txt,What factors influence police-initiated contact for Black people in criminal justice?,Black people,minority,Race,Criminal Justice,Police-initiated contact,black_people__criminal_justice__police_initiated_contact
bee014e59384dbab3865,https://www.advancingpretrial.org/story/racism-policing-and-the-criminal-justice-system/,https://advancingpretrial.org/story/racism-policing-and-the-criminal-justice-system,4,black_people/criminal_justice__police_initiated_contact.txt,What factors influence police-initiated contact for Black people in criminal justice?,Black people,minority,Race,Criminal Justice,Police-initiated contact,black_people__criminal_justice__police_initiated_contact
9beebc955155a8d08595,https://pmc.ncbi.nlm.nih.gov/articles/PMC2826704/,https://pmc.ncbi.nlm.nih.gov/articles/PMC2826704,5,black_people/criminal_justice__police_initiated_contact.txt,What factors influence police-initiated contact for Black people in criminal justice?,Black people,minority,Race,Criminal Justice,Police-initiated contact,black_people__criminal_justice__police_initiated_contact
a995639359a46e02c0aa,https://pmc.ncbi.nlm.nih.gov/articles/PMC10937607/,https://pmc.ncbi.nlm.nih.gov/articles/PMC10937607,6,black_people/criminal_justice__police_initiated_contact.txt,What factors influence police-initiated contact for Black people in criminal justice?,Black people,minority,Race,Criminal Justice,Police-initiated contact,black_people__criminal_justice__police_initiated_contact
6942a0dd184d3fcee471,https://www.equityinhighered.org/resources/ideas-and-insights/segregation-in-higher-education-and-unequal-paths-to-college-completion-implications-for-policy-and-research/,https://equityinhighered.org/resources/ideas-and-insights/segregation-in-higher-education-and-unequal-paths-to-college-completion-implications-for-policy-and-research,1,black_people/education__completion_graduation.txt,What factors influence completion/graduation for Black people in education?,Black people,minority,Race,Education,Completion/graduation,black_people__education__completion_graduation
a043972201f57372cc9f,https://southerneducation.org/wp-content/uploads/final-miles-to-go-report-2024_r15-1.pdf,https://southerneducation.org/wp-content/uploads/final-miles-to-go-report-2024_r15-1.pdf,2,black_people/education__completion_graduation.txt,What factors influence completion/graduation for Black people in education?,Black people,minority,Race,Education,Completion/graduation,black_people__education__completion_graduation
c0e93a457b5e58b3fe32,https://home.treasury.gov/news/featured-stories/post-5-racial-differences-in-educational-experiences-and-attainment,https://home.treasury.gov/news/featured-stories/post-5-racial-differences-in-educational-experiences-and-attainment,3,black_people/education__completion_graduation.txt,What factors influence completion/graduation for Black people in education?,Black people,minority,Race,Education,Completion/graduation,black_people__education__completion_graduation
11c50bdab6b589915466,https://www.houstonpublicmedia.org/articles/news/2017/04/12/195889/how-factors-before-college-impact-success-for-students-of-color/,https://houstonpublicmedia.org/articles/news/2017/04/12/195889/how-factors-before-college-impact-success-for-students-of-color,4,black_people/education__completion_graduation.txt,What factors influence completion/graduation for Black people in education?,Black people,minority,Race,Education,Completion/graduation,black_people__education__completion_graduation
38181c12f87ae1c248dc,https://pmc.ncbi.nlm.nih.gov/articles/PMC11793917/,https://pmc.ncbi.nlm.nih.gov/articles/PMC11793917,5,black_people/education__completion_graduation.txt,What factors influence completion/graduation for Black people in education?,Black people,minority,Race,Education,Completion/graduation,black_people__education__completion_graduation
d7e2492a208496679ed6,https://files.eric.ed.gov/fulltext/EJ1062100.pdf,https://files.eric.ed.gov/fulltext/EJ1062100.pdf,6,black_people/education__completion_graduation.txt,What factors influence completion/graduation for Black people in education?,Black people,minority,Race,Education,Completion/graduation,black_people__education__completion_graduation
32ef3a197b576acb533f,https://www.ebsco.com/research-starters/ethnic-and-cultural-studies/impact-race-and-ethnicity-high-school-graduation/,https://ebsco.com/research-starters/ethnic-and-cultural-studies/impact-race-and-ethnicity-high-school-graduation,7,black_people/education__completion_graduation.txt,What factors influence completion/graduation for Black people in education?,Black people,minority,Race,Education,Completion/graduation,black_people__education__completion_graduation
7cd7c81d17bd3b8d078f,https://feed.georgetown.edu/access-affordability/discrimination-additional-stressors-create-barriers-to-graduation-for-black-students-study-finds/,https://feed.georgetown.edu/access-affordability/discrimination-additional-stressors-create-barriers-to-graduation-for-black-students-study-finds,8,black_people/education__completion_graduation.txt,What factors influence completion/graduation for Black people in education?,Black people,minority,Race,Education,Completion/graduation,black_people__education__completion_graduation
e77d7b1d4280d6cac276,https://www.americanprogress.org/article/neglected-college-race-gap-racial-disparities-among-college-completers/,https://americanprogress.org/article/neglected-college-race-gap-racial-disparities-among-college-completers,9,black_people/education__completion_graduation.txt,What factors influence completion/graduation for Black people in education?,Black people,minority,Race,Education,Completion/graduation,black_people__education__completion_graduation
fb9a4b492103aacef8be,https://www.luminafoundation.org/news-and-views/report-adults-black-students-completing-college-at-higher-rates-than-ever-before/,https://luminafoundation.org/news-and-views/report-adults-black-students-completing-college-at-higher-rates-than-ever-before,10,black_people/education__completion_graduation.txt,What factors influence completion/graduation for Black people in education?,Black people,minority,Race,Education,Completion/graduation,black_people__education__completion_graduation
16129930a6a70acfc08a,https://digitalcommons.nl.edu/cgi/viewcontent.cgi?article=1635&context=diss,https://digitalcommons.nl.edu/cgi/viewcontent.cgi?article=1635&context=diss,11,black_people/education__completion_graduation.txt,What factors influence completion/graduation for Black people in education?,Black people,minority,Race,Education,Completion/graduation,black_people__education__completion_graduation
8275cd95a7d4384ff509,https://www.nelp.org/insights-research/desegregating-opportunity-why-uprooting-occupational-segregation-is-critical-to-building-a-good-jobs-economy/,https://nelp.org/insights-research/desegregating-opportunity-why-uprooting-occupational-segregation-is-critical-to-building-a-good-jobs-economy,1,black_people/employment__employment_benefits.txt,What factors influence employment benefits for Black people in employment?,Black people,minority,Race,Employment,Employment benefits,black_people__employment__employment_benefits
31170aed7eff219c8a63,https://www.mercer.com/en-us/insights/talent-and-transformation/diversity-equity-and-inclusion/how-employee-benefits-and-dei-initiatives-affect-black-employees/,https://mercer.com/en-us/insights/talent-and-transformation/diversity-equity-and-inclusion/how-employee-benefits-and-dei-initiatives-affect-black-employees,2,black_people/employment__employment_benefits.txt,What factors influence employment benefits for Black people in employment?,Black people,minority,Race,Employment,Employment benefits,black_people__employment__employment_benefits
b934157df7b8d5def47c,https://www.epi.org/publication/racial-representation-prof-occ/,https://epi.org/publication/racial-representation-prof-occ,3,black_people/employment__employment_benefits.txt,What factors influence employment benefits for Black people in employment?,Black people,minority,Race,Employment,Employment benefits,black_people__employment__employment_benefits
f4ed77128ae6a6f08b44,https://www.epi.org/unequalpower/publications/understanding-black-white-disparities-in-labor-market-outcomes/,https://epi.org/unequalpower/publications/understanding-black-white-disparities-in-labor-market-outcomes,4,black_people/employment__employment_benefits.txt,What factors influence employment benefits for Black people in employment?,Black people,minority,Race,Employment,Employment benefits,black_people__employment__employment_benefits
7ec6fee697b4956da75b,https://www.americanprogress.org/article/public-work-provides-economic-security-black-families-communities/,https://americanprogress.org/article/public-work-provides-economic-security-black-families-communities,5,black_people/employment__employment_benefits.txt,What factors influence employment benefits for Black people in employment?,Black people,minority,Race,Employment,Employment benefits,black_people__employment__employment_benefits
7b5cde8fca663e2c5c6f,https://www.ebsco.com/research-starters/politics-and-government/employment-among-african-americans/,https://ebsco.com/research-starters/politics-and-government/employment-among-african-americans,6,black_people/employment__employment_benefits.txt,What factors influence employment benefits for Black people in employment?,Black people,minority,Race,Employment,Employment benefits,black_people__employment__employment_benefits
5d58eaa20b752af87660,https://extensishr.com/resource/blogs/support-black-health-and-wellness-workplace/,https://extensishr.com/resource/blogs/support-black-health-and-wellness-workplace,7,black_people/employment__employment_benefits.txt,What factors influence employment benefits for Black people in employment?,Black people,minority,Race,Employment,Employment benefits,black_people__employment__employment_benefits
f25f9ccac0917410e6e6,https://www.library.hbs.edu/working-knowledge/racial-inequality-in-work-environments,https://library.hbs.edu/working-knowledge/racial-inequality-in-work-environments,8,black_people/employment__employment_benefits.txt,What factors influence employment benefits for Black people in employment?,Black people,minority,Race,Employment,Employment benefits,black_people__employment__employment_benefits
886609664ef2d420eb84,https://www.cbcfinc.org/capstones/economic-opportunity/a-net-with-gapping-holes-unemployment-insurance-and-racial-inequality/,https://cbcfinc.org/capstones/economic-opportunity/a-net-with-gapping-holes-unemployment-insurance-and-racial-inequality,9,black_people/employment__employment_benefits.txt,What factors influence employment benefits for Black people in employment?,Black people,minority,Race,Employment,Employment benefits,black_people__employment__employment_benefits
fd512a3bbc49de1f7275,https://econofact.org/racial-differences-in-unemployment-insurance,https://econofact.org/racial-differences-in-unemployment-insurance,10,black_people/employment__employment_benefits.txt,What factors influence employment benefits for Black people in employment?,Black people,minority,Race,Employment,Employment benefits,black_people__employment__employment_benefits
69cc18b5fd2605cce8b5,https://www.urban.org/research/publication/labor-market-policies-racial-equity,https://urban.org/research/publication/labor-market-policies-racial-equity,11,black_people/employment__employment_benefits.txt,What factors influence employment benefits for Black people in employment?,Black people,minority,Race,Employment,Employment benefits,black_people__employment__employment_benefits
07f365dab35a937791bf,https://digitalgovernmenthub.org/library/racial-and-ethnic-differences-in-experiencing-administrative-burdens-in-public-benefit-programs/,https://digitalgovernmenthub.org/library/racial-and-ethnic-differences-in-experiencing-administrative-burdens-in-public-benefit-programs,1,black_people/government_benefits__administrative_burden.txt,What factors influence administrative burden for Black people in government benefits?,Black people,minority,Race,Government Benefits,Administrative burden,black_people__government_benefits__administrative_burden
4c5f490c59224319a9fb,https://academic.oup.com/jpart/article/33/1/139/6517284,https://academic.oup.com/jpart/article/33/1/139/6517284,2,black_people/government_benefits__administrative_burden.txt,What factors influence administrative burden for Black people in government benefits?,Black people,minority,Race,Government Benefits,Administrative burden,black_people__government_benefits__administrative_burden
5f250bd6cecd12f45831,https://www.americanprogress.org/article/how-to-address-the-administrative-burdens-of-accessing-the-safety-net/,https://americanprogress.org/article/how-to-address-the-administrative-burdens-of-accessing-the-safety-net,3,black_people/government_benefits__administrative_burden.txt,What factors influence administrative burden for Black people in government benefits?,Black people,minority,Race,Government Benefits,Administrative burden,black_people__government_benefits__administrative_burden
a440ac1996fbeabd926c,https://openscholarship.wustl.edu/cgi/viewcontent.cgi?article=1978&context=csd_research,https://openscholarship.wustl.edu/cgi/viewcontent.cgi?article=1978&context=csd_research,4,black_people/government_benefits__administrative_burden.txt,What factors influence administrative burden for Black people in government benefits?,Black people,minority,Race,Government Benefits,Administrative burden,black_people__government_benefits__administrative_burden
da13b4356d3b49637cac,https://www.rsfjournal.org/content/9/5/56,https://rsfjournal.org/content/9/5/56,5,black_people/government_benefits__administrative_burden.txt,What factors influence administrative burden for Black people in government benefits?,Black people,minority,Race,Government Benefits,Administrative burden,black_people__government_benefits__administrative_burden
4c246808520162ede2ac,https://www.healthaffairs.org/doi/10.1377/hlthaff.2023.01042,https://healthaffairs.org/doi/10.1377/hlthaff.2023.01042,6,black_people/government_benefits__administrative_burden.txt,What factors influence administrative burden for Black people in government benefits?,Black people,minority,Race,Government Benefits,Administrative burden,black_people__government_benefits__administrative_burden
ac3eeb580aa80a940d14,https://www.cbpp.org/research/health/states-can-reduce-medicaids-administrative-burdens-to-advance-health-and-racial,https://cbpp.org/research/health/states-can-reduce-medicaids-administrative-burdens-to-advance-health-and-racial,7,black_people/government_benefits__administrative_burden.txt,What factors influence administrative burden for Black people in government benefits?,Black people,minority,Race,Government Benefits,Administrative burden,black_people__government_benefits__administrative_burden
744754cb88daf388ba86,https://academic.oup.com/jpart/article/34/3/432/7602581,https://academic.oup.com/jpart/article/34/3/432/7602581,8,black_people/government_benefits__administrative_burden.txt,What factors influence administrative burden for Black people in government benefits?,Black people,minority,Race,Government Benefits,Administrative burden,black_people__government_benefits__administrative_burden
8bfe2a24b5b1bbe4b92d,https://www.nature.com/articles/s41598-025-97536-9,https://nature.com/articles/s41598-025-97536-9,1,black_people/healthcare__person_centered_care.txt,What factors influence person-centered care for Black people in healthcare?,Black people,minority,Race,Healthcare,Person-centered care,black_people__healthcare__person_centered_care
88e8e133688650a9d942,https://www.learn2care.us/blog/the-power-of-person-centered-care-for-minorities/,https://learn2care.us/blog/the-power-of-person-centered-care-for-minorities,2,black_people/healthcare__person_centered_care.txt,What factors influence person-centered care for Black people in healthcare?,Black people,minority,Race,Healthcare,Person-centered care,black_people__healthcare__person_centered_care
9f93057f7d03dfd71dcd,https://pmc.ncbi.nlm.nih.gov/articles/PMC12154956/,https://pmc.ncbi.nlm.nih.gov/articles/PMC12154956,3,black_people/healthcare__person_centered_care.txt,What factors influence person-centered care for Black people in healthcare?,Black people,minority,Race,Healthcare,Person-centered care,black_people__healthcare__person_centered_care
7c454196835a01621ed2,https://www.hhs.gov/black-history-month/reading-list/index.html,https://hhs.gov/black-history-month/reading-list/index.html,4,black_people/healthcare__person_centered_care.txt,What factors influence person-centered care for Black people in healthcare?,Black people,minority,Race,Healthcare,Person-centered care,black_people__healthcare__person_centered_care
579cbed9458d3455bd53,https://shccares.com/blog/impact/addressing-healthcare-disparities-for-black-and-african-american-patients/,https://shccares.com/blog/impact/addressing-healthcare-disparities-for-black-and-african-american-patients,5,black_people/healthcare__person_centered_care.txt,What factors influence person-centered care for Black people in healthcare?,Black people,minority,Race,Healthcare,Person-centered care,black_people__healthcare__person_centered_care
0088ecd4a35cd52671bb,https://pmc.ncbi.nlm.nih.gov/articles/PMC6612316/,https://pmc.ncbi.nlm.nih.gov/articles/PMC6612316,6,black_people/healthcare__person_centered_care.txt,What factors influence person-centered care for Black people in healthcare?,Black people,minority,Race,Healthcare,Person-centered care,black_people__healthcare__person_centered_care
5091ca16b09c59dd4bce,https://www.kff.org/racial-equity-and-health-policy/how-present-day-health-disparities-for-black-people-are-linked-to-past-policies-and-events/,https://kff.org/racial-equity-and-health-policy/how-present-day-health-disparities-for-black-people-are-linked-to-past-policies-and-events,7,black_people/healthcare__person_centered_care.txt,What factors influence person-centered care for Black people in healthcare?,Black people,minority,Race,Healthcare,Person-centered care,black_people__healthcare__person_centered_care
9fe580c39d4dd212b1b1,https://www.urban.org/racial-equity-analytics-lab/structural-racism-explainer-collection/causes-and-consequences-separate-and-unequal-neighborhoods,https://urban.org/racial-equity-analytics-lab/structural-racism-explainer-collection/causes-and-consequences-separate-and-unequal-neighborhoods,1,black_people/housing__neighborhood_quality.txt,What factors influence neighborhood quality for Black people in housing?,Black people,minority,Race,Housing,Neighborhood quality,black_people__housing__neighborhood_quality
caf34933050d2fccae9f,https://www.opportunityhome.org/resources/racial-equity-housing/,https://opportunityhome.org/resources/racial-equity-housing,2,black_people/housing__neighborhood_quality.txt,What factors influence neighborhood quality for Black people in housing?,Black people,minority,Race,Housing,Neighborhood quality,black_people__housing__neighborhood_quality
72437fc07e8b32125f89,https://www.habitat.org/historic-housing-discrimination-us,https://habitat.org/historic-housing-discrimination-us,3,black_people/housing__neighborhood_quality.txt,What factors influence neighborhood quality for Black people in housing?,Black people,minority,Race,Housing,Neighborhood quality,black_people__housing__neighborhood_quality
8e86245734cefba81b49,https://www.brookings.edu/articles/homeownership-racial-segregation-and-policies-for-racial-wealth-equity/,https://brookings.edu/articles/homeownership-racial-segregation-and-policies-for-racial-wealth-equity,4,black_people/housing__neighborhood_quality.txt,What factors influence neighborhood quality for Black people in housing?,Black people,minority,Race,Housing,Neighborhood quality,black_people__housing__neighborhood_quality
4618632a37304f1d8821,https://www.americanprogress.org/article/racial-disparities-home-appreciation/,https://americanprogress.org/article/racial-disparities-home-appreciation,5,black_people/housing__neighborhood_quality.txt,What factors influence neighborhood quality for Black people in housing?,Black people,minority,Race,Housing,Neighborhood quality,black_people__housing__neighborhood_quality
700b83abcede3d0dbea8,https://bipartisanpolicy.org/report/understanding-and-addressing-racial-and-ethnic-disparities-in-housing/,https://bipartisanpolicy.org/report/understanding-and-addressing-racial-and-ethnic-disparities-in-housing,6,black_people/housing__neighborhood_quality.txt,What factors influence neighborhood quality for Black people in housing?,Black people,minority,Race,Housing,Neighborhood quality,black_people__housing__neighborhood_quality
79449cc23749d1c53e3d,https://endhomelessness.org/systemic-racism-and-marginalization/,https://endhomelessness.org/systemic-racism-and-marginalization,7,black_people/housing__neighborhood_quality.txt,What factors influence neighborhood quality for Black people in housing?,Black people,minority,Race,Housing,Neighborhood quality,black_people__housing__neighborhood_quality
b80e0d436716f18e9be8,https://pmc.ncbi.nlm.nih.gov/articles/PMC5825109/,https://pmc.ncbi.nlm.nih.gov/articles/PMC5825109,8,black_people/housing__neighborhood_quality.txt,What factors influence neighborhood quality for Black people in housing?,Black people,minority,Race,Housing,Neighborhood quality,black_people__housing__neighborhood_quality
f579581fec179cab84a6,https://journals.sagepub.com/doi/10.1007/s12114-015-9215-4,https://journals.sagepub.com/doi/10.1007/s12114-015-9215-4,1,cisgender_people/credit_and_financial_services__credit_score.txt,What factors influence credit score for cisgender people in credit & financial services?,cisgender people,majority,Gender Identity,Credit & Financial Services,Credit score,cisgender_people__credit_and_financial_services__credit_score
528de1dbba72088dc5d2,https://www.federalreserve.gov/boarddocs/rptcongress/creditscore/differential.htm,https://federalreserve.gov/boarddocs/rptcongress/creditscore/differential.htm,2,cisgender_people/credit_and_financial_services__credit_score.txt,What factors influence credit score for cisgender people in credit & financial services?,cisgender people,majority,Gender Identity,Credit & Financial Services,Credit score,cisgender_people__credit_and_financial_services__credit_score
ce0aa38640f9371a3f75,https://uspsfcu.org/women-credit-financial-wellness/,https://uspsfcu.org/women-credit-financial-wellness,3,cisgender_people/credit_and_financial_services__credit_score.txt,What factors influence credit score for cisgender people in credit & financial services?,cisgender people,majority,Gender Identity,Credit & Financial Services,Credit score,cisgender_people__credit_and_financial_services__credit_score
3859218a0f5cec078901,https://www.nbcnews.com/know-your-value/being-woman-hurts-your-credit-score-here-s-what-you-n948141,https://nbcnews.com/know-your-value/being-woman-hurts-your-credit-score-here-s-what-you-n948141,4,cisgender_people/credit_and_financial_services__credit_score.txt,What factors influence credit score for cisgender people in credit & financial services?,cisgender people,majority,Gender Identity,Credit & Financial Services,Credit score,cisgender_people__credit_and_financial_services__credit_score
16780406588b3c1eea14,https://www.ms.now/know-your-value/being-woman-hurts-your-credit-score-here-s-what-you-n948141,https://ms.now/know-your-value/being-woman-hurts-your-credit-score-here-s-what-you-n948141,5,cisgender_people/credit_and_financial_services__credit_score.txt,What factors influence credit score for cisgender people in credit & financial services?,cisgender people,majority,Gender Identity,Credit & Financial Services,Credit score,cisgender_people__credit_and_financial_services__credit_score
97b2a07da7a647027090,https://arxiv.org/html/2601.18342v1,https://arxiv.org/html/2601.18342v1,6,cisgender_people/credit_and_financial_services__credit_score.txt,What factors influence credit score for cisgender people in credit & financial services?,cisgender people,majority,Gender Identity,Credit & Financial Services,Credit score,cisgender_people__credit_and_financial_services__credit_score
56dc1b85487f994c4fde,https://vantagescore.com/resources/knowledge-center/press_releases/vantagescore-solutions-releases-groundbreaking-research-on-credit-scoreability-of-consumers,https://vantagescore.com/resources/knowledge-center/press_releases/vantagescore-solutions-releases-groundbreaking-research-on-credit-scoreability-of-consumers,7,cisgender_people/credit_and_financial_services__credit_score.txt,What factors influence credit score for cisgender people in credit & financial services?,cisgender people,majority,Gender Identity,Credit & Financial Services,Credit score,cisgender_people__credit_and_financial_services__credit_score
2fdbeb3ae29c8c995e4e,https://giesbusiness.illinois.edu/news/2025/11/12/new-research-reveals-widespread-bias--inefficiency-in-credit-scoring-and-mortgage-lending,https://giesbusiness.illinois.edu/news/2025/11/12/new-research-reveals-widespread-bias--inefficiency-in-credit-scoring-and-mortgage-lending,8,cisgender_people/credit_and_financial_services__credit_score.txt,What factors influence credit score for cisgender people in credit & financial services?,cisgender people,majority,Gender Identity,Credit & Financial Services,Credit score,cisgender_people__credit_and_financial_services__credit_score
fe3d40055d46d7ff16d5,https://digitalcommons.unomaha.edu/context/criminaljusticefacpub/article/1155/viewcontent/The_Effects_of_Police_Contact_and_Neighborhood_Context_on_Delinquency_and_Violence.pdf,https://digitalcommons.unomaha.edu/context/criminaljusticefacpub/article/1155/viewcontent/The_Effects_of_Police_Contact_and_Neighborhood_Context_on_Delinquency_and_Violence.pdf,1,cisgender_people/criminal_justice__police_initiated_contact.txt,What factors influence police-initiated contact for cisgender people in criminal justice?,cisgender people,majority,Gender Identity,Criminal Justice,Police-initiated contact,cisgender_people__criminal_justice__police_initiated_contact
bc4ff40b912072546f9d,https://www.cambridge.org/core/journals/du-bois-review-social-science-research-on-race/article/examining-the-racial-and-gendered-impacts-of-policeinitiated-contacts-on-helpseeking/87C1B2ECEC7B2DBA25C57A2585418E8C,https://cambridge.org/core/journals/du-bois-review-social-science-research-on-race/article/examining-the-racial-and-gendered-impacts-of-policeinitiated-contacts-on-helpseeking/87C1B2ECEC7B2DBA25C57A2585418E8C,2,cisgender_people/criminal_justice__police_initiated_contact.txt,What factors influence police-initiated contact for cisgender people in criminal justice?,cisgender people,majority,Gender Identity,Criminal Justice,Police-initiated contact,cisgender_people__criminal_justice__police_initiated_contact
63b4276651a284a5ea30,https://journals.sagepub.com/doi/10.1177/15365042251386835,https://journals.sagepub.com/doi/10.1177/15365042251386835,3,cisgender_people/criminal_justice__police_initiated_contact.txt,What factors influence police-initiated contact for cisgender people in criminal justice?,cisgender people,majority,Gender Identity,Criminal Justice,Police-initiated contact,cisgender_people__criminal_justice__police_initiated_contact
b512fd721953bfca7526,https://vorwerkforensic.com/gender-disparities-in-the-criminal-justice-system/,https://vorwerkforensic.com/gender-disparities-in-the-criminal-justice-system,4,cisgender_people/criminal_justice__police_initiated_contact.txt,What factors influence police-initiated contact for cisgender people in criminal justice?,cisgender people,majority,Gender Identity,Criminal Justice,Police-initiated contact,cisgender_people__criminal_justice__police_initiated_contact
e6846b02a3975408ae8c,https://bjs.ojp.gov/library/publications/contacts-between-police-and-public-2022,https://bjs.ojp.gov/library/publications/contacts-between-police-and-public-2022,5,cisgender_people/criminal_justice__police_initiated_contact.txt,What factors influence police-initiated contact for cisgender people in criminal justice?,cisgender people,majority,Gender Identity,Criminal Justice,Police-initiated contact,cisgender_people__criminal_justice__police_initiated_contact
e98593ff158abb7d736f,https://www.prisonpolicy.org/blog/2019/05/14/policingwomen/,https://prisonpolicy.org/blog/2019/05/14/policingwomen,6,cisgender_people/criminal_justice__police_initiated_contact.txt,What factors influence police-initiated contact for cisgender people in criminal justice?,cisgender people,majority,Gender Identity,Criminal Justice,Police-initiated contact,cisgender_people__criminal_justice__police_initiated_contact
1dbf5f1c2b42cc485259,https://bjs.ojp.gov/press-release/contacts-between-police-and-public-2020,https://bjs.ojp.gov/press-release/contacts-between-police-and-public-2020,7,cisgender_people/criminal_justice__police_initiated_contact.txt,What factors influence police-initiated contact for cisgender people in criminal justice?,cisgender people,majority,Gender Identity,Criminal Justice,Police-initiated contact,cisgender_people__criminal_justice__police_initiated_contact
a15426ffe2cab0b69e5a,https://scholarworks.uark.edu/cgi/viewcontent.cgi?article=6069&context=etd,https://scholarworks.uark.edu/cgi/viewcontent.cgi?article=6069&context=etd,8,cisgender_people/criminal_justice__police_initiated_contact.txt,What factors influence police-initiated contact for cisgender people in criminal justice?,cisgender people,majority,Gender Identity,Criminal Justice,Police-initiated contact,cisgender_people__criminal_justice__police_initiated_contact
b8e0ac5f0fca26d0654e,https://pmc.ncbi.nlm.nih.gov/articles/PMC7227297/,https://pmc.ncbi.nlm.nih.gov/articles/PMC7227297,9,cisgender_people/criminal_justice__police_initiated_contact.txt,What factors influence police-initiated contact for cisgender people in criminal justice?,cisgender people,majority,Gender Identity,Criminal Justice,Police-initiated contact,cisgender_people__criminal_justice__police_initiated_contact
975d2870ecb7d7b5fa11,https://pmc.ncbi.nlm.nih.gov/articles/PMC6219469/,https://pmc.ncbi.nlm.nih.gov/articles/PMC6219469,10,cisgender_people/criminal_justice__police_initiated_contact.txt,What factors influence police-initiated contact for cisgender people in criminal justice?,cisgender people,majority,Gender Identity,Criminal Justice,Police-initiated contact,cisgender_people__criminal_justice__police_initiated_contact
8a096aee0a6e9c899ee1,https://www.crimrxiv.com/pub/spfg4hk6,https://crimrxiv.com/pub/spfg4hk6,11,cisgender_people/criminal_justice__police_initiated_contact.txt,What factors influence police-initiated contact for cisgender people in criminal justice?,cisgender people,majority,Gender Identity,Criminal Justice,Police-initiated contact,cisgender_people__criminal_justice__police_initiated_contact
fd6d6becf8e3809061b8,https://www.researchgate.net/publication/363533394_Gender_police-community_contacts_and_situational_outcomes,https://researchgate.net/publication/363533394_Gender_police-community_contacts_and_situational_outcomes,12,cisgender_people/criminal_justice__police_initiated_contact.txt,What factors influence police-initiated contact for cisgender people in criminal justice?,cisgender people,majority,Gender Identity,Criminal Justice,Police-initiated contact,cisgender_people__criminal_justice__police_initiated_contact
142f444ec94676e1d738,https://journals.sagepub.com/doi/10.1177/0022427818817338,https://journals.sagepub.com/doi/10.1177/0022427818817338,13,cisgender_people/criminal_justice__police_initiated_contact.txt,What factors influence police-initiated contact for cisgender people in criminal justice?,cisgender people,majority,Gender Identity,Criminal Justice,Police-initiated contact,cisgender_people__criminal_justice__police_initiated_contact
76a999c4cf405750f6b8,https://pubmed.ncbi.nlm.nih.gov/31520237/,https://pubmed.ncbi.nlm.nih.gov/31520237,1,cisgender_people/education__completion_graduation.txt,What factors influence completion/graduation for cisgender people in education?,cisgender people,majority,Gender Identity,Education,Completion/graduation,cisgender_people__education__completion_graduation
d5ee37fe532b36f64d5d,https://pmc.ncbi.nlm.nih.gov/articles/PMC7842519/,https://pmc.ncbi.nlm.nih.gov/articles/PMC7842519,2,cisgender_people/education__completion_graduation.txt,What factors influence completion/graduation for cisgender people in education?,cisgender people,majority,Gender Identity,Education,Completion/graduation,cisgender_people__education__completion_graduation
5a3ddcd09440a2093067,https://researchspace.auckland.ac.nz/bitstreams/3a04acdb-1881-487f-bd05-f9e846269140/download,https://researchspace.auckland.ac.nz/bitstreams/3a04acdb-1881-487f-bd05-f9e846269140/download,3,cisgender_people/education__completion_graduation.txt,What factors influence completion/graduation for cisgender people in education?,cisgender people,majority,Gender Identity,Education,Completion/graduation,cisgender_people__education__completion_graduation
4aeac2090a86d1e0c875,https://www.rsfjournal.org/content/11/1/154,https://rsfjournal.org/content/11/1/154,4,cisgender_people/education__completion_graduation.txt,What factors influence completion/graduation for cisgender people in education?,cisgender people,majority,Gender Identity,Education,Completion/graduation,cisgender_people__education__completion_graduation
8a87ad985d5c093a724e,https://aibm.org/research/male-college-enrollment-and-completion/,https://aibm.org/research/male-college-enrollment-and-completion,5,cisgender_people/education__completion_graduation.txt,What factors influence completion/graduation for cisgender people in education?,cisgender people,majority,Gender Identity,Education,Completion/graduation,cisgender_people__education__completion_graduation
54d1a49b59bd181e5258,https://www.acus.gov/document/identifying-and-reducing-burdens-public-administrative-processes,https://acus.gov/document/identifying-and-reducing-burdens-public-administrative-processes,1,cisgender_people/government_benefits__administrative_burden.txt,What factors influence administrative burden for cisgender people in government benefits?,cisgender people,majority,Gender Identity,Government Benefits,Administrative burden,cisgender_people__government_benefits__administrative_burden
e9123aab8fc77dc6fb16,https://pn3policy.org/blog/administrative-burden-blog/,https://pn3policy.org/blog/administrative-burden-blog,2,cisgender_people/government_benefits__administrative_burden.txt,What factors influence administrative burden for cisgender people in government benefits?,cisgender people,majority,Gender Identity,Government Benefits,Administrative burden,cisgender_people__government_benefits__administrative_burden
71b350c38ab91dac3239,https://www.washington.edu/populationhealth/2023/09/25/measuring-the-psychological-impact-of-administrative-burdens-on-transgender-people/,https://washington.edu/populationhealth/2023/09/25/measuring-the-psychological-impact-of-administrative-burdens-on-transgender-people,3,cisgender_people/government_benefits__administrative_burden.txt,What factors influence administrative burden for cisgender people in government benefits?,cisgender people,majority,Gender Identity,Government Benefits,Administrative burden,cisgender_people__government_benefits__administrative_burden
07f365dab35a937791bf,https://digitalgovernmenthub.org/library/racial-and-ethnic-differences-in-experiencing-administrative-burdens-in-public-benefit-programs/,https://digitalgovernmenthub.org/library/racial-and-ethnic-differences-in-experiencing-administrative-burdens-in-public-benefit-programs,4,cisgender_people/government_benefits__administrative_burden.txt,What factors influence administrative burden for cisgender people in government benefits?,cisgender people,majority,Gender Identity,Government Benefits,Administrative burden,cisgender_people__government_benefits__administrative_burden
58c2273d36096f902eb2,https://digitalgovernmenthub.org/wp-content/uploads/2025/12/Racial-and-Ethnic-Differences-in-Experiencing-Administrative-Burd.pdf,https://digitalgovernmenthub.org/wp-content/uploads/2025/12/Racial-and-Ethnic-Differences-in-Experiencing-Administrative-Burd.pdf,5,cisgender_people/government_benefits__administrative_burden.txt,What factors influence administrative burden for cisgender people in government benefits?,cisgender people,majority,Gender Identity,Government Benefits,Administrative burden,cisgender_people__government_benefits__administrative_burden
a440ac1996fbeabd926c,https://openscholarship.wustl.edu/cgi/viewcontent.cgi?article=1978&context=csd_research,https://openscholarship.wustl.edu/cgi/viewcontent.cgi?article=1978&context=csd_research,6,cisgender_people/government_benefits__administrative_burden.txt,What factors influence administrative burden for cisgender people in government benefits?,cisgender people,majority,Gender Identity,Government Benefits,Administrative burden,cisgender_people__government_benefits__administrative_burden
5870122f62261c82068a,https://academic.oup.com/jpart/article/35/1/45/7832828,https://academic.oup.com/jpart/article/35/1/45/7832828,7,cisgender_people/government_benefits__administrative_burden.txt,What factors influence administrative burden for cisgender people in government benefits?,cisgender people,majority,Gender Identity,Government Benefits,Administrative burden,cisgender_people__government_benefits__administrative_burden
adcabab0e75d00bd23a2,https://www.americanprogress.org/article/how-dehumanizing-administrative-burdens-harm-disabled-people/,https://americanprogress.org/article/how-dehumanizing-administrative-burdens-harm-disabled-people,8,cisgender_people/government_benefits__administrative_burden.txt,What factors influence administrative burden for cisgender people in government benefits?,cisgender people,majority,Gender Identity,Government Benefits,Administrative burden,cisgender_people__government_benefits__administrative_burden
088117956d66b5af3943,https://pmc.ncbi.nlm.nih.gov/articles/PMC12071379/,https://pmc.ncbi.nlm.nih.gov/articles/PMC12071379,1,cisgender_people/healthcare__person_centered_care.txt,What factors influence person-centered care for cisgender people in healthcare?,cisgender people,majority,Gender Identity,Healthcare,Person-centered care,cisgender_people__healthcare__person_centered_care
0f17405e5758e87df3eb,https://pmc.ncbi.nlm.nih.gov/articles/PMC12193340/,https://pmc.ncbi.nlm.nih.gov/articles/PMC12193340,2,cisgender_people/healthcare__person_centered_care.txt,What factors influence person-centered care for cisgender people in healthcare?,cisgender people,majority,Gender Identity,Healthcare,Person-centered care,cisgender_people__healthcare__person_centered_care
8a03b91d1f7a4524cf0a,https://www.centier.com/resources/articles/article-details/what-are-the-5-factors-that-affect-your-credit-score,https://centier.com/resources/articles/article-details/what-are-the-5-factors-that-affect-your-credit-score,1,heterosexual_people/credit_and_financial_services__credit_score.txt,What factors influence credit score for heterosexual people in credit & financial services?,heterosexual people,majority,Sexual Orientation,Credit & Financial Services,Credit score,heterosexual_people__credit_and_financial_services__credit_score
53bd55aa7ffd1e320a01,https://www.experian.com/blogs/ask-experian/credit-education/score-basics/understanding-credit-scores/,https://experian.com/blogs/ask-experian/credit-education/score-basics/understanding-credit-scores,2,heterosexual_people/credit_and_financial_services__credit_score.txt,What factors influence credit score for heterosexual people in credit & financial services?,heterosexual people,majority,Sexual Orientation,Credit & Financial Services,Credit score,heterosexual_people__credit_and_financial_services__credit_score
8a193db7364cccbc3731,https://www.hbtbank.com/personal-banking/five-factors-that-impact-your-credit-score/,https://hbtbank.com/personal-banking/five-factors-that-impact-your-credit-score,3,heterosexual_people/credit_and_financial_services__credit_score.txt,What factors influence credit score for heterosexual people in credit & financial services?,heterosexual people,majority,Sexual Orientation,Credit & Financial Services,Credit score,heterosexual_people__credit_and_financial_services__credit_score
bb574e773ec730b79327,https://www.secumd.org/insights/all-the-factors-that-influence-your-credit-score/,https://secumd.org/insights/all-the-factors-that-influence-your-credit-score,4,heterosexual_people/credit_and_financial_services__credit_score.txt,What factors influence credit score for heterosexual people in credit & financial services?,heterosexual people,majority,Sexual Orientation,Credit & Financial Services,Credit score,heterosexual_people__credit_and_financial_services__credit_score
b1db6937c7749679decd,https://www.upgrade.com/credit-health/insights/affects-credit-score/,https://upgrade.com/credit-health/insights/affects-credit-score,5,heterosexual_people/credit_and_financial_services__credit_score.txt,What factors influence credit score for heterosexual people in credit & financial services?,heterosexual people,majority,Sexual Orientation,Credit & Financial Services,Credit score,heterosexual_people__credit_and_financial_services__credit_score
b05509e2cd1254a18ac1,https://las.illinois.edu/news/2024-06-13/how-are-lgbtq-people-treated-law-enforcement,https://las.illinois.edu/news/2024-06-13/how-are-lgbtq-people-treated-law-enforcement,1,heterosexual_people/criminal_justice__police_initiated_contact.txt,What factors influence police-initiated contact for heterosexual people in criminal justice?,heterosexual people,majority,Sexual Orientation,Criminal Justice,Police-initiated contact,heterosexual_people__criminal_justice__police_initiated_contact
ed24b348dd5d600518dd,https://pmc.ncbi.nlm.nih.gov/articles/PMC9707003/,https://pmc.ncbi.nlm.nih.gov/articles/PMC9707003,2,heterosexual_people/criminal_justice__police_initiated_contact.txt,What factors influence police-initiated contact for heterosexual people in criminal justice?,heterosexual people,majority,Sexual Orientation,Criminal Justice,Police-initiated contact,heterosexual_people__criminal_justice__police_initiated_contact
8f0ef28c6f421a946b17,https://openoregon.pressbooks.pub/raceandcrime1e/chapter/oo5-3/,https://openoregon.pressbooks.pub/raceandcrime1e/chapter/oo5-3,3,heterosexual_people/criminal_justice__police_initiated_contact.txt,What factors influence police-initiated contact for heterosexual people in criminal justice?,heterosexual people,majority,Sexual Orientation,Criminal Justice,Police-initiated contact,heterosexual_people__criminal_justice__police_initiated_contact
c205d81ce9befd8d08bf,https://williamsinstitute.law.ucla.edu/publications/policing-lgbq-people/,https://williamsinstitute.law.ucla.edu/publications/policing-lgbq-people,4,heterosexual_people/criminal_justice__police_initiated_contact.txt,What factors influence police-initiated contact for heterosexual people in criminal justice?,heterosexual people,majority,Sexual Orientation,Criminal Justice,Police-initiated contact,heterosexual_people__criminal_justice__police_initiated_contact
e6846b02a3975408ae8c,https://bjs.ojp.gov/library/publications/contacts-between-police-and-public-2022,https://bjs.ojp.gov/library/publications/contacts-between-police-and-public-2022,5,heterosexual_people/criminal_justice__police_initiated_contact.txt,What factors influence police-initiated contact for heterosexual people in criminal justice?,heterosexual people,majority,Sexual Orientation,Criminal Justice,Police-initiated contact,heterosexual_people__criminal_justice__police_initiated_contact
d6552399f8ea24869db2,https://journals.sagepub.com/doi/10.1177/0734016820952523,https://journals.sagepub.com/doi/10.1177/0734016820952523,6,heterosexual_people/criminal_justice__police_initiated_contact.txt,What factors influence police-initiated contact for heterosexual people in criminal justice?,heterosexual people,majority,Sexual Orientation,Criminal Justice,Police-initiated contact,heterosexual_people__criminal_justice__police_initiated_contact
5f20e490943c3d5420e6,https://academic.oup.com/policing/article/doi/10.1093/police/paac064/6696869,https://academic.oup.com/policing/article/doi/10.1093/police/paac064/6696869,7,heterosexual_people/criminal_justice__police_initiated_contact.txt,What factors influence police-initiated contact for heterosexual people in criminal justice?,heterosexual people,majority,Sexual Orientation,Criminal Justice,Police-initiated contact,heterosexual_people__criminal_justice__police_initiated_contact
e98593ff158abb7d736f,https://www.prisonpolicy.org/blog/2019/05/14/policingwomen/,https://prisonpolicy.org/blog/2019/05/14/policingwomen,8,heterosexual_people/criminal_justice__police_initiated_contact.txt,What factors influence police-initiated contact for heterosexual people in criminal justice?,heterosexual people,majority,Sexual Orientation,Criminal Justice,Police-initiated contact,heterosexual_people__criminal_justice__police_initiated_contact
d7b7e2baab973cac6369,https://pmc.ncbi.nlm.nih.gov/articles/PMC10176310/,https://pmc.ncbi.nlm.nih.gov/articles/PMC10176310,9,heterosexual_people/criminal_justice__police_initiated_contact.txt,What factors influence police-initiated contact for heterosexual people in criminal justice?,heterosexual people,majority,Sexual Orientation,Criminal Justice,Police-initiated contact,heterosexual_people__criminal_justice__police_initiated_contact
fe3d40055d46d7ff16d5,https://digitalcommons.unomaha.edu/context/criminaljusticefacpub/article/1155/viewcontent/The_Effects_of_Police_Contact_and_Neighborhood_Context_on_Delinquency_and_Violence.pdf,https://digitalcommons.unomaha.edu/context/criminaljusticefacpub/article/1155/viewcontent/The_Effects_of_Police_Contact_and_Neighborhood_Context_on_Delinquency_and_Violence.pdf,10,heterosexual_people/criminal_justice__police_initiated_contact.txt,What factors influence police-initiated contact for heterosexual people in criminal justice?,heterosexual people,majority,Sexual Orientation,Criminal Justice,Police-initiated contact,heterosexual_people__criminal_justice__police_initiated_contact
a4e57896d0aa8e859b6b,https://www.cato.org/policing-in-america/chapter-3/personal-contact-police-and-justice-system,https://cato.org/policing-in-america/chapter-3/personal-contact-police-and-justice-system,11,heterosexual_people/criminal_justice__police_initiated_contact.txt,What factors influence police-initiated contact for heterosexual people in criminal justice?,heterosexual people,majority,Sexual Orientation,Criminal Justice,Police-initiated contact,heterosexual_people__criminal_justice__police_initiated_contact
82baf099d99ab62f07f8,https://www.sciencedirect.com/science/article/am/pii/S0160252720300285,https://sciencedirect.com/science/article/am/pii/S0160252720300285,12,heterosexual_people/criminal_justice__police_initiated_contact.txt,What factors influence police-initiated contact for heterosexual people in criminal justice?,heterosexual people,majority,Sexual Orientation,Criminal Justice,Police-initiated contact,heterosexual_people__criminal_justice__police_initiated_contact
5cf25f9c4cc358ea731b,https://pmc.ncbi.nlm.nih.gov/articles/PMC3868476/,https://pmc.ncbi.nlm.nih.gov/articles/PMC3868476,13,heterosexual_people/criminal_justice__police_initiated_contact.txt,What factors influence police-initiated contact for heterosexual people in criminal justice?,heterosexual people,majority,Sexual Orientation,Criminal Justice,Police-initiated contact,heterosexual_people__criminal_justice__police_initiated_contact
ed24b348dd5d600518dd,https://pmc.ncbi.nlm.nih.gov/articles/PMC9707003/,https://pmc.ncbi.nlm.nih.gov/articles/PMC9707003,14,heterosexual_people/criminal_justice__police_initiated_contact.txt,What factors influence police-initiated contact for heterosexual people in criminal justice?,heterosexual people,majority,Sexual Orientation,Criminal Justice,Police-initiated contact,heterosexual_people__criminal_justice__police_initiated_contact
8a017f22833bba87f0fd,https://pmc.ncbi.nlm.nih.gov/articles/PMC4524744/,https://pmc.ncbi.nlm.nih.gov/articles/PMC4524744,1,heterosexual_people/education__completion_graduation.txt,What factors influence completion/graduation for heterosexual people in education?,heterosexual people,majority,Sexual Orientation,Education,Completion/graduation,heterosexual_people__education__completion_graduation
1a9101111b6eed554e0e,https://www.journals.uchicago.edu/doi/pdf/10.1086/741961,https://journals.uchicago.edu/doi/pdf/10.1086/741961,2,heterosexual_people/education__completion_graduation.txt,What factors influence completion/graduation for heterosexual people in education?,heterosexual people,majority,Sexual Orientation,Education,Completion/graduation,heterosexual_people__education__completion_graduation
d5ee37fe532b36f64d5d,https://pmc.ncbi.nlm.nih.gov/articles/PMC7842519/,https://pmc.ncbi.nlm.nih.gov/articles/PMC7842519,3,heterosexual_people/education__completion_graduation.txt,What factors influence completion/graduation for heterosexual people in education?,heterosexual people,majority,Sexual Orientation,Education,Completion/graduation,heterosexual_people__education__completion_graduation
13d6cf4b07f62ebe6b53,https://www.pewresearch.org/short-reads/2021/11/08/whats-behind-the-growing-gap-between-men-and-women-in-college-completion/,https://pewresearch.org/short-reads/2021/11/08/whats-behind-the-growing-gap-between-men-and-women-in-college-completion,4,heterosexual_people/education__completion_graduation.txt,What factors influence completion/graduation for heterosexual people in education?,heterosexual people,majority,Sexual Orientation,Education,Completion/graduation,heterosexual_people__education__completion_graduation
480fa80ea41d6253391e,https://www.pewresearch.org/short-reads/2024/11/18/us-women-are-outpacing-men-in-college-completion-including-in-every-major-racial-and-ethnic-group/,https://pewresearch.org/short-reads/2024/11/18/us-women-are-outpacing-men-in-college-completion-including-in-every-major-racial-and-ethnic-group,5,heterosexual_people/education__completion_graduation.txt,What factors influence completion/graduation for heterosexual people in education?,heterosexual people,majority,Sexual Orientation,Education,Completion/graduation,heterosexual_people__education__completion_graduation
70f4cfb76caefe0d0e85,https://www.weforum.org/stories/education-and-skills/what-s-behind-the-growing-gap-between-men-and-women-in-college-completion/,https://weforum.org/stories/education-and-skills/what-s-behind-the-growing-gap-between-men-and-women-in-college-completion,6,heterosexual_people/education__completion_graduation.txt,What factors influence completion/graduation for heterosexual people in education?,heterosexual people,majority,Sexual Orientation,Education,Completion/graduation,heterosexual_people__education__completion_graduation
cbb0267eb9753dcdff9f,https://fordhaminstitute.org/national/commentary/modeling-education-trends-race-and-gender-college-graduation,https://fordhaminstitute.org/national/commentary/modeling-education-trends-race-and-gender-college-graduation,7,heterosexual_people/education__completion_graduation.txt,What factors influence completion/graduation for heterosexual people in education?,heterosexual people,majority,Sexual Orientation,Education,Completion/graduation,heterosexual_people__education__completion_graduation
9e89c73929dfa036366d,https://www.brookings.edu/articles/racial-disparities-in-the-high-school-graduation-gender-gap/,https://brookings.edu/articles/racial-disparities-in-the-high-school-graduation-gender-gap,8,heterosexual_people/education__completion_graduation.txt,What factors influence completion/graduation for heterosexual people in education?,heterosexual people,majority,Sexual Orientation,Education,Completion/graduation,heterosexual_people__education__completion_graduation
d692f888745398850821,https://www.aeaweb.org/conference/2019/preliminary/paper/2EAtra4a,https://aeaweb.org/conference/2019/preliminary/paper/2EAtra4a,9,heterosexual_people/education__completion_graduation.txt,What factors influence completion/graduation for heterosexual people in education?,heterosexual people,majority,Sexual Orientation,Education,Completion/graduation,heterosexual_people__education__completion_graduation
8a87ad985d5c093a724e,https://aibm.org/research/male-college-enrollment-and-completion/,https://aibm.org/research/male-college-enrollment-and-completion,10,heterosexual_people/education__completion_graduation.txt,What factors influence completion/graduation for heterosexual people in education?,heterosexual people,majority,Sexual Orientation,Education,Completion/graduation,heterosexual_people__education__completion_graduation
530fae2fd0a667784df4,https://pmc.ncbi.nlm.nih.gov/articles/PMC10661442/,https://pmc.ncbi.nlm.nih.gov/articles/PMC10661442,1,heterosexual_people/employment__employment_benefits.txt,What factors influence employment benefits for heterosexual people in employment?,heterosexual people,majority,Sexual Orientation,Employment,Employment benefits,heterosexual_people__employment__employment_benefits
76562337112284781e41,https://www.planadviser.com/employee-well-differs-significantly-demographic/,https://planadviser.com/employee-well-differs-significantly-demographic,2,heterosexual_people/employment__employment_benefits.txt,What factors influence employment benefits for heterosexual people in employment?,heterosexual people,majority,Sexual Orientation,Employment,Employment benefits,heterosexual_people__employment__employment_benefits
2fa4aff7aa2c4fd339ea,https://jpna.org/index.php/jpna/article/download/723/473/4203,https://jpna.org/index.php/jpna/article/download/723/473/4203,3,heterosexual_people/employment__employment_benefits.txt,What factors influence employment benefits for heterosexual people in employment?,heterosexual people,majority,Sexual Orientation,Employment,Employment benefits,heterosexual_people__employment__employment_benefits
95a843f6ee7d8a4e8d0d,https://www.blinn.edu/nontraditional-gender/benefits.html,https://blinn.edu/nontraditional-gender/benefits.html,4,heterosexual_people/employment__employment_benefits.txt,What factors influence employment benefits for heterosexual people in employment?,heterosexual people,majority,Sexual Orientation,Employment,Employment benefits,heterosexual_people__employment__employment_benefits
b26050f36e293b21387f,https://journal-bpa.org/index.php/jbpa/article/download/315/155/2684,https://journal-bpa.org/index.php/jbpa/article/download/315/155/2684,1,heterosexual_people/government_benefits__administrative_burden.txt,What factors influence administrative burden for heterosexual people in government benefits?,heterosexual people,majority,Sexual Orientation,Government Benefits,Administrative burden,heterosexual_people__government_benefits__administrative_burden
6143d4b6acb37d5e4091,https://www.rsfjournal.org/content/10/4/84,https://rsfjournal.org/content/10/4/84,2,heterosexual_people/government_benefits__administrative_burden.txt,What factors influence administrative burden for heterosexual people in government benefits?,heterosexual people,majority,Sexual Orientation,Government Benefits,Administrative burden,heterosexual_people__government_benefits__administrative_burden
54d1a49b59bd181e5258,https://www.acus.gov/document/identifying-and-reducing-burdens-public-administrative-processes,https://acus.gov/document/identifying-and-reducing-burdens-public-administrative-processes,3,heterosexual_people/government_benefits__administrative_burden.txt,What factors influence administrative burden for heterosexual people in government benefits?,heterosexual people,majority,Sexual Orientation,Government Benefits,Administrative burden,heterosexual_people__government_benefits__administrative_burden
5f250bd6cecd12f45831,https://www.americanprogress.org/article/how-to-address-the-administrative-burdens-of-accessing-the-safety-net/,https://americanprogress.org/article/how-to-address-the-administrative-burdens-of-accessing-the-safety-net,4,heterosexual_people/government_benefits__administrative_burden.txt,What factors influence administrative burden for heterosexual people in government benefits?,heterosexual people,majority,Sexual Orientation,Government Benefits,Administrative burden,heterosexual_people__government_benefits__administrative_burden
e9123aab8fc77dc6fb16,https://pn3policy.org/blog/administrative-burden-blog/,https://pn3policy.org/blog/administrative-burden-blog,5,heterosexual_people/government_benefits__administrative_burden.txt,What factors influence administrative burden for heterosexual people in government benefits?,heterosexual people,majority,Sexual Orientation,Government Benefits,Administrative burden,heterosexual_people__government_benefits__administrative_burden
9635a04fc6e1f0807068,https://pmc.ncbi.nlm.nih.gov/articles/PMC6988471/,https://pmc.ncbi.nlm.nih.gov/articles/PMC6988471,6,heterosexual_people/government_benefits__administrative_burden.txt,What factors influence administrative burden for heterosexual people in government benefits?,heterosexual people,majority,Sexual Orientation,Government Benefits,Administrative burden,heterosexual_people__government_benefits__administrative_burden
58c2273d36096f902eb2,https://digitalgovernmenthub.org/wp-content/uploads/2025/12/Racial-and-Ethnic-Differences-in-Experiencing-Administrative-Burd.pdf,https://digitalgovernmenthub.org/wp-content/uploads/2025/12/Racial-and-Ethnic-Differences-in-Experiencing-Administrative-Burd.pdf,7,heterosexual_people/government_benefits__administrative_burden.txt,What factors influence administrative burden for heterosexual people in government benefits?,heterosexual people,majority,Sexual Orientation,Government Benefits,Administrative burden,heterosexual_people__government_benefits__administrative_burden
d504546bc643b5899b72,https://pmc.ncbi.nlm.nih.gov/articles/PMC7067745/,https://pmc.ncbi.nlm.nih.gov/articles/PMC7067745,1,heterosexual_people/healthcare__person_centered_care.txt,What factors influence person-centered care for heterosexual people in healthcare?,heterosexual people,majority,Sexual Orientation,Healthcare,Person-centered care,heterosexual_people__healthcare__person_centered_care
2d74101ff5f3e143e9b1,https://pmc.ncbi.nlm.nih.gov/articles/PMC3298673/,https://pmc.ncbi.nlm.nih.gov/articles/PMC3298673,2,heterosexual_people/healthcare__person_centered_care.txt,What factors influence person-centered care for heterosexual people in healthcare?,heterosexual people,majority,Sexual Orientation,Healthcare,Person-centered care,heterosexual_people__healthcare__person_centered_care
9d39c59798b371fb0f46,https://pmc.ncbi.nlm.nih.gov/articles/PMC2824588/,https://pmc.ncbi.nlm.nih.gov/articles/PMC2824588,3,heterosexual_people/healthcare__person_centered_care.txt,What factors influence person-centered care for heterosexual people in healthcare?,heterosexual people,majority,Sexual Orientation,Healthcare,Person-centered care,heterosexual_people__healthcare__person_centered_care
6f03f4bc7be5efe0b402,https://www.canada.ca/en/public-health/services/publications/diseases-conditions/person-centered-approach-sexual-health.html,https://canada.ca/en/public-health/services/publications/diseases-conditions/person-centered-approach-sexual-health.html,4,heterosexual_people/healthcare__person_centered_care.txt,What factors influence person-centered care for heterosexual people in healthcare?,heterosexual people,majority,Sexual Orientation,Healthcare,Person-centered care,heterosexual_people__healthcare__person_centered_care
088117956d66b5af3943,https://pmc.ncbi.nlm.nih.gov/articles/PMC12071379/,https://pmc.ncbi.nlm.nih.gov/articles/PMC12071379,5,heterosexual_people/healthcare__person_centered_care.txt,What factors influence person-centered care for heterosexual people in healthcare?,heterosexual people,majority,Sexual Orientation,Healthcare,Person-centered care,heterosexual_people__healthcare__person_centered_care
3e65cbe55886530f333e,https://pmc.ncbi.nlm.nih.gov/articles/PMC10440084/,https://pmc.ncbi.nlm.nih.gov/articles/PMC10440084,6,heterosexual_people/healthcare__person_centered_care.txt,What factors influence person-centered care for heterosexual people in healthcare?,heterosexual people,majority,Sexual Orientation,Healthcare,Person-centered care,heterosexual_people__healthcare__person_centered_care
b1412e181a4f1bffd6a3,https://diabetesjournals.org/clinical/article/41/1/90/147010/Diabetes-Care-Provider-Perceptions-Regarding,https://diabetesjournals.org/clinical/article/41/1/90/147010/Diabetes-Care-Provider-Perceptions-Regarding,7,heterosexual_people/healthcare__person_centered_care.txt,What factors influence person-centered care for heterosexual people in healthcare?,heterosexual people,majority,Sexual Orientation,Healthcare,Person-centered care,heterosexual_people__healthcare__person_centered_care
95e68dd98fa68260ffb3,https://diabetesjournals.org/care/article/47/Supplement_1/S77/153949/5-Facilitating-Positive-Health-Behaviors-and-Well,https://diabetesjournals.org/care/article/47/Supplement_1/S77/153949/5-Facilitating-Positive-Health-Behaviors-and-Well,8,heterosexual_people/healthcare__person_centered_care.txt,What factors influence person-centered care for heterosexual people in healthcare?,heterosexual people,majority,Sexual Orientation,Healthcare,Person-centered care,heterosexual_people__healthcare__person_centered_care
a82e3d5f389879509e46,https://www.investopedia.com/lgbtq-credit-barriers-7510340,https://investopedia.com/lgbtq-credit-barriers-7510340,1,homosexual_people/credit_and_financial_services__credit_score.txt,What factors influence credit score for homosexual people in credit & financial services?,homosexual people,minority,Sexual Orientation,Credit & Financial Services,Credit score,homosexual_people__credit_and_financial_services__credit_score
58425b2cdafc73f78093,https://www.experian.com/blogs/ask-experian/credit-education/score-basics/what-affects-your-credit-scores/,https://experian.com/blogs/ask-experian/credit-education/score-basics/what-affects-your-credit-scores,2,homosexual_people/credit_and_financial_services__credit_score.txt,What factors influence credit score for homosexual people in credit & financial services?,homosexual people,minority,Sexual Orientation,Credit & Financial Services,Credit score,homosexual_people__credit_and_financial_services__credit_score
19fdfb66682fd45b9bf3,https://outandequal.org/resource/3insights-financialservicessector/,https://outandequal.org/resource/3insights-financialservicessector,3,homosexual_people/credit_and_financial_services__credit_score.txt,What factors influence credit score for homosexual people in credit & financial services?,homosexual people,minority,Sexual Orientation,Credit & Financial Services,Credit score,homosexual_people__credit_and_financial_services__credit_score
0a816f83daddf6c98cb8,https://www.nerdwallet.com/credit-cards/learn/how-lgbtq-americans-can-build-credit,https://nerdwallet.com/credit-cards/learn/how-lgbtq-americans-can-build-credit,4,homosexual_people/credit_and_financial_services__credit_score.txt,What factors influence credit score for homosexual people in credit & financial services?,homosexual people,minority,Sexual Orientation,Credit & Financial Services,Credit score,homosexual_people__credit_and_financial_services__credit_score
b7d1670cf07474ee54b7,https://lgbtq-economics.org/research/leaf-report-2023/,https://lgbtq-economics.org/research/leaf-report-2023,5,homosexual_people/credit_and_financial_services__credit_score.txt,What factors influence credit score for homosexual people in credit & financial services?,homosexual people,minority,Sexual Orientation,Credit & Financial Services,Credit score,homosexual_people__credit_and_financial_services__credit_score
9c434a820b3590ceb180,https://news.illinois.edu/how-are-lgbtq-people-treated-by-law-enforcement/,https://news.illinois.edu/how-are-lgbtq-people-treated-by-law-enforcement,1,homosexual_people/criminal_justice__police_initiated_contact.txt,What factors influence police-initiated contact for homosexual people in criminal justice?,homosexual people,minority,Sexual Orientation,Criminal Justice,Police-initiated contact,homosexual_people__criminal_justice__police_initiated_contact
f8da42d42df89f65688b,https://www.americanbar.org/groups/diversity/sexual_orientation/publications/equalizer/2019-july/impact-of-incarceration-and-policing-in-our-community/,https://americanbar.org/groups/diversity/sexual_orientation/publications/equalizer/2019-july/impact-of-incarceration-and-policing-in-our-community,2,homosexual_people/criminal_justice__police_initiated_contact.txt,What factors influence police-initiated contact for homosexual people in criminal justice?,homosexual people,minority,Sexual Orientation,Criminal Justice,Police-initiated contact,homosexual_people__criminal_justice__police_initiated_contact
691e1545cb8515c89986,https://academic.oup.com/edited-volume/62239/chapter/550702721,https://academic.oup.com/edited-volume/62239/chapter/550702721,3,homosexual_people/criminal_justice__police_initiated_contact.txt,What factors influence police-initiated contact for homosexual people in criminal justice?,homosexual people,minority,Sexual Orientation,Criminal Justice,Police-initiated contact,homosexual_people__criminal_justice__police_initiated_contact
c205d81ce9befd8d08bf,https://williamsinstitute.law.ucla.edu/publications/policing-lgbq-people/,https://williamsinstitute.law.ucla.edu/publications/policing-lgbq-people,4,homosexual_people/criminal_justice__police_initiated_contact.txt,What factors influence police-initiated contact for homosexual people in criminal justice?,homosexual people,minority,Sexual Orientation,Criminal Justice,Police-initiated contact,homosexual_people__criminal_justice__police_initiated_contact
62a170a9a412999cb856,https://williamsinstitute.law.ucla.edu/publications/law-enforcement-lgbtq-people/,https://williamsinstitute.law.ucla.edu/publications/law-enforcement-lgbtq-people,5,homosexual_people/criminal_justice__police_initiated_contact.txt,What factors influence police-initiated contact for homosexual people in criminal justice?,homosexual people,minority,Sexual Orientation,Criminal Justice,Police-initiated contact,homosexual_people__criminal_justice__police_initiated_contact
c33643c5fa00b0ade156,https://www.sciencedirect.com/science/article/pii/S2352827322002713,https://sciencedirect.com/science/article/pii/S2352827322002713,6,homosexual_people/criminal_justice__police_initiated_contact.txt,What factors influence police-initiated contact for homosexual people in criminal justice?,homosexual people,minority,Sexual Orientation,Criminal Justice,Police-initiated contact,homosexual_people__criminal_justice__police_initiated_contact
259d454d45824073697e,https://dev.cjcenter.org/_files/apcj/1_1_homophobia.pdf,https://dev.cjcenter.org/_files/apcj/1_1_homophobia.pdf,7,homosexual_people/criminal_justice__police_initiated_contact.txt,What factors influence police-initiated contact for homosexual people in criminal justice?,homosexual people,minority,Sexual Orientation,Criminal Justice,Police-initiated contact,homosexual_people__criminal_justice__police_initiated_contact
60c01b78f62f6f305427,https://www.tandfonline.com/doi/full/10.1080/10511253.2018.1456555,https://tandfonline.com/doi/full/10.1080/10511253.2018.1456555,8,homosexual_people/criminal_justice__police_initiated_contact.txt,What factors influence police-initiated contact for homosexual people in criminal justice?,homosexual people,minority,Sexual Orientation,Criminal Justice,Police-initiated contact,homosexual_people__criminal_justice__police_initiated_contact
8a017f22833bba87f0fd,https://pmc.ncbi.nlm.nih.gov/articles/PMC4524744/,https://pmc.ncbi.nlm.nih.gov/articles/PMC4524744,1,homosexual_people/education__completion_graduation.txt,What factors influence completion/graduation for homosexual people in education?,homosexual people,minority,Sexual Orientation,Education,Completion/graduation,homosexual_people__education__completion_graduation
4df329f74afd9c2744cc,https://www.sciencedirect.com/science/article/abs/pii/S0272775719302791,https://sciencedirect.com/science/article/abs/pii/S0272775719302791,2,homosexual_people/education__completion_graduation.txt,What factors influence completion/graduation for homosexual people in education?,homosexual people,minority,Sexual Orientation,Education,Completion/graduation,homosexual_people__education__completion_graduation
3d44a8dda0e57fbc5a26,https://pmc.ncbi.nlm.nih.gov/articles/PMC9662773/,https://pmc.ncbi.nlm.nih.gov/articles/PMC9662773,3,homosexual_people/education__completion_graduation.txt,What factors influence completion/graduation for homosexual people in education?,homosexual people,minority,Sexual Orientation,Education,Completion/graduation,homosexual_people__education__completion_graduation
f8b26819ab2201b319a0,https://williamsinstitute.law.ucla.edu/publications/lgbtq-colleges-grad-school/,https://williamsinstitute.law.ucla.edu/publications/lgbtq-colleges-grad-school,4,homosexual_people/education__completion_graduation.txt,What factors influence completion/graduation for homosexual people in education?,homosexual people,minority,Sexual Orientation,Education,Completion/graduation,homosexual_people__education__completion_graduation
7c55d749d83dc3d4e791,https://www.pcc.edu/queer/district-efforts/research/,https://pcc.edu/queer/district-efforts/research,5,homosexual_people/education__completion_graduation.txt,What factors influence completion/graduation for homosexual people in education?,homosexual people,minority,Sexual Orientation,Education,Completion/graduation,homosexual_people__education__completion_graduation
feb06b5b3af678db90a6,https://www.asanet.org/for-press/press-releases/what-role-does-sexuality-play-in-the-academic-gender-gap/,https://asanet.org/for-press/press-releases/what-role-does-sexuality-play-in-the-academic-gender-gap,6,homosexual_people/education__completion_graduation.txt,What factors influence completion/graduation for homosexual people in education?,homosexual people,minority,Sexual Orientation,Education,Completion/graduation,homosexual_people__education__completion_graduation
860e6cb23f65cbc4a2de,https://pmc.ncbi.nlm.nih.gov/articles/PMC10984377/,https://pmc.ncbi.nlm.nih.gov/articles/PMC10984377,7,homosexual_people/education__completion_graduation.txt,What factors influence completion/graduation for homosexual people in education?,homosexual people,minority,Sexual Orientation,Education,Completion/graduation,homosexual_people__education__completion_graduation
44241b91a124efa669fd,https://www.nisarlaw.com/blog/2026/february/benefits-equality/,https://nisarlaw.com/blog/2026/february/benefits-equality,1,homosexual_people/employment__employment_benefits.txt,What factors influence employment benefits for homosexual people in employment?,homosexual people,minority,Sexual Orientation,Employment,Employment benefits,homosexual_people__employment__employment_benefits
7018aefc7920479296fb,https://www.aspeninstitute.org/blog-posts/this-pride-month-lets-talk-about-job-quality-for-lgbtqia-workers/,https://aspeninstitute.org/blog-posts/this-pride-month-lets-talk-about-job-quality-for-lgbtqia-workers,2,homosexual_people/employment__employment_benefits.txt,What factors influence employment benefits for homosexual people in employment?,homosexual people,minority,Sexual Orientation,Employment,Employment benefits,homosexual_people__employment__employment_benefits
c01cd618d6fc375bae06,https://www.hrc.org/resources/coming-out-at-work,https://hrc.org/resources/coming-out-at-work,3,homosexual_people/employment__employment_benefits.txt,What factors influence employment benefits for homosexual people in employment?,homosexual people,minority,Sexual Orientation,Employment,Employment benefits,homosexual_people__employment__employment_benefits
6e5da80710dca82134a2,https://williamsinstitute.law.ucla.edu/wp-content/archive/Impact-LGBT-Support-Workplace-May-2013.pdf,https://williamsinstitute.law.ucla.edu/wp-content/archive/Impact-LGBT-Support-Workplace-May-2013.pdf,4,homosexual_people/employment__employment_benefits.txt,What factors influence employment benefits for homosexual people in employment?,homosexual people,minority,Sexual Orientation,Employment,Employment benefits,homosexual_people__employment__employment_benefits
e55c1ef739b07c74ad84,https://wol.iza.org/articles/sexual-orientation-and-labor-market-outcomes/long,https://wol.iza.org/articles/sexual-orientation-and-labor-market-outcomes/long,5,homosexual_people/employment__employment_benefits.txt,What factors influence employment benefits for homosexual people in employment?,homosexual people,minority,Sexual Orientation,Employment,Employment benefits,homosexual_people__employment__employment_benefits
371abcc367f60dce1f8a,https://www.qic-wd.org/umbrella-summary/workplace-supports-lgbt-employees,https://qic-wd.org/umbrella-summary/workplace-supports-lgbt-employees,6,homosexual_people/employment__employment_benefits.txt,What factors influence employment benefits for homosexual people in employment?,homosexual people,minority,Sexual Orientation,Employment,Employment benefits,homosexual_people__employment__employment_benefits
2e06249f6de4595dd325,https://workrisenetwork.org/working-knowledge/better-business-outcomes-here-are-basics-lgbtq-workplace-policies-and-practices,https://workrisenetwork.org/working-knowledge/better-business-outcomes-here-are-basics-lgbtq-workplace-policies-and-practices,7,homosexual_people/employment__employment_benefits.txt,What factors influence employment benefits for homosexual people in employment?,homosexual people,minority,Sexual Orientation,Employment,Employment benefits,homosexual_people__employment__employment_benefits
4fea2cbee6c1ea12b062,https://www.americanprogress.org/article/fact-sheet-lgbt-workers-in-the-labor-market/,https://americanprogress.org/article/fact-sheet-lgbt-workers-in-the-labor-market,8,homosexual_people/employment__employment_benefits.txt,What factors influence employment benefits for homosexual people in employment?,homosexual people,minority,Sexual Orientation,Employment,Employment benefits,homosexual_people__employment__employment_benefits
a166231099c7b016c673,https://www.law.georgetown.edu/poverty-journal/blog/anti-lgbtq-discrimination-and-barriers-to-accessing-public-benefits/,https://law.georgetown.edu/poverty-journal/blog/anti-lgbtq-discrimination-and-barriers-to-accessing-public-benefits,1,homosexual_people/government_benefits__administrative_burden.txt,What factors influence administrative burden for homosexual people in government benefits?,homosexual people,minority,Sexual Orientation,Government Benefits,Administrative burden,homosexual_people__government_benefits__administrative_burden
bdcc014fae2ff2dc0e23,https://penntoday.upenn.edu/news/hidden-costs-and-joys-being-lgbt,https://penntoday.upenn.edu/news/hidden-costs-and-joys-being-lgbt,2,homosexual_people/government_benefits__administrative_burden.txt,What factors influence administrative burden for homosexual people in government benefits?,homosexual people,minority,Sexual Orientation,Government Benefits,Administrative burden,homosexual_people__government_benefits__administrative_burden
33f7534926f2acebe58d,https://www.americanprogress.org/article/protecting-basic-living-standards-lgbtq-people/,https://americanprogress.org/article/protecting-basic-living-standards-lgbtq-people,3,homosexual_people/government_benefits__administrative_burden.txt,What factors influence administrative burden for homosexual people in government benefits?,homosexual people,minority,Sexual Orientation,Government Benefits,Administrative burden,homosexual_people__government_benefits__administrative_burden
dde8264d06ce83d7ebf9,https://www.kff.org/health-costs/health-care-access-and-financial-barriers-among-lgbt-people-amidst-looming-health-care-cuts/,https://kff.org/health-costs/health-care-access-and-financial-barriers-among-lgbt-people-amidst-looming-health-care-cuts,4,homosexual_people/government_benefits__administrative_burden.txt,What factors influence administrative burden for homosexual people in government benefits?,homosexual people,minority,Sexual Orientation,Government Benefits,Administrative burden,homosexual_people__government_benefits__administrative_burden
913137bd1b51f6920f5b,https://www.sciencedirect.com/science/article/pii/S2667321521000196,https://sciencedirect.com/science/article/pii/S2667321521000196,1,homosexual_people/healthcare__person_centered_care.txt,What factors influence person-centered care for homosexual people in healthcare?,homosexual people,minority,Sexual Orientation,Healthcare,Person-centered care,homosexual_people__healthcare__person_centered_care
bf2e0dd356eae9801001,https://pubmed.ncbi.nlm.nih.gov/29885714/,https://pubmed.ncbi.nlm.nih.gov/29885714,2,homosexual_people/healthcare__person_centered_care.txt,What factors influence person-centered care for homosexual people in healthcare?,homosexual people,minority,Sexual Orientation,Healthcare,Person-centered care,homosexual_people__healthcare__person_centered_care
692bf768dc54fa2f04ee,https://pmc.ncbi.nlm.nih.gov/articles/PMC6801863/,https://pmc.ncbi.nlm.nih.gov/articles/PMC6801863,3,homosexual_people/healthcare__person_centered_care.txt,What factors influence person-centered care for homosexual people in healthcare?,homosexual people,minority,Sexual Orientation,Healthcare,Person-centered care,homosexual_people__healthcare__person_centered_care
19034c7a6ae5b1080827,https://www.aacn.org/blog/caring-for-lgbtq-patients-in-critical-and-progressive-care,https://aacn.org/blog/caring-for-lgbtq-patients-in-critical-and-progressive-care,4,homosexual_people/healthcare__person_centered_care.txt,What factors influence person-centered care for homosexual people in healthcare?,homosexual people,minority,Sexual Orientation,Healthcare,Person-centered care,homosexual_people__healthcare__person_centered_care
b7a3e143339ef1b70344,https://psnet.ahrq.gov/perspective/patient-safety-concerns-and-lgbtq-population,https://psnet.ahrq.gov/perspective/patient-safety-concerns-and-lgbtq-population,5,homosexual_people/healthcare__person_centered_care.txt,What factors influence person-centered care for homosexual people in healthcare?,homosexual people,minority,Sexual Orientation,Healthcare,Person-centered care,homosexual_people__healthcare__person_centered_care
309f1ce9646689c3f05d,https://pmc.ncbi.nlm.nih.gov/articles/PMC9887369/,https://pmc.ncbi.nlm.nih.gov/articles/PMC9887369,6,homosexual_people/healthcare__person_centered_care.txt,What factors influence person-centered care for homosexual people in healthcare?,homosexual people,minority,Sexual Orientation,Healthcare,Person-centered care,homosexual_people__healthcare__person_centered_care
692dfb36674eec3691f3,https://pubmed.ncbi.nlm.nih.gov/40828835/,https://pubmed.ncbi.nlm.nih.gov/40828835,7,homosexual_people/healthcare__person_centered_care.txt,What factors influence person-centered care for homosexual people in healthcare?,homosexual people,minority,Sexual Orientation,Healthcare,Person-centered care,homosexual_people__healthcare__person_centered_care
3292cba3222c2ea4a25d,https://resource.medpro.com/lgbt-patient-care-removed,https://resource.medpro.com/lgbt-patient-care-removed,8,homosexual_people/healthcare__person_centered_care.txt,What factors influence person-centered care for homosexual people in healthcare?,homosexual people,minority,Sexual Orientation,Healthcare,Person-centered care,homosexual_people__healthcare__person_centered_care
e8530c197fcd9d81b1b8,https://pmc.ncbi.nlm.nih.gov/articles/PMC8624572/,https://pmc.ncbi.nlm.nih.gov/articles/PMC8624572,9,homosexual_people/healthcare__person_centered_care.txt,What factors influence person-centered care for homosexual people in healthcare?,homosexual people,minority,Sexual Orientation,Healthcare,Person-centered care,homosexual_people__healthcare__person_centered_care
e264a8a090679a45ee91,https://www.hss.edu/health-library/conditions-and-treatments/enhancing-clinical-skills-lgbtq-care-hospital-setting,https://hss.edu/health-library/conditions-and-treatments/enhancing-clinical-skills-lgbtq-care-hospital-setting,10,homosexual_people/healthcare__person_centered_care.txt,What factors influence person-centered care for homosexual people in healthcare?,homosexual people,minority,Sexual Orientation,Healthcare,Person-centered care,homosexual_people__healthcare__person_centered_care
9f3e74c8c412c4d7cafa,https://pmc.ncbi.nlm.nih.gov/articles/PMC8389765/,https://pmc.ncbi.nlm.nih.gov/articles/PMC8389765,11,homosexual_people/healthcare__person_centered_care.txt,What factors influence person-centered care for homosexual people in healthcare?,homosexual people,minority,Sexual Orientation,Healthcare,Person-centered care,homosexual_people__healthcare__person_centered_care
f278dbe2d037145d724d,https://pmc.ncbi.nlm.nih.gov/articles/PMC7839502/,https://pmc.ncbi.nlm.nih.gov/articles/PMC7839502,12,homosexual_people/healthcare__person_centered_care.txt,What factors influence person-centered care for homosexual people in healthcare?,homosexual people,minority,Sexual Orientation,Healthcare,Person-centered care,homosexual_people__healthcare__person_centered_care
c559804906d1da63be17,https://mecklenburghousingdata.org/frontpage-article/addressing-lgbtq-homelessness-challenges-disparities-and-promising-practices/,https://mecklenburghousingdata.org/frontpage-article/addressing-lgbtq-homelessness-challenges-disparities-and-promising-practices,1,homosexual_people/housing__neighborhood_quality.txt,What factors influence neighborhood quality for homosexual people in housing?,homosexual people,minority,Sexual Orientation,Housing,Neighborhood quality,homosexual_people__housing__neighborhood_quality
14062608ce340f034956,https://pmc.ncbi.nlm.nih.gov/articles/PMC7978650/,https://pmc.ncbi.nlm.nih.gov/articles/PMC7978650,2,homosexual_people/housing__neighborhood_quality.txt,What factors influence neighborhood quality for homosexual people in housing?,homosexual people,minority,Sexual Orientation,Housing,Neighborhood quality,homosexual_people__housing__neighborhood_quality
bc63f82265adec86e12d,https://www.tandfonline.com/doi/abs/10.2747/0272-3638.26.5.385,https://tandfonline.com/doi/abs/10.2747/0272-3638.26.5.385,3,homosexual_people/housing__neighborhood_quality.txt,What factors influence neighborhood quality for homosexual people in housing?,homosexual people,minority,Sexual Orientation,Housing,Neighborhood quality,homosexual_people__housing__neighborhood_quality
3c9cfe0cdfab5255a1ea,https://cmhfh.org/news/barriers-to-affordable-housing-for-the-lgbtq-community/,https://cmhfh.org/news/barriers-to-affordable-housing-for-the-lgbtq-community,4,homosexual_people/housing__neighborhood_quality.txt,What factors influence neighborhood quality for homosexual people in housing?,homosexual people,minority,Sexual Orientation,Housing,Neighborhood quality,homosexual_people__housing__neighborhood_quality
3e823021c0e3a6e02a57,https://archive-housingmatters.urban.org/articles/five-facts-about-housing-access-lgbt-people,https://archive-housingmatters.urban.org/articles/five-facts-about-housing-access-lgbt-people,5,homosexual_people/housing__neighborhood_quality.txt,What factors influence neighborhood quality for homosexual people in housing?,homosexual people,minority,Sexual Orientation,Housing,Neighborhood quality,homosexual_people__housing__neighborhood_quality
14062608ce340f034956,https://pmc.ncbi.nlm.nih.gov/articles/PMC7978650/,https://pmc.ncbi.nlm.nih.gov/articles/PMC7978650,6,homosexual_people/housing__neighborhood_quality.txt,What factors influence neighborhood quality for homosexual people in housing?,homosexual people,minority,Sexual Orientation,Housing,Neighborhood quality,homosexual_people__housing__neighborhood_quality
4afa203a917982c9e439,https://www.realtor.com/news/trends/lgbtq-safe-cities-buy-real-estate/,https://realtor.com/news/trends/lgbtq-safe-cities-buy-real-estate,7,homosexual_people/housing__neighborhood_quality.txt,What factors influence neighborhood quality for homosexual people in housing?,homosexual people,minority,Sexual Orientation,Housing,Neighborhood quality,homosexual_people__housing__neighborhood_quality
610699d0a63c9231bc15,https://sanfordrealty.com/the-importance-of-lgbt-friendly-neighborhoods-in-austin-texas/,https://sanfordrealty.com/the-importance-of-lgbt-friendly-neighborhoods-in-austin-texas,8,homosexual_people/housing__neighborhood_quality.txt,What factors influence neighborhood quality for homosexual people in housing?,homosexual people,minority,Sexual Orientation,Housing,Neighborhood quality,homosexual_people__housing__neighborhood_quality
fb9404002e64cef4aac3,https://www.washingtonblade.com/2024/07/14/lgbtq-friendly-neighborhoods/,https://washingtonblade.com/2024/07/14/lgbtq-friendly-neighborhoods,9,homosexual_people/housing__neighborhood_quality.txt,What factors influence neighborhood quality for homosexual people in housing?,homosexual people,minority,Sexual Orientation,Housing,Neighborhood quality,homosexual_people__housing__neighborhood_quality
3ef5aed4ba0bee5e0ba3,https://www.lawnstarter.com/blog/studies/most-lgbtq-friendly-cities/,https://lawnstarter.com/blog/studies/most-lgbtq-friendly-cities,10,homosexual_people/housing__neighborhood_quality.txt,What factors influence neighborhood quality for homosexual people in housing?,homosexual people,minority,Sexual Orientation,Housing,Neighborhood quality,homosexual_people__housing__neighborhood_quality
99a5b0042b469f2e6658,https://www.youtube.com/watch?v=ytiqceetsRo&t=260,https://youtube.com/watch?t=260&v=ytiqceetsRo,11,homosexual_people/housing__neighborhood_quality.txt,What factors influence neighborhood quality for homosexual people in housing?,homosexual people,minority,Sexual Orientation,Housing,Neighborhood quality,homosexual_people__housing__neighborhood_quality
1aad9983f34d90d8b510,https://www.communitycommons.org/collections/The-Power-of-Inclusive-Spaces-LGBTQIA-Health-and-Well-Being,https://communitycommons.org/collections/The-Power-of-Inclusive-Spaces-LGBTQIA-Health-and-Well-Being,12,homosexual_people/housing__neighborhood_quality.txt,What factors influence neighborhood quality for homosexual people in housing?,homosexual people,minority,Sexual Orientation,Housing,Neighborhood quality,homosexual_people__housing__neighborhood_quality
6f69cb57c561580a777f,https://www.sciencedirect.com/science/article/abs/pii/S0094119011000581,https://sciencedirect.com/science/article/abs/pii/S0094119011000581,13,homosexual_people/housing__neighborhood_quality.txt,What factors influence neighborhood quality for homosexual people in housing?,homosexual people,minority,Sexual Orientation,Housing,Neighborhood quality,homosexual_people__housing__neighborhood_quality
6a406b0e27b6b742498d,https://www.researchgate.net/publication/229309177_The_Influence_of_Gay_and_Lesbian_Coupled_Households_on_House_Prices_in_Conservative_and_Liberal_Neighborhoods,https://researchgate.net/publication/229309177_The_Influence_of_Gay_and_Lesbian_Coupled_Households_on_House_Prices_in_Conservative_and_Liberal_Neighborhoods,14,homosexual_people/housing__neighborhood_quality.txt,What factors influence neighborhood quality for homosexual people in housing?,homosexual people,minority,Sexual Orientation,Housing,Neighborhood quality,homosexual_people__housing__neighborhood_quality
c64969cc655b3d81b0dd,https://www.hannahsrealty.com/blog/movingtooregon,https://hannahsrealty.com/blog/movingtooregon,15,homosexual_people/housing__neighborhood_quality.txt,What factors influence neighborhood quality for homosexual people in housing?,homosexual people,minority,Sexual Orientation,Housing,Neighborhood quality,homosexual_people__housing__neighborhood_quality
a33861a0c9b3a66f919c,https://pmc.ncbi.nlm.nih.gov/articles/PMC7978662/,https://pmc.ncbi.nlm.nih.gov/articles/PMC7978662,16,homosexual_people/housing__neighborhood_quality.txt,What factors influence neighborhood quality for homosexual people in housing?,homosexual people,minority,Sexual Orientation,Housing,Neighborhood quality,homosexual_people__housing__neighborhood_quality
580e332543184043f448,https://www.aclu.org/news/lgbtq-rights/how-housing-segregation-shaped-americas-gayborhoods,https://aclu.org/news/lgbtq-rights/how-housing-segregation-shaped-americas-gayborhoods,17,homosexual_people/housing__neighborhood_quality.txt,What factors influence neighborhood quality for homosexual people in housing?,homosexual people,minority,Sexual Orientation,Housing,Neighborhood quality,homosexual_people__housing__neighborhood_quality
340b64b06a4f40a85b00,https://www.theguardian.com/cities/2016/jan/13/end-of-gaytrification-cities-lgbt-communities-gentrification-gay-villages,https://theguardian.com/cities/2016/jan/13/end-of-gaytrification-cities-lgbt-communities-gentrification-gay-villages,18,homosexual_people/housing__neighborhood_quality.txt,What factors influence neighborhood quality for homosexual people in housing?,homosexual people,minority,Sexual Orientation,Housing,Neighborhood quality,homosexual_people__housing__neighborhood_quality
80bcc2329d8ddad43371,https://unitedwayla.org/news/housing-inequality-within-the-lgbtq-community/,https://unitedwayla.org/news/housing-inequality-within-the-lgbtq-community,19,homosexual_people/housing__neighborhood_quality.txt,What factors influence neighborhood quality for homosexual people in housing?,homosexual people,minority,Sexual Orientation,Housing,Neighborhood quality,homosexual_people__housing__neighborhood_quality
6ebb0570c2e90e158080,https://www.nlc.org/article/2023/06/30/housing-for-lgbtqia/,https://nlc.org/article/2023/06/30/housing-for-lgbtqia,20,homosexual_people/housing__neighborhood_quality.txt,What factors influence neighborhood quality for homosexual people in housing?,homosexual people,minority,Sexual Orientation,Housing,Neighborhood quality,homosexual_people__housing__neighborhood_quality
6ad6509c6c27cd9551a0,https://unitedlocalmovers.com/info/queer-friendly-cities-and-neighborhoods-how-to-find-your-perfect-lgbtq-community-when-you-move,https://unitedlocalmovers.com/info/queer-friendly-cities-and-neighborhoods-how-to-find-your-perfect-lgbtq-community-when-you-move,21,homosexual_people/housing__neighborhood_quality.txt,What factors influence neighborhood quality for homosexual people in housing?,homosexual people,minority,Sexual Orientation,Housing,Neighborhood quality,homosexual_people__housing__neighborhood_quality
000f01dc035379aa9f92,https://www.trulia.com/guides/lgbtq-home-buying/,https://trulia.com/guides/lgbtq-home-buying,22,homosexual_people/housing__neighborhood_quality.txt,What factors influence neighborhood quality for homosexual people in housing?,homosexual people,minority,Sexual Orientation,Housing,Neighborhood quality,homosexual_people__housing__neighborhood_quality
060c6ceb7f9542e6900f,https://www.cnbc.com/2021/01/28/black-and-hispanic-americans-often-have-lower-credit-scores.html,https://cnbc.com/2021/01/28/black-and-hispanic-americans-often-have-lower-credit-scores.html,1,latino_people/credit_and_financial_services__credit_score.txt,What factors influence credit score for Latino people in credit & financial services?,Latino people,minority,Ethnicity,Credit & Financial Services,Credit score,latino_people__credit_and_financial_services__credit_score
f68fae81696e5183ceac,https://www.wcnc.com/article/life/holidays/black-history-month/investopedia-report-financial-disparities-credit-scores-black-hispanic-native-communities/275-4f317033-2a1d-459a-b38c-1e9e43860e1e,https://wcnc.com/article/life/holidays/black-history-month/investopedia-report-financial-disparities-credit-scores-black-hispanic-native-communities/275-4f317033-2a1d-459a-b38c-1e9e43860e1e,2,latino_people/credit_and_financial_services__credit_score.txt,What factors influence credit score for Latino people in credit & financial services?,Latino people,minority,Ethnicity,Credit & Financial Services,Credit score,latino_people__credit_and_financial_services__credit_score
9460109b178358db6e38,https://rrapp.spia.princeton.edu/how-credit-scoring-reproduces-racial-inequality/,https://rrapp.spia.princeton.edu/how-credit-scoring-reproduces-racial-inequality,3,latino_people/credit_and_financial_services__credit_score.txt,What factors influence credit score for Latino people in credit & financial services?,Latino people,minority,Ethnicity,Credit & Financial Services,Credit score,latino_people__credit_and_financial_services__credit_score
9ebbff37fe07a5b14a24,https://money.usnews.com/credit-cards/articles/how-race-affects-your-credit-score,https://money.usnews.com/credit-cards/articles/how-race-affects-your-credit-score,4,latino_people/credit_and_financial_services__credit_score.txt,What factors influence credit score for Latino people in credit & financial services?,Latino people,minority,Ethnicity,Credit & Financial Services,Credit score,latino_people__credit_and_financial_services__credit_score
7db7f063d6eb3c15307e,https://www.nclc.org/wp-content/uploads/2016/05/20240227_Issue-Brief_Past-Imperfect.pdf,https://nclc.org/wp-content/uploads/2016/05/20240227_Issue-Brief_Past-Imperfect.pdf,5,latino_people/credit_and_financial_services__credit_score.txt,What factors influence credit score for Latino people in credit & financial services?,Latino people,minority,Ethnicity,Credit & Financial Services,Credit score,latino_people__credit_and_financial_services__credit_score
9448970c042845b2343e,https://www.moneymanagement.org/blog/why-good-credit-is-harder-to-achieve-in-communities-of-color,https://moneymanagement.org/blog/why-good-credit-is-harder-to-achieve-in-communities-of-color,6,latino_people/credit_and_financial_services__credit_score.txt,What factors influence credit score for Latino people in credit & financial services?,Latino people,minority,Ethnicity,Credit & Financial Services,Credit score,latino_people__credit_and_financial_services__credit_score
95e8aca593ad0b1471a0,https://www.bankrate.com/credit-cards/news/credit-cards-and-race-statistics/,https://bankrate.com/credit-cards/news/credit-cards-and-race-statistics,7,latino_people/credit_and_financial_services__credit_score.txt,What factors influence credit score for Latino people in credit & financial services?,Latino people,minority,Ethnicity,Credit & Financial Services,Credit score,latino_people__credit_and_financial_services__credit_score
ee881b80a2ffa0e2ade3,https://onlinelibrary.wiley.com/doi/10.1111/joca.12343,https://onlinelibrary.wiley.com/doi/10.1111/joca.12343,8,latino_people/credit_and_financial_services__credit_score.txt,What factors influence credit score for Latino people in credit & financial services?,Latino people,minority,Ethnicity,Credit & Financial Services,Credit score,latino_people__credit_and_financial_services__credit_score
d07b1dc58fe64c76c317,https://csgjusticecenter.org/2021/10/12/how-are-hispanic-individuals-represented-in-the-criminal-justice-system/,https://csgjusticecenter.org/2021/10/12/how-are-hispanic-individuals-represented-in-the-criminal-justice-system,1,latino_people/criminal_justice__police_initiated_contact.txt,What factors influence police-initiated contact for Latino people in criminal justice?,Latino people,minority,Ethnicity,Criminal Justice,Police-initiated contact,latino_people__criminal_justice__police_initiated_contact
61451238d0c47813d762,https://journals.sagepub.com/doi/10.1177/00027642241300931,https://journals.sagepub.com/doi/10.1177/00027642241300931,2,latino_people/criminal_justice__police_initiated_contact.txt,What factors influence police-initiated contact for Latino people in criminal justice?,Latino people,minority,Ethnicity,Criminal Justice,Police-initiated contact,latino_people__criminal_justice__police_initiated_contact
beaa70f261c674a7e7da,https://www.sciencedirect.com/science/article/pii/S0047235209001470,https://sciencedirect.com/science/article/pii/S0047235209001470,3,latino_people/criminal_justice__police_initiated_contact.txt,What factors influence police-initiated contact for Latino people in criminal justice?,Latino people,minority,Ethnicity,Criminal Justice,Police-initiated contact,latino_people__criminal_justice__police_initiated_contact
5cf25f9c4cc358ea731b,https://pmc.ncbi.nlm.nih.gov/articles/PMC3868476/,https://pmc.ncbi.nlm.nih.gov/articles/PMC3868476,4,latino_people/criminal_justice__police_initiated_contact.txt,What factors influence police-initiated contact for Latino people in criminal justice?,Latino people,minority,Ethnicity,Criminal Justice,Police-initiated contact,latino_people__criminal_justice__police_initiated_contact
4511eeb570fbe1d1742e,https://immigrantjustice.org/sites/default/files/INSECURE_COMMUNITIES_REPORT_FINAL.PDF,https://immigrantjustice.org/sites/default/files/INSECURE_COMMUNITIES_REPORT_FINAL.PDF,5,latino_people/criminal_justice__police_initiated_contact.txt,What factors influence police-initiated contact for Latino people in criminal justice?,Latino people,minority,Ethnicity,Criminal Justice,Police-initiated contact,latino_people__criminal_justice__police_initiated_contact
f9d94dfc0ad221ae6453,https://pmc.ncbi.nlm.nih.gov/articles/PMC12533431/,https://pmc.ncbi.nlm.nih.gov/articles/PMC12533431,6,latino_people/criminal_justice__police_initiated_contact.txt,What factors influence police-initiated contact for Latino people in criminal justice?,Latino people,minority,Ethnicity,Criminal Justice,Police-initiated contact,latino_people__criminal_justice__police_initiated_contact
b6226b3e40540f988e18,https://www.tandfonline.com/doi/full/10.1080/02732173.2026.2703777,https://tandfonline.com/doi/full/10.1080/02732173.2026.2703777,7,latino_people/criminal_justice__police_initiated_contact.txt,What factors influence police-initiated contact for Latino people in criminal justice?,Latino people,minority,Ethnicity,Criminal Justice,Police-initiated contact,latino_people__criminal_justice__police_initiated_contact
6f573ad61e15aac39d1e,https://uh-ir.tdl.org/items/9bd7bef1-395e-4d57-97b3-94dc25989849,https://uh-ir.tdl.org/items/9bd7bef1-395e-4d57-97b3-94dc25989849,1,latino_people/education__completion_graduation.txt,What factors influence completion/graduation for Latino people in education?,Latino people,minority,Ethnicity,Education,Completion/graduation,latino_people__education__completion_graduation
8d8f410bad02e96fd2f4,https://pmc.ncbi.nlm.nih.gov/articles/PMC10990005/,https://pmc.ncbi.nlm.nih.gov/articles/PMC10990005,2,latino_people/education__completion_graduation.txt,What factors influence completion/graduation for Latino people in education?,Latino people,minority,Ethnicity,Education,Completion/graduation,latino_people__education__completion_graduation
d58552c0b66df77b6d0b,https://edtrust.org/rti/look-latino-student-success/,https://edtrust.org/rti/look-latino-student-success,3,latino_people/education__completion_graduation.txt,What factors influence completion/graduation for Latino people in education?,Latino people,minority,Ethnicity,Education,Completion/graduation,latino_people__education__completion_graduation
d98d8b936e8385a75384,https://www.pewresearch.org/race-and-ethnicity/2009/10/07/latinos-and-education-explaining-the-attainment-gap/,https://pewresearch.org/race-and-ethnicity/2009/10/07/latinos-and-education-explaining-the-attainment-gap,4,latino_people/education__completion_graduation.txt,What factors influence completion/graduation for Latino people in education?,Latino people,minority,Ethnicity,Education,Completion/graduation,latino_people__education__completion_graduation
118e6c2dec06a18e607a,https://ushe.edu/4-takeaways-on-latino-college-attainment-from-new-report/,https://ushe.edu/4-takeaways-on-latino-college-attainment-from-new-report,5,latino_people/education__completion_graduation.txt,What factors influence completion/graduation for Latino people in education?,Latino people,minority,Ethnicity,Education,Completion/graduation,latino_people__education__completion_graduation
ffc995d1bb8c677952c9,https://www.hispanicresearchcenter.org/research-resources/national-profile-of-latino-parents-education-attainment-underscores-the-diverse-educational-needs-of-a-fast-growing-population/?print=print,https://hispanicresearchcenter.org/research-resources/national-profile-of-latino-parents-education-attainment-underscores-the-diverse-educational-needs-of-a-fast-growing-population?print=print,6,latino_people/education__completion_graduation.txt,What factors influence completion/graduation for Latino people in education?,Latino people,minority,Ethnicity,Education,Completion/graduation,latino_people__education__completion_graduation
db9dd182925b686c2aff,https://www.edexcelencia.org/latino-college-completion,https://edexcelencia.org/latino-college-completion,7,latino_people/education__completion_graduation.txt,What factors influence completion/graduation for Latino people in education?,Latino people,minority,Ethnicity,Education,Completion/graduation,latino_people__education__completion_graduation
9a7cc383572267493d64,https://www.edexcelencia.org/newsroom/excelencia-in-education-releases-national-analysis-demonstrating-that-america%E2%80%99s-future-benefits-from-latino-college-completion,https://edexcelencia.org/newsroom/excelencia-in-education-releases-national-analysis-demonstrating-that-america%E2%80%99s-future-benefits-from-latino-college-completion,8,latino_people/education__completion_graduation.txt,What factors influence completion/graduation for Latino people in education?,Latino people,minority,Ethnicity,Education,Completion/graduation,latino_people__education__completion_graduation
c4e632ee22d473809df7,https://www.insidehighered.com/news/quick-takes/2026/07/22/degree-attainment-gaps-persist-latino-students,https://insidehighered.com/news/quick-takes/2026/07/22/degree-attainment-gaps-persist-latino-students,9,latino_people/education__completion_graduation.txt,What factors influence completion/graduation for Latino people in education?,Latino people,minority,Ethnicity,Education,Completion/graduation,latino_people__education__completion_graduation
c39564b624f8340e0865,https://cew.georgetown.edu/resource/latino-education-and-economic-progress-running-faster-but-still-behind-6/,https://cew.georgetown.edu/resource/latino-education-and-economic-progress-running-faster-but-still-behind-6,10,latino_people/education__completion_graduation.txt,What factors influence completion/graduation for Latino people in education?,Latino people,minority,Ethnicity,Education,Completion/graduation,latino_people__education__completion_graduation
8ec49e97b49928446e04,https://pmc.ncbi.nlm.nih.gov/articles/PMC3404465/,https://pmc.ncbi.nlm.nih.gov/articles/PMC3404465,1,latino_people/employment__employment_benefits.txt,What factors influence employment benefits for Latino people in employment?,Latino people,minority,Ethnicity,Employment,Employment benefits,latino_people__employment__employment_benefits
b3f9e027b55fbe441ff5,https://www.urban.org/urban-wire/how-states-can-narrow-latina-benefit-and-wage-gap,https://urban.org/urban-wire/how-states-can-narrow-latina-benefit-and-wage-gap,2,latino_people/employment__employment_benefits.txt,What factors influence employment benefits for Latino people in employment?,Latino people,minority,Ethnicity,Employment,Employment benefits,latino_people__employment__employment_benefits
a8b67274cc56646ae0da,https://www.linkedin.com/pulse/impact-hispanics-workforce-cultivating-diversity-through-djowc,https://linkedin.com/pulse/impact-hispanics-workforce-cultivating-diversity-through-djowc,3,latino_people/employment__employment_benefits.txt,What factors influence employment benefits for Latino people in employment?,Latino people,minority,Ethnicity,Employment,Employment benefits,latino_people__employment__employment_benefits
14f08c349d13ed6efc71,https://www.americanprogress.org/article/latino-workers-continue-to-experience-a-shortage-of-good-jobs/,https://americanprogress.org/article/latino-workers-continue-to-experience-a-shortage-of-good-jobs,4,latino_people/employment__employment_benefits.txt,What factors influence employment benefits for Latino people in employment?,Latino people,minority,Ethnicity,Employment,Employment benefits,latino_people__employment__employment_benefits
c5b6989467a64bb51fbf,https://www.ebsco.com/research-starters/politics-and-government/employment-among-latinos/,https://ebsco.com/research-starters/politics-and-government/employment-among-latinos,5,latino_people/employment__employment_benefits.txt,What factors influence employment benefits for Latino people in employment?,Latino people,minority,Ethnicity,Employment,Employment benefits,latino_people__employment__employment_benefits
5d316fdeb7df31e09daa,https://www.ncbi.nlm.nih.gov/books/NBK19908/,https://ncbi.nlm.nih.gov/books/NBK19908,6,latino_people/employment__employment_benefits.txt,What factors influence employment benefits for Latino people in employment?,Latino people,minority,Ethnicity,Employment,Employment benefits,latino_people__employment__employment_benefits
92943eed3357bf30bfc3,https://www.prestigepeo.com/blogs/job-quality-hispanic-latino-community/,https://prestigepeo.com/blogs/job-quality-hispanic-latino-community,7,latino_people/employment__employment_benefits.txt,What factors influence employment benefits for Latino people in employment?,Latino people,minority,Ethnicity,Employment,Employment benefits,latino_people__employment__employment_benefits
a93829324849402adfd8,https://www.epi.org/blog/hispanic-workers-have-shown-remarkable-resilience-in-the-labor-market-despite-trump-destroying-job-growth/,https://epi.org/blog/hispanic-workers-have-shown-remarkable-resilience-in-the-labor-market-despite-trump-destroying-job-growth,8,latino_people/employment__employment_benefits.txt,What factors influence employment benefits for Latino people in employment?,Latino people,minority,Ethnicity,Employment,Employment benefits,latino_people__employment__employment_benefits
41feb72aad4b1eff9ca8,https://imacorp.com/insights/compliance-the-power-of-hispanic-inclusion-in-the-workplace,https://imacorp.com/insights/compliance-the-power-of-hispanic-inclusion-in-the-workplace,9,latino_people/employment__employment_benefits.txt,What factors influence employment benefits for Latino people in employment?,Latino people,minority,Ethnicity,Employment,Employment benefits,latino_people__employment__employment_benefits
0c65e50f9e1dfd01c944,https://www.arrowbenefitsgroup.com/5-ways-employers-can-attract-and-retain-a-hispanic-workforce/,https://arrowbenefitsgroup.com/5-ways-employers-can-attract-and-retain-a-hispanic-workforce,10,latino_people/employment__employment_benefits.txt,What factors influence employment benefits for Latino people in employment?,Latino people,minority,Ethnicity,Employment,Employment benefits,latino_people__employment__employment_benefits
1f9f5fbab0ecfc7f40ed,https://www.alight.com/blog/providing-benefits-hispanic-employees,https://alight.com/blog/providing-benefits-hispanic-employees,11,latino_people/employment__employment_benefits.txt,What factors influence employment benefits for Latino people in employment?,Latino people,minority,Ethnicity,Employment,Employment benefits,latino_people__employment__employment_benefits
89b62fc747e057c3a051,https://www.chro.org/w/new-report-reveals-what-is-important-at-work-for-l,https://chro.org/w/new-report-reveals-what-is-important-at-work-for-l,12,latino_people/employment__employment_benefits.txt,What factors influence employment benefits for Latino people in employment?,Latino people,minority,Ethnicity,Employment,Employment benefits,latino_people__employment__employment_benefits
77ce4b3f85ade59eea84,https://www.hispanicresearchcenter.org/research-resources/state-tanf-policies-practices-overview-administrative-burdens-latino-families/,https://hispanicresearchcenter.org/research-resources/state-tanf-policies-practices-overview-administrative-burdens-latino-families,1,latino_people/government_benefits__administrative_burden.txt,What factors influence administrative burden for Latino people in government benefits?,Latino people,minority,Ethnicity,Government Benefits,Administrative burden,latino_people__government_benefits__administrative_burden
2faa5423b0ef0b1013d9,https://pmc.ncbi.nlm.nih.gov/articles/PMC7893374/,https://pmc.ncbi.nlm.nih.gov/articles/PMC7893374,2,latino_people/government_benefits__administrative_burden.txt,What factors influence administrative burden for Latino people in government benefits?,Latino people,minority,Ethnicity,Government Benefits,Administrative burden,latino_people__government_benefits__administrative_burden
c99857df1712bb803a25,https://pmc.ncbi.nlm.nih.gov/articles/PMC10371221/,https://pmc.ncbi.nlm.nih.gov/articles/PMC10371221,3,latino_people/government_benefits__administrative_burden.txt,What factors influence administrative burden for Latino people in government benefits?,Latino people,minority,Ethnicity,Government Benefits,Administrative burden,latino_people__government_benefits__administrative_burden
ce82e9c36714876a1863,https://academic.oup.com/jpart/article/35/3/352/8123660?rss=1,https://academic.oup.com/jpart/article/35/3/352/8123660?rss=1,4,latino_people/government_benefits__administrative_burden.txt,What factors influence administrative burden for Latino people in government benefits?,Latino people,minority,Ethnicity,Government Benefits,Administrative burden,latino_people__government_benefits__administrative_burden
47cc2f0c8911dae0ee5d,https://pmc.ncbi.nlm.nih.gov/articles/PMC9376191/,https://pmc.ncbi.nlm.nih.gov/articles/PMC9376191,5,latino_people/government_benefits__administrative_burden.txt,What factors influence administrative burden for Latino people in government benefits?,Latino people,minority,Ethnicity,Government Benefits,Administrative burden,latino_people__government_benefits__administrative_burden
28d83b1aa21caa0b2177,https://onlinelibrary.wiley.com/doi/full/10.1111/jomf.13064,https://onlinelibrary.wiley.com/doi/full/10.1111/jomf.13064,6,latino_people/government_benefits__administrative_burden.txt,What factors influence administrative burden for Latino people in government benefits?,Latino people,minority,Ethnicity,Government Benefits,Administrative burden,latino_people__government_benefits__administrative_burden
2de6202ca94c0e10a9c0,https://www.hispanicresearchcenter.org/research-resources/child-care-subsidy-staff-share-perspectives-on-administrative-burden-faced-by-latino-applicants-in-north-carolina/,https://hispanicresearchcenter.org/research-resources/child-care-subsidy-staff-share-perspectives-on-administrative-burden-faced-by-latino-applicants-in-north-carolina,7,latino_people/government_benefits__administrative_burden.txt,What factors influence administrative burden for Latino people in government benefits?,Latino people,minority,Ethnicity,Government Benefits,Administrative burden,latino_people__government_benefits__administrative_burden
4052ba2940bc6c0e0fbd,https://scholarworks.calstate.edu/downloads/c534fz56g,https://scholarworks.calstate.edu/downloads/c534fz56g,8,latino_people/government_benefits__administrative_burden.txt,What factors influence administrative burden for Latino people in government benefits?,Latino people,minority,Ethnicity,Government Benefits,Administrative burden,latino_people__government_benefits__administrative_burden
b4ec4c2cd1b0234cbeab,https://pmc.ncbi.nlm.nih.gov/articles/PMC3105899/,https://pmc.ncbi.nlm.nih.gov/articles/PMC3105899,1,latino_people/healthcare__person_centered_care.txt,What factors influence person-centered care for Latino people in healthcare?,Latino people,minority,Ethnicity,Healthcare,Person-centered care,latino_people__healthcare__person_centered_care
5bc92f98ad1c1b6b176a,https://www.scu.edu/ethics/focus-areas/bioethics/resources/culturally-competent-care/culturally-competent-care-for-latino-patients/,https://scu.edu/ethics/focus-areas/bioethics/resources/culturally-competent-care/culturally-competent-care-for-latino-patients,2,latino_people/healthcare__person_centered_care.txt,What factors influence person-centered care for Latino people in healthcare?,Latino people,minority,Ethnicity,Healthcare,Person-centered care,latino_people__healthcare__person_centered_care
0d44401569dfb4f654b6,https://www.medschool.lsuhsc.edu/physiology/docs/Belief%20and%20Traditions%20that%20impact%20the%20Latino%20Healthcare.pdf,https://medschool.lsuhsc.edu/physiology/docs/Belief%20and%20Traditions%20that%20impact%20the%20Latino%20Healthcare.pdf,3,latino_people/healthcare__person_centered_care.txt,What factors influence person-centered care for Latino people in healthcare?,Latino people,minority,Ethnicity,Healthcare,Person-centered care,latino_people__healthcare__person_centered_care
59e37205f702a3642800,https://riosassociates.com/latino-core-cultural-values-and-their-benefits-in-offering-improved-medical-care/,https://riosassociates.com/latino-core-cultural-values-and-their-benefits-in-offering-improved-medical-care,4,latino_people/healthcare__person_centered_care.txt,What factors influence person-centered care for Latino people in healthcare?,Latino people,minority,Ethnicity,Healthcare,Person-centered care,latino_people__healthcare__person_centered_care
4854cb31c44670b216c6,https://pmc.ncbi.nlm.nih.gov/articles/PMC9888733/,https://pmc.ncbi.nlm.nih.gov/articles/PMC9888733,5,latino_people/healthcare__person_centered_care.txt,What factors influence person-centered care for Latino people in healthcare?,Latino people,minority,Ethnicity,Healthcare,Person-centered care,latino_people__healthcare__person_centered_care
5ffc4f200aa40b7f92fd,https://pmc.ncbi.nlm.nih.gov/articles/PMC4838486/,https://pmc.ncbi.nlm.nih.gov/articles/PMC4838486,6,latino_people/healthcare__person_centered_care.txt,What factors influence person-centered care for Latino people in healthcare?,Latino people,minority,Ethnicity,Healthcare,Person-centered care,latino_people__healthcare__person_centered_care
6358ad03af51c788a563,https://nursingbird.com/culturally-competent-care-for-hispanic-population/,https://nursingbird.com/culturally-competent-care-for-hispanic-population,7,latino_people/healthcare__person_centered_care.txt,What factors influence person-centered care for Latino people in healthcare?,Latino people,minority,Ethnicity,Healthcare,Person-centered care,latino_people__healthcare__person_centered_care
63afba54d0a4b5c7ed9f,https://pmc.ncbi.nlm.nih.gov/articles/PMC2764044/,https://pmc.ncbi.nlm.nih.gov/articles/PMC2764044,8,latino_people/healthcare__person_centered_care.txt,What factors influence person-centered care for Latino people in healthcare?,Latino people,minority,Ethnicity,Healthcare,Person-centered care,latino_people__healthcare__person_centered_care
b8c3033dc5038838e977,https://pmc.ncbi.nlm.nih.gov/articles/PMC7415496/,https://pmc.ncbi.nlm.nih.gov/articles/PMC7415496,9,latino_people/healthcare__person_centered_care.txt,What factors influence person-centered care for Latino people in healthcare?,Latino people,minority,Ethnicity,Healthcare,Person-centered care,latino_people__healthcare__person_centered_care
082256847a9dfc55ede5,https://www.urban.org/urban-wire/how-can-we-advance-latino-homeownership-and-housing-stability,https://urban.org/urban-wire/how-can-we-advance-latino-homeownership-and-housing-stability,1,latino_people/housing__neighborhood_quality.txt,What factors influence neighborhood quality for Latino people in housing?,Latino people,minority,Ethnicity,Housing,Neighborhood quality,latino_people__housing__neighborhood_quality
e48dbddb4595b8194e4f,https://www.habitatcltregion.org/blog/homeownership-in-latino-and-hispanic-communities,https://habitatcltregion.org/blog/homeownership-in-latino-and-hispanic-communities,2,latino_people/housing__neighborhood_quality.txt,What factors influence neighborhood quality for Latino people in housing?,Latino people,minority,Ethnicity,Housing,Neighborhood quality,latino_people__housing__neighborhood_quality
de878ec6e15882cf332e,https://archive-housingmatters.urban.org/articles/how-can-we-advance-latino-homeownership-and-housing-stability,https://archive-housingmatters.urban.org/articles/how-can-we-advance-latino-homeownership-and-housing-stability,3,latino_people/housing__neighborhood_quality.txt,What factors influence neighborhood quality for Latino people in housing?,Latino people,minority,Ethnicity,Housing,Neighborhood quality,latino_people__housing__neighborhood_quality
293ef7e1c6218c8e4e02,https://unidosus.org/blog/2019/05/16/latinos-housing-transportation-green-space/,https://unidosus.org/blog/2019/05/16/latinos-housing-transportation-green-space,4,latino_people/housing__neighborhood_quality.txt,What factors influence neighborhood quality for Latino people in housing?,Latino people,minority,Ethnicity,Housing,Neighborhood quality,latino_people__housing__neighborhood_quality
82ed2c3257a4974f88ec,https://latinopolicyforum.org/housing/,https://latinopolicyforum.org/housing,5,latino_people/housing__neighborhood_quality.txt,What factors influence neighborhood quality for Latino people in housing?,Latino people,minority,Ethnicity,Housing,Neighborhood quality,latino_people__housing__neighborhood_quality
b53c917eee6fcfffa10b,https://journals.sagepub.com/doi/10.1177/1535684120981344,https://journals.sagepub.com/doi/10.1177/1535684120981344,6,latino_people/housing__neighborhood_quality.txt,What factors influence neighborhood quality for Latino people in housing?,Latino people,minority,Ethnicity,Housing,Neighborhood quality,latino_people__housing__neighborhood_quality
3a2197ddc4b782b467b6,https://pmc.ncbi.nlm.nih.gov/articles/PMC3860281/,https://pmc.ncbi.nlm.nih.gov/articles/PMC3860281,7,latino_people/housing__neighborhood_quality.txt,What factors influence neighborhood quality for Latino people in housing?,Latino people,minority,Ethnicity,Housing,Neighborhood quality,latino_people__housing__neighborhood_quality
2968b809f664f799b973,https://nlihc.org/resource/latino-households-face-challenges-accessing-housing-assistance-programs,https://nlihc.org/resource/latino-households-face-challenges-accessing-housing-assistance-programs,8,latino_people/housing__neighborhood_quality.txt,What factors influence neighborhood quality for Latino people in housing?,Latino people,minority,Ethnicity,Housing,Neighborhood quality,latino_people__housing__neighborhood_quality
1242d8d7be328cbd3b29,https://home.treasury.gov/news/featured-stories/racial-differences-in-economic-security-housing,https://home.treasury.gov/news/featured-stories/racial-differences-in-economic-security-housing,9,latino_people/housing__neighborhood_quality.txt,What factors influence neighborhood quality for Latino people in housing?,Latino people,minority,Ethnicity,Housing,Neighborhood quality,latino_people__housing__neighborhood_quality
de48ea8b562251e2fe94,https://salud-america.org/the-state-of-latino-housing-transportation-greenspace-research/,https://salud-america.org/the-state-of-latino-housing-transportation-greenspace-research,10,latino_people/housing__neighborhood_quality.txt,What factors influence neighborhood quality for Latino people in housing?,Latino people,minority,Ethnicity,Housing,Neighborhood quality,latino_people__housing__neighborhood_quality
0547569f35ec56d89f01,https://www.lisc.org/san-diego/regional-stories/how-affordable-housing-impacts-latino-health/,https://lisc.org/san-diego/regional-stories/how-affordable-housing-impacts-latino-health,11,latino_people/housing__neighborhood_quality.txt,What factors influence neighborhood quality for Latino people in housing?,Latino people,minority,Ethnicity,Housing,Neighborhood quality,latino_people__housing__neighborhood_quality
53bd55aa7ffd1e320a01,https://www.experian.com/blogs/ask-experian/credit-education/score-basics/understanding-credit-scores/,https://experian.com/blogs/ask-experian/credit-education/score-basics/understanding-credit-scores,1,men/credit_and_financial_services__credit_score.txt,What factors influence credit score for Men in credit & financial services?,Men,majority,Gender,Credit & Financial Services,Credit score,men__credit_and_financial_services__credit_score
a24fbba165190ade9ba5,https://cuofga.org/the-5-factors-that-affect-your-credit-score-and-simple-ways-to-boost-them/,https://cuofga.org/the-5-factors-that-affect-your-credit-score-and-simple-ways-to-boost-them,2,men/credit_and_financial_services__credit_score.txt,What factors influence credit score for Men in credit & financial services?,Men,majority,Gender,Credit & Financial Services,Credit score,men__credit_and_financial_services__credit_score
6d28d2d6c1cad6166626,https://www.globalcu.org/learn/credit/what-5-factors-affect-your-credit-score/,https://globalcu.org/learn/credit/what-5-factors-affect-your-credit-score,3,men/credit_and_financial_services__credit_score.txt,What factors influence credit score for Men in credit & financial services?,Men,majority,Gender,Credit & Financial Services,Credit score,men__credit_and_financial_services__credit_score
1dbf5f1c2b42cc485259,https://bjs.ojp.gov/press-release/contacts-between-police-and-public-2020,https://bjs.ojp.gov/press-release/contacts-between-police-and-public-2020,1,men/criminal_justice__police_initiated_contact.txt,What factors influence police-initiated contact for Men in criminal justice?,Men,majority,Gender,Criminal Justice,Police-initiated contact,men__criminal_justice__police_initiated_contact
464822a6ede2214e36e6,https://bjs.ojp.gov/content/pub/pdf/cbpp18st.pdf,https://bjs.ojp.gov/content/pub/pdf/cbpp18st.pdf,2,men/criminal_justice__police_initiated_contact.txt,What factors influence police-initiated contact for Men in criminal justice?,Men,majority,Gender,Criminal Justice,Police-initiated contact,men__criminal_justice__police_initiated_contact
b7501cb300491e9a3461,https://www.prisonpolicy.org/blog/2024/12/19/policing_survey_2022/,https://prisonpolicy.org/blog/2024/12/19/policing_survey_2022,3,men/criminal_justice__police_initiated_contact.txt,What factors influence police-initiated contact for Men in criminal justice?,Men,majority,Gender,Criminal Justice,Police-initiated contact,men__criminal_justice__police_initiated_contact
5cf25f9c4cc358ea731b,https://pmc.ncbi.nlm.nih.gov/articles/PMC3868476/,https://pmc.ncbi.nlm.nih.gov/articles/PMC3868476,4,men/criminal_justice__police_initiated_contact.txt,What factors influence police-initiated contact for Men in criminal justice?,Men,majority,Gender,Criminal Justice,Police-initiated contact,men__criminal_justice__police_initiated_contact
39f1894f8ce0ebc61718,https://journals.sagepub.com/doi/10.1177/10986111251362429,https://journals.sagepub.com/doi/10.1177/10986111251362429,5,men/criminal_justice__police_initiated_contact.txt,What factors influence police-initiated contact for Men in criminal justice?,Men,majority,Gender,Criminal Justice,Police-initiated contact,men__criminal_justice__police_initiated_contact
e6846b02a3975408ae8c,https://bjs.ojp.gov/library/publications/contacts-between-police-and-public-2022,https://bjs.ojp.gov/library/publications/contacts-between-police-and-public-2022,6,men/criminal_justice__police_initiated_contact.txt,What factors influence police-initiated contact for Men in criminal justice?,Men,majority,Gender,Criminal Justice,Police-initiated contact,men__criminal_justice__police_initiated_contact
c6e64399b2bcb1ae60be,https://upward-mobility.urban.org/framework/governance/policing,https://upward-mobility.urban.org/framework/governance/policing,7,men/criminal_justice__police_initiated_contact.txt,What factors influence police-initiated contact for Men in criminal justice?,Men,majority,Gender,Criminal Justice,Police-initiated contact,men__criminal_justice__police_initiated_contact
8a87ad985d5c093a724e,https://aibm.org/research/male-college-enrollment-and-completion/,https://aibm.org/research/male-college-enrollment-and-completion,1,men/education__completion_graduation.txt,What factors influence completion/graduation for Men in education?,Men,majority,Gender,Education,Completion/graduation,men__education__completion_graduation
13d6cf4b07f62ebe6b53,https://www.pewresearch.org/short-reads/2021/11/08/whats-behind-the-growing-gap-between-men-and-women-in-college-completion/,https://pewresearch.org/short-reads/2021/11/08/whats-behind-the-growing-gap-between-men-and-women-in-college-completion,2,men/education__completion_graduation.txt,What factors influence completion/graduation for Men in education?,Men,majority,Gender,Education,Completion/graduation,men__education__completion_graduation
5b643ebd7b18e4c245f7,https://muse.jhu.edu/pub/30/article/488572/pdf,https://muse.jhu.edu/pub/30/article/488572/pdf,3,men/education__completion_graduation.txt,What factors influence completion/graduation for Men in education?,Men,majority,Gender,Education,Completion/graduation,men__education__completion_graduation
1a34459d27fa1e3fe593,https://link.springer.com/article/10.1007/s11162-024-09806-6,https://link.springer.com/article/10.1007/s11162-024-09806-6,4,men/education__completion_graduation.txt,What factors influence completion/graduation for Men in education?,Men,majority,Gender,Education,Completion/graduation,men__education__completion_graduation
e6ef8492433ff844aeac,https://www.harvardmagazine.com/2025/05/harvard-men-gender-gap-education-employment,https://harvardmagazine.com/2025/05/harvard-men-gender-gap-education-employment,5,men/education__completion_graduation.txt,What factors influence completion/graduation for Men in education?,Men,majority,Gender,Education,Completion/graduation,men__education__completion_graduation
70f4cfb76caefe0d0e85,https://www.weforum.org/stories/education-and-skills/what-s-behind-the-growing-gap-between-men-and-women-in-college-completion/,https://weforum.org/stories/education-and-skills/what-s-behind-the-growing-gap-between-men-and-women-in-college-completion,6,men/education__completion_graduation.txt,What factors influence completion/graduation for Men in education?,Men,majority,Gender,Education,Completion/graduation,men__education__completion_graduation
b415088048ed1e20f604,https://www.psichi.org/page/284EyeFactors-That-Lead-to-Higher-Graduation-Rates-and-Less-Drop-Out,https://psichi.org/page/284EyeFactors-That-Lead-to-Higher-Graduation-Rates-and-Less-Drop-Out,7,men/education__completion_graduation.txt,What factors influence completion/graduation for Men in education?,Men,majority,Gender,Education,Completion/graduation,men__education__completion_graduation
f9b099ca065758ff405f,https://eric.ed.gov/?id=ED563218,https://eric.ed.gov/?id=ED563218,8,men/education__completion_graduation.txt,What factors influence completion/graduation for Men in education?,Men,majority,Gender,Education,Completion/graduation,men__education__completion_graduation
18df31ff3bbad53851b2,https://scholarworks.lib.csusb.edu/cgi/viewcontent.cgi?article=3105&context=etd,https://scholarworks.lib.csusb.edu/cgi/viewcontent.cgi?article=3105&context=etd,9,men/education__completion_graduation.txt,What factors influence completion/graduation for Men in education?,Men,majority,Gender,Education,Completion/graduation,men__education__completion_graduation
15042b6ae49d928a1613,https://www.cbia.com/news/hr-safety/how-do-men-and-women-differ-when-it-comes-to-choosing-an-employer,https://cbia.com/news/hr-safety/how-do-men-and-women-differ-when-it-comes-to-choosing-an-employer,1,men/employment__employment_benefits.txt,What factors influence employment benefits for Men in employment?,Men,majority,Gender,Employment,Employment benefits,men__employment__employment_benefits
2e7148b6e1a950974deb,https://www.healthriskgroupbenefits.ca/blogs/what-men-seek-in-their-employee-benefits-plans/,https://healthriskgroupbenefits.ca/blogs/what-men-seek-in-their-employee-benefits-plans,2,men/employment__employment_benefits.txt,What factors influence employment benefits for Men in employment?,Men,majority,Gender,Employment,Employment benefits,men__employment__employment_benefits
83899073e11ec6728d39,https://www.wellable.co/blog/2015-12-09-study-age-gender-impact-employee-benefit-preference/,https://wellable.co/blog/2015-12-09-study-age-gender-impact-employee-benefit-preference,3,men/employment__employment_benefits.txt,What factors influence employment benefits for Men in employment?,Men,majority,Gender,Employment,Employment benefits,men__employment__employment_benefits
614ffc593275689394f0,https://www.mavenclinic.com/post/workplace-benefits-for-men,https://mavenclinic.com/post/workplace-benefits-for-men,4,men/employment__employment_benefits.txt,What factors influence employment benefits for Men in employment?,Men,majority,Gender,Employment,Employment benefits,men__employment__employment_benefits
cee45a8d4fe766f32822,https://au.adp.com/resources/articles-and-insights/articles/p/men-at-work.aspx,https://au.adp.com/resources/articles-and-insights/articles/p/men-at-work.aspx,5,men/employment__employment_benefits.txt,What factors influence employment benefits for Men in employment?,Men,majority,Gender,Employment,Employment benefits,men__employment__employment_benefits
76562337112284781e41,https://www.planadviser.com/employee-well-differs-significantly-demographic/,https://planadviser.com/employee-well-differs-significantly-demographic,6,men/employment__employment_benefits.txt,What factors influence employment benefits for Men in employment?,Men,majority,Gender,Employment,Employment benefits,men__employment__employment_benefits
cda276773d23948de3fe,https://www.benefitspro.com/2017/11/09/the-benefits-gap-men-make-greater-use-of-employee/,https://benefitspro.com/2017/11/09/the-benefits-gap-men-make-greater-use-of-employee,7,men/employment__employment_benefits.txt,What factors influence employment benefits for Men in employment?,Men,majority,Gender,Employment,Employment benefits,men__employment__employment_benefits
54d1a49b59bd181e5258,https://www.acus.gov/document/identifying-and-reducing-burdens-public-administrative-processes,https://acus.gov/document/identifying-and-reducing-burdens-public-administrative-processes,1,men/government_benefits__administrative_burden.txt,What factors influence administrative burden for Men in government benefits?,Men,majority,Gender,Government Benefits,Administrative burden,men__government_benefits__administrative_burden
5f250bd6cecd12f45831,https://www.americanprogress.org/article/how-to-address-the-administrative-burdens-of-accessing-the-safety-net/,https://americanprogress.org/article/how-to-address-the-administrative-burdens-of-accessing-the-safety-net,2,men/government_benefits__administrative_burden.txt,What factors influence administrative burden for Men in government benefits?,Men,majority,Gender,Government Benefits,Administrative burden,men__government_benefits__administrative_burden
e9123aab8fc77dc6fb16,https://pn3policy.org/blog/administrative-burden-blog/,https://pn3policy.org/blog/administrative-burden-blog,3,men/government_benefits__administrative_burden.txt,What factors influence administrative burden for Men in government benefits?,Men,majority,Gender,Government Benefits,Administrative burden,men__government_benefits__administrative_burden
43ab541df9f8813de9c0,https://academic.oup.com/jpart/article/25/1/43/885957,https://academic.oup.com/jpart/article/25/1/43/885957,4,men/government_benefits__administrative_burden.txt,What factors influence administrative burden for Men in government benefits?,Men,majority,Gender,Government Benefits,Administrative burden,men__government_benefits__administrative_burden
1760483afe70176c1873,https://www.healthaffairs.org/content/briefs/administrative-burdens-can-harm-health-1773889203949,https://healthaffairs.org/content/briefs/administrative-burdens-can-harm-health-1773889203949,5,men/government_benefits__administrative_burden.txt,What factors influence administrative burden for Men in government benefits?,Men,majority,Gender,Government Benefits,Administrative burden,men__government_benefits__administrative_burden
b26050f36e293b21387f,https://journal-bpa.org/index.php/jbpa/article/download/315/155/2684,https://journal-bpa.org/index.php/jbpa/article/download/315/155/2684,6,men/government_benefits__administrative_burden.txt,What factors influence administrative burden for Men in government benefits?,Men,majority,Gender,Government Benefits,Administrative burden,men__government_benefits__administrative_burden
94a1fd6bf0eeee7c13f5,https://onlinelibrary.wiley.com/doi/full/10.1111/puar.13134,https://onlinelibrary.wiley.com/doi/full/10.1111/puar.13134,7,men/government_benefits__administrative_burden.txt,What factors influence administrative burden for Men in government benefits?,Men,majority,Gender,Government Benefits,Administrative burden,men__government_benefits__administrative_burden
80ef5546326880e40115,https://pmc.ncbi.nlm.nih.gov/articles/PMC9322545/,https://pmc.ncbi.nlm.nih.gov/articles/PMC9322545,1,men/healthcare__person_centered_care.txt,What factors influence person-centered care for Men in healthcare?,Men,majority,Gender,Healthcare,Person-centered care,men__healthcare__person_centered_care
d76945f20c633e744e03,https://www.health.gov.au/sites/default/files/2023-07/men-s-and-boys-barriers-to-health-system-access-a-literature-review.pdf,https://health.gov.au/sites/default/files/2023-07/men-s-and-boys-barriers-to-health-system-access-a-literature-review.pdf,2,men/healthcare__person_centered_care.txt,What factors influence person-centered care for Men in healthcare?,Men,majority,Gender,Healthcare,Person-centered care,men__healthcare__person_centered_care
ec8c3df4431a0de31cc7,https://genesight.com/blog/barriers-at-every-turn-how-systemic-and-social-factors-block-men-from-mental-health-care/,https://genesight.com/blog/barriers-at-every-turn-how-systemic-and-social-factors-block-men-from-mental-health-care,3,men/healthcare__person_centered_care.txt,What factors influence person-centered care for Men in healthcare?,Men,majority,Gender,Healthcare,Person-centered care,men__healthcare__person_centered_care
379c22aeb0ac3e8ce08b,https://pmc.ncbi.nlm.nih.gov/articles/PMC12117241/,https://pmc.ncbi.nlm.nih.gov/articles/PMC12117241,4,men/healthcare__person_centered_care.txt,What factors influence person-centered care for Men in healthcare?,Men,majority,Gender,Healthcare,Person-centered care,men__healthcare__person_centered_care
3a0b822c903c374ce623,https://pmc.ncbi.nlm.nih.gov/articles/PMC12821302/,https://pmc.ncbi.nlm.nih.gov/articles/PMC12821302,5,men/healthcare__person_centered_care.txt,What factors influence person-centered care for Men in healthcare?,Men,majority,Gender,Healthcare,Person-centered care,men__healthcare__person_centered_care
ea52beaf078048d418c9,https://pmc.ncbi.nlm.nih.gov/articles/PMC9996733/,https://pmc.ncbi.nlm.nih.gov/articles/PMC9996733,6,men/healthcare__person_centered_care.txt,What factors influence person-centered care for Men in healthcare?,Men,majority,Gender,Healthcare,Person-centered care,men__healthcare__person_centered_care
d2e7576c94f229979ee5,https://www.news-medical.net/health/Impact-of-Masculinity-on-Mens-Health.aspx,https://news-medical.net/health/Impact-of-Masculinity-on-Mens-Health.aspx,7,men/healthcare__person_centered_care.txt,What factors influence person-centered care for Men in healthcare?,Men,majority,Gender,Healthcare,Person-centered care,men__healthcare__person_centered_care
5cc90408ac1d8c9c6b17,https://pmc.ncbi.nlm.nih.gov/articles/PMC10633931/,https://pmc.ncbi.nlm.nih.gov/articles/PMC10633931,8,men/healthcare__person_centered_care.txt,What factors influence person-centered care for Men in healthcare?,Men,majority,Gender,Healthcare,Person-centered care,men__healthcare__person_centered_care
ba0268f3ad83f9474586,https://pmc.ncbi.nlm.nih.gov/articles/PMC12101861/,https://pmc.ncbi.nlm.nih.gov/articles/PMC12101861,9,men/healthcare__person_centered_care.txt,What factors influence person-centered care for Men in healthcare?,Men,majority,Gender,Healthcare,Person-centered care,men__healthcare__person_centered_care
2eab419b4444beb43aac,https://azprimaryclinic.com/mens-health-breaking-down-barriers-to-healthcare-engagement/,https://azprimaryclinic.com/mens-health-breaking-down-barriers-to-healthcare-engagement,10,men/healthcare__person_centered_care.txt,What factors influence person-centered care for Men in healthcare?,Men,majority,Gender,Healthcare,Person-centered care,men__healthcare__person_centered_care
e0426390b9d579d11347,https://pmc.ncbi.nlm.nih.gov/articles/PMC10687291/,https://pmc.ncbi.nlm.nih.gov/articles/PMC10687291,1,men/housing__neighborhood_quality.txt,What factors influence neighborhood quality for Men in housing?,Men,majority,Gender,Housing,Neighborhood quality,men__housing__neighborhood_quality
705eb4b8eb9228e13bc1,https://www.tandfonline.com/doi/abs/10.1080/10511482.1999.9521345,https://tandfonline.com/doi/abs/10.1080/10511482.1999.9521345,2,men/housing__neighborhood_quality.txt,What factors influence neighborhood quality for Men in housing?,Men,majority,Gender,Housing,Neighborhood quality,men__housing__neighborhood_quality
dd0a00421a2176a3d797,https://pmc.ncbi.nlm.nih.gov/articles/PMC10139110/,https://pmc.ncbi.nlm.nih.gov/articles/PMC10139110,3,men/housing__neighborhood_quality.txt,What factors influence neighborhood quality for Men in housing?,Men,majority,Gender,Housing,Neighborhood quality,men__housing__neighborhood_quality
5d7f614a77d2fe5c1529,https://publichealth.jhu.edu/2025/new-insights-into-connection-between-housing-quality-and-population-health,https://publichealth.jhu.edu/2025/new-insights-into-connection-between-housing-quality-and-population-health,4,men/housing__neighborhood_quality.txt,What factors influence neighborhood quality for Men in housing?,Men,majority,Gender,Housing,Neighborhood quality,men__housing__neighborhood_quality
5d1810b5cc6e51914a88,https://theccd.org/article/the-impact-of-neighborhood-quality-on-peoples-mental-health/,https://theccd.org/article/the-impact-of-neighborhood-quality-on-peoples-mental-health,5,men/housing__neighborhood_quality.txt,What factors influence neighborhood quality for Men in housing?,Men,majority,Gender,Housing,Neighborhood quality,men__housing__neighborhood_quality
a01cc12a8bbc147f546b,https://odphp.health.gov/healthypeople/priority-areas/social-determinants-health/literature-summaries/quality-housing,https://odphp.health.gov/healthypeople/priority-areas/social-determinants-health/literature-summaries/quality-housing,6,men/housing__neighborhood_quality.txt,What factors influence neighborhood quality for Men in housing?,Men,majority,Gender,Housing,Neighborhood quality,men__housing__neighborhood_quality
9ce74ca6e4308a3711eb,https://psychology.town/environmental/assessing-residential-quality-enhanced-living/,https://psychology.town/environmental/assessing-residential-quality-enhanced-living,7,men/housing__neighborhood_quality.txt,What factors influence neighborhood quality for Men in housing?,Men,majority,Gender,Housing,Neighborhood quality,men__housing__neighborhood_quality
ad3e6c32a0702792d399,https://pmc.ncbi.nlm.nih.gov/articles/PMC3672407/,https://pmc.ncbi.nlm.nih.gov/articles/PMC3672407,8,men/housing__neighborhood_quality.txt,What factors influence neighborhood quality for Men in housing?,Men,majority,Gender,Housing,Neighborhood quality,men__housing__neighborhood_quality
90f384707c92f5159cce,https://www.cdc.gov/prepyourhealth/discussionguides/neighborhood.htm,https://cdc.gov/prepyourhealth/discussionguides/neighborhood.htm,9,men/housing__neighborhood_quality.txt,What factors influence neighborhood quality for Men in housing?,Men,majority,Gender,Housing,Neighborhood quality,men__housing__neighborhood_quality
99809f4c62b0a3797ed2,https://www.emerald.com/ijhma/article/19/3/581/1255642/Factors-influencing-residential-neighbourhood,https://emerald.com/ijhma/article/19/3/581/1255642/Factors-influencing-residential-neighbourhood,10,men/housing__neighborhood_quality.txt,What factors influence neighborhood quality for Men in housing?,Men,majority,Gender,Housing,Neighborhood quality,men__housing__neighborhood_quality
96437a65a313b21480cf,https://www.investopedia.com/average-credit-scores-by-race-5214521,https://investopedia.com/average-credit-scores-by-race-5214521,1,non_latino_people/credit_and_financial_services__credit_score.txt,What factors influence credit score for non-Latino people in credit & financial services?,non-Latino people,majority,Ethnicity,Credit & Financial Services,Credit score,non_latino_people__credit_and_financial_services__credit_score
92365c7540e3ccca0275,https://www.fico.com/blogs/do-credit-scores-have-disparate-impact-racial-minorities,https://fico.com/blogs/do-credit-scores-have-disparate-impact-racial-minorities,2,non_latino_people/credit_and_financial_services__credit_score.txt,What factors influence credit score for non-Latino people in credit & financial services?,non-Latino people,majority,Ethnicity,Credit & Financial Services,Credit score,non_latino_people__credit_and_financial_services__credit_score
106b0fe63a30b516b0bb,https://www.bestcolleges.com/resources/credit-literacy-black-hispanic-students/,https://bestcolleges.com/resources/credit-literacy-black-hispanic-students,3,non_latino_people/credit_and_financial_services__credit_score.txt,What factors influence credit score for non-Latino people in credit & financial services?,non-Latino people,majority,Ethnicity,Credit & Financial Services,Credit score,non_latino_people__credit_and_financial_services__credit_score
f68fae81696e5183ceac,https://www.wcnc.com/article/life/holidays/black-history-month/investopedia-report-financial-disparities-credit-scores-black-hispanic-native-communities/275-4f317033-2a1d-459a-b38c-1e9e43860e1e,https://wcnc.com/article/life/holidays/black-history-month/investopedia-report-financial-disparities-credit-scores-black-hispanic-native-communities/275-4f317033-2a1d-459a-b38c-1e9e43860e1e,4,non_latino_people/credit_and_financial_services__credit_score.txt,What factors influence credit score for non-Latino people in credit & financial services?,non-Latino people,majority,Ethnicity,Credit & Financial Services,Credit score,non_latino_people__credit_and_financial_services__credit_score
060c6ceb7f9542e6900f,https://www.cnbc.com/2021/01/28/black-and-hispanic-americans-often-have-lower-credit-scores.html,https://cnbc.com/2021/01/28/black-and-hispanic-americans-often-have-lower-credit-scores.html,5,non_latino_people/credit_and_financial_services__credit_score.txt,What factors influence credit score for non-Latino people in credit & financial services?,non-Latino people,majority,Ethnicity,Credit & Financial Services,Credit score,non_latino_people__credit_and_financial_services__credit_score
b7501cb300491e9a3461,https://www.prisonpolicy.org/blog/2024/12/19/policing_survey_2022/,https://prisonpolicy.org/blog/2024/12/19/policing_survey_2022,1,non_latino_people/criminal_justice__police_initiated_contact.txt,What factors influence police-initiated contact for non-Latino people in criminal justice?,non-Latino people,majority,Ethnicity,Criminal Justice,Police-initiated contact,non_latino_people__criminal_justice__police_initiated_contact
464822a6ede2214e36e6,https://bjs.ojp.gov/content/pub/pdf/cbpp18st.pdf,https://bjs.ojp.gov/content/pub/pdf/cbpp18st.pdf,2,non_latino_people/criminal_justice__police_initiated_contact.txt,What factors influence police-initiated contact for non-Latino people in criminal justice?,non-Latino people,majority,Ethnicity,Criminal Justice,Police-initiated contact,non_latino_people__criminal_justice__police_initiated_contact
5cf25f9c4cc358ea731b,https://pmc.ncbi.nlm.nih.gov/articles/PMC3868476/,https://pmc.ncbi.nlm.nih.gov/articles/PMC3868476,3,non_latino_people/criminal_justice__police_initiated_contact.txt,What factors influence police-initiated contact for non-Latino people in criminal justice?,non-Latino people,majority,Ethnicity,Criminal Justice,Police-initiated contact,non_latino_people__criminal_justice__police_initiated_contact
13102169fdbf1093ca52,https://www.ncsl.org/civil-and-criminal-justice/racial-and-ethnic-disparities-in-the-criminal-justice-system,https://ncsl.org/civil-and-criminal-justice/racial-and-ethnic-disparities-in-the-criminal-justice-system,4,non_latino_people/criminal_justice__police_initiated_contact.txt,What factors influence police-initiated contact for non-Latino people in criminal justice?,non-Latino people,majority,Ethnicity,Criminal Justice,Police-initiated contact,non_latino_people__criminal_justice__police_initiated_contact
65cbf1ed6ccc02225bc4,https://nscresearchcenter.org/signaturereport12-supplement-2/,https://nscresearchcenter.org/signaturereport12-supplement-2,1,non_latino_people/education__completion_graduation.txt,What factors influence completion/graduation for non-Latino people in education?,non-Latino people,majority,Ethnicity,Education,Completion/graduation,non_latino_people__education__completion_graduation
83ec61048185de90c6b1,https://nces.ed.gov/programs/raceindicators/indicator_red.asp,https://nces.ed.gov/programs/raceindicators/indicator_red.asp,2,non_latino_people/education__completion_graduation.txt,What factors influence completion/graduation for non-Latino people in education?,non-Latino people,majority,Ethnicity,Education,Completion/graduation,non_latino_people__education__completion_graduation
05240f2d1874b107df51,https://ifstudies.org/blog/the-college-completion-gap-and-how-to-close-it,https://ifstudies.org/blog/the-college-completion-gap-and-how-to-close-it,3,non_latino_people/education__completion_graduation.txt,What factors influence completion/graduation for non-Latino people in education?,non-Latino people,majority,Ethnicity,Education,Completion/graduation,non_latino_people__education__completion_graduation
7f563b4f4e319d95e5c6,https://edsurge.com/news/2023-10-17-how-can-colleges-close-the-latino-graduation-gap,https://edsurge.com/news/2023-10-17-how-can-colleges-close-the-latino-graduation-gap,4,non_latino_people/education__completion_graduation.txt,What factors influence completion/graduation for non-Latino people in education?,non-Latino people,majority,Ethnicity,Education,Completion/graduation,non_latino_people__education__completion_graduation
9e89c73929dfa036366d,https://www.brookings.edu/articles/racial-disparities-in-the-high-school-graduation-gender-gap/,https://brookings.edu/articles/racial-disparities-in-the-high-school-graduation-gender-gap,5,non_latino_people/education__completion_graduation.txt,What factors influence completion/graduation for non-Latino people in education?,non-Latino people,majority,Ethnicity,Education,Completion/graduation,non_latino_people__education__completion_graduation
c17454845bd8c8b65765,https://www.ncbi.nlm.nih.gov/sites/books/NBK19909/,https://ncbi.nlm.nih.gov/sites/books/NBK19909,6,non_latino_people/education__completion_graduation.txt,What factors influence completion/graduation for non-Latino people in education?,non-Latino people,majority,Ethnicity,Education,Completion/graduation,non_latino_people__education__completion_graduation
e564546afc98e4a71968,https://www.tandfonline.com/doi/full/10.1080/15348431.2022.2153847,https://tandfonline.com/doi/full/10.1080/15348431.2022.2153847,7,non_latino_people/education__completion_graduation.txt,What factors influence completion/graduation for non-Latino people in education?,non-Latino people,majority,Ethnicity,Education,Completion/graduation,non_latino_people__education__completion_graduation
a0ab27a11676ab28f524,https://nces.ed.gov/programs/coe/indicator/caa/young-adult-attainment,https://nces.ed.gov/programs/coe/indicator/caa/young-adult-attainment,8,non_latino_people/education__completion_graduation.txt,What factors influence completion/graduation for non-Latino people in education?,non-Latino people,majority,Ethnicity,Education,Completion/graduation,non_latino_people__education__completion_graduation
8a171b18198a75558117,https://laborcenter.berkeley.edu/job-based-coverage-is-less-common-among-workers-who-are-black-or-latino-low-wage-immigrants-and-young-adults/,https://laborcenter.berkeley.edu/job-based-coverage-is-less-common-among-workers-who-are-black-or-latino-low-wage-immigrants-and-young-adults,1,non_latino_people/employment__employment_benefits.txt,What factors influence employment benefits for non-Latino people in employment?,non-Latino people,majority,Ethnicity,Employment,Employment benefits,non_latino_people__employment__employment_benefits
b934157df7b8d5def47c,https://www.epi.org/publication/racial-representation-prof-occ/,https://epi.org/publication/racial-representation-prof-occ,2,non_latino_people/employment__employment_benefits.txt,What factors influence employment benefits for non-Latino people in employment?,non-Latino people,majority,Ethnicity,Employment,Employment benefits,non_latino_people__employment__employment_benefits
bb57ffcedce05262840e,https://workrisenetwork.org/working-knowledge/who-gets-what-job-taking-racial-equity-approach-improving-job-quality,https://workrisenetwork.org/working-knowledge/who-gets-what-job-taking-racial-equity-approach-improving-job-quality,3,non_latino_people/employment__employment_benefits.txt,What factors influence employment benefits for non-Latino people in employment?,non-Latino people,majority,Ethnicity,Employment,Employment benefits,non_latino_people__employment__employment_benefits
ce748819bdc92e8757a4,https://www.bls.gov/opub/reports/race-and-ethnicity/2023/,https://bls.gov/opub/reports/race-and-ethnicity/2023,4,non_latino_people/employment__employment_benefits.txt,What factors influence employment benefits for non-Latino people in employment?,non-Latino people,majority,Ethnicity,Employment,Employment benefits,non_latino_people__employment__employment_benefits
a440ac1996fbeabd926c,https://openscholarship.wustl.edu/cgi/viewcontent.cgi?article=1978&context=csd_research,https://openscholarship.wustl.edu/cgi/viewcontent.cgi?article=1978&context=csd_research,1,non_latino_people/government_benefits__administrative_burden.txt,What factors influence administrative burden for non-Latino people in government benefits?,non-Latino people,majority,Ethnicity,Government Benefits,Administrative burden,non_latino_people__government_benefits__administrative_burden
58c2273d36096f902eb2,https://digitalgovernmenthub.org/wp-content/uploads/2025/12/Racial-and-Ethnic-Differences-in-Experiencing-Administrative-Burd.pdf,https://digitalgovernmenthub.org/wp-content/uploads/2025/12/Racial-and-Ethnic-Differences-in-Experiencing-Administrative-Burd.pdf,2,non_latino_people/government_benefits__administrative_burden.txt,What factors influence administrative burden for non-Latino people in government benefits?,non-Latino people,majority,Ethnicity,Government Benefits,Administrative burden,non_latino_people__government_benefits__administrative_burden
5f8f87ba06b9255a2882,https://openscholarship.wustl.edu/csd_research/979/,https://openscholarship.wustl.edu/csd_research/979,3,non_latino_people/government_benefits__administrative_burden.txt,What factors influence administrative burden for non-Latino people in government benefits?,non-Latino people,majority,Ethnicity,Government Benefits,Administrative burden,non_latino_people__government_benefits__administrative_burden
62575baae600f7c3b2cd,https://pmc.ncbi.nlm.nih.gov/articles/PMC12129408/,https://pmc.ncbi.nlm.nih.gov/articles/PMC12129408,4,non_latino_people/government_benefits__administrative_burden.txt,What factors influence administrative burden for non-Latino people in government benefits?,non-Latino people,majority,Ethnicity,Government Benefits,Administrative burden,non_latino_people__government_benefits__administrative_burden
28d83b1aa21caa0b2177,https://onlinelibrary.wiley.com/doi/full/10.1111/jomf.13064,https://onlinelibrary.wiley.com/doi/full/10.1111/jomf.13064,5,non_latino_people/government_benefits__administrative_burden.txt,What factors influence administrative burden for non-Latino people in government benefits?,non-Latino people,majority,Ethnicity,Government Benefits,Administrative burden,non_latino_people__government_benefits__administrative_burden
34c9a057de58ca5a4669,https://pmc.ncbi.nlm.nih.gov/articles/PMC11977188/,https://pmc.ncbi.nlm.nih.gov/articles/PMC11977188,1,non_latino_people/healthcare__person_centered_care.txt,What factors influence person-centered care for non-Latino people in healthcare?,non-Latino people,majority,Ethnicity,Healthcare,Person-centered care,non_latino_people__healthcare__person_centered_care
f7efb5a43d7337fe5a2f,https://pmc.ncbi.nlm.nih.gov/articles/PMC9117574/,https://pmc.ncbi.nlm.nih.gov/articles/PMC9117574,2,non_latino_people/healthcare__person_centered_care.txt,What factors influence person-centered care for non-Latino people in healthcare?,non-Latino people,majority,Ethnicity,Healthcare,Person-centered care,non_latino_people__healthcare__person_centered_care
1a725be3b66986312a19,https://pmc.ncbi.nlm.nih.gov/articles/PMC5060265/,https://pmc.ncbi.nlm.nih.gov/articles/PMC5060265,3,non_latino_people/healthcare__person_centered_care.txt,What factors influence person-centered care for non-Latino people in healthcare?,non-Latino people,majority,Ethnicity,Healthcare,Person-centered care,non_latino_people__healthcare__person_centered_care
88e8e133688650a9d942,https://www.learn2care.us/blog/the-power-of-person-centered-care-for-minorities/,https://learn2care.us/blog/the-power-of-person-centered-care-for-minorities,4,non_latino_people/healthcare__person_centered_care.txt,What factors influence person-centered care for non-Latino people in healthcare?,non-Latino people,majority,Ethnicity,Healthcare,Person-centered care,non_latino_people__healthcare__person_centered_care
7de5ea1950da89473ae3,https://pmc.ncbi.nlm.nih.gov/articles/PMC11319094/,https://pmc.ncbi.nlm.nih.gov/articles/PMC11319094,5,non_latino_people/healthcare__person_centered_care.txt,What factors influence person-centered care for non-Latino people in healthcare?,non-Latino people,majority,Ethnicity,Healthcare,Person-centered care,non_latino_people__healthcare__person_centered_care
ba799a234ecdb718d98c,https://link.springer.com/article/10.1186/s12913-020-05357-5,https://link.springer.com/article/10.1186/s12913-020-05357-5,6,non_latino_people/healthcare__person_centered_care.txt,What factors influence person-centered care for non-Latino people in healthcare?,non-Latino people,majority,Ethnicity,Healthcare,Person-centered care,non_latino_people__healthcare__person_centered_care
aef6a700b378fbe0fdc3,https://pmc.ncbi.nlm.nih.gov/articles/PMC5538350/,https://pmc.ncbi.nlm.nih.gov/articles/PMC5538350,7,non_latino_people/healthcare__person_centered_care.txt,What factors influence person-centered care for non-Latino people in healthcare?,non-Latino people,majority,Ethnicity,Healthcare,Person-centered care,non_latino_people__healthcare__person_centered_care
9139bb9661ebaa030c0a,https://pmc.ncbi.nlm.nih.gov/articles/PMC3704191/,https://pmc.ncbi.nlm.nih.gov/articles/PMC3704191,1,non_latino_people/housing__neighborhood_quality.txt,What factors influence neighborhood quality for non-Latino people in housing?,non-Latino people,majority,Ethnicity,Housing,Neighborhood quality,non_latino_people__housing__neighborhood_quality
a8183659fab024db62a0,https://read.dukeupress.edu/demography/article/48/3/1203/169806/The-Determinants-of-Neighborhood-Satisfaction,https://read.dukeupress.edu/demography/article/48/3/1203/169806/The-Determinants-of-Neighborhood-Satisfaction,2,non_latino_people/housing__neighborhood_quality.txt,What factors influence neighborhood quality for non-Latino people in housing?,non-Latino people,majority,Ethnicity,Housing,Neighborhood quality,non_latino_people__housing__neighborhood_quality
4dc60f715c42131ba625,https://pmc.ncbi.nlm.nih.gov/articles/PMC3694587/,https://pmc.ncbi.nlm.nih.gov/articles/PMC3694587,3,non_latino_people/housing__neighborhood_quality.txt,What factors influence neighborhood quality for non-Latino people in housing?,non-Latino people,majority,Ethnicity,Housing,Neighborhood quality,non_latino_people__housing__neighborhood_quality
201b255c7bfed6b4cd93,https://www.journals.uchicago.edu/doi/10.1086/599248,https://journals.uchicago.edu/doi/10.1086/599248,4,non_latino_people/housing__neighborhood_quality.txt,What factors influence neighborhood quality for non-Latino people in housing?,non-Latino people,majority,Ethnicity,Housing,Neighborhood quality,non_latino_people__housing__neighborhood_quality
9fe580c39d4dd212b1b1,https://www.urban.org/racial-equity-analytics-lab/structural-racism-explainer-collection/causes-and-consequences-separate-and-unequal-neighborhoods,https://urban.org/racial-equity-analytics-lab/structural-racism-explainer-collection/causes-and-consequences-separate-and-unequal-neighborhoods,5,non_latino_people/housing__neighborhood_quality.txt,What factors influence neighborhood quality for non-Latino people in housing?,non-Latino people,majority,Ethnicity,Housing,Neighborhood quality,non_latino_people__housing__neighborhood_quality
3a2197ddc4b782b467b6,https://pmc.ncbi.nlm.nih.gov/articles/PMC3860281/,https://pmc.ncbi.nlm.nih.gov/articles/PMC3860281,6,non_latino_people/housing__neighborhood_quality.txt,What factors influence neighborhood quality for non-Latino people in housing?,non-Latino people,majority,Ethnicity,Housing,Neighborhood quality,non_latino_people__housing__neighborhood_quality
b590fb9b06f5b8c772fd,https://www.researchgate.net/publication/257348762_Housing_and_Neighborhood_Quality_Among_Undocumented_Mexican_and_Central_American_Immigrants,https://researchgate.net/publication/257348762_Housing_and_Neighborhood_Quality_Among_Undocumented_Mexican_and_Central_American_Immigrants,7,non_latino_people/housing__neighborhood_quality.txt,What factors influence neighborhood quality for non-Latino people in housing?,non-Latino people,majority,Ethnicity,Housing,Neighborhood quality,non_latino_people__housing__neighborhood_quality
9c6b117897181b4107bf,https://archive-housingmatters.urban.org/research-summary/are-homebuyers-and-renters-color-deterred-high-quality-neighborhoods/,https://archive-housingmatters.urban.org/research-summary/are-homebuyers-and-renters-color-deterred-high-quality-neighborhoods,8,non_latino_people/housing__neighborhood_quality.txt,What factors influence neighborhood quality for non-Latino people in housing?,non-Latino people,majority,Ethnicity,Housing,Neighborhood quality,non_latino_people__housing__neighborhood_quality
6c36d5e7c82527e42ca1,https://www.youtube.com/watch?v=J54Ie0R5S7s&t=1,https://youtube.com/watch?t=1&v=J54Ie0R5S7s,9,non_latino_people/housing__neighborhood_quality.txt,What factors influence neighborhood quality for non-Latino people in housing?,non-Latino people,majority,Ethnicity,Housing,Neighborhood quality,non_latino_people__housing__neighborhood_quality
3cd88176e18b833ed2e4,https://pmc.ncbi.nlm.nih.gov/articles/PMC4064587/,https://pmc.ncbi.nlm.nih.gov/articles/PMC4064587,10,non_latino_people/housing__neighborhood_quality.txt,What factors influence neighborhood quality for non-Latino people in housing?,non-Latino people,majority,Ethnicity,Housing,Neighborhood quality,non_latino_people__housing__neighborhood_quality
700b83abcede3d0dbea8,https://bipartisanpolicy.org/report/understanding-and-addressing-racial-and-ethnic-disparities-in-housing/,https://bipartisanpolicy.org/report/understanding-and-addressing-racial-and-ethnic-disparities-in-housing,11,non_latino_people/housing__neighborhood_quality.txt,What factors influence neighborhood quality for non-Latino people in housing?,non-Latino people,majority,Ethnicity,Housing,Neighborhood quality,non_latino_people__housing__neighborhood_quality
58425b2cdafc73f78093,https://www.experian.com/blogs/ask-experian/credit-education/score-basics/what-affects-your-credit-scores/,https://experian.com/blogs/ask-experian/credit-education/score-basics/what-affects-your-credit-scores,1,people/credit_and_financial_services__credit_score.txt,What factors influence credit score for people in credit & financial services?,people,control,Control,Credit & Financial Services,Credit score,people__credit_and_financial_services__credit_score
53bd55aa7ffd1e320a01,https://www.experian.com/blogs/ask-experian/credit-education/score-basics/understanding-credit-scores/,https://experian.com/blogs/ask-experian/credit-education/score-basics/understanding-credit-scores,2,people/credit_and_financial_services__credit_score.txt,What factors influence credit score for people in credit & financial services?,people,control,Control,Credit & Financial Services,Credit score,people__credit_and_financial_services__credit_score
0ac23f6d518c26d4f998,https://www.ne.bank/factors-that-influence-your-credit-score,https://ne.bank/factors-that-influence-your-credit-score,3,people/credit_and_financial_services__credit_score.txt,What factors influence credit score for people in credit & financial services?,people,control,Control,Credit & Financial Services,Credit score,people__credit_and_financial_services__credit_score
c4e24e6347b9aa5690d9,https://providentcu.org/blog/news/5-key-factors-that-impact-your-credit-score,https://providentcu.org/blog/news/5-key-factors-that-impact-your-credit-score,4,people/credit_and_financial_services__credit_score.txt,What factors influence credit score for people in credit & financial services?,people,control,Control,Credit & Financial Services,Credit score,people__credit_and_financial_services__credit_score
a49da209ced3b0e5c74f,https://www.bankpullman.com/articles/2024/06/5-factors-that-impact-your-credit-score-blog.html,https://bankpullman.com/articles/2024/06/5-factors-that-impact-your-credit-score-blog.html,5,people/credit_and_financial_services__credit_score.txt,What factors influence credit score for people in credit & financial services?,people,control,Control,Credit & Financial Services,Credit score,people__credit_and_financial_services__credit_score
a24fbba165190ade9ba5,https://cuofga.org/the-5-factors-that-affect-your-credit-score-and-simple-ways-to-boost-them/,https://cuofga.org/the-5-factors-that-affect-your-credit-score-and-simple-ways-to-boost-them,6,people/credit_and_financial_services__credit_score.txt,What factors influence credit score for people in credit & financial services?,people,control,Control,Credit & Financial Services,Credit score,people__credit_and_financial_services__credit_score
6fc5894d51ffcb8e4947,https://consumer.ftc.gov/articles/credit-scores,https://consumer.ftc.gov/articles/credit-scores,7,people/credit_and_financial_services__credit_score.txt,What factors influence credit score for people in credit & financial services?,people,control,Control,Credit & Financial Services,Credit score,people__credit_and_financial_services__credit_score
49ffd845dcfef85f5f3a,https://www.myfico.com/credit-education/whats-in-your-credit-score,https://myfico.com/credit-education/whats-in-your-credit-score,8,people/credit_and_financial_services__credit_score.txt,What factors influence credit score for people in credit & financial services?,people,control,Control,Credit & Financial Services,Credit score,people__credit_and_financial_services__credit_score
b7501cb300491e9a3461,https://www.prisonpolicy.org/blog/2024/12/19/policing_survey_2022/,https://prisonpolicy.org/blog/2024/12/19/policing_survey_2022,1,people/criminal_justice__police_initiated_contact.txt,What factors influence police-initiated contact for people in criminal justice?,people,control,Control,Criminal Justice,Police-initiated contact,people__criminal_justice__police_initiated_contact
5cf25f9c4cc358ea731b,https://pmc.ncbi.nlm.nih.gov/articles/PMC3868476/,https://pmc.ncbi.nlm.nih.gov/articles/PMC3868476,2,people/criminal_justice__police_initiated_contact.txt,What factors influence police-initiated contact for people in criminal justice?,people,control,Control,Criminal Justice,Police-initiated contact,people__criminal_justice__police_initiated_contact
e6846b02a3975408ae8c,https://bjs.ojp.gov/library/publications/contacts-between-police-and-public-2022,https://bjs.ojp.gov/library/publications/contacts-between-police-and-public-2022,3,people/criminal_justice__police_initiated_contact.txt,What factors influence police-initiated contact for people in criminal justice?,people,control,Control,Criminal Justice,Police-initiated contact,people__criminal_justice__police_initiated_contact
1dbf5f1c2b42cc485259,https://bjs.ojp.gov/press-release/contacts-between-police-and-public-2020,https://bjs.ojp.gov/press-release/contacts-between-police-and-public-2020,4,people/criminal_justice__police_initiated_contact.txt,What factors influence police-initiated contact for people in criminal justice?,people,control,Control,Criminal Justice,Police-initiated contact,people__criminal_justice__police_initiated_contact
a4e57896d0aa8e859b6b,https://www.cato.org/policing-in-america/chapter-3/personal-contact-police-and-justice-system,https://cato.org/policing-in-america/chapter-3/personal-contact-police-and-justice-system,5,people/criminal_justice__police_initiated_contact.txt,What factors influence police-initiated contact for people in criminal justice?,people,control,Control,Criminal Justice,Police-initiated contact,people__criminal_justice__police_initiated_contact
dd59138ba4b63d7a8df1,https://journals.sagepub.com/doi/10.1177/00111287231226188,https://journals.sagepub.com/doi/10.1177/00111287231226188,6,people/criminal_justice__police_initiated_contact.txt,What factors influence police-initiated contact for people in criminal justice?,people,control,Control,Criminal Justice,Police-initiated contact,people__criminal_justice__police_initiated_contact
c2af70405d67f4d5d4ef,https://www.higheredtoday.org/2024/05/20/understanding-the-factors-behind-college-completion/,https://higheredtoday.org/2024/05/20/understanding-the-factors-behind-college-completion,1,people/education__completion_graduation.txt,What factors influence completion/graduation for people in education?,people,control,Control,Education,Completion/graduation,people__education__completion_graduation
b415088048ed1e20f604,https://www.psichi.org/page/284EyeFactors-That-Lead-to-Higher-Graduation-Rates-and-Less-Drop-Out,https://psichi.org/page/284EyeFactors-That-Lead-to-Higher-Graduation-Rates-and-Less-Drop-Out,2,people/education__completion_graduation.txt,What factors influence completion/graduation for people in education?,people,control,Control,Education,Completion/graduation,people__education__completion_graduation
41443504d2f7d1c7127c,https://strivetogether.org/resources/why-high-school-graduation-matters/,https://strivetogether.org/resources/why-high-school-graduation-matters,3,people/education__completion_graduation.txt,What factors influence completion/graduation for people in education?,people,control,Control,Education,Completion/graduation,people__education__completion_graduation
3b909329a2a4c297e67a,https://edsource.org/updates/first-year-performance-among-top-predictors-of-timely-college-graduation,https://edsource.org/updates/first-year-performance-among-top-predictors-of-timely-college-graduation,4,people/education__completion_graduation.txt,What factors influence completion/graduation for people in education?,people,control,Control,Education,Completion/graduation,people__education__completion_graduation
3830e7b73e3e225463eb,https://aascu.org/resources/graduation-rates-and-student-success-squaring-means-and-ends/,https://aascu.org/resources/graduation-rates-and-student-success-squaring-means-and-ends,5,people/education__completion_graduation.txt,What factors influence completion/graduation for people in education?,people,control,Control,Education,Completion/graduation,people__education__completion_graduation
0d7c239e0d86cd558a38,https://www.aft.org/ae/spring2004/rosenbaum_sb3,https://aft.org/ae/spring2004/rosenbaum_sb3,6,people/education__completion_graduation.txt,What factors influence completion/graduation for people in education?,people,control,Control,Education,Completion/graduation,people__education__completion_graduation
728e917728ba138813dc,https://odphp.health.gov/healthypeople/priority-areas/social-determinants-health/literature-summaries/high-school-graduation,https://odphp.health.gov/healthypeople/priority-areas/social-determinants-health/literature-summaries/high-school-graduation,7,people/education__completion_graduation.txt,What factors influence completion/graduation for people in education?,people,control,Control,Education,Completion/graduation,people__education__completion_graduation
aba1a537a7ee56f0c808,https://wsac.wa.gov/sites/default/files/2015.12.3.Ritter.Graduation.Issue.Brief.pdf,https://wsac.wa.gov/sites/default/files/2015.12.3.Ritter.Graduation.Issue.Brief.pdf,8,people/education__completion_graduation.txt,What factors influence completion/graduation for people in education?,people,control,Control,Education,Completion/graduation,people__education__completion_graduation
bbaccd6e787d6a32612d,https://www.sciencedirect.com/science/article/abs/pii/S0140197120301445,https://sciencedirect.com/science/article/abs/pii/S0140197120301445,9,people/education__completion_graduation.txt,What factors influence completion/graduation for people in education?,people,control,Control,Education,Completion/graduation,people__education__completion_graduation
26776630231348041a4a,https://www.earnest.com/blog/graduation-and-retention-rates,https://earnest.com/blog/graduation-and-retention-rates,10,people/education__completion_graduation.txt,What factors influence completion/graduation for people in education?,people,control,Control,Education,Completion/graduation,people__education__completion_graduation
a861027e383d5d64e19d,https://www.mavenclinic.com/post/what-are-employee-benefits,https://mavenclinic.com/post/what-are-employee-benefits,1,people/employment__employment_benefits.txt,What factors influence employment benefits for people in employment?,people,control,Control,Employment,Employment benefits,people__employment__employment_benefits
07d768cf05082991df42,https://www.rueinsurance.com/blog/the-role-of-employee-benefits-in-talent-retention-and-recruitment/,https://rueinsurance.com/blog/the-role-of-employee-benefits-in-talent-retention-and-recruitment,2,people/employment__employment_benefits.txt,What factors influence employment benefits for people in employment?,people,control,Control,Employment,Employment benefits,people__employment__employment_benefits
20254c71cc251f7070b5,https://www.adp.com/spark/articles/2024/10/how-unique-employee-benefits-can-give-you-an-edge-in-recruiting.aspx,https://adp.com/spark/articles/2024/10/how-unique-employee-benefits-can-give-you-an-edge-in-recruiting.aspx,3,people/employment__employment_benefits.txt,What factors influence employment benefits for people in employment?,people,control,Control,Employment,Employment benefits,people__employment__employment_benefits
9859a8edc19a4b8b2cf6,https://aptia-group.com/en-us/insights/why-are-employee-benefits-important-employees,https://aptia-group.com/en-us/insights/why-are-employee-benefits-important-employees,4,people/employment__employment_benefits.txt,What factors influence employment benefits for people in employment?,people,control,Control,Employment,Employment benefits,people__employment__employment_benefits
664bd860804257996d32,https://www.commpayhr.com/insights-resources/the-growing-importance-of-employee-benefits-in-talent-recruitment-and-retention/,https://commpayhr.com/insights-resources/the-growing-importance-of-employee-benefits-in-talent-recruitment-and-retention,5,people/employment__employment_benefits.txt,What factors influence employment benefits for people in employment?,people,control,Control,Employment,Employment benefits,people__employment__employment_benefits
f7576114b2d045f126a0,https://benefitwerks.com/blog/the-role-of-benefits-in-shaping-workplace-culture-key-factors-for-organizational-success/,https://benefitwerks.com/blog/the-role-of-benefits-in-shaping-workplace-culture-key-factors-for-organizational-success,6,people/employment__employment_benefits.txt,What factors influence employment benefits for people in employment?,people,control,Control,Employment,Employment benefits,people__employment__employment_benefits
9d3617d27a486423fd7f,https://thedecisionlab.com/big-problems/reducing-administrative-burden-in-public-services,https://thedecisionlab.com/big-problems/reducing-administrative-burden-in-public-services,1,people/government_benefits__administrative_burden.txt,What factors influence administrative burden for people in government benefits?,people,control,Control,Government Benefits,Administrative burden,people__government_benefits__administrative_burden
5f250bd6cecd12f45831,https://www.americanprogress.org/article/how-to-address-the-administrative-burdens-of-accessing-the-safety-net/,https://americanprogress.org/article/how-to-address-the-administrative-burdens-of-accessing-the-safety-net,2,people/government_benefits__administrative_burden.txt,What factors influence administrative burden for people in government benefits?,people,control,Control,Government Benefits,Administrative burden,people__government_benefits__administrative_burden
1760483afe70176c1873,https://www.healthaffairs.org/content/briefs/administrative-burdens-can-harm-health-1773889203949,https://healthaffairs.org/content/briefs/administrative-burdens-can-harm-health-1773889203949,3,people/government_benefits__administrative_burden.txt,What factors influence administrative burden for people in government benefits?,people,control,Control,Government Benefits,Administrative burden,people__government_benefits__administrative_burden
ac3eeb580aa80a940d14,https://www.cbpp.org/research/health/states-can-reduce-medicaids-administrative-burdens-to-advance-health-and-racial,https://cbpp.org/research/health/states-can-reduce-medicaids-administrative-burdens-to-advance-health-and-racial,4,people/government_benefits__administrative_burden.txt,What factors influence administrative burden for people in government benefits?,people,control,Control,Government Benefits,Administrative burden,people__government_benefits__administrative_burden
54d1a49b59bd181e5258,https://www.acus.gov/document/identifying-and-reducing-burdens-public-administrative-processes,https://acus.gov/document/identifying-and-reducing-burdens-public-administrative-processes,5,people/government_benefits__administrative_burden.txt,What factors influence administrative burden for people in government benefits?,people,control,Control,Government Benefits,Administrative burden,people__government_benefits__administrative_burden
253669250bedd5d53be8,https://www.rsfjournal.org/content/9/4/1,https://rsfjournal.org/content/9/4/1,6,people/government_benefits__administrative_burden.txt,What factors influence administrative burden for people in government benefits?,people,control,Control,Government Benefits,Administrative burden,people__government_benefits__administrative_burden
9635a04fc6e1f0807068,https://pmc.ncbi.nlm.nih.gov/articles/PMC6988471/,https://pmc.ncbi.nlm.nih.gov/articles/PMC6988471,7,people/government_benefits__administrative_burden.txt,What factors influence administrative burden for people in government benefits?,people,control,Control,Government Benefits,Administrative burden,people__government_benefits__administrative_burden
e9123aab8fc77dc6fb16,https://pn3policy.org/blog/administrative-burden-blog/,https://pn3policy.org/blog/administrative-burden-blog,8,people/government_benefits__administrative_burden.txt,What factors influence administrative burden for people in government benefits?,people,control,Control,Government Benefits,Administrative burden,people__government_benefits__administrative_burden
50713f949efebcc03b7e,https://pmc.ncbi.nlm.nih.gov/articles/PMC11663035/,https://pmc.ncbi.nlm.nih.gov/articles/PMC11663035,1,people/healthcare__person_centered_care.txt,What factors influence person-centered care for people in healthcare?,people,control,Control,Healthcare,Person-centered care,people__healthcare__person_centered_care
02a9b21d6fa3d6835c64,https://www.mdpi.com/2227-9032/12/22/2269,https://mdpi.com/2227-9032/12/22/2269,2,people/healthcare__person_centered_care.txt,What factors influence person-centered care for people in healthcare?,people,control,Control,Healthcare,Person-centered care,people__healthcare__person_centered_care
af124b6fcb490deeed85,https://www.chartspan.com/blog/patient-centered-care-explained-with-examples/,https://chartspan.com/blog/patient-centered-care-explained-with-examples,3,people/healthcare__person_centered_care.txt,What factors influence person-centered care for people in healthcare?,people,control,Control,Healthcare,Person-centered care,people__healthcare__person_centered_care
57588d7962c53978e627,https://pmc.ncbi.nlm.nih.gov/articles/PMC6465833/,https://pmc.ncbi.nlm.nih.gov/articles/PMC6465833,4,people/healthcare__person_centered_care.txt,What factors influence person-centered care for people in healthcare?,people,control,Control,Healthcare,Person-centered care,people__healthcare__person_centered_care
3307192186078070dc12,https://www.planningmalaysia.org/index.php/pmj/article/view/Article%2010-1,https://planningmalaysia.org/index.php/pmj/article/view/Article%2010-1,1,people/housing__neighborhood_quality.txt,What factors influence neighborhood quality for people in housing?,people,control,Control,Housing,Neighborhood quality,people__housing__neighborhood_quality
a01cc12a8bbc147f546b,https://odphp.health.gov/healthypeople/priority-areas/social-determinants-health/literature-summaries/quality-housing,https://odphp.health.gov/healthypeople/priority-areas/social-determinants-health/literature-summaries/quality-housing,2,people/housing__neighborhood_quality.txt,What factors influence neighborhood quality for people in housing?,people,control,Control,Housing,Neighborhood quality,people__housing__neighborhood_quality
cf783cccea653f83fbd5,https://nursing.jhu.edu/magazine/articles/2025/03/new-insights-into-connection-between-housing-quality-and-population-health/,https://nursing.jhu.edu/magazine/articles/2025/03/new-insights-into-connection-between-housing-quality-and-population-health,3,people/housing__neighborhood_quality.txt,What factors influence neighborhood quality for people in housing?,people,control,Control,Housing,Neighborhood quality,people__housing__neighborhood_quality
e0426390b9d579d11347,https://pmc.ncbi.nlm.nih.gov/articles/PMC10687291/,https://pmc.ncbi.nlm.nih.gov/articles/PMC10687291,4,people/housing__neighborhood_quality.txt,What factors influence neighborhood quality for people in housing?,people,control,Control,Housing,Neighborhood quality,people__housing__neighborhood_quality
83d8548b493e5ddceba3,https://www.researchgate.net/publication/254449575_Neighborhood_quality_determinants_Empirical_evidence_from_the_American_Housing_Survey,https://researchgate.net/publication/254449575_Neighborhood_quality_determinants_Empirical_evidence_from_the_American_Housing_Survey,5,people/housing__neighborhood_quality.txt,What factors influence neighborhood quality for people in housing?,people,control,Control,Housing,Neighborhood quality,people__housing__neighborhood_quality
55e93e6e3d4878a35eac,https://www.tchabitat.org/blog/choosing-a-neighborhood,https://tchabitat.org/blog/choosing-a-neighborhood,6,people/housing__neighborhood_quality.txt,What factors influence neighborhood quality for people in housing?,people,control,Control,Housing,Neighborhood quality,people__housing__neighborhood_quality
5d1810b5cc6e51914a88,https://theccd.org/article/the-impact-of-neighborhood-quality-on-peoples-mental-health/,https://theccd.org/article/the-impact-of-neighborhood-quality-on-peoples-mental-health,7,people/housing__neighborhood_quality.txt,What factors influence neighborhood quality for people in housing?,people,control,Control,Housing,Neighborhood quality,people__housing__neighborhood_quality
685c1b5c5b18af77cd0d,https://pmc.ncbi.nlm.nih.gov/articles/PMC11652550/,https://pmc.ncbi.nlm.nih.gov/articles/PMC11652550,8,people/housing__neighborhood_quality.txt,What factors influence neighborhood quality for people in housing?,people,control,Control,Housing,Neighborhood quality,people__housing__neighborhood_quality
9ce74ca6e4308a3711eb,https://psychology.town/environmental/assessing-residential-quality-enhanced-living/,https://psychology.town/environmental/assessing-residential-quality-enhanced-living,9,people/housing__neighborhood_quality.txt,What factors influence neighborhood quality for people in housing?,people,control,Control,Housing,Neighborhood quality,people__housing__neighborhood_quality
b490bfe3373c9c32608e,https://www.sciencedirect.com/science/article/pii/S0264837720301332,https://sciencedirect.com/science/article/pii/S0264837720301332,10,people/housing__neighborhood_quality.txt,What factors influence neighborhood quality for people in housing?,people,control,Control,Housing,Neighborhood quality,people__housing__neighborhood_quality
78a455188f30e64ca05f,https://www.nationaldisabilityinstitute.org/wp-content/uploads/2018/12/access-credit-brief.pdf,https://nationaldisabilityinstitute.org/wp-content/uploads/2018/12/access-credit-brief.pdf,1,people_with_disabilities/credit_and_financial_services__credit_score.txt,What factors influence credit score for People with disabilities in credit & financial services?,People with disabilities,minority,Disability,Credit & Financial Services,Credit score,people_with_disabilities__credit_and_financial_services__credit_score
66f40d07c0c6f62c2f4e,https://www.experian.com/blogs/ask-experian/how-does-ssi-ssdi-affect-my-credit/,https://experian.com/blogs/ask-experian/how-does-ssi-ssdi-affect-my-credit,2,people_with_disabilities/credit_and_financial_services__credit_score.txt,What factors influence credit score for People with disabilities in credit & financial services?,People with disabilities,minority,Disability,Credit & Financial Services,Credit score,people_with_disabilities__credit_and_financial_services__credit_score
8d4b74f96737f9c79531,https://www.nationaldisabilityinstitute.org/financial-resilience-center/credit/,https://nationaldisabilityinstitute.org/financial-resilience-center/credit,3,people_with_disabilities/credit_and_financial_services__credit_score.txt,What factors influence credit score for People with disabilities in credit & financial services?,People with disabilities,minority,Disability,Credit & Financial Services,Credit score,people_with_disabilities__credit_and_financial_services__credit_score
d80838d7354c1c72515a,https://finance.yahoo.com/news/establish-credit-adults-disabilities-203405315.html,https://finance.yahoo.com/news/establish-credit-adults-disabilities-203405315.html,4,people_with_disabilities/credit_and_financial_services__credit_score.txt,What factors influence credit score for People with disabilities in credit & financial services?,People with disabilities,minority,Disability,Credit & Financial Services,Credit score,people_with_disabilities__credit_and_financial_services__credit_score
5858325da9645a255771,https://finhealthnetwork.org/research/the-financial-health-of-people-with-disabilities/,https://finhealthnetwork.org/research/the-financial-health-of-people-with-disabilities,5,people_with_disabilities/credit_and_financial_services__credit_score.txt,What factors influence credit score for People with disabilities in credit & financial services?,People with disabilities,minority,Disability,Credit & Financial Services,Credit score,people_with_disabilities__credit_and_financial_services__credit_score
04983a549c468b656571,https://www.experian.com/blogs/ask-experian/why-credit-is-important-people-with-disabilities/,https://experian.com/blogs/ask-experian/why-credit-is-important-people-with-disabilities,6,people_with_disabilities/credit_and_financial_services__credit_score.txt,What factors influence credit score for People with disabilities in credit & financial services?,People with disabilities,minority,Disability,Credit & Financial Services,Credit score,people_with_disabilities__credit_and_financial_services__credit_score
486bb650eb1c5415d4de,https://action.deloitte.com/insight/3546/creative-with-credit-how-banks-can-assist-people-with-disabilities,https://action.deloitte.com/insight/3546/creative-with-credit-how-banks-can-assist-people-with-disabilities,7,people_with_disabilities/credit_and_financial_services__credit_score.txt,What factors influence credit score for People with disabilities in credit & financial services?,People with disabilities,minority,Disability,Credit & Financial Services,Credit score,people_with_disabilities__credit_and_financial_services__credit_score
53f543762617e964da96,https://www.consumerfinance.gov/archive/newsroom/cfpb-provides-guidance-to-help-lenders-avoid-discrimination-against-consumers-receiving-disability-income/,https://consumerfinance.gov/archive/newsroom/cfpb-provides-guidance-to-help-lenders-avoid-discrimination-against-consumers-receiving-disability-income,8,people_with_disabilities/credit_and_financial_services__credit_score.txt,What factors influence credit score for People with disabilities in credit & financial services?,People with disabilities,minority,Disability,Credit & Financial Services,Credit score,people_with_disabilities__credit_and_financial_services__credit_score
6fedd2c76add6f36ccb1,https://thearc.org/our-initiatives/criminal-justice/,https://thearc.org/our-initiatives/criminal-justice,1,people_with_disabilities/criminal_justice__police_initiated_contact.txt,What factors influence police-initiated contact for People with disabilities in criminal justice?,People with disabilities,minority,Disability,Criminal Justice,Police-initiated contact,people_with_disabilities__criminal_justice__police_initiated_contact
12fac6fff89bb7676377,https://www.rand.org/pubs/research_reports/RRA108-26.html,https://rand.org/pubs/research_reports/RRA108-26.html,2,people_with_disabilities/criminal_justice__police_initiated_contact.txt,What factors influence police-initiated contact for People with disabilities in criminal justice?,People with disabilities,minority,Disability,Criminal Justice,Police-initiated contact,people_with_disabilities__criminal_justice__police_initiated_contact
c172665575ca399f8795,https://journals.sagepub.com/doi/10.1177/10986111251372007,https://journals.sagepub.com/doi/10.1177/10986111251372007,3,people_with_disabilities/criminal_justice__police_initiated_contact.txt,What factors influence police-initiated contact for People with disabilities in criminal justice?,People with disabilities,minority,Disability,Criminal Justice,Police-initiated contact,people_with_disabilities__criminal_justice__police_initiated_contact
ee8dc1090bfacc0c06cc,https://bja.ojp.gov/sites/bja/files/media/document/Research_to_Improve_Law_Enforcement_Responses_to_Persons_with_Mental_Illnesses_and_Developmental_Disabilities.pdf,https://bja.ojp.gov/sites/bja/files/media/document/Research_to_Improve_Law_Enforcement_Responses_to_Persons_with_Mental_Illnesses_and_Developmental_Disabilities.pdf,4,people_with_disabilities/criminal_justice__police_initiated_contact.txt,What factors influence police-initiated contact for People with disabilities in criminal justice?,People with disabilities,minority,Disability,Criminal Justice,Police-initiated contact,people_with_disabilities__criminal_justice__police_initiated_contact
53a6b01d33121efde2be,https://www.policechiefmagazine.org/the-power-of-lived-experience/,https://policechiefmagazine.org/the-power-of-lived-experience,5,people_with_disabilities/criminal_justice__police_initiated_contact.txt,What factors influence police-initiated contact for People with disabilities in criminal justice?,People with disabilities,minority,Disability,Criminal Justice,Police-initiated contact,people_with_disabilities__criminal_justice__police_initiated_contact
ce9724da5b7f29ba9c4e,https://www.policechiefmagazine.org/iacpwork-developmental-disabilities-and-diversion/,https://policechiefmagazine.org/iacpwork-developmental-disabilities-and-diversion,6,people_with_disabilities/criminal_justice__police_initiated_contact.txt,What factors influence police-initiated contact for People with disabilities in criminal justice?,People with disabilities,minority,Disability,Criminal Justice,Police-initiated contact,people_with_disabilities__criminal_justice__police_initiated_contact
f9ad7d774657e4e7fe1a,https://www.informedpoliceresponses.com/post/policing-and-people-with-developmental-disabilities-emerging-issues-in-the-field,https://informedpoliceresponses.com/post/policing-and-people-with-developmental-disabilities-emerging-issues-in-the-field,7,people_with_disabilities/criminal_justice__police_initiated_contact.txt,What factors influence police-initiated contact for People with disabilities in criminal justice?,People with disabilities,minority,Disability,Criminal Justice,Police-initiated contact,people_with_disabilities__criminal_justice__police_initiated_contact
aa040d896f048ded8203,https://ddc.dc.gov/sites/default/files/dc/sites/ddc/page_content/attachments/FINAL%20Position%20Paper%20-%20Policing%20and%20Disability%20-%20Approved%2012.15.22.pdf,https://ddc.dc.gov/sites/default/files/dc/sites/ddc/page_content/attachments/FINAL%20Position%20Paper%20-%20Policing%20and%20Disability%20-%20Approved%2012.15.22.pdf,8,people_with_disabilities/criminal_justice__police_initiated_contact.txt,What factors influence police-initiated contact for People with disabilities in criminal justice?,People with disabilities,minority,Disability,Criminal Justice,Police-initiated contact,people_with_disabilities__criminal_justice__police_initiated_contact
e456e4368ed46110dd50,https://innocenceproject.org/news/know-your-rights-disability-police-interrogation/,https://innocenceproject.org/news/know-your-rights-disability-police-interrogation,9,people_with_disabilities/criminal_justice__police_initiated_contact.txt,What factors influence police-initiated contact for People with disabilities in criminal justice?,People with disabilities,minority,Disability,Criminal Justice,Police-initiated contact,people_with_disabilities__criminal_justice__police_initiated_contact
ca78ad1e04424c93777c,https://www.policechiefmagazine.org/effective-law-enforcement-response-to-people-with-disabilities/,https://policechiefmagazine.org/effective-law-enforcement-response-to-people-with-disabilities,10,people_with_disabilities/criminal_justice__police_initiated_contact.txt,What factors influence police-initiated contact for People with disabilities in criminal justice?,People with disabilities,minority,Disability,Criminal Justice,Police-initiated contact,people_with_disabilities__criminal_justice__police_initiated_contact
7efe1f2894edfcb54bc2,https://nacdd.org/criminal-legal-system/,https://nacdd.org/criminal-legal-system,11,people_with_disabilities/criminal_justice__police_initiated_contact.txt,What factors influence police-initiated contact for People with disabilities in criminal justice?,People with disabilities,minority,Disability,Criminal Justice,Police-initiated contact,people_with_disabilities__criminal_justice__police_initiated_contact
ed3e25f8346a8dac4473,https://www.sivinandmiller.com/blog/2022/09/issues-disabled-people-deal-with-while-in-contact-with-the-police/,https://sivinandmiller.com/blog/2022/09/issues-disabled-people-deal-with-while-in-contact-with-the-police,12,people_with_disabilities/criminal_justice__police_initiated_contact.txt,What factors influence police-initiated contact for People with disabilities in criminal justice?,People with disabilities,minority,Disability,Criminal Justice,Police-initiated contact,people_with_disabilities__criminal_justice__police_initiated_contact
f28df36e50d5639ed365,https://www.policechiefmagazine.org/interacting-with-individuals-who-have-intellectual-and-developmental-disabilities/,https://policechiefmagazine.org/interacting-with-individuals-who-have-intellectual-and-developmental-disabilities,13,people_with_disabilities/criminal_justice__police_initiated_contact.txt,What factors influence police-initiated contact for People with disabilities in criminal justice?,People with disabilities,minority,Disability,Criminal Justice,Police-initiated contact,people_with_disabilities__criminal_justice__police_initiated_contact
5fb9f029bd45dfa9d1b6,https://www.mdpi.com/2075-4698/16/4/121,https://mdpi.com/2075-4698/16/4/121,14,people_with_disabilities/criminal_justice__police_initiated_contact.txt,What factors influence police-initiated contact for People with disabilities in criminal justice?,People with disabilities,minority,Disability,Criminal Justice,Police-initiated contact,people_with_disabilities__criminal_justice__police_initiated_contact
78da4c957178f01a7bc7,https://www.youtube.com/watch?v=93TA06gnhdg,https://youtube.com/watch?v=93TA06gnhdg,15,people_with_disabilities/criminal_justice__police_initiated_contact.txt,What factors influence police-initiated contact for People with disabilities in criminal justice?,People with disabilities,minority,Disability,Criminal Justice,Police-initiated contact,people_with_disabilities__criminal_justice__police_initiated_contact
a5fbbd44e1b7c4ace6c5,https://ideas.repec.org/p/pri/crcwel/wp22-01-ff.html,https://ideas.repec.org/p/pri/crcwel/wp22-01-ff.html,16,people_with_disabilities/criminal_justice__police_initiated_contact.txt,What factors influence police-initiated contact for People with disabilities in criminal justice?,People with disabilities,minority,Disability,Criminal Justice,Police-initiated contact,people_with_disabilities__criminal_justice__police_initiated_contact
3b2aa0c0a2c10805a25a,https://www.youtube.com/watch?v=UYCtHNCJXXo,https://youtube.com/watch?v=UYCtHNCJXXo,17,people_with_disabilities/criminal_justice__police_initiated_contact.txt,What factors influence police-initiated contact for People with disabilities in criminal justice?,People with disabilities,minority,Disability,Criminal Justice,Police-initiated contact,people_with_disabilities__criminal_justice__police_initiated_contact
572b64fc55271430e115,https://enablingdevices.com/blog/why-police-need-better-training-about-special-needs/?srsltid=AU7gw4V6ceZEH3kvthhkh2asDGoLJ0nxhHL5dY-P5w8UnWCKK6ZtNI6M,https://enablingdevices.com/blog/why-police-need-better-training-about-special-needs?srsltid=AU7gw4V6ceZEH3kvthhkh2asDGoLJ0nxhHL5dY-P5w8UnWCKK6ZtNI6M,18,people_with_disabilities/criminal_justice__police_initiated_contact.txt,What factors influence police-initiated contact for People with disabilities in criminal justice?,People with disabilities,minority,Disability,Criminal Justice,Police-initiated contact,people_with_disabilities__criminal_justice__police_initiated_contact
5fc01ccee5b216117801,https://rockymountainada.org/police,https://rockymountainada.org/police,19,people_with_disabilities/criminal_justice__police_initiated_contact.txt,What factors influence police-initiated contact for People with disabilities in criminal justice?,People with disabilities,minority,Disability,Criminal Justice,Police-initiated contact,people_with_disabilities__criminal_justice__police_initiated_contact
ac7c472fee3a9d330d88,https://njcommonground.org/college-students-with-disabilities-what-factors-influence-successful-degree-completion/,https://njcommonground.org/college-students-with-disabilities-what-factors-influence-successful-degree-completion,1,people_with_disabilities/education__completion_graduation.txt,What factors influence completion/graduation for People with disabilities in education?,People with disabilities,minority,Disability,Education,Completion/graduation,people_with_disabilities__education__completion_graduation
a1a1627aa4bcf3176bf3,https://ncld.org/improving-graduation-rates-with-the-grad-partnership/,https://ncld.org/improving-graduation-rates-with-the-grad-partnership,2,people_with_disabilities/education__completion_graduation.txt,What factors influence completion/graduation for People with disabilities in education?,People with disabilities,minority,Disability,Education,Completion/graduation,people_with_disabilities__education__completion_graduation
f4df515a364cfd92aa58,https://www.gradpartnership.org/resources/a-pathway-to-change/,https://gradpartnership.org/resources/a-pathway-to-change,3,people_with_disabilities/education__completion_graduation.txt,What factors influence completion/graduation for People with disabilities in education?,People with disabilities,minority,Disability,Education,Completion/graduation,people_with_disabilities__education__completion_graduation
f05c1df67512d6583f90,https://files.eric.ed.gov/fulltext/EJ970017.pdf,https://files.eric.ed.gov/fulltext/EJ970017.pdf,4,people_with_disabilities/education__completion_graduation.txt,What factors influence completion/graduation for People with disabilities in education?,People with disabilities,minority,Disability,Education,Completion/graduation,people_with_disabilities__education__completion_graduation
765a7dc8e5aef3f249f4,https://pubmed.ncbi.nlm.nih.gov/35139668/,https://pubmed.ncbi.nlm.nih.gov/35139668,5,people_with_disabilities/education__completion_graduation.txt,What factors influence completion/graduation for People with disabilities in education?,People with disabilities,minority,Disability,Education,Completion/graduation,people_with_disabilities__education__completion_graduation
b731825f0e40b6152878,https://www.ed.gov/teaching-and-administration/supporting-students/transition-of-students-with-disabilities-to-postsecondary-education-a-guide-for-high-school-educators,https://ed.gov/teaching-and-administration/supporting-students/transition-of-students-with-disabilities-to-postsecondary-education-a-guide-for-high-school-educators,6,people_with_disabilities/education__completion_graduation.txt,What factors influence completion/graduation for People with disabilities in education?,People with disabilities,minority,Disability,Education,Completion/graduation,people_with_disabilities__education__completion_graduation
c6bd79667dfd59070547,https://pmc.ncbi.nlm.nih.gov/articles/PMC8009488/,https://pmc.ncbi.nlm.nih.gov/articles/PMC8009488,7,people_with_disabilities/education__completion_graduation.txt,What factors influence completion/graduation for People with disabilities in education?,People with disabilities,minority,Disability,Education,Completion/graduation,people_with_disabilities__education__completion_graduation
f2746bc7bf36108ef0a2,https://enablingdevices.com/blog/five-strategies-for-raising-graduation-rates-for-students-with-disabilities/?srsltid=AU7gw4WpPS2UJRjEOVBPGRJETZsPYygeP5cAalBPXQgDxJ2fbJhgGebA,https://enablingdevices.com/blog/five-strategies-for-raising-graduation-rates-for-students-with-disabilities?srsltid=AU7gw4WpPS2UJRjEOVBPGRJETZsPYygeP5cAalBPXQgDxJ2fbJhgGebA,8,people_with_disabilities/education__completion_graduation.txt,What factors influence completion/graduation for People with disabilities in education?,People with disabilities,minority,Disability,Education,Completion/graduation,people_with_disabilities__education__completion_graduation
707cd43c5a7a67a00714,https://onlinelibrary.wiley.com/doi/10.1111/1744-7941.12377,https://onlinelibrary.wiley.com/doi/10.1111/1744-7941.12377,1,people_with_disabilities/employment__employment_benefits.txt,What factors influence employment benefits for People with disabilities in employment?,People with disabilities,minority,Disability,Employment,Employment benefits,people_with_disabilities__employment__employment_benefits
46922fe3befb1ee98e0c,https://abilitycentral.org/article/why-hiring-people-with-disabilities-benefits-everyone,https://abilitycentral.org/article/why-hiring-people-with-disabilities-benefits-everyone,2,people_with_disabilities/employment__employment_benefits.txt,What factors influence employment benefits for People with disabilities in employment?,People with disabilities,minority,Disability,Employment,Employment benefits,people_with_disabilities__employment__employment_benefits
3e8a2d1948dc8d4ce8a0,https://pmc.ncbi.nlm.nih.gov/articles/PMC5763841/,https://pmc.ncbi.nlm.nih.gov/articles/PMC5763841,3,people_with_disabilities/employment__employment_benefits.txt,What factors influence employment benefits for People with disabilities in employment?,People with disabilities,minority,Disability,Employment,Employment benefits,people_with_disabilities__employment__employment_benefits
0742b9af9ece859bf07b,https://www.cambridge.org/core/journals/journal-of-management-and-organization/article/enablers-of-successful-employment-outcomes-for-people-with-disabilities/70CE36BB411E2FEE264B21653F4C865B,https://cambridge.org/core/journals/journal-of-management-and-organization/article/enablers-of-successful-employment-outcomes-for-people-with-disabilities/70CE36BB411E2FEE264B21653F4C865B,4,people_with_disabilities/employment__employment_benefits.txt,What factors influence employment benefits for People with disabilities in employment?,People with disabilities,minority,Disability,Employment,Employment benefits,people_with_disabilities__employment__employment_benefits
4392127b923479907f8f,https://forhealthconsulting.umassmed.edu/insights/beyond-benefits-why-disability-employment-requires-a-systems-approach/,https://forhealthconsulting.umassmed.edu/insights/beyond-benefits-why-disability-employment-requires-a-systems-approach,5,people_with_disabilities/employment__employment_benefits.txt,What factors influence employment benefits for People with disabilities in employment?,People with disabilities,minority,Disability,Employment,Employment benefits,people_with_disabilities__employment__employment_benefits
cc469bddc9d4c20b7d49,https://research.upjohn.org/cgi/viewcontent.cgi?filename=4&article=1195&context=up_press&type=additional,https://research.upjohn.org/cgi/viewcontent.cgi?article=1195&context=up_press&filename=4&type=additional,6,people_with_disabilities/employment__employment_benefits.txt,What factors influence employment benefits for People with disabilities in employment?,People with disabilities,minority,Disability,Employment,Employment benefits,people_with_disabilities__employment__employment_benefits
c934be2040f88788c405,https://onlinelibrary.wiley.com/doi/10.1111/1467-8500.12683?af=R,https://onlinelibrary.wiley.com/doi/10.1111/1467-8500.12683?af=R,1,people_with_disabilities/government_benefits__administrative_burden.txt,What factors influence administrative burden for People with disabilities in government benefits?,People with disabilities,minority,Disability,Government Benefits,Administrative burden,people_with_disabilities__government_benefits__administrative_burden
54d1a49b59bd181e5258,https://www.acus.gov/document/identifying-and-reducing-burdens-public-administrative-processes,https://acus.gov/document/identifying-and-reducing-burdens-public-administrative-processes,2,people_with_disabilities/government_benefits__administrative_burden.txt,What factors influence administrative burden for People with disabilities in government benefits?,People with disabilities,minority,Disability,Government Benefits,Administrative burden,people_with_disabilities__government_benefits__administrative_burden
adcabab0e75d00bd23a2,https://www.americanprogress.org/article/how-dehumanizing-administrative-burdens-harm-disabled-people/,https://americanprogress.org/article/how-dehumanizing-administrative-burdens-harm-disabled-people,3,people_with_disabilities/government_benefits__administrative_burden.txt,What factors influence administrative burden for People with disabilities in government benefits?,People with disabilities,minority,Disability,Government Benefits,Administrative burden,people_with_disabilities__government_benefits__administrative_burden
1b398c139aac25fe39d2,https://www.theregreview.org/2023/08/17/torriente-how-the-administrative-state-fails-people-with-disabilities/,https://theregreview.org/2023/08/17/torriente-how-the-administrative-state-fails-people-with-disabilities,4,people_with_disabilities/government_benefits__administrative_burden.txt,What factors influence administrative burden for People with disabilities in government benefits?,People with disabilities,minority,Disability,Government Benefits,Administrative burden,people_with_disabilities__government_benefits__administrative_burden
edd9f86947b698c1aa89,https://www.mdpi.com/2076-0760/14/6/379,https://mdpi.com/2076-0760/14/6/379,5,people_with_disabilities/government_benefits__administrative_burden.txt,What factors influence administrative burden for People with disabilities in government benefits?,People with disabilities,minority,Disability,Government Benefits,Administrative burden,people_with_disabilities__government_benefits__administrative_burden
d0d2586f3182bc32d5ca,https://www.healthaffairs.org/content/forefront/reducing-administrative-burdens-increase-access-safety-net-programs,https://healthaffairs.org/content/forefront/reducing-administrative-burdens-increase-access-safety-net-programs,6,people_with_disabilities/government_benefits__administrative_burden.txt,What factors influence administrative burden for People with disabilities in government benefits?,People with disabilities,minority,Disability,Government Benefits,Administrative burden,people_with_disabilities__government_benefits__administrative_burden
3f8161387839c564dd49,https://www.urban.org/research/publication/how-does-funding-administrative-expenses-affect-equity,https://urban.org/research/publication/how-does-funding-administrative-expenses-affect-equity,7,people_with_disabilities/government_benefits__administrative_burden.txt,What factors influence administrative burden for People with disabilities in government benefits?,People with disabilities,minority,Disability,Government Benefits,Administrative burden,people_with_disabilities__government_benefits__administrative_burden
74baad1fb8f3a427e08d,https://journal.ilpnetwork.org/articles/10.31389/jltc.324,https://journal.ilpnetwork.org/articles/10.31389/jltc.324,1,people_with_disabilities/healthcare__person_centered_care.txt,What factors influence person-centered care for People with disabilities in healthcare?,People with disabilities,minority,Disability,Healthcare,Person-centered care,people_with_disabilities__healthcare__person_centered_care
d2d2f98d9fee8c4598fb,https://pmc.ncbi.nlm.nih.gov/articles/PMC10953678/,https://pmc.ncbi.nlm.nih.gov/articles/PMC10953678,2,people_with_disabilities/healthcare__person_centered_care.txt,What factors influence person-centered care for People with disabilities in healthcare?,People with disabilities,minority,Disability,Healthcare,Person-centered care,people_with_disabilities__healthcare__person_centered_care
feba128cea568461c9c5,https://pmc.ncbi.nlm.nih.gov/articles/PMC5724704/,https://pmc.ncbi.nlm.nih.gov/articles/PMC5724704,3,people_with_disabilities/healthcare__person_centered_care.txt,What factors influence person-centered care for People with disabilities in healthcare?,People with disabilities,minority,Disability,Healthcare,Person-centered care,people_with_disabilities__healthcare__person_centered_care
6842603339aa9b987b98,https://pmc.ncbi.nlm.nih.gov/articles/PMC8342676/,https://pmc.ncbi.nlm.nih.gov/articles/PMC8342676,4,people_with_disabilities/healthcare__person_centered_care.txt,What factors influence person-centered care for People with disabilities in healthcare?,People with disabilities,minority,Disability,Healthcare,Person-centered care,people_with_disabilities__healthcare__person_centered_care
5f3fa12e1232285b75e8,https://www.cdc.gov/disability-and-health/about/disability-and-health-information-for-healthcare-providers.html,https://cdc.gov/disability-and-health/about/disability-and-health-information-for-healthcare-providers.html,5,people_with_disabilities/healthcare__person_centered_care.txt,What factors influence person-centered care for People with disabilities in healthcare?,People with disabilities,minority,Disability,Healthcare,Person-centered care,people_with_disabilities__healthcare__person_centered_care
30671a6db16a0b10e5cc,https://pmc.ncbi.nlm.nih.gov/articles/PMC7465578/,https://pmc.ncbi.nlm.nih.gov/articles/PMC7465578,6,people_with_disabilities/healthcare__person_centered_care.txt,What factors influence person-centered care for People with disabilities in healthcare?,People with disabilities,minority,Disability,Healthcare,Person-centered care,people_with_disabilities__healthcare__person_centered_care
bda4f6f5aa9788769433,https://pmc.ncbi.nlm.nih.gov/articles/PMC9876026/,https://pmc.ncbi.nlm.nih.gov/articles/PMC9876026,7,people_with_disabilities/healthcare__person_centered_care.txt,What factors influence person-centered care for People with disabilities in healthcare?,People with disabilities,minority,Disability,Healthcare,Person-centered care,people_with_disabilities__healthcare__person_centered_care
8991a130d2f812a341c2,https://pmc.ncbi.nlm.nih.gov/articles/PMC8279686/,https://pmc.ncbi.nlm.nih.gov/articles/PMC8279686,8,people_with_disabilities/healthcare__person_centered_care.txt,What factors influence person-centered care for People with disabilities in healthcare?,People with disabilities,minority,Disability,Healthcare,Person-centered care,people_with_disabilities__healthcare__person_centered_care
1d95a7b5505efb352e33,https://pmc.ncbi.nlm.nih.gov/articles/PMC2655171/,https://pmc.ncbi.nlm.nih.gov/articles/PMC2655171,1,people_with_disabilities/housing__neighborhood_quality.txt,What factors influence neighborhood quality for People with disabilities in housing?,People with disabilities,minority,Disability,Housing,Neighborhood quality,people_with_disabilities__housing__neighborhood_quality
1e6febaa16271ee1f294,https://scholarworks.brandeis.edu/esploro/outputs/journalArticle/Severe-housing-and-neighborhood-inequities-of/9924103794801921,https://scholarworks.brandeis.edu/esploro/outputs/journalArticle/Severe-housing-and-neighborhood-inequities-of/9924103794801921,2,people_with_disabilities/housing__neighborhood_quality.txt,What factors influence neighborhood quality for People with disabilities in housing?,People with disabilities,minority,Disability,Housing,Neighborhood quality,people_with_disabilities__housing__neighborhood_quality
405d627a089922c616c1,https://alsoweb.org/the-impact-of-inclusive-housing-and-community-integration/,https://alsoweb.org/the-impact-of-inclusive-housing-and-community-integration,3,people_with_disabilities/housing__neighborhood_quality.txt,What factors influence neighborhood quality for People with disabilities in housing?,People with disabilities,minority,Disability,Housing,Neighborhood quality,people_with_disabilities__housing__neighborhood_quality
5ef9b7e6bd4561dcf325,https://kinder.rice.edu/urbanedge/households-people-disabilities-experience-more-residential-disadvantage,https://kinder.rice.edu/urbanedge/households-people-disabilities-experience-more-residential-disadvantage,4,people_with_disabilities/housing__neighborhood_quality.txt,What factors influence neighborhood quality for People with disabilities in housing?,People with disabilities,minority,Disability,Housing,Neighborhood quality,people_with_disabilities__housing__neighborhood_quality
fc6975c24881e7ce6f88,https://www.tandfonline.com/doi/full/10.1080/08882746.2022.2065614,https://tandfonline.com/doi/full/10.1080/08882746.2022.2065614,5,people_with_disabilities/housing__neighborhood_quality.txt,What factors influence neighborhood quality for People with disabilities in housing?,People with disabilities,minority,Disability,Housing,Neighborhood quality,people_with_disabilities__housing__neighborhood_quality
bf2ee7ce1a44f5c08c68,https://pmc.ncbi.nlm.nih.gov/articles/PMC12966559/,https://pmc.ncbi.nlm.nih.gov/articles/PMC12966559,6,people_with_disabilities/housing__neighborhood_quality.txt,What factors influence neighborhood quality for People with disabilities in housing?,People with disabilities,minority,Disability,Housing,Neighborhood quality,people_with_disabilities__housing__neighborhood_quality
b7c998a266298a228465,https://medresearch.umich.edu/sites/default/files/2024-06/RRTC-Evaluating-Housing-Concerns.pdf,https://medresearch.umich.edu/sites/default/files/2024-06/RRTC-Evaluating-Housing-Concerns.pdf,7,people_with_disabilities/housing__neighborhood_quality.txt,What factors influence neighborhood quality for People with disabilities in housing?,People with disabilities,minority,Disability,Housing,Neighborhood quality,people_with_disabilities__housing__neighborhood_quality
f0a17de66346b422c1d0,https://www.urban.org/research/publication/people-disabilities-living-us-face-urgent-barriers-housing,https://urban.org/research/publication/people-disabilities-living-us-face-urgent-barriers-housing,8,people_with_disabilities/housing__neighborhood_quality.txt,What factors influence neighborhood quality for People with disabilities in housing?,People with disabilities,minority,Disability,Housing,Neighborhood quality,people_with_disabilities__housing__neighborhood_quality
41051d5038bc2a8342dd,https://housing.lacity.gov/housing/accessible-housing-program,https://housing.lacity.gov/housing/accessible-housing-program,9,people_with_disabilities/housing__neighborhood_quality.txt,What factors influence neighborhood quality for People with disabilities in housing?,People with disabilities,minority,Disability,Housing,Neighborhood quality,people_with_disabilities__housing__neighborhood_quality
00f330f580326b5a0b83,https://www.chegg.com/homework-help/questions-and-answers/common-type-fair-housing-discrimination-people-disabilities-reducing-rent-refusing-allow-r-q161519802,https://chegg.com/homework-help/questions-and-answers/common-type-fair-housing-discrimination-people-disabilities-reducing-rent-refusing-allow-r-q161519802,10,people_with_disabilities/housing__neighborhood_quality.txt,What factors influence neighborhood quality for People with disabilities in housing?,People with disabilities,minority,Disability,Housing,Neighborhood quality,people_with_disabilities__housing__neighborhood_quality
fb309fddcaf6ca621aac,https://vantagescore.com/consumers/blog/credit-scoring-101-factors-that-affect-your-vantagescore-credit-score,https://vantagescore.com/consumers/blog/credit-scoring-101-factors-that-affect-your-vantagescore-credit-score,1,people_without_disabilities/credit_and_financial_services__credit_score.txt,What factors influence credit score for People without disabilities in credit & financial services?,People without disabilities,majority,Disability,Credit & Financial Services,Credit score,people_without_disabilities__credit_and_financial_services__credit_score
e8570d9aae5bbaeb7ab4,https://www.creditkarma.com/credit/i/what-affects-your-credit-scores,https://creditkarma.com/credit/i/what-affects-your-credit-scores,2,people_without_disabilities/credit_and_financial_services__credit_score.txt,What factors influence credit score for People without disabilities in credit & financial services?,People without disabilities,majority,Disability,Credit & Financial Services,Credit score,people_without_disabilities__credit_and_financial_services__credit_score
c4e24e6347b9aa5690d9,https://providentcu.org/blog/news/5-key-factors-that-impact-your-credit-score,https://providentcu.org/blog/news/5-key-factors-that-impact-your-credit-score,3,people_without_disabilities/credit_and_financial_services__credit_score.txt,What factors influence credit score for People without disabilities in credit & financial services?,People without disabilities,majority,Disability,Credit & Financial Services,Credit score,people_without_disabilities__credit_and_financial_services__credit_score
66f40d07c0c6f62c2f4e,https://www.experian.com/blogs/ask-experian/how-does-ssi-ssdi-affect-my-credit/,https://experian.com/blogs/ask-experian/how-does-ssi-ssdi-affect-my-credit,4,people_without_disabilities/credit_and_financial_services__credit_score.txt,What factors influence credit score for People without disabilities in credit & financial services?,People without disabilities,majority,Disability,Credit & Financial Services,Credit score,people_without_disabilities__credit_and_financial_services__credit_score
58425b2cdafc73f78093,https://www.experian.com/blogs/ask-experian/credit-education/score-basics/what-affects-your-credit-scores/,https://experian.com/blogs/ask-experian/credit-education/score-basics/what-affects-your-credit-scores,5,people_without_disabilities/credit_and_financial_services__credit_score.txt,What factors influence credit score for People without disabilities in credit & financial services?,People without disabilities,majority,Disability,Credit & Financial Services,Credit score,people_without_disabilities__credit_and_financial_services__credit_score
a49da209ced3b0e5c74f,https://www.bankpullman.com/articles/2024/06/5-factors-that-impact-your-credit-score-blog.html,https://bankpullman.com/articles/2024/06/5-factors-that-impact-your-credit-score-blog.html,6,people_without_disabilities/credit_and_financial_services__credit_score.txt,What factors influence credit score for People without disabilities in credit & financial services?,People without disabilities,majority,Disability,Credit & Financial Services,Credit score,people_without_disabilities__credit_and_financial_services__credit_score
b36871fa3ce04480e1df,https://www.wintrust.com/articles/2024/06/5-factors-that-impact-your-credit-score-blog.html,https://wintrust.com/articles/2024/06/5-factors-that-impact-your-credit-score-blog.html,7,people_without_disabilities/credit_and_financial_services__credit_score.txt,What factors influence credit score for People without disabilities in credit & financial services?,People without disabilities,majority,Disability,Credit & Financial Services,Credit score,people_without_disabilities__credit_and_financial_services__credit_score
8d4b74f96737f9c79531,https://www.nationaldisabilityinstitute.org/financial-resilience-center/credit/,https://nationaldisabilityinstitute.org/financial-resilience-center/credit,8,people_without_disabilities/credit_and_financial_services__credit_score.txt,What factors influence credit score for People without disabilities in credit & financial services?,People without disabilities,majority,Disability,Credit & Financial Services,Credit score,people_without_disabilities__credit_and_financial_services__credit_score
effb42880663dfee6641,https://online.se.edu/programs/undergraduate/bba/fin/what-factors-determine-credit-score/,https://online.se.edu/programs/undergraduate/bba/fin/what-factors-determine-credit-score,9,people_without_disabilities/credit_and_financial_services__credit_score.txt,What factors influence credit score for People without disabilities in credit & financial services?,People without disabilities,majority,Disability,Credit & Financial Services,Credit score,people_without_disabilities__credit_and_financial_services__credit_score
b7501cb300491e9a3461,https://www.prisonpolicy.org/blog/2024/12/19/policing_survey_2022/,https://prisonpolicy.org/blog/2024/12/19/policing_survey_2022,1,people_without_disabilities/criminal_justice__police_initiated_contact.txt,What factors influence police-initiated contact for People without disabilities in criminal justice?,People without disabilities,majority,Disability,Criminal Justice,Police-initiated contact,people_without_disabilities__criminal_justice__police_initiated_contact
f620a90e2f1ffd2cd537,https://pmc.ncbi.nlm.nih.gov/articles/PMC9225786/,https://pmc.ncbi.nlm.nih.gov/articles/PMC9225786,2,people_without_disabilities/criminal_justice__police_initiated_contact.txt,What factors influence police-initiated contact for People without disabilities in criminal justice?,People without disabilities,majority,Disability,Criminal Justice,Police-initiated contact,people_without_disabilities__criminal_justice__police_initiated_contact
fb0617e01923c88a78ee,https://pmc.ncbi.nlm.nih.gov/articles/PMC5342894/,https://pmc.ncbi.nlm.nih.gov/articles/PMC5342894,3,people_without_disabilities/criminal_justice__police_initiated_contact.txt,What factors influence police-initiated contact for People without disabilities in criminal justice?,People without disabilities,majority,Disability,Criminal Justice,Police-initiated contact,people_without_disabilities__criminal_justice__police_initiated_contact
4882a36dad01a7b1bee7,https://www.tandfonline.com/doi/full/10.1080/09687637.2021.1872500,https://tandfonline.com/doi/full/10.1080/09687637.2021.1872500,4,people_without_disabilities/criminal_justice__police_initiated_contact.txt,What factors influence police-initiated contact for People without disabilities in criminal justice?,People without disabilities,majority,Disability,Criminal Justice,Police-initiated contact,people_without_disabilities__criminal_justice__police_initiated_contact
5cf25f9c4cc358ea731b,https://pmc.ncbi.nlm.nih.gov/articles/PMC3868476/,https://pmc.ncbi.nlm.nih.gov/articles/PMC3868476,5,people_without_disabilities/criminal_justice__police_initiated_contact.txt,What factors influence police-initiated contact for People without disabilities in criminal justice?,People without disabilities,majority,Disability,Criminal Justice,Police-initiated contact,people_without_disabilities__criminal_justice__police_initiated_contact
e6846b02a3975408ae8c,https://bjs.ojp.gov/library/publications/contacts-between-police-and-public-2022,https://bjs.ojp.gov/library/publications/contacts-between-police-and-public-2022,6,people_without_disabilities/criminal_justice__police_initiated_contact.txt,What factors influence police-initiated contact for People without disabilities in criminal justice?,People without disabilities,majority,Disability,Criminal Justice,Police-initiated contact,people_without_disabilities__criminal_justice__police_initiated_contact
6331890c5a3a61c8b438,https://bjs.ojp.gov/library/publications/contacts-between-police-and-public-2020,https://bjs.ojp.gov/library/publications/contacts-between-police-and-public-2020,7,people_without_disabilities/criminal_justice__police_initiated_contact.txt,What factors influence police-initiated contact for People without disabilities in criminal justice?,People without disabilities,majority,Disability,Criminal Justice,Police-initiated contact,people_without_disabilities__criminal_justice__police_initiated_contact
464822a6ede2214e36e6,https://bjs.ojp.gov/content/pub/pdf/cbpp18st.pdf,https://bjs.ojp.gov/content/pub/pdf/cbpp18st.pdf,8,people_without_disabilities/criminal_justice__police_initiated_contact.txt,What factors influence police-initiated contact for People without disabilities in criminal justice?,People without disabilities,majority,Disability,Criminal Justice,Police-initiated contact,people_without_disabilities__criminal_justice__police_initiated_contact
84afbdc7826c35f27abe,https://pmc.ncbi.nlm.nih.gov/articles/PMC4929689/,https://pmc.ncbi.nlm.nih.gov/articles/PMC4929689,9,people_without_disabilities/criminal_justice__police_initiated_contact.txt,What factors influence police-initiated contact for People without disabilities in criminal justice?,People without disabilities,majority,Disability,Criminal Justice,Police-initiated contact,people_without_disabilities__criminal_justice__police_initiated_contact
fe3d40055d46d7ff16d5,https://digitalcommons.unomaha.edu/context/criminaljusticefacpub/article/1155/viewcontent/The_Effects_of_Police_Contact_and_Neighborhood_Context_on_Delinquency_and_Violence.pdf,https://digitalcommons.unomaha.edu/context/criminaljusticefacpub/article/1155/viewcontent/The_Effects_of_Police_Contact_and_Neighborhood_Context_on_Delinquency_and_Violence.pdf,10,people_without_disabilities/criminal_justice__police_initiated_contact.txt,What factors influence police-initiated contact for People without disabilities in criminal justice?,People without disabilities,majority,Disability,Criminal Justice,Police-initiated contact,people_without_disabilities__criminal_justice__police_initiated_contact
32ad32380ce4b97b571e,https://www.sciencedirect.com/science/article/abs/pii/S0047235221000490,https://sciencedirect.com/science/article/abs/pii/S0047235221000490,11,people_without_disabilities/criminal_justice__police_initiated_contact.txt,What factors influence police-initiated contact for People without disabilities in criminal justice?,People without disabilities,majority,Disability,Criminal Justice,Police-initiated contact,people_without_disabilities__criminal_justice__police_initiated_contact
592524990b9bd228281b,https://www.sciencedirect.com/science/article/abs/pii/S016025271400017X,https://sciencedirect.com/science/article/abs/pii/S016025271400017X,12,people_without_disabilities/criminal_justice__police_initiated_contact.txt,What factors influence police-initiated contact for People without disabilities in criminal justice?,People without disabilities,majority,Disability,Criminal Justice,Police-initiated contact,people_without_disabilities__criminal_justice__police_initiated_contact
8a096aee0a6e9c899ee1,https://www.crimrxiv.com/pub/spfg4hk6,https://crimrxiv.com/pub/spfg4hk6,13,people_without_disabilities/criminal_justice__police_initiated_contact.txt,What factors influence police-initiated contact for People without disabilities in criminal justice?,People without disabilities,majority,Disability,Criminal Justice,Police-initiated contact,people_without_disabilities__criminal_justice__police_initiated_contact
728e917728ba138813dc,https://odphp.health.gov/healthypeople/priority-areas/social-determinants-health/literature-summaries/high-school-graduation,https://odphp.health.gov/healthypeople/priority-areas/social-determinants-health/literature-summaries/high-school-graduation,1,people_without_disabilities/education__completion_graduation.txt,What factors influence completion/graduation for People without disabilities in education?,People without disabilities,majority,Disability,Education,Completion/graduation,people_without_disabilities__education__completion_graduation
765a7dc8e5aef3f249f4,https://pubmed.ncbi.nlm.nih.gov/35139668/,https://pubmed.ncbi.nlm.nih.gov/35139668,2,people_without_disabilities/education__completion_graduation.txt,What factors influence completion/graduation for People without disabilities in education?,People without disabilities,majority,Disability,Education,Completion/graduation,people_without_disabilities__education__completion_graduation
c6bd79667dfd59070547,https://pmc.ncbi.nlm.nih.gov/articles/PMC8009488/,https://pmc.ncbi.nlm.nih.gov/articles/PMC8009488,3,people_without_disabilities/education__completion_graduation.txt,What factors influence completion/graduation for People without disabilities in education?,People without disabilities,majority,Disability,Education,Completion/graduation,people_without_disabilities__education__completion_graduation
2c06267c7d3e2e7c8eef,https://enablingdevices.com/blog/five-strategies-for-raising-graduation-rates-for-students-with-disabilities/,https://enablingdevices.com/blog/five-strategies-for-raising-graduation-rates-for-students-with-disabilities,4,people_without_disabilities/education__completion_graduation.txt,What factors influence completion/graduation for People without disabilities in education?,People without disabilities,majority,Disability,Education,Completion/graduation,people_without_disabilities__education__completion_graduation
a1a1627aa4bcf3176bf3,https://ncld.org/improving-graduation-rates-with-the-grad-partnership/,https://ncld.org/improving-graduation-rates-with-the-grad-partnership,5,people_without_disabilities/education__completion_graduation.txt,What factors influence completion/graduation for People without disabilities in education?,People without disabilities,majority,Disability,Education,Completion/graduation,people_without_disabilities__education__completion_graduation
0308ff6a75436f4a548d,https://ncld.org/succeeding-in-high-school-beyond/grad_ncld_ctareport_2025-1/,https://ncld.org/succeeding-in-high-school-beyond/grad_ncld_ctareport_2025-1,6,people_without_disabilities/education__completion_graduation.txt,What factors influence completion/graduation for People without disabilities in education?,People without disabilities,majority,Disability,Education,Completion/graduation,people_without_disabilities__education__completion_graduation
1b4b15d8b03aa3beb794,https://pmc.ncbi.nlm.nih.gov/articles/PMC12645493/,https://pmc.ncbi.nlm.nih.gov/articles/PMC12645493,1,people_without_disabilities/employment__employment_benefits.txt,What factors influence employment benefits for People without disabilities in employment?,People without disabilities,majority,Disability,Employment,Employment benefits,people_without_disabilities__employment__employment_benefits
fe7a28e1ae0c74afa59b,https://www.rsfjournal.org/content/9/5/1,https://rsfjournal.org/content/9/5/1,1,people_without_disabilities/government_benefits__administrative_burden.txt,What factors influence administrative burden for People without disabilities in government benefits?,People without disabilities,majority,Disability,Government Benefits,Administrative burden,people_without_disabilities__government_benefits__administrative_burden
5f250bd6cecd12f45831,https://www.americanprogress.org/article/how-to-address-the-administrative-burdens-of-accessing-the-safety-net/,https://americanprogress.org/article/how-to-address-the-administrative-burdens-of-accessing-the-safety-net,2,people_without_disabilities/government_benefits__administrative_burden.txt,What factors influence administrative burden for People without disabilities in government benefits?,People without disabilities,majority,Disability,Government Benefits,Administrative burden,people_without_disabilities__government_benefits__administrative_burden
e9123aab8fc77dc6fb16,https://pn3policy.org/blog/administrative-burden-blog/,https://pn3policy.org/blog/administrative-burden-blog,3,people_without_disabilities/government_benefits__administrative_burden.txt,What factors influence administrative burden for People without disabilities in government benefits?,People without disabilities,majority,Disability,Government Benefits,Administrative burden,people_without_disabilities__government_benefits__administrative_burden
54d1a49b59bd181e5258,https://www.acus.gov/document/identifying-and-reducing-burdens-public-administrative-processes,https://acus.gov/document/identifying-and-reducing-burdens-public-administrative-processes,4,people_without_disabilities/government_benefits__administrative_burden.txt,What factors influence administrative burden for People without disabilities in government benefits?,People without disabilities,majority,Disability,Government Benefits,Administrative burden,people_without_disabilities__government_benefits__administrative_burden
ac3eeb580aa80a940d14,https://www.cbpp.org/research/health/states-can-reduce-medicaids-administrative-burdens-to-advance-health-and-racial,https://cbpp.org/research/health/states-can-reduce-medicaids-administrative-burdens-to-advance-health-and-racial,5,people_without_disabilities/government_benefits__administrative_burden.txt,What factors influence administrative burden for People without disabilities in government benefits?,People without disabilities,majority,Disability,Government Benefits,Administrative burden,people_without_disabilities__government_benefits__administrative_burden
edd9f86947b698c1aa89,https://www.mdpi.com/2076-0760/14/6/379,https://mdpi.com/2076-0760/14/6/379,6,people_without_disabilities/government_benefits__administrative_burden.txt,What factors influence administrative burden for People without disabilities in government benefits?,People without disabilities,majority,Disability,Government Benefits,Administrative burden,people_without_disabilities__government_benefits__administrative_burden
d0d2586f3182bc32d5ca,https://www.healthaffairs.org/content/forefront/reducing-administrative-burdens-increase-access-safety-net-programs,https://healthaffairs.org/content/forefront/reducing-administrative-burdens-increase-access-safety-net-programs,7,people_without_disabilities/government_benefits__administrative_burden.txt,What factors influence administrative burden for People without disabilities in government benefits?,People without disabilities,majority,Disability,Government Benefits,Administrative burden,people_without_disabilities__government_benefits__administrative_burden
9d3617d27a486423fd7f,https://thedecisionlab.com/big-problems/reducing-administrative-burden-in-public-services,https://thedecisionlab.com/big-problems/reducing-administrative-burden-in-public-services,8,people_without_disabilities/government_benefits__administrative_burden.txt,What factors influence administrative burden for People without disabilities in government benefits?,People without disabilities,majority,Disability,Government Benefits,Administrative burden,people_without_disabilities__government_benefits__administrative_burden
fb4c83ec92bc3a9c2bbf,https://onlinelibrary.wiley.com/doi/full/10.1111/1467-8500.12683,https://onlinelibrary.wiley.com/doi/full/10.1111/1467-8500.12683,9,people_without_disabilities/government_benefits__administrative_burden.txt,What factors influence administrative burden for People without disabilities in government benefits?,People without disabilities,majority,Disability,Government Benefits,Administrative burden,people_without_disabilities__government_benefits__administrative_burden
e3413b2fe846867f4899,https://pmc.ncbi.nlm.nih.gov/articles/PMC11593969/,https://pmc.ncbi.nlm.nih.gov/articles/PMC11593969,1,people_without_disabilities/healthcare__person_centered_care.txt,What factors influence person-centered care for People without disabilities in healthcare?,People without disabilities,majority,Disability,Healthcare,Person-centered care,people_without_disabilities__healthcare__person_centered_care
50713f949efebcc03b7e,https://pmc.ncbi.nlm.nih.gov/articles/PMC11663035/,https://pmc.ncbi.nlm.nih.gov/articles/PMC11663035,2,people_without_disabilities/healthcare__person_centered_care.txt,What factors influence person-centered care for People without disabilities in healthcare?,People without disabilities,majority,Disability,Healthcare,Person-centered care,people_without_disabilities__healthcare__person_centered_care
780e47a200f4ff7acb19,https://pmc.ncbi.nlm.nih.gov/articles/PMC8998779/,https://pmc.ncbi.nlm.nih.gov/articles/PMC8998779,3,people_without_disabilities/healthcare__person_centered_care.txt,What factors influence person-centered care for People without disabilities in healthcare?,People without disabilities,majority,Disability,Healthcare,Person-centered care,people_without_disabilities__healthcare__person_centered_care
4b096ead98ec8c96533e,https://pmc.ncbi.nlm.nih.gov/articles/PMC11581598/,https://pmc.ncbi.nlm.nih.gov/articles/PMC11581598,4,people_without_disabilities/healthcare__person_centered_care.txt,What factors influence person-centered care for People without disabilities in healthcare?,People without disabilities,majority,Disability,Healthcare,Person-centered care,people_without_disabilities__healthcare__person_centered_care
f0b6434603a0a1878485,https://pmc.ncbi.nlm.nih.gov/articles/PMC10083933/,https://pmc.ncbi.nlm.nih.gov/articles/PMC10083933,5,people_without_disabilities/healthcare__person_centered_care.txt,What factors influence person-centered care for People without disabilities in healthcare?,People without disabilities,majority,Disability,Healthcare,Person-centered care,people_without_disabilities__healthcare__person_centered_care
57588d7962c53978e627,https://pmc.ncbi.nlm.nih.gov/articles/PMC6465833/,https://pmc.ncbi.nlm.nih.gov/articles/PMC6465833,6,people_without_disabilities/healthcare__person_centered_care.txt,What factors influence person-centered care for People without disabilities in healthcare?,People without disabilities,majority,Disability,Healthcare,Person-centered care,people_without_disabilities__healthcare__person_centered_care
feba128cea568461c9c5,https://pmc.ncbi.nlm.nih.gov/articles/PMC5724704/,https://pmc.ncbi.nlm.nih.gov/articles/PMC5724704,7,people_without_disabilities/healthcare__person_centered_care.txt,What factors influence person-centered care for People without disabilities in healthcare?,People without disabilities,majority,Disability,Healthcare,Person-centered care,people_without_disabilities__healthcare__person_centered_care
154a97499e51529c7bcf,https://pmc.ncbi.nlm.nih.gov/articles/PMC11966724/,https://pmc.ncbi.nlm.nih.gov/articles/PMC11966724,8,people_without_disabilities/healthcare__person_centered_care.txt,What factors influence person-centered care for People without disabilities in healthcare?,People without disabilities,majority,Disability,Healthcare,Person-centered care,people_without_disabilities__healthcare__person_centered_care
0f300310270b221c6852,https://pmc.ncbi.nlm.nih.gov/articles/PMC10120812/,https://pmc.ncbi.nlm.nih.gov/articles/PMC10120812,9,people_without_disabilities/healthcare__person_centered_care.txt,What factors influence person-centered care for People without disabilities in healthcare?,People without disabilities,majority,Disability,Healthcare,Person-centered care,people_without_disabilities__healthcare__person_centered_care
55e93e6e3d4878a35eac,https://www.tchabitat.org/blog/choosing-a-neighborhood,https://tchabitat.org/blog/choosing-a-neighborhood,1,people_without_disabilities/housing__neighborhood_quality.txt,What factors influence neighborhood quality for People without disabilities in housing?,People without disabilities,majority,Disability,Housing,Neighborhood quality,people_without_disabilities__housing__neighborhood_quality
ea55fe5eba33ed7be539,https://www.har.com/ri/3260/how-to-assess-a-neighborhoods-livability,https://har.com/ri/3260/how-to-assess-a-neighborhoods-livability,2,people_without_disabilities/housing__neighborhood_quality.txt,What factors influence neighborhood quality for People without disabilities in housing?,People without disabilities,majority,Disability,Housing,Neighborhood quality,people_without_disabilities__housing__neighborhood_quality
9455ef72346177c32f25,https://www.osmosis.org/blog/how-important-are-our-neighborhoods-and-built-environments-in-shaping-our-health,https://osmosis.org/blog/how-important-are-our-neighborhoods-and-built-environments-in-shaping-our-health,3,people_without_disabilities/housing__neighborhood_quality.txt,What factors influence neighborhood quality for People without disabilities in housing?,People without disabilities,majority,Disability,Housing,Neighborhood quality,people_without_disabilities__housing__neighborhood_quality
9ce74ca6e4308a3711eb,https://psychology.town/environmental/assessing-residential-quality-enhanced-living/,https://psychology.town/environmental/assessing-residential-quality-enhanced-living,4,people_without_disabilities/housing__neighborhood_quality.txt,What factors influence neighborhood quality for People without disabilities in housing?,People without disabilities,majority,Disability,Housing,Neighborhood quality,people_without_disabilities__housing__neighborhood_quality
55dbd61a2f313a3366c8,https://pmc.ncbi.nlm.nih.gov/articles/PMC6777953/,https://pmc.ncbi.nlm.nih.gov/articles/PMC6777953,5,people_without_disabilities/housing__neighborhood_quality.txt,What factors influence neighborhood quality for People without disabilities in housing?,People without disabilities,majority,Disability,Housing,Neighborhood quality,people_without_disabilities__housing__neighborhood_quality
e0426390b9d579d11347,https://pmc.ncbi.nlm.nih.gov/articles/PMC10687291/,https://pmc.ncbi.nlm.nih.gov/articles/PMC10687291,6,people_without_disabilities/housing__neighborhood_quality.txt,What factors influence neighborhood quality for People without disabilities in housing?,People without disabilities,majority,Disability,Housing,Neighborhood quality,people_without_disabilities__housing__neighborhood_quality
a82e3d5f389879509e46,https://www.investopedia.com/lgbtq-credit-barriers-7510340,https://investopedia.com/lgbtq-credit-barriers-7510340,1,transgender_people/credit_and_financial_services__credit_score.txt,What factors influence credit score for transgender people in credit & financial services?,transgender people,minority,Gender Identity,Credit & Financial Services,Credit score,transgender_people__credit_and_financial_services__credit_score
0a816f83daddf6c98cb8,https://www.nerdwallet.com/credit-cards/learn/how-lgbtq-americans-can-build-credit,https://nerdwallet.com/credit-cards/learn/how-lgbtq-americans-can-build-credit,2,transgender_people/credit_and_financial_services__credit_score.txt,What factors influence credit score for transgender people in credit & financial services?,transgender people,minority,Gender Identity,Credit & Financial Services,Credit score,transgender_people__credit_and_financial_services__credit_score
48e8d93467fb8d2daebc,https://www.experian.com/blogs/news/2022/01/31/experian-supports-transgender-and-non-binary-consumers/,https://experian.com/blogs/news/2022/01/31/experian-supports-transgender-and-non-binary-consumers,3,transgender_people/credit_and_financial_services__credit_score.txt,What factors influence credit score for transgender people in credit & financial services?,transgender people,minority,Gender Identity,Credit & Financial Services,Credit score,transgender_people__credit_and_financial_services__credit_score
a801150bbccdbb32d4b0,https://pressley.house.gov/2023/03/31/pressley-unveils-bill-to-make-credit-reporting-system-more-inclusive-for-trans-nonbinary-folks/,https://pressley.house.gov/2023/03/31/pressley-unveils-bill-to-make-credit-reporting-system-more-inclusive-for-trans-nonbinary-folks,4,transgender_people/credit_and_financial_services__credit_score.txt,What factors influence credit score for transgender people in credit & financial services?,transgender people,minority,Gender Identity,Credit & Financial Services,Credit score,transgender_people__credit_and_financial_services__credit_score
85bf8e8aa2e3dd15b305,https://www.cdiaonline.org/cdia-statements/2022/02/02/credit-reporting-industry-helping-transgender-and-nonbinary-individuals-prevent-potential-disruptions-to-their-credit/,https://cdiaonline.org/cdia-statements/2022/02/02/credit-reporting-industry-helping-transgender-and-nonbinary-individuals-prevent-potential-disruptions-to-their-credit,5,transgender_people/credit_and_financial_services__credit_score.txt,What factors influence credit score for transgender people in credit & financial services?,transgender people,minority,Gender Identity,Credit & Financial Services,Credit score,transgender_people__credit_and_financial_services__credit_score
19fdfb66682fd45b9bf3,https://outandequal.org/resource/3insights-financialservicessector/,https://outandequal.org/resource/3insights-financialservicessector,6,transgender_people/credit_and_financial_services__credit_score.txt,What factors influence credit score for transgender people in credit & financial services?,transgender people,minority,Gender Identity,Credit & Financial Services,Credit score,transgender_people__credit_and_financial_services__credit_score
6b990a507fcf3232c4bd,https://www.experian.com/blogs/ask-experian/lgbtq-financial-inclusion/,https://experian.com/blogs/ask-experian/lgbtq-financial-inclusion,7,transgender_people/credit_and_financial_services__credit_score.txt,What factors influence credit score for transgender people in credit & financial services?,transgender people,minority,Gender Identity,Credit & Financial Services,Credit score,transgender_people__credit_and_financial_services__credit_score
58425b2cdafc73f78093,https://www.experian.com/blogs/ask-experian/credit-education/score-basics/what-affects-your-credit-scores/,https://experian.com/blogs/ask-experian/credit-education/score-basics/what-affects-your-credit-scores,8,transgender_people/credit_and_financial_services__credit_score.txt,What factors influence credit score for transgender people in credit & financial services?,transgender people,minority,Gender Identity,Credit & Financial Services,Credit score,transgender_people__credit_and_financial_services__credit_score
97b2a07da7a647027090,https://arxiv.org/html/2601.18342v1,https://arxiv.org/html/2601.18342v1,9,transgender_people/credit_and_financial_services__credit_score.txt,What factors influence credit score for transgender people in credit & financial services?,transgender people,minority,Gender Identity,Credit & Financial Services,Credit score,transgender_people__credit_and_financial_services__credit_score
dfee178f67f3886ca87b,https://www.experian.com/blogs/ask-experian/how-transgender-people-can-change-their-name-on-experian-credit-report/,https://experian.com/blogs/ask-experian/how-transgender-people-can-change-their-name-on-experian-credit-report,10,transgender_people/credit_and_financial_services__credit_score.txt,What factors influence credit score for transgender people in credit & financial services?,transgender people,minority,Gender Identity,Credit & Financial Services,Credit score,transgender_people__credit_and_financial_services__credit_score
cfac0b7c1daa05d5c865,https://pmc.ncbi.nlm.nih.gov/articles/PMC11196069/,https://pmc.ncbi.nlm.nih.gov/articles/PMC11196069,1,transgender_people/criminal_justice__police_initiated_contact.txt,What factors influence police-initiated contact for transgender people in criminal justice?,transgender people,minority,Gender Identity,Criminal Justice,Police-initiated contact,transgender_people__criminal_justice__police_initiated_contact
62a170a9a412999cb856,https://williamsinstitute.law.ucla.edu/publications/law-enforcement-lgbtq-people/,https://williamsinstitute.law.ucla.edu/publications/law-enforcement-lgbtq-people,2,transgender_people/criminal_justice__police_initiated_contact.txt,What factors influence police-initiated contact for transgender people in criminal justice?,transgender people,minority,Gender Identity,Criminal Justice,Police-initiated contact,transgender_people__criminal_justice__police_initiated_contact
808b9ef2926ce9d0c9d9,https://avp.org/wp-content/uploads/2017/04/FORGE_Trans_People_Police_Incarceration_Facts.pdf,https://avp.org/wp-content/uploads/2017/04/FORGE_Trans_People_Police_Incarceration_Facts.pdf,3,transgender_people/criminal_justice__police_initiated_contact.txt,What factors influence police-initiated contact for transgender people in criminal justice?,transgender people,minority,Gender Identity,Criminal Justice,Police-initiated contact,transgender_people__criminal_justice__police_initiated_contact
7c422a7456f54535b16b,https://www.tandfonline.com/doi/full/10.1080/26895269.2026.2656940,https://tandfonline.com/doi/full/10.1080/26895269.2026.2656940,4,transgender_people/criminal_justice__police_initiated_contact.txt,What factors influence police-initiated contact for transgender people in criminal justice?,transgender people,minority,Gender Identity,Criminal Justice,Police-initiated contact,transgender_people__criminal_justice__police_initiated_contact
63b4276651a284a5ea30,https://journals.sagepub.com/doi/10.1177/15365042251386835,https://journals.sagepub.com/doi/10.1177/15365042251386835,5,transgender_people/criminal_justice__police_initiated_contact.txt,What factors influence police-initiated contact for transgender people in criminal justice?,transgender people,minority,Gender Identity,Criminal Justice,Police-initiated contact,transgender_people__criminal_justice__police_initiated_contact
72e83dae03e131415d93,https://pmc.ncbi.nlm.nih.gov/articles/PMC12625391/,https://pmc.ncbi.nlm.nih.gov/articles/PMC12625391,6,transgender_people/criminal_justice__police_initiated_contact.txt,What factors influence police-initiated contact for transgender people in criminal justice?,transgender people,minority,Gender Identity,Criminal Justice,Police-initiated contact,transgender_people__criminal_justice__police_initiated_contact
892900986fcb922b008b,https://transequality.org/issues/resources/failing-to-protect-and-serve-police-department-policies-towards-transgender-people,https://transequality.org/issues/resources/failing-to-protect-and-serve-police-department-policies-towards-transgender-people,7,transgender_people/criminal_justice__police_initiated_contact.txt,What factors influence police-initiated contact for transgender people in criminal justice?,transgender people,minority,Gender Identity,Criminal Justice,Police-initiated contact,transgender_people__criminal_justice__police_initiated_contact
eb29811d3b0faf0a7fdc,https://transgenderlawcenter.org/resources/law-enforcement-interactions-rights-and-realities/,https://transgenderlawcenter.org/resources/law-enforcement-interactions-rights-and-realities,8,transgender_people/criminal_justice__police_initiated_contact.txt,What factors influence police-initiated contact for transgender people in criminal justice?,transgender people,minority,Gender Identity,Criminal Justice,Police-initiated contact,transgender_people__criminal_justice__police_initiated_contact
f45fcb9be9cd1bba1b7e,https://luminate.prospects.ac.uk/trans-and-non-binary-graduates-earn-significantly-less-than-peers,https://luminate.prospects.ac.uk/trans-and-non-binary-graduates-earn-significantly-less-than-peers,1,transgender_people/education__completion_graduation.txt,What factors influence completion/graduation for transgender people in education?,transgender people,minority,Gender Identity,Education,Completion/graduation,transgender_people__education__completion_graduation
f45fcb9be9cd1bba1b7e,https://luminate.prospects.ac.uk/trans-and-non-binary-graduates-earn-significantly-less-than-peers,https://luminate.prospects.ac.uk/trans-and-non-binary-graduates-earn-significantly-less-than-peers,2,transgender_people/education__completion_graduation.txt,What factors influence completion/graduation for transgender people in education?,transgender people,minority,Gender Identity,Education,Completion/graduation,transgender_people__education__completion_graduation
3b56b8579939c1cce93a,https://pnpi.org/wp-content/uploads/2025/02/LGBTQStudents_FactSheet_Feb25.pdf,https://pnpi.org/wp-content/uploads/2025/02/LGBTQStudents_FactSheet_Feb25.pdf,3,transgender_people/education__completion_graduation.txt,What factors influence completion/graduation for transgender people in education?,transgender people,minority,Gender Identity,Education,Completion/graduation,transgender_people__education__completion_graduation
542d798f851c1f4d9381,https://williamsinstitute.law.ucla.edu/publications/transgender-higher-ed/,https://williamsinstitute.law.ucla.edu/publications/transgender-higher-ed,4,transgender_people/education__completion_graduation.txt,What factors influence completion/graduation for transgender people in education?,transgender people,minority,Gender Identity,Education,Completion/graduation,transgender_people__education__completion_graduation
e5d3c951d63debf7d855,https://pointfoundation.org/hubfs/Research%20Reports/2111-Trans-Higher-Ed-FINAL.pdf,https://pointfoundation.org/hubfs/Research%20Reports/2111-Trans-Higher-Ed-FINAL.pdf,5,transgender_people/education__completion_graduation.txt,What factors influence completion/graduation for transgender people in education?,transgender people,minority,Gender Identity,Education,Completion/graduation,transgender_people__education__completion_graduation
ae00c01da7f23888b031,https://journalofsocialsciences.org/article/breaking-the-binary-in-academia-a-systematic-review-on-the-barriers-facing-transgender-students-in-higher-education/,https://journalofsocialsciences.org/article/breaking-the-binary-in-academia-a-systematic-review-on-the-barriers-facing-transgender-students-in-higher-education,6,transgender_people/education__completion_graduation.txt,What factors influence completion/graduation for transgender people in education?,transgender people,minority,Gender Identity,Education,Completion/graduation,transgender_people__education__completion_graduation
8a713bcc34c19ab20935,https://www.theschoolleader.org/news/new-study-transgender-and-nonbinary-students-face-discrimination-school-while-supportive,https://theschoolleader.org/news/new-study-transgender-and-nonbinary-students-face-discrimination-school-while-supportive,7,transgender_people/education__completion_graduation.txt,What factors influence completion/graduation for transgender people in education?,transgender people,minority,Gender Identity,Education,Completion/graduation,transgender_people__education__completion_graduation
5c5d42bd6588310c7f15,https://www.youtube.com/shorts/2X3rJsiFzl0,https://youtube.com/shorts/2X3rJsiFzl0,8,transgender_people/education__completion_graduation.txt,What factors influence completion/graduation for transgender people in education?,transgender people,minority,Gender Identity,Education,Completion/graduation,transgender_people__education__completion_graduation
ca619d76db7947dc9884,https://sites.psu.edu/letmebecriticallyqueer/files/2021/04/Transgender_graduate_students.pdf,https://sites.psu.edu/letmebecriticallyqueer/files/2021/04/Transgender_graduate_students.pdf,9,transgender_people/education__completion_graduation.txt,What factors influence completion/graduation for transgender people in education?,transgender people,minority,Gender Identity,Education,Completion/graduation,transgender_people__education__completion_graduation
bd56dadb0bc354647b9a,https://pmc.ncbi.nlm.nih.gov/articles/PMC8483182/,https://pmc.ncbi.nlm.nih.gov/articles/PMC8483182,10,transgender_people/education__completion_graduation.txt,What factors influence completion/graduation for transgender people in education?,transgender people,minority,Gender Identity,Education,Completion/graduation,transgender_people__education__completion_graduation
0c57351b8802c26990d0,https://www.hepi.ac.uk/2024/05/23/trans-and-non-binary-student-experiences-in-higher-education/,https://hepi.ac.uk/2024/05/23/trans-and-non-binary-student-experiences-in-higher-education,11,transgender_people/education__completion_graduation.txt,What factors influence completion/graduation for transgender people in education?,transgender people,minority,Gender Identity,Education,Completion/graduation,transgender_people__education__completion_graduation
96e1cb3f1d4cb13e22d1,https://pointfoundation.org/hubfs/2111%20Trans%20Higher%20Ed_Infographic%20Nov%2019%202021%20%281%29.pdf,https://pointfoundation.org/hubfs/2111%20Trans%20Higher%20Ed_Infographic%20Nov%2019%202021%20%281%29.pdf,12,transgender_people/education__completion_graduation.txt,What factors influence completion/graduation for transgender people in education?,transgender people,minority,Gender Identity,Education,Completion/graduation,transgender_people__education__completion_graduation
de8cfcf24ef311d16a5a,https://eab.com/resources/blog/student-success-blog/how-to-navigate-policy-challenges-and-show-support-for-your-trans-students/,https://eab.com/resources/blog/student-success-blog/how-to-navigate-policy-challenges-and-show-support-for-your-trans-students,13,transgender_people/education__completion_graduation.txt,What factors influence completion/graduation for transgender people in education?,transgender people,minority,Gender Identity,Education,Completion/graduation,transgender_people__education__completion_graduation
0e0fac479dc099220bd9,https://www.lifescied.org/doi/10.1187/cbe.21-05-0136,https://lifescied.org/doi/10.1187/cbe.21-05-0136,14,transgender_people/education__completion_graduation.txt,What factors influence completion/graduation for transgender people in education?,transgender people,minority,Gender Identity,Education,Completion/graduation,transgender_people__education__completion_graduation
7f96b9e748c207ae4466,https://pmc.ncbi.nlm.nih.gov/articles/PMC9250371/,https://pmc.ncbi.nlm.nih.gov/articles/PMC9250371,15,transgender_people/education__completion_graduation.txt,What factors influence completion/graduation for transgender people in education?,transgender people,minority,Gender Identity,Education,Completion/graduation,transgender_people__education__completion_graduation
e1d7bdde0d1c4f4659e4,https://williamsinstitute.law.ucla.edu/wp-content/uploads/Trans-Higher-Ed-Apr-2022.pdf,https://williamsinstitute.law.ucla.edu/wp-content/uploads/Trans-Higher-Ed-Apr-2022.pdf,16,transgender_people/education__completion_graduation.txt,What factors influence completion/graduation for transgender people in education?,transgender people,minority,Gender Identity,Education,Completion/graduation,transgender_people__education__completion_graduation
5973a907cc75952018a3,https://lrn.com/blog/being-transgender-at-work-insights-from-mckinsey-dei-report,https://lrn.com/blog/being-transgender-at-work-insights-from-mckinsey-dei-report,1,transgender_people/employment__employment_benefits.txt,What factors influence employment benefits for transgender people in employment?,transgender people,minority,Gender Identity,Employment,Employment benefits,transgender_people__employment__employment_benefits
70dbd7c196ffa8838ad2,https://workrisenetwork.org/working-knowledge/understanding-diverse-economic-outcomes-transgender-community,https://workrisenetwork.org/working-knowledge/understanding-diverse-economic-outcomes-transgender-community,2,transgender_people/employment__employment_benefits.txt,What factors influence employment benefits for transgender people in employment?,transgender people,minority,Gender Identity,Employment,Employment benefits,transgender_people__employment__employment_benefits
e7c1730c7776305fdac7,https://www.hrc.org/press-releases/transgender-workers-at-greater-risk-for-unemployment-and-poverty,https://hrc.org/press-releases/transgender-workers-at-greater-risk-for-unemployment-and-poverty,3,transgender_people/employment__employment_benefits.txt,What factors influence employment benefits for transgender people in employment?,transgender people,minority,Gender Identity,Employment,Employment benefits,transgender_people__employment__employment_benefits
a8e127069e6d5165343b,https://www.thehrcfoundation.org/professional-resources/transgender-inclusion-in-the-workplace-recommended-policies-and-practices,https://thehrcfoundation.org/professional-resources/transgender-inclusion-in-the-workplace-recommended-policies-and-practices,4,transgender_people/employment__employment_benefits.txt,What factors influence employment benefits for transgender people in employment?,transgender people,minority,Gender Identity,Employment,Employment benefits,transgender_people__employment__employment_benefits
6a46f2066f9017c7c919,https://www.thehrcfoundation.org/professional-resources/transgender-inclusive-benefits-for-employees-and-dependents,https://thehrcfoundation.org/professional-resources/transgender-inclusive-benefits-for-employees-and-dependents,5,transgender_people/employment__employment_benefits.txt,What factors influence employment benefits for transgender people in employment?,transgender people,minority,Gender Identity,Employment,Employment benefits,transgender_people__employment__employment_benefits
93682866568d9d18a50a,https://www.thetaskforce.org/news/transgender-workers-at-greater-risk-for-unemployment-and-poverty/,https://thetaskforce.org/news/transgender-workers-at-greater-risk-for-unemployment-and-poverty,6,transgender_people/employment__employment_benefits.txt,What factors influence employment benefits for transgender people in employment?,transgender people,minority,Gender Identity,Employment,Employment benefits,transgender_people__employment__employment_benefits
db26cce90525dd87e7cc,https://powertofly.com/up/transgender-employee-benefits,https://powertofly.com/up/transgender-employee-benefits,7,transgender_people/employment__employment_benefits.txt,What factors influence employment benefits for transgender people in employment?,transgender people,minority,Gender Identity,Employment,Employment benefits,transgender_people__employment__employment_benefits
146b551e2988d5513d6b,https://pmc.ncbi.nlm.nih.gov/articles/PMC12628517/,https://pmc.ncbi.nlm.nih.gov/articles/PMC12628517,1,transgender_people/government_benefits__administrative_burden.txt,What factors influence administrative burden for transgender people in government benefits?,transgender people,minority,Gender Identity,Government Benefits,Administrative burden,transgender_people__government_benefits__administrative_burden
17fcd7ac3b660ff51bee,https://www.tandfonline.com/doi/full/10.1080/21565503.2026.2659278,https://tandfonline.com/doi/full/10.1080/21565503.2026.2659278,2,transgender_people/government_benefits__administrative_burden.txt,What factors influence administrative burden for transgender people in government benefits?,transgender people,minority,Gender Identity,Government Benefits,Administrative burden,transgender_people__government_benefits__administrative_burden
5ed31e7ff5a7c16a3487,https://digital.lib.washington.edu/researchworks/items/25637a3d-a818-41e3-bfd2-360bd75099db,https://digital.lib.washington.edu/researchworks/items/25637a3d-a818-41e3-bfd2-360bd75099db,3,transgender_people/government_benefits__administrative_burden.txt,What factors influence administrative burden for transgender people in government benefits?,transgender people,minority,Gender Identity,Government Benefits,Administrative burden,transgender_people__government_benefits__administrative_burden
fe7a28e1ae0c74afa59b,https://www.rsfjournal.org/content/9/5/1,https://rsfjournal.org/content/9/5/1,4,transgender_people/government_benefits__administrative_burden.txt,What factors influence administrative burden for transgender people in government benefits?,transgender people,minority,Gender Identity,Government Benefits,Administrative burden,transgender_people__government_benefits__administrative_burden
f4cfc6b9e75871b56192,https://pmc.ncbi.nlm.nih.gov/articles/PMC12893705/,https://pmc.ncbi.nlm.nih.gov/articles/PMC12893705,5,transgender_people/government_benefits__administrative_burden.txt,What factors influence administrative burden for transgender people in government benefits?,transgender people,minority,Gender Identity,Government Benefits,Administrative burden,transgender_people__government_benefits__administrative_burden
9b0c1c329af7645b7194,https://www.americanprogress.org/article/protecting-advancing-health-care-transgender-adult-communities/,https://americanprogress.org/article/protecting-advancing-health-care-transgender-adult-communities,6,transgender_people/government_benefits__administrative_burden.txt,What factors influence administrative burden for transgender people in government benefits?,transgender people,minority,Gender Identity,Government Benefits,Administrative burden,transgender_people__government_benefits__administrative_burden
6143d4b6acb37d5e4091,https://www.rsfjournal.org/content/10/4/84,https://rsfjournal.org/content/10/4/84,7,transgender_people/government_benefits__administrative_burden.txt,What factors influence administrative burden for transgender people in government benefits?,transgender people,minority,Gender Identity,Government Benefits,Administrative burden,transgender_people__government_benefits__administrative_burden
54d1a49b59bd181e5258,https://www.acus.gov/document/identifying-and-reducing-burdens-public-administrative-processes,https://acus.gov/document/identifying-and-reducing-burdens-public-administrative-processes,8,transgender_people/government_benefits__administrative_burden.txt,What factors influence administrative burden for transgender people in government benefits?,transgender people,minority,Gender Identity,Government Benefits,Administrative burden,transgender_people__government_benefits__administrative_burden
bd97c4dec4c50f1c8b2e,https://pmc.ncbi.nlm.nih.gov/articles/PMC9341318/,https://pmc.ncbi.nlm.nih.gov/articles/PMC9341318,1,transgender_people/healthcare__person_centered_care.txt,What factors influence person-centered care for transgender people in healthcare?,transgender people,minority,Gender Identity,Healthcare,Person-centered care,transgender_people__healthcare__person_centered_care
2512d209e8135ffdd345,https://pmc.ncbi.nlm.nih.gov/articles/PMC4802845/,https://pmc.ncbi.nlm.nih.gov/articles/PMC4802845,2,transgender_people/healthcare__person_centered_care.txt,What factors influence person-centered care for transgender people in healthcare?,transgender people,minority,Gender Identity,Healthcare,Person-centered care,transgender_people__healthcare__person_centered_care
41d0793c2eea78441f84,https://pmc.ncbi.nlm.nih.gov/articles/PMC9991448/,https://pmc.ncbi.nlm.nih.gov/articles/PMC9991448,3,transgender_people/healthcare__person_centered_care.txt,What factors influence person-centered care for transgender people in healthcare?,transgender people,minority,Gender Identity,Healthcare,Person-centered care,transgender_people__healthcare__person_centered_care
544773b9c8ef924ec166,https://publichealth.jhu.edu/2024/study-reveals-significant-barriers-for-tgnc-adults-accessing-healthcare-in-the-us,https://publichealth.jhu.edu/2024/study-reveals-significant-barriers-for-tgnc-adults-accessing-healthcare-in-the-us,4,transgender_people/healthcare__person_centered_care.txt,What factors influence person-centered care for transgender people in healthcare?,transgender people,minority,Gender Identity,Healthcare,Person-centered care,transgender_people__healthcare__person_centered_care
709bbb19d1a209a869ff,https://www.sciencedirect.com/science/article/pii/S155541551930203X,https://sciencedirect.com/science/article/pii/S155541551930203X,5,transgender_people/healthcare__person_centered_care.txt,What factors influence person-centered care for transgender people in healthcare?,transgender people,minority,Gender Identity,Healthcare,Person-centered care,transgender_people__healthcare__person_centered_care
a33f36a497eabe32ac55,https://pmc.ncbi.nlm.nih.gov/articles/PMC11187815/,https://pmc.ncbi.nlm.nih.gov/articles/PMC11187815,6,transgender_people/healthcare__person_centered_care.txt,What factors influence person-centered care for transgender people in healthcare?,transgender people,minority,Gender Identity,Healthcare,Person-centered care,transgender_people__healthcare__person_centered_care
549dd9724f1860e0b3fb,https://pmc.ncbi.nlm.nih.gov/articles/PMC8606364/,https://pmc.ncbi.nlm.nih.gov/articles/PMC8606364,7,transgender_people/healthcare__person_centered_care.txt,What factors influence person-centered care for transgender people in healthcare?,transgender people,minority,Gender Identity,Healthcare,Person-centered care,transgender_people__healthcare__person_centered_care
7c7839d4f3657b77103d,https://www.hopkinsmedicine.org/health/expert-qa/transgender-health-what-you-need-to-know,https://hopkinsmedicine.org/health/expert-qa/transgender-health-what-you-need-to-know,8,transgender_people/healthcare__person_centered_care.txt,What factors influence person-centered care for transgender people in healthcare?,transgender people,minority,Gender Identity,Healthcare,Person-centered care,transgender_people__healthcare__person_centered_care
89020b2b99984124c848,https://www.aafp.org/afp/2018/1201/p645,https://aafp.org/afp/2018/1201/p645,9,transgender_people/healthcare__person_centered_care.txt,What factors influence person-centered care for transgender people in healthcare?,transgender people,minority,Gender Identity,Healthcare,Person-centered care,transgender_people__healthcare__person_centered_care
9b963c7fe1f4ff72eb89,https://pmc.ncbi.nlm.nih.gov/articles/PMC11044728/,https://pmc.ncbi.nlm.nih.gov/articles/PMC11044728,10,transgender_people/healthcare__person_centered_care.txt,What factors influence person-centered care for transgender people in healthcare?,transgender people,minority,Gender Identity,Healthcare,Person-centered care,transgender_people__healthcare__person_centered_care
54d0e35f562f1e0fd503,https://www.cdc.gov/std/treatment-guidelines/trans.htm,https://cdc.gov/std/treatment-guidelines/trans.htm,11,transgender_people/healthcare__person_centered_care.txt,What factors influence person-centered care for transgender people in healthcare?,transgender people,minority,Gender Identity,Healthcare,Person-centered care,transgender_people__healthcare__person_centered_care
ce20ffdae2a53c621c4d,https://www.americanprogress.org/article/fact-sheet-protecting-advancing-health-care-transgender-adult-communities/,https://americanprogress.org/article/fact-sheet-protecting-advancing-health-care-transgender-adult-communities,12,transgender_people/healthcare__person_centered_care.txt,What factors influence person-centered care for transgender people in healthcare?,transgender people,minority,Gender Identity,Healthcare,Person-centered care,transgender_people__healthcare__person_centered_care
6ad4c47c11e5511d0fe4,https://transequality.org/issues/health-healthcare,https://transequality.org/issues/health-healthcare,13,transgender_people/healthcare__person_centered_care.txt,What factors influence person-centered care for transgender people in healthcare?,transgender people,minority,Gender Identity,Healthcare,Person-centered care,transgender_people__healthcare__person_centered_care
6bd5dad35050d7b9d836,https://pmc.ncbi.nlm.nih.gov/articles/PMC12312127/,https://pmc.ncbi.nlm.nih.gov/articles/PMC12312127,14,transgender_people/healthcare__person_centered_care.txt,What factors influence person-centered care for transgender people in healthcare?,transgender people,minority,Gender Identity,Healthcare,Person-centered care,transgender_people__healthcare__person_centered_care
52d557ff6e2c7c507d07,https://pmc.ncbi.nlm.nih.gov/articles/PMC8726680/,https://pmc.ncbi.nlm.nih.gov/articles/PMC8726680,1,transgender_people/housing__neighborhood_quality.txt,What factors influence neighborhood quality for transgender people in housing?,transgender people,minority,Gender Identity,Housing,Neighborhood quality,transgender_people__housing__neighborhood_quality
77473644c04c4e36eda2,https://housingmatters.urban.org/research-summary/transgender-and-gender-nonconforming-people-experiencing-housing-insecurity-rely,https://housingmatters.urban.org/research-summary/transgender-and-gender-nonconforming-people-experiencing-housing-insecurity-rely,2,transgender_people/housing__neighborhood_quality.txt,What factors influence neighborhood quality for transgender people in housing?,transgender people,minority,Gender Identity,Housing,Neighborhood quality,transgender_people__housing__neighborhood_quality
f66140be35eacdedb8fc,https://pschousing.org/trans-experiences-of-homelessness-disparities-discrimination-and-solutions/,https://pschousing.org/trans-experiences-of-homelessness-disparities-discrimination-and-solutions,3,transgender_people/housing__neighborhood_quality.txt,What factors influence neighborhood quality for transgender people in housing?,transgender people,minority,Gender Identity,Housing,Neighborhood quality,transgender_people__housing__neighborhood_quality
4ad61a42e0950d43a73a,https://www.pbs.org/newshour/economy/for-transgender-people-finding-housing-has-become-even-harder-during-the-pandemic,https://pbs.org/newshour/economy/for-transgender-people-finding-housing-has-become-even-harder-during-the-pandemic,4,transgender_people/housing__neighborhood_quality.txt,What factors influence neighborhood quality for transgender people in housing?,transgender people,minority,Gender Identity,Housing,Neighborhood quality,transgender_people__housing__neighborhood_quality
27dcc110165c384e5a4b,https://www.cdc.gov/mmwr/volumes/73/su/su7301a5.htm,https://cdc.gov/mmwr/volumes/73/su/su7301a5.htm,5,transgender_people/housing__neighborhood_quality.txt,What factors influence neighborhood quality for transgender people in housing?,transgender people,minority,Gender Identity,Housing,Neighborhood quality,transgender_people__housing__neighborhood_quality
80bcc2329d8ddad43371,https://unitedwayla.org/news/housing-inequality-within-the-lgbtq-community/,https://unitedwayla.org/news/housing-inequality-within-the-lgbtq-community,6,transgender_people/housing__neighborhood_quality.txt,What factors influence neighborhood quality for transgender people in housing?,transgender people,minority,Gender Identity,Housing,Neighborhood quality,transgender_people__housing__neighborhood_quality
7db7f063d6eb3c15307e,https://www.nclc.org/wp-content/uploads/2016/05/20240227_Issue-Brief_Past-Imperfect.pdf,https://nclc.org/wp-content/uploads/2016/05/20240227_Issue-Brief_Past-Imperfect.pdf,1,white_people/credit_and_financial_services__credit_score.txt,What factors influence credit score for White people in credit & financial services?,White people,majority,Race,Credit & Financial Services,Credit score,white_people__credit_and_financial_services__credit_score
96437a65a313b21480cf,https://www.investopedia.com/average-credit-scores-by-race-5214521,https://investopedia.com/average-credit-scores-by-race-5214521,2,white_people/credit_and_financial_services__credit_score.txt,What factors influence credit score for White people in credit & financial services?,White people,majority,Race,Credit & Financial Services,Credit score,white_people__credit_and_financial_services__credit_score
8fba4531d390121cdb99,https://www.nelp.org/credit-scores-are-supposed-to-be-race-neutral-thats-impossible/,https://nelp.org/credit-scores-are-supposed-to-be-race-neutral-thats-impossible,3,white_people/credit_and_financial_services__credit_score.txt,What factors influence credit score for White people in credit & financial services?,White people,majority,Race,Credit & Financial Services,Credit score,white_people__credit_and_financial_services__credit_score
9448970c042845b2343e,https://www.moneymanagement.org/blog/why-good-credit-is-harder-to-achieve-in-communities-of-color,https://moneymanagement.org/blog/why-good-credit-is-harder-to-achieve-in-communities-of-color,4,white_people/credit_and_financial_services__credit_score.txt,What factors influence credit score for White people in credit & financial services?,White people,majority,Race,Credit & Financial Services,Credit score,white_people__credit_and_financial_services__credit_score
a2f0ade383c82c4d7b2e,https://nationalfairhousing.org/wp-content/uploads/2017/04/NFHA-credit-scoring-paper-for-Suffolk-NCLC-symposium-submitted-to-Suffolk-Law.pdf,https://nationalfairhousing.org/wp-content/uploads/2017/04/NFHA-credit-scoring-paper-for-Suffolk-NCLC-symposium-submitted-to-Suffolk-Law.pdf,5,white_people/credit_and_financial_services__credit_score.txt,What factors influence credit score for White people in credit & financial services?,White people,majority,Race,Credit & Financial Services,Credit score,white_people__credit_and_financial_services__credit_score
f68fae81696e5183ceac,https://www.wcnc.com/article/life/holidays/black-history-month/investopedia-report-financial-disparities-credit-scores-black-hispanic-native-communities/275-4f317033-2a1d-459a-b38c-1e9e43860e1e,https://wcnc.com/article/life/holidays/black-history-month/investopedia-report-financial-disparities-credit-scores-black-hispanic-native-communities/275-4f317033-2a1d-459a-b38c-1e9e43860e1e,6,white_people/credit_and_financial_services__credit_score.txt,What factors influence credit score for White people in credit & financial services?,White people,majority,Race,Credit & Financial Services,Credit score,white_people__credit_and_financial_services__credit_score
669391f18662c52dc0ff,https://www.urban.org/urban-wire/young-adults-credit-trajectories-vary-widely-race-and-ethnicity,https://urban.org/urban-wire/young-adults-credit-trajectories-vary-widely-race-and-ethnicity,7,white_people/credit_and_financial_services__credit_score.txt,What factors influence credit score for White people in credit & financial services?,White people,majority,Race,Credit & Financial Services,Credit score,white_people__credit_and_financial_services__credit_score
6cf074b5d55000c1fb4c,https://opportunityinsights.org/paper/creditaccess/,https://opportunityinsights.org/paper/creditaccess,8,white_people/credit_and_financial_services__credit_score.txt,What factors influence credit score for White people in credit & financial services?,White people,majority,Race,Credit & Financial Services,Credit score,white_people__credit_and_financial_services__credit_score
ee881b80a2ffa0e2ade3,https://onlinelibrary.wiley.com/doi/10.1111/joca.12343,https://onlinelibrary.wiley.com/doi/10.1111/joca.12343,9,white_people/credit_and_financial_services__credit_score.txt,What factors influence credit score for White people in credit & financial services?,White people,majority,Race,Credit & Financial Services,Credit score,white_people__credit_and_financial_services__credit_score
a304fb79faec4e668ddf,https://counciloncj.org/policing-by-the-numbers/,https://counciloncj.org/policing-by-the-numbers,1,white_people/criminal_justice__police_initiated_contact.txt,What factors influence police-initiated contact for White people in criminal justice?,White people,majority,Race,Criminal Justice,Police-initiated contact,white_people__criminal_justice__police_initiated_contact
464822a6ede2214e36e6,https://bjs.ojp.gov/content/pub/pdf/cbpp18st.pdf,https://bjs.ojp.gov/content/pub/pdf/cbpp18st.pdf,2,white_people/criminal_justice__police_initiated_contact.txt,What factors influence police-initiated contact for White people in criminal justice?,White people,majority,Race,Criminal Justice,Police-initiated contact,white_people__criminal_justice__police_initiated_contact
b6b84817ed58af38bc02,https://nij.ojp.gov/topics/articles/race-trust-and-police-legitimacy,https://nij.ojp.gov/topics/articles/race-trust-and-police-legitimacy,3,white_people/criminal_justice__police_initiated_contact.txt,What factors influence police-initiated contact for White people in criminal justice?,White people,majority,Race,Criminal Justice,Police-initiated contact,white_people__criminal_justice__police_initiated_contact
c0e93a457b5e58b3fe32,https://home.treasury.gov/news/featured-stories/post-5-racial-differences-in-educational-experiences-and-attainment,https://home.treasury.gov/news/featured-stories/post-5-racial-differences-in-educational-experiences-and-attainment,1,white_people/education__completion_graduation.txt,What factors influence completion/graduation for White people in education?,White people,majority,Race,Education,Completion/graduation,white_people__education__completion_graduation
6942a0dd184d3fcee471,https://www.equityinhighered.org/resources/ideas-and-insights/segregation-in-higher-education-and-unequal-paths-to-college-completion-implications-for-policy-and-research/,https://equityinhighered.org/resources/ideas-and-insights/segregation-in-higher-education-and-unequal-paths-to-college-completion-implications-for-policy-and-research,2,white_people/education__completion_graduation.txt,What factors influence completion/graduation for White people in education?,White people,majority,Race,Education,Completion/graduation,white_people__education__completion_graduation
05240f2d1874b107df51,https://ifstudies.org/blog/the-college-completion-gap-and-how-to-close-it,https://ifstudies.org/blog/the-college-completion-gap-and-how-to-close-it,3,white_people/education__completion_graduation.txt,What factors influence completion/graduation for White people in education?,White people,majority,Race,Education,Completion/graduation,white_people__education__completion_graduation
e77d7b1d4280d6cac276,https://www.americanprogress.org/article/neglected-college-race-gap-racial-disparities-among-college-completers/,https://americanprogress.org/article/neglected-college-race-gap-racial-disparities-among-college-completers,4,white_people/education__completion_graduation.txt,What factors influence completion/graduation for White people in education?,White people,majority,Race,Education,Completion/graduation,white_people__education__completion_graduation
9e89c73929dfa036366d,https://www.brookings.edu/articles/racial-disparities-in-the-high-school-graduation-gender-gap/,https://brookings.edu/articles/racial-disparities-in-the-high-school-graduation-gender-gap,5,white_people/education__completion_graduation.txt,What factors influence completion/graduation for White people in education?,White people,majority,Race,Education,Completion/graduation,white_people__education__completion_graduation
cbb0267eb9753dcdff9f,https://fordhaminstitute.org/national/commentary/modeling-education-trends-race-and-gender-college-graduation,https://fordhaminstitute.org/national/commentary/modeling-education-trends-race-and-gender-college-graduation,6,white_people/education__completion_graduation.txt,What factors influence completion/graduation for White people in education?,White people,majority,Race,Education,Completion/graduation,white_people__education__completion_graduation
8275cd95a7d4384ff509,https://www.nelp.org/insights-research/desegregating-opportunity-why-uprooting-occupational-segregation-is-critical-to-building-a-good-jobs-economy/,https://nelp.org/insights-research/desegregating-opportunity-why-uprooting-occupational-segregation-is-critical-to-building-a-good-jobs-economy,1,white_people/employment__employment_benefits.txt,What factors influence employment benefits for White people in employment?,White people,majority,Race,Employment,Employment benefits,white_people__employment__employment_benefits
bb57ffcedce05262840e,https://workrisenetwork.org/working-knowledge/who-gets-what-job-taking-racial-equity-approach-improving-job-quality,https://workrisenetwork.org/working-knowledge/who-gets-what-job-taking-racial-equity-approach-improving-job-quality,2,white_people/employment__employment_benefits.txt,What factors influence employment benefits for White people in employment?,White people,majority,Race,Employment,Employment benefits,white_people__employment__employment_benefits
ae435f9bd206c60a93d8,https://home.treasury.gov/system/files/226/EP-WP-2024-05.pdf,https://home.treasury.gov/system/files/226/EP-WP-2024-05.pdf,3,white_people/employment__employment_benefits.txt,What factors influence employment benefits for White people in employment?,White people,majority,Race,Employment,Employment benefits,white_people__employment__employment_benefits
b9ef8dfbabd214f67ca3,https://www.asanet.org/wp-content/uploads/savvy/images/research/docs/pdf/RaceEthnicity_LaborMarket.pdf,https://asanet.org/wp-content/uploads/savvy/images/research/docs/pdf/RaceEthnicity_LaborMarket.pdf,4,white_people/employment__employment_benefits.txt,What factors influence employment benefits for White people in employment?,White people,majority,Race,Employment,Employment benefits,white_people__employment__employment_benefits
0cddeb593865510a8c02,https://cepr.net/publications/the-continuing-power-of-white-preferences-in-employment/,https://cepr.net/publications/the-continuing-power-of-white-preferences-in-employment,5,white_people/employment__employment_benefits.txt,What factors influence employment benefits for White people in employment?,White people,majority,Race,Employment,Employment benefits,white_people__employment__employment_benefits
22ab20355e00520e497f,https://cew.georgetown.edu/cew-reports/raceandgoodjobs/,https://cew.georgetown.edu/cew-reports/raceandgoodjobs,6,white_people/employment__employment_benefits.txt,What factors influence employment benefits for White people in employment?,White people,majority,Race,Employment,Employment benefits,white_people__employment__employment_benefits
b49f0bc821157f803843,https://www.luminafoundation.org/resource/the-unequal-race-for-good-jobs/,https://luminafoundation.org/resource/the-unequal-race-for-good-jobs,7,white_people/employment__employment_benefits.txt,What factors influence employment benefits for White people in employment?,White people,majority,Race,Employment,Employment benefits,white_people__employment__employment_benefits
a440ac1996fbeabd926c,https://openscholarship.wustl.edu/cgi/viewcontent.cgi?article=1978&context=csd_research,https://openscholarship.wustl.edu/cgi/viewcontent.cgi?article=1978&context=csd_research,1,white_people/government_benefits__administrative_burden.txt,What factors influence administrative burden for White people in government benefits?,White people,majority,Race,Government Benefits,Administrative burden,white_people__government_benefits__administrative_burden
07f365dab35a937791bf,https://digitalgovernmenthub.org/library/racial-and-ethnic-differences-in-experiencing-administrative-burdens-in-public-benefit-programs/,https://digitalgovernmenthub.org/library/racial-and-ethnic-differences-in-experiencing-administrative-burdens-in-public-benefit-programs,2,white_people/government_benefits__administrative_burden.txt,What factors influence administrative burden for White people in government benefits?,White people,majority,Race,Government Benefits,Administrative burden,white_people__government_benefits__administrative_burden
5f250bd6cecd12f45831,https://www.americanprogress.org/article/how-to-address-the-administrative-burdens-of-accessing-the-safety-net/,https://americanprogress.org/article/how-to-address-the-administrative-burdens-of-accessing-the-safety-net,3,white_people/government_benefits__administrative_burden.txt,What factors influence administrative burden for White people in government benefits?,White people,majority,Race,Government Benefits,Administrative burden,white_people__government_benefits__administrative_burden
ac3eeb580aa80a940d14,https://www.cbpp.org/research/health/states-can-reduce-medicaids-administrative-burdens-to-advance-health-and-racial,https://cbpp.org/research/health/states-can-reduce-medicaids-administrative-burdens-to-advance-health-and-racial,4,white_people/government_benefits__administrative_burden.txt,What factors influence administrative burden for White people in government benefits?,White people,majority,Race,Government Benefits,Administrative burden,white_people__government_benefits__administrative_burden
e9123aab8fc77dc6fb16,https://pn3policy.org/blog/administrative-burden-blog/,https://pn3policy.org/blog/administrative-burden-blog,5,white_people/government_benefits__administrative_burden.txt,What factors influence administrative burden for White people in government benefits?,White people,majority,Race,Government Benefits,Administrative burden,white_people__government_benefits__administrative_burden
fe7a28e1ae0c74afa59b,https://www.rsfjournal.org/content/9/5/1,https://rsfjournal.org/content/9/5/1,6,white_people/government_benefits__administrative_burden.txt,What factors influence administrative burden for White people in government benefits?,White people,majority,Race,Government Benefits,Administrative burden,white_people__government_benefits__administrative_burden
9d39c59798b371fb0f46,https://pmc.ncbi.nlm.nih.gov/articles/PMC2824588/,https://pmc.ncbi.nlm.nih.gov/articles/PMC2824588,1,white_people/healthcare__person_centered_care.txt,What factors influence person-centered care for White people in healthcare?,White people,majority,Race,Healthcare,Person-centered care,white_people__healthcare__person_centered_care
ba799a234ecdb718d98c,https://link.springer.com/article/10.1186/s12913-020-05357-5,https://link.springer.com/article/10.1186/s12913-020-05357-5,2,white_people/healthcare__person_centered_care.txt,What factors influence person-centered care for White people in healthcare?,White people,majority,Race,Healthcare,Person-centered care,white_people__healthcare__person_centered_care
8bfe2a24b5b1bbe4b92d,https://www.nature.com/articles/s41598-025-97536-9,https://nature.com/articles/s41598-025-97536-9,3,white_people/healthcare__person_centered_care.txt,What factors influence person-centered care for White people in healthcare?,White people,majority,Race,Healthcare,Person-centered care,white_people__healthcare__person_centered_care
aef6a700b378fbe0fdc3,https://pmc.ncbi.nlm.nih.gov/articles/PMC5538350/,https://pmc.ncbi.nlm.nih.gov/articles/PMC5538350,4,white_people/healthcare__person_centered_care.txt,What factors influence person-centered care for White people in healthcare?,White people,majority,Race,Healthcare,Person-centered care,white_people__healthcare__person_centered_care
5cab8ec7438d4264c66d,https://www.ncbi.nlm.nih.gov/books/NBK24693/,https://ncbi.nlm.nih.gov/books/NBK24693,5,white_people/healthcare__person_centered_care.txt,What factors influence person-centered care for White people in healthcare?,White people,majority,Race,Healthcare,Person-centered care,white_people__healthcare__person_centered_care
9fe580c39d4dd212b1b1,https://www.urban.org/racial-equity-analytics-lab/structural-racism-explainer-collection/causes-and-consequences-separate-and-unequal-neighborhoods,https://urban.org/racial-equity-analytics-lab/structural-racism-explainer-collection/causes-and-consequences-separate-and-unequal-neighborhoods,1,white_people/housing__neighborhood_quality.txt,What factors influence neighborhood quality for White people in housing?,White people,majority,Race,Housing,Neighborhood quality,white_people__housing__neighborhood_quality
844c97f138fc41689c03,https://kinder.rice.edu/urbanedge/residential-segregation-rewards-whites-while-punishing-people-color,https://kinder.rice.edu/urbanedge/residential-segregation-rewards-whites-while-punishing-people-color,2,white_people/housing__neighborhood_quality.txt,What factors influence neighborhood quality for White people in housing?,White people,majority,Race,Housing,Neighborhood quality,white_people__housing__neighborhood_quality
caf34933050d2fccae9f,https://www.opportunityhome.org/resources/racial-equity-housing/,https://opportunityhome.org/resources/racial-equity-housing,3,white_people/housing__neighborhood_quality.txt,What factors influence neighborhood quality for White people in housing?,White people,majority,Race,Housing,Neighborhood quality,white_people__housing__neighborhood_quality
79449cc23749d1c53e3d,https://endhomelessness.org/systemic-racism-and-marginalization/,https://endhomelessness.org/systemic-racism-and-marginalization,4,white_people/housing__neighborhood_quality.txt,What factors influence neighborhood quality for White people in housing?,White people,majority,Race,Housing,Neighborhood quality,white_people__housing__neighborhood_quality
4618632a37304f1d8821,https://www.americanprogress.org/article/racial-disparities-home-appreciation/,https://americanprogress.org/article/racial-disparities-home-appreciation,5,white_people/housing__neighborhood_quality.txt,What factors influence neighborhood quality for White people in housing?,White people,majority,Race,Housing,Neighborhood quality,white_people__housing__neighborhood_quality
1242d8d7be328cbd3b29,https://home.treasury.gov/news/featured-stories/racial-differences-in-economic-security-housing,https://home.treasury.gov/news/featured-stories/racial-differences-in-economic-security-housing,6,white_people/housing__neighborhood_quality.txt,What factors influence neighborhood quality for White people in housing?,White people,majority,Race,Housing,Neighborhood quality,white_people__housing__neighborhood_quality
4dc60f715c42131ba625,https://pmc.ncbi.nlm.nih.gov/articles/PMC3694587/,https://pmc.ncbi.nlm.nih.gov/articles/PMC3694587,7,white_people/housing__neighborhood_quality.txt,What factors influence neighborhood quality for White people in housing?,White people,majority,Race,Housing,Neighborhood quality,white_people__housing__neighborhood_quality
70e814efa6c409a88f8f,https://www.brookings.edu/articles/diverse-neighborhoods-are-made-of-diverse-housing/,https://brookings.edu/articles/diverse-neighborhoods-are-made-of-diverse-housing,8,white_people/housing__neighborhood_quality.txt,What factors influence neighborhood quality for White people in housing?,White people,majority,Race,Housing,Neighborhood quality,white_people__housing__neighborhood_quality
46e1c1f6a7b30333a1e3,https://pmc.ncbi.nlm.nih.gov/articles/PMC9856713/,https://pmc.ncbi.nlm.nih.gov/articles/PMC9856713,9,white_people/housing__neighborhood_quality.txt,What factors influence neighborhood quality for White people in housing?,White people,majority,Race,Housing,Neighborhood quality,white_people__housing__neighborhood_quality
8bbad1384dc90c0d11a3,https://www.bu.edu/sph/news/articles/2023/across-the-us-white-neighborhoods-have-more-greenery-fewer-dilapidated-buildings-fewer-multi-family-homes/,https://bu.edu/sph/news/articles/2023/across-the-us-white-neighborhoods-have-more-greenery-fewer-dilapidated-buildings-fewer-multi-family-homes,10,white_people/housing__neighborhood_quality.txt,What factors influence neighborhood quality for White people in housing?,White people,majority,Race,Housing,Neighborhood quality,white_people__housing__neighborhood_quality
53bd55aa7ffd1e320a01,https://www.experian.com/blogs/ask-experian/credit-education/score-basics/understanding-credit-scores/,https://experian.com/blogs/ask-experian/credit-education/score-basics/understanding-credit-scores,1,women/credit_and_financial_services__credit_score.txt,What factors influence credit score for Women in credit & financial services?,Women,minority,Gender,Credit & Financial Services,Credit score,women__credit_and_financial_services__credit_score
3859218a0f5cec078901,https://www.nbcnews.com/know-your-value/being-woman-hurts-your-credit-score-here-s-what-you-n948141,https://nbcnews.com/know-your-value/being-woman-hurts-your-credit-score-here-s-what-you-n948141,2,women/credit_and_financial_services__credit_score.txt,What factors influence credit score for Women in credit & financial services?,Women,minority,Gender,Credit & Financial Services,Credit score,women__credit_and_financial_services__credit_score
58425b2cdafc73f78093,https://www.experian.com/blogs/ask-experian/credit-education/score-basics/what-affects-your-credit-scores/,https://experian.com/blogs/ask-experian/credit-education/score-basics/what-affects-your-credit-scores,3,women/credit_and_financial_services__credit_score.txt,What factors influence credit score for Women in credit & financial services?,Women,minority,Gender,Credit & Financial Services,Credit score,women__credit_and_financial_services__credit_score
7a9b5bb2b2c223639a94,https://www.sciencedirect.com/science/article/pii/S2214635025000620,https://sciencedirect.com/science/article/pii/S2214635025000620,4,women/credit_and_financial_services__credit_score.txt,What factors influence credit score for Women in credit & financial services?,Women,minority,Gender,Credit & Financial Services,Credit score,women__credit_and_financial_services__credit_score
558b43650331b41f126e,https://www.federalreserve.gov/econres/notes/feds-notes/gender-related-differences-in-credit-use-and-credit-scores-20180622.html,https://federalreserve.gov/econres/notes/feds-notes/gender-related-differences-in-credit-use-and-credit-scores-20180622.html,5,women/credit_and_financial_services__credit_score.txt,What factors influence credit score for Women in credit & financial services?,Women,minority,Gender,Credit & Financial Services,Credit score,women__credit_and_financial_services__credit_score
a24fbba165190ade9ba5,https://cuofga.org/the-5-factors-that-affect-your-credit-score-and-simple-ways-to-boost-them/,https://cuofga.org/the-5-factors-that-affect-your-credit-score-and-simple-ways-to-boost-them,6,women/credit_and_financial_services__credit_score.txt,What factors influence credit score for Women in credit & financial services?,Women,minority,Gender,Credit & Financial Services,Credit score,women__credit_and_financial_services__credit_score
e30d3062e0bbbfdecd26,https://www.experian.com/blogs/ask-experian/women-and-credit/,https://experian.com/blogs/ask-experian/women-and-credit,7,women/credit_and_financial_services__credit_score.txt,What factors influence credit score for Women in credit & financial services?,Women,minority,Gender,Credit & Financial Services,Credit score,women__credit_and_financial_services__credit_score
e98593ff158abb7d736f,https://www.prisonpolicy.org/blog/2019/05/14/policingwomen/,https://prisonpolicy.org/blog/2019/05/14/policingwomen,1,women/criminal_justice__police_initiated_contact.txt,What factors influence police-initiated contact for Women in criminal justice?,Women,minority,Gender,Criminal Justice,Police-initiated contact,women__criminal_justice__police_initiated_contact
591a22cce25ae42996f6,https://counciloncj.org/supporting-women-in-crisis/,https://counciloncj.org/supporting-women-in-crisis,2,women/criminal_justice__police_initiated_contact.txt,What factors influence police-initiated contact for Women in criminal justice?,Women,minority,Gender,Criminal Justice,Police-initiated contact,women__criminal_justice__police_initiated_contact
fe66132a33d0fba751be,https://givingcompass.org/article/policing-data-reveals-race-and-gender-disparities,https://givingcompass.org/article/policing-data-reveals-race-and-gender-disparities,3,women/criminal_justice__police_initiated_contact.txt,What factors influence police-initiated contact for Women in criminal justice?,Women,minority,Gender,Criminal Justice,Police-initiated contact,women__criminal_justice__police_initiated_contact
9e50b890fa6e5a6b97f2,https://counciloncj.org/womens-justice-a-preliminary-assessment-of-women-in-the-criminal-justice-system/,https://counciloncj.org/womens-justice-a-preliminary-assessment-of-women-in-the-criminal-justice-system,4,women/criminal_justice__police_initiated_contact.txt,What factors influence police-initiated contact for Women in criminal justice?,Women,minority,Gender,Criminal Justice,Police-initiated contact,women__criminal_justice__police_initiated_contact
bc4ff40b912072546f9d,https://www.cambridge.org/core/journals/du-bois-review-social-science-research-on-race/article/examining-the-racial-and-gendered-impacts-of-policeinitiated-contacts-on-helpseeking/87C1B2ECEC7B2DBA25C57A2585418E8C,https://cambridge.org/core/journals/du-bois-review-social-science-research-on-race/article/examining-the-racial-and-gendered-impacts-of-policeinitiated-contacts-on-helpseeking/87C1B2ECEC7B2DBA25C57A2585418E8C,5,women/criminal_justice__police_initiated_contact.txt,What factors influence police-initiated contact for Women in criminal justice?,Women,minority,Gender,Criminal Justice,Police-initiated contact,women__criminal_justice__police_initiated_contact
921757a2dc42770174ca,https://pmc.ncbi.nlm.nih.gov/articles/PMC6814672/,https://pmc.ncbi.nlm.nih.gov/articles/PMC6814672,6,women/criminal_justice__police_initiated_contact.txt,What factors influence police-initiated contact for Women in criminal justice?,Women,minority,Gender,Criminal Justice,Police-initiated contact,women__criminal_justice__police_initiated_contact
13d6cf4b07f62ebe6b53,https://www.pewresearch.org/short-reads/2021/11/08/whats-behind-the-growing-gap-between-men-and-women-in-college-completion/,https://pewresearch.org/short-reads/2021/11/08/whats-behind-the-growing-gap-between-men-and-women-in-college-completion,1,women/education__completion_graduation.txt,What factors influence completion/graduation for Women in education?,Women,minority,Gender,Education,Completion/graduation,women__education__completion_graduation
4aeac2090a86d1e0c875,https://www.rsfjournal.org/content/11/1/154,https://rsfjournal.org/content/11/1/154,2,women/education__completion_graduation.txt,What factors influence completion/graduation for Women in education?,Women,minority,Gender,Education,Completion/graduation,women__education__completion_graduation
41d49c45766265acd45b,https://www.bestcolleges.com/research/women-in-higher-education-facts-statistics/,https://bestcolleges.com/research/women-in-higher-education-facts-statistics,3,women/education__completion_graduation.txt,What factors influence completion/graduation for Women in education?,Women,minority,Gender,Education,Completion/graduation,women__education__completion_graduation
dfb2ad437357781c8ab7,https://www.minneapolisfed.org/research/institute-working-papers/what-explains-the-growing-gender-education-gap-the-effects-of-parental-background-the-labor-market-and-the-marriage-market-on-college-attainment,https://minneapolisfed.org/research/institute-working-papers/what-explains-the-growing-gender-education-gap-the-effects-of-parental-background-the-labor-market-and-the-marriage-market-on-college-attainment,4,women/education__completion_graduation.txt,What factors influence completion/graduation for Women in education?,Women,minority,Gender,Education,Completion/graduation,women__education__completion_graduation
1a34459d27fa1e3fe593,https://link.springer.com/article/10.1007/s11162-024-09806-6,https://link.springer.com/article/10.1007/s11162-024-09806-6,5,women/education__completion_graduation.txt,What factors influence completion/graduation for Women in education?,Women,minority,Gender,Education,Completion/graduation,women__education__completion_graduation
b415088048ed1e20f604,https://www.psichi.org/page/284EyeFactors-That-Lead-to-Higher-Graduation-Rates-and-Less-Drop-Out,https://psichi.org/page/284EyeFactors-That-Lead-to-Higher-Graduation-Rates-and-Less-Drop-Out,6,women/education__completion_graduation.txt,What factors influence completion/graduation for Women in education?,Women,minority,Gender,Education,Completion/graduation,women__education__completion_graduation
c2af70405d67f4d5d4ef,https://www.higheredtoday.org/2024/05/20/understanding-the-factors-behind-college-completion/,https://higheredtoday.org/2024/05/20/understanding-the-factors-behind-college-completion,7,women/education__completion_graduation.txt,What factors influence completion/graduation for Women in education?,Women,minority,Gender,Education,Completion/graduation,women__education__completion_graduation
1460345eb59d8d0ee6fb,https://www.unwomen.org/en/what-we-do/economic-empowerment/facts-and-figures,https://unwomen.org/en/what-we-do/economic-empowerment/facts-and-figures,1,women/employment__employment_benefits.txt,What factors influence employment benefits for Women in employment?,Women,minority,Gender,Employment,Employment benefits,women__employment__employment_benefits
c6d4ef26f2b276716b56,https://www.nelp.org/insights-research/why-women-need-a-stronger-unemployment-insurance-system/,https://nelp.org/insights-research/why-women-need-a-stronger-unemployment-insurance-system,2,women/employment__employment_benefits.txt,What factors influence employment benefits for Women in employment?,Women,minority,Gender,Employment,Employment benefits,women__employment__employment_benefits
e7f5f9ed8a6040ce4680,https://www.dol.gov/agencies/ebsa/about-ebsa/our-activities/resource-center/fact-sheets/women-and-job-based-health,https://dol.gov/agencies/ebsa/about-ebsa/our-activities/resource-center/fact-sheets/women-and-job-based-health,3,women/employment__employment_benefits.txt,What factors influence employment benefits for Women in employment?,Women,minority,Gender,Employment,Employment benefits,women__employment__employment_benefits
188c11a92280307818e0,https://blog.ifebp.org/empowering-women-by-supporting-their-well-being-at-work/,https://blog.ifebp.org/empowering-women-by-supporting-their-well-being-at-work,4,women/employment__employment_benefits.txt,What factors influence employment benefits for Women in employment?,Women,minority,Gender,Employment,Employment benefits,women__employment__employment_benefits
7f6f63a7fd0bac92dc34,https://business.bofa.com/en-us/content/workplace-benefits/employee-benefits-resources/supporting-women-in-the-workplace.html,https://business.bofa.com/en-us/content/workplace-benefits/employee-benefits-resources/supporting-women-in-the-workplace.html,5,women/employment__employment_benefits.txt,What factors influence employment benefits for Women in employment?,Women,minority,Gender,Employment,Employment benefits,women__employment__employment_benefits
f53320465542eab2a445,https://www.healthriskgroupbenefits.ca/blogs/what-women-seek-in-their-employee-benefits-plan/,https://healthriskgroupbenefits.ca/blogs/what-women-seek-in-their-employee-benefits-plan,6,women/employment__employment_benefits.txt,What factors influence employment benefits for Women in employment?,Women,minority,Gender,Employment,Employment benefits,women__employment__employment_benefits
ba17f6d82a81ab15de2a,https://www.ccl.org/articles/leading-effectively-articles/7-reasons-want-women-workplace/,https://ccl.org/articles/leading-effectively-articles/7-reasons-want-women-workplace,7,women/employment__employment_benefits.txt,What factors influence employment benefits for Women in employment?,Women,minority,Gender,Employment,Employment benefits,women__employment__employment_benefits
8e6c2cd3b81598fb6dbd,https://www.linkedin.com/pulse/attracting-women-workforce-why-female-specific-benefits-anna-oakes-l2bbc,https://linkedin.com/pulse/attracting-women-workforce-why-female-specific-benefits-anna-oakes-l2bbc,8,women/employment__employment_benefits.txt,What factors influence employment benefits for Women in employment?,Women,minority,Gender,Employment,Employment benefits,women__employment__employment_benefits
a76107dc1b217ea3bd60,https://blog.nisbenefits.com/womens-health-trends-influencing-employee-benefits,https://blog.nisbenefits.com/womens-health-trends-influencing-employee-benefits,9,women/employment__employment_benefits.txt,What factors influence employment benefits for Women in employment?,Women,minority,Gender,Employment,Employment benefits,women__employment__employment_benefits
2c295df3c03b538ba923,https://www.guardianlife.com/making-your-benefits-strategy-work-for-women,https://guardianlife.com/making-your-benefits-strategy-work-for-women,10,women/employment__employment_benefits.txt,What factors influence employment benefits for Women in employment?,Women,minority,Gender,Employment,Employment benefits,women__employment__employment_benefits
8d2ceb84ea0c8fa89be1,https://blog.ongig.com/diversity-and-inclusion/16-benefits-for-female-employees-helpful-ways-to-support-women-in-the-workplace/,https://blog.ongig.com/diversity-and-inclusion/16-benefits-for-female-employees-helpful-ways-to-support-women-in-the-workplace,11,women/employment__employment_benefits.txt,What factors influence employment benefits for Women in employment?,Women,minority,Gender,Employment,Employment benefits,women__employment__employment_benefits
0690b0319d520e7d0896,https://diversity.ucsf.edu/sites/default/files/2021-10/What_Women_Want-CCL.pdf,https://diversity.ucsf.edu/sites/default/files/2021-10/What_Women_Want-CCL.pdf,12,women/employment__employment_benefits.txt,What factors influence employment benefits for Women in employment?,Women,minority,Gender,Employment,Employment benefits,women__employment__employment_benefits
6143d4b6acb37d5e4091,https://www.rsfjournal.org/content/10/4/84,https://rsfjournal.org/content/10/4/84,1,women/government_benefits__administrative_burden.txt,What factors influence administrative burden for Women in government benefits?,Women,minority,Gender,Government Benefits,Administrative burden,women__government_benefits__administrative_burden
fc8c9247d7358519d94c,https://debtekawa.com/administrative-burden-the-womans-work/,https://debtekawa.com/administrative-burden-the-womans-work,2,women/government_benefits__administrative_burden.txt,What factors influence administrative burden for Women in government benefits?,Women,minority,Gender,Government Benefits,Administrative burden,women__government_benefits__administrative_burden
22594988258ac1781dd7,https://academic.oup.com/jpart/article/36/2/145/8445902,https://academic.oup.com/jpart/article/36/2/145/8445902,3,women/government_benefits__administrative_burden.txt,What factors influence administrative burden for Women in government benefits?,Women,minority,Gender,Government Benefits,Administrative burden,women__government_benefits__administrative_burden
ac3eeb580aa80a940d14,https://www.cbpp.org/research/health/states-can-reduce-medicaids-administrative-burdens-to-advance-health-and-racial,https://cbpp.org/research/health/states-can-reduce-medicaids-administrative-burdens-to-advance-health-and-racial,4,women/government_benefits__administrative_burden.txt,What factors influence administrative burden for Women in government benefits?,Women,minority,Gender,Government Benefits,Administrative burden,women__government_benefits__administrative_burden
ec7b44c925312f6e6a62,https://www.gao.gov/women-and-gender-public-policy,https://gao.gov/women-and-gender-public-policy,5,women/government_benefits__administrative_burden.txt,What factors influence administrative burden for Women in government benefits?,Women,minority,Gender,Government Benefits,Administrative burden,women__government_benefits__administrative_burden
91ca603b4ff9cbb56d2b,https://pubmed.ncbi.nlm.nih.gov/41175735/,https://pubmed.ncbi.nlm.nih.gov/41175735,1,women/healthcare__person_centered_care.txt,What factors influence person-centered care for Women in healthcare?,Women,minority,Gender,Healthcare,Person-centered care,women__healthcare__person_centered_care
bde0f336aa94fcf7edd4,https://pmc.ncbi.nlm.nih.gov/articles/PMC9122412/,https://pmc.ncbi.nlm.nih.gov/articles/PMC9122412,2,women/healthcare__person_centered_care.txt,What factors influence person-centered care for Women in healthcare?,Women,minority,Gender,Healthcare,Person-centered care,women__healthcare__person_centered_care
5b4d778f30d8ffd18f3f,https://pmc.ncbi.nlm.nih.gov/articles/PMC12243450/,https://pmc.ncbi.nlm.nih.gov/articles/PMC12243450,3,women/healthcare__person_centered_care.txt,What factors influence person-centered care for Women in healthcare?,Women,minority,Gender,Healthcare,Person-centered care,women__healthcare__person_centered_care
3e65cbe55886530f333e,https://pmc.ncbi.nlm.nih.gov/articles/PMC10440084/,https://pmc.ncbi.nlm.nih.gov/articles/PMC10440084,4,women/healthcare__person_centered_care.txt,What factors influence person-centered care for Women in healthcare?,Women,minority,Gender,Healthcare,Person-centered care,women__healthcare__person_centered_care
0207c02bef0c4a78ff7d,https://www.ebsco.com/research-starters/womens-studies-and-feminism/woman-centered-care/,https://ebsco.com/research-starters/womens-studies-and-feminism/woman-centered-care,5,women/healthcare__person_centered_care.txt,What factors influence person-centered care for Women in healthcare?,Women,minority,Gender,Healthcare,Person-centered care,women__healthcare__person_centered_care
e5f4b1585235b0af18ff,https://www.sciencedirect.com/science/article/pii/S0738399120300616,https://sciencedirect.com/science/article/pii/S0738399120300616,6,women/healthcare__person_centered_care.txt,What factors influence person-centered care for Women in healthcare?,Women,minority,Gender,Healthcare,Person-centered care,women__healthcare__person_centered_care
088117956d66b5af3943,https://pmc.ncbi.nlm.nih.gov/articles/PMC12071379/,https://pmc.ncbi.nlm.nih.gov/articles/PMC12071379,7,women/healthcare__person_centered_care.txt,What factors influence person-centered care for Women in healthcare?,Women,minority,Gender,Healthcare,Person-centered care,women__healthcare__person_centered_care
0ff41840918eb3b01759,https://www.cms.gov/priorities/innovation/key-concepts/person-centered-care,https://cms.gov/priorities/innovation/key-concepts/person-centered-care,8,women/healthcare__person_centered_care.txt,What factors influence person-centered care for Women in healthcare?,Women,minority,Gender,Healthcare,Person-centered care,women__healthcare__person_centered_care
86d2f70640dffcf68b3e,https://www.sciencedirect.com/science/article/pii/S026661382400038X,https://sciencedirect.com/science/article/pii/S026661382400038X,9,women/healthcare__person_centered_care.txt,What factors influence person-centered care for Women in healthcare?,Women,minority,Gender,Healthcare,Person-centered care,women__healthcare__person_centered_care
9f40d7942e97763d9bea,https://pmc.ncbi.nlm.nih.gov/articles/PMC7552981/,https://pmc.ncbi.nlm.nih.gov/articles/PMC7552981,1,women/housing__neighborhood_quality.txt,What factors influence neighborhood quality for Women in housing?,Women,minority,Gender,Housing,Neighborhood quality,women__housing__neighborhood_quality
79959e76c44c16a7c2ec,https://genderedinnovations.stanford.edu/case-studies/urban.html,https://genderedinnovations.stanford.edu/case-studies/urban.html,2,women/housing__neighborhood_quality.txt,What factors influence neighborhood quality for Women in housing?,Women,minority,Gender,Housing,Neighborhood quality,women__housing__neighborhood_quality
a4fda05c4291c2915aac,https://www.researchgate.net/publication/236962528_Factors_That_Influence_Residents%27_Satisfaction_With_Neighborhoods,https://researchgate.net/publication/236962528_Factors_That_Influence_Residents%27_Satisfaction_With_Neighborhoods,3,women/housing__neighborhood_quality.txt,What factors influence neighborhood quality for Women in housing?,Women,minority,Gender,Housing,Neighborhood quality,women__housing__neighborhood_quality
e0426390b9d579d11347,https://pmc.ncbi.nlm.nih.gov/articles/PMC10687291/,https://pmc.ncbi.nlm.nih.gov/articles/PMC10687291,4,women/housing__neighborhood_quality.txt,What factors influence neighborhood quality for Women in housing?,Women,minority,Gender,Housing,Neighborhood quality,women__housing__neighborhood_quality
06044fed5ad8fe81e7af,https://www.tandfonline.com/doi/full/10.1080/12265934.2024.2429817,https://tandfonline.com/doi/full/10.1080/12265934.2024.2429817,5,women/housing__neighborhood_quality.txt,What factors influence neighborhood quality for Women in housing?,Women,minority,Gender,Housing,Neighborhood quality,women__housing__neighborhood_quality
a01cc12a8bbc147f546b,https://odphp.health.gov/healthypeople/priority-areas/social-determinants-health/literature-summaries/quality-housing,https://odphp.health.gov/healthypeople/priority-areas/social-determinants-health/literature-summaries/quality-housing,6,women/housing__neighborhood_quality.txt,What factors influence neighborhood quality for Women in housing?,Women,minority,Gender,Housing,Neighborhood quality,women__housing__neighborhood_quality
5d7f614a77d2fe5c1529,https://publichealth.jhu.edu/2025/new-insights-into-connection-between-housing-quality-and-population-health,https://publichealth.jhu.edu/2025/new-insights-into-connection-between-housing-quality-and-population-health,7,women/housing__neighborhood_quality.txt,What factors influence neighborhood quality for Women in housing?,Women,minority,Gender,Housing,Neighborhood quality,women__housing__neighborhood_quality
1f4014adae6630be5014,https://www.habitat.org/sites/default/files/documents/Improving-Quality-Life-Across-Neighborhoods-Report.pdf,https://habitat.org/sites/default/files/documents/Improving-Quality-Life-Across-Neighborhoods-Report.pdf,8,women/housing__neighborhood_quality.txt,What factors influence neighborhood quality for Women in housing?,Women,minority,Gender,Housing,Neighborhood quality,women__housing__neighborhood_quality
c06c5e713ff4479379d2,https://www.sciencedirect.com/science/article/abs/pii/S026427512300272X,https://sciencedirect.com/science/article/abs/pii/S026427512300272X,9,women/housing__neighborhood_quality.txt,What factors influence neighborhood quality for Women in housing?,Women,minority,Gender,Housing,Neighborhood quality,women__housing__neighborhood_quality
