source_id,normalized_url,fetch_timestamp_utc,registrable_domain,success,status,http_status,final_url,downloaded_bytes,extraction_status,text_chars,text_words,content_kind,content_type,page_title,page_author,page_date,site_name,canonical_url,curl_returncode,text_filename,text_sha256
005164e1f3b60e0fb24f,https://insidehighered.com/news/2021/11/30/gay-men-earn-degrees-highest-rate-us,2026-10-04T21:56:07.925083+00:00,insidehighered.com,True,downloaded,200.0,https://www.insidehighered.com/news/2021/11/30/gay-men-earn-degrees-highest-rate-us,146171.0,success,7350,1143,html,text/html; charset=UTF-8,Gay men earn degrees at highest rate in the U.S.,Maria Carrasco,2021-11-30,"Inside Higher Ed | Higher Education News, Events and Jobs",https://www.insidehighered.com/news/2021/11/30/gay-men-earn-degrees-highest-rate-us,0.0,005164e1f3b60e0fb24f.txt,465641a7b920fa73f8fe1ac3396e70e416e2cbc61d7fc365473cbd5d829193c8
0207c02bef0c4a78ff7d,https://ebsco.com/research-starters/womens-studies-and-feminism/woman-centered-care,2026-10-04T21:56:07.925614+00:00,ebsco.com,True,downloaded,200.0,https://www.ebsco.com/research-starters/womens-studies-and-feminism/woman-centered-care,163492.0,success,18361,2617,html,text/html,Woman-Centered Care | Women's Studies and Feminism | Research Starters | EBSCOhost,,2024-09-01,EBSCO,https://www.ebsco.com/,0.0,0207c02bef0c4a78ff7d.txt,a93c9002f5641c319626bbd7caa8f08dae8de66924f1e1ad791cf802e611867a
021690dba41c2ff1d8ed,https://pubmed.ncbi.nlm.nih.gov/21706255,2026-10-04T21:56:07.931900+00:00,nih.gov,True,downloaded,203.0,https://pubmed.ncbi.nlm.nih.gov/21706255/,5590.0,success,100,14,html,text/html; charset=utf-8,Cookies must be enabled,,,pubmed.ncbi.nlm.nih.gov,https://pubmed.ncbi.nlm.nih.gov/21706255/,0.0,021690dba41c2ff1d8ed.txt,f193d0de906419650acf171625dbd67f88f297290893b5473e1d8365c03d4b59
02a9b21d6fa3d6835c64,https://mdpi.com/2227-9032/12/22/2269,2026-10-04T21:56:07.956435+00:00,mdpi.com,False,http_error,403.0,https://mdpi.com/2227-9032/12/22/2269,394.0,not_extracted,0,0,,text/html,,,,,,0.0,,
031ffe156bcc509cef55,https://activatedinsights.com/articles/using-person-centered-care-to-support-older-adults-in-the-lgbtq-community,2026-10-04T21:56:07.956923+00:00,activatedinsights.com,False,http_error,403.0,https://activatedinsights.com/articles/using-person-centered-care-to-support-older-adults-in-the-lgbtq-community,103.0,not_extracted,0,0,,text/html,,,,,,0.0,,
03d30d810f11f0840421,https://cbpp.org/sites/default/files/7-19-22health.pdf,2026-10-04T21:56:07.962867+00:00,cbpp.org,False,http_error,403.0,https://cbpp.org/sites/default/files/7-19-22health.pdf,4926.0,not_extracted,0,0,,text/html; charset=UTF-8,,,,,,0.0,,
04983a549c468b656571,https://experian.com/blogs/ask-experian/why-credit-is-important-people-with-disabilities,2026-10-04T21:56:07.972917+00:00,experian.com,True,downloaded,200.0,https://www.experian.com/blogs/ask-experian/why-credit-is-important-people-with-disabilities,228709.0,success,7572,1228,html,text/html,Why Credit Is Important for People With Disabilities - Experian,Louis DeNicola,2021-10-25,Experian,https://www.experian.com/blogs/ask-experian/why-credit-is-important-people-with-disabilities/,0.0,04983a549c468b656571.txt,06b8741a588dd3f43d1d66f9862fc66f3f70ad866cbad0cd82028d1e15b0ac68
04c6fc12e72bff1fa943,https://jbhe.com/features/50_blackstudent_gradrates.html,2026-10-04T21:56:07.973195+00:00,jbhe.com,True,downloaded,200.0,https://jbhe.com/features/50_blackstudent_gradrates.html,40420.0,success,26968,4226,html,text/html; charset=UTF-8,"Black Student College Graduation Rates Remain Low, But Modest Progress Begins to Show",,2006-01-01,jbhe.com,https://jbhe.com/features/50_blackstudent_gradrates.html,0.0,04c6fc12e72bff1fa943.txt,6a469dfb8f9404776247a9ad46f4a4b66fc7b0d7c9b012461d76dd4bf3e13249
05240f2d1874b107df51,https://ifstudies.org/blog/the-college-completion-gap-and-how-to-close-it,2026-10-04T21:56:11.122331+00:00,ifstudies.org,True,downloaded,200.0,https://ifstudies.org/blog/the-college-completion-gap-and-how-to-close-it,91048.0,success,10576,1620,html,text/html; charset=UTF-8,The College Completion Gap and How To Close It,Nicholas Zill August 2,2023-08-02,Institute for Family Studies,https://ifstudies.org/blog/the-college-completion-gap-and-how-to-close-it,0.0,05240f2d1874b107df51.txt,6a165cf5d04c55ee35572056b836a9416bbe00f3b97818f55b40132fb18d6275
0547569f35ec56d89f01,https://lisc.org/san-diego/regional-stories/how-affordable-housing-impacts-latino-health,2026-10-04T21:56:11.679768+00:00,lisc.org,True,downloaded,200.0,https://www.lisc.org/san-diego/regional-stories/how-affordable-housing-impacts-latino-health/,26691.0,success,7897,1187,html,text/html; charset=utf-8,How Affordable Housing Impacts Latino Health | LISC San Diego,Salud America,2019-04-17,Local Initiatives Support Corporation,https://www.lisc.org/san-diego/regional-stories/how-affordable-housing-impacts-latino-health/,0.0,0547569f35ec56d89f01.txt,4f0fcf3e8bb6a6b1e67dc58a295a27e5c23a51b6092de4970951ef15c4891db9
0574eef3f3429fe4e117,https://researchgate.net/publication/394260664_Determinants_of_Residential_Satisfaction_A_Study_of_Housing_Quality_Neighbourhood_Features_and_Socioeconomic_Factors,2026-10-04T21:56:14.252192+00:00,researchgate.net,False,http_error,403.0,https://www.researchgate.net/publication/394260664_Determinants_of_Residential_Satisfaction_A_Study_of_Housing_Quality_Neighbourhood_Features_and_Socioeconomic_Factors,21137.0,not_extracted,0,0,,text/html; charset=UTF-8,,,,,,0.0,,
05a7f226983864599b5a,https://pmc.ncbi.nlm.nih.gov/articles/PMC9169245,2026-10-04T21:56:14.501014+00:00,nih.gov,True,downloaded,200.0,https://pmc.ncbi.nlm.nih.gov/articles/PMC9169245/,252070.0,success,52122,8317,html,text/html; charset=utf-8,"Characterizing health care access among cisgender female sex workers with substance use histories in Baltimore, Maryland",Catherine Tomko; Jennifer L Glick; Danielle Friedman Nestadt; Rebecca Hamilton White; Sean T Allen; Ju Nyeong Park; Noya Galai; Susan G Sherman,2005-04-01,Journal of health care for the poor and underserved,https://pmc.ncbi.nlm.nih.gov/articles/PMC9169245/,0.0,05a7f226983864599b5a.txt,bfc1e7b405882042c861f652384b42606472a08cc9b37d1ca4ce26ac825e93dc
06233dcc7cf9f0bf09e1,https://archive-housingmatters.urban.org/research-summary/transgender-and-gender-nonconforming-people-experiencing-housing-insecurity-rely,2026-10-04T21:56:14.726026+00:00,urban.org,False,http_error,403.0,https://archive-housingmatters.urban.org/research-summary/transgender-and-gender-nonconforming-people-experiencing-housing-insecurity-rely,6077.0,not_extracted,0,0,,text/html; charset=UTF-8,,,,,,0.0,,
06a6935a472c11accc20,https://valueinhealthjournal.com/article/S1098-3015%2820%2932103-3/fulltext,2026-10-04T21:56:14.801058+00:00,valueinhealthjournal.com,False,http_error,403.0,https://valueinhealthjournal.com/article/S1098-3015%2820%2932103-3/fulltext,5826.0,not_extracted,0,0,,text/html; charset=UTF-8,,,,,,0.0,,
06e950174d0bc2fd15e0,https://mdpi.com/1660-4601/23/2/196,2026-10-04T21:56:14.908955+00:00,mdpi.com,False,http_error,403.0,https://mdpi.com/1660-4601/23/2/196,392.0,not_extracted,0,0,,text/html,,,,,,0.0,,
0742b9af9ece859bf07b,https://cambridge.org/core/journals/journal-of-management-and-organization/article/enablers-of-successful-employment-outcomes-for-people-with-disabilities/70CE36BB411E2FEE264B21653F4C865B,2026-10-04T21:56:17.677327+00:00,cambridge.org,False,http_error,429.0,https://www.cambridge.org/core/journals/journal-of-management-and-organization/article/enablers-of-successful-employment-outcomes-for-people-with-disabilities/70CE36BB411E2FEE264B21653F4C865B,1302.0,not_extracted,0,0,,text/html; charset=utf-8,,,,,,0.0,,
07d768cf05082991df42,https://rueinsurance.com/blog/the-role-of-employee-benefits-in-talent-retention-and-recruitment,2026-10-04T21:56:18.304974+00:00,rueinsurance.com,True,downloaded,200.0,https://www.rueinsurance.com/blog/the-role-of-employee-benefits-in-talent-retention-and-recruitment/,228961.0,success,4046,579,html,text/html; charset=UTF-8,The Role of Employee Benefits in Talent Retention and Recruitment - Rue Insurance,Rue Insurance,2024-09-05,Rue Insurance,https://www.rueinsurance.com/blog/the-role-of-employee-benefits-in-talent-retention-and-recruitment/,0.0,07d768cf05082991df42.txt,9186ebe85f529fb9fef31a0246c3b67527f70d1f617cc0036ac62af0a452ecbd
07e8c7c5fc894c551635,https://dcba.org/mpage/v32-James-Naughton,2026-10-04T21:56:19.530602+00:00,dcba.org,False,http_error,403.0,https://dcba.org/mpage/v32-James-Naughton,5598.0,not_extracted,0,0,,text/html; charset=UTF-8,,,,,,0.0,,
07f365dab35a937791bf,https://digitalgovernmenthub.org/library/racial-and-ethnic-differences-in-experiencing-administrative-burdens-in-public-benefit-programs,2026-10-04T21:56:19.542375+00:00,digitalgovernmenthub.org,False,robots_disallowed,,https://digitalgovernmenthub.org/library/racial-and-ethnic-differences-in-experiencing-administrative-burdens-in-public-benefit-programs,,not_extracted,0,0,,,,,,,,,,
080e0c4974bd53e47412,https://pmc.ncbi.nlm.nih.gov/articles/PMC11507352,2026-10-04T21:56:20.406065+00:00,nih.gov,True,downloaded,200.0,https://pmc.ncbi.nlm.nih.gov/articles/PMC11507352,21367.0,success,131,18,html,text/html; charset=utf-8,Checking your browser,,2026-09-11,google.com,https://www.google.com/recaptcha/challengepage,0.0,080e0c4974bd53e47412.txt,febad3f3fe620c1fa70fbdc5b5d462a0bb66ad2faf9e39bbd8dd6eaad086906d
082256847a9dfc55ede5,https://urban.org/urban-wire/how-can-we-advance-latino-homeownership-and-housing-stability,2026-10-04T21:56:20.853127+00:00,urban.org,False,http_error,403.0,https://www.urban.org/urban-wire/how-can-we-advance-latino-homeownership-and-housing-stability,5897.0,not_extracted,0,0,,text/html; charset=UTF-8,,,,,,0.0,,
088117956d66b5af3943,https://pmc.ncbi.nlm.nih.gov/articles/PMC12071379,2026-10-04T21:56:21.357658+00:00,nih.gov,True,downloaded,200.0,https://pmc.ncbi.nlm.nih.gov/articles/PMC12071379,21368.0,success,131,18,html,text/html; charset=utf-8,Checking your browser,,2026-09-11,google.com,https://www.google.com/recaptcha/challengepage,0.0,088117956d66b5af3943.txt,febad3f3fe620c1fa70fbdc5b5d462a0bb66ad2faf9e39bbd8dd6eaad086906d
0943249bc34b15b2ed62,https://law.unc.edu/wp-content/uploads/2020/11/Debt-Doubt-and-Dreams-Report.pdf,2026-10-04T21:56:22.614537+00:00,unc.edu,True,downloaded,200.0,https://law.unc.edu/wp-content/uploads/2020/11/Debt-Doubt-and-Dreams-Report.pdf,2195759.0,success,97708,15555,pdf,application/pdf,,,,,,0.0,0943249bc34b15b2ed62.txt,f372e513073cf945fb7fc75c96c10b1841d04c5bfacea8d812ee44e7a433c87e
098940caf98752eb321f,https://medium.com/commonfuture/why-credit-scores-are-racist-da109fcfb300,2026-10-04T21:56:23.644496+00:00,medium.com,False,http_error,403.0,https://medium.com/commonfuture/why-credit-scores-are-racist-da109fcfb300,5401.0,not_extracted,0,0,,text/html; charset=UTF-8,,,,,,0.0,,
09d7410f60cdeca28dee,https://ncbi.nlm.nih.gov/sites/books/NBK563176,2026-10-04T21:56:24.565566+00:00,nih.gov,True,downloaded,200.0,https://www.ncbi.nlm.nih.gov/sites/books/NBK563176/,99542.0,success,35962,5203,html,text/html; charset=UTF-8,Cultural Competence in the Care of LGBTQ Patients,Brittany Bass; Mary L Goodman; Hassan Nagy,2023-11-13,StatPearls Publishing,https://www.ncbi.nlm.nih.gov/sites/books/NBK563176/,0.0,09d7410f60cdeca28dee.txt,d8f2204ca83bd18dfd0681b51c5380b57c4e5d778a7d28191fc3dd2a740fb602
0a4054d42f284ee36412,https://huduser.gov/portal/periodicals/cityscpe/vol23num2/ch7.pdf,2026-10-04T21:56:24.577462+00:00,huduser.gov,True,downloaded,202.0,https://huduser.gov/portal/periodicals/cityscpe/vol23num2/ch7.pdf,2407.0,success,157,26,html,text/html; charset=UTF-8,JavaScript is disabled,,,huduser.gov,https://huduser.gov/portal/periodicals/cityscpe/vol23num2/ch7.pdf,0.0,0a4054d42f284ee36412.txt,ebccbd5922b41e48d556f96420b77b24fb66ddfe709666bb5b22acc99765c63f
0b46e857abc4a6be2132,https://academic.oup.com/gerontologist/article/65/6/gnaf095/8056034,2026-10-04T21:56:25.775942+00:00,oup.com,False,http_error,403.0,https://academic.oup.com/gerontologist/article/65/6/gnaf095/8056034,5682.0,not_extracted,0,0,,text/html; charset=UTF-8,,,,,,0.0,,
0b5cbdc06e51b1d59120,https://la.myneighborhooddata.org/2021/07/latino-representation-in-the-criminal-justice-system,2026-10-04T21:56:25.859563+00:00,myneighborhooddata.org,True,downloaded,200.0,https://la.myneighborhooddata.org/2021/07/latino-representation-in-the-criminal-justice-system/,172613.0,success,8832,1344,html,text/html; charset=UTF-8,Latino Representation in the Criminal Justice System,Aileen Qin,2026-01-01,la.myneighborhooddata.org,https://la.myneighborhooddata.org/2021/07/latino-representation-in-the-criminal-justice-system/,0.0,0b5cbdc06e51b1d59120.txt,c391688a4b7bcf9282f3b16886e6173935d9a10d168f568a0942feb4135ca901
0cddeb593865510a8c02,https://cepr.net/publications/the-continuing-power-of-white-preferences-in-employment,2026-10-04T21:56:26.331262+00:00,cepr.net,False,http_error,403.0,https://cepr.net/publications/the-continuing-power-of-white-preferences-in-employment,5773.0,not_extracted,0,0,,text/html; charset=UTF-8,,,,,,0.0,,
0d44401569dfb4f654b6,https://medschool.lsuhsc.edu/physiology/docs/Belief%20and%20Traditions%20that%20impact%20the%20Latino%20Healthcare.pdf,2026-10-04T21:56:28.786027+00:00,lsuhsc.edu,True,downloaded,200.0,https://medschool.lsuhsc.edu/physiology/docs/Belief%20and%20Traditions%20that%20impact%20the%20Latino%20Healthcare.pdf,2648037.0,success,21468,3103,pdf,application/pdf,,,,,,0.0,0d44401569dfb4f654b6.txt,4c0b0e351290e850ce4bc0d7ff87c9f1a3f67aa723203a91341e805b769cdd12
0d7c239e0d86cd558a38,https://aft.org/ae/spring2004/rosenbaum_sb3,2026-10-04T21:56:29.780574+00:00,aft.org,True,downloaded,200.0,https://www.aft.org/ae/spring2004/rosenbaum_sb3,59802.0,success,3603,551,html,text/html; charset=UTF-8,High School Preparation Is the Best Predictor of College Graduation,,2023-09-29,American Federation of Teachers,https://www.aft.org/ae/spring2004/rosenbaum_sb3,0.0,0d7c239e0d86cd558a38.txt,08b8bed5875b161b97f4785beebaa48ee1465409365deec25b1be1107600dc4d
0ef437fd3484fde04e8b,https://journals.sagepub.com/doi/full/10.1177/23326492231207603,2026-10-04T21:56:30.843285+00:00,sagepub.com,False,http_error,403.0,https://journals.sagepub.com/doi/full/10.1177/23326492231207603,5777.0,not_extracted,0,0,,text/html; charset=UTF-8,,,,,,0.0,,
0f17405e5758e87df3eb,https://pmc.ncbi.nlm.nih.gov/articles/PMC12193340,2026-10-04T21:56:31.450770+00:00,nih.gov,True,downloaded,200.0,https://pmc.ncbi.nlm.nih.gov/articles/PMC12193340/,191198.0,success,51902,7523,html,text/html; charset=utf-8,Barriers and Facilitators to Accessing Mental and Physical Health Care Among Sexual Minority Women: A Qualitative Exploration,Charlotte A Dawson; Alicia Moulder; Kristin E Heron,2025-06-19,International Journal of Environmental Research and Public Health,https://pmc.ncbi.nlm.nih.gov/articles/PMC12193340/,0.0,0f17405e5758e87df3eb.txt,5425d9cb76ed7ce097330e280c3aacb984682a35d482e8194d1e77127c09203c
0ff41840918eb3b01759,https://cms.gov/priorities/innovation/key-concepts/person-centered-care,2026-10-04T21:56:32.029751+00:00,cms.gov,True,downloaded,200.0,https://www.cms.gov/priorities/innovation/key-concepts/person-centered-care,197843.0,success,3555,526,html,text/html; charset=utf-8,Person-Centered Care,,2022-05-01,cms.gov,https://www.cms.gov/priorities/innovation/key-concepts/person-centered-care,0.0,0ff41840918eb3b01759.txt,59cd15066ae0da22a0aa139bdbf8a0343cc39be534bbe5dcd66c48470bec3069
10b6e73ede37a7fec414,https://researchgate.net/publication/358932711_Factors_Influencing_Retention_of_Transgender_and_Gender_Nonconforming_Students_in_Undergraduate_STEM_Majors,2026-10-04T21:56:32.715794+00:00,researchgate.net,False,http_error,403.0,https://www.researchgate.net/publication/358932711_Factors_Influencing_Retention_of_Transgender_and_Gender_Nonconforming_Students_in_Undergraduate_STEM_Majors,21137.0,not_extracted,0,0,,text/html; charset=UTF-8,,,,,,0.0,,
118e6c2dec06a18e607a,https://ushe.edu/4-takeaways-on-latino-college-attainment-from-new-report,2026-10-04T21:56:33.021083+00:00,ushe.edu,False,http_error,503.0,https://ushe.edu/4-takeaways-on-latino-college-attainment-from-new-report,18061.0,not_extracted,0,0,,text/html; charset=UTF-8,,,,,,0.0,,
1242d8d7be328cbd3b29,https://home.treasury.gov/news/featured-stories/racial-differences-in-economic-security-housing,2026-10-04T21:56:33.341810+00:00,treasury.gov,True,downloaded,200.0,https://home.treasury.gov/news/featured-stories/racial-differences-in-economic-security-housing,92585.0,success,17707,2541,html,text/html; charset=utf-8,Racial Differences in Economic Security: Housing,,2022-11-04,U.S. Department of the Treasury,https://home.treasury.gov/news/featured-stories/racial-differences-in-economic-security-housing,0.0,1242d8d7be328cbd3b29.txt,f9cd59d2742788287cb745cf4693f16080cc6bea29c6320567e31449840566d3
129426e645dfa79c816c,https://mapresearch.org/policy-and-issue-analysis/housing,2026-10-04T21:56:34.481806+00:00,mapresearch.org,True,downloaded,200.0,https://mapresearch.org/policy-and-issue-analysis/housing,288537.0,success,2351,347,html,text/html; charset=UTF-8,Housing - Movement Advancement Project,,2026-06-15,Movement Advancement Project,https://mapresearch.org/policy-and-issue-analysis/housing/,0.0,129426e645dfa79c816c.txt,ff5a35a6ac6613142d2b8ecd89b0aab5e7e78ff6cdbf6e194c332bf92bc47012
12b3a1bd584fb801a2da,https://pmc.ncbi.nlm.nih.gov/articles/PMC8688626,2026-10-04T21:56:35.450979+00:00,nih.gov,True,downloaded,200.0,https://pmc.ncbi.nlm.nih.gov/articles/PMC8688626,21366.0,success,131,18,html,text/html; charset=utf-8,Checking your browser,,2026-09-11,google.com,https://www.google.com/recaptcha/challengepage,0.0,12b3a1bd584fb801a2da.txt,febad3f3fe620c1fa70fbdc5b5d462a0bb66ad2faf9e39bbd8dd6eaad086906d
12fac6fff89bb7676377,https://rand.org/pubs/research_reports/RRA108-26.html,2026-10-04T21:56:35.662799+00:00,rand.org,False,http_error,403.0,https://www.rand.org:443/pubs/research_reports/RRA108-26.html,919.0,not_extracted,0,0,,text/html,,,,,,0.0,,
13102169fdbf1093ca52,https://ncsl.org/civil-and-criminal-justice/racial-and-ethnic-disparities-in-the-criminal-justice-system,2026-10-04T21:56:37.083193+00:00,ncsl.org,False,http_error,403.0,https://ncsl.org/civil-and-criminal-justice/racial-and-ethnic-disparities-in-the-criminal-justice-system,5915.0,not_extracted,0,0,,text/html; charset=UTF-8,,,,,,0.0,,
13d6cf4b07f62ebe6b53,https://pewresearch.org/short-reads/2021/11/08/whats-behind-the-growing-gap-between-men-and-women-in-college-completion,2026-10-04T21:56:37.152967+00:00,pewresearch.org,True,downloaded,200.0,https://www.pewresearch.org/short-reads/2021/11/08/whats-behind-the-growing-gap-between-men-and-women-in-college-completion/,364185.0,success,7289,1220,html,text/html; charset=UTF-8,What’s behind the growing gap between men and women in college completion?,Kim Parker,2021-11-08,Pew Research Center,https://www.pewresearch.org/short-reads/2021/11/08/whats-behind-the-growing-gap-between-men-and-women-in-college-completion/,0.0,13d6cf4b07f62ebe6b53.txt,2c3e7f8506ef15b97be9d20d60ea3eda8069468e87b1ad3091a30ee21984c424
13e9feada64e07dc87e2,https://ldonline.org/ld-topics/transition-school-work/high-school-graduation-requirements-and-students-disabilities,2026-10-04T21:56:37.316247+00:00,ldonline.org,True,downloaded,200.0,https://www.ldonline.org/ld-topics/transition-school-work/high-school-graduation-requirements-and-students-disabilities,57892.0,success,9786,1444,html,text/html; charset=UTF-8,High School Graduation Requirements and Students with Disabilities,David R Johnson; Martha L Thurlow; Anna Cosio; Christine Bremer,2026-01-01,ldonline.org,https://www.ldonline.org/ld-topics/transition-school-work/high-school-graduation-requirements-and-students-disabilities,0.0,13e9feada64e07dc87e2.txt,5cc659926473b8a7900ee54d5c6d023f462c37494dfdb1a4c6cb03d89ca48c7a
14062608ce340f034956,https://pmc.ncbi.nlm.nih.gov/articles/PMC7978650,2026-10-04T21:56:38.797446+00:00,nih.gov,True,downloaded,200.0,https://pmc.ncbi.nlm.nih.gov/articles/PMC7978650,21366.0,success,131,18,html,text/html; charset=utf-8,Checking your browser,,2026-09-11,google.com,https://www.google.com/recaptcha/challengepage,0.0,14062608ce340f034956.txt,febad3f3fe620c1fa70fbdc5b5d462a0bb66ad2faf9e39bbd8dd6eaad086906d
143ef3c6118940990a58,https://digitalgovernmenthub.org/library/administrative-burdens-and-economic-insecurity-among-black-latino-and-white-families,2026-10-04T21:56:40.195176+00:00,digitalgovernmenthub.org,False,robots_disallowed,,https://digitalgovernmenthub.org/library/administrative-burdens-and-economic-insecurity-among-black-latino-and-white-families,,not_extracted,0,0,,,,,,,,,,
146b551e2988d5513d6b,https://pmc.ncbi.nlm.nih.gov/articles/PMC12628517,2026-10-04T21:56:40.195424+00:00,nih.gov,True,downloaded,200.0,https://pmc.ncbi.nlm.nih.gov/articles/PMC12628517,21367.0,success,131,18,html,text/html; charset=utf-8,Checking your browser,,2026-09-11,google.com,https://www.google.com/recaptcha/challengepage,0.0,146b551e2988d5513d6b.txt,febad3f3fe620c1fa70fbdc5b5d462a0bb66ad2faf9e39bbd8dd6eaad086906d
154a97499e51529c7bcf,https://pmc.ncbi.nlm.nih.gov/articles/PMC11966724,2026-10-04T21:56:42.071803+00:00,nih.gov,True,downloaded,200.0,https://pmc.ncbi.nlm.nih.gov/articles/PMC11966724,21365.0,success,131,18,html,text/html; charset=utf-8,Checking your browser,,2026-09-11,google.com,https://www.google.com/recaptcha/challengepage,0.0,154a97499e51529c7bcf.txt,febad3f3fe620c1fa70fbdc5b5d462a0bb66ad2faf9e39bbd8dd6eaad086906d
16129930a6a70acfc08a,https://digitalcommons.nl.edu/cgi/viewcontent.cgi?article=1635&context=diss,2026-10-04T21:56:42.075401+00:00,nl.edu,False,http_error,403.0,https://digitalcommons.nl.edu/cgi/viewcontent.cgi?article=1635&context=diss,5768.0,not_extracted,0,0,,text/html; charset=UTF-8,,,,,,0.0,,
16780406588b3c1eea14,https://ms.now/know-your-value/being-woman-hurts-your-credit-score-here-s-what-you-n948141,2026-10-04T21:56:42.250795+00:00,ms.now,True,downloaded,200.0,https://www.ms.now/know-your-value/being-woman-hurts-your-credit-score-here-s-what-you-n948141,356984.0,success,3536,607,html,text/html; charset=UTF-8,Being a woman hurts your credit score — Here's what you can do about it,Laura Haverty,2018-12-17,MS NOW,https://www.ms.now/know-your-value/being-woman-hurts-your-credit-score-here-s-what-you-n948141,0.0,16780406588b3c1eea14.txt,aa8e4d34fbba08a27d1f5058e1ace010aeb44fd1c5f2c8918483e1e4b87f2629
1760483afe70176c1873,https://healthaffairs.org/content/briefs/administrative-burdens-can-harm-health-1773889203949,2026-10-04T21:56:42.294142+00:00,healthaffairs.org,False,http_error,403.0,https://healthaffairs.org/content/briefs/administrative-burdens-can-harm-health-1773889203949,5894.0,not_extracted,0,0,,text/html; charset=UTF-8,,,,,,0.0,,
17ba7354b2d649410525,https://buildhealthyplaces.org/content/uploads/2015/09/How-Do-Neighborhood-Conditions-Shape-Health.pdf,2026-10-04T21:56:43.426343+00:00,buildhealthyplaces.org,True,downloaded,200.0,https://buildhealthyplaces.org/content/uploads/2015/09/How-Do-Neighborhood-Conditions-Shape-Health.pdf,2421731.0,success,49668,6641,pdf,application/pdf,,,,,,0.0,17ba7354b2d649410525.txt,2cf26db1cc130ab04d07478c12584e7e95c1167f845accb1e06864e64e9b30ee
17fcd7ac3b660ff51bee,https://tandfonline.com/doi/full/10.1080/21565503.2026.2659278,2026-10-04T21:56:45.330404+00:00,tandfonline.com,False,http_error,403.0,https://tandfonline.com/doi/full/10.1080/21565503.2026.2659278,5783.0,not_extracted,0,0,,text/html; charset=UTF-8,,,,,,0.0,,
18df31ff3bbad53851b2,https://scholarworks.lib.csusb.edu/cgi/viewcontent.cgi?article=3105&context=etd,2026-10-04T21:56:45.743108+00:00,csusb.edu,False,http_error,403.0,https://scholarworks.lib.csusb.edu/cgi/viewcontent.cgi?article=3105&context=etd,5792.0,not_extracted,0,0,,text/html; charset=UTF-8,,,,,,0.0,,
19034c7a6ae5b1080827,https://aacn.org/blog/caring-for-lgbtq-patients-in-critical-and-progressive-care,2026-10-04T21:56:46.446082+00:00,aacn.org,True,downloaded,200.0,https://www.aacn.org/blog/caring-for-lgbtq-patients-in-critical-and-progressive-care,76676.0,success,9574,1387,html,text/html; charset=utf-8,Caring for LGBTQ+ Patients in Critical and Progressive Care,Luis E Caso Vega He; Him; Él; MBA; BSN; CEN; CPEN; NE-BC; TCRN,2025-01-13,AACN,https://www.aacn.org/blog/caring-for-lgbtq-patients-in-critical-and-progressive-care,0.0,19034c7a6ae5b1080827.txt,c52536c31cbe46b35aa0be0ee68cdbf29eac3b9feea08b7b1626429e473f29ee
19fdfb66682fd45b9bf3,https://outandequal.org/resource/3insights-financialservicessector,2026-10-04T21:56:48.456296+00:00,outandequal.org,True,downloaded,200.0,https://outandequal.org/resource/3insights-financialservicessector/,188987.0,success,15140,2294,html,text/html; charset=UTF-8,From Knowledge to Action: How the Financial Services Sector Can Better Serve the LGBTQ+ Community | Out & Equal,,2026-01-05,Out & Equal,https://outandequal.org/resource/3insights-financialservicessector/,0.0,19fdfb66682fd45b9bf3.txt,c313db0006f025ac0be48a29e2b9f5d9f92bb9b36f2beea4dac0c48013e9dc09
1a34459d27fa1e3fe593,https://link.springer.com/article/10.1007/s11162-024-09806-6,2026-10-04T21:56:48.522144+00:00,springer.com,False,robots_disallowed,,https://link.springer.com/article/10.1007/s11162-024-09806-6,,not_extracted,0,0,,,,,,,,,,
1a725be3b66986312a19,https://pmc.ncbi.nlm.nih.gov/articles/PMC5060265,2026-10-04T21:56:48.791678+00:00,nih.gov,True,downloaded,200.0,https://pmc.ncbi.nlm.nih.gov/articles/PMC5060265,21365.0,success,131,18,html,text/html; charset=utf-8,Checking your browser,,2026-09-11,google.com,https://www.google.com/recaptcha/challengepage,0.0,1a725be3b66986312a19.txt,febad3f3fe620c1fa70fbdc5b5d462a0bb66ad2faf9e39bbd8dd6eaad086906d
1a9101111b6eed554e0e,https://journals.uchicago.edu/doi/pdf/10.1086/741961,2026-10-04T21:56:48.860660+00:00,uchicago.edu,False,http_error,403.0,https://journals.uchicago.edu/doi/pdf/10.1086/741961,5763.0,not_extracted,0,0,,text/html; charset=UTF-8,,,,,,0.0,,
1b398c139aac25fe39d2,https://theregreview.org/2023/08/17/torriente-how-the-administrative-state-fails-people-with-disabilities,2026-10-04T21:56:50.366640+00:00,theregreview.org,True,downloaded,200.0,https://www.theregreview.org/2023/08/17/torriente-how-the-administrative-state-fails-people-with-disabilities/,58191.0,success,5563,803,html,text/html; charset=UTF-8,How the Administrative State Fails People With Disabilities | The Regulatory Review,The Regulatory Review; Devontae Torriente,2023-08-17,The Regulatory Review,https://www.theregreview.org/2023/08/17/torriente-how-the-administrative-state-fails-people-with-disabilities/,0.0,1b398c139aac25fe39d2.txt,520208fd8087d575e60706c430d5160b0ead903fb6ed2e81f44f7fd1b4602079
1bec6d2ae08d68030e83,https://journals.sagepub.com/doi/abs/10.1177/00420980241263191,2026-10-04T21:56:51.852789+00:00,sagepub.com,False,http_error,403.0,https://journals.sagepub.com/doi/abs/10.1177/00420980241263191,5774.0,not_extracted,0,0,,text/html; charset=UTF-8,,,,,,0.0,,
1bf4a9b46fbe977b6349,https://sciencedirect.com/science/article/abs/pii/S1936657424001614,2026-10-04T21:56:51.896882+00:00,sciencedirect.com,False,http_error,403.0,https://www.sciencedirect.com/science/article/abs/pii/S1936657424001614,1207905.0,not_extracted,0,0,,text/html; charset=UTF-8,,,,,,0.0,,
1cdfa4004dd056804913,https://pmc.ncbi.nlm.nih.gov/articles/PMC1494785,2026-10-04T21:56:52.041125+00:00,nih.gov,True,downloaded,200.0,https://pmc.ncbi.nlm.nih.gov/articles/PMC1494785,21363.0,success,131,18,html,text/html; charset=utf-8,Checking your browser,,2026-09-11,google.com,https://www.google.com/recaptcha/challengepage,0.0,1cdfa4004dd056804913.txt,febad3f3fe620c1fa70fbdc5b5d462a0bb66ad2faf9e39bbd8dd6eaad086906d
1d95a7b5505efb352e33,https://pmc.ncbi.nlm.nih.gov/articles/PMC2655171,2026-10-04T21:56:52.480820+00:00,nih.gov,True,downloaded,200.0,https://pmc.ncbi.nlm.nih.gov/articles/PMC2655171,21366.0,success,131,18,html,text/html; charset=utf-8,Checking your browser,,2026-09-11,google.com,https://www.google.com/recaptcha/challengepage,0.0,1d95a7b5505efb352e33.txt,febad3f3fe620c1fa70fbdc5b5d462a0bb66ad2faf9e39bbd8dd6eaad086906d
1dbf5f1c2b42cc485259,https://bjs.ojp.gov/press-release/contacts-between-police-and-public-2020,2026-10-04T21:56:52.789237+00:00,ojp.gov,True,downloaded,200.0,https://bjs.ojp.gov/press-release/contacts-between-police-and-public-2020,56946.0,success,4555,725,html,text/html; charset=UTF-8,"Contacts Between Police and the Public, 2020",,2022-11-18,Bureau of Justice Statistics,https://bjs.ojp.gov/press-release/contacts-between-police-and-public-2020,0.0,1dbf5f1c2b42cc485259.txt,4172dd55768fc107bcc154425f4853e6750b5ea1968b9dd4aaf8ec3ca9699c00
1dd0aa93e5e6f1ca468f,https://workrisenetwork.org/working-knowledge/what-do-workers-value-job,2026-10-04T21:56:53.009916+00:00,workrisenetwork.org,False,http_error,403.0,https://workrisenetwork.org/working-knowledge/what-do-workers-value-job,5794.0,not_extracted,0,0,,text/html; charset=UTF-8,,,,,,0.0,,
1e364f20e66103a9fdc8,https://dcfpi.org/all/black-workers-matter-2,2026-10-04T21:56:54.269720+00:00,dcfpi.org,False,http_error,403.0,https://dcfpi.org/all/black-workers-matter-2,52.0,not_extracted,0,0,,text/html,,,,,,0.0,,
1e824f59b3f5a76131d6,https://linkedin.com/pulse/does-your-gender-affect-credit-score-cyrus-muiga?trk=public_profile_article_view,2026-10-04T21:56:54.521043+00:00,linkedin.com,False,robots_disallowed,,https://linkedin.com/pulse/does-your-gender-affect-credit-score-cyrus-muiga?trk=public_profile_article_view,,not_extracted,0,0,,,,,,,,,,
1e8c5843af9460470c3b,https://endhomelessness.org/resources/policy-information/huds-equal-access-rule,2026-10-04T21:56:55.256431+00:00,endhomelessness.org,True,downloaded,200.0,https://endhomelessness.org/resources/policy-information/huds-equal-access-rule,335973.0,success,5199,790,html,text/html; charset=UTF-8,HUD’s Equal Access Rule,,2026-06-08,National Alliance to End Homelessness,https://endhomelessness.org/resources/policy-information/huds-equal-access-rule/,0.0,1e8c5843af9460470c3b.txt,38f37ef388e6d9357801a3e4000fa9bb8553b999492e873c6a3c95f445ba41a3
1ebe65fff073a04e76e8,https://safetyandjusticechallenge.org/blog/focusing-on-latinos-in-the-u-s-criminal-justice-system,2026-10-04T21:56:56.563569+00:00,safetyandjusticechallenge.org,True,downloaded,200.0,https://safetyandjusticechallenge.org/blog/focusing-on-latinos-in-the-u-s-criminal-justice-system/,85722.0,success,9282,1344,html,text/html; charset=UTF-8,Focusing on Latinos in the U.S. Criminal Justice System - Safety and Justice Challenge,Matt Davis,2023-06-12,Safety and Justice Challenge,https://safetyandjusticechallenge.org/blog/focusing-on-latinos-in-the-u-s-criminal-justice-system/,0.0,1ebe65fff073a04e76e8.txt,f305d7fc7b31a82c21136ffbfcd10075da26f7f3178f83b76aa3a31ca30dc1f3
1edfaa660fdd21e4c551,https://epi.org/blog/job-quality-is-a-policy-decision-better-jobs-can-spur-higher-labor-force-participation-for-both-men-and-women,2026-10-04T21:56:58.812847+00:00,epi.org,False,http_error,403.0,https://epi.org/blog/job-quality-is-a-policy-decision-better-jobs-can-spur-higher-labor-force-participation-for-both-men-and-women,5863.0,not_extracted,0,0,,text/html; charset=UTF-8,,,,,,0.0,,
1f4014adae6630be5014,https://habitat.org/sites/default/files/documents/Improving-Quality-Life-Across-Neighborhoods-Report.pdf,2026-10-04T21:56:59.127732+00:00,habitat.org,True,downloaded,200.0,https://www.habitat.org/sites/default/files/documents/Improving-Quality-Life-Across-Neighborhoods-Report.pdf,2282178.0,success,230084,31121,pdf,application/pdf,,,,,,0.0,1f4014adae6630be5014.txt,c18aa202567b3ebeda6865769501dec8e036173caf7f0beb2f20895391798983
1f9f5fbab0ecfc7f40ed,https://alight.com/blog/providing-benefits-hispanic-employees,2026-10-04T21:56:59.141428+00:00,alight.com,True,downloaded,200.0,https://www.alight.com:443/blog/providing-benefits-hispanic-employees,241289.0,success,3283,499,html,text/html; charset=utf-8,Providing benefits for Hispanic employees,,2026-01-01,The Alight Blog,https://www.alight.com/blog/providing-benefits-hispanic-employees,0.0,1f9f5fbab0ecfc7f40ed.txt,953a06d4562ad0846a7d5681be4ebd376c5c209455f5954ac90d65d44b7d33cb
201b255c7bfed6b4cd93,https://journals.uchicago.edu/doi/10.1086/599248,2026-10-04T21:57:00.238789+00:00,uchicago.edu,False,http_error,403.0,https://journals.uchicago.edu/doi/10.1086/599248,5751.0,not_extracted,0,0,,text/html; charset=UTF-8,,,,,,0.0,,
20254c71cc251f7070b5,https://adp.com/spark/articles/2024/10/how-unique-employee-benefits-can-give-you-an-edge-in-recruiting.aspx,2026-10-04T21:57:00.288981+00:00,adp.com,False,http_error,403.0,https://www.adp.com/spark/articles/2024/10/how-unique-employee-benefits-can-give-you-an-edge-in-recruiting.aspx,514.0,not_extracted,0,0,,text/html,,,,,,0.0,,
20c50707e77233cf5c5c,https://aclu.org/press-releases/new-report-finds-harassment-mistreatment-fuels-mistrust-among-lgbtq-people-towards-police,2026-10-04T21:57:01.739844+00:00,aclu.org,True,downloaded,200.0,https://www.aclu.org/press-releases/new-report-finds-harassment-mistreatment-fuels-mistrust-among-lgbtq-people-towards-police,68519.0,success,6544,988,html,text/html; charset=UTF-8,New Report Finds Harassment & Mistreatment Fuels Mistrust Among LGBTQ People Towards Police | American Civil Liberties Union,,2024-04-30,American Civil Liberties Union,https://www.aclu.org/press-releases/new-report-finds-harassment-mistreatment-fuels-mistrust-among-lgbtq-people-towards-police,0.0,20c50707e77233cf5c5c.txt,e2710d96adc57e0c792abf378ba9da07a44a646f23cc03f54db1a18ac448d03a
22594988258ac1781dd7,https://academic.oup.com/jpart/article/36/2/145/8445902,2026-10-04T21:57:02.652927+00:00,oup.com,False,http_error,403.0,https://academic.oup.com/jpart/article/36/2/145/8445902,5624.0,not_extracted,0,0,,text/html; charset=UTF-8,,,,,,0.0,,
228483d318111393f037,https://bjs.ojp.gov/press-release/contacts-between-police-and-public-2022,2026-10-04T21:57:03.702373+00:00,ojp.gov,True,downloaded,200.0,https://bjs.ojp.gov/press-release/contacts-between-police-and-public-2022,57052.0,success,4332,676,html,text/html; charset=UTF-8,"Contacts Between Police and the Public, 2022",,2024-10-04,Bureau of Justice Statistics,https://bjs.ojp.gov/press-release/contacts-between-police-and-public-2022,0.0,228483d318111393f037.txt,5c76c4ddf19adc63d375d5dd271bcd4bfb6d521395bf59c7e9d24eb3cb3ccde8
22ab20355e00520e497f,https://cew.georgetown.edu/cew-reports/raceandgoodjobs,2026-10-04T21:57:03.943532+00:00,georgetown.edu,True,downloaded,200.0,https://cew.georgetown.edu/cew-reports/raceandgoodjobs/,438693.0,success,468,79,html,text/html; charset=UTF-8,The Unequal Race for Good Jobs: How Whites Made Outsized Gains in Education and Good Jobs Compared to Blacks and Latinos - CEW Georgetown,,2024-08-13,CEW Georgetown,https://cew.georgetown.edu/cew-reports/raceandgoodjobs/,0.0,22ab20355e00520e497f.txt,b52dc8479e39e239390b023fefdbe8a2d822953fcb342af8445ebeed4fc1ed59
23e548a3cc407e1b67e9,https://nature.com/articles/s41598-025-22353-z,2026-10-04T21:57:05.707767+00:00,nature.com,True,downloaded,200.0,https://www.nature.com/articles/s41598-025-22353-z?error=cookies_not_supported&code=5b3946ab-4009-445d-a6df-073437a35e2d,323417.0,success,25434,3659,html,text/html; charset=utf-8,A network analysis of housing quality indicators and depression in women - Scientific Reports,Sanders; Faye; Waldren; Lucy H; Baltramonaityte; Vilte; Lussier; Alexandre A; Walton; Esther,2025-11-05,Nature,https://www.nature.com/articles/s41598-025-22353-z,0.0,23e548a3cc407e1b67e9.txt,f4ed124a8c1fc3dd4634eb26c34f694993cdcc7bc37f7712eca8502a3834ef19
24050ef2a23db83a064a,https://pmc.ncbi.nlm.nih.gov/articles/PMC7268709,2026-10-04T21:57:07.959764+00:00,nih.gov,True,downloaded,200.0,https://pmc.ncbi.nlm.nih.gov/articles/PMC7268709/,188739.0,success,39222,5989,html,text/html; charset=utf-8,Identifying disparities in patient-centered care experiences between non-Latino white and black men: results from the 2008-2016 Medical Expenditure Panel Survey,Jamie A Mitchell; Ed-Dee G Williams; Yuyi Li; Wassim Tarraf,2020-06-03,BMC Health Services Research,https://pmc.ncbi.nlm.nih.gov/articles/PMC7268709/,0.0,24050ef2a23db83a064a.txt,cba2b0304eb9d0f1c17cb19af087d563f11fee817003057ddcbb4472d11c940d
2415e9b0d198ee12c665,https://safetyandjusticechallenge.org/blog/reshaping-the-justice-system-for-people-with-disabilities,2026-10-04T21:57:09.252571+00:00,safetyandjusticechallenge.org,True,downloaded,200.0,https://safetyandjusticechallenge.org/blog/reshaping-the-justice-system-for-people-with-disabilities/,93168.0,success,16316,2220,html,text/html; charset=UTF-8,Reshaping the Justice System for People with Disabilities - Safety and Justice Challenge,Matt Davis,2025-07-22,Safety and Justice Challenge,https://safetyandjusticechallenge.org/blog/reshaping-the-justice-system-for-people-with-disabilities/,0.0,2415e9b0d198ee12c665.txt,220b81ccd6e267671a49c67d378bf2a1fcb9cd1e511cca4d1bf5c2e69af49645
2511433a3440d79b0c11,https://theconversation.com/5-factors-that-contribute-to-students-finishing-high-school-155282,2026-10-04T21:57:09.617475+00:00,theconversation.com,True,downloaded,200.0,https://theconversation.com/5-factors-that-contribute-to-students-finishing-high-school-155282,184644.0,success,8355,1171,html,text/html; charset=utf-8,5 factors that contribute to students finishing high school,Amber Hartwell; Barbara Brown; Ronna Mosher,2021-05-06,The Conversation,https://theconversation.com/5-factors-that-contribute-to-students-finishing-high-school-155282,0.0,2511433a3440d79b0c11.txt,d317572e272f7780c9b4e6f5a9275119299ff5d2faf6d5d0c142a3edaafc4f34
2512d209e8135ffdd345,https://pmc.ncbi.nlm.nih.gov/articles/PMC4802845,2026-10-04T21:57:10.908320+00:00,nih.gov,True,downloaded,200.0,https://pmc.ncbi.nlm.nih.gov/articles/PMC4802845,21364.0,success,131,18,html,text/html; charset=utf-8,Checking your browser,,2026-09-11,google.com,https://www.google.com/recaptcha/challengepage,0.0,2512d209e8135ffdd345.txt,febad3f3fe620c1fa70fbdc5b5d462a0bb66ad2faf9e39bbd8dd6eaad086906d
253669250bedd5d53be8,https://rsfjournal.org/content/9/4/1,2026-10-04T21:57:11.212180+00:00,rsfjournal.org,False,hard_timeout,0.0,https://rsfjournal.org/content/9/4/1,,not_extracted,0,0,,,,,,,,28.0,,
26776630231348041a4a,https://earnest.com/blog/graduation-and-retention-rates,2026-10-04T21:57:11.216219+00:00,earnest.com,False,http_error,403.0,https://www.earnest.com:443/blog/graduation-and-retention-rates,5681.0,not_extracted,0,0,,text/html; charset=UTF-8,,,,,,0.0,,
26b123cf52f9cf82773d,https://news.cornell.edu/stories/2017/11/people-disabilities-more-likely-be-arrested,2026-10-04T21:57:11.588336+00:00,cornell.edu,True,downloaded,200.0,https://news.cornell.edu/stories/2017/11/people-disabilities-more-likely-be-arrested,45023.0,success,3296,519,html,text/html; charset=utf-8,People with disabilities more likely to be arrested | Cornell Chronicle,Susan Kelley,2017-11-30,Cornell Chronicle,https://news.cornell.edu/stories/2017/11/people-disabilities-more-likely-be-arrested,0.0,26b123cf52f9cf82773d.txt,9c52e1f9efc8c761ea704b27ef26693d3aef369ff1029cdde468232ebf61122a
27ba1d5696fc3d28d15b,https://pmc.ncbi.nlm.nih.gov/articles/PMC12366881,2026-10-04T21:57:12.990285+00:00,nih.gov,True,downloaded,200.0,https://pmc.ncbi.nlm.nih.gov/articles/PMC12366881,21364.0,success,131,18,html,text/html; charset=utf-8,Checking your browser,,2026-09-11,google.com,https://www.google.com/recaptcha/challengepage,0.0,27ba1d5696fc3d28d15b.txt,febad3f3fe620c1fa70fbdc5b5d462a0bb66ad2faf9e39bbd8dd6eaad086906d
27dcc110165c384e5a4b,https://cdc.gov/mmwr/volumes/73/su/su7301a5.htm,2026-10-04T21:57:13.908205+00:00,cdc.gov,False,http_error,403.0,https://cdc.gov/mmwr/volumes/73/su/su7301a5.htm,408.0,not_extracted,0,0,,text/html,,,,,,0.0,,
2816b37e85afc590da07,https://ojp.gov/library/publications/factors-influence-public-opinion-police,2026-10-04T21:57:14.157662+00:00,ojp.gov,True,downloaded,200.0,https://www.ojp.gov/library/publications/factors-influence-public-opinion-police,55188.0,success,1775,259,html,text/html; charset=UTF-8,Factors That Influence Public Opinion of the Police | Office of Justice Programs,Author Cheryl Maxson; Karen Hennigan; David C Sloane,2003-06-01,Office of Justice Programs,https://www.ojp.gov/library/publications/factors-influence-public-opinion-police,0.0,2816b37e85afc590da07.txt,2716ede6c17b2ff961b26938e1562c71707f81d2718d207590cb16bfca2a43eb
289183e973e9d12d9934,https://nij.ojp.gov/library/publications/law-enforcement-response-persons-intellectual-and-developmental-disabilities,2026-10-04T21:57:15.375154+00:00,ojp.gov,True,downloaded,200.0,https://nij.ojp.gov/library/publications/law-enforcement-response-persons-intellectual-and-developmental-disabilities,63635.0,success,2403,339,html,text/html; charset=UTF-8,Law Enforcement Response to Persons with Intellectual and Developmental Disabilities Identifying High-Priority Needs to Improve Law Enforcement Strategies,,2024-09-01,National Institute of Justice,https://nij.ojp.gov/library/publications/law-enforcement-response-persons-intellectual-and-developmental-disabilities,0.0,289183e973e9d12d9934.txt,7deec0f226320930ab5bf33a6372fc456461725989e171a578dd7fad21c1f6b6
28d83b1aa21caa0b2177,https://onlinelibrary.wiley.com/doi/full/10.1111/jomf.13064,2026-10-04T21:57:16.156011+00:00,wiley.com,False,http_error,403.0,https://onlinelibrary.wiley.com/doi/full/10.1111/jomf.13064,5780.0,not_extracted,0,0,,text/html; charset=UTF-8,,,,,,0.0,,
2935b2a3da70bbfc9027,https://bls.gov/blog/2024/employment-trends-of-hispanics-in-the-us-labor-force.htm,2026-10-04T21:57:16.243321+00:00,bls.gov,False,http_error,403.0,https://www.bls.gov/,1325.0,not_extracted,0,0,,text/html,,,,,,0.0,,
29391a2ea77883b7a5a3,https://nature.com/nature-index/topics/l4/administrative-burden-in-public-welfare-systems,2026-10-04T21:57:17.367339+00:00,nature.com,True,downloaded,200.0,https://www.nature.com/nature-index/topics/l4/administrative-burden-in-public-welfare-systems?error=cookies_not_supported&code=0677706d-0050-4e5b-921a-6d5dac24b0ba,108538.0,success,4197,537,html,text/html; charset=utf-8,Administrative Burden in Public Welfare Systems,,2025-06-01,NatureIndex,https://www.nature.com/nature-index/topics/l4/administrative-burden-in-public-welfare-systems?error=cookies_not_supported&code=0677706d-0050-4e5b-921a-6d5dac24b0ba,0.0,29391a2ea77883b7a5a3.txt,c1fa8dc3bf656cecc64793b101bbc0e6699dfc0f7030d9d283ba7f6c67243562
293ef7e1c6218c8e4e02,https://unidosus.org/blog/2019/05/16/latinos-housing-transportation-green-space,2026-10-04T21:57:17.847432+00:00,unidosus.org,True,downloaded,200.0,https://unidosus.org/blog/2019/05/16/latinos-housing-transportation-green-space/,90568.0,success,6840,1010,html,text/html; charset=UTF-8,"Latinos face unaffordable housing, unreliable public transit, and lack of green space",UnidosUS,2019-05-16,UnidosUS,https://unidosus.org/blog/2019/05/16/latinos-housing-transportation-green-space/,0.0,293ef7e1c6218c8e4e02.txt,fd98cf5898d83c6960c2bacf8b292a6f2ec4efa89c96503309c64e8f8c5a6202
295c852c1d7d852e865e,https://experian.com/blogs/ask-experian/what-factor-has-the-biggest-impact-on-credit-score,2026-10-04T21:57:19.505987+00:00,experian.com,True,downloaded,200.0,https://www.experian.com/blogs/ask-experian/what-factor-has-the-biggest-impact-on-credit-score,232027.0,success,6779,1158,html,text/html,What’s the Most Important Factor of Your Credit Score?,John Egan,2025-10-01,Experian,https://www.experian.com/blogs/ask-experian/what-factor-has-the-biggest-impact-on-credit-score/,0.0,295c852c1d7d852e865e.txt,5750afd40f90e476d150bf438e9ca6945ee11e967e322397f29208e0f3e19787
29aa74e9800fa318a261,https://icjia.illinois.gov/researchhub/articles/police-use-of-discretion-in-encounters-with-people-with-opioid-use-disorder--a-study-of-illinois-police-officers,2026-10-04T21:57:21.185705+00:00,illinois.gov,True,downloaded,200.0,https://icjia.illinois.gov/researchhub/articles/police-use-of-discretion-in-encounters-with-people-with-opioid-use-disorder--a-study-of-illinois-police-officers,7226.0,success,103,12,html,text/html; charset=UTF-8,ICJIA | Illinois Criminal Justice Information Authority,Illinois Criminal Justice Information Authority,2026-03-26,Illinois Criminal Justice Information Authority,https://icjia.illinois.gov/,0.0,29aa74e9800fa318a261.txt,8e35ee16474d22607869f210da31ff01edaea6d51ee7deee1694dd156ff192ba
29c204318caeb541776f,https://gsdrc.org/document-library/gender-differences-in-employment-and-why-they-matter,2026-10-04T21:57:21.681571+00:00,gsdrc.org,True,downloaded,200.0,https://gsdrc.org/document-library/gender-differences-in-employment-and-why-they-matter/,73668.0,success,3599,512,html,text/html; charset=UTF-8,Gender Differences in Employment and Why They Matter - GSDRC,,2012-05-08,"GSDRC Governance, social development, conflict and humanitarian knowledge services GSDRC - GSDRC",https://gsdrc.org/document-library/gender-differences-in-employment-and-why-they-matter/,0.0,29c204318caeb541776f.txt,ad3031b35dbf583d2773c8a385243e9186f56b84f28b06a0a6168382f9bcea48
2c06267c7d3e2e7c8eef,https://enablingdevices.com/blog/five-strategies-for-raising-graduation-rates-for-students-with-disabilities,2026-10-04T21:57:21.967530+00:00,enablingdevices.com,True,downloaded,200.0,https://enablingdevices.com/blog/five-strategies-for-raising-graduation-rates-for-students-with-disabilities/,216547.0,success,4357,658,html,text/html; charset=UTF-8,Five Strategies for Raising Graduation Rates for Students with Disabilities,Betty Bell,2017-05-23,Enabling Devices,https://enablingdevices.com/blog/five-strategies-for-raising-graduation-rates-for-students-with-disabilities/,0.0,2c06267c7d3e2e7c8eef.txt,be5cc7254fd15ddf88c0644fa36c2cfdb502f31a05e22e12a346b4554a4642f3
2d74101ff5f3e143e9b1,https://pmc.ncbi.nlm.nih.gov/articles/PMC3298673,2026-10-04T21:57:24.183529+00:00,nih.gov,True,downloaded,200.0,https://pmc.ncbi.nlm.nih.gov/articles/PMC3298673,21365.0,success,131,18,html,text/html; charset=utf-8,Checking your browser,,2026-09-11,google.com,https://www.google.com/recaptcha/challengepage,0.0,2d74101ff5f3e143e9b1.txt,febad3f3fe620c1fa70fbdc5b5d462a0bb66ad2faf9e39bbd8dd6eaad086906d
2e06249f6de4595dd325,https://workrisenetwork.org/working-knowledge/better-business-outcomes-here-are-basics-lgbtq-workplace-policies-and-practices,2026-10-04T21:57:25.075728+00:00,workrisenetwork.org,False,http_error,403.0,https://workrisenetwork.org/working-knowledge/better-business-outcomes-here-are-basics-lgbtq-workplace-policies-and-practices,6020.0,not_extracted,0,0,,text/html; charset=UTF-8,,,,,,0.0,,
2faa5423b0ef0b1013d9,https://pmc.ncbi.nlm.nih.gov/articles/PMC7893374,2026-10-04T21:57:25.246799+00:00,nih.gov,True,downloaded,200.0,https://pmc.ncbi.nlm.nih.gov/articles/PMC7893374/,231651.0,success,81654,12185,html,text/html; charset=utf-8,Experiences of Hispanic Families with Social Services in the Racially Segregated Southeast: Views from Administrators and Workers in North Carolina,Carolyn Y Barnes; Lisa A Gennetian,2021-02-19,Race and Social Problems,https://pmc.ncbi.nlm.nih.gov/articles/PMC7893374/,0.0,2faa5423b0ef0b1013d9.txt,c38920b8554b87bd578bf620e8b75a5df5bdfc226e3d11d2185410dfefcf73cd
305757b2b9757a973d3d,https://journals.sagepub.com/doi/abs/10.1177/10986111251372007,2026-10-04T21:57:26.238716+00:00,sagepub.com,False,http_error,403.0,https://journals.sagepub.com/doi/abs/10.1177/10986111251372007,5774.0,not_extracted,0,0,,text/html; charset=UTF-8,,,,,,0.0,,
31170aed7eff219c8a63,https://mercer.com/en-us/insights/talent-and-transformation/diversity-equity-and-inclusion/how-employee-benefits-and-dei-initiatives-affect-black-employees,2026-10-04T21:57:26.263506+00:00,mercer.com,True,downloaded,200.0,https://www.mercer.com/en-us/insights/talent-and-transformation/diversity-equity-and-inclusion/how-employee-benefits-and-dei-initiatives-affect-black-employees/,147980.0,success,5563,814,html,text/html;charset=utf-8,How employee benefits and DEI initiatives affect Black employees,,2026-08-24,mercer.com,https://www.mercer.com/en-us/insights/talent-and-transformation/diversity-equity-and-inclusion/how-employee-benefits-and-dei-initiatives-affect-black-employees/,0.0,31170aed7eff219c8a63.txt,fdec5a7522fb5b84a069873fbab2a1e80fa9d36a2d2719684dd807c096d0522f
3292cba3222c2ea4a25d,https://resource.medpro.com/lgbt-patient-care-removed,2026-10-04T21:57:27.399230+00:00,medpro.com,True,downloaded,200.0,https://resource.medpro.com/lgbt-patient-care-removed,74119.0,success,9111,1272,html,text/html,Providing Culturally Competent Care for LGBT Patients,,2018-01-01,resource.medpro.com,https://resource.medpro.com/lgbt-patient-care-removed,0.0,3292cba3222c2ea4a25d.txt,5ec08ab15258cb2f8a093d1d616fda19d1d09282a23c4d304418ca4ae3e3f643
32cc5980a89e0abd4bb7,https://academicworks.cuny.edu/cgi/viewcontent.cgi?article=6918&context=gc_etds,2026-10-04T21:57:28.125435+00:00,cuny.edu,False,http_error,403.0,https://academicworks.cuny.edu/cgi/viewcontent.cgi?article=6918&context=gc_etds,5778.0,not_extracted,0,0,,text/html; charset=UTF-8,,,,,,0.0,,
33956437b9ade1071826,https://pmc.ncbi.nlm.nih.gov/articles/PMC12759414,2026-10-04T21:57:28.652963+00:00,nih.gov,True,downloaded,200.0,https://pmc.ncbi.nlm.nih.gov/articles/PMC12759414/,91568.0,success,1699,250,html,text/html; charset=utf-8,Disparities in Employer-Provided Benefits Among Older Black and Hispanic Workers,Bruna Lopez; Cal Halvorsen,2025-12-31,Innovation in Aging,https://pmc.ncbi.nlm.nih.gov/articles/PMC12759414/,0.0,33956437b9ade1071826.txt,a413e0f36a0b8197bc0dc8d98a726077afd9c9e157f507e0a04bf961e2f7b359
340b64b06a4f40a85b00,https://theguardian.com/cities/2016/jan/13/end-of-gaytrification-cities-lgbt-communities-gentrification-gay-villages,2026-10-04T21:57:28.684150+00:00,theguardian.com,True,downloaded,200.0,https://www.theguardian.com/cities/2016/jan/13/end-of-gaytrification-cities-lgbt-communities-gentrification-gay-villages,367957.0,success,15522,2530,html,text/html; charset=UTF-8,The 'gaytrification' effect: why gay neighbourhoods are being priced out,Feargus O'Sullivan,2016-01-13,The Guardian,http://www.theguardian.com/cities/2016/jan/13/end-of-gaytrification-cities-lgbt-communities-gentrification-gay-villages,0.0,340b64b06a4f40a85b00.txt,82fbcf178995d8b535dd72d87d7baa10d448d6a54be00cb1ce0b9b620f2fdfb0
34c9a057de58ca5a4669,https://pmc.ncbi.nlm.nih.gov/articles/PMC11977188,2026-10-04T21:57:28.923191+00:00,nih.gov,True,downloaded,200.0,https://pmc.ncbi.nlm.nih.gov/articles/PMC11977188,21367.0,success,131,18,html,text/html; charset=utf-8,Checking your browser,,2026-09-11,google.com,https://www.google.com/recaptcha/challengepage,0.0,34c9a057de58ca5a4669.txt,febad3f3fe620c1fa70fbdc5b5d462a0bb66ad2faf9e39bbd8dd6eaad086906d
354ced46cedfd302117d,https://pmc.ncbi.nlm.nih.gov/articles/PMC11195964,2026-10-04T21:57:29.249244+00:00,nih.gov,True,downloaded,200.0,https://pmc.ncbi.nlm.nih.gov/articles/PMC11195964/,297726.0,success,79798,11719,html,text/html; charset=utf-8,Career sacrifice for an LGBTQ*-friendly work environment? a choice experiment to investigate the job preferences of LGBTQ* people,Zaza Zindel; Lisa de Vries,2024-06-24,PLOS ONE,https://pmc.ncbi.nlm.nih.gov/articles/PMC11195964/,0.0,354ced46cedfd302117d.txt,8c6f2dfcdc15313546fd112af68efc012d7c84327a1e39fc2f267dc8870c47bb
356ef631d65260b12137,https://federalreserve.gov/econres/feds/how-much-does-racial-bias-affect-mortgage-lending.htm,2026-10-04T21:57:29.295816+00:00,federalreserve.gov,True,downloaded,200.0,https://www.federalreserve.gov/econres/feds/how-much-does-racial-bias-affect-mortgage-lending.htm,87816.0,success,1802,259,html,text/html,How Much Does Racial Bias Affect Mortgage Lending? Evidence from Human and Algorithmic Credit Decisions,Neil Bhutta; Aurel Hizmo; Daniel Ringo,2022-10-18,federalreserve.gov,https://www.federalreserve.gov/econres/feds/how-much-does-racial-bias-affect-mortgage-lending.htm,0.0,356ef631d65260b12137.txt,b706ecd756ac04e73b0427db49ff529f22e71b38a97de50de5bd2eee9b2e6ba6
371abcc367f60dce1f8a,https://qic-wd.org/umbrella-summary/workplace-supports-lgbt-employees,2026-10-04T21:57:30.312559+00:00,qic-wd.org,True,downloaded,200.0,https://qic-wd.org/umbrella-summary/workplace-supports-lgbt-employees,36516.0,success,9165,1264,html,text/html; charset=utf-8,Workplace Supports for LGBT Employees,,2020-07-22,qic-wd.org,https://qic-wd.org/umbrella-summary/workplace-supports-lgbt-employees,0.0,371abcc367f60dce1f8a.txt,c829b397c29ee8c520b88039fb4a62d54dd685a3f02a6100f121f69965bab575
3830e7b73e3e225463eb,https://aascu.org/resources/graduation-rates-and-student-success-squaring-means-and-ends,2026-10-04T21:57:31.425354+00:00,aascu.org,True,downloaded,200.0,https://aascu.org/resources/graduation-rates-and-student-success-squaring-means-and-ends/,197355.0,success,31001,4400,pdf,application/pdf,,,,,,0.0,3830e7b73e3e225463eb.txt,c2b56c3b53748100350a04ecd66151626df9ec973b4e54d2476a5157094060a4
3859218a0f5cec078901,https://nbcnews.com/know-your-value/being-woman-hurts-your-credit-score-here-s-what-you-n948141,2026-10-04T21:57:32.413728+00:00,nbcnews.com,True,downloaded,200.0,https://www.nbcnews.com/know-your-value/being-woman-hurts-your-credit-score-here-s-what-you-n948141,371339.0,success,6078,1066,html,text/html; charset=utf-8,Being a woman hurts your credit score — Here’s what you can do about it,Laura Haverty,2018-12-17,NBC News,https://www.msnbc.com/know-your-value/being-woman-hurts-your-credit-score-here-s-what-you-n948141,0.0,3859218a0f5cec078901.txt,f591f568cdc9ec2383528b2a934f54e1399d17a126f8e892df84230ca3976495
38d51bf5e12f9041c582,https://youtube.com/watch?t=20&v=34A6JyhACX0,2026-10-04T21:57:32.599017+00:00,youtube.com,True,downloaded,200.0,https://www.youtube.com/watch?t=20&v=34A6JyhACX0,1203577.0,success,146,23,html,text/html; charset=utf-8,Gender-Affirming Care and Creating a Welcoming Practice,,2024-01-03,YouTube,https://www.youtube.com/watch?v=34A6JyhACX0,0.0,38d51bf5e12f9041c582.txt,8dbba17988e385133ba8f51d76cde1fc2c859262b666cb848e9cfe2478fd5e71
390c270b97b0fd0522ae,https://healthaffairs.org/content/briefs/implications-public-policies-lgbtqi-population-health-us,2026-10-04T21:57:34.519841+00:00,healthaffairs.org,False,http_error,403.0,https://healthaffairs.org/content/briefs/implications-public-policies-lgbtqi-population-health-us,5906.0,not_extracted,0,0,,text/html; charset=UTF-8,,,,,,0.0,,
39ee0890645bfc2172dd,https://equitablegrowth.org/latino-workers-are-often-segregated-into-bad-jobs-but-a-strong-u-s-labor-movement-can-boost-job-quality-and-u-s-economic-growth,2026-10-04T21:57:34.566492+00:00,equitablegrowth.org,True,downloaded,200.0,https://equitablegrowth.org/latino-workers-are-often-segregated-into-bad-jobs-but-a-strong-u-s-labor-movement-can-boost-job-quality-and-u-s-economic-growth/,219307.0,success,18504,2779,html,text/html; charset=UTF-8,"Latino workers are often segregated into bad jobs, but a strong U.S. labor movement can boost job quality and U.S. economic growth",Emilie Openchowski,2022-10-13,Washington Center for Equitable Growth,https://equitablegrowth.org/latino-workers-are-often-segregated-into-bad-jobs-but-a-strong-u-s-labor-movement-can-boost-job-quality-and-u-s-economic-growth/,0.0,39ee0890645bfc2172dd.txt,9ec3c62038f540720788ac001d23a1d0bad2e9675674a2705e38be991c29b96c
3a2197ddc4b782b467b6,https://pmc.ncbi.nlm.nih.gov/articles/PMC3860281,2026-10-04T21:57:36.267557+00:00,nih.gov,True,downloaded,200.0,https://pmc.ncbi.nlm.nih.gov/articles/PMC3860281/,323828.0,success,80387,12856,html,text/html; charset=utf-8,Housing and neighborhood quality among undocumented Mexican and Central American immigrants,Matthew Hall; Emily Greenman,2013-07-19,Social science research,https://pmc.ncbi.nlm.nih.gov/articles/PMC3860281/,0.0,3a2197ddc4b782b467b6.txt,6109ef70f4b9421d4c8eefc7ea258d2a6542169b683a7adb2f74a8aa1446bd18
3aa6be39d8e294dab5a0,https://policingproject.org/news-main/2019/11/27/the-importance-of-trans-sensitive-police-policies,2026-10-04T21:57:38.433761+00:00,policingproject.org,True,downloaded,200.0,https://www.policingproject.org/news-main/2019/11/27/the-importance-of-trans-sensitive-police-policies,127095.0,success,8099,1205,html,text/html;charset=utf-8,The Importance of Trans-sensitive Police Policies and Practices — The Policing Project,Policing Project,2019-11-27,The Policing Project,https://www.policingproject.org/news-main/2019/11/27/the-importance-of-trans-sensitive-police-policies,0.0,3aa6be39d8e294dab5a0.txt,f8fe94c13493367d5bd7939f98731beb9f8ed629b40a36274748bcb48811da99
3bac3289fe24757959cf,https://ellucian.com/blog/graduation-rates-lie-cohort-data-isnt-telling-you-about-student-success,2026-10-04T21:57:38.777111+00:00,ellucian.com,True,downloaded,200.0,https://www.ellucian.com:443/,178438.0,success,1111,174,html,text/html; charset=utf-8,Unifying Campus Technology Solutions to Power Higher Ed | Ellucian,,2026-01-01,Ellucian,https://www.ellucian.com/,0.0,3bac3289fe24757959cf.txt,d25f37726740ce6bf25cc15e326bcb4446c552b0cb703efda7cfd0f8709a1c76
3ddc80da805282e58df8,https://publicjustice.net/the-discriminatory-impact-of-credit-scores,2026-10-04T21:57:39.961634+00:00,publicjustice.net,True,downloaded,200.0,https://www.publicjustice.net/the-discriminatory-impact-of-credit-scores/,161149.0,success,9343,1433,html,text/html; charset=UTF-8,The Discriminatory Impact of Credit Scores - Public Justice,Toyo Ubaldo,2023-04-04,Public Justice,https://www.publicjustice.net/the-discriminatory-impact-of-credit-scores/,0.0,3ddc80da805282e58df8.txt,4a2f9153867bb1305bceeab859b19d506268d4711df3f390b8a6252c451f8550
3e0353a4591eba5c29be,https://redfin.com/news/lgbtq-housing-affordability-2024,2026-10-04T21:57:41.760867+00:00,redfin.com,True,downloaded,200.0,https://www.redfin.com/news/lgbtq-housing-affordability-2024/,318688.0,success,16801,2902,html,text/html; charset=UTF-8,"The Pride Premium: People in LGBTQ+ Friendly Areas Need to Earn $150,000 to Afford the Typical Home—A Premium of Nearly 50%",Lily Katz; Elijah de la Campa,2024-05-29,Redfin Real Estate News,https://www.redfin.com/news/lgbtq-housing-affordability-2024/,0.0,3e0353a4591eba5c29be.txt,bd50eea351cbd81cb7cdee38e44dd2cdaec736616476cd5eeb5fdd4ba2050b76
3e65cbe55886530f333e,https://pmc.ncbi.nlm.nih.gov/articles/PMC10440084,2026-10-04T21:57:42.313596+00:00,nih.gov,True,downloaded,200.0,https://pmc.ncbi.nlm.nih.gov/articles/PMC10440084,21368.0,success,131,18,html,text/html; charset=utf-8,Checking your browser,,2026-09-11,google.com,https://www.google.com/recaptcha/challengepage,0.0,3e65cbe55886530f333e.txt,febad3f3fe620c1fa70fbdc5b5d462a0bb66ad2faf9e39bbd8dd6eaad086906d
3e8a2d1948dc8d4ce8a0,https://pmc.ncbi.nlm.nih.gov/articles/PMC5763841,2026-10-04T21:57:42.985250+00:00,nih.gov,True,downloaded,200.0,https://pmc.ncbi.nlm.nih.gov/articles/PMC5763841,21363.0,success,131,18,html,text/html; charset=utf-8,Checking your browser,,2026-09-11,google.com,https://www.google.com/recaptcha/challengepage,0.0,3e8a2d1948dc8d4ce8a0.txt,febad3f3fe620c1fa70fbdc5b5d462a0bb66ad2faf9e39bbd8dd6eaad086906d
3f8161387839c564dd49,https://urban.org/research/publication/how-does-funding-administrative-expenses-affect-equity,2026-10-04T21:57:43.243636+00:00,urban.org,False,http_error,403.0,https://www.urban.org/research/publication/how-does-funding-administrative-expenses-affect-equity,5927.0,not_extracted,0,0,,text/html; charset=UTF-8,,,,,,0.0,,
404944b82c9ec488a034,https://planningmalaysia.org/index.php/pmj/article/download/Article%2010-1/96,2026-10-04T21:57:45.542307+00:00,planningmalaysia.org,True,downloaded,200.0,https://planningmalaysia.org/index.php/pmj/article/download/Article%2010-1/96,977010.0,empty_text,0,0,pdf,application/pdf,,,,,,0.0,404944b82c9ec488a034.txt,e3b0c44298fc1c149afbf4c8996fb92427ae41e4649b934ca495991b7852b855
41443504d2f7d1c7127c,https://strivetogether.org/resources/why-high-school-graduation-matters,2026-10-04T21:57:46.216770+00:00,strivetogether.org,True,downloaded,200.0,https://strivetogether.org/resources/why-high-school-graduation-matters/,119372.0,success,7698,1136,html,text/html; charset=UTF-8,Why High School Graduation Matters - StriveTogether,,2026-05-10,Strive Together,https://strivetogether.org/resources/why-high-school-graduation-matters/,0.0,41443504d2f7d1c7127c.txt,242cc5e6c075555745a8d6b00a451295f8270019c77abc56c60dee880a331bec
41656393e8c2e0b68c5b,https://brookings.edu/articles/the-male-college-crisis-is-not-just-in-enrollment-but-completion,2026-10-04T21:57:46.354631+00:00,brookings.edu,True,downloaded,200.0,https://www.brookings.edu/articles/the-male-college-crisis-is-not-just-in-enrollment-but-completion/,201176.0,success,9306,1548,html,text/html; charset=UTF-8,"The male college crisis is not just in enrollment, but completion | Brookings",Ted Piccone; Diana Paz García; Bruce Jones; Valerie Wirtschafter; Emily Markovich Morris; Carolina Campos,2022-03-09,Brookings,https://www.brookings.edu/articles/the-male-college-crisis-is-not-just-in-enrollment-but-completion/,0.0,41656393e8c2e0b68c5b.txt,75002fc58f533ab75841f1b508385d8c1c78038009ba323db1b0c71ea32b05e2
41d0793c2eea78441f84,https://pmc.ncbi.nlm.nih.gov/articles/PMC9991448,2026-10-04T21:57:46.582929+00:00,nih.gov,True,downloaded,200.0,https://pmc.ncbi.nlm.nih.gov/articles/PMC9991448,21365.0,success,131,18,html,text/html; charset=utf-8,Checking your browser,,2026-09-11,google.com,https://www.google.com/recaptcha/challengepage,0.0,41d0793c2eea78441f84.txt,febad3f3fe620c1fa70fbdc5b5d462a0bb66ad2faf9e39bbd8dd6eaad086906d
41d49c45766265acd45b,https://bestcolleges.com/research/women-in-higher-education-facts-statistics,2026-10-04T21:57:46.798466+00:00,bestcolleges.com,True,downloaded,200.0,https://www.bestcolleges.com/research/women-in-higher-education-facts-statistics/,419877.0,success,7270,1138,html,text/html; charset=utf-8,Women in Higher Education: 5 Key Facts and Statistics | BestColleges,Lyss Welding,2023-02-22,bestcolleges.com,https://www.bestcolleges.com/research/women-in-higher-education-facts-statistics/,0.0,41d49c45766265acd45b.txt,9b5b83a1152182f2c3914ee91c8d4c6aa9923663b77833ce987a86686d3de7bd
41db311b3839e8a5e0e3,https://pmc.ncbi.nlm.nih.gov/articles/PMC11850157,2026-10-04T21:57:47.572031+00:00,nih.gov,True,downloaded,200.0,https://pmc.ncbi.nlm.nih.gov/articles/PMC11850157,21368.0,success,131,18,html,text/html; charset=utf-8,Checking your browser,,2026-09-11,google.com,https://www.google.com/recaptcha/challengepage,0.0,41db311b3839e8a5e0e3.txt,febad3f3fe620c1fa70fbdc5b5d462a0bb66ad2faf9e39bbd8dd6eaad086906d
41feb72aad4b1eff9ca8,https://imacorp.com/insights/compliance-the-power-of-hispanic-inclusion-in-the-workplace,2026-10-04T21:57:47.800150+00:00,imacorp.com,True,downloaded,200.0,https://imacorp.com/insights/compliance-the-power-of-hispanic-inclusion-in-the-workplace,198418.0,success,5563,870,html,text/html; charset=UTF-8,Hispanic Inclusion in Workplace | IMA,Gabriela Benitez,2026-07-09,IMA Financial Group,https://imacorp.com/insights/compliance-the-power-of-hispanic-inclusion-in-the-workplace,0.0,41feb72aad4b1eff9ca8.txt,693ab08132232099909752c86081fa4e0bfaa676dfbeac6e262dd2aee1a40d23
42157260c827e979dba5,https://vitalrecord.tamu.edu/how-race-and-racial-perceptions-shape-public-assistance-policy-opinions,2026-10-04T21:57:49.052482+00:00,tamu.edu,False,http_error,403.0,https://vitalrecord.tamu.edu/how-race-and-racial-perceptions-shape-public-assistance-policy-opinions,5515.0,not_extracted,0,0,,text/html; charset=UTF-8,,,,,,0.0,,
44241b91a124efa669fd,https://nisarlaw.com/blog/2026/february/benefits-equality,2026-10-04T21:57:49.327790+00:00,nisarlaw.com,True,downloaded,200.0,https://www.nisarlaw.com/blog/2026/february/benefits-equality/,169817.0,success,15772,2232,html,text/html; charset=utf-8,"Benefits Equality for LGBT Employees | Nisar Law Group, P.C.",Mahir S Nisar,2026-02-07,"Nisar Law Group, P.C.",https://www.nisarlaw.com/blog/2026/february/benefits-equality/,0.0,44241b91a124efa669fd.txt,a686c71259d980fa819183c1b65b85dd80ac2f9bf3d28a79127abf93fe61a967
4511eeb570fbe1d1742e,https://immigrantjustice.org/sites/default/files/INSECURE_COMMUNITIES_REPORT_FINAL.PDF,2026-10-04T21:57:51.570534+00:00,immigrantjustice.org,False,http_error,403.0,https://immigrantjustice.org/sites/default/files/INSECURE_COMMUNITIES_REPORT_FINAL.PDF,52.0,not_extracted,0,0,,text/html,,,,,,0.0,,
45166cfa1424190e6623,https://academicworks.cuny.edu/gc_etds/4644,2026-10-04T21:57:51.632678+00:00,cuny.edu,True,downloaded,200.0,https://academicworks.cuny.edu/gc_etds/4644/,42615.0,success,3863,496,html,text/html; charset=UTF-8,"LGBTQIA+ Individuals’ Encounters with Police: Contextual Factors, Help-Seeking, and Service Needs",Max Osborn,2022-02-01,CUNY Academic Works,https://academicworks.cuny.edu/gc_etds/4644,0.0,45166cfa1424190e6623.txt,1f00e213d6c42076d9cb790d7c6bcf0808ba1c31b23026ba73310f4dff53056d
45bfc3b39d5be768e2e9,https://azcentralcu.org/blog/latinos-build-credit,2026-10-04T21:57:52.822985+00:00,azcentralcu.org,True,downloaded,200.0,https://www.azcentralcu.org/blog/latinos-build-credit/,1495951.0,success,6888,1043,html,text/html; charset=UTF-8,Credit Building for Latinos: Establishing a Strong Financial Foundation,Ralph Zubiate,2025-04-08,Arizona Central Credit Union,https://www.azcentralcu.org/blog/latinos-build-credit/,0.0,45bfc3b39d5be768e2e9.txt,43053906581f54b81aa4340b26fe8427d9452f4b6002af03bf3c463844442f88
4618632a37304f1d8821,https://americanprogress.org/article/racial-disparities-home-appreciation,2026-10-04T21:57:53.382190+00:00,americanprogress.org,False,http_error,403.0,https://www.americanprogress.org/article/racial-disparities-home-appreciation,5760.0,not_extracted,0,0,,text/html; charset=UTF-8,,,,,,0.0,,
464822a6ede2214e36e6,https://bjs.ojp.gov/content/pub/pdf/cbpp18st.pdf,2026-10-04T21:57:54.126859+00:00,ojp.gov,True,downloaded,200.0,https://bjs.ojp.gov/content/pub/pdf/cbpp18st.pdf,599230.0,success,38760,5866,pdf,application/pdf,,,,,,0.0,464822a6ede2214e36e6.txt,9e539f461551b934c427465084d5e00ed6c735cf186a3868d42d65172970f301
46922fe3befb1ee98e0c,https://abilitycentral.org/article/why-hiring-people-with-disabilities-benefits-everyone,2026-10-04T21:57:55.504018+00:00,abilitycentral.org,True,downloaded,200.0,https://abilitycentral.org/article/why-hiring-people-with-disabilities-benefits-everyone,202148.0,success,8845,1267,html,text/html; charset=utf-8,Why Hiring People with Disabilities Benefits Everyone,,2026-03-12,Ability Central,https://abilitycentral.org/article/why-hiring-people-with-disabilities-benefits-everyone,0.0,46922fe3befb1ee98e0c.txt,2c39a1dd45d64a5eff42b867f42ef3ce83a60e653ef3be0bcf08685e63423a45
46e1c1f6a7b30333a1e3,https://pmc.ncbi.nlm.nih.gov/articles/PMC9856713,2026-10-04T21:57:55.811622+00:00,nih.gov,True,downloaded,200.0,https://pmc.ncbi.nlm.nih.gov/articles/PMC9856713/,231162.0,success,52007,7602,html,text/html; charset=utf-8,Association of Neighborhood Racial and Ethnic Composition and Historical Redlining With Built Environment Indicators Derived From Street View Images in the US,Yukun Yang; Ahyoung Cho; Quynh Nguyen; Elaine O Nsoesie,2023-01-18,JAMA Network Open,https://pmc.ncbi.nlm.nih.gov/articles/PMC9856713/,0.0,46e1c1f6a7b30333a1e3.txt,e7b5ec3c5803b996c527342617e70936a755ae5fefbee761c190677ee12a779f
473756dc743ad11bb919,https://housingstudies.org/blog/can-your-neighborhood-make-you-sick,2026-10-04T21:57:57.265687+00:00,housingstudies.org,True,downloaded,200.0,https://housingstudies.org/blog/can-your-neighborhood-make-you-sick/,22810.0,success,4260,649,html,text/html; charset=utf-8,Can your neighborhood make you sick?,,2016-06-15,Institute for Housing Studies - DePaul University,https://www.housingstudies.org/blog/can-your-neighborhood-make-you-sick/,0.0,473756dc743ad11bb919.txt,f1e32b7b208353867fc6902ec25c6c0778eaaca171485613f355f72196a76f91
480fa80ea41d6253391e,https://pewresearch.org/short-reads/2024/11/18/us-women-are-outpacing-men-in-college-completion-including-in-every-major-racial-and-ethnic-group,2026-10-04T21:57:57.718003+00:00,pewresearch.org,True,downloaded,200.0,https://www.pewresearch.org/short-reads/2024/11/18/us-women-are-outpacing-men-in-college-completion-including-in-every-major-racial-and-ethnic-group/,358550.0,success,3032,530,html,text/html; charset=UTF-8,"U.S. women are outpacing men in college completion, including in every major racial and ethnic group",Kiley Hurst,2024-11-18,Pew Research Center,https://www.pewresearch.org/short-reads/2024/11/18/us-women-are-outpacing-men-in-college-completion-including-in-every-major-racial-and-ethnic-group/,0.0,480fa80ea41d6253391e.txt,cfe5990072caa312149e9a34f9b65e7e53317d49d64d2da590ae46dc1df6654c
4854cb31c44670b216c6,https://pmc.ncbi.nlm.nih.gov/articles/PMC9888733,2026-10-04T21:57:57.932829+00:00,nih.gov,True,downloaded,200.0,https://pmc.ncbi.nlm.nih.gov/articles/PMC9888733/,175470.0,success,43836,6000,html,text/html; charset=utf-8,Barriers in Healthcare for Latinx Patients with Limited English Proficiency—a Narrative Review,Luis E Escobedo; Lilia Cervantes; Edward Havranek,2023-01-31,Journal of General Internal Medicine,https://pmc.ncbi.nlm.nih.gov/articles/PMC9888733/,0.0,4854cb31c44670b216c6.txt,7851aaa842889a278cdea658bf710a8c204e96d053d081857261b4ba5993f2f6
486bb650eb1c5415d4de,https://action.deloitte.com/insight/3546/creative-with-credit-how-banks-can-assist-people-with-disabilities,2026-10-04T21:57:59.580473+00:00,deloitte.com,True,downloaded,200.0,https://action.deloitte.com/insight/3546/creative-with-credit-how-banks-can-assist-people-with-disabilities,63825.0,success,16,1,html,text/html; charset=utf-8,Creative with credit: How banks can assist people with disabilities,,2023-09-26,action.deloitte.com,https://action.deloitte.com/insight/3546/creative-with-credit-how-banks-can-assist-people-with-disabilities,0.0,486bb650eb1c5415d4de.txt,2faa1118e62a3675ef2f7e3dd183d0fbc3cec2c21854ab02ced460491d18ab70
487e5afe91045586d67f,https://elevancehealth.com/our-approach-to-health/consumer-centered-health-system/what-is-person-centered-care,2026-10-04T21:57:59.725944+00:00,elevancehealth.com,True,downloaded,200.0,https://www.elevancehealth.com/our-approach-to-health/consumer-centered-health-system/what-is-person-centered-care,151748.0,success,5400,812,html,text/html;charset=utf-8,What Is Person-Centered Care? | Elevance Health,,2025-09-22,www.elevancehealth.com,https://www.elevancehealth.com/our-approach-to-health/consumer-centered-health-system/what-is-person-centered-care,0.0,487e5afe91045586d67f.txt,17a1ec67b4cf4b05fffcd6b33454d8d28b87466cc681822f64bb933472983756
48e8d93467fb8d2daebc,https://experian.com/blogs/news/2022/01/31/experian-supports-transgender-and-non-binary-consumers,2026-10-04T21:57:59.970090+00:00,experian.com,True,downloaded,200.0,https://www.experian.com/blogs/news/2022/01/31/experian-supports-transgender-and-non-binary-consumers,6183.0,success,507,82,html,text/html; charset=UTF-8,Pardon Our Interruption,,2022-01-31,experian.com,https://www.experian.com/blogs/news/2022/01/31/experian-supports-transgender-and-non-binary-consumers,0.0,48e8d93467fb8d2daebc.txt,d53451935b3f8588ab6d5fe4cf7bd6504bc602dae78524798cab44f195ac8651
493f312bc267124871af,https://epi.org/publication/latino-black-borrowers-high-rate-subprime-mortgages,2026-10-04T21:58:01.511111+00:00,epi.org,False,http_error,403.0,https://epi.org/publication/latino-black-borrowers-high-rate-subprime-mortgages,5863.0,not_extracted,0,0,,text/html; charset=UTF-8,,,,,,0.0,,
49ffd845dcfef85f5f3a,https://myfico.com/credit-education/whats-in-your-credit-score,2026-10-04T21:58:01.568131+00:00,myfico.com,True,downloaded,200.0,https://www.myfico.com/credit-education/whats-in-your-credit-score,214808.0,success,3599,600,html,text/html;charset=UTF-8,How are FICO Scores Calculated? | myFICO,,2018-10-19,Myfico,https://www.myfico.com/credit-education/whats-in-your-credit-score,0.0,49ffd845dcfef85f5f3a.txt,7b8a750563c83560fe14133cf4caa840994e95b6b2159c8cd5664915e8cba03a
4aeac2090a86d1e0c875,https://rsfjournal.org/content/11/1/154,2026-10-04T21:58:01.577653+00:00,rsfjournal.org,False,curl_error,0.0,https://rsfjournal.org/content/11/1/154,,not_extracted,0,0,,,,,,,,6.0,,
4b096ead98ec8c96533e,https://pmc.ncbi.nlm.nih.gov/articles/PMC11581598,2026-10-04T21:58:03.391297+00:00,nih.gov,True,downloaded,200.0,https://pmc.ncbi.nlm.nih.gov/articles/PMC11581598,21367.0,success,131,18,html,text/html; charset=utf-8,Checking your browser,,2026-09-11,google.com,https://www.google.com/recaptcha/challengepage,0.0,4b096ead98ec8c96533e.txt,febad3f3fe620c1fa70fbdc5b5d462a0bb66ad2faf9e39bbd8dd6eaad086906d
4c246808520162ede2ac,https://healthaffairs.org/doi/10.1377/hlthaff.2023.01042,2026-10-04T21:58:03.687340+00:00,healthaffairs.org,False,http_error,403.0,https://healthaffairs.org/doi/10.1377/hlthaff.2023.01042,5719.0,not_extracted,0,0,,text/html; charset=UTF-8,,,,,,0.0,,
4c2d8142ac2244820f49,https://pmc.ncbi.nlm.nih.gov/articles/PMC6511003,2026-10-04T21:58:04.322885+00:00,nih.gov,True,downloaded,200.0,https://pmc.ncbi.nlm.nih.gov/articles/PMC6511003,21366.0,success,131,18,html,text/html; charset=utf-8,Checking your browser,,2026-09-11,google.com,https://www.google.com/recaptcha/challengepage,0.0,4c2d8142ac2244820f49.txt,febad3f3fe620c1fa70fbdc5b5d462a0bb66ad2faf9e39bbd8dd6eaad086906d
4c5f490c59224319a9fb,https://academic.oup.com/jpart/article/33/1/139/6517284,2026-10-04T21:58:05.013662+00:00,oup.com,False,http_error,403.0,https://academic.oup.com/jpart/article/33/1/139/6517284,5624.0,not_extracted,0,0,,text/html; charset=UTF-8,,,,,,0.0,,
4c9ff820b11acbd5a6f0,https://ncrc.org/the-many-effects-of-housing-discrimination-on-african-americans,2026-10-04T21:58:06.065102+00:00,ncrc.org,True,downloaded,200.0,https://ncrc.org/the-many-effects-of-housing-discrimination-on-african-americans/,366815.0,success,4548,704,html,text/html; charset=UTF-8,The Many Effects of Housing Discrimination on African Americans,Anneliese Lederer; Tracy McCracken,2021-04-28,ncrc.org,https://ncrc.org/the-many-effects-of-housing-discrimination-on-african-americans/,0.0,4c9ff820b11acbd5a6f0.txt,720efa9752d4816cbc9a49b27bec9dce2e1796a3b2efc0b3333d9ebc1c0400f6
4cb66278eb838b17b425,https://sentencingproject.org/reports/one-in-five-disparities-in-crime-and-policing,2026-10-04T21:58:06.515369+00:00,sentencingproject.org,True,downloaded,200.0,https://www.sentencingproject.org/reports/one-in-five-disparities-in-crime-and-policing/,292838.0,success,78449,11865,html,text/html; charset=UTF-8,One in Five: Disparities in Crime and Policing – The Sentencing Project,Nazgol Ghandnoosh; Ph D,2023-11-02,The Sentencing Project,https://www.sentencingproject.org/reports/one-in-five-disparities-in-crime-and-policing/,0.0,4cb66278eb838b17b425.txt,c41471570382ab83fcfc8266ffdf1750cc8590e88da0583f39e03a5f3adcf5b2
4d83315ac637f639d548,https://ovid.com/jnls/ajnonline/fulltext/10.1097/ajn.0000000000000135~best-practices-for-person-centered-nursing-care-of-lgbtq,2026-10-04T21:58:07.005579+00:00,ovid.com,True,downloaded,200.0,https://www.ovid.com/jnls/ajnonline/fulltext/10.1097/ajn.0000000000000135~best-practices-for-person-centered-nursing-care-of-lgbtq,560231.0,success,53936,7578,html,text/html; charset=utf-8,"Best Practices for Person-Centered Nursing Care... : AJN, American Journal of Nursing",Authors; Affiliations,2011-02-09,Ovid,https://www.ovid.com/jnls/ajnonline/fulltext/10.1097/ajn.0000000000000135~best-practices-for-person-centered-nursing-care-of-lgbtq,0.0,4d83315ac637f639d548.txt,1cd046cca156912d326dcd6180a4d99e78b794c1f445e13df440e9f41635dcec
4dc60f715c42131ba625,https://pmc.ncbi.nlm.nih.gov/articles/PMC3694587,2026-10-04T21:58:07.598654+00:00,nih.gov,True,downloaded,200.0,https://pmc.ncbi.nlm.nih.gov/articles/PMC3694587,21366.0,success,131,18,html,text/html; charset=utf-8,Checking your browser,,2026-09-11,google.com,https://www.google.com/recaptcha/challengepage,0.0,4dc60f715c42131ba625.txt,febad3f3fe620c1fa70fbdc5b5d462a0bb66ad2faf9e39bbd8dd6eaad086906d
4df329f74afd9c2744cc,https://sciencedirect.com/science/article/abs/pii/S0272775719302791,2026-10-04T21:58:07.852817+00:00,sciencedirect.com,False,http_error,403.0,https://www.sciencedirect.com/science/article/abs/pii/S0272775719302791,1207905.0,not_extracted,0,0,,text/html; charset=UTF-8,,,,,,0.0,,
4ec1c18207d9ad2034f5,https://nccfcu.org/commoncents-financial-guide/financial-tips/factors-affect-credit-score,2026-10-04T21:58:08.117478+00:00,nccfcu.org,True,downloaded,200.0,https://www.nccfcu.org/commoncents-financial-guide/financial-tips/factors-affect-credit-score/,182775.0,success,3074,533,html,text/html; charset=UTF-8,What factors affect your credit score?,,2026-01-01,nccfcu.org,https://www.nccfcu.org/commoncents-financial-guide/financial-tips/factors-affect-credit-score/,0.0,4ec1c18207d9ad2034f5.txt,110eb81a96530de18ce9544321a650811229bf0916add75e48bcae436331b5a1
4fea2cbee6c1ea12b062,https://americanprogress.org/article/fact-sheet-lgbt-workers-in-the-labor-market,2026-10-04T21:58:11.128259+00:00,americanprogress.org,False,http_error,403.0,https://www.americanprogress.org/article/fact-sheet-lgbt-workers-in-the-labor-market,5803.0,not_extracted,0,0,,text/html; charset=UTF-8,,,,,,0.0,,
50713f949efebcc03b7e,https://pmc.ncbi.nlm.nih.gov/articles/PMC11663035,2026-10-04T21:58:11.812938+00:00,nih.gov,True,downloaded,200.0,https://pmc.ncbi.nlm.nih.gov/articles/PMC11663035,21368.0,success,131,18,html,text/html; charset=utf-8,Checking your browser,,2026-09-11,google.com,https://www.google.com/recaptcha/challengepage,0.0,50713f949efebcc03b7e.txt,febad3f3fe620c1fa70fbdc5b5d462a0bb66ad2faf9e39bbd8dd6eaad086906d
5091ca16b09c59dd4bce,https://kff.org/racial-equity-and-health-policy/how-present-day-health-disparities-for-black-people-are-linked-to-past-policies-and-events,2026-10-04T21:58:13.362493+00:00,kff.org,True,downloaded,200.0,https://www.kff.org/racial-equity-and-health-policy/how-present-day-health-disparities-for-black-people-are-linked-to-past-policies-and-events/,139773.0,success,10313,1590,html,text/html; charset=UTF-8,How Present-Day Health Disparities for Black People Are Linked to Past Policies and Events | KFF,Samantha Artiga; Latoya Hill; Marley Presiado,2024-02-22,"KFF - The independent source for health policy research, polling, and news",https://www.kff.org/racial-equity-and-health-policy/how-present-day-health-disparities-for-black-people-are-linked-to-past-policies-and-events/,0.0,5091ca16b09c59dd4bce.txt,29c034cfe7b53e53e49c95141800594d34c4bc146b7ddb9d73133904fa07366d
528b4733d1fa2400468c,https://pewresearch.org/short-reads/2023/10/30/5-facts-about-hispanic-americans-and-health-care,2026-10-04T21:58:14.626767+00:00,pewresearch.org,True,downloaded,200.0,https://www.pewresearch.org/short-reads/2023/10/30/5-facts-about-hispanic-americans-and-health-care/,371071.0,success,8368,1357,html,text/html; charset=UTF-8,5 facts about Hispanic Americans and health care,Alec Tyson; Mark Hugo Lopez,2023-10-30,Pew Research Center,https://www.pewresearch.org/short-reads/2023/10/30/5-facts-about-hispanic-americans-and-health-care/,0.0,528b4733d1fa2400468c.txt,8275fbe91574e19a86e4a49b54634b39b8b08036c36cebbd54bda95317c67bb9
52d557ff6e2c7c507d07,https://pmc.ncbi.nlm.nih.gov/articles/PMC8726680,2026-10-04T21:58:15.031841+00:00,nih.gov,True,downloaded,200.0,https://pmc.ncbi.nlm.nih.gov/articles/PMC8726680/,200136.0,success,57871,8608,html,text/html; charset=utf-8,Housing insecurity and intersecting social determinants of health among transgender people in the USA: A targeted ethnography,Jennifer L Glick; Alex Lopez; Miranda Pollock; Katherine P Theall,2020-07-02,International Journal of Transgender Health,https://pmc.ncbi.nlm.nih.gov/articles/PMC8726680/,0.0,52d557ff6e2c7c507d07.txt,cafd4083e0043e09d11bac288b9c27497df8964ff8219cc52375c5bb7f966d00
530fae2fd0a667784df4,https://pmc.ncbi.nlm.nih.gov/articles/PMC10661442,2026-10-04T21:58:15.537714+00:00,nih.gov,True,downloaded,200.0,https://pmc.ncbi.nlm.nih.gov/articles/PMC10661442,21366.0,success,131,18,html,text/html; charset=utf-8,Checking your browser,,2026-09-11,google.com,https://www.google.com/recaptcha/challengepage,0.0,530fae2fd0a667784df4.txt,febad3f3fe620c1fa70fbdc5b5d462a0bb66ad2faf9e39bbd8dd6eaad086906d
53a6b01d33121efde2be,https://policechiefmagazine.org/the-power-of-lived-experience,2026-10-04T21:58:15.779152+00:00,policechiefmagazine.org,True,downloaded,200.0,https://policechiefmagazine.org/the-power-of-lived-experience,846.0,success,82,6,html,text/html,,,,policechiefmagazine.org,https://policechiefmagazine.org/the-power-of-lived-experience,0.0,53a6b01d33121efde2be.txt,c07828cfb372cb9d3134ee4a65ba9d8f0a3c488a1893ebb585e5a77eb99f7518
53bd55aa7ffd1e320a01,https://experian.com/blogs/ask-experian/credit-education/score-basics/understanding-credit-scores,2026-10-04T21:58:17.222909+00:00,experian.com,True,downloaded,200.0,https://www.experian.com/blogs/ask-experian/credit-education/score-basics/understanding-credit-scores,248926.0,success,17960,2980,html,text/html,Credit Score Basics: What Impacts Your Score and Why It Matters,Louis DeNicola,2026-09-22,Experian,https://www.experian.com/blogs/ask-experian/credit-education/score-basics/understanding-credit-scores/,0.0,53bd55aa7ffd1e320a01.txt,ad1e13b779b73b9b73b927fa6aecfc1988b43ed5dff0ebd2bd2a86e1bde944f2
542d798f851c1f4d9381,https://williamsinstitute.law.ucla.edu/publications/transgender-higher-ed,2026-10-04T21:58:17.871936+00:00,ucla.edu,True,downloaded,200.0,https://williamsinstitute.law.ucla.edu/publications/transgender-higher-ed/,122149.0,success,4781,725,html,text/html; charset=UTF-8,Educational Experiences of Transgender People,Loyal; Thisisloyal Com,2023-02-16,The Williams Institute at UCLA School of Law,https://williamsinstitute.law.ucla.edu/publications/transgender-higher-ed/,0.0,542d798f851c1f4d9381.txt,f9903f7fa93da4decfa3c63b82f95f03215cc705d896acab79ff57a5acb2dbfe
544773b9c8ef924ec166,https://publichealth.jhu.edu/2024/study-reveals-significant-barriers-for-tgnc-adults-accessing-healthcare-in-the-us,2026-10-04T21:58:18.621891+00:00,jhu.edu,False,http_error,403.0,https://publichealth.jhu.edu/2024/study-reveals-significant-barriers-for-tgnc-adults-accessing-healthcare-in-the-us,5515.0,not_extracted,0,0,,text/html; charset=UTF-8,,,,,,0.0,,
549dd9724f1860e0b3fb,https://pmc.ncbi.nlm.nih.gov/articles/PMC8606364,2026-10-04T21:58:19.764337+00:00,nih.gov,True,downloaded,200.0,https://pmc.ncbi.nlm.nih.gov/articles/PMC8606364,21365.0,success,131,18,html,text/html; charset=utf-8,Checking your browser,,2026-09-11,google.com,https://www.google.com/recaptcha/challengepage,0.0,549dd9724f1860e0b3fb.txt,febad3f3fe620c1fa70fbdc5b5d462a0bb66ad2faf9e39bbd8dd6eaad086906d
54a72814d92af3ee2000,https://bethetransformationalchange.org/post/do-i-have-to-disclose-that-i-m-transgender-at-work,2026-10-04T21:58:19.840910+00:00,bethetransformationalchange.org,True,downloaded,200.0,https://www.bethetransformationalchange.org/post/do-i-have-to-disclose-that-i-m-transgender-at-work,988418.0,success,8463,1438,html,text/html; charset=UTF-8,Do I Have to Disclose That I'm Transgender at Work?,Morgan Messick,2026-08-10,BTTC,https://www.bethetransformationalchange.org/post/do-i-have-to-disclose-that-i-m-transgender-at-work,0.0,54a72814d92af3ee2000.txt,c389306e78cbb7732721acb6bf8e322be22942e018c2ea6514f7b7a3102bedf1
54d0e35f562f1e0fd503,https://cdc.gov/std/treatment-guidelines/trans.htm,2026-10-04T21:58:19.843540+00:00,cdc.gov,False,http_error,403.0,https://cdc.gov/std/treatment-guidelines/trans.htm,407.0,not_extracted,0,0,,text/html,,,,,,0.0,,
54d1a49b59bd181e5258,https://acus.gov/document/identifying-and-reducing-burdens-public-administrative-processes,2026-10-04T21:58:20.045767+00:00,acus.gov,False,http_error,403.0,https://acus.gov/document/identifying-and-reducing-burdens-public-administrative-processes,118.0,not_extracted,0,0,,text/html,,,,,,0.0,,
54e4a9260563da617471,https://pmc.ncbi.nlm.nih.gov/articles/PMC11155005,2026-10-04T21:58:21.734956+00:00,nih.gov,True,downloaded,200.0,https://pmc.ncbi.nlm.nih.gov/articles/PMC11155005,21366.0,success,131,18,html,text/html; charset=utf-8,Checking your browser,,2026-09-11,google.com,https://www.google.com/recaptcha/challengepage,0.0,54e4a9260563da617471.txt,febad3f3fe620c1fa70fbdc5b5d462a0bb66ad2faf9e39bbd8dd6eaad086906d
558b43650331b41f126e,https://federalreserve.gov/econres/notes/feds-notes/gender-related-differences-in-credit-use-and-credit-scores-20180622.html,2026-10-04T21:58:22.001277+00:00,federalreserve.gov,True,downloaded,200.0,https://www.federalreserve.gov/econres/notes/feds-notes/gender-related-differences-in-credit-use-and-credit-scores-20180622.html,124746.0,success,21781,3498,html,text/html,Gender-Related Differences in Credit Use and Credit Scores,Geng Li,2018-06-22,federalreserve.gov,https://www.federalreserve.gov/econres/notes/feds-notes/gender-related-differences-in-credit-use-and-credit-scores-20180622.html,0.0,558b43650331b41f126e.txt,a5e43c96d717d856a91ff13e08c9bedbad9751cd27f3d684f9c527ad91001eb8
55dbd61a2f313a3366c8,https://pmc.ncbi.nlm.nih.gov/articles/PMC6777953,2026-10-04T21:58:22.991418+00:00,nih.gov,True,downloaded,200.0,https://pmc.ncbi.nlm.nih.gov/articles/PMC6777953,21364.0,success,131,18,html,text/html; charset=utf-8,Checking your browser,,2026-09-11,google.com,https://www.google.com/recaptcha/challengepage,0.0,55dbd61a2f313a3366c8.txt,febad3f3fe620c1fa70fbdc5b5d462a0bb66ad2faf9e39bbd8dd6eaad086906d
55e93e6e3d4878a35eac,https://tchabitat.org/blog/choosing-a-neighborhood,2026-10-04T21:58:23.278014+00:00,tchabitat.org,True,downloaded,200.0,https://www.tchabitat.org/blog/choosing-a-neighborhood,151599.0,success,16026,2492,html,text/html; charset=UTF-8,Where Should I Live? 6 Factors to Consider When Choosing a Neighborhood,Twin Cities Habitat,2025-11-06,Tchabitat,https://www.tchabitat.org/blog/choosing-a-neighborhood,0.0,55e93e6e3d4878a35eac.txt,6aad09a9226d917fd8bcf02a5acba0cc4abcb33d7d2264217dc8d45d487913fa
56ccaa5227758a554b47,https://urban.org/research/publication/why-housing-matters-upward-mobility-evidence-and-indicators-practitioners-and-policymakers,2026-10-04T21:58:23.385473+00:00,urban.org,False,http_error,403.0,https://www.urban.org/research/publication/why-housing-matters-upward-mobility-evidence-and-indicators-practitioners-and-policymakers,6078.0,not_extracted,0,0,,text/html; charset=UTF-8,,,,,,0.0,,
57588d7962c53978e627,https://pmc.ncbi.nlm.nih.gov/articles/PMC6465833,2026-10-04T21:58:24.987890+00:00,nih.gov,True,downloaded,200.0,https://pmc.ncbi.nlm.nih.gov/articles/PMC6465833,21363.0,success,131,18,html,text/html; charset=utf-8,Checking your browser,,2026-09-11,google.com,https://www.google.com/recaptcha/challengepage,0.0,57588d7962c53978e627.txt,febad3f3fe620c1fa70fbdc5b5d462a0bb66ad2faf9e39bbd8dd6eaad086906d
580e332543184043f448,https://aclu.org/news/lgbtq-rights/how-housing-segregation-shaped-americas-gayborhoods,2026-10-04T21:58:25.222050+00:00,aclu.org,True,downloaded,200.0,https://www.aclu.org/news/lgbtq-rights/how-housing-segregation-shaped-americas-gayborhoods,60112.0,success,4825,766,html,text/html; charset=UTF-8,How Housing Segregation Shaped America's 'Gayborhoods' | ACLU,Gillian Branstetter,2023-06-06,American Civil Liberties Union,https://www.aclu.org/news/lgbtq-rights/how-housing-segregation-shaped-americas-gayborhoods,0.0,580e332543184043f448.txt,331c3c7e5455a9b6b5fc6855bae383f6d3707bce6297e8c3909040ca8af24b09
58425b2cdafc73f78093,https://experian.com/blogs/ask-experian/credit-education/score-basics/what-affects-your-credit-scores,2026-10-04T21:58:25.746338+00:00,experian.com,True,downloaded,200.0,https://www.experian.com/blogs/ask-experian/credit-education/score-basics/what-affects-your-credit-scores,283779.0,success,9364,1586,html,text/html,What Affects Your Credit Scores?,Jim Akin,2026-09-22,Experian,https://www.experian.com/blogs/ask-experian/credit-education/score-basics/what-affects-your-credit-scores/,0.0,58425b2cdafc73f78093.txt,5d53323cbbc82155073243ae695184274cd7a721144c090b32df2a48f8ae90a5
5858325da9645a255771,https://finhealthnetwork.org/research/the-financial-health-of-people-with-disabilities,2026-10-04T21:58:26.046889+00:00,finhealthnetwork.org,False,http_error,403.0,https://finhealthnetwork.org/research/the-financial-health-of-people-with-disabilities,1635.0,not_extracted,0,0,,text/html; charset=utf-8,,,,,,0.0,,
5870122f62261c82068a,https://academic.oup.com/jpart/article/35/1/45/7832828,2026-10-04T21:58:27.208084+00:00,oup.com,False,http_error,403.0,https://academic.oup.com/jpart/article/35/1/45/7832828,5621.0,not_extracted,0,0,,text/html; charset=UTF-8,,,,,,0.0,,
58a05dd4203fd5f9da10,https://academic.oup.com/policing/article-abstract/doi/10.1093/police/paac064/6696869,2026-10-04T21:58:27.301399+00:00,oup.com,False,http_error,403.0,https://academic.oup.com/policing/article-abstract/doi/10.1093/police/paac064/6696869,5757.0,not_extracted,0,0,,text/html; charset=UTF-8,,,,,,0.0,,
58c2273d36096f902eb2,https://digitalgovernmenthub.org/wp-content/uploads/2025/12/Racial-and-Ethnic-Differences-in-Experiencing-Administrative-Burd.pdf,2026-10-04T21:58:27.801767+00:00,digitalgovernmenthub.org,True,downloaded,200.0,https://digitalgovernmenthub.org/wp-content/uploads/2025/12/Racial-and-Ethnic-Differences-in-Experiencing-Administrative-Burd.pdf,695196.0,success,30529,4233,pdf,application/pdf,,,,,,0.0,58c2273d36096f902eb2.txt,089b0cb32c31f8844f40678c0d73494a56c5434e644cb3d6086a4395ecff5d84
591a22cce25ae42996f6,https://counciloncj.org/supporting-women-in-crisis,2026-10-04T21:58:28.357003+00:00,counciloncj.org,True,downloaded,200.0,https://counciloncj.org/supporting-women-in-crisis/,328359.0,success,58341,7800,html,text/html; charset=UTF-8,Supporting Women in Crisis - Council on Criminal Justice,Rachel Yen,2025-10-06,Council on Criminal Justice,https://counciloncj.org/supporting-women-in-crisis/,0.0,591a22cce25ae42996f6.txt,2467a13748a10cf9a8342f2ae9f6497de90bb83bd7bfce234ab307d4b237859c
59e37205f702a3642800,https://riosassociates.com/latino-core-cultural-values-and-their-benefits-in-offering-improved-medical-care,2026-10-04T21:58:29.033245+00:00,riosassociates.com,True,downloaded,200.0,https://riosassociates.com/latino-core-cultural-values-and-their-benefits-in-offering-improved-medical-care/,490496.0,success,4578,641,html,text/html; charset=UTF-8,Latino core cultural values and their benefits in offering improved medical care. - Rios Associates,Neftali Muñiz,2023-12-19,Rios Associates,https://riosassociates.com/latino-core-cultural-values-and-their-benefits-in-offering-improved-medical-care/,0.0,59e37205f702a3642800.txt,cac526b9be6e6b318db43198c94cb517a7f2c98eb3aff074526cc0ffd92aa763
5a3ddcd09440a2093067,https://researchspace.auckland.ac.nz/bitstreams/3a04acdb-1881-487f-bd05-f9e846269140/download,2026-10-04T21:58:29.466424+00:00,auckland.ac.nz,True,downloaded,200.0,https://researchspace.auckland.ac.nz/server/api/core/bitstreams/3a04acdb-1881-487f-bd05-f9e846269140/content,299847.0,success,75434,10605,pdf,application/pdf;charset=UTF-8,,,,,,0.0,5a3ddcd09440a2093067.txt,505b46a10172bbc3ccc50b5c5781880a7d9a765a22dc393634e1a7d52f5903b1
5af4027c9f3c9d782a3a,https://pmc.ncbi.nlm.nih.gov/articles/PMC13048868,2026-10-04T21:58:31.199012+00:00,nih.gov,True,downloaded,200.0,https://pmc.ncbi.nlm.nih.gov/articles/PMC13048868,21368.0,success,131,18,html,text/html; charset=utf-8,Checking your browser,,2026-09-11,google.com,https://www.google.com/recaptcha/challengepage,0.0,5af4027c9f3c9d782a3a.txt,febad3f3fe620c1fa70fbdc5b5d462a0bb66ad2faf9e39bbd8dd6eaad086906d
5b45c92cac85a498ecb3,https://finance.yahoo.com/real-estate/articles/gayrealestate-com-releases-study-key-140000584.html,2026-10-04T21:58:31.507082+00:00,yahoo.com,True,downloaded,200.0,https://finance.yahoo.com/real-estate/articles/gayrealestate-com-releases-study-key-140000584.html,1082307.0,success,2723,374,html,text/html; charset=utf-8,GayRealEstate.com Releases Study on Key Factors Influencing LGBTQ+ Homebuyers' Relocation Decisions,GayRealEstate,2026-08-10,Yahoo! Finance,https://finance.yahoo.com/real-estate/articles/gayrealestate-com-releases-study-key-140000584.html,0.0,5b45c92cac85a498ecb3.txt,042885584a2c7f2ce4104b094f4f22b4b52c7507b490248d5c1eddb9e29453dd
5b49ad5ced0703c479ed,https://rand.org/content/dam/rand/pubs/research_reports/RRA100/RRA108-26/RAND_RRA108-26.pdf,2026-10-04T21:58:32.389869+00:00,rand.org,False,http_error,403.0,https://www.rand.org:443/content/dam/rand/pubs/research_reports/RRA100/RRA108-26/RAND_RRA108-26.pdf,919.0,not_extracted,0,0,,text/html,,,,,,0.0,,
5b4d778f30d8ffd18f3f,https://pmc.ncbi.nlm.nih.gov/articles/PMC12243450,2026-10-04T21:58:32.672795+00:00,nih.gov,True,downloaded,200.0,https://pmc.ncbi.nlm.nih.gov/articles/PMC12243450,21367.0,success,131,18,html,text/html; charset=utf-8,Checking your browser,,2026-09-11,google.com,https://www.google.com/recaptcha/challengepage,0.0,5b4d778f30d8ffd18f3f.txt,febad3f3fe620c1fa70fbdc5b5d462a0bb66ad2faf9e39bbd8dd6eaad086906d
5b643ebd7b18e4c245f7,https://muse.jhu.edu/pub/30/article/488572/pdf,2026-10-04T21:58:32.937465+00:00,jhu.edu,False,robots_disallowed,,https://muse.jhu.edu/pub/30/article/488572/pdf,,not_extracted,0,0,,,,,,,,,,
5bc92f98ad1c1b6b176a,https://scu.edu/ethics/focus-areas/bioethics/resources/culturally-competent-care/culturally-competent-care-for-latino-patients,2026-10-04T21:58:33.710710+00:00,scu.edu,True,downloaded,200.0,https://www.scu.edu/ethics/focus-areas/bioethics/resources/culturally-competent-care/culturally-competent-care-for-latino-patients/,66023.0,success,18366,2729,html,text/html; charset=utf-8,Culturally Competent Care for Latino Patients,Santa Clara University,2008-07-01,scu.edu,https://www.scu.edu/ethics/focus-areas/bioethics/resources/culturally-competent-care/culturally-competent-care-for-latino-patients/,0.0,5bc92f98ad1c1b6b176a.txt,d701f5a4058aec640471d487d980b18403bbd7c6796388bff8369fa13c794033
5ca0e4340ac223c81c81,https://journals.sagepub.com/doi/full/10.1177/00111287221134914,2026-10-04T21:58:34.465060+00:00,sagepub.com,False,http_error,403.0,https://journals.sagepub.com/doi/full/10.1177/00111287221134914,5777.0,not_extracted,0,0,,text/html; charset=UTF-8,,,,,,0.0,,
5cab8ec7438d4264c66d,https://ncbi.nlm.nih.gov/books/NBK24693,2026-10-04T21:58:34.543464+00:00,nih.gov,True,downloaded,200.0,https://ncbi.nlm.nih.gov/books/NBK24693,21326.0,success,127,18,html,text/html; charset=utf-8,Checking your browser,,2026-09-11,google.com,https://www.google.com/recaptcha/challengepage,0.0,5cab8ec7438d4264c66d.txt,2004c43b05cd1cb55843a277dc68e89e0c410a3359f214112ee17179552ad659
5cc90408ac1d8c9c6b17,https://pmc.ncbi.nlm.nih.gov/articles/PMC10633931,2026-10-04T21:58:34.624226+00:00,nih.gov,True,downloaded,200.0,https://pmc.ncbi.nlm.nih.gov/articles/PMC10633931,21368.0,success,131,18,html,text/html; charset=utf-8,Checking your browser,,2026-09-11,google.com,https://www.google.com/recaptcha/challengepage,0.0,5cc90408ac1d8c9c6b17.txt,febad3f3fe620c1fa70fbdc5b5d462a0bb66ad2faf9e39bbd8dd6eaad086906d
5cf25f9c4cc358ea731b,https://pmc.ncbi.nlm.nih.gov/articles/PMC3868476,2026-10-04T21:58:35.823596+00:00,nih.gov,True,downloaded,200.0,https://pmc.ncbi.nlm.nih.gov/articles/PMC3868476/,242466.0,success,76412,11688,html,text/html; charset=utf-8,Racial Disparity in Police Contacts,Robert D Crutchfield; Martie L Skinner; Kevin P Haggerty; Anne McGlynn; Richard F Catalano,2012-07-01,Race and justice,https://pmc.ncbi.nlm.nih.gov/articles/PMC3868476/,0.0,5cf25f9c4cc358ea731b.txt,c23ad15a867b7a90ba4f086301b4ff74f37e673760ae08758724bd5f01c715c1
5d1810b5cc6e51914a88,https://theccd.org/article/the-impact-of-neighborhood-quality-on-peoples-mental-health,2026-10-04T21:58:36.403139+00:00,theccd.org,True,downloaded,200.0,https://theccd.org/article/the-impact-of-neighborhood-quality-on-peoples-mental-health/,220587.0,success,33725,4568,html,text/html; charset=UTF-8,The Impact of Neighborhood Quality on People’s Mental Health | The Centre for Conscious Design,,2026-02-02,The Centre for Conscious Design,https://theccd.org/article/the-impact-of-neighborhood-quality-on-peoples-mental-health/,0.0,5d1810b5cc6e51914a88.txt,60e1fc22b007144521c24c13a162e81318bc597ec06f1e5b8076b0122ea158d6
5d7f614a77d2fe5c1529,https://publichealth.jhu.edu/2025/new-insights-into-connection-between-housing-quality-and-population-health,2026-10-04T21:58:36.760299+00:00,jhu.edu,False,http_error,403.0,https://publichealth.jhu.edu/2025/new-insights-into-connection-between-housing-quality-and-population-health,5515.0,not_extracted,0,0,,text/html; charset=UTF-8,,,,,,0.0,,
5ed31e7ff5a7c16a3487,https://digital.lib.washington.edu/researchworks/items/25637a3d-a818-41e3-bfd2-360bd75099db,2026-10-04T21:58:36.847165+00:00,washington.edu,True,downloaded,200.0,https://digital.lib.washington.edu/researchworks/items/25637a3d-a818-41e3-bfd2-360bd75099db,447978.0,success,1721,244,html,text/html; charset=utf-8,"The Cost of Being Trans: Administrative Burden, Citizen-State Interaction, and Transgender People in the US",Sederbaum; Isaac,2025-05-12,digital.lib.washington.edu,https://digital.lib.washington.edu/researchworks/items/25637a3d-a818-41e3-bfd2-360bd75099db,0.0,5ed31e7ff5a7c16a3487.txt,d4245a2f631429e639f885d9cc233dbea33f633ea81fb2e166a17eb9e8576976
5ef9b7e6bd4561dcf325,https://kinder.rice.edu/urbanedge/households-people-disabilities-experience-more-residential-disadvantage,2026-10-04T21:58:36.938785+00:00,rice.edu,True,downloaded,200.0,https://kinder.rice.edu/urbanedge/households-people-disabilities-experience-more-residential-disadvantage,72247.0,success,8174,1198,html,text/html; charset=UTF-8,Households with People with Disabilities Experience More Residential Disadvantage | Kinder Institute for Urban Research,WENDIE N CHOUDARY,2018-11-19,Kinder Institute for Urban Research | Rice University,https://kinder.rice.edu/urbanedge/households-people-disabilities-experience-more-residential-disadvantage,0.0,5ef9b7e6bd4561dcf325.txt,482757e3a38c3c93bb37e3f632a5ea699c2fad7b835ec2135e6b8e8a1c06bfde
5f250bd6cecd12f45831,https://americanprogress.org/article/how-to-address-the-administrative-burdens-of-accessing-the-safety-net,2026-10-04T21:58:37.691237+00:00,americanprogress.org,False,http_error,403.0,https://www.americanprogress.org/article/how-to-address-the-administrative-burdens-of-accessing-the-safety-net,5902.0,not_extracted,0,0,,text/html; charset=UTF-8,,,,,,0.0,,
5f3fa12e1232285b75e8,https://cdc.gov/disability-and-health/about/disability-and-health-information-for-healthcare-providers.html,2026-10-04T21:58:37.877018+00:00,cdc.gov,False,http_error,403.0,https://cdc.gov/disability-and-health/about/disability-and-health-information-for-healthcare-providers.html,492.0,not_extracted,0,0,,text/html,,,,,,0.0,,
5f7c325f835e5283e789,https://covey.org/housing-for-people-with-disabilities,2026-10-04T21:58:39.330918+00:00,covey.org,True,downloaded,200.0,https://covey.org/housing-for-people-with-disabilities/,65480.0,success,5262,781,html,text/html; charset=UTF-8,The Challenges of Housing for People with Disabilities,Anthony Gonzalez,2021-10-01,Covey,http://covey2.pltworkbench.com/housing-for-people-with-disabilities/,0.0,5f7c325f835e5283e789.txt,eddc2a79fadf78f19c2550dee91ab7af52484523c923482717bcacc8d2d73747
5ffc4f200aa40b7f92fd,https://pmc.ncbi.nlm.nih.gov/articles/PMC4838486,2026-10-04T21:58:39.378667+00:00,nih.gov,True,downloaded,200.0,https://pmc.ncbi.nlm.nih.gov/articles/PMC4838486/,193632.0,success,36902,5375,html,text/html; charset=utf-8,An Examination of Factors Associated with Healthcare Discrimination in Latina Immigrants: The Role of Healthcare Relationships and Language,Vanessa B Sheppard; Karen Patricia Williams; Judy Wang; Vickie Shavers; Jeanne S Mandelblatt,2003-09-01,Journal of the National Medical Association,https://pmc.ncbi.nlm.nih.gov/articles/PMC4838486/,0.0,5ffc4f200aa40b7f92fd.txt,d3d83da1c7af43d2ad3af6d603e136c2f5ba4d07867c1439e80c509adfb5d908
6083927998df7e4bd30b,https://cew.georgetown.edu/wp-content/uploads/Latinos-FR.pdf,2026-10-04T21:58:39.644925+00:00,georgetown.edu,True,downloaded,200.0,https://cew.georgetown.edu/wp-content/uploads/Latinos-FR.pdf,1674011.0,success,116253,17444,pdf,application/pdf,,,,,,0.0,6083927998df7e4bd30b.txt,4e30119dd6fce9989f638ec1c891e6e489b664103459bc81777f7e65af273c1d
6143d4b6acb37d5e4091,https://rsfjournal.org/content/10/4/84,2026-10-04T21:58:40.801037+00:00,rsfjournal.org,False,hard_timeout,0.0,https://rsfjournal.org/content/10/4/84,,not_extracted,0,0,,,,,,,,28.0,,
614ffc593275689394f0,https://mavenclinic.com/post/workplace-benefits-for-men,2026-10-04T21:58:41.110016+00:00,mavenclinic.com,True,downloaded,200.0,https://www.mavenclinic.com/post/workplace-benefits-for-men,131735.0,success,9304,1383,html,text/html; charset=utf-8,How workplace benefits for men are evolving to support holistic well-being,Maven Team,2025-03-13,Mavenclinic,https://www.mavenclinic.com/post/workplace-benefits-for-men,0.0,614ffc593275689394f0.txt,24ce7ec4a5f585036e637fb68f16444b21f35f5bb9f85a8b2f1e7f308cfc3d9b
62575baae600f7c3b2cd,https://pmc.ncbi.nlm.nih.gov/articles/PMC12129408,2026-10-04T21:58:41.316561+00:00,nih.gov,True,downloaded,200.0,https://pmc.ncbi.nlm.nih.gov/articles/PMC12129408/,314728.0,success,88901,13676,html,text/html; charset=utf-8,Administrative Burdens and Child Medicaid and CHIP Enrollments,Iris Arbogast; Anna Chorniy; Janet Currie,2024-04-04,American journal of health economics,https://pmc.ncbi.nlm.nih.gov/articles/PMC12129408/,0.0,62575baae600f7c3b2cd.txt,79f3c93dcebad42e6455aa7cc5cb25fc5aa8ca0efc23cd6ac3391202d458d2a3
62a170a9a412999cb856,https://williamsinstitute.law.ucla.edu/publications/law-enforcement-lgbtq-people,2026-10-04T21:58:43.169730+00:00,ucla.edu,True,downloaded,200.0,https://williamsinstitute.law.ucla.edu/publications/law-enforcement-lgbtq-people/,122637.0,success,14882,2284,html,text/html; charset=UTF-8,Law Enforcement and LGBTQ People,Loyal; Thisisloyal Com,2026-07-16,The Williams Institute at UCLA School of Law,https://williamsinstitute.law.ucla.edu/publications/law-enforcement-lgbtq-people/,0.0,62a170a9a412999cb856.txt,9f7d13d58846ce45bb8746322ac814fddc73d0549878c5e39b8786779585247a
65cbf1ed6ccc02225bc4,https://nscresearchcenter.org/signaturereport12-supplement-2,2026-10-04T21:58:43.840756+00:00,nscresearchcenter.org,True,downloaded,200.0,https://nscresearchcenter.org/signaturereport12-supplement-2/,160981.0,success,49018,7288,html,text/html; charset=UTF-8,Completing College – National by Race and Ethnicity – 2017,NSC Research Center,2017-04-26,nscresearchcenter.org,https://nscresearchcenter.org/signaturereport12-supplement-2/,0.0,65cbf1ed6ccc02225bc4.txt,bb091d1e3ff1f17c1c31c602a29b833171ab50bf2a0e7abcc069e8709034a395
66f40d07c0c6f62c2f4e,https://experian.com/blogs/ask-experian/how-does-ssi-ssdi-affect-my-credit,2026-10-04T21:58:44.021895+00:00,experian.com,True,downloaded,200.0,https://www.experian.com/blogs/ask-experian/how-does-ssi-ssdi-affect-my-credit,225935.0,success,6328,1065,html,text/html,How Does SSI or SSDI Affect My Credit?,Emily Cahill,2026-07-23,Experian,https://www.experian.com/blogs/ask-experian/how-does-ssi-ssdi-affect-my-credit/,0.0,66f40d07c0c6f62c2f4e.txt,6a7a807e70898ca81d385682a82db4042393643e073e2b6667cc475fabceec20
676fd7dfd0fda820e110,https://academic.oup.com/jpart/article/36/2/234/8475562,2026-10-04T21:58:44.298671+00:00,oup.com,False,http_error,403.0,https://academic.oup.com/jpart/article/36/2/234/8475562,5624.0,not_extracted,0,0,,text/html; charset=UTF-8,,,,,,0.0,,
67f5dc8b43ac7a3e62f6,https://muse.jhu.edu/verify?r=1202521&url=%2Fpub%2F207%2Farticle%2F937666,2026-10-04T21:58:45.018924+00:00,jhu.edu,True,downloaded,200.0,https://muse.jhu.edu/verify?r=1202521&url=%2Fpub%2F207%2Farticle%2F937666,2240.0,success,182,29,html,text/html; charset=utf-8,Verification required!,,,muse.jhu.edu,https://muse.jhu.edu/verify?r=1202521&url=%2Fpub%2F207%2Farticle%2F937666,0.0,67f5dc8b43ac7a3e62f6.txt,d921021cb172e5502128bf8e69d1f66daaa8d2af294fb2198e57039de5c75793
691e1545cb8515c89986,https://academic.oup.com/edited-volume/62239/chapter/550702721,2026-10-04T21:58:45.469191+00:00,oup.com,False,http_error,403.0,https://academic.oup.com/edited-volume/62239/chapter/550702721,5667.0,not_extracted,0,0,,text/html; charset=UTF-8,,,,,,0.0,,
692dfb36674eec3691f3,https://pubmed.ncbi.nlm.nih.gov/40828835,2026-10-04T21:58:45.543274+00:00,nih.gov,True,downloaded,203.0,https://pubmed.ncbi.nlm.nih.gov/40828835/,5590.0,success,100,14,html,text/html; charset=utf-8,Cookies must be enabled,,,pubmed.ncbi.nlm.nih.gov,https://pubmed.ncbi.nlm.nih.gov/40828835/,0.0,692dfb36674eec3691f3.txt,f193d0de906419650acf171625dbd67f88f297290893b5473e1d8365c03d4b59
6942a0dd184d3fcee471,https://equityinhighered.org/resources/ideas-and-insights/segregation-in-higher-education-and-unequal-paths-to-college-completion-implications-for-policy-and-research,2026-10-04T21:58:46.725053+00:00,equityinhighered.org,True,downloaded,200.0,https://www.equityinhighered.org/resources/ideas-and-insights/segregation-in-higher-education-and-unequal-paths-to-college-completion-implications-for-policy-and-research/,129741.0,success,26735,3724,html,text/html; charset=UTF-8,Segregation in Higher Education and Unequal Paths to College Completion: Implications for Policy and Research - Race and Ethnicity in Higher Education,,2023-04-24,Race and Ethnicity in Higher Education,https://www.equityinhighered.org/resources/ideas-and-insights/segregation-in-higher-education-and-unequal-paths-to-college-completion-implications-for-policy-and-research/,0.0,6942a0dd184d3fcee471.txt,00eab010733bf56f67792a7e0ae182707748dc3dd34a5f84882e0f36effff436
69cc18b5fd2605cce8b5,https://urban.org/research/publication/labor-market-policies-racial-equity,2026-10-04T21:58:47.375906+00:00,urban.org,False,http_error,403.0,https://www.urban.org/research/publication/labor-market-policies-racial-equity,5827.0,not_extracted,0,0,,text/html; charset=UTF-8,,,,,,0.0,,
6a46f2066f9017c7c919,https://thehrcfoundation.org/professional-resources/transgender-inclusive-benefits-for-employees-and-dependents,2026-10-04T21:58:47.396264+00:00,thehrcfoundation.org,True,downloaded,200.0,https://www.hrc.org:443/,103195.0,success,517,46,html,text/html; charset=UTF-8,The Human Rights Campaign | 4 Million Members Strong,,2020-06-02,HRC,https://www.hrc.org/,0.0,6a46f2066f9017c7c919.txt,b90a027c7b23d45ade40b92029a82d05c161d46545befaee78a1379c240eb151
6ad4c47c11e5511d0fe4,https://transequality.org/issues/health-healthcare,2026-10-04T21:58:48.328610+00:00,transequality.org,True,downloaded,200.0,https://transequality.org/issues/health-healthcare,139536.0,success,4350,634,html,text/html; charset=UTF-8,Health & Healthcare | A4TE,,2026-09-30,A4TE,https://transequality.org/issues/health-healthcare,0.0,6ad4c47c11e5511d0fe4.txt,fda214046caa06f0b3ca72eeb4fe78562f66a530c59d4025125d9395a3f4fdd4
6bd5dad35050d7b9d836,https://pmc.ncbi.nlm.nih.gov/articles/PMC12312127,2026-10-04T21:58:48.913985+00:00,nih.gov,True,downloaded,200.0,https://pmc.ncbi.nlm.nih.gov/articles/PMC12312127/,194920.0,success,45857,6596,html,text/html; charset=utf-8,"“They just knew, and that makes all the difference”: Understanding positive healthcare experiences among trans people in Canada",Rachel Goldfarb; M A Katz; R Travers; J Poliwoda; M Sadri-Gerrior; C Valiant; A Ananthavel Murugan; J Tang; G Henry; T Coleman,2024-01-31,International Journal of Transgender Health,https://pmc.ncbi.nlm.nih.gov/articles/PMC12312127/,0.0,6bd5dad35050d7b9d836.txt,aa5f735a48049a0b721676d3a4a337feb675f194ca0dd693b555e5c563ec668c
6bdd9bb2443de61a6cbd,https://ppic.org/publication/policy-brief-racial-disparities-in-traffic-stops,2026-10-04T21:58:49.731174+00:00,ppic.org,False,http_error,403.0,https://ppic.org/publication/policy-brief-racial-disparities-in-traffic-stops,5770.0,not_extracted,0,0,,text/html; charset=UTF-8,,,,,,0.0,,
6c60b96806a870dbde1a,https://sciencedirect.com/science/article/pii/S2214367X20301988,2026-10-04T21:58:51.085040+00:00,sciencedirect.com,False,http_error,403.0,https://www.sciencedirect.com/science/article/pii/S2214367X20301988,1207871.0,not_extracted,0,0,,text/html; charset=UTF-8,,,,,,0.0,,
6cb218a3b3f50c959e2b,https://endhomelessness.org/blog/homelessness-and-black-history-access-to-housing,2026-10-04T21:58:52.046021+00:00,endhomelessness.org,True,downloaded,200.0,https://endhomelessness.org/blog/homelessness-and-black-history-access-to-housing,343209.0,success,4436,665,html,text/html; charset=UTF-8,Homelessness and Black History: Access to Housing,NAEH,2025-03-05,National Alliance to End Homelessness,https://endhomelessness.org/blog/homelessness-and-black-history-access-to-housing/,0.0,6cb218a3b3f50c959e2b.txt,7482c1cd564f9e7d74b404e5fe9c75339ad2579e8906fb020dddbee98089e177
6cf074b5d55000c1fb4c,https://opportunityinsights.org/paper/creditaccess,2026-10-04T21:58:52.921470+00:00,opportunityinsights.org,True,downloaded,200.0,https://opportunityinsights.org/paper/creditaccess/,68719.0,success,1382,199,html,text/html; charset=UTF-8,Credit Access in the United States | Opportunity Insights,Nathaniel Hendren; Trevor J Bakker; Stefanie DeLuca; Eric English; Jamie Fogel; Daniel Herbst,2025-07-16,Opportunity Insights,https://opportunityinsights.org/paper/creditaccess/,0.0,6cf074b5d55000c1fb4c.txt,67d147682a4dbf4ba4d1e715806dd91a030f05918a07ff94ac8c0035e0be4029
6d5587babafdc9032a17,https://sralab.org/sites/default/files/downloads/2022-03/HCBS%20Disability%20Models%20and%20Person-Centeredness%20Brief.pdf,2026-10-04T21:58:53.296307+00:00,sralab.org,True,downloaded,200.0,https://www.sralab.org/sites/default/files/downloads/2022-03/HCBS%20Disability%20Models%20and%20Person-Centeredness%20Brief.pdf,807043.0,success,31280,4284,pdf,application/pdf,,,,,,0.0,6d5587babafdc9032a17.txt,8d023528011625965d802f19e577c64bbe58d444f40c256a27190ebfdd447672
6e3822f3cbb5c496c9e8,http://chci.org/wp-content/uploads/2026/04/2026-Denys-Castillo.pdf,2026-10-04T21:58:53.496237+00:00,chci.org,True,downloaded,200.0,http://chci.org/wp-content/uploads/2026/04/2026-Denys-Castillo.pdf,273820.0,success,24359,2901,pdf,application/pdf,,,,,,0.0,6e3822f3cbb5c496c9e8.txt,c00e508187091d4619d2387f83987ebd5040ffcef4e78732a27d8b6636644f48
6ec3882e0ea52b7be203,https://academic.oup.com/healthaffairsscholar/article/3/1/qxaf005/7954311,2026-10-04T21:58:55.821811+00:00,oup.com,False,http_error,403.0,https://academic.oup.com/healthaffairsscholar/article/3/1/qxaf005/7954311,5721.0,not_extracted,0,0,,text/html; charset=UTF-8,,,,,,0.0,,
6f3514ac2d37726de8d3,https://pmc.ncbi.nlm.nih.gov/articles/PMC3442762,2026-10-04T21:58:56.795415+00:00,nih.gov,True,downloaded,200.0,https://pmc.ncbi.nlm.nih.gov/articles/PMC3442762,21366.0,success,131,18,html,text/html; charset=utf-8,Checking your browser,,2026-09-11,google.com,https://www.google.com/recaptcha/challengepage,0.0,6f3514ac2d37726de8d3.txt,febad3f3fe620c1fa70fbdc5b5d462a0bb66ad2faf9e39bbd8dd6eaad086906d
6f573ad61e15aac39d1e,https://uh-ir.tdl.org/items/9bd7bef1-395e-4d57-97b3-94dc25989849,2026-10-04T21:58:56.998909+00:00,tdl.org,False,http_error,403.0,https://uh-ir.tdl.org/items/9bd7bef1-395e-4d57-97b3-94dc25989849,919.0,not_extracted,0,0,,text/html,,,,,,0.0,,
6f69cb57c561580a777f,https://sciencedirect.com/science/article/abs/pii/S0094119011000581,2026-10-04T21:58:57.046097+00:00,sciencedirect.com,False,http_error,403.0,https://www.sciencedirect.com/science/article/abs/pii/S0094119011000581,1207883.0,not_extracted,0,0,,text/html; charset=UTF-8,,,,,,0.0,,
6f898772d594f3db32a5,https://bannerbank.com/financial-resources/blog/five-things-that-make-up-your-credit-score,2026-10-04T21:58:57.101537+00:00,bannerbank.com,True,downloaded,200.0,https://www.bannerbank.com/financial-resources/blog/five-things-that-make-up-your-credit-score,174122.0,success,3832,671,html,text/html; charset=utf-8,5 things that make up your credit score,Dawn Holden; SVP; Director,2026-01-01,Facebook,https://www.bannerbank.com/financial-resources/blog/five-things-that-make-up-your-credit-score,0.0,6f898772d594f3db32a5.txt,2b1ae8496f84e452f16a9fec38fc7d33308208d11def1f808c4b250fe1bc3751
6fc5894d51ffcb8e4947,https://consumer.ftc.gov/articles/credit-scores,2026-10-04T21:58:57.253589+00:00,ftc.gov,True,downloaded,200.0,https://consumer.ftc.gov/articles/credit-scores,491044.0,success,6229,1086,html,text/html; charset=UTF-8,Credit Scores,BCP Staff,2023-11-07,Consumer Advice,https://consumer.ftc.gov/articles/credit-scores,0.0,6fc5894d51ffcb8e4947.txt,fe3e4ec367cd42c20160754e736f16972ae6bf6a037698d30cac801120dac66b
6fedd2c76add6f36ccb1,https://thearc.org/our-initiatives/criminal-justice,2026-10-04T21:58:58.874822+00:00,thearc.org,True,downloaded,200.0,https://thearc.org/our-initiatives/criminal-justice,219479.0,success,4048,581,html,text/html; charset=UTF-8,Disability in the Criminal Justice System | The Arc,,2026-09-28,The Arc of the United States,https://thearc.org/our-initiatives/criminal-justice/,0.0,6fedd2c76add6f36ccb1.txt,e3755aacd6c65f416799673f165005f57e62b9bf3f7b71b39ff99dc4abb80018
700b83abcede3d0dbea8,https://bipartisanpolicy.org/report/understanding-and-addressing-racial-and-ethnic-disparities-in-housing,2026-10-04T21:58:59.213086+00:00,bipartisanpolicy.org,False,http_error,403.0,https://bipartisanpolicy.org/report/understanding-and-addressing-racial-and-ethnic-disparities-in-housing,5873.0,not_extracted,0,0,,text/html; charset=UTF-8,,,,,,0.0,,
7018aefc7920479296fb,https://aspeninstitute.org/blog-posts/this-pride-month-lets-talk-about-job-quality-for-lgbtqia-workers,2026-10-04T21:58:59.504949+00:00,aspeninstitute.org,False,http_error,403.0,https://aspeninstitute.org/blog-posts/this-pride-month-lets-talk-about-job-quality-for-lgbtqia-workers,5868.0,not_extracted,0,0,,text/html; charset=UTF-8,,,,,,0.0,,
705eb4b8eb9228e13bc1,https://tandfonline.com/doi/abs/10.1080/10511482.1999.9521345,2026-10-04T21:59:00.720399+00:00,tandfonline.com,False,http_error,403.0,https://tandfonline.com/doi/abs/10.1080/10511482.1999.9521345,5780.0,not_extracted,0,0,,text/html; charset=UTF-8,,,,,,0.0,,
707cd43c5a7a67a00714,https://onlinelibrary.wiley.com/doi/10.1111/1744-7941.12377,2026-10-04T21:59:02.362369+00:00,wiley.com,False,http_error,403.0,https://onlinelibrary.wiley.com/doi/10.1111/1744-7941.12377,5780.0,not_extracted,0,0,,text/html; charset=UTF-8,,,,,,0.0,,
70e814efa6c409a88f8f,https://brookings.edu/articles/diverse-neighborhoods-are-made-of-diverse-housing,2026-10-04T21:59:02.834088+00:00,brookings.edu,True,downloaded,200.0,https://www.brookings.edu/articles/diverse-neighborhoods-are-made-of-diverse-housing/,217718.0,success,15759,2281,html,text/html; charset=UTF-8,Diverse neighborhoods are made of diverse housing,James C Benton,2022-03-09,Brookings,https://www.brookings.edu/articles/diverse-neighborhoods-are-made-of-diverse-housing/,0.0,70e814efa6c409a88f8f.txt,b95e7baaa823d7a099780ae8db70aabbd0a763316a32c8164aee6a7ac50cbeae
715e868e31f654cf1ce8,https://emerald.com/edi/article/44/4/398/1249454/Hispanics-in-the-workplace-their-job-demands-and,2026-10-04T21:59:03.360508+00:00,emerald.com,False,http_error,403.0,https://www.emerald.com/edi/article/44/4/398/1249454/Hispanics-in-the-workplace-their-job-demands-and,5871.0,not_extracted,0,0,,text/html; charset=UTF-8,,,,,,0.0,,
716e5896712c01e7fa16,https://share.google/l0iIqZ3EFVJ4jRSSL,2026-10-04T21:59:03.801639+00:00,share.google,True,downloaded,200.0,https://journals.plos.org/plosone/article/file?type=printable&id=10.1371/journal.pone.0320493,1005717.0,success,134034,19709,pdf,application/pdf,,,,,,0.0,716e5896712c01e7fa16.txt,b1178e2d5529e2f1b4b811d50d631e4cd310f6c68308089bd557fae844a484b6
71b350c38ab91dac3239,https://washington.edu/populationhealth/2023/09/25/measuring-the-psychological-impact-of-administrative-burdens-on-transgender-people,2026-10-04T21:59:05.148478+00:00,washington.edu,True,downloaded,200.0,https://www.washington.edu/populationhealth/2023/09/25/measuring-the-psychological-impact-of-administrative-burdens-on-transgender-people/,66674.0,success,3727,536,html,text/html; charset=UTF-8,Measuring the psychological impact of administrative burdens on transgender people,,2023-09-25,Population Health,https://www.washington.edu/populationhealth/2023/09/25/measuring-the-psychological-impact-of-administrative-burdens-on-transgender-people/,0.0,71b350c38ab91dac3239.txt,aee1ba517be59f3141df2788713872a19dd6d609379b9b3511577806ed0ab364
72437fc07e8b32125f89,https://habitat.org/historic-housing-discrimination-us,2026-10-04T21:59:05.413215+00:00,habitat.org,True,downloaded,200.0,https://www.habitat.org/historic-housing-discrimination-us,111965.0,success,3741,549,html,text/html; charset=utf-8,Historic housing discrimination in the U.S.,,2024-07-01,Habitat for Humanity,https://www.habitat.org/historic-housing-discrimination-us,0.0,72437fc07e8b32125f89.txt,d2598ef214cf9d77436b45e0e4bb40a88836dae5747e6c69071b157080d2a26d
728e917728ba138813dc,https://odphp.health.gov/healthypeople/priority-areas/social-determinants-health/literature-summaries/high-school-graduation,2026-10-04T21:59:05.840883+00:00,health.gov,True,downloaded,200.0,https://odphp.health.gov/healthypeople/priority-areas/social-determinants-health/literature-summaries/high-school-graduation,54236.0,success,12202,1788,html,text/html; charset=UTF-8,High School Graduation,,2022-03-08,odphp.health.gov,https://odphp.health.gov/healthypeople/priority-areas/social-determinants-health/literature-summaries/high-school-graduation,0.0,728e917728ba138813dc.txt,ade72a2fcd8fee50d3ceea60c25c51e45d864c720284073cfb75f7e2fe8cec3c
744754cb88daf388ba86,https://academic.oup.com/jpart/article/34/3/432/7602581,2026-10-04T21:59:06.485466+00:00,oup.com,False,http_error,403.0,https://academic.oup.com/jpart/article/34/3/432/7602581,5624.0,not_extracted,0,0,,text/html; charset=UTF-8,,,,,,0.0,,
751fa61ebee1a84fae9d,https://youthrex.com/blog/5-factors-that-contribute-to-students-finishing-highschool,2026-10-04T21:59:06.537499+00:00,youthrex.com,True,downloaded,200.0,https://youthrex.com/blog/5-factors-that-contribute-to-students-finishing-highschool,117493.0,success,8135,1139,html,text/html; charset=UTF-8,5 Factors That Contribute to Students Finishing High School - Youth Research and Evaluation eXchange,Maria,2021-07-13,Youth Research and Evaluation eXchange,https://youthrex.com/blog/5-factors-that-contribute-to-students-finishing-highschool/,0.0,751fa61ebee1a84fae9d.txt,a4ebeb83fa30d340765fa8d4e24639a38eb08abf94ac7784d8a44a18a58f8dda
7560cfe20e28f58016dd,https://link.springer.com/article/10.1186/s12939-019-1048-5,2026-10-04T21:59:09.056801+00:00,springer.com,False,robots_disallowed,,https://link.springer.com/article/10.1186/s12939-019-1048-5,,not_extracted,0,0,,,,,,,,,,
75611f0572c9f19f6769,https://rockymountainada.org/sites/default/files/2019-05/Law%20Enforcement%20Article_Region%208.pdf,2026-10-04T21:59:09.057059+00:00,rockymountainada.org,True,downloaded,200.0,https://rockymountainada.org/sites/default/files/2019-05/Law%20Enforcement%20Article_Region%208.pdf,161199.0,success,43915,6390,pdf,application/pdf,,,,,,0.0,75611f0572c9f19f6769.txt,c957bc0c2310b004df9879f2a42f620c7241aa29b0b32ba2a7698e2372558f95
76562337112284781e41,https://planadviser.com/employee-well-differs-significantly-demographic,2026-10-04T21:59:09.835154+00:00,planadviser.com,False,http_error,403.0,https://planadviser.com/employee-well-differs-significantly-demographic,118.0,not_extracted,0,0,,text/html,,,,,,0.0,,
765a7dc8e5aef3f249f4,https://pubmed.ncbi.nlm.nih.gov/35139668,2026-10-04T21:59:11.768241+00:00,nih.gov,True,downloaded,203.0,https://pubmed.ncbi.nlm.nih.gov/35139668/,5590.0,success,100,14,html,text/html; charset=utf-8,Cookies must be enabled,,,pubmed.ncbi.nlm.nih.gov,https://pubmed.ncbi.nlm.nih.gov/35139668/,0.0,765a7dc8e5aef3f249f4.txt,f193d0de906419650acf171625dbd67f88f297290893b5473e1d8365c03d4b59
76a999c4cf405750f6b8,https://pubmed.ncbi.nlm.nih.gov/31520237,2026-10-04T21:59:12.303916+00:00,nih.gov,True,downloaded,203.0,https://pubmed.ncbi.nlm.nih.gov/31520237/,5590.0,success,100,14,html,text/html; charset=utf-8,Cookies must be enabled,,,pubmed.ncbi.nlm.nih.gov,https://pubmed.ncbi.nlm.nih.gov/31520237/,0.0,76a999c4cf405750f6b8.txt,f193d0de906419650acf171625dbd67f88f297290893b5473e1d8365c03d4b59
77473644c04c4e36eda2,https://housingmatters.urban.org/research-summary/transgender-and-gender-nonconforming-people-experiencing-housing-insecurity-rely,2026-10-04T21:59:13.529949+00:00,urban.org,False,http_error,403.0,https://housingmatters.urban.org/research-summary/transgender-and-gender-nonconforming-people-experiencing-housing-insecurity-rely,6069.0,not_extracted,0,0,,text/html; charset=UTF-8,,,,,,0.0,,
77ce4b3f85ade59eea84,https://hispanicresearchcenter.org/research-resources/state-tanf-policies-practices-overview-administrative-burdens-latino-families,2026-10-04T21:59:13.748976+00:00,hispanicresearchcenter.org,True,downloaded,200.0,https://www.hispanicresearchcenter.org/research-resources/state-tanf-policies-practices-overview-administrative-burdens-latino-families/,324048.0,success,36493,5319,html,text/html; charset=UTF-8,"State TANF Policies and Practices, Administrative Burdens, and Latino Families - Hispanic Research Center",Authors,2025-05-07,Hispanic Research Center,https://www.hispanicresearchcenter.org/research-resources/state-tanf-policies-practices-overview-administrative-burdens-latino-families/,0.0,77ce4b3f85ade59eea84.txt,14d3fb55c4c172a03701a6eb14a7ca193444bac495e78902af712072a1118626
78a455188f30e64ca05f,https://nationaldisabilityinstitute.org/wp-content/uploads/2018/12/access-credit-brief.pdf,2026-10-04T21:59:14.557674+00:00,nationaldisabilityinstitute.org,True,downloaded,200.0,https://nationaldisabilityinstitute.org/wp-content/uploads/2018/12/access-credit-brief.pdf,196439.0,success,19762,2868,pdf,application/pdf,,,,,,0.0,78a455188f30e64ca05f.txt,0bc2ae9fdfe20fd397cb385e8bf300fb56f02bb524637d2019026b3decaec40c
79449cc23749d1c53e3d,https://endhomelessness.org/systemic-racism-and-marginalization,2026-10-04T21:59:15.422644+00:00,endhomelessness.org,True,downloaded,200.0,https://endhomelessness.org/systemic-racism-and-marginalization,357177.0,success,2395,331,html,text/html; charset=UTF-8,What Causes Homelessness: Systemic racism and marginalization,,2026-07-16,National Alliance to End Homelessness,https://endhomelessness.org/systemic-racism-and-marginalization/,0.0,79449cc23749d1c53e3d.txt,b20ef36db9e4d701651235e65258b8ca6cd65e3bd8b83450980ae882c0d06ccf
79959e76c44c16a7c2ec,https://genderedinnovations.stanford.edu/case-studies/urban.html,2026-10-04T21:59:15.574589+00:00,stanford.edu,True,downloaded,200.0,https://genderedinnovations.stanford.edu/case-studies/urban.html,48409.0,success,19163,2782,html,text/html,Housing and Neighborhood Design: Analyzing Gender,,2004-01-01,genderedinnovations.stanford.edu,https://genderedinnovations.stanford.edu/case-studies/urban.html,0.0,79959e76c44c16a7c2ec.txt,c6ff2990e5333a313d23db43e19a8d066acd2de84db675cd9d2660372cf8e44f
7a094ea2db7dafde7764,https://pmc.ncbi.nlm.nih.gov/articles/PMC5528866,2026-10-04T21:59:15.728372+00:00,nih.gov,True,downloaded,200.0,https://pmc.ncbi.nlm.nih.gov/articles/PMC5528866/,208583.0,success,60423,8775,html,text/html; charset=utf-8,The Influence of Women’s Neighborhood Resources on Perceptions of Social Disorder,Aubrey L Jackson; Brian Soller; Christopher R Browning,2017-04-26,City & community,https://pmc.ncbi.nlm.nih.gov/articles/PMC5528866/,0.0,7a094ea2db7dafde7764.txt,1fc53ea09f816a7113e2fdebff76665ed9efdc0bc037f80449f214820ca10b69
7a673a9628235ccdfc8f,https://lifescied.org/doi/abs/10.1187/cbe.21-05-0136,2026-10-04T21:59:16.695048+00:00,lifescied.org,False,http_error,403.0,https://lifescied.org/doi/abs/10.1187/cbe.21-05-0136,5757.0,not_extracted,0,0,,text/html; charset=UTF-8,,,,,,0.0,,
7a9b5bb2b2c223639a94,https://sciencedirect.com/science/article/pii/S2214635025000620,2026-10-04T21:59:17.374710+00:00,sciencedirect.com,False,http_error,403.0,https://www.sciencedirect.com/science/article/pii/S2214635025000620,1207871.0,not_extracted,0,0,,text/html; charset=UTF-8,,,,,,0.0,,
7af7226db00e20910897,https://nacdl.org/Content/Race-and-Policing,2026-10-04T21:59:18.203180+00:00,nacdl.org,True,downloaded,200.0,https://www.nacdl.org/Content/Race-and-Policing,288369.0,success,6643,1022,html,text/html; charset=utf-8,NACDL - Race and Policing,,2022-11-29,NACDL - National Association of Criminal Defense Lawyers,https://www.nacdl.org/Content/Race-and-Policing,0.0,7af7226db00e20910897.txt,d7a35ce3f5d70ba7a8767c52de4f3c9af3d2d3ac805e412fd835d2f934eb2013
7b4f1c22a71804f4ec6b,https://la.myneighborhooddata.org/2021/06/stops,2026-10-04T21:59:18.566758+00:00,myneighborhooddata.org,True,downloaded,200.0,https://la.myneighborhooddata.org/2021/06/stops/,148769.0,success,5191,808,html,text/html; charset=UTF-8,Learn More,,2026-01-01,la.myneighborhooddata.org,https://la.myneighborhooddata.org/2021/06/stops/,0.0,7b4f1c22a71804f4ec6b.txt,e833cd4743dc249ad913b3238c9b4ff69e89c97569b6a5e790233cc94f10fbc4
7c422a7456f54535b16b,https://tandfonline.com/doi/full/10.1080/26895269.2026.2656940,2026-10-04T21:59:19.397188+00:00,tandfonline.com,False,http_error,403.0,https://tandfonline.com/doi/full/10.1080/26895269.2026.2656940,5783.0,not_extracted,0,0,,text/html; charset=UTF-8,,,,,,0.0,,
7c454196835a01621ed2,https://hhs.gov/black-history-month/reading-list/index.html,2026-10-04T21:59:19.627851+00:00,hhs.gov,False,http_error,403.0,https://www.hhs.gov/black-history-month/reading-list/index.html,432.0,not_extracted,0,0,,text/html,,,,,,0.0,,
7c55d749d83dc3d4e791,https://pcc.edu/queer/district-efforts/research,2026-10-04T21:59:20.510582+00:00,pcc.edu,True,downloaded,200.0,https://www.pcc.edu/queer/district-efforts/research/,26672.0,success,4227,631,html,text/html; charset=UTF-8,Research | Queer Resource Centers at PCC,,2000-01-01,pcc.edu,https://www.pcc.edu/queer/district-efforts/research/,0.0,7c55d749d83dc3d4e791.txt,2fbd2bd20648bdc93fd186abc7badb0b1e6d4fde58ecafc20534e5cc264e0d88
7cd7c81d17bd3b8d078f,https://feed.georgetown.edu/access-affordability/discrimination-additional-stressors-create-barriers-to-graduation-for-black-students-study-finds,2026-10-04T21:59:22.309183+00:00,georgetown.edu,True,downloaded,200.0,https://feed.georgetown.edu/access-affordability/discrimination-additional-stressors-create-barriers-to-graduation-for-black-students-study-finds/,164044.0,success,5576,823,html,text/html; charset=UTF-8,"Discrimination, additional stressors create barriers to graduation for Black students, study finds - THE FEED",Jk,2023-02-17,THE FEED,https://feed.georgetown.edu/access-affordability/discrimination-additional-stressors-create-barriers-to-graduation-for-black-students-study-finds/,0.0,7cd7c81d17bd3b8d078f.txt,1cf77fa421de2b721b7ed6388086b94b5707a69fe1c123e200cbbf0bc68b2796
7cfd04bfc289c3e661e4,https://a816-dohbesp.nyc.gov/IndicatorPublic/data-stories/housing,2026-10-04T21:59:22.603100+00:00,nyc.gov,True,downloaded,200.0,https://a816-dohbesp.nyc.gov/IndicatorPublic/data-stories/housing/,84206.0,success,10326,1615,html,text/html,"Health, housing, and history – Environment & Health Data Portal",,2021-01-06,Environment & Health Data Portal,https://a816-dohbesp.nyc.gov/IndicatorPublic/data-stories/housing/,0.0,7cfd04bfc289c3e661e4.txt,5427e4ea289a247302a5093f60941a71264f910ba607de386cc145861c5fa19c
7d8272baa3d69ee6fe3e,https://mortgageequitypartners.com/the-lgbtq-community-and-homeownership-in-2024,2026-10-04T21:59:23.591477+00:00,mortgageequitypartners.com,False,http_error,503.0,https://mortgageequitypartners.com/the-lgbtq-community-and-homeownership-in-2024,18079.0,not_extracted,0,0,,text/html; charset=utf-8,,,,,,0.0,,
7db7f063d6eb3c15307e,https://nclc.org/wp-content/uploads/2016/05/20240227_Issue-Brief_Past-Imperfect.pdf,2026-10-04T21:59:26.968529+00:00,nclc.org,True,downloaded,200.0,https://www.nclc.org/wp-content/uploads/2016/05/20240227_Issue-Brief_Past-Imperfect.pdf,413798.0,success,22566,3466,pdf,application/pdf,,,,,,0.0,7db7f063d6eb3c15307e.txt,2791c0baf5a1c5b56f4d7f7b32ada6b8b36a5ad1b4206dba62b7f3d9b4cdf8e8
7ec6fee697b4956da75b,https://americanprogress.org/article/public-work-provides-economic-security-black-families-communities,2026-10-04T21:59:27.880348+00:00,americanprogress.org,False,http_error,403.0,https://www.americanprogress.org/article/public-work-provides-economic-security-black-families-communities,5890.0,not_extracted,0,0,,text/html; charset=UTF-8,,,,,,0.0,,
7efe1f2894edfcb54bc2,https://nacdd.org/criminal-legal-system,2026-10-04T21:59:28.039671+00:00,nacdd.org,True,downloaded,200.0,https://nacdd.org/criminal-legal-system/,92211.0,success,1408,200,html,text/html; charset=UTF-8,Criminal Legal System,,2022-10-01,NACDD,https://nacdd.org/criminal-legal-system/,0.0,7efe1f2894edfcb54bc2.txt,29622df0321706aa0f26cde548bf3716c9522a5d9ccd4328c0338593d935c6a6
7f6f63a7fd0bac92dc34,https://business.bofa.com/en-us/content/workplace-benefits/employee-benefits-resources/supporting-women-in-the-workplace.html,2026-10-04T21:59:28.932145+00:00,bofa.com,True,downloaded,200.0,https://business.bofa.com/en-us/content/workplace-benefits/employee-benefits-resources/supporting-women-in-the-workplace.html,186886.0,success,6493,983,html,text/html; charset=UTF-8,Supporting Women in the Workplace: Menopause Benefits & More,,2026-05-13,Bank of America,https://business.bofa.com/en-us/content/workplace-benefits/employee-benefits-resources/supporting-women-in-the-workplace.html,0.0,7f6f63a7fd0bac92dc34.txt,651dbd00b0dcd1042ca89478b673f3ee65dfa45a7a3d625a155e23f3b5722fbb
7f96b9e748c207ae4466,https://pmc.ncbi.nlm.nih.gov/articles/PMC9250371,2026-10-04T21:59:29.460473+00:00,nih.gov,True,downloaded,200.0,https://pmc.ncbi.nlm.nih.gov/articles/PMC9250371/,238848.0,success,75244,11331,html,text/html; charset=utf-8,Factors Influencing Retention of Transgender and Gender Nonconforming Students in Undergraduate STEM Majors,Jeffrey Maloy; Monika B Kwapisz; Bryce E Hughes,2022-01-01,CBE Life Sciences Education,https://pmc.ncbi.nlm.nih.gov/articles/PMC9250371/,0.0,7f96b9e748c207ae4466.txt,de36d0c51d0768e674238db05d7b88defcf71483d9850687a770aba17444656f
808b9ef2926ce9d0c9d9,https://avp.org/wp-content/uploads/2017/04/FORGE_Trans_People_Police_Incarceration_Facts.pdf,2026-10-04T21:59:30.446615+00:00,avp.org,True,downloaded,200.0,https://avp.org/wp-content/uploads/2017/04/FORGE_Trans_People_Police_Incarceration_Facts.pdf,137329.0,success,2826,420,pdf,application/pdf,,,,,,0.0,808b9ef2926ce9d0c9d9.txt,4f4ee3fa2864dfbbadbc31e96103a2bdba910362dcb03b2b284614a3d97a9106
80bcc2329d8ddad43371,https://unitedwayla.org/news/housing-inequality-within-the-lgbtq-community,2026-10-04T21:59:30.447723+00:00,unitedwayla.org,True,downloaded,200.0,https://unitedwayla.org/news/housing-inequality-within-the-lgbtq-community/,88518.0,success,9884,1551,html,text/html; charset=UTF-8,Housing Inequality Within the LGBTQ+ Community - United Way L.A.,,2024-06-13,United Way L.A.,https://unitedwayla.org/news/housing-inequality-within-the-lgbtq-community/,0.0,80bcc2329d8ddad43371.txt,a6a335b275f1dacab8ee2b884d702e872d514a2ed421fe6265128a758aa00d0d
8275cd95a7d4384ff509,https://nelp.org/insights-research/desegregating-opportunity-why-uprooting-occupational-segregation-is-critical-to-building-a-good-jobs-economy,2026-10-04T21:59:30.759045+00:00,nelp.org,True,downloaded,200.0,https://www.nelp.org/insights-research/desegregating-opportunity-why-uprooting-occupational-segregation-is-critical-to-building-a-good-jobs-economy/,82821.0,success,21591,2924,html,text/html; charset=UTF-8,Desegregating Opportunity: Why Uprooting Occupational Segregation is Critical to Building A Good-Jobs Economy - National Employment Law Project,Rebecca Dixon Amy Traub,2025-07-31,National Employment Law Project,https://www.nelp.org/insights-research/desegregating-opportunity-why-uprooting-occupational-segregation-is-critical-to-building-a-good-jobs-economy/,0.0,8275cd95a7d4384ff509.txt,d9747c958c8bfaddd5d83f07993db931d20f4e55ffb171cad748fab07900a8ed
82ed2c3257a4974f88ec,https://latinopolicyforum.org/housing,2026-10-04T21:59:31.055322+00:00,latinopolicyforum.org,False,http_error,403.0,https://latinopolicyforum.org/housing,5604.0,not_extracted,0,0,,text/html; charset=UTF-8,,,,,,0.0,,
83d8548b493e5ddceba3,https://researchgate.net/publication/254449575_Neighborhood_quality_determinants_Empirical_evidence_from_the_American_Housing_Survey,2026-10-04T21:59:33.618754+00:00,researchgate.net,False,http_error,403.0,https://www.researchgate.net/publication/254449575_Neighborhood_quality_determinants_Empirical_evidence_from_the_American_Housing_Survey,21137.0,not_extracted,0,0,,text/html; charset=UTF-8,,,,,,0.0,,
83ec61048185de90c6b1,https://nces.ed.gov/programs/raceindicators/indicator_red.asp,2026-10-04T21:59:34.144072+00:00,ed.gov,True,downloaded,200.0,https://nces.ed.gov/programs/raceindicators/indicator_red.asp,28308.0,success,9912,1359,html,text/html,Indicator 23: Postsecondary Graduation Rates,,1996-01-01,nces.ed.gov,https://nces.ed.gov/programs/raceindicators/indicator_red.asp,0.0,83ec61048185de90c6b1.txt,8c29aa2ffdb2c24b58b44619b84bde24e3ee1a0f91da82242f68f1a9c96ffeb5
844c97f138fc41689c03,https://kinder.rice.edu/urbanedge/residential-segregation-rewards-whites-while-punishing-people-color,2026-10-04T21:59:36.236427+00:00,rice.edu,True,downloaded,200.0,https://kinder.rice.edu/urbanedge/residential-segregation-rewards-whites-while-punishing-people-color,70011.0,success,8615,1414,html,text/html; charset=UTF-8,Residential segregation rewards whites while punishing people of color | Kinder Institute for Urban Research,MICHAEL O EMERSON,2020-09-21,Kinder Institute for Urban Research | Rice University,https://kinder.rice.edu/urbanedge/residential-segregation-rewards-whites-while-punishing-people-color,0.0,844c97f138fc41689c03.txt,75255267ff8bb0948edd9fe259a764aa54c8b79d6d2bbf01e75286b4e738d684
84afbdc7826c35f27abe,https://pmc.ncbi.nlm.nih.gov/articles/PMC4929689,2026-10-04T21:59:36.340839+00:00,nih.gov,True,downloaded,200.0,https://pmc.ncbi.nlm.nih.gov/articles/PMC4929689/,189607.0,success,44551,6924,html,text/html; charset=utf-8,The Influence of Neighborhood Characteristics on Police Officers’ Encounters with Persons Suspected to Have a Serious Mental Illness,Shaily Krishan; Roger Bakeman; Beth Broussard; Sarah L Cristofaro; Dana Hankerson-Dyson; Letheshia Husbands; Amy C Watson; Michael T Compton,2014-03-15,International journal of law and psychiatry,https://pmc.ncbi.nlm.nih.gov/articles/PMC4929689/,0.0,84afbdc7826c35f27abe.txt,b95f27634ad0bdc26422d111270d7646efae02d3dd5c652b03cac5ad3b09fa3f
860e6cb23f65cbc4a2de,https://pmc.ncbi.nlm.nih.gov/articles/PMC10984377,2026-10-04T21:59:36.361327+00:00,nih.gov,True,downloaded,200.0,https://pmc.ncbi.nlm.nih.gov/articles/PMC10984377/,216335.0,success,71112,10266,html,text/html; charset=utf-8,Does intergenerational educational mobility vary by sexual identity? A comparative analysis of five OECD countries,Diederik Boertien; Francisco Perales; Léa Pessin,2023-10-06,European Sociological Review,https://pmc.ncbi.nlm.nih.gov/articles/PMC10984377/,0.0,860e6cb23f65cbc4a2de.txt,68c8df641859847f6046e0bcd8ca83e06bf3bbe14690a44b3921d6c479b5f760
86d2f70640dffcf68b3e,https://sciencedirect.com/science/article/pii/S026661382400038X,2026-10-04T21:59:36.831255+00:00,sciencedirect.com,False,http_error,403.0,https://www.sciencedirect.com/science/article/pii/S026661382400038X,1207871.0,not_extracted,0,0,,text/html; charset=UTF-8,,,,,,0.0,,
886609664ef2d420eb84,https://cbcfinc.org/capstones/economic-opportunity/a-net-with-gapping-holes-unemployment-insurance-and-racial-inequality,2026-10-04T21:59:37.198858+00:00,cbcfinc.org,True,downloaded,200.0,https://www.cbcfinc.org/capstones/economic-opportunity/a-net-with-gapping-holes-unemployment-insurance-and-racial-inequality/,182730.0,success,51495,7026,html,text/html; charset=UTF-8,A Net with Gapping Holes: Unemployment Insurance and Racial Inequality » Congressional Black Caucus Foundation » Advancing the Global Black Community by Developing Leaders Informing Policy and Educating the Public,,2024-11-27,"Congressional Black Caucus Foundation, Inc.",https://www.cbcfinc.org/capstones/economic-opportunity/a-net-with-gapping-holes-unemployment-insurance-and-racial-inequality/,0.0,886609664ef2d420eb84.txt,b6f146c96c8f86d133f8d4ac685fc5f01064415de84f917418cab8f531a9b05a
887931472fbeaa222513,https://pmc.ncbi.nlm.nih.gov/articles/PMC10178857,2026-10-04T21:59:38.016777+00:00,nih.gov,True,downloaded,200.0,https://pmc.ncbi.nlm.nih.gov/articles/PMC10178857,21365.0,success,131,18,html,text/html; charset=utf-8,Checking your browser,,2026-09-11,google.com,https://www.google.com/recaptcha/challengepage,0.0,887931472fbeaa222513.txt,febad3f3fe620c1fa70fbdc5b5d462a0bb66ad2faf9e39bbd8dd6eaad086906d
88e8e133688650a9d942,https://learn2care.us/blog/the-power-of-person-centered-care-for-minorities,2026-10-04T21:59:38.912408+00:00,learn2care.us,True,downloaded,200.0,https://www.learn2care.us/blog/the-power-of-person-centered-care-for-minorities/,163629.0,success,12484,1765,html,text/html; charset=UTF-8,How Person-Centered Care Improves Minority Health Outcomes,Admin,2025-02-28,Learn2Care - AI-Powered Online Caregiver Training Platform,https://www.learn2care.us/blog/the-power-of-person-centered-care-for-minorities/,0.0,88e8e133688650a9d942.txt,21e5caa9cdadf5a51a24c0f65845fbe504f2dd8606a05a8e6abd7188bf385962
89020b2b99984124c848,https://aafp.org/afp/2018/1201/p645,2026-10-04T21:59:39.850114+00:00,aafp.org,True,downloaded,200.0,https://www.aafp.org/afp/2018/1201/p645,653511.0,success,42496,6049,html,text/html; charset=utf-8,Caring for Transgender and Gender-Diverse Persons: What Clinicians Should Know,David A Klein; Scott L Paradise; Emily T Goodwin,2018-12-01,American Academy of Family Physicians,https://www.aafp.org/afp/2018/1201/p645,0.0,89020b2b99984124c848.txt,f6c7fcce0e856afec11bf2eec55dac1ce236be4bb23ffd4e579f5f359b76eb5d
8991a130d2f812a341c2,https://pmc.ncbi.nlm.nih.gov/articles/PMC8279686,2026-10-04T21:59:39.874973+00:00,nih.gov,True,downloaded,200.0,https://pmc.ncbi.nlm.nih.gov/articles/PMC8279686,21363.0,success,131,18,html,text/html; charset=utf-8,Checking your browser,,2026-09-11,google.com,https://www.google.com/recaptcha/challengepage,0.0,8991a130d2f812a341c2.txt,febad3f3fe620c1fa70fbdc5b5d462a0bb66ad2faf9e39bbd8dd6eaad086906d
89b62fc747e057c3a051,https://chro.org/w/new-report-reveals-what-is-important-at-work-for-l,2026-10-04T21:59:40.096995+00:00,chro.org,False,http_error,403.0,https://chro.org/w/new-report-reveals-what-is-important-at-work-for-l,5746.0,not_extracted,0,0,,text/html; charset=UTF-8,,,,,,0.0,,
8a017f22833bba87f0fd,https://pmc.ncbi.nlm.nih.gov/articles/PMC4524744,2026-10-04T21:59:40.384933+00:00,nih.gov,True,downloaded,200.0,https://pmc.ncbi.nlm.nih.gov/articles/PMC4524744,21366.0,success,131,18,html,text/html; charset=utf-8,Checking your browser,,2026-09-11,google.com,https://www.google.com/recaptcha/challengepage,0.0,8a017f22833bba87f0fd.txt,febad3f3fe620c1fa70fbdc5b5d462a0bb66ad2faf9e39bbd8dd6eaad086906d
8a03b91d1f7a4524cf0a,https://centier.com/resources/articles/article-details/what-are-the-5-factors-that-affect-your-credit-score,2026-10-04T21:59:41.259988+00:00,centier.com,True,downloaded,200.0,https://www.centier.com/resources/articles/article-details/what-are-the-5-factors-that-affect-your-credit-score,56899.0,success,6379,1106,html,text/html; charset=utf-8,What Are The 5 Factors That Affect Your Credit Score? | Key Tips To Improve & Influence Your Credit,,2024-01-25,Centier Bank,https://www.centier.com/resources/articles/article-details/what-are-the-5-factors-that-affect-your-credit-score,0.0,8a03b91d1f7a4524cf0a.txt,c75d835f363e2a461a954b843393380f6c61f04ab41b051689d33e12cf82fcf2
8a171b18198a75558117,https://laborcenter.berkeley.edu/job-based-coverage-is-less-common-among-workers-who-are-black-or-latino-low-wage-immigrants-and-young-adults,2026-10-04T21:59:43.131211+00:00,berkeley.edu,True,downloaded,200.0,https://laborcenter.berkeley.edu/job-based-coverage-is-less-common-among-workers-who-are-black-or-latino-low-wage-immigrants-and-young-adults/,74128.0,success,6893,1050,html,text/html; charset=UTF-8,"Job-based coverage is less common among workers who are Black or Latino, low-wage, immigrants, and young adults",,2026-02-16,UC Berkeley Labor Center,https://laborcenter.berkeley.edu/job-based-coverage-is-less-common-among-workers-who-are-black-or-latino-low-wage-immigrants-and-young-adults/,0.0,8a171b18198a75558117.txt,9224b4386daf86e9bffc80a0bf787c428d606819f72e3a9213f556f44af07af3
8a193db7364cccbc3731,https://hbtbank.com/personal-banking/five-factors-that-impact-your-credit-score,2026-10-04T21:59:43.159645+00:00,hbtbank.com,True,downloaded,200.0,https://www.hbtbank.com/personal-banking/five-factors-that-impact-your-credit-score/,99299.0,success,3300,581,html,text/html; charset=UTF-8,Five Factors That Impact Your Credit Score - Heartland Bank and Trust Company,Heartland Bank; Trust Company; Csmedit,2025-01-01,Heartland Bank and Trust Company,https://www.hbtbank.com/personal-banking/five-factors-that-impact-your-credit-score/,0.0,8a193db7364cccbc3731.txt,5497a26b4b182e3598b7aa2e35c5f4a5b125534224da786e83968eb4f101879f
8a87ad985d5c093a724e,https://aibm.org/research/male-college-enrollment-and-completion,2026-10-04T21:59:43.640661+00:00,aibm.org,True,downloaded,200.0,https://aibm.org/research/male-college-enrollment-and-completion/,105546.0,success,9903,1604,html,text/html; charset=UTF-8,Degrees of difference: Male college enrollment and completion,Richard V Reeves; Will Secker,2025-10-03,American Institute for Boys and Men,https://aibm.org/research/male-college-enrollment-and-completion/,0.0,8a87ad985d5c093a724e.txt,72862550aea107391fac53b8eb1067df185be645e591fe25f2def58355961b62
8bbad1384dc90c0d11a3,https://bu.edu/sph/news/articles/2023/across-the-us-white-neighborhoods-have-more-greenery-fewer-dilapidated-buildings-fewer-multi-family-homes,2026-10-04T21:59:45.686581+00:00,bu.edu,True,downloaded,200.0,https://www.bu.edu/sph/news/articles/2023/across-the-us-white-neighborhoods-have-more-greenery-fewer-dilapidated-buildings-fewer-multi-family-homes,145073.0,success,4618,654,html,text/html; charset=UTF-8,"White Neighborhoods Have More Greenery, Fewer Dilapidated Buildings and Multi-Family Homes",Jillian McKoy is the senior writer; Editor,2023-01-19,BUSPH,https://www.bu.edu/sph/news/articles/2023/across-the-us-white-neighborhoods-have-more-greenery-fewer-dilapidated-buildings-fewer-multi-family-homes/,0.0,8bbad1384dc90c0d11a3.txt,3bc17bfbd246cefb332e561144575f585f5f2d76a15be6e51227c3d8ae5b295b
8bfe2a24b5b1bbe4b92d,https://nature.com/articles/s41598-025-97536-9,2026-10-04T21:59:46.213487+00:00,nature.com,True,downloaded,200.0,https://www.nature.com/articles/s41598-025-97536-9?error=cookies_not_supported&code=42c217b7-1ab8-42d1-9d05-d49441ee11dc,402395.0,success,53097,7656,html,text/html; charset=utf-8,Patient-centered communication and its impact on minority health competence and outcomes in the United States - Scientific Reports,Aidoo; Ebenezer Ato Kwamena; Wood; Sandra Freda; Issaka; Barikisu; Agyapong; William Ofosu,2025-04-07,Nature,https://www.nature.com/articles/s41598-025-97536-9,0.0,8bfe2a24b5b1bbe4b92d.txt,58c9dfa533402d9ea3be56aaff55dbf2b542a621ae6047c386e37fd13f577e0b
8c71f18516aaf1ac7212,https://journals.sagepub.com/doi/10.1177/0731121420908896,2026-10-04T21:59:46.750612+00:00,sagepub.com,False,http_error,403.0,https://journals.sagepub.com/doi/10.1177/0731121420908896,5738.0,not_extracted,0,0,,text/html; charset=UTF-8,,,,,,0.0,,
8ce0e04c8813a2b638d3,https://equitablegrowth.org/research-paper/measuring-psychological-burdens-in-access-to-u-s-social-programs,2026-10-04T21:59:46.800946+00:00,equitablegrowth.org,True,downloaded,200.0,https://equitablegrowth.org/research-paper/measuring-psychological-burdens-in-access-to-u-s-social-programs/,229862.0,success,35849,4987,html,text/html; charset=UTF-8,Measuring psychological burdens in access to U.S. social programs,AUTHORS Alexander Hertel-Fernandez,2024-05-06,Washington Center for Equitable Growth,https://equitablegrowth.org/research-paper/measuring-psychological-burdens-in-access-to-u-s-social-programs/,0.0,8ce0e04c8813a2b638d3.txt,307ee7e11b0f36386087c5ad349816bffd2d8db4542b9af9c2073b4b2e53b148
8d4b74f96737f9c79531,https://nationaldisabilityinstitute.org/financial-resilience-center/credit,2026-10-04T21:59:47.236952+00:00,nationaldisabilityinstitute.org,True,downloaded,200.0,https://www.nationaldisabilityinstitute.org/financial-resilience-center/credit/,248425.0,success,16536,2909,html,text/html; charset=UTF-8,Credit | Financial Resilience Resources for People with Disabilities,Katie Auchenbach,2022-02-14,National Disability Institute,https://www.nationaldisabilityinstitute.org/financial-resilience-center/credit/,0.0,8d4b74f96737f9c79531.txt,35d981dd0ea419eb349f64d54e142cc6b33f9aeecef82b971f3da8cb21a705aa
8d8f410bad02e96fd2f4,https://pmc.ncbi.nlm.nih.gov/articles/PMC10990005,2026-10-04T21:59:48.098955+00:00,nih.gov,True,downloaded,200.0,https://pmc.ncbi.nlm.nih.gov/articles/PMC10990005,21364.0,success,131,18,html,text/html; charset=utf-8,Checking your browser,,2026-09-11,google.com,https://www.google.com/recaptcha/challengepage,0.0,8d8f410bad02e96fd2f4.txt,febad3f3fe620c1fa70fbdc5b5d462a0bb66ad2faf9e39bbd8dd6eaad086906d
8e6c2cd3b81598fb6dbd,https://linkedin.com/pulse/attracting-women-workforce-why-female-specific-benefits-anna-oakes-l2bbc,2026-10-04T21:59:49.167241+00:00,linkedin.com,False,robots_disallowed,,https://linkedin.com/pulse/attracting-women-workforce-why-female-specific-benefits-anna-oakes-l2bbc,,not_extracted,0,0,,,,,,,,,,
8ec49e97b49928446e04,https://pmc.ncbi.nlm.nih.gov/articles/PMC3404465,2026-10-04T21:59:49.167478+00:00,nih.gov,True,downloaded,200.0,https://pmc.ncbi.nlm.nih.gov/articles/PMC3404465/,266951.0,success,88765,13796,html,text/html; charset=utf-8,"Laboring Underground: The Employment Patterns of Hispanic Immigrant Men in Durham, NC",Chenoa A Flippen,2012-02-01,Social problems,https://pmc.ncbi.nlm.nih.gov/articles/PMC3404465/,0.0,8ec49e97b49928446e04.txt,b345447197b2498807cf78954c69c2b72279c580e6011d8da9af61dff5d4f2b0
8f0ef28c6f421a946b17,https://openoregon.pressbooks.pub/raceandcrime1e/chapter/oo5-3,2026-10-04T21:59:50.027966+00:00,pressbooks.pub,False,http_error,403.0,https://openoregon.pressbooks.pub/raceandcrime1e/chapter/oo5-3,919.0,not_extracted,0,0,,text/html,,,,,,0.0,,
8fba4531d390121cdb99,https://nelp.org/credit-scores-are-supposed-to-be-race-neutral-thats-impossible,2026-10-04T21:59:51.302492+00:00,nelp.org,True,downloaded,200.0,https://www.nelp.org/credit-scores-are-supposed-to-be-race-neutral-thats-impossible/,60685.0,success,8448,1388,html,text/html; charset=UTF-8,Credit scores are supposed to be race-neutral. That’s impossible. - National Employment Law Project,Isadmin,2021-12-06,National Employment Law Project,https://www.nelp.org/credit-scores-are-supposed-to-be-race-neutral-thats-impossible/,0.0,8fba4531d390121cdb99.txt,c176d95a9482419302136bac936c2f3efa9e16ddbe0f24833c5ec8d361ab53c1
90a7538267b9ebbeeb16,https://chartspan.com/blog/why-cultural-competence-is-essential-to-delivering-patient-centered-care,2026-10-04T21:59:51.507897+00:00,chartspan.com,True,downloaded,200.0,https://www.chartspan.com/blog/why-cultural-competence-is-essential-to-delivering-patient-centered-care/,2001573.0,success,18275,2558,html,text/html; charset=UTF-8,Why Cultural Competence Is Essential to Delivering Patient-Centered Care - ChartSpan,Grace,2025-10-29,ChartSpan,https://www.chartspan.com/blog/why-cultural-competence-is-essential-to-delivering-patient-centered-care/,0.0,90a7538267b9ebbeeb16.txt,6abfa416510c91fb1e900799919eaace568bf8eec7dc9c26d166100d3be204af
90f384707c92f5159cce,https://cdc.gov/prepyourhealth/discussionguides/neighborhood.htm,2026-10-04T21:59:51.508402+00:00,cdc.gov,False,http_error,403.0,https://cdc.gov/prepyourhealth/discussionguides/neighborhood.htm,415.0,not_extracted,0,0,,text/html,,,,,,0.0,,
913137bd1b51f6920f5b,https://sciencedirect.com/science/article/pii/S2667321521000196,2026-10-04T21:59:52.861782+00:00,sciencedirect.com,False,http_error,403.0,https://www.sciencedirect.com/science/article/pii/S2667321521000196,1207871.0,not_extracted,0,0,,text/html; charset=UTF-8,,,,,,0.0,,
9139bb9661ebaa030c0a,https://pmc.ncbi.nlm.nih.gov/articles/PMC3704191,2026-10-04T21:59:54.385985+00:00,nih.gov,True,downloaded,200.0,https://pmc.ncbi.nlm.nih.gov/articles/PMC3704191,21366.0,success,131,18,html,text/html; charset=utf-8,Checking your browser,,2026-09-11,google.com,https://www.google.com/recaptcha/challengepage,0.0,9139bb9661ebaa030c0a.txt,febad3f3fe620c1fa70fbdc5b5d462a0bb66ad2faf9e39bbd8dd6eaad086906d
91ca603b4ff9cbb56d2b,https://pubmed.ncbi.nlm.nih.gov/41175735,2026-10-04T21:59:54.638535+00:00,nih.gov,True,downloaded,203.0,https://pubmed.ncbi.nlm.nih.gov/41175735/,5590.0,success,100,14,html,text/html; charset=utf-8,Cookies must be enabled,,,pubmed.ncbi.nlm.nih.gov,https://pubmed.ncbi.nlm.nih.gov/41175735/,0.0,91ca603b4ff9cbb56d2b.txt,f193d0de906419650acf171625dbd67f88f297290893b5473e1d8365c03d4b59
92365c7540e3ccca0275,https://fico.com/blogs/do-credit-scores-have-disparate-impact-racial-minorities,2026-10-04T21:59:55.058825+00:00,fico.com,True,downloaded,200.0,https://www.fico.com/blogs/do-credit-scores-have-disparate-impact-racial-minorities,6058.0,success,507,82,html,text/html; charset=UTF-8,Pardon Our Interruption,,,fico.com,https://www.fico.com/blogs/do-credit-scores-have-disparate-impact-racial-minorities,0.0,92365c7540e3ccca0275.txt,d53451935b3f8588ab6d5fe4cf7bd6504bc602dae78524798cab44f195ac8651
928cd3420df695414cfb,https://pmc.ncbi.nlm.nih.gov/articles/PMC2822409,2026-10-04T21:59:55.187305+00:00,nih.gov,True,downloaded,200.0,https://pmc.ncbi.nlm.nih.gov/articles/PMC2822409/,255437.0,success,60695,9040,html,text/html; charset=utf-8,Perceptions of Neighborhood Disorder: The Role of Individual and Neighborhood Characteristics,Irma T Elo; Laryssa Mykyta; Rachel Margolis; Jennifer F Culhane,2009-12-01,Social science quarterly,https://pmc.ncbi.nlm.nih.gov/articles/PMC2822409/,0.0,928cd3420df695414cfb.txt,76a2ea537785b86e6db68cdd3e05d2c0d5ba8112ba8a5a7a97c240359ab150e4
92943eed3357bf30bfc3,https://prestigepeo.com/blogs/job-quality-hispanic-latino-community,2026-10-04T21:59:56.039438+00:00,prestigepeo.com,True,downloaded,200.0,https://www.prestigepeo.com/blogs/job-quality-hispanic-latino-community/,244546.0,success,6002,945,html,text/html; charset=UTF-8,Major Issues Affecting Job Quality,Mark P,2022-09-15,PrestigePEO,https://www.prestigepeo.com/blogs/job-quality-hispanic-latino-community/,0.0,92943eed3357bf30bfc3.txt,e2f11e8f8631aa9b04279aaf799ba02e1465422f1f1f1296a2a34cb6b35e92ae
93682866568d9d18a50a,https://thetaskforce.org/news/transgender-workers-at-greater-risk-for-unemployment-and-poverty,2026-10-04T21:59:56.450795+00:00,thetaskforce.org,False,http_error,403.0,https://thetaskforce.org/news/transgender-workers-at-greater-risk-for-unemployment-and-poverty,5827.0,not_extracted,0,0,,text/html; charset=UTF-8,,,,,,0.0,,
9448970c042845b2343e,https://moneymanagement.org/blog/why-good-credit-is-harder-to-achieve-in-communities-of-color,2026-10-04T21:59:57.025028+00:00,moneymanagement.org,True,downloaded,200.0,https://www.moneymanagement.org/blog/why-good-credit-is-harder-to-achieve-in-communities-of-color,68633.0,success,6423,1039,html,text/html; charset=utf-8,Credit History: How it Matters for Communities of Color | MMI,Kate Bulger,2023-06-28,Money Management International,http://www.moneymanagement.org/blog/why-good-credit-is-harder-to-achieve-in-communities-of-color,0.0,9448970c042845b2343e.txt,73b136d786a9e5c37bec9eb759d23511903953371004cdd65eb0f691df67b5df
95a843f6ee7d8a4e8d0d,https://blinn.edu/nontraditional-gender/benefits.html,2026-10-04T21:59:57.119428+00:00,blinn.edu,False,curl_error,0.0,https://blinn.edu/nontraditional-gender/benefits.html,,not_extracted,0,0,,,,,,,,60.0,,
95e8aca593ad0b1471a0,https://bankrate.com/credit-cards/news/credit-cards-and-race-statistics,2026-10-04T21:59:57.642287+00:00,bankrate.com,False,http_error,405.0,https://www.bankrate.com/credit-cards/news/credit-cards-and-race-statistics,2111.0,not_extracted,0,0,,text/html; charset=UTF-8,,,,,,0.0,,
9635a04fc6e1f0807068,https://pmc.ncbi.nlm.nih.gov/articles/PMC6988471,2026-10-04T21:59:57.908124+00:00,nih.gov,True,downloaded,200.0,https://pmc.ncbi.nlm.nih.gov/articles/PMC6988471/,21365.0,success,131,18,html,text/html; charset=utf-8,Checking your browser,,2026-09-11,google.com,https://www.google.com/recaptcha/challengepage,0.0,9635a04fc6e1f0807068.txt,febad3f3fe620c1fa70fbdc5b5d462a0bb66ad2faf9e39bbd8dd6eaad086906d
96437a65a313b21480cf,https://investopedia.com/average-credit-scores-by-race-5214521,2026-10-04T21:59:58.729965+00:00,investopedia.com,False,http_error,402.0,https://www.investopedia.com/average-credit-scores-by-race-5214521,612.0,not_extracted,0,0,,text/html,,,,,,0.0,,
975cbf6f392a864cafe3,https://college.police.uk/guidance/improving-public-confidence-police/what-works-improving-police-contact-suspects,2026-10-04T22:00:01.034392+00:00,college.police.uk,False,hard_timeout,0.0,https://college.police.uk/guidance/improving-public-confidence-police/what-works-improving-police-contact-suspects,,not_extracted,0,0,,,,,,,,28.0,,
975d2870ecb7d7b5fa11,https://pmc.ncbi.nlm.nih.gov/articles/PMC6219469,2026-10-04T22:00:01.289134+00:00,nih.gov,True,downloaded,200.0,https://pmc.ncbi.nlm.nih.gov/articles/PMC6219469,21365.0,success,131,18,html,text/html; charset=utf-8,Checking your browser,,2026-09-11,google.com,https://www.google.com/recaptcha/challengepage,0.0,975d2870ecb7d7b5fa11.txt,febad3f3fe620c1fa70fbdc5b5d462a0bb66ad2faf9e39bbd8dd6eaad086906d
97b2a07da7a647027090,https://arxiv.org/html/2601.18342v1,2026-10-04T22:00:01.584660+00:00,arxiv.org,True,downloaded,200.0,https://arxiv.org/html/2601.18342v1,87933.0,success,25104,3530,html,text/html; charset=utf-8,Structural Gender Bias in Credit Scoring: Proxy Leakage,,2026-01-31,arxiv.org,https://arxiv.org/html/2601.18342v1,0.0,97b2a07da7a647027090.txt,f9751df09773544a7c105563d5a6ee17886c325fc58b030592827aa24458321d
9859a6c614dec4ad2dde,https://williamsinstitute.law.ucla.edu/publications/lgbt-housing-instability,2026-10-04T22:00:03.298369+00:00,ucla.edu,True,downloaded,200.0,https://williamsinstitute.law.ucla.edu/publications/lgbt-housing-instability/,120140.0,success,9033,1373,html,text/html; charset=UTF-8,"LGBT People and Housing Affordability, Discrimination, and Homelessness",Loyal; Thisisloyal Com,2021-08-03,The Williams Institute at UCLA School of Law,https://williamsinstitute.law.ucla.edu/publications/lgbt-housing-instability/,0.0,9859a6c614dec4ad2dde.txt,33202351118d0e4e8897c8799b773dcb431a002d502989250f0f1d83b420d6ea
9859a8edc19a4b8b2cf6,https://aptia-group.com/en-us/insights/why-are-employee-benefits-important-employees,2026-10-04T22:00:04.009351+00:00,aptia-group.com,True,downloaded,200.0,https://aptia-group.com/en-us/insights/why-are-employee-benefits-important-employees,203291.0,success,11642,1635,html,text/html; charset=UTF-8,Why Are Employee Benefits Important to Employees?,Why Are Employee Benefits Important,2026-09-17,Aptia Group,http://aptia-group.com/en-us/insights/why-are-employee-benefits-important-employees,0.0,9859a8edc19a4b8b2cf6.txt,64cd4464a0ff6e136b93607e0e49ff58b8ca210ea6bf42d0f9def50130d4a54d
99809f4c62b0a3797ed2,https://emerald.com/ijhma/article/19/3/581/1255642/Factors-influencing-residential-neighbourhood,2026-10-04T22:00:04.541619+00:00,emerald.com,False,http_error,403.0,https://www.emerald.com/ijhma/article/19/3/581/1255642/Factors-influencing-residential-neighbourhood,5868.0,not_extracted,0,0,,text/html; charset=UTF-8,,,,,,0.0,,
9acebb2b4972976061b3,https://jchs.harvard.edu/blog/locked-out-why-homeownership-out-reach-many-young-hispanic-families,2026-10-04T22:00:05.549768+00:00,harvard.edu,False,http_error,403.0,https://jchs.harvard.edu/blog/locked-out-why-homeownership-out-reach-many-young-hispanic-families,5836.0,not_extracted,0,0,,text/html; charset=UTF-8,,,,,,0.0,,
9ad8a1c370e6be32d8a9,https://stlouisfed.org/open-vault/2019/april/how-credit-score-determined,2026-10-04T22:00:07.541322+00:00,stlouisfed.org,False,curl_error,0.0,https://stlouisfed.org/open-vault/2019/april/how-credit-score-determined,,not_extracted,0,0,,,,,,,,92.0,,
9b0c1c329af7645b7194,https://americanprogress.org/article/protecting-advancing-health-care-transgender-adult-communities,2026-10-04T22:00:07.647953+00:00,americanprogress.org,False,http_error,403.0,https://www.americanprogress.org/article/protecting-advancing-health-care-transgender-adult-communities,5881.0,not_extracted,0,0,,text/html; charset=UTF-8,,,,,,0.0,,
9b3f8f089e177347406d,https://sciencedirect.com/science/article/abs/pii/S1936657423000407,2026-10-04T22:00:08.104538+00:00,sciencedirect.com,False,http_error,403.0,https://www.sciencedirect.com/science/article/abs/pii/S1936657423000407,1207905.0,not_extracted,0,0,,text/html; charset=UTF-8,,,,,,0.0,,
9beebc955155a8d08595,https://pmc.ncbi.nlm.nih.gov/articles/PMC2826704,2026-10-04T22:00:08.624954+00:00,nih.gov,True,downloaded,200.0,https://pmc.ncbi.nlm.nih.gov/articles/PMC2826704,21365.0,success,131,18,html,text/html; charset=utf-8,Checking your browser,,2026-09-11,google.com,https://www.google.com/recaptcha/challengepage,0.0,9beebc955155a8d08595.txt,febad3f3fe620c1fa70fbdc5b5d462a0bb66ad2faf9e39bbd8dd6eaad086906d
9c434a820b3590ceb180,https://news.illinois.edu/how-are-lgbtq-people-treated-by-law-enforcement,2026-10-04T22:00:10.804395+00:00,illinois.edu,True,downloaded,200.0,https://news.illinois.edu/how-are-lgbtq-people-treated-by-law-enforcement/,51806.0,success,5773,898,html,text/html; charset=UTF-8,How are LGBTQ people treated by law enforcement?,Sharita Forrest,2024-06-03,News Bureau,https://news.illinois.edu/how-are-lgbtq-people-treated-by-law-enforcement/,0.0,9c434a820b3590ceb180.txt,7c0d094ca4f49bc0c13ff23f9af04ce55b5f8bfecbe0dec34cb43254c7de725f
9c6b117897181b4107bf,https://archive-housingmatters.urban.org/research-summary/are-homebuyers-and-renters-color-deterred-high-quality-neighborhoods,2026-10-04T22:00:11.103363+00:00,urban.org,False,http_error,403.0,https://archive-housingmatters.urban.org/research-summary/are-homebuyers-and-renters-color-deterred-high-quality-neighborhoods,6019.0,not_extracted,0,0,,text/html; charset=UTF-8,,,,,,0.0,,
9c8778bb46fa8eb44702,https://americanprogress.org/article/recognizing-addressing-housing-insecurity-disabled-renters,2026-10-04T22:00:11.687379+00:00,americanprogress.org,False,http_error,403.0,https://www.americanprogress.org/article/recognizing-addressing-housing-insecurity-disabled-renters,5848.0,not_extracted,0,0,,text/html; charset=UTF-8,,,,,,0.0,,
9ce74ca6e4308a3711eb,https://psychology.town/environmental/assessing-residential-quality-enhanced-living,2026-10-04T22:00:11.780133+00:00,psychology.town,True,downloaded,200.0,https://psychology.town/environmental/assessing-residential-quality-enhanced-living/,221424.0,success,12178,1753,html,text/html; charset=UTF-8,Assessing Residential Quality for Enhanced Living Environments • Psychology Town,Prince Kumar,2025-11-13,Psychology Town,https://psychology.town/environmental/assessing-residential-quality-enhanced-living/,0.0,9ce74ca6e4308a3711eb.txt,bf67fbe7e3d149abe33ba9aba4096752a1db4d85f32bd325c4ca215633a2e609
9cf59d5de9f66b6206d7,https://pmc.ncbi.nlm.nih.gov/articles/PMC6902460,2026-10-04T22:00:11.876078+00:00,nih.gov,True,downloaded,200.0,https://pmc.ncbi.nlm.nih.gov/articles/PMC6902460,21365.0,success,131,18,html,text/html; charset=utf-8,Checking your browser,,2026-09-11,google.com,https://www.google.com/recaptcha/challengepage,0.0,9cf59d5de9f66b6206d7.txt,febad3f3fe620c1fa70fbdc5b5d462a0bb66ad2faf9e39bbd8dd6eaad086906d
9d3617d27a486423fd7f,https://thedecisionlab.com/big-problems/reducing-administrative-burden-in-public-services,2026-10-04T22:00:12.091214+00:00,thedecisionlab.com,True,downloaded,200.0,https://thedecisionlab.com/big-problems/reducing-administrative-burden-in-public-services,335971.0,success,29149,4359,html,text/html; charset=utf-8,Reducing Administrative Burden in Public Services - The Decision Lab,Maryam Sorkhou,2026-05-06,The Decision Lab,https://thedecisionlab.com/big-problems/reducing-administrative-burden-in-public-services,0.0,9d3617d27a486423fd7f.txt,233057ed3922c53706700e70c45780dc0a46a1c0758152737d4f76261b670b62
9d39c59798b371fb0f46,https://pmc.ncbi.nlm.nih.gov/articles/PMC2824588,2026-10-04T22:00:14.165902+00:00,nih.gov,True,downloaded,200.0,https://pmc.ncbi.nlm.nih.gov/articles/PMC2824588,21366.0,success,131,18,html,text/html; charset=utf-8,Checking your browser,,2026-09-11,google.com,https://www.google.com/recaptcha/challengepage,0.0,9d39c59798b371fb0f46.txt,febad3f3fe620c1fa70fbdc5b5d462a0bb66ad2faf9e39bbd8dd6eaad086906d
9e36cc31e585f530532a,https://tandfonline.com/doi/abs/10.1111/j.1533-8525.1993.tb00106.x,2026-10-04T22:00:14.288753+00:00,tandfonline.com,False,http_error,403.0,https://tandfonline.com/doi/abs/10.1111/j.1533-8525.1993.tb00106.x,5817.0,not_extracted,0,0,,text/html; charset=UTF-8,,,,,,0.0,,
9e50b890fa6e5a6b97f2,https://counciloncj.org/womens-justice-a-preliminary-assessment-of-women-in-the-criminal-justice-system,2026-10-04T22:00:14.399463+00:00,counciloncj.org,True,downloaded,200.0,https://counciloncj.org/womens-justice-a-preliminary-assessment-of-women-in-the-criminal-justice-system/,1144004.0,success,295453,38988,html,text/html; charset=UTF-8,Women's Justice: A Preliminary Assessment of Women in the Criminal Justice System - Council on Criminal Justice,Rachel Yen,2024-07-09,Council on Criminal Justice,https://counciloncj.org/womens-justice-a-preliminary-assessment-of-women-in-the-criminal-justice-system/,0.0,9e50b890fa6e5a6b97f2.txt,9f739aecddf2b83593347d68190e029d996cf1a6ad6e6f01108d427ae7739345
9e89c73929dfa036366d,https://brookings.edu/articles/racial-disparities-in-the-high-school-graduation-gender-gap,2026-10-04T22:00:14.782419+00:00,brookings.edu,True,downloaded,200.0,https://www.brookings.edu/articles/racial-disparities-in-the-high-school-graduation-gender-gap/,199266.0,success,7790,1303,html,text/html; charset=UTF-8,Racial disparities in the high school graduation gender gap | Brookings,Vandita Morarka,2023-04-26,Brookings,https://www.brookings.edu/articles/racial-disparities-in-the-high-school-graduation-gender-gap/,0.0,9e89c73929dfa036366d.txt,ce3a2c89522a1326c3a5c57ad4244e1c9c6a91b3c822e058db54206005b5636f
9eb34887a6c657371890,https://people.socsci.tau.ac.il/mu/hyalon/files/2021/06/College-gender-composition-8.pdf,2026-10-04T22:00:15.105318+00:00,tau.ac.il,True,downloaded,200.0,https://people.socsci.tau.ac.il/mu/hyalon/files/2021/06/College-gender-composition-8.pdf,811900.0,success,53840,7863,pdf,application/pdf,,,,,,0.0,9eb34887a6c657371890.txt,a4861c03fe3b72e449bfedf04ade69d42740bfc30f65752db2ccb0764e045051
9ebbff37fe07a5b14a24,https://money.usnews.com/credit-cards/articles/how-race-affects-your-credit-score,2026-10-04T22:00:15.776539+00:00,usnews.com,False,curl_error,0.0,https://money.usnews.com/credit-cards/articles/how-race-affects-your-credit-score,,not_extracted,0,0,,,,,,,,92.0,,
9ef36a0ea05744e6d3d9,https://aclu.org/publications/policing-progress-findings-from-a-national-survey-of-lgbtq-peoples-experiences-with-law-enforcement,2026-10-04T22:00:17.337027+00:00,aclu.org,True,downloaded,200.0,https://www.aclu.org/publications/policing-progress-findings-from-a-national-survey-of-lgbtq-peoples-experiences-with-law-enforcement,46480.0,success,7572,1114,html,text/html; charset=UTF-8,Policing Progress: Findings from a National Survey of LGBTQ+ People’s Experiences with Law Enforcement | American Civil Liberties Union,,2024-04-30,American Civil Liberties Union,https://www.aclu.org/publications/policing-progress-findings-from-a-national-survey-of-lgbtq-peoples-experiences-with-law-enforcement,0.0,9ef36a0ea05744e6d3d9.txt,64b0cec682ec1f512dd731cbf76f47bae79b1a99d057854bb8464eafd2a174bb
9f40d7942e97763d9bea,https://pmc.ncbi.nlm.nih.gov/articles/PMC7552981,2026-10-04T22:00:17.771989+00:00,nih.gov,True,downloaded,200.0,https://pmc.ncbi.nlm.nih.gov/articles/PMC7552981,21365.0,success,131,18,html,text/html; charset=utf-8,Checking your browser,,2026-09-11,google.com,https://www.google.com/recaptcha/challengepage,0.0,9f40d7942e97763d9bea.txt,febad3f3fe620c1fa70fbdc5b5d462a0bb66ad2faf9e39bbd8dd6eaad086906d
9f93057f7d03dfd71dcd,https://pmc.ncbi.nlm.nih.gov/articles/PMC12154956,2026-10-04T22:00:18.018299+00:00,nih.gov,True,downloaded,200.0,https://pmc.ncbi.nlm.nih.gov/articles/PMC12154956,21367.0,success,131,18,html,text/html; charset=utf-8,Checking your browser,,2026-09-11,google.com,https://www.google.com/recaptcha/challengepage,0.0,9f93057f7d03dfd71dcd.txt,febad3f3fe620c1fa70fbdc5b5d462a0bb66ad2faf9e39bbd8dd6eaad086906d
9f983c14d9f5c79c2f1f,https://urban.org/research/publication/why-are-there-gaps-lgbtq-homeownership,2026-10-04T22:00:19.013629+00:00,urban.org,False,http_error,403.0,https://www.urban.org/research/publication/why-are-there-gaps-lgbtq-homeownership,5858.0,not_extracted,0,0,,text/html; charset=UTF-8,,,,,,0.0,,
9fe580c39d4dd212b1b1,https://urban.org/racial-equity-analytics-lab/structural-racism-explainer-collection/causes-and-consequences-separate-and-unequal-neighborhoods,2026-10-04T22:00:19.027491+00:00,urban.org,False,http_error,403.0,https://www.urban.org/racial-equity-analytics-lab/structural-racism-explainer-collection/causes-and-consequences-separate-and-unequal-neighborhoods,6141.0,not_extracted,0,0,,text/html; charset=UTF-8,,,,,,0.0,,
a043972201f57372cc9f,https://southerneducation.org/wp-content/uploads/final-miles-to-go-report-2024_r15-1.pdf,2026-10-04T22:00:20.496981+00:00,southerneducation.org,True,downloaded,200.0,https://southerneducation.org/wp-content/uploads/final-miles-to-go-report-2024_r15-1.pdf,2564066.0,success,238570,32033,pdf,application/pdf,,,,,,0.0,a043972201f57372cc9f.txt,69c62d7caca1cc3dc781a0ed790531bd15a3c24e919a46bd1abf7eee4e80b377
a0ab27a11676ab28f524,https://nces.ed.gov/programs/coe/indicator/caa/young-adult-attainment,2026-10-04T22:00:21.074345+00:00,ed.gov,True,downloaded,200.0,https://nces.ed.gov/programs/coe/indicator/caa/young-adult-attainment,347687.0,success,16571,2206,html,text/html; charset=utf-8,Educational Attainment of Young Adults,,2026-04-10,nces.ed.gov,https://nces.ed.gov/programs/coe/indicator/caa/young-adult-attainment,0.0,a0ab27a11676ab28f524.txt,68c0a0845e2f89dbb673ef67f45d16673fc18694a07ae7aab58e91a6bc456772
a1268a5392c3d8bbf787,https://rdrc.wisc.edu/files/working-papers/WI-EMF22-01_Paper_Savin_8.24.23.pdf,2026-10-04T22:00:21.497509+00:00,wisc.edu,True,downloaded,200.0,https://rdrc.wisc.edu/files/working-papers/WI-EMF22-01_Paper_Savin_8.24.23.pdf,665299.0,success,104718,15126,pdf,application/pdf,,,,,,0.0,a1268a5392c3d8bbf787.txt,cd26fbdcb2ee61fe83343f9396d4e840477dd90ed0782977ea3b104cc4d77a79
a166231099c7b016c673,https://law.georgetown.edu/poverty-journal/blog/anti-lgbtq-discrimination-and-barriers-to-accessing-public-benefits,2026-10-04T22:00:22.618916+00:00,georgetown.edu,False,hard_timeout,0.0,https://law.georgetown.edu/poverty-journal/blog/anti-lgbtq-discrimination-and-barriers-to-accessing-public-benefits,,not_extracted,0,0,,,,,,,,28.0,,
a1a1627aa4bcf3176bf3,https://ncld.org/improving-graduation-rates-with-the-grad-partnership,2026-10-04T22:00:23.531977+00:00,ncld.org,True,downloaded,200.0,https://ncld.org/improving-graduation-rates-with-the-grad-partnership/,182111.0,success,6224,923,html,text/html; charset=UTF-8,Improving Graduation Rates with The GRAD Partnership - National Center for Learning Disabilities,Cierra Mangal,2025-06-13,National Center for Learning Disabilities,https://ncld.org/improving-graduation-rates-with-the-grad-partnership/,0.0,a1a1627aa4bcf3176bf3.txt,a05a45028adcdc145b0943f86b7fa92afc5a511eb31867b44bca44b0542ae2a8
a24fbba165190ade9ba5,https://cuofga.org/the-5-factors-that-affect-your-credit-score-and-simple-ways-to-boost-them,2026-10-04T22:00:25.100101+00:00,cuofga.org,True,downloaded,200.0,https://cuofga.org/the-5-factors-that-affect-your-credit-score-and-simple-ways-to-boost-them/,189462.0,success,6593,1102,html,text/html; charset=UTF-8,The 5 Factors That Affect Your Credit Score (And Simple Ways to Boost Them!) - Credit Union of Georgia,Marketing cuga,2021-03-19,Credit Union of Georgia,https://cuofga.org/the-5-factors-that-affect-your-credit-score-and-simple-ways-to-boost-them/,0.0,a24fbba165190ade9ba5.txt,78bf8ea1318e348e305626b39aa9f76b4825bcf902cf16cafa0e010e23ebf044
a2f0ade383c82c4d7b2e,https://nationalfairhousing.org/wp-content/uploads/2017/04/NFHA-credit-scoring-paper-for-Suffolk-NCLC-symposium-submitted-to-Suffolk-Law.pdf,2026-10-04T22:00:27.248663+00:00,nationalfairhousing.org,True,downloaded,200.0,https://nationalfairhousing.org/wp-content/uploads/2017/04/NFHA-credit-scoring-paper-for-Suffolk-NCLC-symposium-submitted-to-Suffolk-Law.pdf,783345.0,success,85842,12171,pdf,application/pdf,,,,,,0.0,a2f0ade383c82c4d7b2e.txt,3a7f7441f02420db6dd3555ef293409af3ecf88c06923694489dfe30ae729b48
a304fb79faec4e668ddf,https://counciloncj.org/policing-by-the-numbers,2026-10-04T22:00:27.592375+00:00,counciloncj.org,True,downloaded,200.0,https://counciloncj.org/policing-by-the-numbers/,275656.0,success,28726,4186,html,text/html; charset=UTF-8,Policing: By the Numbers - Council on Criminal Justice,Rachel Yen,2026-05-21,Council on Criminal Justice,https://counciloncj.org/policing-by-the-numbers/,0.0,a304fb79faec4e668ddf.txt,c0c7838e98989b5ba46b5fd7f75b5dbca5a9daa5dbf48a0ff84a39a09f0b4fb8
a33861a0c9b3a66f919c,https://pmc.ncbi.nlm.nih.gov/articles/PMC7978662,2026-10-04T22:00:27.820357+00:00,nih.gov,True,downloaded,200.0,https://pmc.ncbi.nlm.nih.gov/articles/PMC7978662,21366.0,success,131,18,html,text/html; charset=utf-8,Checking your browser,,2026-09-11,google.com,https://www.google.com/recaptcha/challengepage,0.0,a33861a0c9b3a66f919c.txt,febad3f3fe620c1fa70fbdc5b5d462a0bb66ad2faf9e39bbd8dd6eaad086906d
a33f36a497eabe32ac55,https://pmc.ncbi.nlm.nih.gov/articles/PMC11187815,2026-10-04T22:00:28.596581+00:00,nih.gov,True,downloaded,200.0,https://pmc.ncbi.nlm.nih.gov/articles/PMC11187815/,260937.0,success,62049,8659,html,text/html; charset=utf-8,A guide to caring for patients who identify as transgender and gender diverse in the emergency department,Logan Jardine; Courtney Edwards; Hannah Janeway; Chance Krempasky; Wendy Macias‐Konstantopoulos; Paula Whiteman; Antony Hsu,2024-06-20,Journal of the American College of Emergency Physicians Open,https://pmc.ncbi.nlm.nih.gov/articles/PMC11187815/,0.0,a33f36a497eabe32ac55.txt,22ef09ed7c63e4eccdc0ed84d4106b6756db7957d5cddb11fb1c736327ca28ad
a3d634be0ccfe0480643,https://acl.gov/programs/consumer-control/person-centered-planning,2026-10-04T22:00:28.946196+00:00,acl.gov,False,http_error,403.0,https://acl.gov/programs/consumer-control/person-centered-planning,179.0,not_extracted,0,0,,text/html,,,,,,0.0,,
a440ac1996fbeabd926c,https://openscholarship.wustl.edu/cgi/viewcontent.cgi?article=1978&context=csd_research,2026-10-04T22:00:28.948467+00:00,wustl.edu,False,http_error,403.0,https://openscholarship.wustl.edu/cgi/viewcontent.cgi?article=1978&context=csd_research,5840.0,not_extracted,0,0,,text/html; charset=UTF-8,,,,,,0.0,,
a46832edae1cf0a68cf6,https://luminafoundation.org/wp-content/uploads/2023/01/enrollment_completion_brief.pdf,2026-10-04T22:00:29.473175+00:00,luminafoundation.org,True,downloaded,200.0,https://luminafoundation.org/wp-content/uploads/2023/01/enrollment_completion_brief.pdf,413534.0,success,28498,3809,pdf,application/pdf,,,,,,0.0,a46832edae1cf0a68cf6.txt,5a2f604256a555533a1e5d7bd0d69a6fb99c3830ac3ef2303182d347195e90ee
a49781d32c92cc20812c,https://theeduledger.com/demographics/lgbtq/article/15281777/gay-men-have-the-highest-rates-of-degree-attainment-in-us-study-finds,2026-10-04T22:00:31.041280+00:00,theeduledger.com,False,http_error,403.0,https://www.theeduledger.com/demographics/lgbtq/article/15281777/gay-men-have-the-highest-rates-of-degree-attainment-in-us-study-finds,6025.0,not_extracted,0,0,,text/html; charset=UTF-8,,,,,,0.0,,
a49da209ced3b0e5c74f,https://bankpullman.com/articles/2024/06/5-factors-that-impact-your-credit-score-blog.html,2026-10-04T22:00:33.034341+00:00,bankpullman.com,True,downloaded,200.0,https://www.bankpullman.com/articles/2024/06/5-factors-that-impact-your-credit-score-blog.html,162192.0,success,1208,201,html,text/html;charset=utf-8,5 Factors That Impact Your Credit Score,,2024-06-05,Wintrust Financial Corportation,https://www.bankpullman.com/articles/2024/06/5-factors-that-impact-your-credit-score-blog.html,0.0,a49da209ced3b0e5c74f.txt,c53d38cef6fe012de8e98e88af72348f9862164917783045996d251ae77ee5ea
a4e57896d0aa8e859b6b,https://cato.org/policing-in-america/chapter-3/personal-contact-police-and-justice-system,2026-10-04T22:00:33.981886+00:00,cato.org,False,http_error,403.0,https://www.cato.org/policing-in-america/chapter-3/personal-contact-police-and-justice-system,770.0,not_extracted,0,0,,text/html,,,,,,0.0,,
a5e1dc137bf898f12a33,https://sciencedirect.com/science/article/pii/S1936657426000609,2026-10-04T22:00:34.268734+00:00,sciencedirect.com,False,http_error,403.0,https://www.sciencedirect.com/science/article/pii/S1936657426000609,1207871.0,not_extracted,0,0,,text/html; charset=UTF-8,,,,,,0.0,,
a5ef3321a99ddbcaf5a1,https://pmc.ncbi.nlm.nih.gov/articles/PMC7430435,2026-10-04T22:00:34.987958+00:00,nih.gov,True,downloaded,200.0,https://pmc.ncbi.nlm.nih.gov/articles/PMC7430435/,174259.0,success,38841,5869,html,text/html; charset=utf-8,Common barriers to healthcare for transgender people in the U.S. Southeast,Austin H Johnson; Ivy Hill; Jasmine Beach-Ferrara; Baker A Rogers; Andrew Bradford,2019-12-11,International Journal of Transgender Health,https://pmc.ncbi.nlm.nih.gov/articles/PMC7430435/,0.0,a5ef3321a99ddbcaf5a1.txt,f80710bf63ab55bed20b3f428caf93c61a5212ebf8b7f5db226103b0772a4dc1
a64e94d4ef56d1fa2dcb,https://bankcountryside.com/articles/2024/06/5-factors-that-impact-your-credit-score-blog.html,2026-10-04T22:00:35.062580+00:00,bankcountryside.com,True,downloaded,200.0,https://www.bankcountryside.com/articles/2024/06/5-factors-that-impact-your-credit-score-blog.html,163628.0,success,1208,201,html,text/html;charset=utf-8,5 Factors That Impact Your Credit Score,,2024-06-05,Wintrust Financial Corportation,https://bankcountryside.com/articles/2024/06/5-factors-that-impact-your-credit-score-blog.html,0.0,a64e94d4ef56d1fa2dcb.txt,c53d38cef6fe012de8e98e88af72348f9862164917783045996d251ae77ee5ea
a76107dc1b217ea3bd60,https://blog.nisbenefits.com/womens-health-trends-influencing-employee-benefits,2026-10-04T22:00:38.101307+00:00,nisbenefits.com,True,downloaded,200.0,https://blog.nisbenefits.com/womens-health-trends-influencing-employee-benefits,128513.0,success,7210,992,html,text/html; charset=UTF-8,Four Women’s Health Trends Influencing Employee Benefits,Steve Smith,2026-06-11,NISBenefits,https://blog.nisbenefits.com/womens-health-trends-influencing-employee-benefits,0.0,a76107dc1b217ea3bd60.txt,39f541d86b543661e29943db9062523b62bba8359581f6bb66a40f91e4f13053
a767c0d487a581319b32,https://preprints.org/manuscript/202503.1399,2026-10-04T22:00:38.758252+00:00,preprints.org,False,http_error,403.0,https://preprints.org/manuscript/202503.1399,393.0,not_extracted,0,0,,text/html,,,,,,0.0,,
a7c566ff347234b1c7e6,https://journals.sagepub.com/doi/full/10.1177/21582440221082863,2026-10-04T22:00:38.852411+00:00,sagepub.com,False,http_error,403.0,https://journals.sagepub.com/doi/full/10.1177/21582440221082863,5777.0,not_extracted,0,0,,text/html; charset=UTF-8,,,,,,0.0,,
a801150bbccdbb32d4b0,https://pressley.house.gov/2023/03/31/pressley-unveils-bill-to-make-credit-reporting-system-more-inclusive-for-trans-nonbinary-folks,2026-10-04T22:00:39.317576+00:00,house.gov,True,downloaded,200.0,https://pressley.house.gov/2023/03/31/pressley-unveils-bill-to-make-credit-reporting-system-more-inclusive-for-trans-nonbinary-folks/,68135.0,success,11331,1650,html,text/html; charset=UTF-8,"Pressley Unveils Bill to Make Credit Reporting System More Inclusive for Trans, Nonbinary Folks - Ayanna Pressley",Mae Eldahshoury,2023-03-31,Ayanna Pressley,https://pressley.house.gov/2023/03/31/pressley-unveils-bill-to-make-credit-reporting-system-more-inclusive-for-trans-nonbinary-folks/,0.0,a801150bbccdbb32d4b0.txt,ac1888cd75d35bca34924f58f1e288d7da52c93a3bb64185a55cf5c76acb4d6b
a82e3d5f389879509e46,https://investopedia.com/lgbtq-credit-barriers-7510340,2026-10-04T22:00:40.458251+00:00,investopedia.com,False,http_error,402.0,https://www.investopedia.com/lgbtq-credit-barriers-7510340,612.0,not_extracted,0,0,,text/html,,,,,,0.0,,
a861027e383d5d64e19d,https://mavenclinic.com/post/what-are-employee-benefits,2026-10-04T22:00:41.942381+00:00,mavenclinic.com,True,downloaded,200.0,https://www.mavenclinic.com/post/what-are-employee-benefits,157552.0,success,17753,2584,html,text/html; charset=utf-8,Understanding employee benefits: A guide for HR professionals,Maven Team,2024-06-25,Mavenclinic,https://www.mavenclinic.com/post/what-are-employee-benefits,0.0,a861027e383d5d64e19d.txt,b1141602fa3478b51f254ab7446ae398ed01a97ad8a344d2a08bc6201bf57705
a8b67274cc56646ae0da,https://linkedin.com/pulse/impact-hispanics-workforce-cultivating-diversity-through-djowc,2026-10-04T22:00:41.955882+00:00,linkedin.com,False,robots_disallowed,,https://linkedin.com/pulse/impact-hispanics-workforce-cultivating-diversity-through-djowc,,not_extracted,0,0,,,,,,,,,,
a950995a3381db3a3b15,https://bestcolleges.com/news/white-latino-college-completion-gap-widens,2026-10-04T22:00:41.956147+00:00,bestcolleges.com,True,downloaded,200.0,https://www.bestcolleges.com/news/white-latino-college-completion-gap-widens/,384002.0,success,6107,909,html,text/html; charset=utf-8,White and Latino/a College Completion Gap Widens | BestColleges,Ciarra Jones,2023-08-16,bestcolleges.com,https://www.bestcolleges.com/news/white-latino-college-completion-gap-widens/,0.0,a950995a3381db3a3b15.txt,01d4a8143bd7e01f6d8b24797ac1d46725ccad57d25b4d3cc11b73bdec75e92b
a96affda8ddf8ac4c934,https://aclusocal.org/know-your-rights/california-lgbtq-employment-rights,2026-10-04T22:00:42.798160+00:00,aclusocal.org,True,downloaded,200.0,https://www.aclusocal.org/know-your-rights/california-lgbtq-employment-rights/,67319.0,success,7350,1116,html,text/html; charset=UTF-8,California LGBTQ Employment Rights - ACLU of Socal,,2026-08-20,ACLU of Southern California,https://www.aclusocal.org/know-your-rights/california-lgbtq-employment-rights/,0.0,a96affda8ddf8ac4c934.txt,0c656b88cad8fe6b91c85a40e8edee021e2e1850ca9c47915113c54e0974b64f
a995639359a46e02c0aa,https://pmc.ncbi.nlm.nih.gov/articles/PMC10937607,2026-10-04T22:00:43.544451+00:00,nih.gov,True,downloaded,200.0,https://pmc.ncbi.nlm.nih.gov/articles/PMC10937607,21368.0,success,131,18,html,text/html; charset=utf-8,Checking your browser,,2026-09-11,google.com,https://www.google.com/recaptcha/challengepage,0.0,a995639359a46e02c0aa.txt,febad3f3fe620c1fa70fbdc5b5d462a0bb66ad2faf9e39bbd8dd6eaad086906d
ab1a656b9a4bdfbcb254,https://youtube.com/watch?t=1&v=Hxfjo1O9VpY,2026-10-04T22:00:43.745993+00:00,youtube.com,True,downloaded,200.0,https://www.youtube.com/watch?t=1&v=Hxfjo1O9VpY,1143937.0,success,146,23,html,text/html; charset=utf-8,For 2026 What Gayborhoods Are Really Affordable Here's The List,,2025-11-17,YouTube,https://www.youtube.com/watch?v=Hxfjo1O9VpY,0.0,ab1a656b9a4bdfbcb254.txt,8dbba17988e385133ba8f51d76cde1fc2c859262b666cb848e9cfe2478fd5e71
aba1a537a7ee56f0c808,https://wsac.wa.gov/sites/default/files/2015.12.3.Ritter.Graduation.Issue.Brief.pdf,2026-10-04T22:00:43.760295+00:00,wa.gov,True,downloaded,200.0,https://wsac.wa.gov/sites/default/files/2015.12.3.Ritter.Graduation.Issue.Brief.pdf,797040.0,success,52976,7289,pdf,application/pdf,,,,,,0.0,aba1a537a7ee56f0c808.txt,17d7343b8aec24e3303a9dbf7fce99db7ccedf9dd1c2aa5765b6eaaab3880eb7
ac3eeb580aa80a940d14,https://cbpp.org/research/health/states-can-reduce-medicaids-administrative-burdens-to-advance-health-and-racial,2026-10-04T22:00:44.187364+00:00,cbpp.org,False,http_error,403.0,https://cbpp.org/research/health/states-can-reduce-medicaids-administrative-burdens-to-advance-health-and-racial,6157.0,not_extracted,0,0,,text/html; charset=UTF-8,,,,,,0.0,,
ac7c472fee3a9d330d88,https://njcommonground.org/college-students-with-disabilities-what-factors-influence-successful-degree-completion,2026-10-04T22:00:45.740148+00:00,njcommonground.org,True,downloaded,200.0,https://njcommonground.org/college-students-with-disabilities-what-factors-influence-successful-degree-completion/,179272.0,success,2643,375,html,text/html; charset=UTF-8,College Students with Disabilities: What Factors Influence Successful Degree Completion?,,2012-11-12,NJCommonGround.org,https://njcommonground.org/college-students-with-disabilities-what-factors-influence-successful-degree-completion/,0.0,ac7c472fee3a9d330d88.txt,7d7b5caedbb78d7a345c981d87993befcbc729b4be1b3a59062f05436734712c
acdf7a2d544b6382a2cb,https://pmc.ncbi.nlm.nih.gov/articles/PMC7466314,2026-10-04T22:00:47.256936+00:00,nih.gov,True,downloaded,200.0,https://pmc.ncbi.nlm.nih.gov/articles/PMC7466314/,166649.0,success,32644,4824,html,text/html; charset=utf-8,Factors Influencing Nursing Students’ Person-Centered Care,Myoungsuk Kim,2020-08-16,Medicina,https://pmc.ncbi.nlm.nih.gov/articles/PMC7466314/,0.0,acdf7a2d544b6382a2cb.txt,49ef7d941ff0f553ba043ead29f765f99e5132a22af7f6b9c2b1d4dcb1a2665d
adcabab0e75d00bd23a2,https://americanprogress.org/article/how-dehumanizing-administrative-burdens-harm-disabled-people,2026-10-04T22:00:48.427079+00:00,americanprogress.org,False,http_error,403.0,https://www.americanprogress.org/article/how-dehumanizing-administrative-burdens-harm-disabled-people,5875.0,not_extracted,0,0,,text/html; charset=UTF-8,,,,,,0.0,,
ade222160499d6653aaa,https://icrowdnewswire.com/2023/07/13/what-you-need-to-know-about-lgbtq-credit-barriers,2026-10-04T22:00:48.592650+00:00,icrowdnewswire.com,False,http_error,403.0,https://icrowdnewswire.com/2023/07/13/what-you-need-to-know-about-lgbtq-credit-barriers,5802.0,not_extracted,0,0,,text/html; charset=UTF-8,,,,,,0.0,,
ae435f9bd206c60a93d8,https://home.treasury.gov/system/files/226/EP-WP-2024-05.pdf,2026-10-04T22:00:49.286532+00:00,treasury.gov,True,downloaded,200.0,https://home.treasury.gov/system/files/226/EP-WP-2024-05.pdf,2008614.0,success,114800,16801,pdf,application/pdf,,,,,,0.0,ae435f9bd206c60a93d8.txt,2acd377a79753c6a90de4216896b5cab912d696ece4c6f84292df0eaec315f73
aef6a700b378fbe0fdc3,https://pmc.ncbi.nlm.nih.gov/articles/PMC5538350,2026-10-04T22:00:49.901176+00:00,nih.gov,True,downloaded,200.0,https://pmc.ncbi.nlm.nih.gov/articles/PMC5538350/,180524.0,success,49486,7047,html,text/html; charset=utf-8,What is the key to culturally competent care: Reducing bias or cultural tailoring?,Adolfo G Cuevas; Kerth O’Brien; Somnath Saha,2017-02-06,Psychology & health,https://pmc.ncbi.nlm.nih.gov/articles/PMC5538350/,0.0,aef6a700b378fbe0fdc3.txt,4431d30093272bbc0e5b38432a4b63b3f56dfca41342e9f75c1e7a48bb8892b0
af124b6fcb490deeed85,https://chartspan.com/blog/patient-centered-care-explained-with-examples,2026-10-04T22:00:50.635548+00:00,chartspan.com,True,downloaded,200.0,https://www.chartspan.com/blog/patient-centered-care-explained-with-examples/,2003858.0,success,17783,2501,html,text/html; charset=UTF-8,Patient-Centered Care Explained: 7 Examples for Healthcare Leaders - ChartSpan,Aramtch,2026-07-08,ChartSpan,https://www.chartspan.com/blog/patient-centered-care-explained-with-examples/,0.0,af124b6fcb490deeed85.txt,82a8ed9a702b16ac0c0a0abd74ed8c5050afb3361e4b4c47eb2212b837929f5d
b022456affb70a8a603c,https://sentencingproject.org/press-releases/new-report-on-racial-disparities-in-policing-and-crime-from-the-sentencing-project,2026-10-04T22:00:50.933042+00:00,sentencingproject.org,True,downloaded,200.0,https://www.sentencingproject.org/press-releases/new-report-on-racial-disparities-in-policing-and-crime-from-the-sentencing-project/,81036.0,success,4254,634,html,text/html; charset=UTF-8,New Report on Racial Disparities in Policing and Crime from The Sentencing Project – The Sentencing Project,Breanna Bishop,2023-11-02,The Sentencing Project,https://www.sentencingproject.org/press-releases/new-report-on-racial-disparities-in-policing-and-crime-from-the-sentencing-project/,0.0,b022456affb70a8a603c.txt,f700683e3eb57bece2cc7dc4871d36dec0081e5b2948c7dec2f718786dda29aa
b0badfc8163908848434,https://pmc.ncbi.nlm.nih.gov/articles/PMC11970692,2026-10-04T22:00:51.140868+00:00,nih.gov,True,downloaded,200.0,https://pmc.ncbi.nlm.nih.gov/articles/PMC11970692,21368.0,success,131,18,html,text/html; charset=utf-8,Checking your browser,,2026-09-11,google.com,https://www.google.com/recaptcha/challengepage,0.0,b0badfc8163908848434.txt,febad3f3fe620c1fa70fbdc5b5d462a0bb66ad2faf9e39bbd8dd6eaad086906d
b15186f9915af67e0388,https://researchgate.net/publication/254965256_Who_We%27ll_Live_With_Neighborhood_Racial_Composition_Preferences_of_Whites_Blacks_and_Latinos,2026-10-04T22:00:51.877950+00:00,researchgate.net,False,http_error,403.0,https://www.researchgate.net/publication/254965256_Who_We%27ll_Live_With_Neighborhood_Racial_Composition_Preferences_of_Whites_Blacks_and_Latinos,21137.0,not_extracted,0,0,,text/html; charset=UTF-8,,,,,,0.0,,
b1db6937c7749679decd,https://upgrade.com/credit-health/insights/affects-credit-score,2026-10-04T22:00:53.977159+00:00,upgrade.com,True,downloaded,200.0,https://www.upgrade.com/credit-health/insights/affects-credit-score/,637239.0,success,5729,963,html,text/html; charset=utf-8,5 Factors That Affect Your Credit Score,,2025-10-30,Upgrade,https://www.upgrade.com/credit-health/insights/affects-credit-score/,0.0,b1db6937c7749679decd.txt,11d5f116607724ad806ab67a23260e6dae7efc9cfa116a807dd38cdd5a717258
b2925e38c72e889465d8,https://experian.com/blogs/insights/the-case-for-financial-inclusion,2026-10-04T22:00:54.237266+00:00,experian.com,False,hard_timeout,301.0,https://www.experian.com/blogs/insights/the-case-for-financial-inclusion,,not_extracted,0,0,,,,,,,,28.0,,
b323f31ce787bfe014ee,https://pmc.ncbi.nlm.nih.gov/articles/PMC9103323,2026-10-04T22:00:54.375053+00:00,nih.gov,True,downloaded,200.0,https://pmc.ncbi.nlm.nih.gov/articles/PMC9103323,21365.0,success,131,18,html,text/html; charset=utf-8,Checking your browser,,2026-09-11,google.com,https://www.google.com/recaptcha/challengepage,0.0,b323f31ce787bfe014ee.txt,febad3f3fe620c1fa70fbdc5b5d462a0bb66ad2faf9e39bbd8dd6eaad086906d
b3f9e027b55fbe441ff5,https://urban.org/urban-wire/how-states-can-narrow-latina-benefit-and-wage-gap,2026-10-04T22:00:54.958058+00:00,urban.org,False,http_error,403.0,https://www.urban.org/urban-wire/how-states-can-narrow-latina-benefit-and-wage-gap,5861.0,not_extracted,0,0,,text/html; charset=UTF-8,,,,,,0.0,,
b415088048ed1e20f604,https://psichi.org/page/284EyeFactors-That-Lead-to-Higher-Graduation-Rates-and-Less-Drop-Out,2026-10-04T22:00:55.165306+00:00,psichi.org,False,http_error,403.0,https://psichi.org/page/284EyeFactors-That-Lead-to-Higher-Graduation-Rates-and-Less-Drop-Out,5811.0,not_extracted,0,0,,text/html; charset=UTF-8,,,,,,0.0,,
b490bfe3373c9c32608e,https://sciencedirect.com/science/article/pii/S0264837720301332,2026-10-04T22:00:55.399136+00:00,sciencedirect.com,False,http_error,403.0,https://www.sciencedirect.com/science/article/pii/S0264837720301332,1207849.0,not_extracted,0,0,,text/html; charset=UTF-8,,,,,,0.0,,
b4a400196af6ca42a5fd,https://thanksben.com/blog/employee-benefits-that-accelerate-gender-equality-in-the-workplace,2026-10-04T22:00:55.951753+00:00,thanksben.com,True,downloaded,200.0,https://www.thanksben.com/blog/employee-benefits-that-accelerate-gender-equality-in-the-workplace,112592.0,success,6431,949,html,text/html; charset=utf-8,5 Employee Benefits That Accelerate Gender Equality in the Workplace,,2025-03-19,Thanks Ben Ltd.,https://www.thanksben.com/blog/employee-benefits-that-accelerate-gender-equality-in-the-workplace,0.0,b4a400196af6ca42a5fd.txt,fd19e7f959c8636080c98bde928e939246a02d712da40f75cb6ed2a7e0fdea72
b4ec4c2cd1b0234cbeab,https://pmc.ncbi.nlm.nih.gov/articles/PMC3105899,2026-10-04T22:00:57.629429+00:00,nih.gov,True,downloaded,200.0,https://pmc.ncbi.nlm.nih.gov/articles/PMC3105899,21365.0,success,131,18,html,text/html; charset=utf-8,Checking your browser,,2026-09-11,google.com,https://www.google.com/recaptcha/challengepage,0.0,b4ec4c2cd1b0234cbeab.txt,febad3f3fe620c1fa70fbdc5b5d462a0bb66ad2faf9e39bbd8dd6eaad086906d
b6b84817ed58af38bc02,https://nij.ojp.gov/topics/articles/race-trust-and-police-legitimacy,2026-10-04T22:00:57.658263+00:00,ojp.gov,True,downloaded,200.0,https://nij.ojp.gov/topics/articles/race-trust-and-police-legitimacy,57074.0,success,2697,394,html,text/html; charset=UTF-8,"Race, Trust and Police Legitimacy",,2013-01-09,National Institute of Justice,https://nij.ojp.gov/topics/articles/race-trust-and-police-legitimacy,0.0,b6b84817ed58af38bc02.txt,2bd9464362c949d8100fee8ae5164ff5873e5294e4c5e0c95f75612772f6b93a
b7172d4acde6ae053a88,https://youtube.com/watch?v=s_oLPj0Tsas,2026-10-04T22:00:57.906556+00:00,youtube.com,True,downloaded,200.0,https://www.youtube.com/watch?v=s_oLPj0Tsas,1350134.0,success,146,23,html,text/html; charset=utf-8,Addressing disparities in policing | Race and Culture,,2023-10-25,YouTube,https://www.youtube.com/watch?v=s_oLPj0Tsas,0.0,b7172d4acde6ae053a88.txt,8dbba17988e385133ba8f51d76cde1fc2c859262b666cb848e9cfe2478fd5e71
b7501cb300491e9a3461,https://prisonpolicy.org/blog/2024/12/19/policing_survey_2022,2026-10-04T22:00:58.527890+00:00,prisonpolicy.org,True,downloaded,200.0,https://www.prisonpolicy.org/blog/2024/12/19/policing_survey_2022/,72024.0,success,18650,3014,html,text/html; charset=UTF-8,"Despite fewer people experiencing police contact, racial disparities in arrests, police misconduct, and police use of force continue",Prison Policy Initiative,2024-12-19,PrisonPolicy,https://www.prisonpolicy.org/blog/2024/12/19/policing_survey_2022/,0.0,b7501cb300491e9a3461.txt,d0a6ecdf54bba55f3f4d20b3f6fdce6b756c3d770264c91f94f709e51e4228f7
b7c998a266298a228465,https://medresearch.umich.edu/sites/default/files/2024-06/RRTC-Evaluating-Housing-Concerns.pdf,2026-10-04T22:01:01.164920+00:00,umich.edu,False,http_error,403.0,https://medresearch.umich.edu/sites/default/files/2024-06/RRTC-Evaluating-Housing-Concerns.pdf,5817.0,not_extracted,0,0,,text/html; charset=UTF-8,,,,,,0.0,,
b8c3033dc5038838e977,https://pmc.ncbi.nlm.nih.gov/articles/PMC7415496,2026-10-04T22:01:01.171141+00:00,nih.gov,True,downloaded,200.0,https://pmc.ncbi.nlm.nih.gov/articles/PMC7415496,21366.0,success,131,18,html,text/html; charset=utf-8,Checking your browser,,2026-09-11,google.com,https://www.google.com/recaptcha/challengepage,0.0,b8c3033dc5038838e977.txt,febad3f3fe620c1fa70fbdc5b5d462a0bb66ad2faf9e39bbd8dd6eaad086906d
b8e0ac5f0fca26d0654e,https://pmc.ncbi.nlm.nih.gov/articles/PMC7227297,2026-10-04T22:01:01.285508+00:00,nih.gov,True,downloaded,200.0,https://pmc.ncbi.nlm.nih.gov/articles/PMC7227297,21365.0,success,131,18,html,text/html; charset=utf-8,Checking your browser,,2026-09-11,google.com,https://www.google.com/recaptcha/challengepage,0.0,b8e0ac5f0fca26d0654e.txt,febad3f3fe620c1fa70fbdc5b5d462a0bb66ad2faf9e39bbd8dd6eaad086906d
b9ef8dfbabd214f67ca3,https://asanet.org/wp-content/uploads/savvy/images/research/docs/pdf/RaceEthnicity_LaborMarket.pdf,2026-10-04T22:01:01.743629+00:00,asanet.org,False,http_error,403.0,https://asanet.org/wp-content/uploads/savvy/images/research/docs/pdf/RaceEthnicity_LaborMarket.pdf,5872.0,not_extracted,0,0,,text/html; charset=UTF-8,,,,,,0.0,,
ba17f6d82a81ab15de2a,https://ccl.org/articles/leading-effectively-articles/7-reasons-want-women-workplace,2026-10-04T22:01:01.937788+00:00,ccl.org,True,downloaded,200.0,https://www.ccl.org/articles/leading-effectively-articles/7-reasons-want-women-workplace/,189438.0,success,7805,1232,html,text/html; charset=UTF-8,Women in the Workplace: Why They Make Great Leaders & How To Support Them,Cathleen Clerkin,2026-05-11,Center for Creative Leadership,https://www.ccl.org/articles/leading-effectively-articles/7-reasons-want-women-workplace/,0.0,ba17f6d82a81ab15de2a.txt,cb845dac5d35df341e2fb5820409b4e3c837ac8f9b0e32eaa87ba2b05fbe04f9
ba799a234ecdb718d98c,https://link.springer.com/article/10.1186/s12913-020-05357-5,2026-10-04T22:01:01.976269+00:00,springer.com,False,robots_disallowed,,https://link.springer.com/article/10.1186/s12913-020-05357-5,,not_extracted,0,0,,,,,,,,,,
baf5b7af031fbe2bd745,https://homes.com/learn/how-neighborhoods-affect-home-values,2026-10-04T22:01:01.976473+00:00,homes.com,False,http_error,403.0,https://homes.com/learn/how-neighborhoods-affect-home-values,421.0,not_extracted,0,0,,text/html,,,,,,0.0,,
bbbaf8dda91783795a48,https://ebpa.net/the-role-of-employee-benefits-in-boosting-employee-engagement,2026-10-04T22:01:04.350421+00:00,ebpa.net,True,downloaded,200.0,https://ebpa.net/the-role-of-employee-benefits-in-boosting-employee-engagement/,132388.0,success,5510,791,html,text/html; charset=UTF-8,The Role of Employee Benefits in Boosting Employee Engagement,,2024-08-29,Employee Benefit Planning Association,https://ebpa.net/the-role-of-employee-benefits-in-boosting-employee-engagement/,0.0,bbbaf8dda91783795a48.txt,13b2a6acefad751de7d125c905124e9cd537734b7a608a846f6fdb8191452228
bc4ff40b912072546f9d,https://cambridge.org/core/journals/du-bois-review-social-science-research-on-race/article/examining-the-racial-and-gendered-impacts-of-policeinitiated-contacts-on-helpseeking/87C1B2ECEC7B2DBA25C57A2585418E8C,2026-10-04T22:01:04.453842+00:00,cambridge.org,False,http_error,429.0,https://www.cambridge.org/core/journals/du-bois-review-social-science-research-on-race/article/examining-the-racial-and-gendered-impacts-of-policeinitiated-contacts-on-helpseeking/87C1B2ECEC7B2DBA25C57A2585418E8C,1302.0,not_extracted,0,0,,text/html; charset=utf-8,,,,,,0.0,,
bd30d96ff1a8277127c0,https://orchard.com/blog/posts/under-the-radar-cities-for-lgbtq-homebuyers,2026-10-04T22:01:04.909513+00:00,orchard.com,True,downloaded,202.0,https://orchard.com/blog/posts/under-the-radar-cities-for-lgbtq-homebuyers,2016.0,success,157,26,html,text/html; charset=UTF-8,JavaScript is disabled,,,orchard.com,https://orchard.com/blog/posts/under-the-radar-cities-for-lgbtq-homebuyers,0.0,bd30d96ff1a8277127c0.txt,ebccbd5922b41e48d556f96420b77b24fb66ddfe709666bb5b22acc99765c63f
bd56dadb0bc354647b9a,https://pmc.ncbi.nlm.nih.gov/articles/PMC8483182,2026-10-04T22:01:05.630092+00:00,nih.gov,True,downloaded,200.0,https://pmc.ncbi.nlm.nih.gov/articles/PMC8483182/,267246.0,success,75546,10850,html,text/html; charset=utf-8,EDUCATIONAL OUTCOMES OF GENDER-DIVERSE YOUTH: A National Population-Based Study,LINDSEY WILKINSON; DARA SHIFRER; JENNIFER PEARSON,2021-08-16,Gender & society : official publication of Sociologists for Women in Society,https://pmc.ncbi.nlm.nih.gov/articles/PMC8483182/,0.0,bd56dadb0bc354647b9a.txt,077f6b8b099e875cc973334f63268aad116d817184ac88e8be59bb37aed9a0c9
bd97c4dec4c50f1c8b2e,https://pmc.ncbi.nlm.nih.gov/articles/PMC9341318,2026-10-04T22:01:06.945326+00:00,nih.gov,True,downloaded,200.0,https://pmc.ncbi.nlm.nih.gov/articles/PMC9341318/,190188.0,success,63856,9202,html,text/html; charset=utf-8,Gender-affirming Care for Transgender Patients,Nita Bhatt; Jesse Cannella; Julie P Gentile,2022-01-01,Innovations in Clinical Neuroscience,https://pmc.ncbi.nlm.nih.gov/articles/PMC9341318/,0.0,bd97c4dec4c50f1c8b2e.txt,d446d483409451f3faa6d73eafe6d415de513c8555f9fdf153ed404ecc0bec37
bda4f6f5aa9788769433,https://pmc.ncbi.nlm.nih.gov/articles/PMC9876026,2026-10-04T22:01:08.903622+00:00,nih.gov,True,downloaded,200.0,https://pmc.ncbi.nlm.nih.gov/articles/PMC9876026,21364.0,success,131,18,html,text/html; charset=utf-8,Checking your browser,,2026-09-11,google.com,https://www.google.com/recaptcha/challengepage,0.0,bda4f6f5aa9788769433.txt,febad3f3fe620c1fa70fbdc5b5d462a0bb66ad2faf9e39bbd8dd6eaad086906d
bdda7a8b5509d9030ab1,https://pmc.ncbi.nlm.nih.gov/articles/PMC7011228,2026-10-04T22:01:09.466263+00:00,nih.gov,True,downloaded,200.0,https://pmc.ncbi.nlm.nih.gov/articles/PMC7011228/,117393.0,success,15574,2106,html,text/html; charset=utf-8,Practicing Cultural Competence and Cultural Humility in the Care of Diverse Patients,Dorothy E Stubbe,2020-01-24,Focus: Journal of Life Long Learning in Psychiatry,https://pmc.ncbi.nlm.nih.gov/articles/PMC7011228/,0.0,bdda7a8b5509d9030ab1.txt,f29a105bbdb851eeaea27b1dbc38a38233de80c499e8547d03b140cc55bcf502
bde0f336aa94fcf7edd4,https://pmc.ncbi.nlm.nih.gov/articles/PMC9122412,2026-10-04T22:01:10.082350+00:00,nih.gov,True,downloaded,200.0,https://pmc.ncbi.nlm.nih.gov/articles/PMC9122412,21363.0,success,131,18,html,text/html; charset=utf-8,Checking your browser,,2026-09-11,google.com,https://www.google.com/recaptcha/challengepage,0.0,bde0f336aa94fcf7edd4.txt,febad3f3fe620c1fa70fbdc5b5d462a0bb66ad2faf9e39bbd8dd6eaad086906d
be825617309bb8283d04,https://nlc.org/article/2023/03/21/housing-for-women-female-headed-households,2026-10-04T22:01:10.764284+00:00,nlc.org,True,downloaded,200.0,https://www.nlc.org/article/2023/03/21/housing-for-women-female-headed-households,144313.0,success,9027,1357,html,text/html; charset=UTF-8,Housing for Women & Female-Headed Households,About the Author,2023-03-21,National League of Cities,https://www.nlc.org/article/2023/03/21/housing-for-women-female-headed-households/,0.0,be825617309bb8283d04.txt,959ad40ec54ea762b9513d3f286cf9ae1a5e3169fd69afdb6b87d7665b018a73
bee014e59384dbab3865,https://advancingpretrial.org/story/racism-policing-and-the-criminal-justice-system,2026-10-04T22:01:11.567462+00:00,advancingpretrial.org,False,http_error,403.0,https://www.advancingpretrial.org/story/racism-policing-and-the-criminal-justice-system,5852.0,not_extracted,0,0,,text/html; charset=UTF-8,,,,,,0.0,,
bfb7d73d963357d8ea02,https://sciencedirect.com/science/article/abs/pii/S1550857904800160,2026-10-04T22:01:12.122511+00:00,sciencedirect.com,False,http_error,403.0,https://www.sciencedirect.com/science/article/abs/pii/S1550857904800160,1207883.0,not_extracted,0,0,,text/html; charset=UTF-8,,,,,,0.0,,
c01cd618d6fc375bae06,https://hrc.org/resources/coming-out-at-work,2026-10-04T22:01:12.476119+00:00,hrc.org,True,downloaded,200.0,https://www.hrc.org/resources/coming-out-at-work,139752.0,success,6590,798,html,text/html; charset=UTF-8,Coming Out at Work,,2023-05-01,Coming Out at Work,https://www.hrc.org/resources/coming-out-at-work,0.0,c01cd618d6fc375bae06.txt,f309bc764c8e1fa0213c6ca3a7cdd637f66e08824064e4999f293ccba8e1f7a0
c04dcccaa0817e190664,https://pmc.ncbi.nlm.nih.gov/articles/PMC10551757,2026-10-04T22:01:12.975131+00:00,nih.gov,True,downloaded,200.0,https://pmc.ncbi.nlm.nih.gov/articles/PMC10551757,21365.0,success,131,18,html,text/html; charset=utf-8,Checking your browser,,2026-09-11,google.com,https://www.google.com/recaptcha/challengepage,0.0,c04dcccaa0817e190664.txt,febad3f3fe620c1fa70fbdc5b5d462a0bb66ad2faf9e39bbd8dd6eaad086906d
c06c5e713ff4479379d2,https://sciencedirect.com/science/article/abs/pii/S026427512300272X,2026-10-04T22:01:13.314206+00:00,sciencedirect.com,False,http_error,403.0,https://www.sciencedirect.com/science/article/abs/pii/S026427512300272X,1207905.0,not_extracted,0,0,,text/html; charset=UTF-8,,,,,,0.0,,
c0b30b7366291945e295,https://pubmed.ncbi.nlm.nih.gov/35133901,2026-10-04T22:01:14.207888+00:00,nih.gov,True,downloaded,203.0,https://pubmed.ncbi.nlm.nih.gov/35133901/,5590.0,success,100,14,html,text/html; charset=utf-8,Cookies must be enabled,,,pubmed.ncbi.nlm.nih.gov,https://pubmed.ncbi.nlm.nih.gov/35133901/,0.0,c0b30b7366291945e295.txt,f193d0de906419650acf171625dbd67f88f297290893b5473e1d8365c03d4b59
c0e93a457b5e58b3fe32,https://home.treasury.gov/news/featured-stories/post-5-racial-differences-in-educational-experiences-and-attainment,2026-10-04T22:01:15.070357+00:00,treasury.gov,True,downloaded,200.0,https://home.treasury.gov/news/featured-stories/post-5-racial-differences-in-educational-experiences-and-attainment,114197.0,success,34944,5229,html,text/html; charset=utf-8,Post 5: Racial Differences in Educational Experiences and Attainment,,2023-06-09,U.S. Department of the Treasury,https://home.treasury.gov/news/featured-stories/post-5-racial-differences-in-educational-experiences-and-attainment,0.0,c0e93a457b5e58b3fe32.txt,97da670757e95ac9091d23ab1979f49245510fd1eda13294acde1ce39fca4d6c
c172665575ca399f8795,https://journals.sagepub.com/doi/10.1177/10986111251372007,2026-10-04T22:01:16.223143+00:00,sagepub.com,False,http_error,403.0,https://journals.sagepub.com/doi/10.1177/10986111251372007,5762.0,not_extracted,0,0,,text/html; charset=UTF-8,,,,,,0.0,,
c1a2c18e30e1d5b3bd57,https://eraseracismny.org/storage/documents/FINAL_ERASE_Racism_2012_Housing_Survey_Report_web_version.pdf,2026-10-04T22:01:16.275636+00:00,eraseracismny.org,False,curl_error,0.0,https://eraseracismny.org/storage/documents/FINAL_ERASE_Racism_2012_Housing_Survey_Report_web_version.pdf,,not_extracted,0,0,,,,,,,,60.0,,
c205d81ce9befd8d08bf,https://williamsinstitute.law.ucla.edu/publications/policing-lgbq-people,2026-10-04T22:01:17.592879+00:00,ucla.edu,True,downloaded,200.0,https://williamsinstitute.law.ucla.edu/publications/policing-lgbq-people/,131819.0,success,2768,442,html,text/html; charset=UTF-8,Policing LGBQ People,Loyal; Thisisloyal Com,2021-05-14,The Williams Institute at UCLA School of Law,https://williamsinstitute.law.ucla.edu/publications/policing-lgbq-people/,0.0,c205d81ce9befd8d08bf.txt,ed32290aa9823b3317dd916539d27ab565f2a966e7ddb453247b24d5e530c7bf
c2af70405d67f4d5d4ef,https://higheredtoday.org/2024/05/20/understanding-the-factors-behind-college-completion,2026-10-04T22:01:17.798428+00:00,higheredtoday.org,True,downloaded,200.0,https://www.higheredtoday.org/2024/05/20/understanding-the-factors-behind-college-completion/,62691.0,success,3543,528,html,text/html; charset=UTF-8,Understanding the Factors Behind College Completion,ACE,2024-05-20,Higher Education Today,https://www.higheredtoday.org/2024/05/20/understanding-the-factors-behind-college-completion/,0.0,c2af70405d67f4d5d4ef.txt,24937dc7bd47b67cda427c621a44ff4e0d492892069ccca9033874fc05bc7b23
c37cad06c0c888e7b80f,https://pmc.ncbi.nlm.nih.gov/articles/PMC8423110,2026-10-04T22:01:18.098094+00:00,nih.gov,True,downloaded,200.0,https://pmc.ncbi.nlm.nih.gov/articles/PMC8423110,21363.0,success,131,18,html,text/html; charset=utf-8,Checking your browser,,2026-09-11,google.com,https://www.google.com/recaptcha/challengepage,0.0,c37cad06c0c888e7b80f.txt,febad3f3fe620c1fa70fbdc5b5d462a0bb66ad2faf9e39bbd8dd6eaad086906d
c4e24e6347b9aa5690d9,https://providentcu.org/blog/news/5-key-factors-that-impact-your-credit-score,2026-10-04T22:01:18.403077+00:00,providentcu.org,False,http_error,403.0,https://providentcu.org/blog/news/5-key-factors-that-impact-your-credit-score,309.0,not_extracted,0,0,,text/html; charset=UTF-8,,,,,,0.0,,
c4ef5282ca9cecd93194,https://equifax.com/personal/education/credit/score/articles/-/learn/5-things-that-may-hurt-your-credit-scores,2026-10-04T22:01:18.989096+00:00,equifax.com,True,downloaded,200.0,https://www.equifax.com/personal/education/credit/score/articles/-/learn/5-things-that-may-hurt-your-credit-scores,186742.0,success,5285,904,html,text/html;charset=UTF-8,Articles,Equifax,2023-06-01,Equifax Inc.,https://www.equifax.com/personal/education/credit/score/articles/-/learn/5-things-that-may-hurt-your-credit-scores,0.0,c4ef5282ca9cecd93194.txt,522bb96ede2e9ecd2c9a8b3740c37cddbedb5a1c0ae02a08e72f6b255c92f10f
c50ae0a4636747b3d46c,https://tandfonline.com/doi/full/10.1080/10439463.2025.2453449,2026-10-04T22:01:19.016130+00:00,tandfonline.com,False,http_error,403.0,https://tandfonline.com/doi/full/10.1080/10439463.2025.2453449,5783.0,not_extracted,0,0,,text/html; charset=UTF-8,,,,,,0.0,,
c5b6989467a64bb51fbf,https://ebsco.com/research-starters/politics-and-government/employment-among-latinos,2026-10-04T22:01:19.502270+00:00,ebsco.com,True,downloaded,200.0,https://www.ebsco.com/research-starters/politics-and-government/employment-among-latinos,141622.0,success,23781,3424,html,text/html,Employment among Latinos | Politics and Government | Research Starters | EBSCOhost,,2022-05-01,EBSCO,https://www.ebsco.com/,0.0,c5b6989467a64bb51fbf.txt,cd0f18a3ef2a5d94d90b65cffb9ec788bc1c0319808475c4529be089a26fe422
c6096765b330749ab6b1,https://bbc.com/news/world-us-canada-64458041,2026-10-04T22:01:21.370956+00:00,bbc.com,True,downloaded,200.0,https://www.bbc.com/news/world-us-canada-64458041,303151.0,success,6276,1041,html,text/html; charset=utf-8,Why do so many police traffic stops turn deadly?,Bernd Debusmann Jr,2023-01-31,BBC News,https://www.bbc.com/news/world-us-canada-64458041,0.0,c6096765b330749ab6b1.txt,c4179194132ddee0ffc91e0b52810a75b76c7275594a6c329b4652945b9487a7
c6a636e3578b03802076,https://pmc.ncbi.nlm.nih.gov/articles/PMC6131428,2026-10-04T22:01:21.615248+00:00,nih.gov,True,downloaded,200.0,https://pmc.ncbi.nlm.nih.gov/articles/PMC6131428,21365.0,success,131,18,html,text/html; charset=utf-8,Checking your browser,,2026-09-11,google.com,https://www.google.com/recaptcha/challengepage,0.0,c6a636e3578b03802076.txt,febad3f3fe620c1fa70fbdc5b5d462a0bb66ad2faf9e39bbd8dd6eaad086906d
c6bd79667dfd59070547,https://pmc.ncbi.nlm.nih.gov/articles/PMC8009488,2026-10-04T22:01:21.942690+00:00,nih.gov,True,downloaded,200.0,https://pmc.ncbi.nlm.nih.gov/articles/PMC8009488,21364.0,success,131,18,html,text/html; charset=utf-8,Checking your browser,,2026-09-11,google.com,https://www.google.com/recaptcha/challengepage,0.0,c6bd79667dfd59070547.txt,febad3f3fe620c1fa70fbdc5b5d462a0bb66ad2faf9e39bbd8dd6eaad086906d
c6e64399b2bcb1ae60be,https://upward-mobility.urban.org/framework/governance/policing,2026-10-04T22:01:22.068916+00:00,urban.org,False,http_error,403.0,https://upward-mobility.urban.org/framework/governance/policing,5759.0,not_extracted,0,0,,text/html; charset=UTF-8,,,,,,0.0,,
c90e35ad5a428e3169ec,https://ies.ed.gov/use-work/awards/factors-associated-postsecondary-success-students-disabilities,2026-10-04T22:01:22.661510+00:00,ed.gov,True,downloaded,200.0,https://ies.ed.gov/use-work/awards/factors-associated-postsecondary-success-students-disabilities,49489.0,success,5688,765,html,text/html; charset=UTF-8,Factors Associated with Postsecondary Success for Students with Disabilities,,2026-10-01,ies.ed.gov,https://ies.ed.gov/use-work/awards/factors-associated-postsecondary-success-students-disabilities,0.0,c90e35ad5a428e3169ec.txt,239787fca38a44361dacfb949d1d929fd0433a273934a3729bbb4fc3db9d10c1
c9ec87ac8594914f461c,https://pmc.ncbi.nlm.nih.gov/articles/PMC6440067,2026-10-04T22:01:23.336630+00:00,nih.gov,True,downloaded,200.0,https://pmc.ncbi.nlm.nih.gov/articles/PMC6440067,21365.0,success,131,18,html,text/html; charset=utf-8,Checking your browser,,2026-09-11,google.com,https://www.google.com/recaptcha/challengepage,0.0,c9ec87ac8594914f461c.txt,febad3f3fe620c1fa70fbdc5b5d462a0bb66ad2faf9e39bbd8dd6eaad086906d
ca06b406b2531bba32be,https://mypvhc.com/services/family-medicine/culturally-competent-care-for-latino-patients,2026-10-04T22:01:24.696299+00:00,mypvhc.com,False,http_error,403.0,https://mypvhc.com/services/family-medicine/culturally-competent-care-for-latino-patients,146.0,not_extracted,0,0,,text/html,,,,,,0.0,,
ca28ff322912853a1419,https://openpolicing.stanford.edu/findings,2026-10-04T22:01:24.847471+00:00,stanford.edu,True,downloaded,200.0,https://openpolicing.stanford.edu/findings/,37850.0,success,7200,1157,html,text/html; charset=utf-8,The Stanford Open Policing Project,,2023-01-01,openpolicing.stanford.edu,https://openpolicing.stanford.edu/,0.0,ca28ff322912853a1419.txt,e2d0e427a324136ec1e246fa95fce42ed9d18645260d2a5adc8bd6fbb023e993
caa57bf4bce2b9245b6d,https://cbcfinc.org/blog/cultural-competency-in-healthcare,2026-10-04T22:01:25.370639+00:00,cbcfinc.org,True,downloaded,200.0,https://www.cbcfinc.org/blog/cultural-competency-in-healthcare/,115890.0,success,3682,536,html,text/html; charset=UTF-8,Centering Black Voices for Better Health Outcomes » Congressional Black Caucus Foundation » Advancing the Global Black Community by Developing Leaders Informing Policy and Educating the Public,Congressional Black Caucus Foundation,2023-05-19,"Congressional Black Caucus Foundation, Inc.",https://www.cbcfinc.org/blog/cultural-competency-in-healthcare/,0.0,caa57bf4bce2b9245b6d.txt,2326ab1f5cd5d91db6fee534084697e26f8928fc2bad055cab1ebb6a2ac33701
caf34933050d2fccae9f,https://opportunityhome.org/resources/racial-equity-housing,2026-10-04T22:01:26.529717+00:00,opportunityhome.org,False,http_error,404.0,https://opportunityhome.org/resources/racial-equity-housing,10.0,not_extracted,0,0,,text/plain; charset=utf-8,,,,,,0.0,,
cbb0267eb9753dcdff9f,https://fordhaminstitute.org/national/commentary/modeling-education-trends-race-and-gender-college-graduation,2026-10-04T22:01:26.604054+00:00,fordhaminstitute.org,True,downloaded,200.0,https://fordhaminstitute.org/national/commentary/modeling-education-trends-race-and-gender-college-graduation,66219.0,success,6105,973,html,text/html; charset=UTF-8,Modeling education trends by race and gender in college graduation,,2025-02-07,The Thomas B. Fordham Institute,https://fordhaminstitute.org/national/commentary/modeling-education-trends-race-and-gender-college-graduation,0.0,cbb0267eb9753dcdff9f.txt,71e682a211a8654dd382d3aa69fe2d6b72fc82b6684ee0762bb8b061a55b6adb
cbdd5dfa4ce541164d82,https://cityrealty.com/nyc/market-insight/features/get-to-know/the-gay-effect-new-york-city-real-estate/63164,2026-10-04T22:01:28.342258+00:00,cityrealty.com,True,downloaded,200.0,https://www.cityrealty.com/nyc/market-insight/features/get-to-know/the-gay-effect-new-york-city-real-estate/63164,103391.0,success,6705,1035,html,text/html; charset=UTF-8,The gay effect on New York City real estate,Cait Etherington,2026-06-26,CityRealty,https://www.cityrealty.com/nyc/market-insight/features/get-to-know/the-gay-effect-new-york-city-real-estate/63164,0.0,cbdd5dfa4ce541164d82.txt,e2e5d9aef4f845aab4754ab42f8fdeb4d91574c9d3c3e1f4a002406e58fb142d
cc335b022dc02a18249c,https://luminafoundation.org/news-and-views/black-learners-arent-enrolling-or-staying-in-college-a-new-poll-shows-why,2026-10-04T22:01:30.063969+00:00,luminafoundation.org,True,downloaded,200.0,https://www.luminafoundation.org/news-and-views/black-learners-arent-enrolling-or-staying-in-college-a-new-poll-shows-why/,141250.0,success,4819,739,html,text/html; charset=UTF-8,Black learners aren't staying in college. A new poll shows why.,Matthew Jenkins,2023-02-10,Lumina Foundation,https://www.luminafoundation.org/news-and-views/black-learners-arent-enrolling-or-staying-in-college-a-new-poll-shows-why/,0.0,cc335b022dc02a18249c.txt,b98a7b40d6f76292e3f2a9d918dc65e3d578b075212f5ed8ce04058545df738f
ce0aa38640f9371a3f75,https://uspsfcu.org/women-credit-financial-wellness,2026-10-04T22:01:30.425895+00:00,uspsfcu.org,True,downloaded,200.0,https://uspsfcu.org/women-credit-financial-wellness/,117425.0,success,4029,680,html,text/html; charset=UTF-8,Women and Credit: Here’s How to Get on Solid Ground | USPS FCU,,2024-09-19,U. S. Postal Service FCU,https://uspsfcu.org/women-credit-financial-wellness/,0.0,ce0aa38640f9371a3f75.txt,8b63cb62201f09f40c7723fd98326b59dbaa03425ed334aa2e42f5ea773fe2f4
ce19eeb12707979aa904,https://academia.edu/26789242/Factors_That_Influence_Residents_Satisfaction_With_Neighborhoods,2026-10-04T22:01:31.049522+00:00,academia.edu,False,robots_disallowed,,https://academia.edu/26789242/Factors_That_Influence_Residents_Satisfaction_With_Neighborhoods,,not_extracted,0,0,,,,,,,,,,
ce5ff1a3c2f8b5f18a9c,https://endhomelessness.org/resources/research-and-analysis/housing-instability-among-gender-expansive-people-and-paths-forward,2026-10-04T22:01:31.695924+00:00,endhomelessness.org,True,downloaded,200.0,https://endhomelessness.org/resources/research-and-analysis/housing-instability-among-gender-expansive-people-and-paths-forward,355427.0,success,9317,1314,html,text/html; charset=UTF-8,Housing Instability Among Gender-Expansive People and Paths Forward,Daniel Soucy,2025-06-03,National Alliance to End Homelessness,https://endhomelessness.org/resources/research-and-analysis/housing-instability-among-gender-expansive-people-and-paths-forward/,0.0,ce5ff1a3c2f8b5f18a9c.txt,838cc3efa87c01f108aa80c84fcdf11938eb9e5739bb19b3c5432b897b88a190
ce82e9c36714876a1863,https://academic.oup.com/jpart/article/35/3/352/8123660?rss=1,2026-10-04T22:01:32.931900+00:00,oup.com,False,http_error,403.0,https://academic.oup.com/jpart/article/35/3/352/8123660?rss=1,5679.0,not_extracted,0,0,,text/html; charset=UTF-8,,,,,,0.0,,
ce9724da5b7f29ba9c4e,https://policechiefmagazine.org/iacpwork-developmental-disabilities-and-diversion,2026-10-04T22:01:33.534662+00:00,policechiefmagazine.org,True,downloaded,200.0,https://policechiefmagazine.org/iacpwork-developmental-disabilities-and-diversion,842.0,success,82,6,html,text/html,,,,policechiefmagazine.org,https://policechiefmagazine.org/iacpwork-developmental-disabilities-and-diversion,0.0,ce9724da5b7f29ba9c4e.txt,7101fe738a53bfea3db235bb3a1682044953424fbc1511fe167d3d01f009dd99
cee3a634d46f7ab1445f,https://usafacts.org/articles/what-do-americans-think-of-their-neighborhoods,2026-10-04T22:01:33.986665+00:00,usafacts.org,True,downloaded,200.0,https://usafacts.org/articles/what-do-americans-think-of-their-neighborhoods/,182145.0,success,2302,375,html,text/html; charset=utf-8,What do Americans think of their neighborhoods? | USAFacts,,2024-08-27,USAFacts,https://usafacts.org/articles/what-do-americans-think-of-their-neighborhoods/,0.0,cee3a634d46f7ab1445f.txt,632ebb97e938167b545ecbd2b1b0be1884b6fb06d883dd9f5349ba59aad238e2
cee45a8d4fe766f32822,https://au.adp.com/resources/articles-and-insights/articles/p/men-at-work.aspx,2026-10-04T22:01:34.504160+00:00,adp.com,False,http_error,403.0,https://au.adp.com/resources/articles-and-insights/articles/p/men-at-work.aspx,457.0,not_extracted,0,0,,text/html,,,,,,0.0,,
cfac0b7c1daa05d5c865,https://pmc.ncbi.nlm.nih.gov/articles/PMC11196069,2026-10-04T22:01:35.308938+00:00,nih.gov,True,downloaded,200.0,https://pmc.ncbi.nlm.nih.gov/articles/PMC11196069/,195124.0,success,31550,5444,html,text/html; charset=utf-8,"Police and Transgender and Gender Diverse People in the United States: A Brief Note on Interaction, Harassment, and Violence",Madeline R Stenersen; Kathryn Thomas; Sherry McKee,2022-02-08,Journal of interpersonal violence,https://pmc.ncbi.nlm.nih.gov/articles/PMC11196069/,0.0,cfac0b7c1daa05d5c865.txt,a8e86f4f9936b496a9d0b6f695d7a65e309e5a311c92a8466c83cc4467cd1a5f
cfe9be1c368c270a3bd7,https://autismspeaks.org/news/how-better-understanding-can-support-better-outcomes-police-interactions-autistics,2026-10-04T22:01:35.989969+00:00,autismspeaks.org,True,downloaded,200.0,https://www.autismspeaks.org/news/how-better-understanding-can-support-better-outcomes-police-interactions-autistics,212.0,empty_text,0,0,html,text/html,,,,autismspeaks.org,https://www.autismspeaks.org/news/how-better-understanding-can-support-better-outcomes-police-interactions-autistics,0.0,cfe9be1c368c270a3bd7.txt,e3b0c44298fc1c149afbf4c8996fb92427ae41e4649b934ca495991b7852b855
d07b1dc58fe64c76c317,https://csgjusticecenter.org/2021/10/12/how-are-hispanic-individuals-represented-in-the-criminal-justice-system,2026-10-04T22:01:36.323503+00:00,csgjusticecenter.org,True,downloaded,200.0,https://csgjusticecenter.org/2021/10/12/how-are-hispanic-individuals-represented-in-the-criminal-justice-system/,286010.0,success,4797,715,html,text/html; charset=UTF-8,How Are Hispanic Individuals Represented in the Criminal Justice System?,Amelia Vorpahl,2021-10-12,CSG Justice Center,https://csgjusticecenter.org/2021/10/12/how-are-hispanic-individuals-represented-in-the-criminal-justice-system/,0.0,d07b1dc58fe64c76c317.txt,47fdb83fb97a47fe53d45202dc6df9a95126c920bacb99bf09327632ed1900e0
d0b50cdebce1e88bc82a,https://proquest.com/openview/9ca44af81244315109d02d692710e230/1?cbl=2049610&pq-origsite=gscholar,2026-10-04T22:01:36.706285+00:00,proquest.com,False,curl_error,302.0,https://www.proquest.com/intermediateredirectforezproxy,,not_extracted,0,0,,text/html,,,,,,47.0,,
d0d2586f3182bc32d5ca,https://healthaffairs.org/content/forefront/reducing-administrative-burdens-increase-access-safety-net-programs,2026-10-04T22:01:36.797733+00:00,healthaffairs.org,False,http_error,403.0,https://healthaffairs.org/content/forefront/reducing-administrative-burdens-increase-access-safety-net-programs,5969.0,not_extracted,0,0,,text/html; charset=UTF-8,,,,,,0.0,,
d1a1e7ff99a19c783f27,https://hrc.org/resources/transitioning-in-the-workplace-a-guide-for-trans-employees,2026-10-04T22:01:37.746504+00:00,hrc.org,True,downloaded,200.0,https://www.hrc.org/resources/transitioning-in-the-workplace-a-guide-for-trans-employees,120578.0,success,9434,1415,html,text/html; charset=UTF-8,Transitioning in the Workplace: A Guide for Trans Employees,,2023-05-01,Transitioning in the Workplace: A Guide for Trans Employees,https://www.hrc.org/resources/transitioning-in-the-workplace-a-guide-for-trans-employees,0.0,d1a1e7ff99a19c783f27.txt,b9a5ccb30aa61c785540c6c26ad4dc9180170e6e6b3b873e2ba3bdd55ef52c74
d2d2f98d9fee8c4598fb,https://pmc.ncbi.nlm.nih.gov/articles/PMC10953678,2026-10-04T22:01:38.529098+00:00,nih.gov,True,downloaded,200.0,https://pmc.ncbi.nlm.nih.gov/articles/PMC10953678/,164642.0,success,35849,5031,html,text/html; charset=utf-8,Equitable Care for Patients With Disabilities: Considerations for the Gynecologic Health Care Professional,Julie P Barbera; Bridget Cichon; Nethra Ankam; Beth I Schwartz,2024-01-04,Obstetrics and Gynecology,https://pmc.ncbi.nlm.nih.gov/articles/PMC10953678/,0.0,d2d2f98d9fee8c4598fb.txt,812b0ad0efe0bc3342e75c893987ddf8feb1e9aeb1277e4265463dc89f10b0ef
d2f7aceb485eff4ae81f,https://policingequity.org/police-contact-with-black-and-latino-juvenile-boys-predicts-future-criminality,2026-10-04T22:01:39.093451+00:00,policingequity.org,True,downloaded,200.0,https://policingequity.org/police-contact-with-black-and-latino-juvenile-boys-predicts-future-criminality/,307717.0,success,2468,390,html,text/html; charset=UTF-8,Police Contact with Black and Latino Juvenile Boys Predicts Future Criminality - Policing Equity,Manager,2019-04-12,Policing Equity,https://policingequity.org/police-contact-with-black-and-latino-juvenile-boys-predicts-future-criminality/,0.0,d2f7aceb485eff4ae81f.txt,10e644b7f3db92b2b358fa7f65a6f5908553792a0035241268d8d837736b16f8
d35a7589ec9b46cadc08,https://apa.org/pubs/highlights/spotlight/issue-28,2026-10-04T22:01:39.166507+00:00,apa.org,True,downloaded,200.0,https://www.apa.org/pubs/highlights/spotlight/issue-28,212.0,empty_text,0,0,html,text/html,,,,apa.org,https://www.apa.org/pubs/highlights/spotlight/issue-28,0.0,d35a7589ec9b46cadc08.txt,e3b0c44298fc1c149afbf4c8996fb92427ae41e4649b934ca495991b7852b855
d36592de8a93c54e4d51,https://clasp.org/blog/administrative-burdens-exacerbate-inequities-and-must-be-reduced,2026-10-04T22:01:39.913647+00:00,clasp.org,True,downloaded,200.0,https://www.clasp.org/blog/administrative-burdens-exacerbate-inequities-and-must-be-reduced/,91359.0,success,5211,783,html,text/html; charset=UTF-8,Administrative Burdens Exacerbate Inequities and Must Be Reduced | CLASP,,2022-04-10,CLASP,https://www.clasp.org/blog/administrative-burdens-exacerbate-inequities-and-must-be-reduced/,0.0,d36592de8a93c54e4d51.txt,48027895dc400f980072be26f9612f88bf03f84715d500bfe5606d0f56b54172
d3f07018e5c001349588,https://freedomcu.org/debt-management/the-5-factors-that-affect-your-credit-score-and-simple-ways-to-boost-them,2026-10-04T22:01:40.844141+00:00,freedomcu.org,True,downloaded,200.0,https://freedomcu.org/debt-management/the-5-factors-that-affect-your-credit-score-and-simple-ways-to-boost-them/,105695.0,success,5986,954,html,text/html; charset=UTF-8,What Are the 5 Factors That Affect a Credit Score? | Freedom Credit Union,Emelyne Johns,2023-02-01,Freedom Credit Union,https://freedomcu.org/debt-management/the-5-factors-that-affect-your-credit-score-and-simple-ways-to-boost-them/,0.0,d3f07018e5c001349588.txt,1ae8c186fb418e12b31be9c2af73e1293538b2dba99527d3167a30275856a88b
d504546bc643b5899b72,https://pmc.ncbi.nlm.nih.gov/articles/PMC7067745,2026-10-04T22:01:42.915270+00:00,nih.gov,True,downloaded,200.0,https://pmc.ncbi.nlm.nih.gov/articles/PMC7067745,21363.0,success,131,18,html,text/html; charset=utf-8,Checking your browser,,2026-09-11,google.com,https://www.google.com/recaptcha/challengepage,0.0,d504546bc643b5899b72.txt,febad3f3fe620c1fa70fbdc5b5d462a0bb66ad2faf9e39bbd8dd6eaad086906d
d58552c0b66df77b6d0b,https://edtrust.org/rti/look-latino-student-success,2026-10-04T22:01:43.856474+00:00,edtrust.org,True,downloaded,200.0,https://edtrust.org/rti/look-latino-student-success/,112450.0,success,4400,678,html,text/html; charset=UTF-8,A Look at Latino Student Success,Andrew Howard Nichols,2024-07-05,EdTrust,https://edtrust.org/rti/look-latino-student-success/,0.0,d58552c0b66df77b6d0b.txt,fbf013272c537f68d56018bb1cf9e8fd62ce139f717066f1f12bde23023221bf
d5c409b2b5610fdb0bdc,https://pmc.ncbi.nlm.nih.gov/articles/PMC4290871,2026-10-04T22:01:44.849557+00:00,nih.gov,True,downloaded,200.0,https://pmc.ncbi.nlm.nih.gov/articles/PMC4290871,21365.0,success,131,18,html,text/html; charset=utf-8,Checking your browser,,2026-09-11,google.com,https://www.google.com/recaptcha/challengepage,0.0,d5c409b2b5610fdb0bdc.txt,febad3f3fe620c1fa70fbdc5b5d462a0bb66ad2faf9e39bbd8dd6eaad086906d
d5ee37fe532b36f64d5d,https://pmc.ncbi.nlm.nih.gov/articles/PMC7842519,2026-10-04T22:01:46.142427+00:00,nih.gov,True,downloaded,200.0,https://pmc.ncbi.nlm.nih.gov/articles/PMC7842519/,224669.0,success,70357,10662,html,text/html; charset=utf-8,Educational Gender Gaps,Shelly Lundberg,2020-10-23,Southern economic journal,https://pmc.ncbi.nlm.nih.gov/articles/PMC7842519/,0.0,d5ee37fe532b36f64d5d.txt,6498e45167997285571dae90e54b552316544ecc9306753b6ac54b8df80ca1e9
d67812661684d8c989a7,https://onlinelibrary.wiley.com/doi/10.1111/1745-9125.70063?af=R,2026-10-04T22:01:47.877988+00:00,wiley.com,False,http_error,403.0,https://onlinelibrary.wiley.com/doi/10.1111/1745-9125.70063?af=R,5832.0,not_extracted,0,0,,text/html; charset=UTF-8,,,,,,0.0,,
d692f888745398850821,https://aeaweb.org/conference/2019/preliminary/paper/2EAtra4a,2026-10-04T22:01:47.961591+00:00,aeaweb.org,True,downloaded,200.0,https://www.aeaweb.org/conference/2019/preliminary/paper/2EAtra4a,298704.0,success,64475,10093,pdf,application/pdf,,,,,,0.0,d692f888745398850821.txt,c9885fe9858bae4222789877a69260b56cf26821ce507a7929d341e0a1353c93
d7e2492a208496679ed6,https://files.eric.ed.gov/fulltext/EJ1062100.pdf,2026-10-04T22:01:48.112776+00:00,ed.gov,True,downloaded,200.0,https://files.eric.ed.gov/fulltext/EJ1062100.pdf,132652.0,success,16180,2266,pdf,application/pdf,,,,,,0.0,d7e2492a208496679ed6.txt,1049570e481f211d4c83d81c7ab861de14833464125cfb20a68c73c561261f2b
d80838d7354c1c72515a,https://finance.yahoo.com/news/establish-credit-adults-disabilities-203405315.html,2026-10-04T22:01:49.783415+00:00,yahoo.com,True,downloaded,200.0,https://finance.yahoo.com/news/establish-credit-adults-disabilities-203405315.html,1092087.0,success,2847,442,html,text/html; charset=utf-8,How to establish credit for adults with disabilities,Katie Kelton,2024-05-31,Yahoo! Finance,https://finance.yahoo.com/news/establish-credit-adults-disabilities-203405315.html,0.0,d80838d7354c1c72515a.txt,7bec7893212f9e90970f3e53a29456251325e5942cf4a0a53b16b971cc3750a4
d8559e16d0484607cc6a,https://redshoemovement.com/how-inclusive-workplaces-benefit-men,2026-10-04T22:01:49.787588+00:00,redshoemovement.com,True,downloaded,200.0,https://redshoemovement.com/how-inclusive-workplaces-benefit-men/,741384.0,success,5836,801,html,text/html; charset=UTF-8,How inclusive workplaces benefit men,Red Shoe Movement,2026-09-29,Red Shoe Movement,https://redshoemovement.com/how-inclusive-workplaces-benefit-men/,0.0,d8559e16d0484607cc6a.txt,295ed0660ef8f93139fae1b6b8dc23f95b639ff27639e99de15b284616601316
d931b9e9b2a609acdd1d,https://nature.com/articles/s41599-025-05355-0,2026-10-04T22:01:50.357645+00:00,nature.com,True,downloaded,200.0,https://www.nature.com/articles/s41599-025-05355-0?error=cookies_not_supported&code=056dba56-c4d8-4893-ba7a-479765700f27,353422.0,success,49502,7180,html,text/html; charset=utf-8,Factors influencing the spatial distribution of police stops and their efficacy in crime prevention and control - Humanities and Social Sciences Communications,Fan; Zhuoying; Zhang; Xuewei; Song; Guangwen; Chunxia,2025-07-05,Nature,https://www.nature.com/articles/s41599-025-05355-0,0.0,d931b9e9b2a609acdd1d.txt,24ad866cdf7b8faba835df94fe97c4a8e657d75409dd9a770294509e74623e8d
d931baff66f4065f8879,https://aecf.org/blog/factors-influencing-housing-decisions-among-low-income-families,2026-10-04T22:01:50.648353+00:00,aecf.org,False,http_error,403.0,https://www.aecf.org/blog/factors-influencing-housing-decisions-among-low-income-families,5820.0,not_extracted,0,0,,text/html; charset=UTF-8,,,,,,0.0,,
da13b4356d3b49637cac,https://rsfjournal.org/content/9/5/56,2026-10-04T22:01:52.576776+00:00,rsfjournal.org,False,curl_error,0.0,https://rsfjournal.org/content/9/5/56,,not_extracted,0,0,,,,,,,,6.0,,
da814da11949efab1489,https://prisonpolicy.org/research/disability,2026-10-04T22:01:52.628266+00:00,prisonpolicy.org,True,downloaded,200.0,https://www.prisonpolicy.org/research/disability/,49533.0,success,6309,924,html,text/html; charset=UTF-8,Disability,Prison Policy Initiative,2026-01-01,PrisonPolicy,https://www.prisonpolicy.org/research/disability/,0.0,da814da11949efab1489.txt,a27fd9df067c3b0c8b2deec49e61500aee93cff6af1bf34e958a75fbda9001c6
db26cce90525dd87e7cc,https://powertofly.com/up/transgender-employee-benefits,2026-10-04T22:01:53.831233+00:00,powertofly.com,True,downloaded,200.0,https://powertofly.com/up/transgender-employee-benefits,941116.0,success,7077,1088,html,text/html; charset=utf-8,Trans-inclusive employee benefits: 27 questions to guide yours,PowerToFly,2023-11-15,PowerToFly,https://powertofly.com/up/transgender-employee-benefits,0.0,db26cce90525dd87e7cc.txt,b9bd5bcd346d0d235eaa9ce4fa5a108aab51823af4142bb72aab751da603c543
db9dd182925b686c2aff,https://edexcelencia.org/latino-college-completion,2026-10-04T22:01:58.396709+00:00,edexcelencia.org,True,downloaded,200.0,https://www.edexcelencia.org/latino-college-completion,1232841.0,success,3522,518,html,text/html; charset=UTF-8,Latino College Completion | Excelencia in Education,,2024-07-01,Excelencia Education,https://www.edexcelencia.org/latino-college-completion,0.0,db9dd182925b686c2aff.txt,bcdeb6ace249930d9671d6dc7664d4a69b7aeb085e32c0ef0705066d604444fe
dd0a00421a2176a3d797,https://pmc.ncbi.nlm.nih.gov/articles/PMC10139110,2026-10-04T22:01:58.456661+00:00,nih.gov,True,downloaded,200.0,https://pmc.ncbi.nlm.nih.gov/articles/PMC10139110/,343722.0,success,84721,11836,html,text/html; charset=utf-8,Neighborhood Physical and Social Environments and Social Inequalities in Health in Older Adolescents and Young Adults: A Scoping Review,Martine Shareck; Eliana Aubé; Stephanie Sersli,2023-04-11,International Journal of Environmental Research and Public Health,https://pmc.ncbi.nlm.nih.gov/articles/PMC10139110/,0.0,dd0a00421a2176a3d797.txt,a58fa8bcd6338e3e6e62fc32ee4e054cec4e6c3e9b81ce6eed3dcea15c88114e
de32cd0cf78f91e72db1,https://excelenciaineducation.medium.com/how-accelerating-latino-college-completion-ensures-americas-future-593ea96adbf1,2026-10-04T22:01:59.473467+00:00,medium.com,False,http_error,403.0,https://excelenciaineducation.medium.com/how-accelerating-latino-college-completion-ensures-americas-future-593ea96adbf1,5401.0,not_extracted,0,0,,text/html; charset=UTF-8,,,,,,0.0,,
de477ec7b006fabcc3e9,https://aeaweb.org/articles?id=10.1257%2Fjep.20231394,2026-10-04T22:02:00.175631+00:00,aeaweb.org,True,downloaded,200.0,https://www.aeaweb.org/articles?id=10.1257%2Fjep.20231394,30355.0,success,1921,264,html,text/html; charset=UTF-8,Administrative Burdens in the Social Safety Net,Herd; Pamela; Moynihan; Donald,2025-02-04,Journal of Economic Perspectives,https://www.aeaweb.org/articles?id=10.1257%2Fjep.20231394,0.0,de477ec7b006fabcc3e9.txt,6720b677ad6c4599727bb68e4903af4d1e2a5a4a93a322a6e3e95b8b67a7baad
de48ea8b562251e2fe94,https://salud-america.org/the-state-of-latino-housing-transportation-greenspace-research,2026-10-04T22:02:01.474737+00:00,salud-america.org,True,downloaded,200.0,https://salud-america.org/the-state-of-latino-housing-transportation-greenspace-research/,78593.0,success,8323,1185,html,text/html; charset=UTF-8,"The State of Latino Housing, Transportation, and Green Space",Amelie Ramirez,2019-05-14,Salud America!,https://salud-america.org/the-state-of-latino-housing-transportation-greenspace-research/,0.0,de48ea8b562251e2fe94.txt,df6918ca04a0b5fb6d3724fa3cdd0652d17643f423f11500d01378d44a5b9349
de878ec6e15882cf332e,https://archive-housingmatters.urban.org/articles/how-can-we-advance-latino-homeownership-and-housing-stability,2026-10-04T22:02:01.510113+00:00,urban.org,False,http_error,403.0,https://archive-housingmatters.urban.org/articles/how-can-we-advance-latino-homeownership-and-housing-stability,5953.0,not_extracted,0,0,,text/html; charset=UTF-8,,,,,,0.0,,
dfb2ad437357781c8ab7,https://minneapolisfed.org/research/institute-working-papers/what-explains-the-growing-gender-education-gap-the-effects-of-parental-background-the-labor-market-and-the-marriage-market-on-college-attainment,2026-10-04T22:02:02.550443+00:00,minneapolisfed.org,True,downloaded,200.0,https://www.minneapolisfed.org/research/institute-working-papers/what-explains-the-growing-gender-education-gap-the-effects-of-parental-background-the-labor-market-and-the-marriage-market-on-college-attainment,83842.0,success,1769,273,html,text/html; charset=utf-8,"What Explains the Growing Gender Education Gap? The Effects of Parental Background, the Labor Market and the Marriage Market on College Attainment | Opportunity & Inclusive Growth Institute",,2023-12-19,minneapolisfed.org,https://www.minneapolisfed.org/research/institute-working-papers/what-explains-the-growing-gender-education-gap-the-effects-of-parental-background-the-labor-market-and-the-marriage-market-on-college-attainment,0.0,dfb2ad437357781c8ab7.txt,e026c230df2422a0a6f0e24c68070c236ad830b5588f8eb0dee7d4ffc3583585
dfee178f67f3886ca87b,https://experian.com/blogs/ask-experian/how-transgender-people-can-change-their-name-on-experian-credit-report,2026-10-04T22:02:03.055920+00:00,experian.com,True,downloaded,200.0,https://www.experian.com/blogs/ask-experian/how-transgender-people-can-change-their-name-on-experian-credit-report,219317.0,success,5620,935,html,text/html,How Trans People Can Change Their Name on Their Experian Credit Report,Emily Cahill,2022-01-27,Experian,https://www.experian.com/blogs/ask-experian/how-transgender-people-can-change-their-name-on-experian-credit-report/,0.0,dfee178f67f3886ca87b.txt,d0b4444b1b56a0dc4ff0eef9255a3693f1d80944f463a7a4af93a6769cc3886b
e0426390b9d579d11347,https://pmc.ncbi.nlm.nih.gov/articles/PMC10687291,2026-10-04T22:02:04.783833+00:00,nih.gov,True,downloaded,200.0,https://pmc.ncbi.nlm.nih.gov/articles/PMC10687291,21367.0,success,131,18,html,text/html; charset=utf-8,Checking your browser,,2026-09-11,google.com,https://www.google.com/recaptcha/challengepage,0.0,e0426390b9d579d11347.txt,febad3f3fe620c1fa70fbdc5b5d462a0bb66ad2faf9e39bbd8dd6eaad086906d
e0e6223014726e96be38,https://pmc.ncbi.nlm.nih.gov/articles/PMC6234844,2026-10-04T22:02:05.002927+00:00,nih.gov,True,downloaded,200.0,https://pmc.ncbi.nlm.nih.gov/articles/PMC6234844/,329470.0,success,97173,14804,html,text/html; charset=utf-8,Educational Attainment of Transgender Adults: Does the Timing of Transgender Identity Milestones Matter?,Lindsey Wilkinson; Jennifer Pearson; Hui Liu,2018-05-03,Social science research,https://pmc.ncbi.nlm.nih.gov/articles/PMC6234844/,0.0,e0e6223014726e96be38.txt,21fddfad778d2736df6c250e53ada91523bab83a7095ca8bbf7b81352c525b04
e1d2314af1b2c124b1db,https://pmc.ncbi.nlm.nih.gov/articles/PMC8522562,2026-10-04T22:02:05.088844+00:00,nih.gov,True,downloaded,200.0,https://pmc.ncbi.nlm.nih.gov/articles/PMC8522562/,248700.0,success,58073,8828,html,text/html; charset=utf-8,Patient administrative burden in the US health care system,Michael Anne Kyle; Austin B Frakt,2021-09-08,Health Services Research,https://pmc.ncbi.nlm.nih.gov/articles/PMC8522562/,0.0,e1d2314af1b2c124b1db.txt,7aa814bf827cab301f56a0bf52758c48e79efabbb22d0d64fe17e8e21c4e193c
e1d7bdde0d1c4f4659e4,https://williamsinstitute.law.ucla.edu/wp-content/uploads/Trans-Higher-Ed-Apr-2022.pdf,2026-10-04T22:02:05.610701+00:00,ucla.edu,True,downloaded,200.0,https://williamsinstitute.law.ucla.edu/wp-content/uploads/Trans-Higher-Ed-Apr-2022.pdf,3117468.0,success,53842,7543,pdf,application/pdf,,,,,,0.0,e1d7bdde0d1c4f4659e4.txt,f4af933d7d087d241482e0fc9929b5ee51ce6447f5b28bd53a3d0f3cee36de61
e264a8a090679a45ee91,https://hss.edu/health-library/conditions-and-treatments/enhancing-clinical-skills-lgbtq-care-hospital-setting,2026-10-04T22:02:05.993181+00:00,hss.edu,True,downloaded,200.0,https://www.hss.edu/health-library/conditions-and-treatments/enhancing-clinical-skills-lgbtq-care-hospital-setting,70349.0,success,20467,3135,html,text/html; charset=utf-8,Enhancing Your Clinical Skills in Caring for LGBTQ Patients,Nathan Levitt; MSN; FNP-BC,2024-12-04,Hospital for Special Surgery,https://www.hss.edu/health-library/conditions-and-treatments/enhancing-clinical-skills-lgbtq-care-hospital-setting,0.0,e264a8a090679a45ee91.txt,f5e690399a534459f6ffff481d532e886b25af56dbe23651935522a81802b063
e2725cb212093045b2eb,https://forbes.com/sites/michaeltnietzel/2024/08/07/women-continue-to-outpace-men-in-college-enrollment-and-graduation,2026-10-04T22:02:07.633192+00:00,forbes.com,False,http_error,403.0,https://forbes.com/sites/michaeltnietzel/2024/08/07/women-continue-to-outpace-men-in-college-enrollment-and-graduation,773.0,not_extracted,0,0,,text/html;charset=utf-8,,,,,,0.0,,
e2a4e93733aa1a580cc0,https://hruth.org/wp-content/uploads/2021/09/2.-Racial-Disparities-in-Police-Reporting-for-Partner-Violence.pdf,2026-10-04T22:02:08.819104+00:00,hruth.org,False,http_error,403.0,https://hruth.org/wp-content/uploads/2021/09/2.-Racial-Disparities-in-Police-Reporting-for-Partner-Violence.pdf,52.0,not_extracted,0,0,,text/html,,,,,,0.0,,
e30d3062e0bbbfdecd26,https://experian.com/blogs/ask-experian/women-and-credit,2026-10-04T22:02:09.231806+00:00,experian.com,True,downloaded,200.0,https://www.experian.com/blogs/ask-experian/women-and-credit,227533.0,success,10452,1724,html,text/html,"Women and Credit 2020: What the Past Looked Like, What the Future Holds - Experian",Brianna McGurran,2020-02-28,Experian,https://www.experian.com/blogs/ask-experian/women-and-credit/,0.0,e30d3062e0bbbfdecd26.txt,066e030d10e3ddb44854cf982a9df6c587867673bad04d37628e74f696bdbe39
e3413b2fe846867f4899,https://pmc.ncbi.nlm.nih.gov/articles/PMC11593969,2026-10-04T22:02:09.546616+00:00,nih.gov,True,downloaded,200.0,https://pmc.ncbi.nlm.nih.gov/articles/PMC11593969/,202574.0,success,40449,6228,html,text/html; charset=utf-8,Factors Influencing Person-Centered Care Among Psychiatric Nurses in Hospitals,Ji Su Lee; Mi Heui Jang; Min Jung Sun,2024-11-14,Healthcare,https://pmc.ncbi.nlm.nih.gov/articles/PMC11593969/,0.0,e3413b2fe846867f4899.txt,0e8d48b542498cb561e89f542a8ea22388dd569030aac7b69bdd2a2e13b7271f
e48dbddb4595b8194e4f,https://habitatcltregion.org/blog/homeownership-in-latino-and-hispanic-communities,2026-10-04T22:02:09.775388+00:00,habitatcltregion.org,True,downloaded,200.0,https://www.habitatcltregion.org/blog/homeownership-in-latino-and-hispanic-communities,446049.0,success,6490,951,html,text/html; charset=utf-8,Homeownership in Latino and Hispanic Communities | Habitat Charlotte Region,,2025-08-13,Habitat for Humanity of the Charlotte Region,https://www.habitatcltregion.org/blog/homeownership-in-latino-and-hispanic-communities,0.0,e48dbddb4595b8194e4f.txt,52130bd4581e3b9c65fb1f77b0684a6c1c9d210b5881bbb4bbca50f4e8fea3ab
e55c1ef739b07c74ad84,https://wol.iza.org/articles/sexual-orientation-and-labor-market-outcomes/long,2026-10-04T22:02:10.061879+00:00,iza.org,False,robots_disallowed,,https://wol.iza.org/articles/sexual-orientation-and-labor-market-outcomes/long,,not_extracted,0,0,,,,,,,,,,
e5d6ada77bbe75bd9d0f,https://pmc.ncbi.nlm.nih.gov/articles/PMC11351358,2026-10-04T22:02:10.286309+00:00,nih.gov,True,downloaded,200.0,https://pmc.ncbi.nlm.nih.gov/articles/PMC11351358,21368.0,success,131,18,html,text/html; charset=utf-8,Checking your browser,,2026-09-11,google.com,https://www.google.com/recaptcha/challengepage,0.0,e5d6ada77bbe75bd9d0f.txt,febad3f3fe620c1fa70fbdc5b5d462a0bb66ad2faf9e39bbd8dd6eaad086906d
e5f4b1585235b0af18ff,https://sciencedirect.com/science/article/pii/S0738399120300616,2026-10-04T22:02:11.687681+00:00,sciencedirect.com,False,http_error,403.0,https://www.sciencedirect.com/science/article/pii/S0738399120300616,1207871.0,not_extracted,0,0,,text/html; charset=UTF-8,,,,,,0.0,,
e6846b02a3975408ae8c,https://bjs.ojp.gov/library/publications/contacts-between-police-and-public-2022,2026-10-04T22:02:12.572249+00:00,ojp.gov,True,downloaded,200.0,https://bjs.ojp.gov/library/publications/contacts-between-police-and-public-2022,61655.0,success,777,130,html,text/html; charset=UTF-8,"Contacts Between Police and the Public, 2022",Author Susannah N Tapp; PhD; BJS Statistician; Elizabeth Davis,2024-10-04,Bureau of Justice Statistics,https://bjs.ojp.gov/library/publications/contacts-between-police-and-public-2022,0.0,e6846b02a3975408ae8c.txt,aaa8f7a2d8ca05568f8f3a6fb311600fadbbf90bda5fd7cf520450685c830d1d
e6ef8492433ff844aeac,https://harvardmagazine.com/2025/05/harvard-men-gender-gap-education-employment,2026-10-04T22:02:13.500294+00:00,harvardmagazine.com,False,http_error,403.0,https://harvardmagazine.com/2025/05/harvard-men-gender-gap-education-employment,5875.0,not_extracted,0,0,,text/html; charset=UTF-8,,,,,,0.0,,
e77d7b1d4280d6cac276,https://americanprogress.org/article/neglected-college-race-gap-racial-disparities-among-college-completers,2026-10-04T22:02:13.535052+00:00,americanprogress.org,False,http_error,403.0,https://www.americanprogress.org/article/neglected-college-race-gap-racial-disparities-among-college-completers,5905.0,not_extracted,0,0,,text/html; charset=UTF-8,,,,,,0.0,,
e7c1730c7776305fdac7,https://hrc.org/press-releases/transgender-workers-at-greater-risk-for-unemployment-and-poverty,2026-10-04T22:02:13.887470+00:00,hrc.org,True,downloaded,200.0,https://www.hrc.org/press-releases/transgender-workers-at-greater-risk-for-unemployment-and-poverty,107704.0,success,8545,1183,html,text/html; charset=UTF-8,REPORT: Transgender Workers at Greater Risk For Unemployment and…,,2013-09-06,REPORT: Transgender Workers at Greater Risk For Unemployment and Poverty,https://www.hrc.org/press-releases/transgender-workers-at-greater-risk-for-unemployment-and-poverty,0.0,e7c1730c7776305fdac7.txt,62fea1bd928b45f57b6735a25ae1eb97d11a1b1e7348a0a0b6f13a698d05f8de
e7f5f9ed8a6040ce4680,https://dol.gov/agencies/ebsa/about-ebsa/our-activities/resource-center/fact-sheets/women-and-job-based-health,2026-10-04T22:02:14.061494+00:00,dol.gov,False,http_error,403.0,https://dol.gov/agencies/ebsa/about-ebsa/our-activities/resource-center/fact-sheets/women-and-job-based-health,507.0,not_extracted,0,0,,text/html,,,,,,0.0,,
e8530c197fcd9d81b1b8,https://pmc.ncbi.nlm.nih.gov/articles/PMC8624572,2026-10-04T22:02:14.942377+00:00,nih.gov,True,downloaded,200.0,https://pmc.ncbi.nlm.nih.gov/articles/PMC8624572,21364.0,success,131,18,html,text/html; charset=utf-8,Checking your browser,,2026-09-11,google.com,https://www.google.com/recaptcha/challengepage,0.0,e8530c197fcd9d81b1b8.txt,febad3f3fe620c1fa70fbdc5b5d462a0bb66ad2faf9e39bbd8dd6eaad086906d
e8570d9aae5bbaeb7ab4,https://creditkarma.com/credit/i/what-affects-your-credit-scores,2026-10-04T22:02:15.200730+00:00,creditkarma.com,True,downloaded,200.0,https://creditkarma.com/Error_Credit_Karma.htm?referenceerror=18.89031502.1791151338.310bd97c,102719.0,success,290,41,html,text/html,Error,,2007-01-01,creditkarma.com,https://creditkarma.com/Error_Credit_Karma.htm?referenceerror=18.89031502.1791151338.310bd97c,0.0,e8570d9aae5bbaeb7ab4.txt,c1203374cb06ab400194d799cfdcade512f2daf42aaf40ee0323df53e9756164
e8d91b4fc31cd583054d,https://bls.gov/news.release/forbrn.nr0.htm,2026-10-04T22:02:15.936019+00:00,bls.gov,False,http_error,403.0,https://www.bls.gov/,1325.0,not_extracted,0,0,,text/html,,,,,,0.0,,
e8e4f30441bc3743c7b9,https://nefe.org/news/2022/06/lgbtqia-discrimination-in-financial-services.aspx,2026-10-04T22:02:16.777157+00:00,nefe.org,True,downloaded,200.0,https://www.nefe.org/news/2022/06/lgbtqia-discrimination-in-financial-services.aspx,80154.0,success,5811,855,html,text/html; charset=utf-8,"Nearly 1 in 3 LGBTQIA+ Respondents Say They’ve Experienced Discrimination, Bias in Financial Services",Beth Bean; Senior Vice President; Research; Policy,2022-06-24,NEFE_org,https://www.nefe.org/news/2022/06/lgbtqia-discrimination-in-financial-services,0.0,e8e4f30441bc3743c7b9.txt,7a1f051878bfcafb3306f8b2a1ad8f66cbca4a539c36653d781aad1c47b2c1a7
e9123aab8fc77dc6fb16,https://pn3policy.org/blog/administrative-burden-blog,2026-10-04T22:02:16.957549+00:00,pn3policy.org,True,downloaded,200.0,https://pn3policy.org/blog/administrative-burden-blog,332540.0,success,7800,1153,html,text/html; charset=UTF-8,Administrative Burden: Everyone Pays when Eligible Families Can't Access Public Assistance - Prenatal-to-3 Policy Impact Center,PN,2023-07-17,Prenatal-to-3 Policy Impact Center,https://pn3policy.org/blog/administrative-burden-blog/,0.0,e9123aab8fc77dc6fb16.txt,4c82f8ee746ffae6641cc8d23aa343f2a6cec4238dcd5f797ded4344db58fef7
e98593ff158abb7d736f,https://prisonpolicy.org/blog/2019/05/14/policingwomen,2026-10-04T22:02:17.046564+00:00,prisonpolicy.org,True,downloaded,200.0,https://www.prisonpolicy.org/blog/2019/05/14/policingwomen/,80907.0,success,29389,4996,html,text/html; charset=UTF-8,"Policing Women: Race and gender disparities in police stops, searches, and use of force",Prison Policy Initiative,2019-05-14,PrisonPolicy,https://www.prisonpolicy.org/blog/2019/05/14/policingwomen/,0.0,e98593ff158abb7d736f.txt,cb8d247df73c3c075d64e85e9c9cf7d4e7bbf4ed1f190759627ed842429c3b2c
ea00a9cc1ce5cc44866b,https://unidosus.org/progress-report/unfinished-journeys-the-hidden-struggle-of-latino-men-in-higher-education,2026-10-04T22:02:18.740946+00:00,unidosus.org,True,downloaded,200.0,https://unidosus.org/progress-report/unfinished-journeys-the-hidden-struggle-of-latino-men-in-higher-education/,84818.0,success,4816,725,html,text/html; charset=UTF-8,Unfinished journeys: The hidden struggle of Latino men in higher education,On,2025-05-29,UnidosUS,https://unidosus.org/progress-report/unfinished-journeys-the-hidden-struggle-of-latino-men-in-higher-education/,0.0,ea00a9cc1ce5cc44866b.txt,deb7c1022860f3b8e8f4fd4be2539461c33c8ab69cd7af2d31bb4e36119fef6b
ea55fe5eba33ed7be539,https://har.com/ri/3260/how-to-assess-a-neighborhoods-livability,2026-10-04T22:02:19.161835+00:00,har.com,False,http_error,403.0,https://www.har.com/ri/3260/how-to-assess-a-neighborhoods-livability,4935.0,not_extracted,0,0,,text/html,,,,,,0.0,,
eb29811d3b0faf0a7fdc,https://transgenderlawcenter.org/resources/law-enforcement-interactions-rights-and-realities,2026-10-04T22:02:20.315746+00:00,transgenderlawcenter.org,True,downloaded,200.0,https://transgenderlawcenter.org/resources/law-enforcement-interactions-rights-and-realities/,182515.0,success,30126,4880,html,text/html; charset=UTF-8,Transgender people and law enforcement interactions: Rights and Realities - Transgender Law Center,,2026-09-08,Transgender Law Center,https://transgenderlawcenter.org/resources/law-enforcement-interactions-rights-and-realities/,0.0,eb29811d3b0faf0a7fdc.txt,0a08884491769e7ba11506d2eac85de156bd2244400612d900f8071b9c1445d2
ec7b44c925312f6e6a62,https://gao.gov/women-and-gender-public-policy,2026-10-04T22:02:20.990034+00:00,gao.gov,False,http_error,403.0,https://www.gao.gov/women-and-gender-public-policy,411.0,not_extracted,0,0,,text/html,,,,,,0.0,,
ed24b348dd5d600518dd,https://pmc.ncbi.nlm.nih.gov/articles/PMC9707003,2026-10-04T22:02:21.188524+00:00,nih.gov,True,downloaded,200.0,https://pmc.ncbi.nlm.nih.gov/articles/PMC9707003,21366.0,success,131,18,html,text/html; charset=utf-8,Checking your browser,,2026-09-11,google.com,https://www.google.com/recaptcha/challengepage,0.0,ed24b348dd5d600518dd.txt,febad3f3fe620c1fa70fbdc5b5d462a0bb66ad2faf9e39bbd8dd6eaad086906d
ed35b334eb99b55ee98b,https://pmc.ncbi.nlm.nih.gov/articles/PMC11340964,2026-10-04T22:02:22.146630+00:00,nih.gov,True,downloaded,200.0,https://pmc.ncbi.nlm.nih.gov/articles/PMC11340964,21367.0,success,131,18,html,text/html; charset=utf-8,Checking your browser,,2026-09-11,google.com,https://www.google.com/recaptcha/challengepage,0.0,ed35b334eb99b55ee98b.txt,febad3f3fe620c1fa70fbdc5b5d462a0bb66ad2faf9e39bbd8dd6eaad086906d
edd9f86947b698c1aa89,https://mdpi.com/2076-0760/14/6/379,2026-10-04T22:02:22.373129+00:00,mdpi.com,False,http_error,403.0,https://mdpi.com/2076-0760/14/6/379,392.0,not_extracted,0,0,,text/html,,,,,,0.0,,
eddc547486d6385e4592,https://ajod.org/index.php/ajod/article/view/1589/3214,2026-10-04T22:02:23.020215+00:00,ajod.org,True,downloaded,200.0,https://ajod.org/index.php/ajod/article/view/1589/3214,105377.0,success,45405,6141,html,text/html; charset=utf-8,Factors influencing person-centred care: Speech-language pathologists and audiologists perspective,Faheema Mahomed-Asmail; Louise Metcalfe; Marien A Graham; Renata Eccles,2025-03-25,African Journal of Disability,https://ajod.org/index.php/ajod/article/view/1589/3214,0.0,eddc547486d6385e4592.txt,4870e4c5b7afec27777d4fadf3b27372c0b34a7f759dfa03c9823f6502383bdf
ee09558c8704aa7e055a,https://qualityinteractions.com/blog/border-walls-cultural-competency-and-the-hispanic/latino-population,2026-10-04T22:02:23.166828+00:00,qualityinteractions.com,False,http_error,500.0,https://qualityinteractions.com/blog/border-walls-cultural-competency-and-the-hispanic/latino-population,0.0,not_extracted,0,0,,text/html; charset=UTF-8,,,,,,0.0,,
ee3c4e8fde47ab65ec2f,https://ajmc.com/view/racial-disparities-among-us-neighborhoods-may-have-implications-for-health-outcomes,2026-10-04T22:02:24.431869+00:00,ajmc.com,True,downloaded,200.0,https://www.ajmc.com/view/racial-disparities-among-us-neighborhoods-may-have-implications-for-health-outcomes,581811.0,success,4341,593,html,text/html; charset=utf-8,Racial Disparities Among US Neighborhoods May Have Implications for Health Outcomes | AJMC,Pearl Steinzor,2023-01-28,"AJMC - Managed Care News, Research, and Expert Insights",https://www.ajmc.com/view/racial-disparities-among-us-neighborhoods-may-have-implications-for-health-outcomes,0.0,ee3c4e8fde47ab65ec2f.txt,06ad343c73b37c88824925e8f081a9f7292757e143e30fdb19fd7f3040cec18c
ee881b80a2ffa0e2ade3,https://onlinelibrary.wiley.com/doi/10.1111/joca.12343,2026-10-04T22:02:25.510390+00:00,wiley.com,False,http_error,403.0,https://onlinelibrary.wiley.com/doi/10.1111/joca.12343,5765.0,not_extracted,0,0,,text/html; charset=UTF-8,,,,,,0.0,,
ee8dc1090bfacc0c06cc,https://bja.ojp.gov/sites/bja/files/media/document/Research_to_Improve_Law_Enforcement_Responses_to_Persons_with_Mental_Illnesses_and_Developmental_Disabilities.pdf,2026-10-04T22:02:25.570351+00:00,ojp.gov,True,downloaded,200.0,https://bja.ojp.gov/sites/bja/files/media/document/Research_to_Improve_Law_Enforcement_Responses_to_Persons_with_Mental_Illnesses_and_Developmental_Disabilities.pdf,994498.0,success,28854,4012,pdf,application/pdf,,,,,,0.0,ee8dc1090bfacc0c06cc.txt,0144d1beb52767645d3c2414756a188b3bfafe681c16b628b190c9ed1cec2d6e
eeceb8f3f0adb5552819,https://odphp.health.gov/healthypeople/priority-areas/social-determinants-health/literature-summaries/employment,2026-10-04T22:02:26.582303+00:00,health.gov,True,downloaded,200.0,https://odphp.health.gov/healthypeople/priority-areas/social-determinants-health/literature-summaries/employment,65470.0,success,16107,2186,html,text/html; charset=UTF-8,Employment,,2020-07-01,odphp.health.gov,https://odphp.health.gov/healthypeople/priority-areas/social-determinants-health/literature-summaries/employment,0.0,eeceb8f3f0adb5552819.txt,09286dfc122fe2f74a9480ecb8341867a905ecf16135e1856e7601cb9c557c80
efd77dd555fc2e17a956,https://hispanicresearchcenter.org/research-resources/national-profile-of-latino-parents-education-attainment-underscores-the-diverse-educational-needs-of-a-fast-growing-population,2026-10-04T22:02:27.168253+00:00,hispanicresearchcenter.org,True,downloaded,200.0,https://www.hispanicresearchcenter.org/research-resources/national-profile-of-latino-parents-education-attainment-underscores-the-diverse-educational-needs-of-a-fast-growing-population/,330790.0,success,48994,7322,html,text/html; charset=UTF-8,National Profile of Latino Parents’ Educational Attainment Underscores the Diverse Educational Needs of a Fast-growing Population - Hispanic Research Center,Authors,2023-11-14,Hispanic Research Center,https://www.hispanicresearchcenter.org/research-resources/national-profile-of-latino-parents-education-attainment-underscores-the-diverse-educational-needs-of-a-fast-growing-population/,0.0,efd77dd555fc2e17a956.txt,124759b969d6ee82dc2e309b1775c98ad8d9fae39cdf5d7986606c458ccef958
f053aa3ccb52ebb5ee76,https://nlihc.org/resource/research-finds-housing-speculation-more-likely-black-and-latino-neighborhoods-higher,2026-10-04T22:02:28.050255+00:00,nlihc.org,True,downloaded,200.0,https://nlihc.org/resource/research-finds-housing-speculation-more-likely-black-and-latino-neighborhoods-higher,59340.0,success,3893,564,html,text/html; charset=UTF-8,Research Finds Housing Speculation More Likely in Black and Latino Neighborhoods with Higher Poverty Rates,,2022-11-04,National Low Income Housing Coalition,https://nlihc.org/resource/research-finds-housing-speculation-more-likely-black-and-latino-neighborhoods-higher,0.0,f053aa3ccb52ebb5ee76.txt,59f23cbe4fdc1ff7294b7dce6aed6749eaa7069131b3358566339a49261c1f09
f05c1df67512d6583f90,https://files.eric.ed.gov/fulltext/EJ970017.pdf,2026-10-04T22:02:29.087520+00:00,ed.gov,True,downloaded,200.0,https://files.eric.ed.gov/fulltext/EJ970017.pdf,238569.0,success,61672,8705,pdf,application/pdf,,,,,,0.0,f05c1df67512d6583f90.txt,40deca514f2a2e9adfa6b4559239191efaaf0625ee1af150b725c1bfb364f8b8
f08791917f456eda9a86,https://aacnnursing.org/essentials/tool-kit/domains-concepts/person-centered-care,2026-10-04T22:02:30.432270+00:00,aacnnursing.org,True,downloaded,200.0,https://www.aacnnursing.org/essentials/tool-kit/domains-concepts/person-centered-care,218749.0,success,46293,6244,html,text/html; charset=utf-8,Domain 2: Person-Centered Care,,2026-01-01,aacnnursing.org,https://www.aacnnursing.org/essentials/tool-kit/domains-concepts/person-centered-care,0.0,f08791917f456eda9a86.txt,e859d8f99cb391afae544c6e8cacf041353f4d87a93010f971a09bbbc5d0d3ae
f0b6434603a0a1878485,https://pmc.ncbi.nlm.nih.gov/articles/PMC10083933,2026-10-04T22:02:31.337026+00:00,nih.gov,True,downloaded,200.0,https://pmc.ncbi.nlm.nih.gov/articles/PMC10083933,21368.0,success,131,18,html,text/html; charset=utf-8,Checking your browser,,2026-09-11,google.com,https://www.google.com/recaptcha/challengepage,0.0,f0b6434603a0a1878485.txt,febad3f3fe620c1fa70fbdc5b5d462a0bb66ad2faf9e39bbd8dd6eaad086906d
f1f322951bb563e6320a,https://researchgate.net/publication/372905281_Administrative_Burdens_and_Economic_Insecurity_Among_Black_Latino_and_White_Families,2026-10-04T22:02:31.398152+00:00,researchgate.net,False,http_error,403.0,https://www.researchgate.net/publication/372905281_Administrative_Burdens_and_Economic_Insecurity_Among_Black_Latino_and_White_Families,21137.0,not_extracted,0,0,,text/html; charset=UTF-8,,,,,,0.0,,
f38535f880dec756681a,https://aclu.org/news/criminal-law-reform/why-police-traffic-stops-are-dangerous-and-ineffective,2026-10-04T22:02:31.914854+00:00,aclu.org,True,downloaded,200.0,https://www.aclu.org/news/criminal-law-reform/why-police-traffic-stops-are-dangerous-and-ineffective,73904.0,success,7638,1193,html,text/html; charset=UTF-8,Why Police Traffic Stops Are Dangerous and Ineffective | ACLU,Emily Reina Dindial; Emily Berkowitz,2025-10-30,American Civil Liberties Union,https://www.aclu.org/news/criminal-law-reform/why-police-traffic-stops-are-dangerous-and-ineffective,0.0,f38535f880dec756681a.txt,ade8f00031e1c93b2a74e4180f4bfa6a7e51cbf7e5fb4257a3113cc7fb75c7ad
f45fcb9be9cd1bba1b7e,https://luminate.prospects.ac.uk/trans-and-non-binary-graduates-earn-significantly-less-than-peers,2026-10-04T22:02:32.509775+00:00,prospects.ac.uk,True,downloaded,200.0,https://luminate.prospects.ac.uk/trans-and-non-binary-graduates-earn-significantly-less-than-peers,32886.0,success,6377,986,html,text/html;charset=UTF-8,Trans and non-binary graduates earn 'significantly less' than peers,Josh Freeman,2026-01-01,Luminate,https://images.prismic.io/,0.0,f45fcb9be9cd1bba1b7e.txt,071682ae42a712f1a90721d72cd2d169564521d98445b39e9717c2730d6ea7ef
f4cfc6b9e75871b56192,https://pmc.ncbi.nlm.nih.gov/articles/PMC12893705,2026-10-04T22:02:32.749608+00:00,nih.gov,True,downloaded,200.0,https://pmc.ncbi.nlm.nih.gov/articles/PMC12893705,21368.0,success,131,18,html,text/html; charset=utf-8,Checking your browser,,2026-09-11,google.com,https://www.google.com/recaptcha/challengepage,0.0,f4cfc6b9e75871b56192.txt,febad3f3fe620c1fa70fbdc5b5d462a0bb66ad2faf9e39bbd8dd6eaad086906d
f4df515a364cfd92aa58,https://gradpartnership.org/resources/a-pathway-to-change,2026-10-04T22:02:34.145186+00:00,gradpartnership.org,True,downloaded,200.0,https://www.gradpartnership.org/resources/a-pathway-to-change/,272934.0,success,54916,7757,html,text/html; charset=UTF-8,A Pathway to Change: Building Student Success Systems to Support Students with Disabilities,,2023-11-27,The GRAD Partnership,https://www.gradpartnership.org/resources/a-pathway-to-change/,0.0,f4df515a364cfd92aa58.txt,b6d2a36aefcbeb3f10493afc47df94dc205e3fe43d6ea0e84b49fe92334ba9ec
f4ed77128ae6a6f08b44,https://epi.org/unequalpower/publications/understanding-black-white-disparities-in-labor-market-outcomes,2026-10-04T22:02:34.576134+00:00,epi.org,False,http_error,403.0,https://epi.org/unequalpower/publications/understanding-black-white-disparities-in-labor-market-outcomes,5863.0,not_extracted,0,0,,text/html; charset=UTF-8,,,,,,0.0,,
f53320465542eab2a445,https://healthriskgroupbenefits.ca/blogs/what-women-seek-in-their-employee-benefits-plan,2026-10-04T22:02:34.610857+00:00,healthriskgroupbenefits.ca,False,http_error,403.0,https://healthriskgroupbenefits.ca/blogs/what-women-seek-in-their-employee-benefits-plan,606.0,not_extracted,0,0,,text/html; charset=iso-8859-1,,,,,,0.0,,
f579581fec179cab84a6,https://journals.sagepub.com/doi/10.1007/s12114-015-9215-4,2026-10-04T22:02:34.779240+00:00,sagepub.com,False,http_error,403.0,https://journals.sagepub.com/doi/10.1007/s12114-015-9215-4,5762.0,not_extracted,0,0,,text/html; charset=UTF-8,,,,,,0.0,,
f6301be2e5aa81142562,https://cowles.yale.edu/sites/default/files/2023-08/Education%20Gap%2025%2008%202023%20Final%20ZE%20-%20FL.pdf,2026-10-04T22:02:35.998622+00:00,yale.edu,True,downloaded,200.0,https://cowles.yale.edu/sites/default/files/2023-08/Education%20Gap%2025%2008%202023%20Final%20ZE%20-%20FL.pdf,1165062.0,success,132890,21810,pdf,application/pdf,,,,,,0.0,f6301be2e5aa81142562.txt,61bf6f021ea16476329ce5bf7b4f0ea3e90b7b57613e4dd23454b3058852f7f7
f66140be35eacdedb8fc,https://pschousing.org/trans-experiences-of-homelessness-disparities-discrimination-and-solutions,2026-10-04T22:02:36.407161+00:00,pschousing.org,False,http_error,403.0,https://pschousing.org/trans-experiences-of-homelessness-disparities-discrimination-and-solutions,52.0,not_extracted,0,0,,text/html,,,,,,0.0,,
f68fae81696e5183ceac,https://wcnc.com/article/life/holidays/black-history-month/investopedia-report-financial-disparities-credit-scores-black-hispanic-native-communities/275-4f317033-2a1d-459a-b38c-1e9e43860e1e,2026-10-04T22:02:36.986791+00:00,wcnc.com,False,http_error,403.0,https://www.wcnc.com/article/life/holidays/black-history-month/investopedia-report-financial-disparities-credit-scores-black-hispanic-native-communities/275-4f317033-2a1d-459a-b38c-1e9e43860e1e,622.0,not_extracted,0,0,,text/html,,,,,,0.0,,
f6f5d499b2b633a608f7,https://epgn.com/2020/10/28/new-study-shows-roots-of-lgbtq-poverty-and-need-for-government-data,2026-10-04T22:02:37.485516+00:00,epgn.com,True,downloaded,200.0,https://epgn.com/2020/10/28/new-study-shows-roots-of-lgbtq-poverty-and-need-for-government-data/,193230.0,success,7209,1119,html,text/html; charset=UTF-8,New study shows roots of LGBTQ poverty and need for government data - Philadelphia Gay News,Victoria A Brownworth,2020-10-28,Philadelphia Gay News,https://epgn.com/2020/10/28/new-study-shows-roots-of-lgbtq-poverty-and-need-for-government-data/,0.0,f6f5d499b2b633a608f7.txt,d54706a0697704fcd1ca885fe2370de5ee8e4130ae03d0591ebfda84798f3dc4
f70cef7ae2fc815b85e6,https://a816-dohbesp.nyc.gov/IndicatorPublic/data-stories/housing-creates-health,2026-10-04T22:02:38.011107+00:00,nyc.gov,True,downloaded,200.0,https://a816-dohbesp.nyc.gov/IndicatorPublic/data-stories/housing-creates-health/,70677.0,success,6690,1014,html,text/html,Housing creates health – Environment & Health Data Portal,,2024-03-05,Environment & Health Data Portal,https://a816-dohbesp.nyc.gov/IndicatorPublic/data-stories/housing-creates-health/,0.0,f70cef7ae2fc815b85e6.txt,40ea9aa646895d82322f6eb1fc0a802051d8397a5ce7d5bfd58b95be00f2774c
f7299c3164359692fedb,https://pbs.org/newshour/show/why-police-still-lack-training-to-effectively-respond-to-people-with-disabilities,2026-10-04T22:02:39.406695+00:00,pbs.org,True,downloaded,200.0,https://www.pbs.org/newshour/show/why-police-still-lack-training-to-effectively-respond-to-people-with-disabilities,295326.0,success,10304,1727,html,text/html; charset=UTF-8,Why police still lack training to effectively respond to people with disabilities,Judy Woodruff; Layla Quran; Sam Weber,2025-03-17,PBS News,https://www.pbs.org/newshour/show/why-police-still-lack-training-to-effectively-respond-to-people-with-disabilities,0.0,f7299c3164359692fedb.txt,ca95e0f7e05157ac389aba54e8898088eb2c063af04c47685e4b31c7152596bd
f7576114b2d045f126a0,https://benefitwerks.com/blog/the-role-of-benefits-in-shaping-workplace-culture-key-factors-for-organizational-success,2026-10-04T22:02:41.082550+00:00,benefitwerks.com,False,http_error,403.0,https://benefitwerks.com/blog/the-role-of-benefits-in-shaping-workplace-culture-key-factors-for-organizational-success,52.0,not_extracted,0,0,,text/html,,,,,,0.0,,
f7efb5a43d7337fe5a2f,https://pmc.ncbi.nlm.nih.gov/articles/PMC9117574,2026-10-04T22:02:41.675443+00:00,nih.gov,True,downloaded,200.0,https://pmc.ncbi.nlm.nih.gov/articles/PMC9117574,21366.0,success,131,18,html,text/html; charset=utf-8,Checking your browser,,2026-09-11,google.com,https://www.google.com/recaptcha/challengepage,0.0,f7efb5a43d7337fe5a2f.txt,febad3f3fe620c1fa70fbdc5b5d462a0bb66ad2faf9e39bbd8dd6eaad086906d
f8b26819ab2201b319a0,https://williamsinstitute.law.ucla.edu/publications/lgbtq-colleges-grad-school,2026-10-04T22:02:41.890677+00:00,ucla.edu,True,downloaded,200.0,https://williamsinstitute.law.ucla.edu/publications/lgbtq-colleges-grad-school/,132785.0,success,2697,389,html,text/html; charset=UTF-8,Experiences of LGBTQ People in Four-Year Colleges and Graduate Programs,Loyal; Thisisloyal Com,2023-02-17,The Williams Institute at UCLA School of Law,https://williamsinstitute.law.ucla.edu/publications/lgbtq-colleges-grad-school/,0.0,f8b26819ab2201b319a0.txt,664ae848fe15cb4b2457601fd5aee4623d1bb0526230de763a25a70c2e237334
faa00470ba35cc2aa2a2,https://nbcnews.com/nbc-out/out-news/straight-men-face-educational-crisis-gay-men-excel-academically-study-rcna18018,2026-10-04T22:02:42.990033+00:00,nbcnews.com,True,downloaded,200.0,https://www.nbcnews.com/nbc-out/out-news/straight-men-face-educational-crisis-gay-men-excel-academically-study-rcna18018,419946.0,success,12652,1941,html,text/html; charset=utf-8,"Gay men outperform straight counterparts in nearly every academic measure, study finds",Benjamin Ryan,2022-03-01,NBC News,https://www.nbcnews.com/nbc-out/out-news/straight-men-face-educational-crisis-gay-men-excel-academically-study-rcna18018,0.0,faa00470ba35cc2aa2a2.txt,e554b6cdacb5ec11b29a4a39c4ae1ec3798498e412204effc284830e85adc445
fb309fddcaf6ca621aac,https://vantagescore.com/consumers/blog/credit-scoring-101-factors-that-affect-your-vantagescore-credit-score,2026-10-04T22:02:43.426472+00:00,vantagescore.com,False,http_error,403.0,https://vantagescore.com/consumers/blog/credit-scoring-101-factors-that-affect-your-vantagescore-credit-score,8286.0,not_extracted,0,0,,text/html,,,,,,0.0,,
fb4c83ec92bc3a9c2bbf,https://onlinelibrary.wiley.com/doi/full/10.1111/1467-8500.12683,2026-10-04T22:02:44.924169+00:00,wiley.com,False,http_error,403.0,https://onlinelibrary.wiley.com/doi/full/10.1111/1467-8500.12683,5817.0,not_extracted,0,0,,text/html; charset=UTF-8,,,,,,0.0,,
fb7a30a6a522504252fe,https://science.org/doi/10.1126/sciadv.aao6373,2026-10-04T22:02:44.967742+00:00,science.org,False,http_error,403.0,https://www.science.org/doi/10.1126/sciadv.aao6373,5705.0,not_extracted,0,0,,text/html; charset=UTF-8,,,,,,0.0,,
fb9a4b492103aacef8be,https://luminafoundation.org/news-and-views/report-adults-black-students-completing-college-at-higher-rates-than-ever-before,2026-10-04T22:02:44.981528+00:00,luminafoundation.org,True,downloaded,200.0,https://www.luminafoundation.org/news-and-views/report-adults-black-students-completing-college-at-higher-rates-than-ever-before/,136465.0,success,4272,629,html,text/html; charset=UTF-8,"Adults, Black students completing college at higher rates than ever before",Matthew,2022-02-04,Lumina Foundation,https://www.luminafoundation.org/news-and-views/report-adults-black-students-completing-college-at-higher-rates-than-ever-before/,0.0,fb9a4b492103aacef8be.txt,a912805949f813613683b9e95aab616d1030fd6df6f8c0cd47f08c0a77904723
fc6975c24881e7ce6f88,https://tandfonline.com/doi/full/10.1080/08882746.2022.2065614,2026-10-04T22:02:46.094702+00:00,tandfonline.com,False,http_error,403.0,https://tandfonline.com/doi/full/10.1080/08882746.2022.2065614,5783.0,not_extracted,0,0,,text/html; charset=UTF-8,,,,,,0.0,,
fc8c9247d7358519d94c,https://debtekawa.com/administrative-burden-the-womans-work,2026-10-04T22:02:46.535896+00:00,debtekawa.com,True,downloaded,200.0,https://debtekawa.com/administrative-burden-the-womans-work/,64030.0,success,11188,1757,html,text/html; charset=UTF-8,Administrative Burden: The Woman’s Work - DTK & Associates,Debtekawa,2026-10-04,"DTK & Associates - Where governance, trust, and delivery meet.",https://debtekawa.com/administrative-burden-the-womans-work/,0.0,fc8c9247d7358519d94c.txt,5c386b25a8af603fe52131b6dce7d5cfea01f8dd1989f93d3ec0da511843d2cb
fd0348f25d7ebb97dea9,https://pmc.ncbi.nlm.nih.gov/articles/PMC12907466,2026-10-04T22:02:47.501533+00:00,nih.gov,True,downloaded,200.0,https://pmc.ncbi.nlm.nih.gov/articles/PMC12907466,21368.0,success,131,18,html,text/html; charset=utf-8,Checking your browser,,2026-09-11,google.com,https://www.google.com/recaptcha/challengepage,0.0,fd0348f25d7ebb97dea9.txt,febad3f3fe620c1fa70fbdc5b5d462a0bb66ad2faf9e39bbd8dd6eaad086906d
fd6d6becf8e3809061b8,https://researchgate.net/publication/363533394_Gender_police-community_contacts_and_situational_outcomes,2026-10-04T22:02:47.741775+00:00,researchgate.net,False,http_error,403.0,https://www.researchgate.net/publication/363533394_Gender_police-community_contacts_and_situational_outcomes,21137.0,not_extracted,0,0,,text/html; charset=UTF-8,,,,,,0.0,,
fe66132a33d0fba751be,https://givingcompass.org/article/policing-data-reveals-race-and-gender-disparities,2026-10-04T22:02:48.737610+00:00,givingcompass.org,True,downloaded,200.0,https://givingcompass.org/article/policing-data-reveals-race-and-gender-disparities,110519.0,success,3783,602,html,text/html; charset=UTF-8,Policing Data Reveals Race and Gender Disparities,Authors,2020-09-30,Giving Compass,https://givingcompass.org/article/policing-data-reveals-race-and-gender-disparities,0.0,fe66132a33d0fba751be.txt,bc720c8610c2f5a4b6acec70cf338841f3d3b44738a20c129520802974133653
fe7a28e1ae0c74afa59b,https://rsfjournal.org/content/9/5/1,2026-10-04T22:02:49.147211+00:00,rsfjournal.org,False,curl_error,0.0,https://rsfjournal.org/content/9/5/1,,not_extracted,0,0,,,,,,,,6.0,,
feb06b5b3af678db90a6,https://asanet.org/for-press/press-releases/what-role-does-sexuality-play-in-the-academic-gender-gap,2026-10-04T22:02:49.155616+00:00,asanet.org,False,http_error,403.0,https://asanet.org/for-press/press-releases/what-role-does-sexuality-play-in-the-academic-gender-gap,5878.0,not_extracted,0,0,,text/html; charset=UTF-8,,,,,,0.0,,
feba128cea568461c9c5,https://pmc.ncbi.nlm.nih.gov/articles/PMC5724704,2026-10-04T22:02:50.086167+00:00,nih.gov,True,downloaded,200.0,https://pmc.ncbi.nlm.nih.gov/articles/PMC5724704/,189459.0,success,51575,7682,html,text/html; charset=utf-8,Barriers and facilitators to the implementation of person‐centred care in different healthcare contexts,Lucy Moore; Nicky Britten; Doris Lydahl; Öncel Naldemirci; Mark Elam; Axel Wolf,2016-11-08,Scandinavian Journal of Caring Sciences,https://pmc.ncbi.nlm.nih.gov/articles/PMC5724704/,0.0,feba128cea568461c9c5.txt,9c4a6f65dc50e6a1c85a62d88b98b19199aa323c09bdcbcebff9019009279d71
feccf3fc5115122827e1,https://pmc.ncbi.nlm.nih.gov/articles/PMC13252812,2026-10-04T22:02:50.822794+00:00,nih.gov,True,downloaded,200.0,https://pmc.ncbi.nlm.nih.gov/articles/PMC13252812,21368.0,success,131,18,html,text/html; charset=utf-8,Checking your browser,,2026-09-11,google.com,https://www.google.com/recaptcha/challengepage,0.0,feccf3fc5115122827e1.txt,febad3f3fe620c1fa70fbdc5b5d462a0bb66ad2faf9e39bbd8dd6eaad086906d
