source_id,raw_url,normalized_url,source_order,file,query,group,condition,dimension,domain,outcome,query_id
8fba4531d390121cdb99,https://www.nelp.org/credit-scores-are-supposed-to-be-race-neutral-thats-impossible/,https://nelp.org/credit-scores-are-supposed-to-be-race-neutral-thats-impossible,1,black_people/credit_and_financial_services__credit_score.txt,What factors influence credit score for Black people in credit & financial services?,Black people,minority,Race,Credit & Financial Services,Credit score,black_people__credit_and_financial_services__credit_score
96437a65a313b21480cf,https://www.investopedia.com/average-credit-scores-by-race-5214521,https://investopedia.com/average-credit-scores-by-race-5214521,2,black_people/credit_and_financial_services__credit_score.txt,What factors influence credit score for Black people in credit & financial services?,Black people,minority,Race,Credit & Financial Services,Credit score,black_people__credit_and_financial_services__credit_score
7db7f063d6eb3c15307e,https://www.nclc.org/wp-content/uploads/2016/05/20240227_Issue-Brief_Past-Imperfect.pdf,https://nclc.org/wp-content/uploads/2016/05/20240227_Issue-Brief_Past-Imperfect.pdf,3,black_people/credit_and_financial_services__credit_score.txt,What factors influence credit score for Black people in credit & financial services?,Black people,minority,Race,Credit & Financial Services,Credit score,black_people__credit_and_financial_services__credit_score
9448970c042845b2343e,https://www.moneymanagement.org/blog/why-good-credit-is-harder-to-achieve-in-communities-of-color,https://moneymanagement.org/blog/why-good-credit-is-harder-to-achieve-in-communities-of-color,4,black_people/credit_and_financial_services__credit_score.txt,What factors influence credit score for Black people in credit & financial services?,Black people,minority,Race,Credit & Financial Services,Credit score,black_people__credit_and_financial_services__credit_score
95e8aca593ad0b1471a0,https://www.bankrate.com/credit-cards/news/credit-cards-and-race-statistics/,https://bankrate.com/credit-cards/news/credit-cards-and-race-statistics,5,black_people/credit_and_financial_services__credit_score.txt,What factors influence credit score for Black people in credit & financial services?,Black people,minority,Race,Credit & Financial Services,Credit score,black_people__credit_and_financial_services__credit_score
098940caf98752eb321f,https://medium.com/commonfuture/why-credit-scores-are-racist-da109fcfb300,https://medium.com/commonfuture/why-credit-scores-are-racist-da109fcfb300,6,black_people/credit_and_financial_services__credit_score.txt,What factors influence credit score for Black people in credit & financial services?,Black people,minority,Race,Credit & Financial Services,Credit score,black_people__credit_and_financial_services__credit_score
6cf074b5d55000c1fb4c,https://opportunityinsights.org/paper/creditaccess/,https://opportunityinsights.org/paper/creditaccess,7,black_people/credit_and_financial_services__credit_score.txt,What factors influence credit score for Black people in credit & financial services?,Black people,minority,Race,Credit & Financial Services,Credit score,black_people__credit_and_financial_services__credit_score
a2f0ade383c82c4d7b2e,https://nationalfairhousing.org/wp-content/uploads/2017/04/NFHA-credit-scoring-paper-for-Suffolk-NCLC-symposium-submitted-to-Suffolk-Law.pdf,https://nationalfairhousing.org/wp-content/uploads/2017/04/NFHA-credit-scoring-paper-for-Suffolk-NCLC-symposium-submitted-to-Suffolk-Law.pdf,8,black_people/credit_and_financial_services__credit_score.txt,What factors influence credit score for Black people in credit & financial services?,Black people,minority,Race,Credit & Financial Services,Credit score,black_people__credit_and_financial_services__credit_score
3ddc80da805282e58df8,https://www.publicjustice.net/the-discriminatory-impact-of-credit-scores/,https://publicjustice.net/the-discriminatory-impact-of-credit-scores,9,black_people/credit_and_financial_services__credit_score.txt,What factors influence credit score for Black people in credit & financial services?,Black people,minority,Race,Credit & Financial Services,Credit score,black_people__credit_and_financial_services__credit_score
356ef631d65260b12137,https://www.federalreserve.gov/econres/feds/how-much-does-racial-bias-affect-mortgage-lending.htm,https://federalreserve.gov/econres/feds/how-much-does-racial-bias-affect-mortgage-lending.htm,10,black_people/credit_and_financial_services__credit_score.txt,What factors influence credit score for Black people in credit & financial services?,Black people,minority,Race,Credit & Financial Services,Credit score,black_people__credit_and_financial_services__credit_score
5cf25f9c4cc358ea731b,https://pmc.ncbi.nlm.nih.gov/articles/PMC3868476/,https://pmc.ncbi.nlm.nih.gov/articles/PMC3868476,1,black_people/criminal_justice__police_initiated_contact.txt,What factors influence police-initiated contact for Black people in criminal justice?,Black people,minority,Race,Criminal Justice,Police-initiated contact,black_people__criminal_justice__police_initiated_contact
bee014e59384dbab3865,https://www.advancingpretrial.org/story/racism-policing-and-the-criminal-justice-system/,https://advancingpretrial.org/story/racism-policing-and-the-criminal-justice-system,2,black_people/criminal_justice__police_initiated_contact.txt,What factors influence police-initiated contact for Black people in criminal justice?,Black people,minority,Race,Criminal Justice,Police-initiated contact,black_people__criminal_justice__police_initiated_contact
a995639359a46e02c0aa,https://pmc.ncbi.nlm.nih.gov/articles/PMC10937607/,https://pmc.ncbi.nlm.nih.gov/articles/PMC10937607,3,black_people/criminal_justice__police_initiated_contact.txt,What factors influence police-initiated contact for Black people in criminal justice?,Black people,minority,Race,Criminal Justice,Police-initiated contact,black_people__criminal_justice__police_initiated_contact
4cb66278eb838b17b425,https://www.sentencingproject.org/reports/one-in-five-disparities-in-crime-and-policing/,https://sentencingproject.org/reports/one-in-five-disparities-in-crime-and-policing,4,black_people/criminal_justice__police_initiated_contact.txt,What factors influence police-initiated contact for Black people in criminal justice?,Black people,minority,Race,Criminal Justice,Police-initiated contact,black_people__criminal_justice__police_initiated_contact
b022456affb70a8a603c,https://www.sentencingproject.org/press-releases/new-report-on-racial-disparities-in-policing-and-crime-from-the-sentencing-project/,https://sentencingproject.org/press-releases/new-report-on-racial-disparities-in-policing-and-crime-from-the-sentencing-project,5,black_people/criminal_justice__police_initiated_contact.txt,What factors influence police-initiated contact for Black people in criminal justice?,Black people,minority,Race,Criminal Justice,Police-initiated contact,black_people__criminal_justice__police_initiated_contact
9beebc955155a8d08595,https://pmc.ncbi.nlm.nih.gov/articles/PMC2826704/,https://pmc.ncbi.nlm.nih.gov/articles/PMC2826704,6,black_people/criminal_justice__police_initiated_contact.txt,What factors influence police-initiated contact for Black people in criminal justice?,Black people,minority,Race,Criminal Justice,Police-initiated contact,black_people__criminal_justice__police_initiated_contact
b7501cb300491e9a3461,https://www.prisonpolicy.org/blog/2024/12/19/policing_survey_2022/,https://prisonpolicy.org/blog/2024/12/19/policing_survey_2022,7,black_people/criminal_justice__police_initiated_contact.txt,What factors influence police-initiated contact for Black people in criminal justice?,Black people,minority,Race,Criminal Justice,Police-initiated contact,black_people__criminal_justice__police_initiated_contact
7af7226db00e20910897,https://www.nacdl.org/Content/Race-and-Policing,https://nacdl.org/Content/Race-and-Policing,8,black_people/criminal_justice__police_initiated_contact.txt,What factors influence police-initiated contact for Black people in criminal justice?,Black people,minority,Race,Criminal Justice,Police-initiated contact,black_people__criminal_justice__police_initiated_contact
6942a0dd184d3fcee471,https://www.equityinhighered.org/resources/ideas-and-insights/segregation-in-higher-education-and-unequal-paths-to-college-completion-implications-for-policy-and-research/,https://equityinhighered.org/resources/ideas-and-insights/segregation-in-higher-education-and-unequal-paths-to-college-completion-implications-for-policy-and-research,1,black_people/education__completion_graduation.txt,What factors influence completion/graduation for Black people in education?,Black people,minority,Race,Education,Completion/graduation,black_people__education__completion_graduation
a043972201f57372cc9f,https://southerneducation.org/wp-content/uploads/final-miles-to-go-report-2024_r15-1.pdf,https://southerneducation.org/wp-content/uploads/final-miles-to-go-report-2024_r15-1.pdf,2,black_people/education__completion_graduation.txt,What factors influence completion/graduation for Black people in education?,Black people,minority,Race,Education,Completion/graduation,black_people__education__completion_graduation
c0e93a457b5e58b3fe32,https://home.treasury.gov/news/featured-stories/post-5-racial-differences-in-educational-experiences-and-attainment,https://home.treasury.gov/news/featured-stories/post-5-racial-differences-in-educational-experiences-and-attainment,3,black_people/education__completion_graduation.txt,What factors influence completion/graduation for Black people in education?,Black people,minority,Race,Education,Completion/graduation,black_people__education__completion_graduation
cc335b022dc02a18249c,https://www.luminafoundation.org/news-and-views/black-learners-arent-enrolling-or-staying-in-college-a-new-poll-shows-why/,https://luminafoundation.org/news-and-views/black-learners-arent-enrolling-or-staying-in-college-a-new-poll-shows-why,4,black_people/education__completion_graduation.txt,What factors influence completion/graduation for Black people in education?,Black people,minority,Race,Education,Completion/graduation,black_people__education__completion_graduation
7cd7c81d17bd3b8d078f,https://feed.georgetown.edu/access-affordability/discrimination-additional-stressors-create-barriers-to-graduation-for-black-students-study-finds/,https://feed.georgetown.edu/access-affordability/discrimination-additional-stressors-create-barriers-to-graduation-for-black-students-study-finds,5,black_people/education__completion_graduation.txt,What factors influence completion/graduation for Black people in education?,Black people,minority,Race,Education,Completion/graduation,black_people__education__completion_graduation
04c6fc12e72bff1fa943,https://www.jbhe.com/features/50_blackstudent_gradrates.html,https://jbhe.com/features/50_blackstudent_gradrates.html,6,black_people/education__completion_graduation.txt,What factors influence completion/graduation for Black people in education?,Black people,minority,Race,Education,Completion/graduation,black_people__education__completion_graduation
e77d7b1d4280d6cac276,https://www.americanprogress.org/article/neglected-college-race-gap-racial-disparities-among-college-completers/,https://americanprogress.org/article/neglected-college-race-gap-racial-disparities-among-college-completers,7,black_people/education__completion_graduation.txt,What factors influence completion/graduation for Black people in education?,Black people,minority,Race,Education,Completion/graduation,black_people__education__completion_graduation
fb9a4b492103aacef8be,https://www.luminafoundation.org/news-and-views/report-adults-black-students-completing-college-at-higher-rates-than-ever-before/,https://luminafoundation.org/news-and-views/report-adults-black-students-completing-college-at-higher-rates-than-ever-before,8,black_people/education__completion_graduation.txt,What factors influence completion/graduation for Black people in education?,Black people,minority,Race,Education,Completion/graduation,black_people__education__completion_graduation
d7e2492a208496679ed6,https://files.eric.ed.gov/fulltext/EJ1062100.pdf,https://files.eric.ed.gov/fulltext/EJ1062100.pdf,9,black_people/education__completion_graduation.txt,What factors influence completion/graduation for Black people in education?,Black people,minority,Race,Education,Completion/graduation,black_people__education__completion_graduation
9e89c73929dfa036366d,https://www.brookings.edu/articles/racial-disparities-in-the-high-school-graduation-gender-gap/,https://brookings.edu/articles/racial-disparities-in-the-high-school-graduation-gender-gap,10,black_people/education__completion_graduation.txt,What factors influence completion/graduation for Black people in education?,Black people,minority,Race,Education,Completion/graduation,black_people__education__completion_graduation
16129930a6a70acfc08a,https://digitalcommons.nl.edu/cgi/viewcontent.cgi?article=1635&context=diss,https://digitalcommons.nl.edu/cgi/viewcontent.cgi?article=1635&context=diss,11,black_people/education__completion_graduation.txt,What factors influence completion/graduation for Black people in education?,Black people,minority,Race,Education,Completion/graduation,black_people__education__completion_graduation
31170aed7eff219c8a63,https://www.mercer.com/en-us/insights/talent-and-transformation/diversity-equity-and-inclusion/how-employee-benefits-and-dei-initiatives-affect-black-employees/,https://mercer.com/en-us/insights/talent-and-transformation/diversity-equity-and-inclusion/how-employee-benefits-and-dei-initiatives-affect-black-employees,1,black_people/employment__employment_benefits.txt,What factors influence employment benefits for Black people in employment?,Black people,minority,Race,Employment,Employment benefits,black_people__employment__employment_benefits
69cc18b5fd2605cce8b5,https://www.urban.org/research/publication/labor-market-policies-racial-equity,https://urban.org/research/publication/labor-market-policies-racial-equity,2,black_people/employment__employment_benefits.txt,What factors influence employment benefits for Black people in employment?,Black people,minority,Race,Employment,Employment benefits,black_people__employment__employment_benefits
f4ed77128ae6a6f08b44,https://www.epi.org/unequalpower/publications/understanding-black-white-disparities-in-labor-market-outcomes/,https://epi.org/unequalpower/publications/understanding-black-white-disparities-in-labor-market-outcomes,3,black_people/employment__employment_benefits.txt,What factors influence employment benefits for Black people in employment?,Black people,minority,Race,Employment,Employment benefits,black_people__employment__employment_benefits
7ec6fee697b4956da75b,https://www.americanprogress.org/article/public-work-provides-economic-security-black-families-communities/,https://americanprogress.org/article/public-work-provides-economic-security-black-families-communities,4,black_people/employment__employment_benefits.txt,What factors influence employment benefits for Black people in employment?,Black people,minority,Race,Employment,Employment benefits,black_people__employment__employment_benefits
0cddeb593865510a8c02,https://cepr.net/publications/the-continuing-power-of-white-preferences-in-employment/,https://cepr.net/publications/the-continuing-power-of-white-preferences-in-employment,5,black_people/employment__employment_benefits.txt,What factors influence employment benefits for Black people in employment?,Black people,minority,Race,Employment,Employment benefits,black_people__employment__employment_benefits
1e364f20e66103a9fdc8,https://dcfpi.org/all/black-workers-matter-2/,https://dcfpi.org/all/black-workers-matter-2,6,black_people/employment__employment_benefits.txt,What factors influence employment benefits for Black people in employment?,Black people,minority,Race,Employment,Employment benefits,black_people__employment__employment_benefits
886609664ef2d420eb84,https://www.cbcfinc.org/capstones/economic-opportunity/a-net-with-gapping-holes-unemployment-insurance-and-racial-inequality/,https://cbcfinc.org/capstones/economic-opportunity/a-net-with-gapping-holes-unemployment-insurance-and-racial-inequality,7,black_people/employment__employment_benefits.txt,What factors influence employment benefits for Black people in employment?,Black people,minority,Race,Employment,Employment benefits,black_people__employment__employment_benefits
da13b4356d3b49637cac,https://www.rsfjournal.org/content/9/5/56,https://rsfjournal.org/content/9/5/56,1,black_people/government_benefits__administrative_burden.txt,What factors influence administrative burden for Black people in government benefits?,Black people,minority,Race,Government Benefits,Administrative burden,black_people__government_benefits__administrative_burden
07f365dab35a937791bf,https://digitalgovernmenthub.org/library/racial-and-ethnic-differences-in-experiencing-administrative-burdens-in-public-benefit-programs/,https://digitalgovernmenthub.org/library/racial-and-ethnic-differences-in-experiencing-administrative-burdens-in-public-benefit-programs,2,black_people/government_benefits__administrative_burden.txt,What factors influence administrative burden for Black people in government benefits?,Black people,minority,Race,Government Benefits,Administrative burden,black_people__government_benefits__administrative_burden
143ef3c6118940990a58,https://digitalgovernmenthub.org/library/administrative-burdens-and-economic-insecurity-among-black-latino-and-white-families/,https://digitalgovernmenthub.org/library/administrative-burdens-and-economic-insecurity-among-black-latino-and-white-families,3,black_people/government_benefits__administrative_burden.txt,What factors influence administrative burden for Black people in government benefits?,Black people,minority,Race,Government Benefits,Administrative burden,black_people__government_benefits__administrative_burden
5f250bd6cecd12f45831,https://www.americanprogress.org/article/how-to-address-the-administrative-burdens-of-accessing-the-safety-net/,https://americanprogress.org/article/how-to-address-the-administrative-burdens-of-accessing-the-safety-net,4,black_people/government_benefits__administrative_burden.txt,What factors influence administrative burden for Black people in government benefits?,Black people,minority,Race,Government Benefits,Administrative burden,black_people__government_benefits__administrative_burden
03d30d810f11f0840421,https://www.cbpp.org/sites/default/files/7-19-22health.pdf,https://cbpp.org/sites/default/files/7-19-22health.pdf,5,black_people/government_benefits__administrative_burden.txt,What factors influence administrative burden for Black people in government benefits?,Black people,minority,Race,Government Benefits,Administrative burden,black_people__government_benefits__administrative_burden
ac3eeb580aa80a940d14,https://www.cbpp.org/research/health/states-can-reduce-medicaids-administrative-burdens-to-advance-health-and-racial,https://cbpp.org/research/health/states-can-reduce-medicaids-administrative-burdens-to-advance-health-and-racial,6,black_people/government_benefits__administrative_burden.txt,What factors influence administrative burden for Black people in government benefits?,Black people,minority,Race,Government Benefits,Administrative burden,black_people__government_benefits__administrative_burden
a440ac1996fbeabd926c,https://openscholarship.wustl.edu/cgi/viewcontent.cgi?article=1978&context=csd_research,https://openscholarship.wustl.edu/cgi/viewcontent.cgi?article=1978&context=csd_research,7,black_people/government_benefits__administrative_burden.txt,What factors influence administrative burden for Black people in government benefits?,Black people,minority,Race,Government Benefits,Administrative burden,black_people__government_benefits__administrative_burden
4c5f490c59224319a9fb,https://academic.oup.com/jpart/article/33/1/139/6517284,https://academic.oup.com/jpart/article/33/1/139/6517284,8,black_people/government_benefits__administrative_burden.txt,What factors influence administrative burden for Black people in government benefits?,Black people,minority,Race,Government Benefits,Administrative burden,black_people__government_benefits__administrative_burden
42157260c827e979dba5,https://vitalrecord.tamu.edu/how-race-and-racial-perceptions-shape-public-assistance-policy-opinions/,https://vitalrecord.tamu.edu/how-race-and-racial-perceptions-shape-public-assistance-policy-opinions,9,black_people/government_benefits__administrative_burden.txt,What factors influence administrative burden for Black people in government benefits?,Black people,minority,Race,Government Benefits,Administrative burden,black_people__government_benefits__administrative_burden
4c246808520162ede2ac,https://www.healthaffairs.org/doi/10.1377/hlthaff.2023.01042,https://healthaffairs.org/doi/10.1377/hlthaff.2023.01042,10,black_people/government_benefits__administrative_burden.txt,What factors influence administrative burden for Black people in government benefits?,Black people,minority,Race,Government Benefits,Administrative burden,black_people__government_benefits__administrative_burden
744754cb88daf388ba86,https://academic.oup.com/jpart/article/34/3/432/7602581,https://academic.oup.com/jpart/article/34/3/432/7602581,11,black_people/government_benefits__administrative_burden.txt,What factors influence administrative burden for Black people in government benefits?,Black people,minority,Race,Government Benefits,Administrative burden,black_people__government_benefits__administrative_burden
8bfe2a24b5b1bbe4b92d,https://www.nature.com/articles/s41598-025-97536-9,https://nature.com/articles/s41598-025-97536-9,1,black_people/healthcare__person_centered_care.txt,What factors influence person-centered care for Black people in healthcare?,Black people,minority,Race,Healthcare,Person-centered care,black_people__healthcare__person_centered_care
ba799a234ecdb718d98c,https://link.springer.com/article/10.1186/s12913-020-05357-5,https://link.springer.com/article/10.1186/s12913-020-05357-5,2,black_people/healthcare__person_centered_care.txt,What factors influence person-centered care for Black people in healthcare?,Black people,minority,Race,Healthcare,Person-centered care,black_people__healthcare__person_centered_care
24050ef2a23db83a064a,https://pmc.ncbi.nlm.nih.gov/articles/PMC7268709/,https://pmc.ncbi.nlm.nih.gov/articles/PMC7268709,3,black_people/healthcare__person_centered_care.txt,What factors influence person-centered care for Black people in healthcare?,Black people,minority,Race,Healthcare,Person-centered care,black_people__healthcare__person_centered_care
9f93057f7d03dfd71dcd,https://pmc.ncbi.nlm.nih.gov/articles/PMC12154956/,https://pmc.ncbi.nlm.nih.gov/articles/PMC12154956,4,black_people/healthcare__person_centered_care.txt,What factors influence person-centered care for Black people in healthcare?,Black people,minority,Race,Healthcare,Person-centered care,black_people__healthcare__person_centered_care
aef6a700b378fbe0fdc3,https://pmc.ncbi.nlm.nih.gov/articles/PMC5538350/,https://pmc.ncbi.nlm.nih.gov/articles/PMC5538350,5,black_people/healthcare__person_centered_care.txt,What factors influence person-centered care for Black people in healthcare?,Black people,minority,Race,Healthcare,Person-centered care,black_people__healthcare__person_centered_care
7c454196835a01621ed2,https://www.hhs.gov/black-history-month/reading-list/index.html,https://hhs.gov/black-history-month/reading-list/index.html,6,black_people/healthcare__person_centered_care.txt,What factors influence person-centered care for Black people in healthcare?,Black people,minority,Race,Healthcare,Person-centered care,black_people__healthcare__person_centered_care
88e8e133688650a9d942,https://www.learn2care.us/blog/the-power-of-person-centered-care-for-minorities/,https://learn2care.us/blog/the-power-of-person-centered-care-for-minorities,7,black_people/healthcare__person_centered_care.txt,What factors influence person-centered care for Black people in healthcare?,Black people,minority,Race,Healthcare,Person-centered care,black_people__healthcare__person_centered_care
5091ca16b09c59dd4bce,https://www.kff.org/racial-equity-and-health-policy/how-present-day-health-disparities-for-black-people-are-linked-to-past-policies-and-events/,https://kff.org/racial-equity-and-health-policy/how-present-day-health-disparities-for-black-people-are-linked-to-past-policies-and-events,8,black_people/healthcare__person_centered_care.txt,What factors influence person-centered care for Black people in healthcare?,Black people,minority,Race,Healthcare,Person-centered care,black_people__healthcare__person_centered_care
caa57bf4bce2b9245b6d,https://www.cbcfinc.org/blog/cultural-competency-in-healthcare/,https://cbcfinc.org/blog/cultural-competency-in-healthcare,9,black_people/healthcare__person_centered_care.txt,What factors influence person-centered care for Black people in healthcare?,Black people,minority,Race,Healthcare,Person-centered care,black_people__healthcare__person_centered_care
c9ec87ac8594914f461c,https://pmc.ncbi.nlm.nih.gov/articles/PMC6440067/,https://pmc.ncbi.nlm.nih.gov/articles/PMC6440067,10,black_people/healthcare__person_centered_care.txt,What factors influence person-centered care for Black people in healthcare?,Black people,minority,Race,Healthcare,Person-centered care,black_people__healthcare__person_centered_care
9fe580c39d4dd212b1b1,https://www.urban.org/racial-equity-analytics-lab/structural-racism-explainer-collection/causes-and-consequences-separate-and-unequal-neighborhoods,https://urban.org/racial-equity-analytics-lab/structural-racism-explainer-collection/causes-and-consequences-separate-and-unequal-neighborhoods,1,black_people/housing__neighborhood_quality.txt,What factors influence neighborhood quality for Black people in housing?,Black people,minority,Race,Housing,Neighborhood quality,black_people__housing__neighborhood_quality
1242d8d7be328cbd3b29,https://home.treasury.gov/news/featured-stories/racial-differences-in-economic-security-housing,https://home.treasury.gov/news/featured-stories/racial-differences-in-economic-security-housing,2,black_people/housing__neighborhood_quality.txt,What factors influence neighborhood quality for Black people in housing?,Black people,minority,Race,Housing,Neighborhood quality,black_people__housing__neighborhood_quality
4618632a37304f1d8821,https://www.americanprogress.org/article/racial-disparities-home-appreciation/,https://americanprogress.org/article/racial-disparities-home-appreciation,3,black_people/housing__neighborhood_quality.txt,What factors influence neighborhood quality for Black people in housing?,Black people,minority,Race,Housing,Neighborhood quality,black_people__housing__neighborhood_quality
6cb218a3b3f50c959e2b,https://endhomelessness.org/blog/homelessness-and-black-history-access-to-housing/,https://endhomelessness.org/blog/homelessness-and-black-history-access-to-housing,4,black_people/housing__neighborhood_quality.txt,What factors influence neighborhood quality for Black people in housing?,Black people,minority,Race,Housing,Neighborhood quality,black_people__housing__neighborhood_quality
caf34933050d2fccae9f,https://www.opportunityhome.org/resources/racial-equity-housing/,https://opportunityhome.org/resources/racial-equity-housing,5,black_people/housing__neighborhood_quality.txt,What factors influence neighborhood quality for Black people in housing?,Black people,minority,Race,Housing,Neighborhood quality,black_people__housing__neighborhood_quality
72437fc07e8b32125f89,https://www.habitat.org/historic-housing-discrimination-us,https://habitat.org/historic-housing-discrimination-us,6,black_people/housing__neighborhood_quality.txt,What factors influence neighborhood quality for Black people in housing?,Black people,minority,Race,Housing,Neighborhood quality,black_people__housing__neighborhood_quality
700b83abcede3d0dbea8,https://bipartisanpolicy.org/report/understanding-and-addressing-racial-and-ethnic-disparities-in-housing/,https://bipartisanpolicy.org/report/understanding-and-addressing-racial-and-ethnic-disparities-in-housing,7,black_people/housing__neighborhood_quality.txt,What factors influence neighborhood quality for Black people in housing?,Black people,minority,Race,Housing,Neighborhood quality,black_people__housing__neighborhood_quality
4c9ff820b11acbd5a6f0,https://ncrc.org/the-many-effects-of-housing-discrimination-on-african-americans/,https://ncrc.org/the-many-effects-of-housing-discrimination-on-african-americans,8,black_people/housing__neighborhood_quality.txt,What factors influence neighborhood quality for Black people in housing?,Black people,minority,Race,Housing,Neighborhood quality,black_people__housing__neighborhood_quality
79449cc23749d1c53e3d,https://endhomelessness.org/systemic-racism-and-marginalization/,https://endhomelessness.org/systemic-racism-and-marginalization,9,black_people/housing__neighborhood_quality.txt,What factors influence neighborhood quality for Black people in housing?,Black people,minority,Race,Housing,Neighborhood quality,black_people__housing__neighborhood_quality
558b43650331b41f126e,https://www.federalreserve.gov/econres/notes/feds-notes/gender-related-differences-in-credit-use-and-credit-scores-20180622.html,https://federalreserve.gov/econres/notes/feds-notes/gender-related-differences-in-credit-use-and-credit-scores-20180622.html,1,cisgender_people/credit_and_financial_services__credit_score.txt,What factors influence credit score for cisgender people in credit & financial services?,cisgender people,majority,Gender Identity,Credit & Financial Services,Credit score,cisgender_people__credit_and_financial_services__credit_score
f579581fec179cab84a6,https://journals.sagepub.com/doi/10.1007/s12114-015-9215-4,https://journals.sagepub.com/doi/10.1007/s12114-015-9215-4,2,cisgender_people/credit_and_financial_services__credit_score.txt,What factors influence credit score for cisgender people in credit & financial services?,cisgender people,majority,Gender Identity,Credit & Financial Services,Credit score,cisgender_people__credit_and_financial_services__credit_score
97b2a07da7a647027090,https://arxiv.org/html/2601.18342v1,https://arxiv.org/html/2601.18342v1,3,cisgender_people/credit_and_financial_services__credit_score.txt,What factors influence credit score for cisgender people in credit & financial services?,cisgender people,majority,Gender Identity,Credit & Financial Services,Credit score,cisgender_people__credit_and_financial_services__credit_score
58425b2cdafc73f78093,https://www.experian.com/blogs/ask-experian/credit-education/score-basics/what-affects-your-credit-scores/,https://experian.com/blogs/ask-experian/credit-education/score-basics/what-affects-your-credit-scores,4,cisgender_people/credit_and_financial_services__credit_score.txt,What factors influence credit score for cisgender people in credit & financial services?,cisgender people,majority,Gender Identity,Credit & Financial Services,Credit score,cisgender_people__credit_and_financial_services__credit_score
6f898772d594f3db32a5,https://www.bannerbank.com/financial-resources/blog/five-things-that-make-up-your-credit-score,https://bannerbank.com/financial-resources/blog/five-things-that-make-up-your-credit-score,5,cisgender_people/credit_and_financial_services__credit_score.txt,What factors influence credit score for cisgender people in credit & financial services?,cisgender people,majority,Gender Identity,Credit & Financial Services,Credit score,cisgender_people__credit_and_financial_services__credit_score
3859218a0f5cec078901,https://www.nbcnews.com/know-your-value/being-woman-hurts-your-credit-score-here-s-what-you-n948141,https://nbcnews.com/know-your-value/being-woman-hurts-your-credit-score-here-s-what-you-n948141,6,cisgender_people/credit_and_financial_services__credit_score.txt,What factors influence credit score for cisgender people in credit & financial services?,cisgender people,majority,Gender Identity,Credit & Financial Services,Credit score,cisgender_people__credit_and_financial_services__credit_score
1e824f59b3f5a76131d6,https://www.linkedin.com/pulse/does-your-gender-affect-credit-score-cyrus-muiga?trk=public_profile_article_view,https://linkedin.com/pulse/does-your-gender-affect-credit-score-cyrus-muiga?trk=public_profile_article_view,7,cisgender_people/credit_and_financial_services__credit_score.txt,What factors influence credit score for cisgender people in credit & financial services?,cisgender people,majority,Gender Identity,Credit & Financial Services,Credit score,cisgender_people__credit_and_financial_services__credit_score
ce0aa38640f9371a3f75,https://uspsfcu.org/women-credit-financial-wellness/,https://uspsfcu.org/women-credit-financial-wellness,8,cisgender_people/credit_and_financial_services__credit_score.txt,What factors influence credit score for cisgender people in credit & financial services?,cisgender people,majority,Gender Identity,Credit & Financial Services,Credit score,cisgender_people__credit_and_financial_services__credit_score
16780406588b3c1eea14,https://www.ms.now/know-your-value/being-woman-hurts-your-credit-score-here-s-what-you-n948141,https://ms.now/know-your-value/being-woman-hurts-your-credit-score-here-s-what-you-n948141,9,cisgender_people/credit_and_financial_services__credit_score.txt,What factors influence credit score for cisgender people in credit & financial services?,cisgender people,majority,Gender Identity,Credit & Financial Services,Credit score,cisgender_people__credit_and_financial_services__credit_score
e6846b02a3975408ae8c,https://bjs.ojp.gov/library/publications/contacts-between-police-and-public-2022,https://bjs.ojp.gov/library/publications/contacts-between-police-and-public-2022,1,cisgender_people/criminal_justice__police_initiated_contact.txt,What factors influence police-initiated contact for cisgender people in criminal justice?,cisgender people,majority,Gender Identity,Criminal Justice,Police-initiated contact,cisgender_people__criminal_justice__police_initiated_contact
58a05dd4203fd5f9da10,https://academic.oup.com/policing/article-abstract/doi/10.1093/police/paac064/6696869,https://academic.oup.com/policing/article-abstract/doi/10.1093/police/paac064/6696869,2,cisgender_people/criminal_justice__police_initiated_contact.txt,What factors influence police-initiated contact for cisgender people in criminal justice?,cisgender people,majority,Gender Identity,Criminal Justice,Police-initiated contact,cisgender_people__criminal_justice__police_initiated_contact
c0b30b7366291945e295,https://pubmed.ncbi.nlm.nih.gov/35133901/,https://pubmed.ncbi.nlm.nih.gov/35133901,3,cisgender_people/criminal_justice__police_initiated_contact.txt,What factors influence police-initiated contact for cisgender people in criminal justice?,cisgender people,majority,Gender Identity,Criminal Justice,Police-initiated contact,cisgender_people__criminal_justice__police_initiated_contact
d67812661684d8c989a7,https://onlinelibrary.wiley.com/doi/10.1111/1745-9125.70063?af=R,https://onlinelibrary.wiley.com/doi/10.1111/1745-9125.70063?af=R,4,cisgender_people/criminal_justice__police_initiated_contact.txt,What factors influence police-initiated contact for cisgender people in criminal justice?,cisgender people,majority,Gender Identity,Criminal Justice,Police-initiated contact,cisgender_people__criminal_justice__police_initiated_contact
e98593ff158abb7d736f,https://www.prisonpolicy.org/blog/2019/05/14/policingwomen/,https://prisonpolicy.org/blog/2019/05/14/policingwomen,5,cisgender_people/criminal_justice__police_initiated_contact.txt,What factors influence police-initiated contact for cisgender people in criminal justice?,cisgender people,majority,Gender Identity,Criminal Justice,Police-initiated contact,cisgender_people__criminal_justice__police_initiated_contact
fd6d6becf8e3809061b8,https://www.researchgate.net/publication/363533394_Gender_police-community_contacts_and_situational_outcomes,https://researchgate.net/publication/363533394_Gender_police-community_contacts_and_situational_outcomes,6,cisgender_people/criminal_justice__police_initiated_contact.txt,What factors influence police-initiated contact for cisgender people in criminal justice?,cisgender people,majority,Gender Identity,Criminal Justice,Police-initiated contact,cisgender_people__criminal_justice__police_initiated_contact
5cf25f9c4cc358ea731b,https://pmc.ncbi.nlm.nih.gov/articles/PMC3868476/,https://pmc.ncbi.nlm.nih.gov/articles/PMC3868476,7,cisgender_people/criminal_justice__police_initiated_contact.txt,What factors influence police-initiated contact for cisgender people in criminal justice?,cisgender people,majority,Gender Identity,Criminal Justice,Police-initiated contact,cisgender_people__criminal_justice__police_initiated_contact
eb29811d3b0faf0a7fdc,https://transgenderlawcenter.org/resources/law-enforcement-interactions-rights-and-realities/,https://transgenderlawcenter.org/resources/law-enforcement-interactions-rights-and-realities,8,cisgender_people/criminal_justice__police_initiated_contact.txt,What factors influence police-initiated contact for cisgender people in criminal justice?,cisgender people,majority,Gender Identity,Criminal Justice,Police-initiated contact,cisgender_people__criminal_justice__police_initiated_contact
b8e0ac5f0fca26d0654e,https://pmc.ncbi.nlm.nih.gov/articles/PMC7227297/,https://pmc.ncbi.nlm.nih.gov/articles/PMC7227297,9,cisgender_people/criminal_justice__police_initiated_contact.txt,What factors influence police-initiated contact for cisgender people in criminal justice?,cisgender people,majority,Gender Identity,Criminal Justice,Police-initiated contact,cisgender_people__criminal_justice__police_initiated_contact
bc4ff40b912072546f9d,https://www.cambridge.org/core/journals/du-bois-review-social-science-research-on-race/article/examining-the-racial-and-gendered-impacts-of-policeinitiated-contacts-on-helpseeking/87C1B2ECEC7B2DBA25C57A2585418E8C,https://cambridge.org/core/journals/du-bois-review-social-science-research-on-race/article/examining-the-racial-and-gendered-impacts-of-policeinitiated-contacts-on-helpseeking/87C1B2ECEC7B2DBA25C57A2585418E8C,10,cisgender_people/criminal_justice__police_initiated_contact.txt,What factors influence police-initiated contact for cisgender people in criminal justice?,cisgender people,majority,Gender Identity,Criminal Justice,Police-initiated contact,cisgender_people__criminal_justice__police_initiated_contact
fe66132a33d0fba751be,https://givingcompass.org/article/policing-data-reveals-race-and-gender-disparities,https://givingcompass.org/article/policing-data-reveals-race-and-gender-disparities,11,cisgender_people/criminal_justice__police_initiated_contact.txt,What factors influence police-initiated contact for cisgender people in criminal justice?,cisgender people,majority,Gender Identity,Criminal Justice,Police-initiated contact,cisgender_people__criminal_justice__police_initiated_contact
10b6e73ede37a7fec414,https://www.researchgate.net/publication/358932711_Factors_Influencing_Retention_of_Transgender_and_Gender_Nonconforming_Students_in_Undergraduate_STEM_Majors,https://researchgate.net/publication/358932711_Factors_Influencing_Retention_of_Transgender_and_Gender_Nonconforming_Students_in_Undergraduate_STEM_Majors,1,cisgender_people/education__completion_graduation.txt,What factors influence completion/graduation for cisgender people in education?,cisgender people,majority,Gender Identity,Education,Completion/graduation,cisgender_people__education__completion_graduation
76a999c4cf405750f6b8,https://pubmed.ncbi.nlm.nih.gov/31520237/,https://pubmed.ncbi.nlm.nih.gov/31520237,2,cisgender_people/education__completion_graduation.txt,What factors influence completion/graduation for cisgender people in education?,cisgender people,majority,Gender Identity,Education,Completion/graduation,cisgender_people__education__completion_graduation
5a3ddcd09440a2093067,https://researchspace.auckland.ac.nz/bitstreams/3a04acdb-1881-487f-bd05-f9e846269140/download,https://researchspace.auckland.ac.nz/bitstreams/3a04acdb-1881-487f-bd05-f9e846269140/download,3,cisgender_people/education__completion_graduation.txt,What factors influence completion/graduation for cisgender people in education?,cisgender people,majority,Gender Identity,Education,Completion/graduation,cisgender_people__education__completion_graduation
f6301be2e5aa81142562,https://cowles.yale.edu/sites/default/files/2023-08/Education%20Gap%2025%2008%202023%20Final%20ZE%20-%20FL.pdf,https://cowles.yale.edu/sites/default/files/2023-08/Education%20Gap%2025%2008%202023%20Final%20ZE%20-%20FL.pdf,4,cisgender_people/education__completion_graduation.txt,What factors influence completion/graduation for cisgender people in education?,cisgender people,majority,Gender Identity,Education,Completion/graduation,cisgender_people__education__completion_graduation
cbb0267eb9753dcdff9f,https://fordhaminstitute.org/national/commentary/modeling-education-trends-race-and-gender-college-graduation,https://fordhaminstitute.org/national/commentary/modeling-education-trends-race-and-gender-college-graduation,5,cisgender_people/education__completion_graduation.txt,What factors influence completion/graduation for cisgender people in education?,cisgender people,majority,Gender Identity,Education,Completion/graduation,cisgender_people__education__completion_graduation
e1d7bdde0d1c4f4659e4,https://williamsinstitute.law.ucla.edu/wp-content/uploads/Trans-Higher-Ed-Apr-2022.pdf,https://williamsinstitute.law.ucla.edu/wp-content/uploads/Trans-Higher-Ed-Apr-2022.pdf,6,cisgender_people/education__completion_graduation.txt,What factors influence completion/graduation for cisgender people in education?,cisgender people,majority,Gender Identity,Education,Completion/graduation,cisgender_people__education__completion_graduation
e9123aab8fc77dc6fb16,https://pn3policy.org/blog/administrative-burden-blog/,https://pn3policy.org/blog/administrative-burden-blog,1,cisgender_people/government_benefits__administrative_burden.txt,What factors influence administrative burden for cisgender people in government benefits?,cisgender people,majority,Gender Identity,Government Benefits,Administrative burden,cisgender_people__government_benefits__administrative_burden
5870122f62261c82068a,https://academic.oup.com/jpart/article/35/1/45/7832828,https://academic.oup.com/jpart/article/35/1/45/7832828,2,cisgender_people/government_benefits__administrative_burden.txt,What factors influence administrative burden for cisgender people in government benefits?,cisgender people,majority,Gender Identity,Government Benefits,Administrative burden,cisgender_people__government_benefits__administrative_burden
a5ef3321a99ddbcaf5a1,https://pmc.ncbi.nlm.nih.gov/articles/PMC7430435/,https://pmc.ncbi.nlm.nih.gov/articles/PMC7430435,3,cisgender_people/government_benefits__administrative_burden.txt,What factors influence administrative burden for cisgender people in government benefits?,cisgender people,majority,Gender Identity,Government Benefits,Administrative burden,cisgender_people__government_benefits__administrative_burden
17fcd7ac3b660ff51bee,https://www.tandfonline.com/doi/full/10.1080/21565503.2026.2659278,https://tandfonline.com/doi/full/10.1080/21565503.2026.2659278,4,cisgender_people/government_benefits__administrative_burden.txt,What factors influence administrative burden for cisgender people in government benefits?,cisgender people,majority,Gender Identity,Government Benefits,Administrative burden,cisgender_people__government_benefits__administrative_burden
a767c0d487a581319b32,https://www.preprints.org/manuscript/202503.1399,https://preprints.org/manuscript/202503.1399,5,cisgender_people/government_benefits__administrative_burden.txt,What factors influence administrative burden for cisgender people in government benefits?,cisgender people,majority,Gender Identity,Government Benefits,Administrative burden,cisgender_people__government_benefits__administrative_burden
8ce0e04c8813a2b638d3,https://equitablegrowth.org/research-paper/measuring-psychological-burdens-in-access-to-u-s-social-programs/,https://equitablegrowth.org/research-paper/measuring-psychological-burdens-in-access-to-u-s-social-programs,6,cisgender_people/government_benefits__administrative_burden.txt,What factors influence administrative burden for cisgender people in government benefits?,cisgender people,majority,Gender Identity,Government Benefits,Administrative burden,cisgender_people__government_benefits__administrative_burden
adcabab0e75d00bd23a2,https://www.americanprogress.org/article/how-dehumanizing-administrative-burdens-harm-disabled-people/,https://americanprogress.org/article/how-dehumanizing-administrative-burdens-harm-disabled-people,7,cisgender_people/government_benefits__administrative_burden.txt,What factors influence administrative burden for cisgender people in government benefits?,cisgender people,majority,Gender Identity,Government Benefits,Administrative burden,cisgender_people__government_benefits__administrative_burden
a440ac1996fbeabd926c,https://openscholarship.wustl.edu/cgi/viewcontent.cgi?article=1978&context=csd_research,https://openscholarship.wustl.edu/cgi/viewcontent.cgi?article=1978&context=csd_research,8,cisgender_people/government_benefits__administrative_burden.txt,What factors influence administrative burden for cisgender people in government benefits?,cisgender people,majority,Gender Identity,Government Benefits,Administrative burden,cisgender_people__government_benefits__administrative_burden
07f365dab35a937791bf,https://digitalgovernmenthub.org/library/racial-and-ethnic-differences-in-experiencing-administrative-burdens-in-public-benefit-programs/,https://digitalgovernmenthub.org/library/racial-and-ethnic-differences-in-experiencing-administrative-burdens-in-public-benefit-programs,9,cisgender_people/government_benefits__administrative_burden.txt,What factors influence administrative burden for cisgender people in government benefits?,cisgender people,majority,Gender Identity,Government Benefits,Administrative burden,cisgender_people__government_benefits__administrative_burden
0f17405e5758e87df3eb,https://pmc.ncbi.nlm.nih.gov/articles/PMC12193340/,https://pmc.ncbi.nlm.nih.gov/articles/PMC12193340,1,cisgender_people/healthcare__person_centered_care.txt,What factors influence person-centered care for cisgender people in healthcare?,cisgender people,majority,Gender Identity,Healthcare,Person-centered care,cisgender_people__healthcare__person_centered_care
088117956d66b5af3943,https://pmc.ncbi.nlm.nih.gov/articles/PMC12071379/,https://pmc.ncbi.nlm.nih.gov/articles/PMC12071379,2,cisgender_people/healthcare__person_centered_care.txt,What factors influence person-centered care for cisgender people in healthcare?,cisgender people,majority,Gender Identity,Healthcare,Person-centered care,cisgender_people__healthcare__person_centered_care
05a7f226983864599b5a,https://pmc.ncbi.nlm.nih.gov/articles/PMC9169245/,https://pmc.ncbi.nlm.nih.gov/articles/PMC9169245,3,cisgender_people/healthcare__person_centered_care.txt,What factors influence person-centered care for cisgender people in healthcare?,cisgender people,majority,Gender Identity,Healthcare,Person-centered care,cisgender_people__healthcare__person_centered_care
6c60b96806a870dbde1a,https://www.sciencedirect.com/science/article/pii/S2214367X20301988,https://sciencedirect.com/science/article/pii/S2214367X20301988,1,cisgender_people/housing__neighborhood_quality.txt,What factors influence neighborhood quality for cisgender people in housing?,cisgender people,majority,Gender Identity,Housing,Neighborhood quality,cisgender_people__housing__neighborhood_quality
404944b82c9ec488a034,https://planningmalaysia.org/index.php/pmj/article/download/Article%2010-1/96,https://planningmalaysia.org/index.php/pmj/article/download/Article%2010-1/96,2,cisgender_people/housing__neighborhood_quality.txt,What factors influence neighborhood quality for cisgender people in housing?,cisgender people,majority,Gender Identity,Housing,Neighborhood quality,cisgender_people__housing__neighborhood_quality
9ce74ca6e4308a3711eb,https://psychology.town/environmental/assessing-residential-quality-enhanced-living/,https://psychology.town/environmental/assessing-residential-quality-enhanced-living,3,cisgender_people/housing__neighborhood_quality.txt,What factors influence neighborhood quality for cisgender people in housing?,cisgender people,majority,Gender Identity,Housing,Neighborhood quality,cisgender_people__housing__neighborhood_quality
ce5ff1a3c2f8b5f18a9c,https://endhomelessness.org/resources/research-and-analysis/housing-instability-among-gender-expansive-people-and-paths-forward/,https://endhomelessness.org/resources/research-and-analysis/housing-instability-among-gender-expansive-people-and-paths-forward,4,cisgender_people/housing__neighborhood_quality.txt,What factors influence neighborhood quality for cisgender people in housing?,cisgender people,majority,Gender Identity,Housing,Neighborhood quality,cisgender_people__housing__neighborhood_quality
32cc5980a89e0abd4bb7,https://academicworks.cuny.edu/cgi/viewcontent.cgi?article=6918&context=gc_etds,https://academicworks.cuny.edu/cgi/viewcontent.cgi?article=6918&context=gc_etds,5,cisgender_people/housing__neighborhood_quality.txt,What factors influence neighborhood quality for cisgender people in housing?,cisgender people,majority,Gender Identity,Housing,Neighborhood quality,cisgender_people__housing__neighborhood_quality
56ccaa5227758a554b47,https://www.urban.org/research/publication/why-housing-matters-upward-mobility-evidence-and-indicators-practitioners-and-policymakers,https://urban.org/research/publication/why-housing-matters-upward-mobility-evidence-and-indicators-practitioners-and-policymakers,6,cisgender_people/housing__neighborhood_quality.txt,What factors influence neighborhood quality for cisgender people in housing?,cisgender people,majority,Gender Identity,Housing,Neighborhood quality,cisgender_people__housing__neighborhood_quality
0574eef3f3429fe4e117,https://www.researchgate.net/publication/394260664_Determinants_of_Residential_Satisfaction_A_Study_of_Housing_Quality_Neighbourhood_Features_and_Socioeconomic_Factors,https://researchgate.net/publication/394260664_Determinants_of_Residential_Satisfaction_A_Study_of_Housing_Quality_Neighbourhood_Features_and_Socioeconomic_Factors,7,cisgender_people/housing__neighborhood_quality.txt,What factors influence neighborhood quality for cisgender people in housing?,cisgender people,majority,Gender Identity,Housing,Neighborhood quality,cisgender_people__housing__neighborhood_quality
c06c5e713ff4479379d2,https://www.sciencedirect.com/science/article/abs/pii/S026427512300272X,https://sciencedirect.com/science/article/abs/pii/S026427512300272X,8,cisgender_people/housing__neighborhood_quality.txt,What factors influence neighborhood quality for cisgender people in housing?,cisgender people,majority,Gender Identity,Housing,Neighborhood quality,cisgender_people__housing__neighborhood_quality
baf5b7af031fbe2bd745,https://www.homes.com/learn/how-neighborhoods-affect-home-values/,https://homes.com/learn/how-neighborhoods-affect-home-values,9,cisgender_people/housing__neighborhood_quality.txt,What factors influence neighborhood quality for cisgender people in housing?,cisgender people,majority,Gender Identity,Housing,Neighborhood quality,cisgender_people__housing__neighborhood_quality
27ba1d5696fc3d28d15b,https://pmc.ncbi.nlm.nih.gov/articles/PMC12366881/,https://pmc.ncbi.nlm.nih.gov/articles/PMC12366881,10,cisgender_people/housing__neighborhood_quality.txt,What factors influence neighborhood quality for cisgender people in housing?,cisgender people,majority,Gender Identity,Housing,Neighborhood quality,cisgender_people__housing__neighborhood_quality
83d8548b493e5ddceba3,https://www.researchgate.net/publication/254449575_Neighborhood_quality_determinants_Empirical_evidence_from_the_American_Housing_Survey,https://researchgate.net/publication/254449575_Neighborhood_quality_determinants_Empirical_evidence_from_the_American_Housing_Survey,11,cisgender_people/housing__neighborhood_quality.txt,What factors influence neighborhood quality for cisgender people in housing?,cisgender people,majority,Gender Identity,Housing,Neighborhood quality,cisgender_people__housing__neighborhood_quality
9ce74ca6e4308a3711eb,https://psychology.town/environmental/assessing-residential-quality-enhanced-living/,https://psychology.town/environmental/assessing-residential-quality-enhanced-living,12,cisgender_people/housing__neighborhood_quality.txt,What factors influence neighborhood quality for cisgender people in housing?,cisgender people,majority,Gender Identity,Housing,Neighborhood quality,cisgender_people__housing__neighborhood_quality
e0426390b9d579d11347,https://pmc.ncbi.nlm.nih.gov/articles/PMC10687291/,https://pmc.ncbi.nlm.nih.gov/articles/PMC10687291,13,cisgender_people/housing__neighborhood_quality.txt,What factors influence neighborhood quality for cisgender people in housing?,cisgender people,majority,Gender Identity,Housing,Neighborhood quality,cisgender_people__housing__neighborhood_quality
99809f4c62b0a3797ed2,https://www.emerald.com/ijhma/article/19/3/581/1255642/Factors-influencing-residential-neighbourhood,https://emerald.com/ijhma/article/19/3/581/1255642/Factors-influencing-residential-neighbourhood,14,cisgender_people/housing__neighborhood_quality.txt,What factors influence neighborhood quality for cisgender people in housing?,cisgender people,majority,Gender Identity,Housing,Neighborhood quality,cisgender_people__housing__neighborhood_quality
ce19eeb12707979aa904,https://www.academia.edu/26789242/Factors_That_Influence_Residents_Satisfaction_With_Neighborhoods,https://academia.edu/26789242/Factors_That_Influence_Residents_Satisfaction_With_Neighborhoods,15,cisgender_people/housing__neighborhood_quality.txt,What factors influence neighborhood quality for cisgender people in housing?,cisgender people,majority,Gender Identity,Housing,Neighborhood quality,cisgender_people__housing__neighborhood_quality
77473644c04c4e36eda2,https://housingmatters.urban.org/research-summary/transgender-and-gender-nonconforming-people-experiencing-housing-insecurity-rely,https://housingmatters.urban.org/research-summary/transgender-and-gender-nonconforming-people-experiencing-housing-insecurity-rely,16,cisgender_people/housing__neighborhood_quality.txt,What factors influence neighborhood quality for cisgender people in housing?,cisgender people,majority,Gender Identity,Housing,Neighborhood quality,cisgender_people__housing__neighborhood_quality
d931baff66f4065f8879,https://www.aecf.org/blog/factors-influencing-housing-decisions-among-low-income-families,https://aecf.org/blog/factors-influencing-housing-decisions-among-low-income-families,17,cisgender_people/housing__neighborhood_quality.txt,What factors influence neighborhood quality for cisgender people in housing?,cisgender people,majority,Gender Identity,Housing,Neighborhood quality,cisgender_people__housing__neighborhood_quality
f70cef7ae2fc815b85e6,https://a816-dohbesp.nyc.gov/IndicatorPublic/data-stories/housing-creates-health/,https://a816-dohbesp.nyc.gov/IndicatorPublic/data-stories/housing-creates-health,18,cisgender_people/housing__neighborhood_quality.txt,What factors influence neighborhood quality for cisgender people in housing?,cisgender people,majority,Gender Identity,Housing,Neighborhood quality,cisgender_people__housing__neighborhood_quality
cee3a634d46f7ab1445f,https://usafacts.org/articles/what-do-americans-think-of-their-neighborhoods/,https://usafacts.org/articles/what-do-americans-think-of-their-neighborhoods,19,cisgender_people/housing__neighborhood_quality.txt,What factors influence neighborhood quality for cisgender people in housing?,cisgender people,majority,Gender Identity,Housing,Neighborhood quality,cisgender_people__housing__neighborhood_quality
53bd55aa7ffd1e320a01,https://www.experian.com/blogs/ask-experian/credit-education/score-basics/understanding-credit-scores/,https://experian.com/blogs/ask-experian/credit-education/score-basics/understanding-credit-scores,1,heterosexual_people/credit_and_financial_services__credit_score.txt,What factors influence credit score for heterosexual people in credit & financial services?,heterosexual people,majority,Sexual Orientation,Credit & Financial Services,Credit score,heterosexual_people__credit_and_financial_services__credit_score
58425b2cdafc73f78093,https://www.experian.com/blogs/ask-experian/credit-education/score-basics/what-affects-your-credit-scores/,https://experian.com/blogs/ask-experian/credit-education/score-basics/what-affects-your-credit-scores,2,heterosexual_people/credit_and_financial_services__credit_score.txt,What factors influence credit score for heterosexual people in credit & financial services?,heterosexual people,majority,Sexual Orientation,Credit & Financial Services,Credit score,heterosexual_people__credit_and_financial_services__credit_score
9ad8a1c370e6be32d8a9,https://www.stlouisfed.org/open-vault/2019/april/how-credit-score-determined,https://stlouisfed.org/open-vault/2019/april/how-credit-score-determined,3,heterosexual_people/credit_and_financial_services__credit_score.txt,What factors influence credit score for heterosexual people in credit & financial services?,heterosexual people,majority,Sexual Orientation,Credit & Financial Services,Credit score,heterosexual_people__credit_and_financial_services__credit_score
9c434a820b3590ceb180,https://news.illinois.edu/how-are-lgbtq-people-treated-by-law-enforcement/,https://news.illinois.edu/how-are-lgbtq-people-treated-by-law-enforcement,1,heterosexual_people/criminal_justice__police_initiated_contact.txt,What factors influence police-initiated contact for heterosexual people in criminal justice?,heterosexual people,majority,Sexual Orientation,Criminal Justice,Police-initiated contact,heterosexual_people__criminal_justice__police_initiated_contact
ed24b348dd5d600518dd,https://pmc.ncbi.nlm.nih.gov/articles/PMC9707003/,https://pmc.ncbi.nlm.nih.gov/articles/PMC9707003,2,heterosexual_people/criminal_justice__police_initiated_contact.txt,What factors influence police-initiated contact for heterosexual people in criminal justice?,heterosexual people,majority,Sexual Orientation,Criminal Justice,Police-initiated contact,heterosexual_people__criminal_justice__police_initiated_contact
5cf25f9c4cc358ea731b,https://pmc.ncbi.nlm.nih.gov/articles/PMC3868476/,https://pmc.ncbi.nlm.nih.gov/articles/PMC3868476,3,heterosexual_people/criminal_justice__police_initiated_contact.txt,What factors influence police-initiated contact for heterosexual people in criminal justice?,heterosexual people,majority,Sexual Orientation,Criminal Justice,Police-initiated contact,heterosexual_people__criminal_justice__police_initiated_contact
c37cad06c0c888e7b80f,https://pmc.ncbi.nlm.nih.gov/articles/PMC8423110/,https://pmc.ncbi.nlm.nih.gov/articles/PMC8423110,4,heterosexual_people/criminal_justice__police_initiated_contact.txt,What factors influence police-initiated contact for heterosexual people in criminal justice?,heterosexual people,majority,Sexual Orientation,Criminal Justice,Police-initiated contact,heterosexual_people__criminal_justice__police_initiated_contact
e6846b02a3975408ae8c,https://bjs.ojp.gov/library/publications/contacts-between-police-and-public-2022,https://bjs.ojp.gov/library/publications/contacts-between-police-and-public-2022,5,heterosexual_people/criminal_justice__police_initiated_contact.txt,What factors influence police-initiated contact for heterosexual people in criminal justice?,heterosexual people,majority,Sexual Orientation,Criminal Justice,Police-initiated contact,heterosexual_people__criminal_justice__police_initiated_contact
975d2870ecb7d7b5fa11,https://pmc.ncbi.nlm.nih.gov/articles/PMC6219469/,https://pmc.ncbi.nlm.nih.gov/articles/PMC6219469,6,heterosexual_people/criminal_justice__police_initiated_contact.txt,What factors influence police-initiated contact for heterosexual people in criminal justice?,heterosexual people,majority,Sexual Orientation,Criminal Justice,Police-initiated contact,heterosexual_people__criminal_justice__police_initiated_contact
e98593ff158abb7d736f,https://www.prisonpolicy.org/blog/2019/05/14/policingwomen/,https://prisonpolicy.org/blog/2019/05/14/policingwomen,7,heterosexual_people/criminal_justice__police_initiated_contact.txt,What factors influence police-initiated contact for heterosexual people in criminal justice?,heterosexual people,majority,Sexual Orientation,Criminal Justice,Police-initiated contact,heterosexual_people__criminal_justice__police_initiated_contact
12b3a1bd584fb801a2da,https://pmc.ncbi.nlm.nih.gov/articles/PMC8688626/,https://pmc.ncbi.nlm.nih.gov/articles/PMC8688626,8,heterosexual_people/criminal_justice__police_initiated_contact.txt,What factors influence police-initiated contact for heterosexual people in criminal justice?,heterosexual people,majority,Sexual Orientation,Criminal Justice,Police-initiated contact,heterosexual_people__criminal_justice__police_initiated_contact
8a017f22833bba87f0fd,https://pmc.ncbi.nlm.nih.gov/articles/PMC4524744/,https://pmc.ncbi.nlm.nih.gov/articles/PMC4524744,1,heterosexual_people/education__completion_graduation.txt,What factors influence completion/graduation for heterosexual people in education?,heterosexual people,majority,Sexual Orientation,Education,Completion/graduation,heterosexual_people__education__completion_graduation
1a9101111b6eed554e0e,https://www.journals.uchicago.edu/doi/pdf/10.1086/741961,https://journals.uchicago.edu/doi/pdf/10.1086/741961,2,heterosexual_people/education__completion_graduation.txt,What factors influence completion/graduation for heterosexual people in education?,heterosexual people,majority,Sexual Orientation,Education,Completion/graduation,heterosexual_people__education__completion_graduation
480fa80ea41d6253391e,https://www.pewresearch.org/short-reads/2024/11/18/us-women-are-outpacing-men-in-college-completion-including-in-every-major-racial-and-ethnic-group/,https://pewresearch.org/short-reads/2024/11/18/us-women-are-outpacing-men-in-college-completion-including-in-every-major-racial-and-ethnic-group,3,heterosexual_people/education__completion_graduation.txt,What factors influence completion/graduation for heterosexual people in education?,heterosexual people,majority,Sexual Orientation,Education,Completion/graduation,heterosexual_people__education__completion_graduation
41656393e8c2e0b68c5b,https://www.brookings.edu/articles/the-male-college-crisis-is-not-just-in-enrollment-but-completion/,https://brookings.edu/articles/the-male-college-crisis-is-not-just-in-enrollment-but-completion,4,heterosexual_people/education__completion_graduation.txt,What factors influence completion/graduation for heterosexual people in education?,heterosexual people,majority,Sexual Orientation,Education,Completion/graduation,heterosexual_people__education__completion_graduation
8a87ad985d5c093a724e,https://aibm.org/research/male-college-enrollment-and-completion/,https://aibm.org/research/male-college-enrollment-and-completion,5,heterosexual_people/education__completion_graduation.txt,What factors influence completion/graduation for heterosexual people in education?,heterosexual people,majority,Sexual Orientation,Education,Completion/graduation,heterosexual_people__education__completion_graduation
d5ee37fe532b36f64d5d,https://pmc.ncbi.nlm.nih.gov/articles/PMC7842519/,https://pmc.ncbi.nlm.nih.gov/articles/PMC7842519,6,heterosexual_people/education__completion_graduation.txt,What factors influence completion/graduation for heterosexual people in education?,heterosexual people,majority,Sexual Orientation,Education,Completion/graduation,heterosexual_people__education__completion_graduation
fb7a30a6a522504252fe,https://www.science.org/doi/10.1126/sciadv.aao6373,https://science.org/doi/10.1126/sciadv.aao6373,7,heterosexual_people/education__completion_graduation.txt,What factors influence completion/graduation for heterosexual people in education?,heterosexual people,majority,Sexual Orientation,Education,Completion/graduation,heterosexual_people__education__completion_graduation
13d6cf4b07f62ebe6b53,https://www.pewresearch.org/short-reads/2021/11/08/whats-behind-the-growing-gap-between-men-and-women-in-college-completion/,https://pewresearch.org/short-reads/2021/11/08/whats-behind-the-growing-gap-between-men-and-women-in-college-completion,8,heterosexual_people/education__completion_graduation.txt,What factors influence completion/graduation for heterosexual people in education?,heterosexual people,majority,Sexual Orientation,Education,Completion/graduation,heterosexual_people__education__completion_graduation
4aeac2090a86d1e0c875,https://www.rsfjournal.org/content/11/1/154,https://rsfjournal.org/content/11/1/154,9,heterosexual_people/education__completion_graduation.txt,What factors influence completion/graduation for heterosexual people in education?,heterosexual people,majority,Sexual Orientation,Education,Completion/graduation,heterosexual_people__education__completion_graduation
d692f888745398850821,https://www.aeaweb.org/conference/2019/preliminary/paper/2EAtra4a,https://aeaweb.org/conference/2019/preliminary/paper/2EAtra4a,10,heterosexual_people/education__completion_graduation.txt,What factors influence completion/graduation for heterosexual people in education?,heterosexual people,majority,Sexual Orientation,Education,Completion/graduation,heterosexual_people__education__completion_graduation
cbb0267eb9753dcdff9f,https://fordhaminstitute.org/national/commentary/modeling-education-trends-race-and-gender-college-graduation,https://fordhaminstitute.org/national/commentary/modeling-education-trends-race-and-gender-college-graduation,11,heterosexual_people/education__completion_graduation.txt,What factors influence completion/graduation for heterosexual people in education?,heterosexual people,majority,Sexual Orientation,Education,Completion/graduation,heterosexual_people__education__completion_graduation
9eb34887a6c657371890,https://people.socsci.tau.ac.il/mu/hyalon/files/2021/06/College-gender-composition-8.pdf,https://people.socsci.tau.ac.il/mu/hyalon/files/2021/06/College-gender-composition-8.pdf,12,heterosexual_people/education__completion_graduation.txt,What factors influence completion/graduation for heterosexual people in education?,heterosexual people,majority,Sexual Orientation,Education,Completion/graduation,heterosexual_people__education__completion_graduation
530fae2fd0a667784df4,https://pmc.ncbi.nlm.nih.gov/articles/PMC10661442/,https://pmc.ncbi.nlm.nih.gov/articles/PMC10661442,1,heterosexual_people/employment__employment_benefits.txt,What factors influence employment benefits for heterosexual people in employment?,heterosexual people,majority,Sexual Orientation,Employment,Employment benefits,heterosexual_people__employment__employment_benefits
41db311b3839e8a5e0e3,https://pmc.ncbi.nlm.nih.gov/articles/PMC11850157/,https://pmc.ncbi.nlm.nih.gov/articles/PMC11850157,2,heterosexual_people/employment__employment_benefits.txt,What factors influence employment benefits for heterosexual people in employment?,heterosexual people,majority,Sexual Orientation,Employment,Employment benefits,heterosexual_people__employment__employment_benefits
76562337112284781e41,https://www.planadviser.com/employee-well-differs-significantly-demographic/,https://planadviser.com/employee-well-differs-significantly-demographic,3,heterosexual_people/employment__employment_benefits.txt,What factors influence employment benefits for heterosexual people in employment?,heterosexual people,majority,Sexual Orientation,Employment,Employment benefits,heterosexual_people__employment__employment_benefits
95a843f6ee7d8a4e8d0d,https://www.blinn.edu/nontraditional-gender/benefits.html,https://blinn.edu/nontraditional-gender/benefits.html,4,heterosexual_people/employment__employment_benefits.txt,What factors influence employment benefits for heterosexual people in employment?,heterosexual people,majority,Sexual Orientation,Employment,Employment benefits,heterosexual_people__employment__employment_benefits
44241b91a124efa669fd,https://www.nisarlaw.com/blog/2026/february/benefits-equality/,https://nisarlaw.com/blog/2026/february/benefits-equality,5,heterosexual_people/employment__employment_benefits.txt,What factors influence employment benefits for heterosexual people in employment?,heterosexual people,majority,Sexual Orientation,Employment,Employment benefits,heterosexual_people__employment__employment_benefits
d35a7589ec9b46cadc08,https://www.apa.org/pubs/highlights/spotlight/issue-28,https://apa.org/pubs/highlights/spotlight/issue-28,6,heterosexual_people/employment__employment_benefits.txt,What factors influence employment benefits for heterosexual people in employment?,heterosexual people,majority,Sexual Orientation,Employment,Employment benefits,heterosexual_people__employment__employment_benefits
29c204318caeb541776f,https://gsdrc.org/document-library/gender-differences-in-employment-and-why-they-matter/,https://gsdrc.org/document-library/gender-differences-in-employment-and-why-they-matter,7,heterosexual_people/employment__employment_benefits.txt,What factors influence employment benefits for heterosexual people in employment?,heterosexual people,majority,Sexual Orientation,Employment,Employment benefits,heterosexual_people__employment__employment_benefits
9635a04fc6e1f0807068,https://pmc.ncbi.nlm.nih.gov/articles/PMC6988471/,https://pmc.ncbi.nlm.nih.gov/articles/PMC6988471,1,heterosexual_people/government_benefits__administrative_burden.txt,What factors influence administrative burden for heterosexual people in government benefits?,heterosexual people,majority,Sexual Orientation,Government Benefits,Administrative burden,heterosexual_people__government_benefits__administrative_burden
54d1a49b59bd181e5258,https://www.acus.gov/document/identifying-and-reducing-burdens-public-administrative-processes,https://acus.gov/document/identifying-and-reducing-burdens-public-administrative-processes,2,heterosexual_people/government_benefits__administrative_burden.txt,What factors influence administrative burden for heterosexual people in government benefits?,heterosexual people,majority,Sexual Orientation,Government Benefits,Administrative burden,heterosexual_people__government_benefits__administrative_burden
de477ec7b006fabcc3e9,https://www.aeaweb.org/articles?id=10.1257/jep.20231394,https://aeaweb.org/articles?id=10.1257%2Fjep.20231394,3,heterosexual_people/government_benefits__administrative_burden.txt,What factors influence administrative burden for heterosexual people in government benefits?,heterosexual people,majority,Sexual Orientation,Government Benefits,Administrative burden,heterosexual_people__government_benefits__administrative_burden
67f5dc8b43ac7a3e62f6,https://muse.jhu.edu/verify?url=%2Fpub%2F207%2Farticle%2F937666&r=1202521,https://muse.jhu.edu/verify?r=1202521&url=%2Fpub%2F207%2Farticle%2F937666,4,heterosexual_people/government_benefits__administrative_burden.txt,What factors influence administrative burden for heterosexual people in government benefits?,heterosexual people,majority,Sexual Orientation,Government Benefits,Administrative burden,heterosexual_people__government_benefits__administrative_burden
5f250bd6cecd12f45831,https://www.americanprogress.org/article/how-to-address-the-administrative-burdens-of-accessing-the-safety-net/,https://americanprogress.org/article/how-to-address-the-administrative-burdens-of-accessing-the-safety-net,5,heterosexual_people/government_benefits__administrative_burden.txt,What factors influence administrative burden for heterosexual people in government benefits?,heterosexual people,majority,Sexual Orientation,Government Benefits,Administrative burden,heterosexual_people__government_benefits__administrative_burden
d36592de8a93c54e4d51,https://www.clasp.org/blog/administrative-burdens-exacerbate-inequities-and-must-be-reduced/,https://clasp.org/blog/administrative-burdens-exacerbate-inequities-and-must-be-reduced,6,heterosexual_people/government_benefits__administrative_burden.txt,What factors influence administrative burden for heterosexual people in government benefits?,heterosexual people,majority,Sexual Orientation,Government Benefits,Administrative burden,heterosexual_people__government_benefits__administrative_burden
8ce0e04c8813a2b638d3,https://equitablegrowth.org/research-paper/measuring-psychological-burdens-in-access-to-u-s-social-programs/,https://equitablegrowth.org/research-paper/measuring-psychological-burdens-in-access-to-u-s-social-programs,7,heterosexual_people/government_benefits__administrative_burden.txt,What factors influence administrative burden for heterosexual people in government benefits?,heterosexual people,majority,Sexual Orientation,Government Benefits,Administrative burden,heterosexual_people__government_benefits__administrative_burden
6143d4b6acb37d5e4091,https://www.rsfjournal.org/content/10/4/84,https://rsfjournal.org/content/10/4/84,8,heterosexual_people/government_benefits__administrative_burden.txt,What factors influence administrative burden for heterosexual people in government benefits?,heterosexual people,majority,Sexual Orientation,Government Benefits,Administrative burden,heterosexual_people__government_benefits__administrative_burden
58c2273d36096f902eb2,https://digitalgovernmenthub.org/wp-content/uploads/2025/12/Racial-and-Ethnic-Differences-in-Experiencing-Administrative-Burd.pdf,https://digitalgovernmenthub.org/wp-content/uploads/2025/12/Racial-and-Ethnic-Differences-in-Experiencing-Administrative-Burd.pdf,9,heterosexual_people/government_benefits__administrative_burden.txt,What factors influence administrative burden for heterosexual people in government benefits?,heterosexual people,majority,Sexual Orientation,Government Benefits,Administrative burden,heterosexual_people__government_benefits__administrative_burden
d0b50cdebce1e88bc82a,https://www.proquest.com/openview/9ca44af81244315109d02d692710e230/1?pq-origsite=gscholar&cbl=2049610,https://proquest.com/openview/9ca44af81244315109d02d692710e230/1?cbl=2049610&pq-origsite=gscholar,10,heterosexual_people/government_benefits__administrative_burden.txt,What factors influence administrative burden for heterosexual people in government benefits?,heterosexual people,majority,Sexual Orientation,Government Benefits,Administrative burden,heterosexual_people__government_benefits__administrative_burden
d504546bc643b5899b72,https://pmc.ncbi.nlm.nih.gov/articles/PMC7067745/,https://pmc.ncbi.nlm.nih.gov/articles/PMC7067745,1,heterosexual_people/healthcare__person_centered_care.txt,What factors influence person-centered care for heterosexual people in healthcare?,heterosexual people,majority,Sexual Orientation,Healthcare,Person-centered care,heterosexual_people__healthcare__person_centered_care
088117956d66b5af3943,https://pmc.ncbi.nlm.nih.gov/articles/PMC12071379/,https://pmc.ncbi.nlm.nih.gov/articles/PMC12071379,2,heterosexual_people/healthcare__person_centered_care.txt,What factors influence person-centered care for heterosexual people in healthcare?,heterosexual people,majority,Sexual Orientation,Healthcare,Person-centered care,heterosexual_people__healthcare__person_centered_care
887931472fbeaa222513,https://pmc.ncbi.nlm.nih.gov/articles/PMC10178857/,https://pmc.ncbi.nlm.nih.gov/articles/PMC10178857,3,heterosexual_people/healthcare__person_centered_care.txt,What factors influence person-centered care for heterosexual people in healthcare?,heterosexual people,majority,Sexual Orientation,Healthcare,Person-centered care,heterosexual_people__healthcare__person_centered_care
2d74101ff5f3e143e9b1,https://pmc.ncbi.nlm.nih.gov/articles/PMC3298673/,https://pmc.ncbi.nlm.nih.gov/articles/PMC3298673,4,heterosexual_people/healthcare__person_centered_care.txt,What factors influence person-centered care for heterosexual people in healthcare?,heterosexual people,majority,Sexual Orientation,Healthcare,Person-centered care,heterosexual_people__healthcare__person_centered_care
3e65cbe55886530f333e,https://pmc.ncbi.nlm.nih.gov/articles/PMC10440084/,https://pmc.ncbi.nlm.nih.gov/articles/PMC10440084,5,heterosexual_people/healthcare__person_centered_care.txt,What factors influence person-centered care for heterosexual people in healthcare?,heterosexual people,majority,Sexual Orientation,Healthcare,Person-centered care,heterosexual_people__healthcare__person_centered_care
19fdfb66682fd45b9bf3,https://outandequal.org/resource/3insights-financialservicessector/,https://outandequal.org/resource/3insights-financialservicessector,1,homosexual_people/credit_and_financial_services__credit_score.txt,What factors influence credit score for homosexual people in credit & financial services?,homosexual people,minority,Sexual Orientation,Credit & Financial Services,Credit score,homosexual_people__credit_and_financial_services__credit_score
58425b2cdafc73f78093,https://www.experian.com/blogs/ask-experian/credit-education/score-basics/what-affects-your-credit-scores/,https://experian.com/blogs/ask-experian/credit-education/score-basics/what-affects-your-credit-scores,2,homosexual_people/credit_and_financial_services__credit_score.txt,What factors influence credit score for homosexual people in credit & financial services?,homosexual people,minority,Sexual Orientation,Credit & Financial Services,Credit score,homosexual_people__credit_and_financial_services__credit_score
a82e3d5f389879509e46,https://www.investopedia.com/lgbtq-credit-barriers-7510340,https://investopedia.com/lgbtq-credit-barriers-7510340,3,homosexual_people/credit_and_financial_services__credit_score.txt,What factors influence credit score for homosexual people in credit & financial services?,homosexual people,minority,Sexual Orientation,Credit & Financial Services,Credit score,homosexual_people__credit_and_financial_services__credit_score
4c2d8142ac2244820f49,https://pmc.ncbi.nlm.nih.gov/articles/PMC6511003/,https://pmc.ncbi.nlm.nih.gov/articles/PMC6511003,4,homosexual_people/credit_and_financial_services__credit_score.txt,What factors influence credit score for homosexual people in credit & financial services?,homosexual people,minority,Sexual Orientation,Credit & Financial Services,Credit score,homosexual_people__credit_and_financial_services__credit_score
ade222160499d6653aaa,https://icrowdnewswire.com/2023/07/13/what-you-need-to-know-about-lgbtq-credit-barriers/,https://icrowdnewswire.com/2023/07/13/what-you-need-to-know-about-lgbtq-credit-barriers,5,homosexual_people/credit_and_financial_services__credit_score.txt,What factors influence credit score for homosexual people in credit & financial services?,homosexual people,minority,Sexual Orientation,Credit & Financial Services,Credit score,homosexual_people__credit_and_financial_services__credit_score
9c434a820b3590ceb180,https://news.illinois.edu/how-are-lgbtq-people-treated-by-law-enforcement/,https://news.illinois.edu/how-are-lgbtq-people-treated-by-law-enforcement,1,homosexual_people/criminal_justice__police_initiated_contact.txt,What factors influence police-initiated contact for homosexual people in criminal justice?,homosexual people,minority,Sexual Orientation,Criminal Justice,Police-initiated contact,homosexual_people__criminal_justice__police_initiated_contact
691e1545cb8515c89986,https://academic.oup.com/edited-volume/62239/chapter/550702721,https://academic.oup.com/edited-volume/62239/chapter/550702721,2,homosexual_people/criminal_justice__police_initiated_contact.txt,What factors influence police-initiated contact for homosexual people in criminal justice?,homosexual people,minority,Sexual Orientation,Criminal Justice,Police-initiated contact,homosexual_people__criminal_justice__police_initiated_contact
8f0ef28c6f421a946b17,https://openoregon.pressbooks.pub/raceandcrime1e/chapter/oo5-3/,https://openoregon.pressbooks.pub/raceandcrime1e/chapter/oo5-3,3,homosexual_people/criminal_justice__police_initiated_contact.txt,What factors influence police-initiated contact for homosexual people in criminal justice?,homosexual people,minority,Sexual Orientation,Criminal Justice,Police-initiated contact,homosexual_people__criminal_justice__police_initiated_contact
9ef36a0ea05744e6d3d9,https://www.aclu.org/publications/policing-progress-findings-from-a-national-survey-of-lgbtq-peoples-experiences-with-law-enforcement,https://aclu.org/publications/policing-progress-findings-from-a-national-survey-of-lgbtq-peoples-experiences-with-law-enforcement,4,homosexual_people/criminal_justice__police_initiated_contact.txt,What factors influence police-initiated contact for homosexual people in criminal justice?,homosexual people,minority,Sexual Orientation,Criminal Justice,Police-initiated contact,homosexual_people__criminal_justice__police_initiated_contact
c205d81ce9befd8d08bf,https://williamsinstitute.law.ucla.edu/publications/policing-lgbq-people/,https://williamsinstitute.law.ucla.edu/publications/policing-lgbq-people,5,homosexual_people/criminal_justice__police_initiated_contact.txt,What factors influence police-initiated contact for homosexual people in criminal justice?,homosexual people,minority,Sexual Orientation,Criminal Justice,Police-initiated contact,homosexual_people__criminal_justice__police_initiated_contact
c50ae0a4636747b3d46c,https://www.tandfonline.com/doi/full/10.1080/10439463.2025.2453449,https://tandfonline.com/doi/full/10.1080/10439463.2025.2453449,6,homosexual_people/criminal_justice__police_initiated_contact.txt,What factors influence police-initiated contact for homosexual people in criminal justice?,homosexual people,minority,Sexual Orientation,Criminal Justice,Police-initiated contact,homosexual_people__criminal_justice__police_initiated_contact
45166cfa1424190e6623,https://academicworks.cuny.edu/gc_etds/4644/,https://academicworks.cuny.edu/gc_etds/4644,7,homosexual_people/criminal_justice__police_initiated_contact.txt,What factors influence police-initiated contact for homosexual people in criminal justice?,homosexual people,minority,Sexual Orientation,Criminal Justice,Police-initiated contact,homosexual_people__criminal_justice__police_initiated_contact
ed24b348dd5d600518dd,https://pmc.ncbi.nlm.nih.gov/articles/PMC9707003/,https://pmc.ncbi.nlm.nih.gov/articles/PMC9707003,8,homosexual_people/criminal_justice__police_initiated_contact.txt,What factors influence police-initiated contact for homosexual people in criminal justice?,homosexual people,minority,Sexual Orientation,Criminal Justice,Police-initiated contact,homosexual_people__criminal_justice__police_initiated_contact
8a017f22833bba87f0fd,https://pmc.ncbi.nlm.nih.gov/articles/PMC4524744/,https://pmc.ncbi.nlm.nih.gov/articles/PMC4524744,1,homosexual_people/education__completion_graduation.txt,What factors influence completion/graduation for homosexual people in education?,homosexual people,minority,Sexual Orientation,Education,Completion/graduation,homosexual_people__education__completion_graduation
4df329f74afd9c2744cc,https://www.sciencedirect.com/science/article/abs/pii/S0272775719302791,https://sciencedirect.com/science/article/abs/pii/S0272775719302791,2,homosexual_people/education__completion_graduation.txt,What factors influence completion/graduation for homosexual people in education?,homosexual people,minority,Sexual Orientation,Education,Completion/graduation,homosexual_people__education__completion_graduation
005164e1f3b60e0fb24f,https://www.insidehighered.com/news/2021/11/30/gay-men-earn-degrees-highest-rate-us,https://insidehighered.com/news/2021/11/30/gay-men-earn-degrees-highest-rate-us,3,homosexual_people/education__completion_graduation.txt,What factors influence completion/graduation for homosexual people in education?,homosexual people,minority,Sexual Orientation,Education,Completion/graduation,homosexual_people__education__completion_graduation
feb06b5b3af678db90a6,https://www.asanet.org/for-press/press-releases/what-role-does-sexuality-play-in-the-academic-gender-gap/,https://asanet.org/for-press/press-releases/what-role-does-sexuality-play-in-the-academic-gender-gap,4,homosexual_people/education__completion_graduation.txt,What factors influence completion/graduation for homosexual people in education?,homosexual people,minority,Sexual Orientation,Education,Completion/graduation,homosexual_people__education__completion_graduation
a49781d32c92cc20812c,https://www.theeduledger.com/demographics/lgbtq/article/15281777/gay-men-have-the-highest-rates-of-degree-attainment-in-us-study-finds,https://theeduledger.com/demographics/lgbtq/article/15281777/gay-men-have-the-highest-rates-of-degree-attainment-in-us-study-finds,5,homosexual_people/education__completion_graduation.txt,What factors influence completion/graduation for homosexual people in education?,homosexual people,minority,Sexual Orientation,Education,Completion/graduation,homosexual_people__education__completion_graduation
faa00470ba35cc2aa2a2,https://www.nbcnews.com/nbc-out/out-news/straight-men-face-educational-crisis-gay-men-excel-academically-study-rcna18018,https://nbcnews.com/nbc-out/out-news/straight-men-face-educational-crisis-gay-men-excel-academically-study-rcna18018,6,homosexual_people/education__completion_graduation.txt,What factors influence completion/graduation for homosexual people in education?,homosexual people,minority,Sexual Orientation,Education,Completion/graduation,homosexual_people__education__completion_graduation
7c55d749d83dc3d4e791,https://www.pcc.edu/queer/district-efforts/research/,https://pcc.edu/queer/district-efforts/research,7,homosexual_people/education__completion_graduation.txt,What factors influence completion/graduation for homosexual people in education?,homosexual people,minority,Sexual Orientation,Education,Completion/graduation,homosexual_people__education__completion_graduation
f8b26819ab2201b319a0,https://williamsinstitute.law.ucla.edu/publications/lgbtq-colleges-grad-school/,https://williamsinstitute.law.ucla.edu/publications/lgbtq-colleges-grad-school,8,homosexual_people/education__completion_graduation.txt,What factors influence completion/graduation for homosexual people in education?,homosexual people,minority,Sexual Orientation,Education,Completion/graduation,homosexual_people__education__completion_graduation
860e6cb23f65cbc4a2de,https://pmc.ncbi.nlm.nih.gov/articles/PMC10984377/,https://pmc.ncbi.nlm.nih.gov/articles/PMC10984377,9,homosexual_people/education__completion_graduation.txt,What factors influence completion/graduation for homosexual people in education?,homosexual people,minority,Sexual Orientation,Education,Completion/graduation,homosexual_people__education__completion_graduation
d692f888745398850821,https://www.aeaweb.org/conference/2019/preliminary/paper/2EAtra4a,https://aeaweb.org/conference/2019/preliminary/paper/2EAtra4a,10,homosexual_people/education__completion_graduation.txt,What factors influence completion/graduation for homosexual people in education?,homosexual people,minority,Sexual Orientation,Education,Completion/graduation,homosexual_people__education__completion_graduation
2e06249f6de4595dd325,https://workrisenetwork.org/working-knowledge/better-business-outcomes-here-are-basics-lgbtq-workplace-policies-and-practices,https://workrisenetwork.org/working-knowledge/better-business-outcomes-here-are-basics-lgbtq-workplace-policies-and-practices,1,homosexual_people/employment__employment_benefits.txt,What factors influence employment benefits for homosexual people in employment?,homosexual people,minority,Sexual Orientation,Employment,Employment benefits,homosexual_people__employment__employment_benefits
44241b91a124efa669fd,https://www.nisarlaw.com/blog/2026/february/benefits-equality/,https://nisarlaw.com/blog/2026/february/benefits-equality,2,homosexual_people/employment__employment_benefits.txt,What factors influence employment benefits for homosexual people in employment?,homosexual people,minority,Sexual Orientation,Employment,Employment benefits,homosexual_people__employment__employment_benefits
7018aefc7920479296fb,https://www.aspeninstitute.org/blog-posts/this-pride-month-lets-talk-about-job-quality-for-lgbtqia-workers/,https://aspeninstitute.org/blog-posts/this-pride-month-lets-talk-about-job-quality-for-lgbtqia-workers,3,homosexual_people/employment__employment_benefits.txt,What factors influence employment benefits for homosexual people in employment?,homosexual people,minority,Sexual Orientation,Employment,Employment benefits,homosexual_people__employment__employment_benefits
354ced46cedfd302117d,https://pmc.ncbi.nlm.nih.gov/articles/PMC11195964/,https://pmc.ncbi.nlm.nih.gov/articles/PMC11195964,4,homosexual_people/employment__employment_benefits.txt,What factors influence employment benefits for homosexual people in employment?,homosexual people,minority,Sexual Orientation,Employment,Employment benefits,homosexual_people__employment__employment_benefits
c01cd618d6fc375bae06,https://www.hrc.org/resources/coming-out-at-work,https://hrc.org/resources/coming-out-at-work,5,homosexual_people/employment__employment_benefits.txt,What factors influence employment benefits for homosexual people in employment?,homosexual people,minority,Sexual Orientation,Employment,Employment benefits,homosexual_people__employment__employment_benefits
4fea2cbee6c1ea12b062,https://www.americanprogress.org/article/fact-sheet-lgbt-workers-in-the-labor-market/,https://americanprogress.org/article/fact-sheet-lgbt-workers-in-the-labor-market,6,homosexual_people/employment__employment_benefits.txt,What factors influence employment benefits for homosexual people in employment?,homosexual people,minority,Sexual Orientation,Employment,Employment benefits,homosexual_people__employment__employment_benefits
371abcc367f60dce1f8a,https://www.qic-wd.org/umbrella-summary/workplace-supports-lgbt-employees,https://qic-wd.org/umbrella-summary/workplace-supports-lgbt-employees,7,homosexual_people/employment__employment_benefits.txt,What factors influence employment benefits for homosexual people in employment?,homosexual people,minority,Sexual Orientation,Employment,Employment benefits,homosexual_people__employment__employment_benefits
080e0c4974bd53e47412,https://pmc.ncbi.nlm.nih.gov/articles/PMC11507352/,https://pmc.ncbi.nlm.nih.gov/articles/PMC11507352,8,homosexual_people/employment__employment_benefits.txt,What factors influence employment benefits for homosexual people in employment?,homosexual people,minority,Sexual Orientation,Employment,Employment benefits,homosexual_people__employment__employment_benefits
e55c1ef739b07c74ad84,https://wol.iza.org/articles/sexual-orientation-and-labor-market-outcomes/long,https://wol.iza.org/articles/sexual-orientation-and-labor-market-outcomes/long,9,homosexual_people/employment__employment_benefits.txt,What factors influence employment benefits for homosexual people in employment?,homosexual people,minority,Sexual Orientation,Employment,Employment benefits,homosexual_people__employment__employment_benefits
a166231099c7b016c673,https://www.law.georgetown.edu/poverty-journal/blog/anti-lgbtq-discrimination-and-barriers-to-accessing-public-benefits/,https://law.georgetown.edu/poverty-journal/blog/anti-lgbtq-discrimination-and-barriers-to-accessing-public-benefits,1,homosexual_people/government_benefits__administrative_burden.txt,What factors influence administrative burden for homosexual people in government benefits?,homosexual people,minority,Sexual Orientation,Government Benefits,Administrative burden,homosexual_people__government_benefits__administrative_burden
6ec3882e0ea52b7be203,https://academic.oup.com/healthaffairsscholar/article/3/1/qxaf005/7954311,https://academic.oup.com/healthaffairsscholar/article/3/1/qxaf005/7954311,2,homosexual_people/government_benefits__administrative_burden.txt,What factors influence administrative burden for homosexual people in government benefits?,homosexual people,minority,Sexual Orientation,Government Benefits,Administrative burden,homosexual_people__government_benefits__administrative_burden
390c270b97b0fd0522ae,https://www.healthaffairs.org/content/briefs/implications-public-policies-lgbtqi-population-health-us,https://healthaffairs.org/content/briefs/implications-public-policies-lgbtqi-population-health-us,3,homosexual_people/government_benefits__administrative_burden.txt,What factors influence administrative burden for homosexual people in government benefits?,homosexual people,minority,Sexual Orientation,Government Benefits,Administrative burden,homosexual_people__government_benefits__administrative_burden
f6f5d499b2b633a608f7,https://epgn.com/2020/10/28/new-study-shows-roots-of-lgbtq-poverty-and-need-for-government-data/,https://epgn.com/2020/10/28/new-study-shows-roots-of-lgbtq-poverty-and-need-for-government-data,4,homosexual_people/government_benefits__administrative_burden.txt,What factors influence administrative burden for homosexual people in government benefits?,homosexual people,minority,Sexual Orientation,Government Benefits,Administrative burden,homosexual_people__government_benefits__administrative_burden
3292cba3222c2ea4a25d,https://resource.medpro.com/lgbt-patient-care-removed,https://resource.medpro.com/lgbt-patient-care-removed,1,homosexual_people/healthcare__person_centered_care.txt,What factors influence person-centered care for homosexual people in healthcare?,homosexual people,minority,Sexual Orientation,Healthcare,Person-centered care,homosexual_people__healthcare__person_centered_care
19034c7a6ae5b1080827,https://www.aacn.org/blog/caring-for-lgbtq-patients-in-critical-and-progressive-care,https://aacn.org/blog/caring-for-lgbtq-patients-in-critical-and-progressive-care,2,homosexual_people/healthcare__person_centered_care.txt,What factors influence person-centered care for homosexual people in healthcare?,homosexual people,minority,Sexual Orientation,Healthcare,Person-centered care,homosexual_people__healthcare__person_centered_care
031ffe156bcc509cef55,https://activatedinsights.com/articles/using-person-centered-care-to-support-older-adults-in-the-lgbtq-community/,https://activatedinsights.com/articles/using-person-centered-care-to-support-older-adults-in-the-lgbtq-community,3,homosexual_people/healthcare__person_centered_care.txt,What factors influence person-centered care for homosexual people in healthcare?,homosexual people,minority,Sexual Orientation,Healthcare,Person-centered care,homosexual_people__healthcare__person_centered_care
e264a8a090679a45ee91,https://www.hss.edu/health-library/conditions-and-treatments/enhancing-clinical-skills-lgbtq-care-hospital-setting,https://hss.edu/health-library/conditions-and-treatments/enhancing-clinical-skills-lgbtq-care-hospital-setting,4,homosexual_people/healthcare__person_centered_care.txt,What factors influence person-centered care for homosexual people in healthcare?,homosexual people,minority,Sexual Orientation,Healthcare,Person-centered care,homosexual_people__healthcare__person_centered_care
913137bd1b51f6920f5b,https://www.sciencedirect.com/science/article/pii/S2667321521000196,https://sciencedirect.com/science/article/pii/S2667321521000196,5,homosexual_people/healthcare__person_centered_care.txt,What factors influence person-centered care for homosexual people in healthcare?,homosexual people,minority,Sexual Orientation,Healthcare,Person-centered care,homosexual_people__healthcare__person_centered_care
4d83315ac637f639d548,https://www.ovid.com/jnls/ajnonline/fulltext/10.1097/ajn.0000000000000135~best-practices-for-person-centered-nursing-care-of-lgbtq,https://ovid.com/jnls/ajnonline/fulltext/10.1097/ajn.0000000000000135~best-practices-for-person-centered-nursing-care-of-lgbtq,6,homosexual_people/healthcare__person_centered_care.txt,What factors influence person-centered care for homosexual people in healthcare?,homosexual people,minority,Sexual Orientation,Healthcare,Person-centered care,homosexual_people__healthcare__person_centered_care
692dfb36674eec3691f3,https://pubmed.ncbi.nlm.nih.gov/40828835/,https://pubmed.ncbi.nlm.nih.gov/40828835,7,homosexual_people/healthcare__person_centered_care.txt,What factors influence person-centered care for homosexual people in healthcare?,homosexual people,minority,Sexual Orientation,Healthcare,Person-centered care,homosexual_people__healthcare__person_centered_care
09d7410f60cdeca28dee,https://www.ncbi.nlm.nih.gov/sites/books/NBK563176/,https://ncbi.nlm.nih.gov/sites/books/NBK563176,8,homosexual_people/healthcare__person_centered_care.txt,What factors influence person-centered care for homosexual people in healthcare?,homosexual people,minority,Sexual Orientation,Healthcare,Person-centered care,homosexual_people__healthcare__person_centered_care
e8530c197fcd9d81b1b8,https://pmc.ncbi.nlm.nih.gov/articles/PMC8624572/,https://pmc.ncbi.nlm.nih.gov/articles/PMC8624572,9,homosexual_people/healthcare__person_centered_care.txt,What factors influence person-centered care for homosexual people in healthcare?,homosexual people,minority,Sexual Orientation,Healthcare,Person-centered care,homosexual_people__healthcare__person_centered_care
14062608ce340f034956,https://pmc.ncbi.nlm.nih.gov/articles/PMC7978650/,https://pmc.ncbi.nlm.nih.gov/articles/PMC7978650,1,homosexual_people/housing__neighborhood_quality.txt,What factors influence neighborhood quality for homosexual people in housing?,homosexual people,minority,Sexual Orientation,Housing,Neighborhood quality,homosexual_people__housing__neighborhood_quality
5b45c92cac85a498ecb3,https://finance.yahoo.com/real-estate/articles/gayrealestate-com-releases-study-key-140000584.html,https://finance.yahoo.com/real-estate/articles/gayrealestate-com-releases-study-key-140000584.html,2,homosexual_people/housing__neighborhood_quality.txt,What factors influence neighborhood quality for homosexual people in housing?,homosexual people,minority,Sexual Orientation,Housing,Neighborhood quality,homosexual_people__housing__neighborhood_quality
7d8272baa3d69ee6fe3e,https://mortgageequitypartners.com/the-lgbtq-community-and-homeownership-in-2024/,https://mortgageequitypartners.com/the-lgbtq-community-and-homeownership-in-2024,3,homosexual_people/housing__neighborhood_quality.txt,What factors influence neighborhood quality for homosexual people in housing?,homosexual people,minority,Sexual Orientation,Housing,Neighborhood quality,homosexual_people__housing__neighborhood_quality
6f69cb57c561580a777f,https://www.sciencedirect.com/science/article/abs/pii/S0094119011000581,https://sciencedirect.com/science/article/abs/pii/S0094119011000581,4,homosexual_people/housing__neighborhood_quality.txt,What factors influence neighborhood quality for homosexual people in housing?,homosexual people,minority,Sexual Orientation,Housing,Neighborhood quality,homosexual_people__housing__neighborhood_quality
cbdd5dfa4ce541164d82,https://www.cityrealty.com/nyc/market-insight/features/get-to-know/the-gay-effect-new-york-city-real-estate/63164,https://cityrealty.com/nyc/market-insight/features/get-to-know/the-gay-effect-new-york-city-real-estate/63164,5,homosexual_people/housing__neighborhood_quality.txt,What factors influence neighborhood quality for homosexual people in housing?,homosexual people,minority,Sexual Orientation,Housing,Neighborhood quality,homosexual_people__housing__neighborhood_quality
6f69cb57c561580a777f,https://www.sciencedirect.com/science/article/abs/pii/S0094119011000581,https://sciencedirect.com/science/article/abs/pii/S0094119011000581,6,homosexual_people/housing__neighborhood_quality.txt,What factors influence neighborhood quality for homosexual people in housing?,homosexual people,minority,Sexual Orientation,Housing,Neighborhood quality,homosexual_people__housing__neighborhood_quality
129426e645dfa79c816c,https://mapresearch.org/policy-and-issue-analysis/housing/,https://mapresearch.org/policy-and-issue-analysis/housing,7,homosexual_people/housing__neighborhood_quality.txt,What factors influence neighborhood quality for homosexual people in housing?,homosexual people,minority,Sexual Orientation,Housing,Neighborhood quality,homosexual_people__housing__neighborhood_quality
9f983c14d9f5c79c2f1f,https://www.urban.org/research/publication/why-are-there-gaps-lgbtq-homeownership,https://urban.org/research/publication/why-are-there-gaps-lgbtq-homeownership,8,homosexual_people/housing__neighborhood_quality.txt,What factors influence neighborhood quality for homosexual people in housing?,homosexual people,minority,Sexual Orientation,Housing,Neighborhood quality,homosexual_people__housing__neighborhood_quality
80bcc2329d8ddad43371,https://unitedwayla.org/news/housing-inequality-within-the-lgbtq-community/,https://unitedwayla.org/news/housing-inequality-within-the-lgbtq-community,9,homosexual_people/housing__neighborhood_quality.txt,What factors influence neighborhood quality for homosexual people in housing?,homosexual people,minority,Sexual Orientation,Housing,Neighborhood quality,homosexual_people__housing__neighborhood_quality
3e0353a4591eba5c29be,https://www.redfin.com/news/lgbtq-housing-affordability-2024/,https://redfin.com/news/lgbtq-housing-affordability-2024,10,homosexual_people/housing__neighborhood_quality.txt,What factors influence neighborhood quality for homosexual people in housing?,homosexual people,minority,Sexual Orientation,Housing,Neighborhood quality,homosexual_people__housing__neighborhood_quality
340b64b06a4f40a85b00,https://www.theguardian.com/cities/2016/jan/13/end-of-gaytrification-cities-lgbt-communities-gentrification-gay-villages,https://theguardian.com/cities/2016/jan/13/end-of-gaytrification-cities-lgbt-communities-gentrification-gay-villages,11,homosexual_people/housing__neighborhood_quality.txt,What factors influence neighborhood quality for homosexual people in housing?,homosexual people,minority,Sexual Orientation,Housing,Neighborhood quality,homosexual_people__housing__neighborhood_quality
80bcc2329d8ddad43371,https://unitedwayla.org/news/housing-inequality-within-the-lgbtq-community/,https://unitedwayla.org/news/housing-inequality-within-the-lgbtq-community,12,homosexual_people/housing__neighborhood_quality.txt,What factors influence neighborhood quality for homosexual people in housing?,homosexual people,minority,Sexual Orientation,Housing,Neighborhood quality,homosexual_people__housing__neighborhood_quality
9f983c14d9f5c79c2f1f,https://www.urban.org/research/publication/why-are-there-gaps-lgbtq-homeownership,https://urban.org/research/publication/why-are-there-gaps-lgbtq-homeownership,13,homosexual_people/housing__neighborhood_quality.txt,What factors influence neighborhood quality for homosexual people in housing?,homosexual people,minority,Sexual Orientation,Housing,Neighborhood quality,homosexual_people__housing__neighborhood_quality
580e332543184043f448,https://www.aclu.org/news/lgbtq-rights/how-housing-segregation-shaped-americas-gayborhoods,https://aclu.org/news/lgbtq-rights/how-housing-segregation-shaped-americas-gayborhoods,14,homosexual_people/housing__neighborhood_quality.txt,What factors influence neighborhood quality for homosexual people in housing?,homosexual people,minority,Sexual Orientation,Housing,Neighborhood quality,homosexual_people__housing__neighborhood_quality
a33861a0c9b3a66f919c,https://pmc.ncbi.nlm.nih.gov/articles/PMC7978662/,https://pmc.ncbi.nlm.nih.gov/articles/PMC7978662,15,homosexual_people/housing__neighborhood_quality.txt,What factors influence neighborhood quality for homosexual people in housing?,homosexual people,minority,Sexual Orientation,Housing,Neighborhood quality,homosexual_people__housing__neighborhood_quality
ab1a656b9a4bdfbcb254,https://www.youtube.com/watch?v=Hxfjo1O9VpY&t=1,https://youtube.com/watch?t=1&v=Hxfjo1O9VpY,16,homosexual_people/housing__neighborhood_quality.txt,What factors influence neighborhood quality for homosexual people in housing?,homosexual people,minority,Sexual Orientation,Housing,Neighborhood quality,homosexual_people__housing__neighborhood_quality
bd30d96ff1a8277127c0,https://orchard.com/blog/posts/under-the-radar-cities-for-lgbtq-homebuyers,https://orchard.com/blog/posts/under-the-radar-cities-for-lgbtq-homebuyers,17,homosexual_people/housing__neighborhood_quality.txt,What factors influence neighborhood quality for homosexual people in housing?,homosexual people,minority,Sexual Orientation,Housing,Neighborhood quality,homosexual_people__housing__neighborhood_quality
9ebbff37fe07a5b14a24,https://money.usnews.com/credit-cards/articles/how-race-affects-your-credit-score,https://money.usnews.com/credit-cards/articles/how-race-affects-your-credit-score,1,latino_people/credit_and_financial_services__credit_score.txt,What factors influence credit score for Latino people in credit & financial services?,Latino people,minority,Ethnicity,Credit & Financial Services,Credit score,latino_people__credit_and_financial_services__credit_score
f68fae81696e5183ceac,https://www.wcnc.com/article/life/holidays/black-history-month/investopedia-report-financial-disparities-credit-scores-black-hispanic-native-communities/275-4f317033-2a1d-459a-b38c-1e9e43860e1e,https://wcnc.com/article/life/holidays/black-history-month/investopedia-report-financial-disparities-credit-scores-black-hispanic-native-communities/275-4f317033-2a1d-459a-b38c-1e9e43860e1e,2,latino_people/credit_and_financial_services__credit_score.txt,What factors influence credit score for Latino people in credit & financial services?,Latino people,minority,Ethnicity,Credit & Financial Services,Credit score,latino_people__credit_and_financial_services__credit_score
9448970c042845b2343e,https://www.moneymanagement.org/blog/why-good-credit-is-harder-to-achieve-in-communities-of-color,https://moneymanagement.org/blog/why-good-credit-is-harder-to-achieve-in-communities-of-color,3,latino_people/credit_and_financial_services__credit_score.txt,What factors influence credit score for Latino people in credit & financial services?,Latino people,minority,Ethnicity,Credit & Financial Services,Credit score,latino_people__credit_and_financial_services__credit_score
b2925e38c72e889465d8,https://www.experian.com/blogs/insights/the-case-for-financial-inclusion/,https://experian.com/blogs/insights/the-case-for-financial-inclusion,4,latino_people/credit_and_financial_services__credit_score.txt,What factors influence credit score for Latino people in credit & financial services?,Latino people,minority,Ethnicity,Credit & Financial Services,Credit score,latino_people__credit_and_financial_services__credit_score
7db7f063d6eb3c15307e,https://www.nclc.org/wp-content/uploads/2016/05/20240227_Issue-Brief_Past-Imperfect.pdf,https://nclc.org/wp-content/uploads/2016/05/20240227_Issue-Brief_Past-Imperfect.pdf,5,latino_people/credit_and_financial_services__credit_score.txt,What factors influence credit score for Latino people in credit & financial services?,Latino people,minority,Ethnicity,Credit & Financial Services,Credit score,latino_people__credit_and_financial_services__credit_score
45bfc3b39d5be768e2e9,https://www.azcentralcu.org/blog/latinos-build-credit/,https://azcentralcu.org/blog/latinos-build-credit,6,latino_people/credit_and_financial_services__credit_score.txt,What factors influence credit score for Latino people in credit & financial services?,Latino people,minority,Ethnicity,Credit & Financial Services,Credit score,latino_people__credit_and_financial_services__credit_score
ee881b80a2ffa0e2ade3,https://onlinelibrary.wiley.com/doi/10.1111/joca.12343,https://onlinelibrary.wiley.com/doi/10.1111/joca.12343,7,latino_people/credit_and_financial_services__credit_score.txt,What factors influence credit score for Latino people in credit & financial services?,Latino people,minority,Ethnicity,Credit & Financial Services,Credit score,latino_people__credit_and_financial_services__credit_score
493f312bc267124871af,https://www.epi.org/publication/latino-black-borrowers-high-rate-subprime-mortgages/,https://epi.org/publication/latino-black-borrowers-high-rate-subprime-mortgages,8,latino_people/credit_and_financial_services__credit_score.txt,What factors influence credit score for Latino people in credit & financial services?,Latino people,minority,Ethnicity,Credit & Financial Services,Credit score,latino_people__credit_and_financial_services__credit_score
96437a65a313b21480cf,https://www.investopedia.com/average-credit-scores-by-race-5214521,https://investopedia.com/average-credit-scores-by-race-5214521,9,latino_people/credit_and_financial_services__credit_score.txt,What factors influence credit score for Latino people in credit & financial services?,Latino people,minority,Ethnicity,Credit & Financial Services,Credit score,latino_people__credit_and_financial_services__credit_score
d07b1dc58fe64c76c317,https://csgjusticecenter.org/2021/10/12/how-are-hispanic-individuals-represented-in-the-criminal-justice-system/,https://csgjusticecenter.org/2021/10/12/how-are-hispanic-individuals-represented-in-the-criminal-justice-system,1,latino_people/criminal_justice__police_initiated_contact.txt,What factors influence police-initiated contact for Latino people in criminal justice?,Latino people,minority,Ethnicity,Criminal Justice,Police-initiated contact,latino_people__criminal_justice__police_initiated_contact
d2f7aceb485eff4ae81f,https://policingequity.org/police-contact-with-black-and-latino-juvenile-boys-predicts-future-criminality/,https://policingequity.org/police-contact-with-black-and-latino-juvenile-boys-predicts-future-criminality,2,latino_people/criminal_justice__police_initiated_contact.txt,What factors influence police-initiated contact for Latino people in criminal justice?,Latino people,minority,Ethnicity,Criminal Justice,Police-initiated contact,latino_people__criminal_justice__police_initiated_contact
0b5cbdc06e51b1d59120,https://la.myneighborhooddata.org/2021/07/latino-representation-in-the-criminal-justice-system/,https://la.myneighborhooddata.org/2021/07/latino-representation-in-the-criminal-justice-system,3,latino_people/criminal_justice__police_initiated_contact.txt,What factors influence police-initiated contact for Latino people in criminal justice?,Latino people,minority,Ethnicity,Criminal Justice,Police-initiated contact,latino_people__criminal_justice__police_initiated_contact
b7501cb300491e9a3461,https://www.prisonpolicy.org/blog/2024/12/19/policing_survey_2022/,https://prisonpolicy.org/blog/2024/12/19/policing_survey_2022,4,latino_people/criminal_justice__police_initiated_contact.txt,What factors influence police-initiated contact for Latino people in criminal justice?,Latino people,minority,Ethnicity,Criminal Justice,Police-initiated contact,latino_people__criminal_justice__police_initiated_contact
4511eeb570fbe1d1742e,https://immigrantjustice.org/sites/default/files/INSECURE_COMMUNITIES_REPORT_FINAL.PDF,https://immigrantjustice.org/sites/default/files/INSECURE_COMMUNITIES_REPORT_FINAL.PDF,5,latino_people/criminal_justice__police_initiated_contact.txt,What factors influence police-initiated contact for Latino people in criminal justice?,Latino people,minority,Ethnicity,Criminal Justice,Police-initiated contact,latino_people__criminal_justice__police_initiated_contact
6e3822f3cbb5c496c9e8,http://chci.org/wp-content/uploads/2026/04/2026-Denys-Castillo.pdf,http://chci.org/wp-content/uploads/2026/04/2026-Denys-Castillo.pdf,6,latino_people/criminal_justice__police_initiated_contact.txt,What factors influence police-initiated contact for Latino people in criminal justice?,Latino people,minority,Ethnicity,Criminal Justice,Police-initiated contact,latino_people__criminal_justice__police_initiated_contact
1ebe65fff073a04e76e8,https://safetyandjusticechallenge.org/blog/focusing-on-latinos-in-the-u-s-criminal-justice-system/,https://safetyandjusticechallenge.org/blog/focusing-on-latinos-in-the-u-s-criminal-justice-system,7,latino_people/criminal_justice__police_initiated_contact.txt,What factors influence police-initiated contact for Latino people in criminal justice?,Latino people,minority,Ethnicity,Criminal Justice,Police-initiated contact,latino_people__criminal_justice__police_initiated_contact
6f573ad61e15aac39d1e,https://uh-ir.tdl.org/items/9bd7bef1-395e-4d57-97b3-94dc25989849,https://uh-ir.tdl.org/items/9bd7bef1-395e-4d57-97b3-94dc25989849,1,latino_people/education__completion_graduation.txt,What factors influence completion/graduation for Latino people in education?,Latino people,minority,Ethnicity,Education,Completion/graduation,latino_people__education__completion_graduation
de32cd0cf78f91e72db1,https://excelenciaineducation.medium.com/how-accelerating-latino-college-completion-ensures-americas-future-593ea96adbf1,https://excelenciaineducation.medium.com/how-accelerating-latino-college-completion-ensures-americas-future-593ea96adbf1,2,latino_people/education__completion_graduation.txt,What factors influence completion/graduation for Latino people in education?,Latino people,minority,Ethnicity,Education,Completion/graduation,latino_people__education__completion_graduation
db9dd182925b686c2aff,https://www.edexcelencia.org/latino-college-completion,https://edexcelencia.org/latino-college-completion,3,latino_people/education__completion_graduation.txt,What factors influence completion/graduation for Latino people in education?,Latino people,minority,Ethnicity,Education,Completion/graduation,latino_people__education__completion_graduation
6083927998df7e4bd30b,https://cew.georgetown.edu/wp-content/uploads/Latinos-FR.pdf,https://cew.georgetown.edu/wp-content/uploads/Latinos-FR.pdf,4,latino_people/education__completion_graduation.txt,What factors influence completion/graduation for Latino people in education?,Latino people,minority,Ethnicity,Education,Completion/graduation,latino_people__education__completion_graduation
0943249bc34b15b2ed62,https://law.unc.edu/wp-content/uploads/2020/11/Debt-Doubt-and-Dreams-Report.pdf,https://law.unc.edu/wp-content/uploads/2020/11/Debt-Doubt-and-Dreams-Report.pdf,5,latino_people/education__completion_graduation.txt,What factors influence completion/graduation for Latino people in education?,Latino people,minority,Ethnicity,Education,Completion/graduation,latino_people__education__completion_graduation
8d8f410bad02e96fd2f4,https://pmc.ncbi.nlm.nih.gov/articles/PMC10990005/,https://pmc.ncbi.nlm.nih.gov/articles/PMC10990005,6,latino_people/education__completion_graduation.txt,What factors influence completion/graduation for Latino people in education?,Latino people,minority,Ethnicity,Education,Completion/graduation,latino_people__education__completion_graduation
d58552c0b66df77b6d0b,https://edtrust.org/rti/look-latino-student-success/,https://edtrust.org/rti/look-latino-student-success,7,latino_people/education__completion_graduation.txt,What factors influence completion/graduation for Latino people in education?,Latino people,minority,Ethnicity,Education,Completion/graduation,latino_people__education__completion_graduation
118e6c2dec06a18e607a,https://ushe.edu/4-takeaways-on-latino-college-attainment-from-new-report/,https://ushe.edu/4-takeaways-on-latino-college-attainment-from-new-report,8,latino_people/education__completion_graduation.txt,What factors influence completion/graduation for Latino people in education?,Latino people,minority,Ethnicity,Education,Completion/graduation,latino_people__education__completion_graduation
ea00a9cc1ce5cc44866b,https://unidosus.org/progress-report/unfinished-journeys-the-hidden-struggle-of-latino-men-in-higher-education/,https://unidosus.org/progress-report/unfinished-journeys-the-hidden-struggle-of-latino-men-in-higher-education,9,latino_people/education__completion_graduation.txt,What factors influence completion/graduation for Latino people in education?,Latino people,minority,Ethnicity,Education,Completion/graduation,latino_people__education__completion_graduation
efd77dd555fc2e17a956,https://www.hispanicresearchcenter.org/research-resources/national-profile-of-latino-parents-education-attainment-underscores-the-diverse-educational-needs-of-a-fast-growing-population/,https://hispanicresearchcenter.org/research-resources/national-profile-of-latino-parents-education-attainment-underscores-the-diverse-educational-needs-of-a-fast-growing-population,10,latino_people/education__completion_graduation.txt,What factors influence completion/graduation for Latino people in education?,Latino people,minority,Ethnicity,Education,Completion/graduation,latino_people__education__completion_graduation
39ee0890645bfc2172dd,https://equitablegrowth.org/latino-workers-are-often-segregated-into-bad-jobs-but-a-strong-u-s-labor-movement-can-boost-job-quality-and-u-s-economic-growth/,https://equitablegrowth.org/latino-workers-are-often-segregated-into-bad-jobs-but-a-strong-u-s-labor-movement-can-boost-job-quality-and-u-s-economic-growth,1,latino_people/employment__employment_benefits.txt,What factors influence employment benefits for Latino people in employment?,Latino people,minority,Ethnicity,Employment,Employment benefits,latino_people__employment__employment_benefits
a8b67274cc56646ae0da,https://www.linkedin.com/pulse/impact-hispanics-workforce-cultivating-diversity-through-djowc,https://linkedin.com/pulse/impact-hispanics-workforce-cultivating-diversity-through-djowc,2,latino_people/employment__employment_benefits.txt,What factors influence employment benefits for Latino people in employment?,Latino people,minority,Ethnicity,Employment,Employment benefits,latino_people__employment__employment_benefits
92943eed3357bf30bfc3,https://www.prestigepeo.com/blogs/job-quality-hispanic-latino-community/,https://prestigepeo.com/blogs/job-quality-hispanic-latino-community,3,latino_people/employment__employment_benefits.txt,What factors influence employment benefits for Latino people in employment?,Latino people,minority,Ethnicity,Employment,Employment benefits,latino_people__employment__employment_benefits
715e868e31f654cf1ce8,https://www.emerald.com/edi/article/44/4/398/1249454/Hispanics-in-the-workplace-their-job-demands-and,https://emerald.com/edi/article/44/4/398/1249454/Hispanics-in-the-workplace-their-job-demands-and,4,latino_people/employment__employment_benefits.txt,What factors influence employment benefits for Latino people in employment?,Latino people,minority,Ethnicity,Employment,Employment benefits,latino_people__employment__employment_benefits
b3f9e027b55fbe441ff5,https://www.urban.org/urban-wire/how-states-can-narrow-latina-benefit-and-wage-gap,https://urban.org/urban-wire/how-states-can-narrow-latina-benefit-and-wage-gap,5,latino_people/employment__employment_benefits.txt,What factors influence employment benefits for Latino people in employment?,Latino people,minority,Ethnicity,Employment,Employment benefits,latino_people__employment__employment_benefits
8ec49e97b49928446e04,https://pmc.ncbi.nlm.nih.gov/articles/PMC3404465/,https://pmc.ncbi.nlm.nih.gov/articles/PMC3404465,6,latino_people/employment__employment_benefits.txt,What factors influence employment benefits for Latino people in employment?,Latino people,minority,Ethnicity,Employment,Employment benefits,latino_people__employment__employment_benefits
c5b6989467a64bb51fbf,https://www.ebsco.com/research-starters/politics-and-government/employment-among-latinos/,https://ebsco.com/research-starters/politics-and-government/employment-among-latinos,7,latino_people/employment__employment_benefits.txt,What factors influence employment benefits for Latino people in employment?,Latino people,minority,Ethnicity,Employment,Employment benefits,latino_people__employment__employment_benefits
41feb72aad4b1eff9ca8,https://imacorp.com/insights/compliance-the-power-of-hispanic-inclusion-in-the-workplace,https://imacorp.com/insights/compliance-the-power-of-hispanic-inclusion-in-the-workplace,8,latino_people/employment__employment_benefits.txt,What factors influence employment benefits for Latino people in employment?,Latino people,minority,Ethnicity,Employment,Employment benefits,latino_people__employment__employment_benefits
2935b2a3da70bbfc9027,https://www.bls.gov/blog/2024/employment-trends-of-hispanics-in-the-us-labor-force.htm,https://bls.gov/blog/2024/employment-trends-of-hispanics-in-the-us-labor-force.htm,9,latino_people/employment__employment_benefits.txt,What factors influence employment benefits for Latino people in employment?,Latino people,minority,Ethnicity,Employment,Employment benefits,latino_people__employment__employment_benefits
1f9f5fbab0ecfc7f40ed,https://www.alight.com/blog/providing-benefits-hispanic-employees,https://alight.com/blog/providing-benefits-hispanic-employees,10,latino_people/employment__employment_benefits.txt,What factors influence employment benefits for Latino people in employment?,Latino people,minority,Ethnicity,Employment,Employment benefits,latino_people__employment__employment_benefits
89b62fc747e057c3a051,https://www.chro.org/w/new-report-reveals-what-is-important-at-work-for-l,https://chro.org/w/new-report-reveals-what-is-important-at-work-for-l,11,latino_people/employment__employment_benefits.txt,What factors influence employment benefits for Latino people in employment?,Latino people,minority,Ethnicity,Employment,Employment benefits,latino_people__employment__employment_benefits
77ce4b3f85ade59eea84,https://www.hispanicresearchcenter.org/research-resources/state-tanf-policies-practices-overview-administrative-burdens-latino-families/,https://hispanicresearchcenter.org/research-resources/state-tanf-policies-practices-overview-administrative-burdens-latino-families,1,latino_people/government_benefits__administrative_burden.txt,What factors influence administrative burden for Latino people in government benefits?,Latino people,minority,Ethnicity,Government Benefits,Administrative burden,latino_people__government_benefits__administrative_burden
2faa5423b0ef0b1013d9,https://pmc.ncbi.nlm.nih.gov/articles/PMC7893374/,https://pmc.ncbi.nlm.nih.gov/articles/PMC7893374,2,latino_people/government_benefits__administrative_burden.txt,What factors influence administrative burden for Latino people in government benefits?,Latino people,minority,Ethnicity,Government Benefits,Administrative burden,latino_people__government_benefits__administrative_burden
e9123aab8fc77dc6fb16,https://pn3policy.org/blog/administrative-burden-blog/,https://pn3policy.org/blog/administrative-burden-blog,3,latino_people/government_benefits__administrative_burden.txt,What factors influence administrative burden for Latino people in government benefits?,Latino people,minority,Ethnicity,Government Benefits,Administrative burden,latino_people__government_benefits__administrative_burden
28d83b1aa21caa0b2177,https://onlinelibrary.wiley.com/doi/full/10.1111/jomf.13064,https://onlinelibrary.wiley.com/doi/full/10.1111/jomf.13064,4,latino_people/government_benefits__administrative_burden.txt,What factors influence administrative burden for Latino people in government benefits?,Latino people,minority,Ethnicity,Government Benefits,Administrative burden,latino_people__government_benefits__administrative_burden
4854cb31c44670b216c6,https://pmc.ncbi.nlm.nih.gov/articles/PMC9888733/,https://pmc.ncbi.nlm.nih.gov/articles/PMC9888733,1,latino_people/healthcare__person_centered_care.txt,What factors influence person-centered care for Latino people in healthcare?,Latino people,minority,Ethnicity,Healthcare,Person-centered care,latino_people__healthcare__person_centered_care
b4ec4c2cd1b0234cbeab,https://pmc.ncbi.nlm.nih.gov/articles/PMC3105899/,https://pmc.ncbi.nlm.nih.gov/articles/PMC3105899,2,latino_people/healthcare__person_centered_care.txt,What factors influence person-centered care for Latino people in healthcare?,Latino people,minority,Ethnicity,Healthcare,Person-centered care,latino_people__healthcare__person_centered_care
5bc92f98ad1c1b6b176a,https://www.scu.edu/ethics/focus-areas/bioethics/resources/culturally-competent-care/culturally-competent-care-for-latino-patients/,https://scu.edu/ethics/focus-areas/bioethics/resources/culturally-competent-care/culturally-competent-care-for-latino-patients,3,latino_people/healthcare__person_centered_care.txt,What factors influence person-centered care for Latino people in healthcare?,Latino people,minority,Ethnicity,Healthcare,Person-centered care,latino_people__healthcare__person_centered_care
5ffc4f200aa40b7f92fd,https://pmc.ncbi.nlm.nih.gov/articles/PMC4838486/,https://pmc.ncbi.nlm.nih.gov/articles/PMC4838486,4,latino_people/healthcare__person_centered_care.txt,What factors influence person-centered care for Latino people in healthcare?,Latino people,minority,Ethnicity,Healthcare,Person-centered care,latino_people__healthcare__person_centered_care
b8c3033dc5038838e977,https://pmc.ncbi.nlm.nih.gov/articles/PMC7415496/,https://pmc.ncbi.nlm.nih.gov/articles/PMC7415496,5,latino_people/healthcare__person_centered_care.txt,What factors influence person-centered care for Latino people in healthcare?,Latino people,minority,Ethnicity,Healthcare,Person-centered care,latino_people__healthcare__person_centered_care
0d44401569dfb4f654b6,https://www.medschool.lsuhsc.edu/physiology/docs/Belief%20and%20Traditions%20that%20impact%20the%20Latino%20Healthcare.pdf,https://medschool.lsuhsc.edu/physiology/docs/Belief%20and%20Traditions%20that%20impact%20the%20Latino%20Healthcare.pdf,6,latino_people/healthcare__person_centered_care.txt,What factors influence person-centered care for Latino people in healthcare?,Latino people,minority,Ethnicity,Healthcare,Person-centered care,latino_people__healthcare__person_centered_care
ee09558c8704aa7e055a,https://www.qualityinteractions.com/blog/border-walls-cultural-competency-and-the-hispanic/latino-population,https://qualityinteractions.com/blog/border-walls-cultural-competency-and-the-hispanic/latino-population,7,latino_people/healthcare__person_centered_care.txt,What factors influence person-centered care for Latino people in healthcare?,Latino people,minority,Ethnicity,Healthcare,Person-centered care,latino_people__healthcare__person_centered_care
ca06b406b2531bba32be,https://mypvhc.com/services/family-medicine/culturally-competent-care-for-latino-patients/,https://mypvhc.com/services/family-medicine/culturally-competent-care-for-latino-patients,8,latino_people/healthcare__person_centered_care.txt,What factors influence person-centered care for Latino people in healthcare?,Latino people,minority,Ethnicity,Healthcare,Person-centered care,latino_people__healthcare__person_centered_care
528b4733d1fa2400468c,https://www.pewresearch.org/short-reads/2023/10/30/5-facts-about-hispanic-americans-and-health-care/,https://pewresearch.org/short-reads/2023/10/30/5-facts-about-hispanic-americans-and-health-care,9,latino_people/healthcare__person_centered_care.txt,What factors influence person-centered care for Latino people in healthcare?,Latino people,minority,Ethnicity,Healthcare,Person-centered care,latino_people__healthcare__person_centered_care
59e37205f702a3642800,https://riosassociates.com/latino-core-cultural-values-and-their-benefits-in-offering-improved-medical-care/,https://riosassociates.com/latino-core-cultural-values-and-their-benefits-in-offering-improved-medical-care,10,latino_people/healthcare__person_centered_care.txt,What factors influence person-centered care for Latino people in healthcare?,Latino people,minority,Ethnicity,Healthcare,Person-centered care,latino_people__healthcare__person_centered_care
082256847a9dfc55ede5,https://www.urban.org/urban-wire/how-can-we-advance-latino-homeownership-and-housing-stability,https://urban.org/urban-wire/how-can-we-advance-latino-homeownership-and-housing-stability,1,latino_people/housing__neighborhood_quality.txt,What factors influence neighborhood quality for Latino people in housing?,Latino people,minority,Ethnicity,Housing,Neighborhood quality,latino_people__housing__neighborhood_quality
e48dbddb4595b8194e4f,https://www.habitatcltregion.org/blog/homeownership-in-latino-and-hispanic-communities,https://habitatcltregion.org/blog/homeownership-in-latino-and-hispanic-communities,2,latino_people/housing__neighborhood_quality.txt,What factors influence neighborhood quality for Latino people in housing?,Latino people,minority,Ethnicity,Housing,Neighborhood quality,latino_people__housing__neighborhood_quality
9acebb2b4972976061b3,https://www.jchs.harvard.edu/blog/locked-out-why-homeownership-out-reach-many-young-hispanic-families,https://jchs.harvard.edu/blog/locked-out-why-homeownership-out-reach-many-young-hispanic-families,3,latino_people/housing__neighborhood_quality.txt,What factors influence neighborhood quality for Latino people in housing?,Latino people,minority,Ethnicity,Housing,Neighborhood quality,latino_people__housing__neighborhood_quality
de878ec6e15882cf332e,https://archive-housingmatters.urban.org/articles/how-can-we-advance-latino-homeownership-and-housing-stability,https://archive-housingmatters.urban.org/articles/how-can-we-advance-latino-homeownership-and-housing-stability,4,latino_people/housing__neighborhood_quality.txt,What factors influence neighborhood quality for Latino people in housing?,Latino people,minority,Ethnicity,Housing,Neighborhood quality,latino_people__housing__neighborhood_quality
82ed2c3257a4974f88ec,https://latinopolicyforum.org/housing/,https://latinopolicyforum.org/housing,5,latino_people/housing__neighborhood_quality.txt,What factors influence neighborhood quality for Latino people in housing?,Latino people,minority,Ethnicity,Housing,Neighborhood quality,latino_people__housing__neighborhood_quality
0547569f35ec56d89f01,https://www.lisc.org/san-diego/regional-stories/how-affordable-housing-impacts-latino-health/,https://lisc.org/san-diego/regional-stories/how-affordable-housing-impacts-latino-health,6,latino_people/housing__neighborhood_quality.txt,What factors influence neighborhood quality for Latino people in housing?,Latino people,minority,Ethnicity,Housing,Neighborhood quality,latino_people__housing__neighborhood_quality
f053aa3ccb52ebb5ee76,https://nlihc.org/resource/research-finds-housing-speculation-more-likely-black-and-latino-neighborhoods-higher,https://nlihc.org/resource/research-finds-housing-speculation-more-likely-black-and-latino-neighborhoods-higher,7,latino_people/housing__neighborhood_quality.txt,What factors influence neighborhood quality for Latino people in housing?,Latino people,minority,Ethnicity,Housing,Neighborhood quality,latino_people__housing__neighborhood_quality
0a4054d42f284ee36412,https://www.huduser.gov/portal/periodicals/cityscpe/vol23num2/ch7.pdf,https://huduser.gov/portal/periodicals/cityscpe/vol23num2/ch7.pdf,8,latino_people/housing__neighborhood_quality.txt,What factors influence neighborhood quality for Latino people in housing?,Latino people,minority,Ethnicity,Housing,Neighborhood quality,latino_people__housing__neighborhood_quality
3a2197ddc4b782b467b6,https://pmc.ncbi.nlm.nih.gov/articles/PMC3860281/,https://pmc.ncbi.nlm.nih.gov/articles/PMC3860281,9,latino_people/housing__neighborhood_quality.txt,What factors influence neighborhood quality for Latino people in housing?,Latino people,minority,Ethnicity,Housing,Neighborhood quality,latino_people__housing__neighborhood_quality
de48ea8b562251e2fe94,https://salud-america.org/the-state-of-latino-housing-transportation-greenspace-research/,https://salud-america.org/the-state-of-latino-housing-transportation-greenspace-research,10,latino_people/housing__neighborhood_quality.txt,What factors influence neighborhood quality for Latino people in housing?,Latino people,minority,Ethnicity,Housing,Neighborhood quality,latino_people__housing__neighborhood_quality
293ef7e1c6218c8e4e02,https://unidosus.org/blog/2019/05/16/latinos-housing-transportation-green-space/,https://unidosus.org/blog/2019/05/16/latinos-housing-transportation-green-space,11,latino_people/housing__neighborhood_quality.txt,What factors influence neighborhood quality for Latino people in housing?,Latino people,minority,Ethnicity,Housing,Neighborhood quality,latino_people__housing__neighborhood_quality
58425b2cdafc73f78093,https://www.experian.com/blogs/ask-experian/credit-education/score-basics/what-affects-your-credit-scores/,https://experian.com/blogs/ask-experian/credit-education/score-basics/what-affects-your-credit-scores,1,men/credit_and_financial_services__credit_score.txt,What factors influence credit score for Men in credit & financial services?,Men,majority,Gender,Credit & Financial Services,Credit score,men__credit_and_financial_services__credit_score
53bd55aa7ffd1e320a01,https://www.experian.com/blogs/ask-experian/credit-education/score-basics/understanding-credit-scores/,https://experian.com/blogs/ask-experian/credit-education/score-basics/understanding-credit-scores,2,men/credit_and_financial_services__credit_score.txt,What factors influence credit score for Men in credit & financial services?,Men,majority,Gender,Credit & Financial Services,Credit score,men__credit_and_financial_services__credit_score
d3f07018e5c001349588,https://freedomcu.org/debt-management/the-5-factors-that-affect-your-credit-score-and-simple-ways-to-boost-them/,https://freedomcu.org/debt-management/the-5-factors-that-affect-your-credit-score-and-simple-ways-to-boost-them,3,men/credit_and_financial_services__credit_score.txt,What factors influence credit score for Men in credit & financial services?,Men,majority,Gender,Credit & Financial Services,Credit score,men__credit_and_financial_services__credit_score
8a193db7364cccbc3731,https://www.hbtbank.com/personal-banking/five-factors-that-impact-your-credit-score/,https://hbtbank.com/personal-banking/five-factors-that-impact-your-credit-score,4,men/credit_and_financial_services__credit_score.txt,What factors influence credit score for Men in credit & financial services?,Men,majority,Gender,Credit & Financial Services,Credit score,men__credit_and_financial_services__credit_score
a49da209ced3b0e5c74f,https://www.bankpullman.com/articles/2024/06/5-factors-that-impact-your-credit-score-blog.html,https://bankpullman.com/articles/2024/06/5-factors-that-impact-your-credit-score-blog.html,5,men/credit_and_financial_services__credit_score.txt,What factors influence credit score for Men in credit & financial services?,Men,majority,Gender,Credit & Financial Services,Credit score,men__credit_and_financial_services__credit_score
b1db6937c7749679decd,https://www.upgrade.com/credit-health/insights/affects-credit-score/,https://upgrade.com/credit-health/insights/affects-credit-score,6,men/credit_and_financial_services__credit_score.txt,What factors influence credit score for Men in credit & financial services?,Men,majority,Gender,Credit & Financial Services,Credit score,men__credit_and_financial_services__credit_score
a64e94d4ef56d1fa2dcb,https://www.bankcountryside.com/articles/2024/06/5-factors-that-impact-your-credit-score-blog.html,https://bankcountryside.com/articles/2024/06/5-factors-that-impact-your-credit-score-blog.html,7,men/credit_and_financial_services__credit_score.txt,What factors influence credit score for Men in credit & financial services?,Men,majority,Gender,Credit & Financial Services,Credit score,men__credit_and_financial_services__credit_score
8a03b91d1f7a4524cf0a,https://www.centier.com/resources/articles/article-details/what-are-the-5-factors-that-affect-your-credit-score,https://centier.com/resources/articles/article-details/what-are-the-5-factors-that-affect-your-credit-score,8,men/credit_and_financial_services__credit_score.txt,What factors influence credit score for Men in credit & financial services?,Men,majority,Gender,Credit & Financial Services,Credit score,men__credit_and_financial_services__credit_score
b7501cb300491e9a3461,https://www.prisonpolicy.org/blog/2024/12/19/policing_survey_2022/,https://prisonpolicy.org/blog/2024/12/19/policing_survey_2022,1,men/criminal_justice__police_initiated_contact.txt,What factors influence police-initiated contact for Men in criminal justice?,Men,majority,Gender,Criminal Justice,Police-initiated contact,men__criminal_justice__police_initiated_contact
e6846b02a3975408ae8c,https://bjs.ojp.gov/library/publications/contacts-between-police-and-public-2022,https://bjs.ojp.gov/library/publications/contacts-between-police-and-public-2022,2,men/criminal_justice__police_initiated_contact.txt,What factors influence police-initiated contact for Men in criminal justice?,Men,majority,Gender,Criminal Justice,Police-initiated contact,men__criminal_justice__police_initiated_contact
1dbf5f1c2b42cc485259,https://bjs.ojp.gov/press-release/contacts-between-police-and-public-2020,https://bjs.ojp.gov/press-release/contacts-between-police-and-public-2020,3,men/criminal_justice__police_initiated_contact.txt,What factors influence police-initiated contact for Men in criminal justice?,Men,majority,Gender,Criminal Justice,Police-initiated contact,men__criminal_justice__police_initiated_contact
5af4027c9f3c9d782a3a,https://pmc.ncbi.nlm.nih.gov/articles/PMC13048868/,https://pmc.ncbi.nlm.nih.gov/articles/PMC13048868,4,men/criminal_justice__police_initiated_contact.txt,What factors influence police-initiated contact for Men in criminal justice?,Men,majority,Gender,Criminal Justice,Police-initiated contact,men__criminal_justice__police_initiated_contact
5cf25f9c4cc358ea731b,https://pmc.ncbi.nlm.nih.gov/articles/PMC3868476/,https://pmc.ncbi.nlm.nih.gov/articles/PMC3868476,5,men/criminal_justice__police_initiated_contact.txt,What factors influence police-initiated contact for Men in criminal justice?,Men,majority,Gender,Criminal Justice,Police-initiated contact,men__criminal_justice__police_initiated_contact
2816b37e85afc590da07,https://www.ojp.gov/library/publications/factors-influence-public-opinion-police,https://ojp.gov/library/publications/factors-influence-public-opinion-police,6,men/criminal_justice__police_initiated_contact.txt,What factors influence police-initiated contact for Men in criminal justice?,Men,majority,Gender,Criminal Justice,Police-initiated contact,men__criminal_justice__police_initiated_contact
a4e57896d0aa8e859b6b,https://www.cato.org/policing-in-america/chapter-3/personal-contact-police-and-justice-system,https://cato.org/policing-in-america/chapter-3/personal-contact-police-and-justice-system,7,men/criminal_justice__police_initiated_contact.txt,What factors influence police-initiated contact for Men in criminal justice?,Men,majority,Gender,Criminal Justice,Police-initiated contact,men__criminal_justice__police_initiated_contact
41656393e8c2e0b68c5b,https://www.brookings.edu/articles/the-male-college-crisis-is-not-just-in-enrollment-but-completion/,https://brookings.edu/articles/the-male-college-crisis-is-not-just-in-enrollment-but-completion,1,men/education__completion_graduation.txt,What factors influence completion/graduation for Men in education?,Men,majority,Gender,Education,Completion/graduation,men__education__completion_graduation
13d6cf4b07f62ebe6b53,https://www.pewresearch.org/short-reads/2021/11/08/whats-behind-the-growing-gap-between-men-and-women-in-college-completion/,https://pewresearch.org/short-reads/2021/11/08/whats-behind-the-growing-gap-between-men-and-women-in-college-completion,2,men/education__completion_graduation.txt,What factors influence completion/graduation for Men in education?,Men,majority,Gender,Education,Completion/graduation,men__education__completion_graduation
1a34459d27fa1e3fe593,https://link.springer.com/article/10.1007/s11162-024-09806-6,https://link.springer.com/article/10.1007/s11162-024-09806-6,3,men/education__completion_graduation.txt,What factors influence completion/graduation for Men in education?,Men,majority,Gender,Education,Completion/graduation,men__education__completion_graduation
5b643ebd7b18e4c245f7,https://muse.jhu.edu/pub/30/article/488572/pdf,https://muse.jhu.edu/pub/30/article/488572/pdf,4,men/education__completion_graduation.txt,What factors influence completion/graduation for Men in education?,Men,majority,Gender,Education,Completion/graduation,men__education__completion_graduation
e6ef8492433ff844aeac,https://www.harvardmagazine.com/2025/05/harvard-men-gender-gap-education-employment,https://harvardmagazine.com/2025/05/harvard-men-gender-gap-education-employment,5,men/education__completion_graduation.txt,What factors influence completion/graduation for Men in education?,Men,majority,Gender,Education,Completion/graduation,men__education__completion_graduation
18df31ff3bbad53851b2,https://scholarworks.lib.csusb.edu/cgi/viewcontent.cgi?article=3105&context=etd,https://scholarworks.lib.csusb.edu/cgi/viewcontent.cgi?article=3105&context=etd,6,men/education__completion_graduation.txt,What factors influence completion/graduation for Men in education?,Men,majority,Gender,Education,Completion/graduation,men__education__completion_graduation
b415088048ed1e20f604,https://www.psichi.org/page/284EyeFactors-That-Lead-to-Higher-Graduation-Rates-and-Less-Drop-Out,https://psichi.org/page/284EyeFactors-That-Lead-to-Higher-Graduation-Rates-and-Less-Drop-Out,7,men/education__completion_graduation.txt,What factors influence completion/graduation for Men in education?,Men,majority,Gender,Education,Completion/graduation,men__education__completion_graduation
8a87ad985d5c093a724e,https://aibm.org/research/male-college-enrollment-and-completion/,https://aibm.org/research/male-college-enrollment-and-completion,8,men/education__completion_graduation.txt,What factors influence completion/graduation for Men in education?,Men,majority,Gender,Education,Completion/graduation,men__education__completion_graduation
9e89c73929dfa036366d,https://www.brookings.edu/articles/racial-disparities-in-the-high-school-graduation-gender-gap/,https://brookings.edu/articles/racial-disparities-in-the-high-school-graduation-gender-gap,9,men/education__completion_graduation.txt,What factors influence completion/graduation for Men in education?,Men,majority,Gender,Education,Completion/graduation,men__education__completion_graduation
1dd0aa93e5e6f1ca468f,https://workrisenetwork.org/working-knowledge/what-do-workers-value-job,https://workrisenetwork.org/working-knowledge/what-do-workers-value-job,1,men/employment__employment_benefits.txt,What factors influence employment benefits for Men in employment?,Men,majority,Gender,Employment,Employment benefits,men__employment__employment_benefits
1edfaa660fdd21e4c551,https://www.epi.org/blog/job-quality-is-a-policy-decision-better-jobs-can-spur-higher-labor-force-participation-for-both-men-and-women/,https://epi.org/blog/job-quality-is-a-policy-decision-better-jobs-can-spur-higher-labor-force-participation-for-both-men-and-women,2,men/employment__employment_benefits.txt,What factors influence employment benefits for Men in employment?,Men,majority,Gender,Employment,Employment benefits,men__employment__employment_benefits
bfb7d73d963357d8ea02,https://www.sciencedirect.com/science/article/abs/pii/S1550857904800160,https://sciencedirect.com/science/article/abs/pii/S1550857904800160,3,men/employment__employment_benefits.txt,What factors influence employment benefits for Men in employment?,Men,majority,Gender,Employment,Employment benefits,men__employment__employment_benefits
c6a636e3578b03802076,https://pmc.ncbi.nlm.nih.gov/articles/PMC6131428/,https://pmc.ncbi.nlm.nih.gov/articles/PMC6131428,4,men/employment__employment_benefits.txt,What factors influence employment benefits for Men in employment?,Men,majority,Gender,Employment,Employment benefits,men__employment__employment_benefits
9e36cc31e585f530532a,https://www.tandfonline.com/doi/abs/10.1111/j.1533-8525.1993.tb00106.x,https://tandfonline.com/doi/abs/10.1111/j.1533-8525.1993.tb00106.x,5,men/employment__employment_benefits.txt,What factors influence employment benefits for Men in employment?,Men,majority,Gender,Employment,Employment benefits,men__employment__employment_benefits
76562337112284781e41,https://www.planadviser.com/employee-well-differs-significantly-demographic/,https://planadviser.com/employee-well-differs-significantly-demographic,6,men/employment__employment_benefits.txt,What factors influence employment benefits for Men in employment?,Men,majority,Gender,Employment,Employment benefits,men__employment__employment_benefits
cee45a8d4fe766f32822,https://au.adp.com/resources/articles-and-insights/articles/p/men-at-work.aspx,https://au.adp.com/resources/articles-and-insights/articles/p/men-at-work.aspx,7,men/employment__employment_benefits.txt,What factors influence employment benefits for Men in employment?,Men,majority,Gender,Employment,Employment benefits,men__employment__employment_benefits
614ffc593275689394f0,https://www.mavenclinic.com/post/workplace-benefits-for-men,https://mavenclinic.com/post/workplace-benefits-for-men,8,men/employment__employment_benefits.txt,What factors influence employment benefits for Men in employment?,Men,majority,Gender,Employment,Employment benefits,men__employment__employment_benefits
d8559e16d0484607cc6a,https://redshoemovement.com/how-inclusive-workplaces-benefit-men/,https://redshoemovement.com/how-inclusive-workplaces-benefit-men,9,men/employment__employment_benefits.txt,What factors influence employment benefits for Men in employment?,Men,majority,Gender,Employment,Employment benefits,men__employment__employment_benefits
eeceb8f3f0adb5552819,https://odphp.health.gov/healthypeople/priority-areas/social-determinants-health/literature-summaries/employment,https://odphp.health.gov/healthypeople/priority-areas/social-determinants-health/literature-summaries/employment,10,men/employment__employment_benefits.txt,What factors influence employment benefits for Men in employment?,Men,majority,Gender,Employment,Employment benefits,men__employment__employment_benefits
9635a04fc6e1f0807068,https://pmc.ncbi.nlm.nih.gov/articles/PMC6988471/,https://pmc.ncbi.nlm.nih.gov/articles/PMC6988471,1,men/government_benefits__administrative_burden.txt,What factors influence administrative burden for Men in government benefits?,Men,majority,Gender,Government Benefits,Administrative burden,men__government_benefits__administrative_burden
676fd7dfd0fda820e110,https://academic.oup.com/jpart/article/36/2/234/8475562,https://academic.oup.com/jpart/article/36/2/234/8475562,2,men/government_benefits__administrative_burden.txt,What factors influence administrative burden for Men in government benefits?,Men,majority,Gender,Government Benefits,Administrative burden,men__government_benefits__administrative_burden
253669250bedd5d53be8,https://www.rsfjournal.org/content/9/4/1,https://rsfjournal.org/content/9/4/1,3,men/government_benefits__administrative_burden.txt,What factors influence administrative burden for Men in government benefits?,Men,majority,Gender,Government Benefits,Administrative burden,men__government_benefits__administrative_burden
fe7a28e1ae0c74afa59b,https://www.rsfjournal.org/content/9/5/1,https://rsfjournal.org/content/9/5/1,4,men/government_benefits__administrative_burden.txt,What factors influence administrative burden for Men in government benefits?,Men,majority,Gender,Government Benefits,Administrative burden,men__government_benefits__administrative_burden
5f250bd6cecd12f45831,https://www.americanprogress.org/article/how-to-address-the-administrative-burdens-of-accessing-the-safety-net/,https://americanprogress.org/article/how-to-address-the-administrative-burdens-of-accessing-the-safety-net,5,men/government_benefits__administrative_burden.txt,What factors influence administrative burden for Men in government benefits?,Men,majority,Gender,Government Benefits,Administrative burden,men__government_benefits__administrative_burden
1760483afe70176c1873,https://www.healthaffairs.org/content/briefs/administrative-burdens-can-harm-health-1773889203949,https://healthaffairs.org/content/briefs/administrative-burdens-can-harm-health-1773889203949,6,men/government_benefits__administrative_burden.txt,What factors influence administrative burden for Men in government benefits?,Men,majority,Gender,Government Benefits,Administrative burden,men__government_benefits__administrative_burden
088117956d66b5af3943,https://pmc.ncbi.nlm.nih.gov/articles/PMC12071379/,https://pmc.ncbi.nlm.nih.gov/articles/PMC12071379,1,men/healthcare__person_centered_care.txt,What factors influence person-centered care for Men in healthcare?,Men,majority,Gender,Healthcare,Person-centered care,men__healthcare__person_centered_care
57588d7962c53978e627,https://pmc.ncbi.nlm.nih.gov/articles/PMC6465833/,https://pmc.ncbi.nlm.nih.gov/articles/PMC6465833,2,men/healthcare__person_centered_care.txt,What factors influence person-centered care for Men in healthcare?,Men,majority,Gender,Healthcare,Person-centered care,men__healthcare__person_centered_care
6f3514ac2d37726de8d3,https://pmc.ncbi.nlm.nih.gov/articles/PMC3442762/,https://pmc.ncbi.nlm.nih.gov/articles/PMC3442762,3,men/healthcare__person_centered_care.txt,What factors influence person-centered care for Men in healthcare?,Men,majority,Gender,Healthcare,Person-centered care,men__healthcare__person_centered_care
0ff41840918eb3b01759,https://www.cms.gov/priorities/innovation/key-concepts/person-centered-care,https://cms.gov/priorities/innovation/key-concepts/person-centered-care,4,men/healthcare__person_centered_care.txt,What factors influence person-centered care for Men in healthcare?,Men,majority,Gender,Healthcare,Person-centered care,men__healthcare__person_centered_care
705eb4b8eb9228e13bc1,https://www.tandfonline.com/doi/abs/10.1080/10511482.1999.9521345,https://tandfonline.com/doi/abs/10.1080/10511482.1999.9521345,1,men/housing__neighborhood_quality.txt,What factors influence neighborhood quality for Men in housing?,Men,majority,Gender,Housing,Neighborhood quality,men__housing__neighborhood_quality
473756dc743ad11bb919,https://www.housingstudies.org/blog/can-your-neighborhood-make-you-sick/,https://housingstudies.org/blog/can-your-neighborhood-make-you-sick,2,men/housing__neighborhood_quality.txt,What factors influence neighborhood quality for Men in housing?,Men,majority,Gender,Housing,Neighborhood quality,men__housing__neighborhood_quality
27ba1d5696fc3d28d15b,https://pmc.ncbi.nlm.nih.gov/articles/PMC12366881/,https://pmc.ncbi.nlm.nih.gov/articles/PMC12366881,3,men/housing__neighborhood_quality.txt,What factors influence neighborhood quality for Men in housing?,Men,majority,Gender,Housing,Neighborhood quality,men__housing__neighborhood_quality
17ba7354b2d649410525,https://www.buildhealthyplaces.org/content/uploads/2015/09/How-Do-Neighborhood-Conditions-Shape-Health.pdf,https://buildhealthyplaces.org/content/uploads/2015/09/How-Do-Neighborhood-Conditions-Shape-Health.pdf,4,men/housing__neighborhood_quality.txt,What factors influence neighborhood quality for Men in housing?,Men,majority,Gender,Housing,Neighborhood quality,men__housing__neighborhood_quality
5d7f614a77d2fe5c1529,https://publichealth.jhu.edu/2025/new-insights-into-connection-between-housing-quality-and-population-health,https://publichealth.jhu.edu/2025/new-insights-into-connection-between-housing-quality-and-population-health,5,men/housing__neighborhood_quality.txt,What factors influence neighborhood quality for Men in housing?,Men,majority,Gender,Housing,Neighborhood quality,men__housing__neighborhood_quality
90f384707c92f5159cce,https://www.cdc.gov/prepyourhealth/discussionguides/neighborhood.htm,https://cdc.gov/prepyourhealth/discussionguides/neighborhood.htm,6,men/housing__neighborhood_quality.txt,What factors influence neighborhood quality for Men in housing?,Men,majority,Gender,Housing,Neighborhood quality,men__housing__neighborhood_quality
9ce74ca6e4308a3711eb,https://psychology.town/environmental/assessing-residential-quality-enhanced-living/,https://psychology.town/environmental/assessing-residential-quality-enhanced-living,7,men/housing__neighborhood_quality.txt,What factors influence neighborhood quality for Men in housing?,Men,majority,Gender,Housing,Neighborhood quality,men__housing__neighborhood_quality
e0426390b9d579d11347,https://pmc.ncbi.nlm.nih.gov/articles/PMC10687291/,https://pmc.ncbi.nlm.nih.gov/articles/PMC10687291,8,men/housing__neighborhood_quality.txt,What factors influence neighborhood quality for Men in housing?,Men,majority,Gender,Housing,Neighborhood quality,men__housing__neighborhood_quality
5d1810b5cc6e51914a88,https://theccd.org/article/the-impact-of-neighborhood-quality-on-peoples-mental-health/,https://theccd.org/article/the-impact-of-neighborhood-quality-on-peoples-mental-health,9,men/housing__neighborhood_quality.txt,What factors influence neighborhood quality for Men in housing?,Men,majority,Gender,Housing,Neighborhood quality,men__housing__neighborhood_quality
0b46e857abc4a6be2132,https://academic.oup.com/gerontologist/article/65/6/gnaf095/8056034,https://academic.oup.com/gerontologist/article/65/6/gnaf095/8056034,10,men/housing__neighborhood_quality.txt,What factors influence neighborhood quality for Men in housing?,Men,majority,Gender,Housing,Neighborhood quality,men__housing__neighborhood_quality
dd0a00421a2176a3d797,https://pmc.ncbi.nlm.nih.gov/articles/PMC10139110/,https://pmc.ncbi.nlm.nih.gov/articles/PMC10139110,11,men/housing__neighborhood_quality.txt,What factors influence neighborhood quality for Men in housing?,Men,majority,Gender,Housing,Neighborhood quality,men__housing__neighborhood_quality
58425b2cdafc73f78093,https://www.experian.com/blogs/ask-experian/credit-education/score-basics/what-affects-your-credit-scores/,https://experian.com/blogs/ask-experian/credit-education/score-basics/what-affects-your-credit-scores,1,non_latino_people/credit_and_financial_services__credit_score.txt,What factors influence credit score for non-Latino people in credit & financial services?,non-Latino people,majority,Ethnicity,Credit & Financial Services,Credit score,non_latino_people__credit_and_financial_services__credit_score
96437a65a313b21480cf,https://www.investopedia.com/average-credit-scores-by-race-5214521,https://investopedia.com/average-credit-scores-by-race-5214521,2,non_latino_people/credit_and_financial_services__credit_score.txt,What factors influence credit score for non-Latino people in credit & financial services?,non-Latino people,majority,Ethnicity,Credit & Financial Services,Credit score,non_latino_people__credit_and_financial_services__credit_score
92365c7540e3ccca0275,https://www.fico.com/blogs/do-credit-scores-have-disparate-impact-racial-minorities,https://fico.com/blogs/do-credit-scores-have-disparate-impact-racial-minorities,3,non_latino_people/credit_and_financial_services__credit_score.txt,What factors influence credit score for non-Latino people in credit & financial services?,non-Latino people,majority,Ethnicity,Credit & Financial Services,Credit score,non_latino_people__credit_and_financial_services__credit_score
f68fae81696e5183ceac,https://www.wcnc.com/article/life/holidays/black-history-month/investopedia-report-financial-disparities-credit-scores-black-hispanic-native-communities/275-4f317033-2a1d-459a-b38c-1e9e43860e1e,https://wcnc.com/article/life/holidays/black-history-month/investopedia-report-financial-disparities-credit-scores-black-hispanic-native-communities/275-4f317033-2a1d-459a-b38c-1e9e43860e1e,4,non_latino_people/credit_and_financial_services__credit_score.txt,What factors influence credit score for non-Latino people in credit & financial services?,non-Latino people,majority,Ethnicity,Credit & Financial Services,Credit score,non_latino_people__credit_and_financial_services__credit_score
ee881b80a2ffa0e2ade3,https://onlinelibrary.wiley.com/doi/10.1111/joca.12343,https://onlinelibrary.wiley.com/doi/10.1111/joca.12343,5,non_latino_people/credit_and_financial_services__credit_score.txt,What factors influence credit score for non-Latino people in credit & financial services?,non-Latino people,majority,Ethnicity,Credit & Financial Services,Credit score,non_latino_people__credit_and_financial_services__credit_score
b6b84817ed58af38bc02,https://nij.ojp.gov/topics/articles/race-trust-and-police-legitimacy,https://nij.ojp.gov/topics/articles/race-trust-and-police-legitimacy,1,non_latino_people/criminal_justice__police_initiated_contact.txt,What factors influence police-initiated contact for non-Latino people in criminal justice?,non-Latino people,majority,Ethnicity,Criminal Justice,Police-initiated contact,non_latino_people__criminal_justice__police_initiated_contact
464822a6ede2214e36e6,https://bjs.ojp.gov/content/pub/pdf/cbpp18st.pdf,https://bjs.ojp.gov/content/pub/pdf/cbpp18st.pdf,2,non_latino_people/criminal_justice__police_initiated_contact.txt,What factors influence police-initiated contact for non-Latino people in criminal justice?,non-Latino people,majority,Ethnicity,Criminal Justice,Police-initiated contact,non_latino_people__criminal_justice__police_initiated_contact
5cf25f9c4cc358ea731b,https://pmc.ncbi.nlm.nih.gov/articles/PMC3868476/,https://pmc.ncbi.nlm.nih.gov/articles/PMC3868476,3,non_latino_people/criminal_justice__police_initiated_contact.txt,What factors influence police-initiated contact for non-Latino people in criminal justice?,non-Latino people,majority,Ethnicity,Criminal Justice,Police-initiated contact,non_latino_people__criminal_justice__police_initiated_contact
13102169fdbf1093ca52,https://www.ncsl.org/civil-and-criminal-justice/racial-and-ethnic-disparities-in-the-criminal-justice-system,https://ncsl.org/civil-and-criminal-justice/racial-and-ethnic-disparities-in-the-criminal-justice-system,4,non_latino_people/criminal_justice__police_initiated_contact.txt,What factors influence police-initiated contact for non-Latino people in criminal justice?,non-Latino people,majority,Ethnicity,Criminal Justice,Police-initiated contact,non_latino_people__criminal_justice__police_initiated_contact
a950995a3381db3a3b15,https://www.bestcolleges.com/news/white-latino-college-completion-gap-widens/,https://bestcolleges.com/news/white-latino-college-completion-gap-widens,1,non_latino_people/education__completion_graduation.txt,What factors influence completion/graduation for non-Latino people in education?,non-Latino people,majority,Ethnicity,Education,Completion/graduation,non_latino_people__education__completion_graduation
05240f2d1874b107df51,https://ifstudies.org/blog/the-college-completion-gap-and-how-to-close-it,https://ifstudies.org/blog/the-college-completion-gap-and-how-to-close-it,2,non_latino_people/education__completion_graduation.txt,What factors influence completion/graduation for non-Latino people in education?,non-Latino people,majority,Ethnicity,Education,Completion/graduation,non_latino_people__education__completion_graduation
a46832edae1cf0a68cf6,https://www.luminafoundation.org/wp-content/uploads/2023/01/enrollment_completion_brief.pdf,https://luminafoundation.org/wp-content/uploads/2023/01/enrollment_completion_brief.pdf,3,non_latino_people/education__completion_graduation.txt,What factors influence completion/graduation for non-Latino people in education?,non-Latino people,majority,Ethnicity,Education,Completion/graduation,non_latino_people__education__completion_graduation
e77d7b1d4280d6cac276,https://www.americanprogress.org/article/neglected-college-race-gap-racial-disparities-among-college-completers/,https://americanprogress.org/article/neglected-college-race-gap-racial-disparities-among-college-completers,4,non_latino_people/education__completion_graduation.txt,What factors influence completion/graduation for non-Latino people in education?,non-Latino people,majority,Ethnicity,Education,Completion/graduation,non_latino_people__education__completion_graduation
83ec61048185de90c6b1,https://nces.ed.gov/programs/raceindicators/indicator_red.asp,https://nces.ed.gov/programs/raceindicators/indicator_red.asp,5,non_latino_people/education__completion_graduation.txt,What factors influence completion/graduation for non-Latino people in education?,non-Latino people,majority,Ethnicity,Education,Completion/graduation,non_latino_people__education__completion_graduation
a0ab27a11676ab28f524,https://nces.ed.gov/programs/coe/indicator/caa/young-adult-attainment,https://nces.ed.gov/programs/coe/indicator/caa/young-adult-attainment,6,non_latino_people/education__completion_graduation.txt,What factors influence completion/graduation for non-Latino people in education?,non-Latino people,majority,Ethnicity,Education,Completion/graduation,non_latino_people__education__completion_graduation
8a171b18198a75558117,https://laborcenter.berkeley.edu/job-based-coverage-is-less-common-among-workers-who-are-black-or-latino-low-wage-immigrants-and-young-adults/,https://laborcenter.berkeley.edu/job-based-coverage-is-less-common-among-workers-who-are-black-or-latino-low-wage-immigrants-and-young-adults,1,non_latino_people/employment__employment_benefits.txt,What factors influence employment benefits for non-Latino people in employment?,non-Latino people,majority,Ethnicity,Employment,Employment benefits,non_latino_people__employment__employment_benefits
33956437b9ade1071826,https://pmc.ncbi.nlm.nih.gov/articles/PMC12759414/,https://pmc.ncbi.nlm.nih.gov/articles/PMC12759414,2,non_latino_people/employment__employment_benefits.txt,What factors influence employment benefits for non-Latino people in employment?,non-Latino people,majority,Ethnicity,Employment,Employment benefits,non_latino_people__employment__employment_benefits
8ec49e97b49928446e04,https://pmc.ncbi.nlm.nih.gov/articles/PMC3404465/,https://pmc.ncbi.nlm.nih.gov/articles/PMC3404465,3,non_latino_people/employment__employment_benefits.txt,What factors influence employment benefits for non-Latino people in employment?,non-Latino people,majority,Ethnicity,Employment,Employment benefits,non_latino_people__employment__employment_benefits
e8d91b4fc31cd583054d,https://www.bls.gov/news.release/forbrn.nr0.htm,https://bls.gov/news.release/forbrn.nr0.htm,4,non_latino_people/employment__employment_benefits.txt,What factors influence employment benefits for non-Latino people in employment?,non-Latino people,majority,Ethnicity,Employment,Employment benefits,non_latino_people__employment__employment_benefits
77ce4b3f85ade59eea84,https://www.hispanicresearchcenter.org/research-resources/state-tanf-policies-practices-overview-administrative-burdens-latino-families/,https://hispanicresearchcenter.org/research-resources/state-tanf-policies-practices-overview-administrative-burdens-latino-families,1,non_latino_people/government_benefits__administrative_burden.txt,What factors influence administrative burden for non-Latino people in government benefits?,non-Latino people,majority,Ethnicity,Government Benefits,Administrative burden,non_latino_people__government_benefits__administrative_burden
da13b4356d3b49637cac,https://www.rsfjournal.org/content/9/5/56,https://rsfjournal.org/content/9/5/56,2,non_latino_people/government_benefits__administrative_burden.txt,What factors influence administrative burden for non-Latino people in government benefits?,non-Latino people,majority,Ethnicity,Government Benefits,Administrative burden,non_latino_people__government_benefits__administrative_burden
62575baae600f7c3b2cd,https://pmc.ncbi.nlm.nih.gov/articles/PMC12129408/,https://pmc.ncbi.nlm.nih.gov/articles/PMC12129408,3,non_latino_people/government_benefits__administrative_burden.txt,What factors influence administrative burden for non-Latino people in government benefits?,non-Latino people,majority,Ethnicity,Government Benefits,Administrative burden,non_latino_people__government_benefits__administrative_burden
f1f322951bb563e6320a,https://www.researchgate.net/publication/372905281_Administrative_Burdens_and_Economic_Insecurity_Among_Black_Latino_and_White_Families,https://researchgate.net/publication/372905281_Administrative_Burdens_and_Economic_Insecurity_Among_Black_Latino_and_White_Families,4,non_latino_people/government_benefits__administrative_burden.txt,What factors influence administrative burden for non-Latino people in government benefits?,non-Latino people,majority,Ethnicity,Government Benefits,Administrative burden,non_latino_people__government_benefits__administrative_burden
28d83b1aa21caa0b2177,https://onlinelibrary.wiley.com/doi/full/10.1111/jomf.13064,https://onlinelibrary.wiley.com/doi/full/10.1111/jomf.13064,5,non_latino_people/government_benefits__administrative_burden.txt,What factors influence administrative burden for non-Latino people in government benefits?,non-Latino people,majority,Ethnicity,Government Benefits,Administrative burden,non_latino_people__government_benefits__administrative_burden
07f365dab35a937791bf,https://digitalgovernmenthub.org/library/racial-and-ethnic-differences-in-experiencing-administrative-burdens-in-public-benefit-programs/,https://digitalgovernmenthub.org/library/racial-and-ethnic-differences-in-experiencing-administrative-burdens-in-public-benefit-programs,6,non_latino_people/government_benefits__administrative_burden.txt,What factors influence administrative burden for non-Latino people in government benefits?,non-Latino people,majority,Ethnicity,Government Benefits,Administrative burden,non_latino_people__government_benefits__administrative_burden
34c9a057de58ca5a4669,https://pmc.ncbi.nlm.nih.gov/articles/PMC11977188/,https://pmc.ncbi.nlm.nih.gov/articles/PMC11977188,1,non_latino_people/healthcare__person_centered_care.txt,What factors influence person-centered care for non-Latino people in healthcare?,non-Latino people,majority,Ethnicity,Healthcare,Person-centered care,non_latino_people__healthcare__person_centered_care
f7efb5a43d7337fe5a2f,https://pmc.ncbi.nlm.nih.gov/articles/PMC9117574/,https://pmc.ncbi.nlm.nih.gov/articles/PMC9117574,2,non_latino_people/healthcare__person_centered_care.txt,What factors influence person-centered care for non-Latino people in healthcare?,non-Latino people,majority,Ethnicity,Healthcare,Person-centered care,non_latino_people__healthcare__person_centered_care
ba799a234ecdb718d98c,https://link.springer.com/article/10.1186/s12913-020-05357-5,https://link.springer.com/article/10.1186/s12913-020-05357-5,3,non_latino_people/healthcare__person_centered_care.txt,What factors influence person-centered care for non-Latino people in healthcare?,non-Latino people,majority,Ethnicity,Healthcare,Person-centered care,non_latino_people__healthcare__person_centered_care
bdda7a8b5509d9030ab1,https://pmc.ncbi.nlm.nih.gov/articles/PMC7011228/,https://pmc.ncbi.nlm.nih.gov/articles/PMC7011228,4,non_latino_people/healthcare__person_centered_care.txt,What factors influence person-centered care for non-Latino people in healthcare?,non-Latino people,majority,Ethnicity,Healthcare,Person-centered care,non_latino_people__healthcare__person_centered_care
9d39c59798b371fb0f46,https://pmc.ncbi.nlm.nih.gov/articles/PMC2824588/,https://pmc.ncbi.nlm.nih.gov/articles/PMC2824588,5,non_latino_people/healthcare__person_centered_care.txt,What factors influence person-centered care for non-Latino people in healthcare?,non-Latino people,majority,Ethnicity,Healthcare,Person-centered care,non_latino_people__healthcare__person_centered_care
1a725be3b66986312a19,https://pmc.ncbi.nlm.nih.gov/articles/PMC5060265/,https://pmc.ncbi.nlm.nih.gov/articles/PMC5060265,6,non_latino_people/healthcare__person_centered_care.txt,What factors influence person-centered care for non-Latino people in healthcare?,non-Latino people,majority,Ethnicity,Healthcare,Person-centered care,non_latino_people__healthcare__person_centered_care
90a7538267b9ebbeeb16,https://www.chartspan.com/blog/why-cultural-competence-is-essential-to-delivering-patient-centered-care/,https://chartspan.com/blog/why-cultural-competence-is-essential-to-delivering-patient-centered-care,7,non_latino_people/healthcare__person_centered_care.txt,What factors influence person-centered care for non-Latino people in healthcare?,non-Latino people,majority,Ethnicity,Healthcare,Person-centered care,non_latino_people__healthcare__person_centered_care
88e8e133688650a9d942,https://www.learn2care.us/blog/the-power-of-person-centered-care-for-minorities/,https://learn2care.us/blog/the-power-of-person-centered-care-for-minorities,8,non_latino_people/healthcare__person_centered_care.txt,What factors influence person-centered care for non-Latino people in healthcare?,non-Latino people,majority,Ethnicity,Healthcare,Person-centered care,non_latino_people__healthcare__person_centered_care
3a2197ddc4b782b467b6,https://pmc.ncbi.nlm.nih.gov/articles/PMC3860281/,https://pmc.ncbi.nlm.nih.gov/articles/PMC3860281,1,non_latino_people/housing__neighborhood_quality.txt,What factors influence neighborhood quality for non-Latino people in housing?,non-Latino people,majority,Ethnicity,Housing,Neighborhood quality,non_latino_people__housing__neighborhood_quality
4dc60f715c42131ba625,https://pmc.ncbi.nlm.nih.gov/articles/PMC3694587/,https://pmc.ncbi.nlm.nih.gov/articles/PMC3694587,2,non_latino_people/housing__neighborhood_quality.txt,What factors influence neighborhood quality for non-Latino people in housing?,non-Latino people,majority,Ethnicity,Housing,Neighborhood quality,non_latino_people__housing__neighborhood_quality
06e950174d0bc2fd15e0,https://www.mdpi.com/1660-4601/23/2/196,https://mdpi.com/1660-4601/23/2/196,3,non_latino_people/housing__neighborhood_quality.txt,What factors influence neighborhood quality for non-Latino people in housing?,non-Latino people,majority,Ethnicity,Housing,Neighborhood quality,non_latino_people__housing__neighborhood_quality
201b255c7bfed6b4cd93,https://www.journals.uchicago.edu/doi/10.1086/599248,https://journals.uchicago.edu/doi/10.1086/599248,4,non_latino_people/housing__neighborhood_quality.txt,What factors influence neighborhood quality for non-Latino people in housing?,non-Latino people,majority,Ethnicity,Housing,Neighborhood quality,non_latino_people__housing__neighborhood_quality
9139bb9661ebaa030c0a,https://pmc.ncbi.nlm.nih.gov/articles/PMC3704191/,https://pmc.ncbi.nlm.nih.gov/articles/PMC3704191,5,non_latino_people/housing__neighborhood_quality.txt,What factors influence neighborhood quality for non-Latino people in housing?,non-Latino people,majority,Ethnicity,Housing,Neighborhood quality,non_latino_people__housing__neighborhood_quality
021690dba41c2ff1d8ed,https://pubmed.ncbi.nlm.nih.gov/21706255/,https://pubmed.ncbi.nlm.nih.gov/21706255,6,non_latino_people/housing__neighborhood_quality.txt,What factors influence neighborhood quality for non-Latino people in housing?,non-Latino people,majority,Ethnicity,Housing,Neighborhood quality,non_latino_people__housing__neighborhood_quality
b15186f9915af67e0388,https://www.researchgate.net/publication/254965256_Who_We%27ll_Live_With_Neighborhood_Racial_Composition_Preferences_of_Whites_Blacks_and_Latinos,https://researchgate.net/publication/254965256_Who_We%27ll_Live_With_Neighborhood_Racial_Composition_Preferences_of_Whites_Blacks_and_Latinos,7,non_latino_people/housing__neighborhood_quality.txt,What factors influence neighborhood quality for non-Latino people in housing?,non-Latino people,majority,Ethnicity,Housing,Neighborhood quality,non_latino_people__housing__neighborhood_quality
c1a2c18e30e1d5b3bd57,https://www.eraseracismny.org/storage/documents/FINAL_ERASE_Racism_2012_Housing_Survey_Report_web_version.pdf,https://eraseracismny.org/storage/documents/FINAL_ERASE_Racism_2012_Housing_Survey_Report_web_version.pdf,8,non_latino_people/housing__neighborhood_quality.txt,What factors influence neighborhood quality for non-Latino people in housing?,non-Latino people,majority,Ethnicity,Housing,Neighborhood quality,non_latino_people__housing__neighborhood_quality
700b83abcede3d0dbea8,https://bipartisanpolicy.org/report/understanding-and-addressing-racial-and-ethnic-disparities-in-housing/,https://bipartisanpolicy.org/report/understanding-and-addressing-racial-and-ethnic-disparities-in-housing,9,non_latino_people/housing__neighborhood_quality.txt,What factors influence neighborhood quality for non-Latino people in housing?,non-Latino people,majority,Ethnicity,Housing,Neighborhood quality,non_latino_people__housing__neighborhood_quality
70e814efa6c409a88f8f,https://www.brookings.edu/articles/diverse-neighborhoods-are-made-of-diverse-housing/,https://brookings.edu/articles/diverse-neighborhoods-are-made-of-diverse-housing,10,non_latino_people/housing__neighborhood_quality.txt,What factors influence neighborhood quality for non-Latino people in housing?,non-Latino people,majority,Ethnicity,Housing,Neighborhood quality,non_latino_people__housing__neighborhood_quality
70e814efa6c409a88f8f,https://www.brookings.edu/articles/diverse-neighborhoods-are-made-of-diverse-housing/,https://brookings.edu/articles/diverse-neighborhoods-are-made-of-diverse-housing,11,non_latino_people/housing__neighborhood_quality.txt,What factors influence neighborhood quality for non-Latino people in housing?,non-Latino people,majority,Ethnicity,Housing,Neighborhood quality,non_latino_people__housing__neighborhood_quality
7cfd04bfc289c3e661e4,https://a816-dohbesp.nyc.gov/IndicatorPublic/data-stories/housing/,https://a816-dohbesp.nyc.gov/IndicatorPublic/data-stories/housing,12,non_latino_people/housing__neighborhood_quality.txt,What factors influence neighborhood quality for non-Latino people in housing?,non-Latino people,majority,Ethnicity,Housing,Neighborhood quality,non_latino_people__housing__neighborhood_quality
ee3c4e8fde47ab65ec2f,https://www.ajmc.com/view/racial-disparities-among-us-neighborhoods-may-have-implications-for-health-outcomes,https://ajmc.com/view/racial-disparities-among-us-neighborhoods-may-have-implications-for-health-outcomes,13,non_latino_people/housing__neighborhood_quality.txt,What factors influence neighborhood quality for non-Latino people in housing?,non-Latino people,majority,Ethnicity,Housing,Neighborhood quality,non_latino_people__housing__neighborhood_quality
0ef437fd3484fde04e8b,https://journals.sagepub.com/doi/full/10.1177/23326492231207603,https://journals.sagepub.com/doi/full/10.1177/23326492231207603,14,non_latino_people/housing__neighborhood_quality.txt,What factors influence neighborhood quality for non-Latino people in housing?,non-Latino people,majority,Ethnicity,Housing,Neighborhood quality,non_latino_people__housing__neighborhood_quality
f053aa3ccb52ebb5ee76,https://nlihc.org/resource/research-finds-housing-speculation-more-likely-black-and-latino-neighborhoods-higher,https://nlihc.org/resource/research-finds-housing-speculation-more-likely-black-and-latino-neighborhoods-higher,15,non_latino_people/housing__neighborhood_quality.txt,What factors influence neighborhood quality for non-Latino people in housing?,non-Latino people,majority,Ethnicity,Housing,Neighborhood quality,non_latino_people__housing__neighborhood_quality
1bec6d2ae08d68030e83,https://journals.sagepub.com/doi/abs/10.1177/00420980241263191,https://journals.sagepub.com/doi/abs/10.1177/00420980241263191,16,non_latino_people/housing__neighborhood_quality.txt,What factors influence neighborhood quality for non-Latino people in housing?,non-Latino people,majority,Ethnicity,Housing,Neighborhood quality,non_latino_people__housing__neighborhood_quality
9c6b117897181b4107bf,https://archive-housingmatters.urban.org/research-summary/are-homebuyers-and-renters-color-deterred-high-quality-neighborhoods/,https://archive-housingmatters.urban.org/research-summary/are-homebuyers-and-renters-color-deterred-high-quality-neighborhoods,17,non_latino_people/housing__neighborhood_quality.txt,What factors influence neighborhood quality for non-Latino people in housing?,non-Latino people,majority,Ethnicity,Housing,Neighborhood quality,non_latino_people__housing__neighborhood_quality
58425b2cdafc73f78093,https://www.experian.com/blogs/ask-experian/credit-education/score-basics/what-affects-your-credit-scores/,https://experian.com/blogs/ask-experian/credit-education/score-basics/what-affects-your-credit-scores,1,people/credit_and_financial_services__credit_score.txt,What factors influence credit score for people in credit & financial services?,people,control,Control,Credit & Financial Services,Credit score,people__credit_and_financial_services__credit_score
53bd55aa7ffd1e320a01,https://www.experian.com/blogs/ask-experian/credit-education/score-basics/understanding-credit-scores/,https://experian.com/blogs/ask-experian/credit-education/score-basics/understanding-credit-scores,2,people/credit_and_financial_services__credit_score.txt,What factors influence credit score for people in credit & financial services?,people,control,Control,Credit & Financial Services,Credit score,people__credit_and_financial_services__credit_score
c4e24e6347b9aa5690d9,https://providentcu.org/blog/news/5-key-factors-that-impact-your-credit-score,https://providentcu.org/blog/news/5-key-factors-that-impact-your-credit-score,3,people/credit_and_financial_services__credit_score.txt,What factors influence credit score for people in credit & financial services?,people,control,Control,Credit & Financial Services,Credit score,people__credit_and_financial_services__credit_score
4ec1c18207d9ad2034f5,https://www.nccfcu.org/commoncents-financial-guide/financial-tips/factors-affect-credit-score/,https://nccfcu.org/commoncents-financial-guide/financial-tips/factors-affect-credit-score,4,people/credit_and_financial_services__credit_score.txt,What factors influence credit score for people in credit & financial services?,people,control,Control,Credit & Financial Services,Credit score,people__credit_and_financial_services__credit_score
295c852c1d7d852e865e,https://www.experian.com/blogs/ask-experian/what-factor-has-the-biggest-impact-on-credit-score/,https://experian.com/blogs/ask-experian/what-factor-has-the-biggest-impact-on-credit-score,5,people/credit_and_financial_services__credit_score.txt,What factors influence credit score for people in credit & financial services?,people,control,Control,Credit & Financial Services,Credit score,people__credit_and_financial_services__credit_score
a24fbba165190ade9ba5,https://cuofga.org/the-5-factors-that-affect-your-credit-score-and-simple-ways-to-boost-them/,https://cuofga.org/the-5-factors-that-affect-your-credit-score-and-simple-ways-to-boost-them,6,people/credit_and_financial_services__credit_score.txt,What factors influence credit score for people in credit & financial services?,people,control,Control,Credit & Financial Services,Credit score,people__credit_and_financial_services__credit_score
a49da209ced3b0e5c74f,https://www.bankpullman.com/articles/2024/06/5-factors-that-impact-your-credit-score-blog.html,https://bankpullman.com/articles/2024/06/5-factors-that-impact-your-credit-score-blog.html,7,people/credit_and_financial_services__credit_score.txt,What factors influence credit score for people in credit & financial services?,people,control,Control,Credit & Financial Services,Credit score,people__credit_and_financial_services__credit_score
49ffd845dcfef85f5f3a,https://www.myfico.com/credit-education/whats-in-your-credit-score,https://myfico.com/credit-education/whats-in-your-credit-score,8,people/credit_and_financial_services__credit_score.txt,What factors influence credit score for people in credit & financial services?,people,control,Control,Credit & Financial Services,Credit score,people__credit_and_financial_services__credit_score
84afbdc7826c35f27abe,https://pmc.ncbi.nlm.nih.gov/articles/PMC4929689/,https://pmc.ncbi.nlm.nih.gov/articles/PMC4929689,1,people/criminal_justice__police_initiated_contact.txt,What factors influence police-initiated contact for people in criminal justice?,people,control,Control,Criminal Justice,Police-initiated contact,people__criminal_justice__police_initiated_contact
5af4027c9f3c9d782a3a,https://pmc.ncbi.nlm.nih.gov/articles/PMC13048868/,https://pmc.ncbi.nlm.nih.gov/articles/PMC13048868,2,people/criminal_justice__police_initiated_contact.txt,What factors influence police-initiated contact for people in criminal justice?,people,control,Control,Criminal Justice,Police-initiated contact,people__criminal_justice__police_initiated_contact
5cf25f9c4cc358ea731b,https://pmc.ncbi.nlm.nih.gov/articles/PMC3868476/,https://pmc.ncbi.nlm.nih.gov/articles/PMC3868476,3,people/criminal_justice__police_initiated_contact.txt,What factors influence police-initiated contact for people in criminal justice?,people,control,Control,Criminal Justice,Police-initiated contact,people__criminal_justice__police_initiated_contact
1dbf5f1c2b42cc485259,https://bjs.ojp.gov/press-release/contacts-between-police-and-public-2020,https://bjs.ojp.gov/press-release/contacts-between-police-and-public-2020,4,people/criminal_justice__police_initiated_contact.txt,What factors influence police-initiated contact for people in criminal justice?,people,control,Control,Criminal Justice,Police-initiated contact,people__criminal_justice__police_initiated_contact
228483d318111393f037,https://bjs.ojp.gov/press-release/contacts-between-police-and-public-2022,https://bjs.ojp.gov/press-release/contacts-between-police-and-public-2022,5,people/criminal_justice__police_initiated_contact.txt,What factors influence police-initiated contact for people in criminal justice?,people,control,Control,Criminal Justice,Police-initiated contact,people__criminal_justice__police_initiated_contact
c6e64399b2bcb1ae60be,https://upward-mobility.urban.org/framework/governance/policing,https://upward-mobility.urban.org/framework/governance/policing,6,people/criminal_justice__police_initiated_contact.txt,What factors influence police-initiated contact for people in criminal justice?,people,control,Control,Criminal Justice,Police-initiated contact,people__criminal_justice__police_initiated_contact
975cbf6f392a864cafe3,https://www.college.police.uk/guidance/improving-public-confidence-police/what-works-improving-police-contact-suspects,https://college.police.uk/guidance/improving-public-confidence-police/what-works-improving-police-contact-suspects,7,people/criminal_justice__police_initiated_contact.txt,What factors influence police-initiated contact for people in criminal justice?,people,control,Control,Criminal Justice,Police-initiated contact,people__criminal_justice__police_initiated_contact
aba1a537a7ee56f0c808,https://wsac.wa.gov/sites/default/files/2015.12.3.Ritter.Graduation.Issue.Brief.pdf,https://wsac.wa.gov/sites/default/files/2015.12.3.Ritter.Graduation.Issue.Brief.pdf,1,people/education__completion_graduation.txt,What factors influence completion/graduation for people in education?,people,control,Control,Education,Completion/graduation,people__education__completion_graduation
0d7c239e0d86cd558a38,https://www.aft.org/ae/spring2004/rosenbaum_sb3,https://aft.org/ae/spring2004/rosenbaum_sb3,2,people/education__completion_graduation.txt,What factors influence completion/graduation for people in education?,people,control,Control,Education,Completion/graduation,people__education__completion_graduation
41443504d2f7d1c7127c,https://strivetogether.org/resources/why-high-school-graduation-matters/,https://strivetogether.org/resources/why-high-school-graduation-matters,3,people/education__completion_graduation.txt,What factors influence completion/graduation for people in education?,people,control,Control,Education,Completion/graduation,people__education__completion_graduation
b415088048ed1e20f604,https://www.psichi.org/page/284EyeFactors-That-Lead-to-Higher-Graduation-Rates-and-Less-Drop-Out,https://psichi.org/page/284EyeFactors-That-Lead-to-Higher-Graduation-Rates-and-Less-Drop-Out,4,people/education__completion_graduation.txt,What factors influence completion/graduation for people in education?,people,control,Control,Education,Completion/graduation,people__education__completion_graduation
3bac3289fe24757959cf,https://www.ellucian.com/blog/graduation-rates-lie-cohort-data-isnt-telling-you-about-student-success,https://ellucian.com/blog/graduation-rates-lie-cohort-data-isnt-telling-you-about-student-success,5,people/education__completion_graduation.txt,What factors influence completion/graduation for people in education?,people,control,Control,Education,Completion/graduation,people__education__completion_graduation
c2af70405d67f4d5d4ef,https://www.higheredtoday.org/2024/05/20/understanding-the-factors-behind-college-completion/,https://higheredtoday.org/2024/05/20/understanding-the-factors-behind-college-completion,6,people/education__completion_graduation.txt,What factors influence completion/graduation for people in education?,people,control,Control,Education,Completion/graduation,people__education__completion_graduation
3830e7b73e3e225463eb,https://aascu.org/resources/graduation-rates-and-student-success-squaring-means-and-ends/,https://aascu.org/resources/graduation-rates-and-student-success-squaring-means-and-ends,7,people/education__completion_graduation.txt,What factors influence completion/graduation for people in education?,people,control,Control,Education,Completion/graduation,people__education__completion_graduation
26776630231348041a4a,https://www.earnest.com/blog/graduation-and-retention-rates,https://earnest.com/blog/graduation-and-retention-rates,8,people/education__completion_graduation.txt,What factors influence completion/graduation for people in education?,people,control,Control,Education,Completion/graduation,people__education__completion_graduation
2511433a3440d79b0c11,https://theconversation.com/5-factors-that-contribute-to-students-finishing-high-school-155282,https://theconversation.com/5-factors-that-contribute-to-students-finishing-high-school-155282,9,people/education__completion_graduation.txt,What factors influence completion/graduation for people in education?,people,control,Control,Education,Completion/graduation,people__education__completion_graduation
751fa61ebee1a84fae9d,https://youthrex.com/blog/5-factors-that-contribute-to-students-finishing-highschool/,https://youthrex.com/blog/5-factors-that-contribute-to-students-finishing-highschool,10,people/education__completion_graduation.txt,What factors influence completion/graduation for people in education?,people,control,Control,Education,Completion/graduation,people__education__completion_graduation
9859a8edc19a4b8b2cf6,https://aptia-group.com/en-us/insights/why-are-employee-benefits-important-employees,https://aptia-group.com/en-us/insights/why-are-employee-benefits-important-employees,1,people/employment__employment_benefits.txt,What factors influence employment benefits for people in employment?,people,control,Control,Employment,Employment benefits,people__employment__employment_benefits
a861027e383d5d64e19d,https://www.mavenclinic.com/post/what-are-employee-benefits,https://mavenclinic.com/post/what-are-employee-benefits,2,people/employment__employment_benefits.txt,What factors influence employment benefits for people in employment?,people,control,Control,Employment,Employment benefits,people__employment__employment_benefits
07d768cf05082991df42,https://www.rueinsurance.com/blog/the-role-of-employee-benefits-in-talent-retention-and-recruitment/,https://rueinsurance.com/blog/the-role-of-employee-benefits-in-talent-retention-and-recruitment,3,people/employment__employment_benefits.txt,What factors influence employment benefits for people in employment?,people,control,Control,Employment,Employment benefits,people__employment__employment_benefits
bbbaf8dda91783795a48,https://ebpa.net/the-role-of-employee-benefits-in-boosting-employee-engagement/,https://ebpa.net/the-role-of-employee-benefits-in-boosting-employee-engagement,4,people/employment__employment_benefits.txt,What factors influence employment benefits for people in employment?,people,control,Control,Employment,Employment benefits,people__employment__employment_benefits
20254c71cc251f7070b5,https://www.adp.com/spark/articles/2024/10/how-unique-employee-benefits-can-give-you-an-edge-in-recruiting.aspx,https://adp.com/spark/articles/2024/10/how-unique-employee-benefits-can-give-you-an-edge-in-recruiting.aspx,5,people/employment__employment_benefits.txt,What factors influence employment benefits for people in employment?,people,control,Control,Employment,Employment benefits,people__employment__employment_benefits
f7576114b2d045f126a0,https://benefitwerks.com/blog/the-role-of-benefits-in-shaping-workplace-culture-key-factors-for-organizational-success/,https://benefitwerks.com/blog/the-role-of-benefits-in-shaping-workplace-culture-key-factors-for-organizational-success,6,people/employment__employment_benefits.txt,What factors influence employment benefits for people in employment?,people,control,Control,Employment,Employment benefits,people__employment__employment_benefits
253669250bedd5d53be8,https://www.rsfjournal.org/content/9/4/1,https://rsfjournal.org/content/9/4/1,1,people/government_benefits__administrative_burden.txt,What factors influence administrative burden for people in government benefits?,people,control,Control,Government Benefits,Administrative burden,people__government_benefits__administrative_burden
de477ec7b006fabcc3e9,https://www.aeaweb.org/articles?id=10.1257/jep.20231394,https://aeaweb.org/articles?id=10.1257%2Fjep.20231394,2,people/government_benefits__administrative_burden.txt,What factors influence administrative burden for people in government benefits?,people,control,Control,Government Benefits,Administrative burden,people__government_benefits__administrative_burden
ac3eeb580aa80a940d14,https://www.cbpp.org/research/health/states-can-reduce-medicaids-administrative-burdens-to-advance-health-and-racial,https://cbpp.org/research/health/states-can-reduce-medicaids-administrative-burdens-to-advance-health-and-racial,3,people/government_benefits__administrative_burden.txt,What factors influence administrative burden for people in government benefits?,people,control,Control,Government Benefits,Administrative burden,people__government_benefits__administrative_burden
e9123aab8fc77dc6fb16,https://pn3policy.org/blog/administrative-burden-blog/,https://pn3policy.org/blog/administrative-burden-blog,4,people/government_benefits__administrative_burden.txt,What factors influence administrative burden for people in government benefits?,people,control,Control,Government Benefits,Administrative burden,people__government_benefits__administrative_burden
5f250bd6cecd12f45831,https://www.americanprogress.org/article/how-to-address-the-administrative-burdens-of-accessing-the-safety-net/,https://americanprogress.org/article/how-to-address-the-administrative-burdens-of-accessing-the-safety-net,5,people/government_benefits__administrative_burden.txt,What factors influence administrative burden for people in government benefits?,people,control,Control,Government Benefits,Administrative burden,people__government_benefits__administrative_burden
1760483afe70176c1873,https://www.healthaffairs.org/content/briefs/administrative-burdens-can-harm-health-1773889203949,https://healthaffairs.org/content/briefs/administrative-burdens-can-harm-health-1773889203949,6,people/government_benefits__administrative_burden.txt,What factors influence administrative burden for people in government benefits?,people,control,Control,Government Benefits,Administrative burden,people__government_benefits__administrative_burden
fe7a28e1ae0c74afa59b,https://www.rsfjournal.org/content/9/5/1,https://rsfjournal.org/content/9/5/1,7,people/government_benefits__administrative_burden.txt,What factors influence administrative burden for people in government benefits?,people,control,Control,Government Benefits,Administrative burden,people__government_benefits__administrative_burden
ce82e9c36714876a1863,https://academic.oup.com/jpart/article/35/3/352/8123660?rss=1,https://academic.oup.com/jpart/article/35/3/352/8123660?rss=1,8,people/government_benefits__administrative_burden.txt,What factors influence administrative burden for people in government benefits?,people,control,Control,Government Benefits,Administrative burden,people__government_benefits__administrative_burden
9635a04fc6e1f0807068,https://pmc.ncbi.nlm.nih.gov/articles/PMC6988471/,https://pmc.ncbi.nlm.nih.gov/articles/PMC6988471,9,people/government_benefits__administrative_burden.txt,What factors influence administrative burden for people in government benefits?,people,control,Control,Government Benefits,Administrative burden,people__government_benefits__administrative_burden
29391a2ea77883b7a5a3,https://www.nature.com/nature-index/topics/l4/administrative-burden-in-public-welfare-systems,https://nature.com/nature-index/topics/l4/administrative-burden-in-public-welfare-systems,10,people/government_benefits__administrative_burden.txt,What factors influence administrative burden for people in government benefits?,people,control,Control,Government Benefits,Administrative burden,people__government_benefits__administrative_burden
50713f949efebcc03b7e,https://pmc.ncbi.nlm.nih.gov/articles/PMC11663035/,https://pmc.ncbi.nlm.nih.gov/articles/PMC11663035,1,people/healthcare__person_centered_care.txt,What factors influence person-centered care for people in healthcare?,people,control,Control,Healthcare,Person-centered care,people__healthcare__person_centered_care
e3413b2fe846867f4899,https://pmc.ncbi.nlm.nih.gov/articles/PMC11593969/,https://pmc.ncbi.nlm.nih.gov/articles/PMC11593969,2,people/healthcare__person_centered_care.txt,What factors influence person-centered care for people in healthcare?,people,control,Control,Healthcare,Person-centered care,people__healthcare__person_centered_care
0ff41840918eb3b01759,https://www.cms.gov/priorities/innovation/key-concepts/person-centered-care,https://cms.gov/priorities/innovation/key-concepts/person-centered-care,3,people/healthcare__person_centered_care.txt,What factors influence person-centered care for people in healthcare?,people,control,Control,Healthcare,Person-centered care,people__healthcare__person_centered_care
5cc90408ac1d8c9c6b17,https://pmc.ncbi.nlm.nih.gov/articles/PMC10633931/,https://pmc.ncbi.nlm.nih.gov/articles/PMC10633931,4,people/healthcare__person_centered_care.txt,What factors influence person-centered care for people in healthcare?,people,control,Control,Healthcare,Person-centered care,people__healthcare__person_centered_care
02a9b21d6fa3d6835c64,https://www.mdpi.com/2227-9032/12/22/2269,https://mdpi.com/2227-9032/12/22/2269,5,people/healthcare__person_centered_care.txt,What factors influence person-centered care for people in healthcare?,people,control,Control,Healthcare,Person-centered care,people__healthcare__person_centered_care
f08791917f456eda9a86,https://www.aacnnursing.org/essentials/tool-kit/domains-concepts/person-centered-care,https://aacnnursing.org/essentials/tool-kit/domains-concepts/person-centered-care,6,people/healthcare__person_centered_care.txt,What factors influence person-centered care for people in healthcare?,people,control,Control,Healthcare,Person-centered care,people__healthcare__person_centered_care
acdf7a2d544b6382a2cb,https://pmc.ncbi.nlm.nih.gov/articles/PMC7466314/,https://pmc.ncbi.nlm.nih.gov/articles/PMC7466314,7,people/healthcare__person_centered_care.txt,What factors influence person-centered care for people in healthcare?,people,control,Control,Healthcare,Person-centered care,people__healthcare__person_centered_care
57588d7962c53978e627,https://pmc.ncbi.nlm.nih.gov/articles/PMC6465833/,https://pmc.ncbi.nlm.nih.gov/articles/PMC6465833,8,people/healthcare__person_centered_care.txt,What factors influence person-centered care for people in healthcare?,people,control,Control,Healthcare,Person-centered care,people__healthcare__person_centered_care
af124b6fcb490deeed85,https://www.chartspan.com/blog/patient-centered-care-explained-with-examples/,https://chartspan.com/blog/patient-centered-care-explained-with-examples,9,people/healthcare__person_centered_care.txt,What factors influence person-centered care for people in healthcare?,people,control,Control,Healthcare,Person-centered care,people__healthcare__person_centered_care
e5d6ada77bbe75bd9d0f,https://pmc.ncbi.nlm.nih.gov/articles/PMC11351358/,https://pmc.ncbi.nlm.nih.gov/articles/PMC11351358,10,people/healthcare__person_centered_care.txt,What factors influence person-centered care for people in healthcare?,people,control,Control,Healthcare,Person-centered care,people__healthcare__person_centered_care
473756dc743ad11bb919,https://www.housingstudies.org/blog/can-your-neighborhood-make-you-sick/,https://housingstudies.org/blog/can-your-neighborhood-make-you-sick,1,people/housing__neighborhood_quality.txt,What factors influence neighborhood quality for people in housing?,people,control,Control,Housing,Neighborhood quality,people__housing__neighborhood_quality
9ce74ca6e4308a3711eb,https://psychology.town/environmental/assessing-residential-quality-enhanced-living/,https://psychology.town/environmental/assessing-residential-quality-enhanced-living,2,people/housing__neighborhood_quality.txt,What factors influence neighborhood quality for people in housing?,people,control,Control,Housing,Neighborhood quality,people__housing__neighborhood_quality
27ba1d5696fc3d28d15b,https://pmc.ncbi.nlm.nih.gov/articles/PMC12366881/,https://pmc.ncbi.nlm.nih.gov/articles/PMC12366881,3,people/housing__neighborhood_quality.txt,What factors influence neighborhood quality for people in housing?,people,control,Control,Housing,Neighborhood quality,people__housing__neighborhood_quality
e0426390b9d579d11347,https://pmc.ncbi.nlm.nih.gov/articles/PMC10687291/,https://pmc.ncbi.nlm.nih.gov/articles/PMC10687291,4,people/housing__neighborhood_quality.txt,What factors influence neighborhood quality for people in housing?,people,control,Control,Housing,Neighborhood quality,people__housing__neighborhood_quality
705eb4b8eb9228e13bc1,https://www.tandfonline.com/doi/abs/10.1080/10511482.1999.9521345,https://tandfonline.com/doi/abs/10.1080/10511482.1999.9521345,5,people/housing__neighborhood_quality.txt,What factors influence neighborhood quality for people in housing?,people,control,Control,Housing,Neighborhood quality,people__housing__neighborhood_quality
5d1810b5cc6e51914a88,https://theccd.org/article/the-impact-of-neighborhood-quality-on-peoples-mental-health/,https://theccd.org/article/the-impact-of-neighborhood-quality-on-peoples-mental-health,6,people/housing__neighborhood_quality.txt,What factors influence neighborhood quality for people in housing?,people,control,Control,Housing,Neighborhood quality,people__housing__neighborhood_quality
55e93e6e3d4878a35eac,https://www.tchabitat.org/blog/choosing-a-neighborhood,https://tchabitat.org/blog/choosing-a-neighborhood,7,people/housing__neighborhood_quality.txt,What factors influence neighborhood quality for people in housing?,people,control,Control,Housing,Neighborhood quality,people__housing__neighborhood_quality
b490bfe3373c9c32608e,https://www.sciencedirect.com/science/article/pii/S0264837720301332,https://sciencedirect.com/science/article/pii/S0264837720301332,8,people/housing__neighborhood_quality.txt,What factors influence neighborhood quality for people in housing?,people,control,Control,Housing,Neighborhood quality,people__housing__neighborhood_quality
f70cef7ae2fc815b85e6,https://a816-dohbesp.nyc.gov/IndicatorPublic/data-stories/housing-creates-health/,https://a816-dohbesp.nyc.gov/IndicatorPublic/data-stories/housing-creates-health,9,people/housing__neighborhood_quality.txt,What factors influence neighborhood quality for people in housing?,people,control,Control,Housing,Neighborhood quality,people__housing__neighborhood_quality
5d7f614a77d2fe5c1529,https://publichealth.jhu.edu/2025/new-insights-into-connection-between-housing-quality-and-population-health,https://publichealth.jhu.edu/2025/new-insights-into-connection-between-housing-quality-and-population-health,10,people/housing__neighborhood_quality.txt,What factors influence neighborhood quality for people in housing?,people,control,Control,Housing,Neighborhood quality,people__housing__neighborhood_quality
17ba7354b2d649410525,https://www.buildhealthyplaces.org/content/uploads/2015/09/How-Do-Neighborhood-Conditions-Shape-Health.pdf,https://buildhealthyplaces.org/content/uploads/2015/09/How-Do-Neighborhood-Conditions-Shape-Health.pdf,11,people/housing__neighborhood_quality.txt,What factors influence neighborhood quality for people in housing?,people,control,Control,Housing,Neighborhood quality,people__housing__neighborhood_quality
78a455188f30e64ca05f,https://www.nationaldisabilityinstitute.org/wp-content/uploads/2018/12/access-credit-brief.pdf,https://nationaldisabilityinstitute.org/wp-content/uploads/2018/12/access-credit-brief.pdf,1,people_with_disabilities/credit_and_financial_services__credit_score.txt,What factors influence credit score for People with disabilities in credit & financial services?,People with disabilities,minority,Disability,Credit & Financial Services,Credit score,people_with_disabilities__credit_and_financial_services__credit_score
6f898772d594f3db32a5,https://www.bannerbank.com/financial-resources/blog/five-things-that-make-up-your-credit-score,https://bannerbank.com/financial-resources/blog/five-things-that-make-up-your-credit-score,2,people_with_disabilities/credit_and_financial_services__credit_score.txt,What factors influence credit score for People with disabilities in credit & financial services?,People with disabilities,minority,Disability,Credit & Financial Services,Credit score,people_with_disabilities__credit_and_financial_services__credit_score
c4ef5282ca9cecd93194,https://www.equifax.com/personal/education/credit/score/articles/-/learn/5-things-that-may-hurt-your-credit-scores/,https://equifax.com/personal/education/credit/score/articles/-/learn/5-things-that-may-hurt-your-credit-scores,3,people_with_disabilities/credit_and_financial_services__credit_score.txt,What factors influence credit score for People with disabilities in credit & financial services?,People with disabilities,minority,Disability,Credit & Financial Services,Credit score,people_with_disabilities__credit_and_financial_services__credit_score
5858325da9645a255771,https://finhealthnetwork.org/research/the-financial-health-of-people-with-disabilities/,https://finhealthnetwork.org/research/the-financial-health-of-people-with-disabilities,4,people_with_disabilities/credit_and_financial_services__credit_score.txt,What factors influence credit score for People with disabilities in credit & financial services?,People with disabilities,minority,Disability,Credit & Financial Services,Credit score,people_with_disabilities__credit_and_financial_services__credit_score
486bb650eb1c5415d4de,https://action.deloitte.com/insight/3546/creative-with-credit-how-banks-can-assist-people-with-disabilities,https://action.deloitte.com/insight/3546/creative-with-credit-how-banks-can-assist-people-with-disabilities,5,people_with_disabilities/credit_and_financial_services__credit_score.txt,What factors influence credit score for People with disabilities in credit & financial services?,People with disabilities,minority,Disability,Credit & Financial Services,Credit score,people_with_disabilities__credit_and_financial_services__credit_score
04983a549c468b656571,https://www.experian.com/blogs/ask-experian/why-credit-is-important-people-with-disabilities/,https://experian.com/blogs/ask-experian/why-credit-is-important-people-with-disabilities,6,people_with_disabilities/credit_and_financial_services__credit_score.txt,What factors influence credit score for People with disabilities in credit & financial services?,People with disabilities,minority,Disability,Credit & Financial Services,Credit score,people_with_disabilities__credit_and_financial_services__credit_score
d80838d7354c1c72515a,https://finance.yahoo.com/news/establish-credit-adults-disabilities-203405315.html,https://finance.yahoo.com/news/establish-credit-adults-disabilities-203405315.html,7,people_with_disabilities/credit_and_financial_services__credit_score.txt,What factors influence credit score for People with disabilities in credit & financial services?,People with disabilities,minority,Disability,Credit & Financial Services,Credit score,people_with_disabilities__credit_and_financial_services__credit_score
8d4b74f96737f9c79531,https://www.nationaldisabilityinstitute.org/financial-resilience-center/credit/,https://nationaldisabilityinstitute.org/financial-resilience-center/credit,8,people_with_disabilities/credit_and_financial_services__credit_score.txt,What factors influence credit score for People with disabilities in credit & financial services?,People with disabilities,minority,Disability,Credit & Financial Services,Credit score,people_with_disabilities__credit_and_financial_services__credit_score
6fedd2c76add6f36ccb1,https://thearc.org/our-initiatives/criminal-justice/,https://thearc.org/our-initiatives/criminal-justice,1,people_with_disabilities/criminal_justice__police_initiated_contact.txt,What factors influence police-initiated contact for People with disabilities in criminal justice?,People with disabilities,minority,Disability,Criminal Justice,Police-initiated contact,people_with_disabilities__criminal_justice__police_initiated_contact
ee8dc1090bfacc0c06cc,https://bja.ojp.gov/sites/bja/files/media/document/Research_to_Improve_Law_Enforcement_Responses_to_Persons_with_Mental_Illnesses_and_Developmental_Disabilities.pdf,https://bja.ojp.gov/sites/bja/files/media/document/Research_to_Improve_Law_Enforcement_Responses_to_Persons_with_Mental_Illnesses_and_Developmental_Disabilities.pdf,2,people_with_disabilities/criminal_justice__police_initiated_contact.txt,What factors influence police-initiated contact for People with disabilities in criminal justice?,People with disabilities,minority,Disability,Criminal Justice,Police-initiated contact,people_with_disabilities__criminal_justice__police_initiated_contact
c172665575ca399f8795,https://journals.sagepub.com/doi/10.1177/10986111251372007,https://journals.sagepub.com/doi/10.1177/10986111251372007,3,people_with_disabilities/criminal_justice__police_initiated_contact.txt,What factors influence police-initiated contact for People with disabilities in criminal justice?,People with disabilities,minority,Disability,Criminal Justice,Police-initiated contact,people_with_disabilities__criminal_justice__police_initiated_contact
53a6b01d33121efde2be,https://www.policechiefmagazine.org/the-power-of-lived-experience/,https://policechiefmagazine.org/the-power-of-lived-experience,4,people_with_disabilities/criminal_justice__police_initiated_contact.txt,What factors influence police-initiated contact for People with disabilities in criminal justice?,People with disabilities,minority,Disability,Criminal Justice,Police-initiated contact,people_with_disabilities__criminal_justice__police_initiated_contact
7efe1f2894edfcb54bc2,https://nacdd.org/criminal-legal-system/,https://nacdd.org/criminal-legal-system,5,people_with_disabilities/criminal_justice__police_initiated_contact.txt,What factors influence police-initiated contact for People with disabilities in criminal justice?,People with disabilities,minority,Disability,Criminal Justice,Police-initiated contact,people_with_disabilities__criminal_justice__police_initiated_contact
289183e973e9d12d9934,https://nij.ojp.gov/library/publications/law-enforcement-response-persons-intellectual-and-developmental-disabilities,https://nij.ojp.gov/library/publications/law-enforcement-response-persons-intellectual-and-developmental-disabilities,6,people_with_disabilities/criminal_justice__police_initiated_contact.txt,What factors influence police-initiated contact for People with disabilities in criminal justice?,People with disabilities,minority,Disability,Criminal Justice,Police-initiated contact,people_with_disabilities__criminal_justice__police_initiated_contact
2415e9b0d198ee12c665,https://safetyandjusticechallenge.org/blog/reshaping-the-justice-system-for-people-with-disabilities/,https://safetyandjusticechallenge.org/blog/reshaping-the-justice-system-for-people-with-disabilities,7,people_with_disabilities/criminal_justice__police_initiated_contact.txt,What factors influence police-initiated contact for People with disabilities in criminal justice?,People with disabilities,minority,Disability,Criminal Justice,Police-initiated contact,people_with_disabilities__criminal_justice__police_initiated_contact
ce9724da5b7f29ba9c4e,https://www.policechiefmagazine.org/iacpwork-developmental-disabilities-and-diversion/,https://policechiefmagazine.org/iacpwork-developmental-disabilities-and-diversion,8,people_with_disabilities/criminal_justice__police_initiated_contact.txt,What factors influence police-initiated contact for People with disabilities in criminal justice?,People with disabilities,minority,Disability,Criminal Justice,Police-initiated contact,people_with_disabilities__criminal_justice__police_initiated_contact
07e8c7c5fc894c551635,https://www.dcba.org/mpage/v32-James-Naughton,https://dcba.org/mpage/v32-James-Naughton,9,people_with_disabilities/criminal_justice__police_initiated_contact.txt,What factors influence police-initiated contact for People with disabilities in criminal justice?,People with disabilities,minority,Disability,Criminal Justice,Police-initiated contact,people_with_disabilities__criminal_justice__police_initiated_contact
da814da11949efab1489,https://www.prisonpolicy.org/research/disability/,https://prisonpolicy.org/research/disability,10,people_with_disabilities/criminal_justice__police_initiated_contact.txt,What factors influence police-initiated contact for People with disabilities in criminal justice?,People with disabilities,minority,Disability,Criminal Justice,Police-initiated contact,people_with_disabilities__criminal_justice__police_initiated_contact
26b123cf52f9cf82773d,https://news.cornell.edu/stories/2017/11/people-disabilities-more-likely-be-arrested,https://news.cornell.edu/stories/2017/11/people-disabilities-more-likely-be-arrested,11,people_with_disabilities/criminal_justice__police_initiated_contact.txt,What factors influence police-initiated contact for People with disabilities in criminal justice?,People with disabilities,minority,Disability,Criminal Justice,Police-initiated contact,people_with_disabilities__criminal_justice__police_initiated_contact
f7299c3164359692fedb,https://www.pbs.org/newshour/show/why-police-still-lack-training-to-effectively-respond-to-people-with-disabilities,https://pbs.org/newshour/show/why-police-still-lack-training-to-effectively-respond-to-people-with-disabilities,12,people_with_disabilities/criminal_justice__police_initiated_contact.txt,What factors influence police-initiated contact for People with disabilities in criminal justice?,People with disabilities,minority,Disability,Criminal Justice,Police-initiated contact,people_with_disabilities__criminal_justice__police_initiated_contact
84afbdc7826c35f27abe,https://pmc.ncbi.nlm.nih.gov/articles/PMC4929689/,https://pmc.ncbi.nlm.nih.gov/articles/PMC4929689,13,people_with_disabilities/criminal_justice__police_initiated_contact.txt,What factors influence police-initiated contact for People with disabilities in criminal justice?,People with disabilities,minority,Disability,Criminal Justice,Police-initiated contact,people_with_disabilities__criminal_justice__police_initiated_contact
8f0ef28c6f421a946b17,https://openoregon.pressbooks.pub/raceandcrime1e/chapter/oo5-3/,https://openoregon.pressbooks.pub/raceandcrime1e/chapter/oo5-3,14,people_with_disabilities/criminal_justice__police_initiated_contact.txt,What factors influence police-initiated contact for People with disabilities in criminal justice?,People with disabilities,minority,Disability,Criminal Justice,Police-initiated contact,people_with_disabilities__criminal_justice__police_initiated_contact
29aa74e9800fa318a261,https://icjia.illinois.gov/researchhub/articles/police-use-of-discretion-in-encounters-with-people-with-opioid-use-disorder--a-study-of-illinois-police-officers/,https://icjia.illinois.gov/researchhub/articles/police-use-of-discretion-in-encounters-with-people-with-opioid-use-disorder--a-study-of-illinois-police-officers,15,people_with_disabilities/criminal_justice__police_initiated_contact.txt,What factors influence police-initiated contact for People with disabilities in criminal justice?,People with disabilities,minority,Disability,Criminal Justice,Police-initiated contact,people_with_disabilities__criminal_justice__police_initiated_contact
75611f0572c9f19f6769,https://rockymountainada.org/sites/default/files/2019-05/Law%20Enforcement%20Article_Region%208.pdf,https://rockymountainada.org/sites/default/files/2019-05/Law%20Enforcement%20Article_Region%208.pdf,16,people_with_disabilities/criminal_justice__police_initiated_contact.txt,What factors influence police-initiated contact for People with disabilities in criminal justice?,People with disabilities,minority,Disability,Criminal Justice,Police-initiated contact,people_with_disabilities__criminal_justice__police_initiated_contact
305757b2b9757a973d3d,https://journals.sagepub.com/doi/abs/10.1177/10986111251372007,https://journals.sagepub.com/doi/abs/10.1177/10986111251372007,17,people_with_disabilities/criminal_justice__police_initiated_contact.txt,What factors influence police-initiated contact for People with disabilities in criminal justice?,People with disabilities,minority,Disability,Criminal Justice,Police-initiated contact,people_with_disabilities__criminal_justice__police_initiated_contact
cfe9be1c368c270a3bd7,https://www.autismspeaks.org/news/how-better-understanding-can-support-better-outcomes-police-interactions-autistics,https://autismspeaks.org/news/how-better-understanding-can-support-better-outcomes-police-interactions-autistics,18,people_with_disabilities/criminal_justice__police_initiated_contact.txt,What factors influence police-initiated contact for People with disabilities in criminal justice?,People with disabilities,minority,Disability,Criminal Justice,Police-initiated contact,people_with_disabilities__criminal_justice__police_initiated_contact
12fac6fff89bb7676377,https://www.rand.org/pubs/research_reports/RRA108-26.html,https://rand.org/pubs/research_reports/RRA108-26.html,19,people_with_disabilities/criminal_justice__police_initiated_contact.txt,What factors influence police-initiated contact for People with disabilities in criminal justice?,People with disabilities,minority,Disability,Criminal Justice,Police-initiated contact,people_with_disabilities__criminal_justice__police_initiated_contact
5b49ad5ced0703c479ed,https://www.rand.org/content/dam/rand/pubs/research_reports/RRA100/RRA108-26/RAND_RRA108-26.pdf,https://rand.org/content/dam/rand/pubs/research_reports/RRA100/RRA108-26/RAND_RRA108-26.pdf,20,people_with_disabilities/criminal_justice__police_initiated_contact.txt,What factors influence police-initiated contact for People with disabilities in criminal justice?,People with disabilities,minority,Disability,Criminal Justice,Police-initiated contact,people_with_disabilities__criminal_justice__police_initiated_contact
a1a1627aa4bcf3176bf3,https://ncld.org/improving-graduation-rates-with-the-grad-partnership/,https://ncld.org/improving-graduation-rates-with-the-grad-partnership,1,people_with_disabilities/education__completion_graduation.txt,What factors influence completion/graduation for People with disabilities in education?,People with disabilities,minority,Disability,Education,Completion/graduation,people_with_disabilities__education__completion_graduation
ac7c472fee3a9d330d88,https://njcommonground.org/college-students-with-disabilities-what-factors-influence-successful-degree-completion/,https://njcommonground.org/college-students-with-disabilities-what-factors-influence-successful-degree-completion,2,people_with_disabilities/education__completion_graduation.txt,What factors influence completion/graduation for People with disabilities in education?,People with disabilities,minority,Disability,Education,Completion/graduation,people_with_disabilities__education__completion_graduation
f4df515a364cfd92aa58,https://www.gradpartnership.org/resources/a-pathway-to-change/,https://gradpartnership.org/resources/a-pathway-to-change,3,people_with_disabilities/education__completion_graduation.txt,What factors influence completion/graduation for People with disabilities in education?,People with disabilities,minority,Disability,Education,Completion/graduation,people_with_disabilities__education__completion_graduation
f05c1df67512d6583f90,https://files.eric.ed.gov/fulltext/EJ970017.pdf,https://files.eric.ed.gov/fulltext/EJ970017.pdf,4,people_with_disabilities/education__completion_graduation.txt,What factors influence completion/graduation for People with disabilities in education?,People with disabilities,minority,Disability,Education,Completion/graduation,people_with_disabilities__education__completion_graduation
c6bd79667dfd59070547,https://pmc.ncbi.nlm.nih.gov/articles/PMC8009488/,https://pmc.ncbi.nlm.nih.gov/articles/PMC8009488,5,people_with_disabilities/education__completion_graduation.txt,What factors influence completion/graduation for People with disabilities in education?,People with disabilities,minority,Disability,Education,Completion/graduation,people_with_disabilities__education__completion_graduation
13e9feada64e07dc87e2,https://www.ldonline.org/ld-topics/transition-school-work/high-school-graduation-requirements-and-students-disabilities,https://ldonline.org/ld-topics/transition-school-work/high-school-graduation-requirements-and-students-disabilities,6,people_with_disabilities/education__completion_graduation.txt,What factors influence completion/graduation for People with disabilities in education?,People with disabilities,minority,Disability,Education,Completion/graduation,people_with_disabilities__education__completion_graduation
2c06267c7d3e2e7c8eef,https://enablingdevices.com/blog/five-strategies-for-raising-graduation-rates-for-students-with-disabilities/,https://enablingdevices.com/blog/five-strategies-for-raising-graduation-rates-for-students-with-disabilities,7,people_with_disabilities/education__completion_graduation.txt,What factors influence completion/graduation for People with disabilities in education?,People with disabilities,minority,Disability,Education,Completion/graduation,people_with_disabilities__education__completion_graduation
c90e35ad5a428e3169ec,https://ies.ed.gov/use-work/awards/factors-associated-postsecondary-success-students-disabilities,https://ies.ed.gov/use-work/awards/factors-associated-postsecondary-success-students-disabilities,8,people_with_disabilities/education__completion_graduation.txt,What factors influence completion/graduation for People with disabilities in education?,People with disabilities,minority,Disability,Education,Completion/graduation,people_with_disabilities__education__completion_graduation
765a7dc8e5aef3f249f4,https://pubmed.ncbi.nlm.nih.gov/35139668/,https://pubmed.ncbi.nlm.nih.gov/35139668,9,people_with_disabilities/education__completion_graduation.txt,What factors influence completion/graduation for People with disabilities in education?,People with disabilities,minority,Disability,Education,Completion/graduation,people_with_disabilities__education__completion_graduation
707cd43c5a7a67a00714,https://onlinelibrary.wiley.com/doi/10.1111/1744-7941.12377,https://onlinelibrary.wiley.com/doi/10.1111/1744-7941.12377,1,people_with_disabilities/employment__employment_benefits.txt,What factors influence employment benefits for People with disabilities in employment?,People with disabilities,minority,Disability,Employment,Employment benefits,people_with_disabilities__employment__employment_benefits
0742b9af9ece859bf07b,https://www.cambridge.org/core/journals/journal-of-management-and-organization/article/enablers-of-successful-employment-outcomes-for-people-with-disabilities/70CE36BB411E2FEE264B21653F4C865B,https://cambridge.org/core/journals/journal-of-management-and-organization/article/enablers-of-successful-employment-outcomes-for-people-with-disabilities/70CE36BB411E2FEE264B21653F4C865B,2,people_with_disabilities/employment__employment_benefits.txt,What factors influence employment benefits for People with disabilities in employment?,People with disabilities,minority,Disability,Employment,Employment benefits,people_with_disabilities__employment__employment_benefits
3e8a2d1948dc8d4ce8a0,https://pmc.ncbi.nlm.nih.gov/articles/PMC5763841/,https://pmc.ncbi.nlm.nih.gov/articles/PMC5763841,3,people_with_disabilities/employment__employment_benefits.txt,What factors influence employment benefits for People with disabilities in employment?,People with disabilities,minority,Disability,Employment,Employment benefits,people_with_disabilities__employment__employment_benefits
46922fe3befb1ee98e0c,https://abilitycentral.org/article/why-hiring-people-with-disabilities-benefits-everyone,https://abilitycentral.org/article/why-hiring-people-with-disabilities-benefits-everyone,4,people_with_disabilities/employment__employment_benefits.txt,What factors influence employment benefits for People with disabilities in employment?,People with disabilities,minority,Disability,Employment,Employment benefits,people_with_disabilities__employment__employment_benefits
ac3eeb580aa80a940d14,https://www.cbpp.org/research/health/states-can-reduce-medicaids-administrative-burdens-to-advance-health-and-racial,https://cbpp.org/research/health/states-can-reduce-medicaids-administrative-burdens-to-advance-health-and-racial,1,people_with_disabilities/government_benefits__administrative_burden.txt,What factors influence administrative burden for People with disabilities in government benefits?,People with disabilities,minority,Disability,Government Benefits,Administrative burden,people_with_disabilities__government_benefits__administrative_burden
fb4c83ec92bc3a9c2bbf,https://onlinelibrary.wiley.com/doi/full/10.1111/1467-8500.12683,https://onlinelibrary.wiley.com/doi/full/10.1111/1467-8500.12683,2,people_with_disabilities/government_benefits__administrative_burden.txt,What factors influence administrative burden for People with disabilities in government benefits?,People with disabilities,minority,Disability,Government Benefits,Administrative burden,people_with_disabilities__government_benefits__administrative_burden
edd9f86947b698c1aa89,https://www.mdpi.com/2076-0760/14/6/379,https://mdpi.com/2076-0760/14/6/379,3,people_with_disabilities/government_benefits__administrative_burden.txt,What factors influence administrative burden for People with disabilities in government benefits?,People with disabilities,minority,Disability,Government Benefits,Administrative burden,people_with_disabilities__government_benefits__administrative_burden
9d3617d27a486423fd7f,https://thedecisionlab.com/big-problems/reducing-administrative-burden-in-public-services,https://thedecisionlab.com/big-problems/reducing-administrative-burden-in-public-services,4,people_with_disabilities/government_benefits__administrative_burden.txt,What factors influence administrative burden for People with disabilities in government benefits?,People with disabilities,minority,Disability,Government Benefits,Administrative burden,people_with_disabilities__government_benefits__administrative_burden
adcabab0e75d00bd23a2,https://www.americanprogress.org/article/how-dehumanizing-administrative-burdens-harm-disabled-people/,https://americanprogress.org/article/how-dehumanizing-administrative-burdens-harm-disabled-people,5,people_with_disabilities/government_benefits__administrative_burden.txt,What factors influence administrative burden for People with disabilities in government benefits?,People with disabilities,minority,Disability,Government Benefits,Administrative burden,people_with_disabilities__government_benefits__administrative_burden
a1268a5392c3d8bbf787,https://rdrc.wisc.edu/files/working-papers/WI-EMF22-01_Paper_Savin_8.24.23.pdf,https://rdrc.wisc.edu/files/working-papers/WI-EMF22-01_Paper_Savin_8.24.23.pdf,6,people_with_disabilities/government_benefits__administrative_burden.txt,What factors influence administrative burden for People with disabilities in government benefits?,People with disabilities,minority,Disability,Government Benefits,Administrative burden,people_with_disabilities__government_benefits__administrative_burden
3f8161387839c564dd49,https://www.urban.org/research/publication/how-does-funding-administrative-expenses-affect-equity,https://urban.org/research/publication/how-does-funding-administrative-expenses-affect-equity,7,people_with_disabilities/government_benefits__administrative_burden.txt,What factors influence administrative burden for People with disabilities in government benefits?,People with disabilities,minority,Disability,Government Benefits,Administrative burden,people_with_disabilities__government_benefits__administrative_burden
1b398c139aac25fe39d2,https://www.theregreview.org/2023/08/17/torriente-how-the-administrative-state-fails-people-with-disabilities/,https://theregreview.org/2023/08/17/torriente-how-the-administrative-state-fails-people-with-disabilities,8,people_with_disabilities/government_benefits__administrative_burden.txt,What factors influence administrative burden for People with disabilities in government benefits?,People with disabilities,minority,Disability,Government Benefits,Administrative burden,people_with_disabilities__government_benefits__administrative_burden
154a97499e51529c7bcf,https://pmc.ncbi.nlm.nih.gov/articles/PMC11966724/,https://pmc.ncbi.nlm.nih.gov/articles/PMC11966724,1,people_with_disabilities/healthcare__person_centered_care.txt,What factors influence person-centered care for People with disabilities in healthcare?,People with disabilities,minority,Disability,Healthcare,Person-centered care,people_with_disabilities__healthcare__person_centered_care
5f3fa12e1232285b75e8,https://www.cdc.gov/disability-and-health/about/disability-and-health-information-for-healthcare-providers.html,https://cdc.gov/disability-and-health/about/disability-and-health-information-for-healthcare-providers.html,2,people_with_disabilities/healthcare__person_centered_care.txt,What factors influence person-centered care for People with disabilities in healthcare?,People with disabilities,minority,Disability,Healthcare,Person-centered care,people_with_disabilities__healthcare__person_centered_care
a3d634be0ccfe0480643,https://acl.gov/programs/consumer-control/person-centered-planning,https://acl.gov/programs/consumer-control/person-centered-planning,3,people_with_disabilities/healthcare__person_centered_care.txt,What factors influence person-centered care for People with disabilities in healthcare?,People with disabilities,minority,Disability,Healthcare,Person-centered care,people_with_disabilities__healthcare__person_centered_care
bda4f6f5aa9788769433,https://pmc.ncbi.nlm.nih.gov/articles/PMC9876026/,https://pmc.ncbi.nlm.nih.gov/articles/PMC9876026,4,people_with_disabilities/healthcare__person_centered_care.txt,What factors influence person-centered care for People with disabilities in healthcare?,People with disabilities,minority,Disability,Healthcare,Person-centered care,people_with_disabilities__healthcare__person_centered_care
fd0348f25d7ebb97dea9,https://pmc.ncbi.nlm.nih.gov/articles/PMC12907466/,https://pmc.ncbi.nlm.nih.gov/articles/PMC12907466,5,people_with_disabilities/healthcare__person_centered_care.txt,What factors influence person-centered care for People with disabilities in healthcare?,People with disabilities,minority,Disability,Healthcare,Person-centered care,people_with_disabilities__healthcare__person_centered_care
d2d2f98d9fee8c4598fb,https://pmc.ncbi.nlm.nih.gov/articles/PMC10953678/,https://pmc.ncbi.nlm.nih.gov/articles/PMC10953678,6,people_with_disabilities/healthcare__person_centered_care.txt,What factors influence person-centered care for People with disabilities in healthcare?,People with disabilities,minority,Disability,Healthcare,Person-centered care,people_with_disabilities__healthcare__person_centered_care
8991a130d2f812a341c2,https://pmc.ncbi.nlm.nih.gov/articles/PMC8279686/,https://pmc.ncbi.nlm.nih.gov/articles/PMC8279686,7,people_with_disabilities/healthcare__person_centered_care.txt,What factors influence person-centered care for People with disabilities in healthcare?,People with disabilities,minority,Disability,Healthcare,Person-centered care,people_with_disabilities__healthcare__person_centered_care
487e5afe91045586d67f,https://www.elevancehealth.com/our-approach-to-health/consumer-centered-health-system/what-is-person-centered-care,https://elevancehealth.com/our-approach-to-health/consumer-centered-health-system/what-is-person-centered-care,8,people_with_disabilities/healthcare__person_centered_care.txt,What factors influence person-centered care for People with disabilities in healthcare?,People with disabilities,minority,Disability,Healthcare,Person-centered care,people_with_disabilities__healthcare__person_centered_care
6d5587babafdc9032a17,https://www.sralab.org/sites/default/files/downloads/2022-03/HCBS%20Disability%20Models%20and%20Person-Centeredness%20Brief.pdf,https://sralab.org/sites/default/files/downloads/2022-03/HCBS%20Disability%20Models%20and%20Person-Centeredness%20Brief.pdf,9,people_with_disabilities/healthcare__person_centered_care.txt,What factors influence person-centered care for People with disabilities in healthcare?,People with disabilities,minority,Disability,Healthcare,Person-centered care,people_with_disabilities__healthcare__person_centered_care
4b096ead98ec8c96533e,https://pmc.ncbi.nlm.nih.gov/articles/PMC11581598/,https://pmc.ncbi.nlm.nih.gov/articles/PMC11581598,10,people_with_disabilities/healthcare__person_centered_care.txt,What factors influence person-centered care for People with disabilities in healthcare?,People with disabilities,minority,Disability,Healthcare,Person-centered care,people_with_disabilities__healthcare__person_centered_care
9b3f8f089e177347406d,https://www.sciencedirect.com/science/article/abs/pii/S1936657423000407,https://sciencedirect.com/science/article/abs/pii/S1936657423000407,11,people_with_disabilities/healthcare__person_centered_care.txt,What factors influence person-centered care for People with disabilities in healthcare?,People with disabilities,minority,Disability,Healthcare,Person-centered care,people_with_disabilities__healthcare__person_centered_care
5f7c325f835e5283e789,https://covey.org/housing-for-people-with-disabilities/,https://covey.org/housing-for-people-with-disabilities,1,people_with_disabilities/housing__neighborhood_quality.txt,What factors influence neighborhood quality for People with disabilities in housing?,People with disabilities,minority,Disability,Housing,Neighborhood quality,people_with_disabilities__housing__neighborhood_quality
5ef9b7e6bd4561dcf325,https://kinder.rice.edu/urbanedge/households-people-disabilities-experience-more-residential-disadvantage,https://kinder.rice.edu/urbanedge/households-people-disabilities-experience-more-residential-disadvantage,2,people_with_disabilities/housing__neighborhood_quality.txt,What factors influence neighborhood quality for People with disabilities in housing?,People with disabilities,minority,Disability,Housing,Neighborhood quality,people_with_disabilities__housing__neighborhood_quality
f70cef7ae2fc815b85e6,https://a816-dohbesp.nyc.gov/IndicatorPublic/data-stories/housing-creates-health/,https://a816-dohbesp.nyc.gov/IndicatorPublic/data-stories/housing-creates-health,3,people_with_disabilities/housing__neighborhood_quality.txt,What factors influence neighborhood quality for People with disabilities in housing?,People with disabilities,minority,Disability,Housing,Neighborhood quality,people_with_disabilities__housing__neighborhood_quality
1d95a7b5505efb352e33,https://pmc.ncbi.nlm.nih.gov/articles/PMC2655171/,https://pmc.ncbi.nlm.nih.gov/articles/PMC2655171,4,people_with_disabilities/housing__neighborhood_quality.txt,What factors influence neighborhood quality for People with disabilities in housing?,People with disabilities,minority,Disability,Housing,Neighborhood quality,people_with_disabilities__housing__neighborhood_quality
fc6975c24881e7ce6f88,https://www.tandfonline.com/doi/full/10.1080/08882746.2022.2065614,https://tandfonline.com/doi/full/10.1080/08882746.2022.2065614,5,people_with_disabilities/housing__neighborhood_quality.txt,What factors influence neighborhood quality for People with disabilities in housing?,People with disabilities,minority,Disability,Housing,Neighborhood quality,people_with_disabilities__housing__neighborhood_quality
1bf4a9b46fbe977b6349,https://www.sciencedirect.com/science/article/abs/pii/S1936657424001614,https://sciencedirect.com/science/article/abs/pii/S1936657424001614,6,people_with_disabilities/housing__neighborhood_quality.txt,What factors influence neighborhood quality for People with disabilities in housing?,People with disabilities,minority,Disability,Housing,Neighborhood quality,people_with_disabilities__housing__neighborhood_quality
a5e1dc137bf898f12a33,https://www.sciencedirect.com/science/article/pii/S1936657426000609,https://sciencedirect.com/science/article/pii/S1936657426000609,7,people_with_disabilities/housing__neighborhood_quality.txt,What factors influence neighborhood quality for People with disabilities in housing?,People with disabilities,minority,Disability,Housing,Neighborhood quality,people_with_disabilities__housing__neighborhood_quality
b7c998a266298a228465,https://medresearch.umich.edu/sites/default/files/2024-06/RRTC-Evaluating-Housing-Concerns.pdf,https://medresearch.umich.edu/sites/default/files/2024-06/RRTC-Evaluating-Housing-Concerns.pdf,8,people_with_disabilities/housing__neighborhood_quality.txt,What factors influence neighborhood quality for People with disabilities in housing?,People with disabilities,minority,Disability,Housing,Neighborhood quality,people_with_disabilities__housing__neighborhood_quality
9c8778bb46fa8eb44702,https://www.americanprogress.org/article/recognizing-addressing-housing-insecurity-disabled-renters/,https://americanprogress.org/article/recognizing-addressing-housing-insecurity-disabled-renters,9,people_with_disabilities/housing__neighborhood_quality.txt,What factors influence neighborhood quality for People with disabilities in housing?,People with disabilities,minority,Disability,Housing,Neighborhood quality,people_with_disabilities__housing__neighborhood_quality
feccf3fc5115122827e1,https://pmc.ncbi.nlm.nih.gov/articles/PMC13252812/,https://pmc.ncbi.nlm.nih.gov/articles/PMC13252812,10,people_with_disabilities/housing__neighborhood_quality.txt,What factors influence neighborhood quality for People with disabilities in housing?,People with disabilities,minority,Disability,Housing,Neighborhood quality,people_with_disabilities__housing__neighborhood_quality
58425b2cdafc73f78093,https://www.experian.com/blogs/ask-experian/credit-education/score-basics/what-affects-your-credit-scores/,https://experian.com/blogs/ask-experian/credit-education/score-basics/what-affects-your-credit-scores,1,people_without_disabilities/credit_and_financial_services__credit_score.txt,What factors influence credit score for People without disabilities in credit & financial services?,People without disabilities,majority,Disability,Credit & Financial Services,Credit score,people_without_disabilities__credit_and_financial_services__credit_score
e8570d9aae5bbaeb7ab4,https://www.creditkarma.com/credit/i/what-affects-your-credit-scores,https://creditkarma.com/credit/i/what-affects-your-credit-scores,2,people_without_disabilities/credit_and_financial_services__credit_score.txt,What factors influence credit score for People without disabilities in credit & financial services?,People without disabilities,majority,Disability,Credit & Financial Services,Credit score,people_without_disabilities__credit_and_financial_services__credit_score
fb309fddcaf6ca621aac,https://vantagescore.com/consumers/blog/credit-scoring-101-factors-that-affect-your-vantagescore-credit-score,https://vantagescore.com/consumers/blog/credit-scoring-101-factors-that-affect-your-vantagescore-credit-score,3,people_without_disabilities/credit_and_financial_services__credit_score.txt,What factors influence credit score for People without disabilities in credit & financial services?,People without disabilities,majority,Disability,Credit & Financial Services,Credit score,people_without_disabilities__credit_and_financial_services__credit_score
8d4b74f96737f9c79531,https://www.nationaldisabilityinstitute.org/financial-resilience-center/credit/,https://nationaldisabilityinstitute.org/financial-resilience-center/credit,4,people_without_disabilities/credit_and_financial_services__credit_score.txt,What factors influence credit score for People without disabilities in credit & financial services?,People without disabilities,majority,Disability,Credit & Financial Services,Credit score,people_without_disabilities__credit_and_financial_services__credit_score
a49da209ced3b0e5c74f,https://www.bankpullman.com/articles/2024/06/5-factors-that-impact-your-credit-score-blog.html,https://bankpullman.com/articles/2024/06/5-factors-that-impact-your-credit-score-blog.html,5,people_without_disabilities/credit_and_financial_services__credit_score.txt,What factors influence credit score for People without disabilities in credit & financial services?,People without disabilities,majority,Disability,Credit & Financial Services,Credit score,people_without_disabilities__credit_and_financial_services__credit_score
66f40d07c0c6f62c2f4e,https://www.experian.com/blogs/ask-experian/how-does-ssi-ssdi-affect-my-credit/,https://experian.com/blogs/ask-experian/how-does-ssi-ssdi-affect-my-credit,6,people_without_disabilities/credit_and_financial_services__credit_score.txt,What factors influence credit score for People without disabilities in credit & financial services?,People without disabilities,majority,Disability,Credit & Financial Services,Credit score,people_without_disabilities__credit_and_financial_services__credit_score
6fc5894d51ffcb8e4947,https://consumer.ftc.gov/articles/credit-scores,https://consumer.ftc.gov/articles/credit-scores,7,people_without_disabilities/credit_and_financial_services__credit_score.txt,What factors influence credit score for People without disabilities in credit & financial services?,People without disabilities,majority,Disability,Credit & Financial Services,Credit score,people_without_disabilities__credit_and_financial_services__credit_score
d931b9e9b2a609acdd1d,https://www.nature.com/articles/s41599-025-05355-0,https://nature.com/articles/s41599-025-05355-0,1,people_without_disabilities/criminal_justice__police_initiated_contact.txt,What factors influence police-initiated contact for People without disabilities in criminal justice?,People without disabilities,majority,Disability,Criminal Justice,Police-initiated contact,people_without_disabilities__criminal_justice__police_initiated_contact
a995639359a46e02c0aa,https://pmc.ncbi.nlm.nih.gov/articles/PMC10937607/,https://pmc.ncbi.nlm.nih.gov/articles/PMC10937607,2,people_without_disabilities/criminal_justice__police_initiated_contact.txt,What factors influence police-initiated contact for People without disabilities in criminal justice?,People without disabilities,majority,Disability,Criminal Justice,Police-initiated contact,people_without_disabilities__criminal_justice__police_initiated_contact
7b4f1c22a71804f4ec6b,https://la.myneighborhooddata.org/2021/06/stops/,https://la.myneighborhooddata.org/2021/06/stops,3,people_without_disabilities/criminal_justice__police_initiated_contact.txt,What factors influence police-initiated contact for People without disabilities in criminal justice?,People without disabilities,majority,Disability,Criminal Justice,Police-initiated contact,people_without_disabilities__criminal_justice__police_initiated_contact
4cb66278eb838b17b425,https://www.sentencingproject.org/reports/one-in-five-disparities-in-crime-and-policing/,https://sentencingproject.org/reports/one-in-five-disparities-in-crime-and-policing,4,people_without_disabilities/criminal_justice__police_initiated_contact.txt,What factors influence police-initiated contact for People without disabilities in criminal justice?,People without disabilities,majority,Disability,Criminal Justice,Police-initiated contact,people_without_disabilities__criminal_justice__police_initiated_contact
ca28ff322912853a1419,https://openpolicing.stanford.edu/findings/,https://openpolicing.stanford.edu/findings,5,people_without_disabilities/criminal_justice__police_initiated_contact.txt,What factors influence police-initiated contact for People without disabilities in criminal justice?,People without disabilities,majority,Disability,Criminal Justice,Police-initiated contact,people_without_disabilities__criminal_justice__police_initiated_contact
b7501cb300491e9a3461,https://www.prisonpolicy.org/blog/2024/12/19/policing_survey_2022/,https://prisonpolicy.org/blog/2024/12/19/policing_survey_2022,6,people_without_disabilities/criminal_justice__police_initiated_contact.txt,What factors influence police-initiated contact for People without disabilities in criminal justice?,People without disabilities,majority,Disability,Criminal Justice,Police-initiated contact,people_without_disabilities__criminal_justice__police_initiated_contact
1dbf5f1c2b42cc485259,https://bjs.ojp.gov/press-release/contacts-between-police-and-public-2020,https://bjs.ojp.gov/press-release/contacts-between-police-and-public-2020,7,people_without_disabilities/criminal_justice__police_initiated_contact.txt,What factors influence police-initiated contact for People without disabilities in criminal justice?,People without disabilities,majority,Disability,Criminal Justice,Police-initiated contact,people_without_disabilities__criminal_justice__police_initiated_contact
c37cad06c0c888e7b80f,https://pmc.ncbi.nlm.nih.gov/articles/PMC8423110/,https://pmc.ncbi.nlm.nih.gov/articles/PMC8423110,8,people_without_disabilities/criminal_justice__police_initiated_contact.txt,What factors influence police-initiated contact for People without disabilities in criminal justice?,People without disabilities,majority,Disability,Criminal Justice,Police-initiated contact,people_without_disabilities__criminal_justice__police_initiated_contact
6bdd9bb2443de61a6cbd,https://www.ppic.org/publication/policy-brief-racial-disparities-in-traffic-stops/,https://ppic.org/publication/policy-brief-racial-disparities-in-traffic-stops,9,people_without_disabilities/criminal_justice__police_initiated_contact.txt,What factors influence police-initiated contact for People without disabilities in criminal justice?,People without disabilities,majority,Disability,Criminal Justice,Police-initiated contact,people_without_disabilities__criminal_justice__police_initiated_contact
f38535f880dec756681a,https://www.aclu.org/news/criminal-law-reform/why-police-traffic-stops-are-dangerous-and-ineffective,https://aclu.org/news/criminal-law-reform/why-police-traffic-stops-are-dangerous-and-ineffective,10,people_without_disabilities/criminal_justice__police_initiated_contact.txt,What factors influence police-initiated contact for People without disabilities in criminal justice?,People without disabilities,majority,Disability,Criminal Justice,Police-initiated contact,people_without_disabilities__criminal_justice__police_initiated_contact
c6096765b330749ab6b1,https://www.bbc.com/news/world-us-canada-64458041,https://bbc.com/news/world-us-canada-64458041,11,people_without_disabilities/criminal_justice__police_initiated_contact.txt,What factors influence police-initiated contact for People without disabilities in criminal justice?,People without disabilities,majority,Disability,Criminal Justice,Police-initiated contact,people_without_disabilities__criminal_justice__police_initiated_contact
b7172d4acde6ae053a88,https://www.youtube.com/watch?v=s_oLPj0Tsas,https://youtube.com/watch?v=s_oLPj0Tsas,12,people_without_disabilities/criminal_justice__police_initiated_contact.txt,What factors influence police-initiated contact for People without disabilities in criminal justice?,People without disabilities,majority,Disability,Criminal Justice,Police-initiated contact,people_without_disabilities__criminal_justice__police_initiated_contact
728e917728ba138813dc,https://odphp.health.gov/healthypeople/priority-areas/social-determinants-health/literature-summaries/high-school-graduation,https://odphp.health.gov/healthypeople/priority-areas/social-determinants-health/literature-summaries/high-school-graduation,1,people_without_disabilities/education__completion_graduation.txt,What factors influence completion/graduation for People without disabilities in education?,People without disabilities,majority,Disability,Education,Completion/graduation,people_without_disabilities__education__completion_graduation
8c71f18516aaf1ac7212,https://journals.sagepub.com/doi/10.1177/0731121420908896,https://journals.sagepub.com/doi/10.1177/0731121420908896,2,people_without_disabilities/education__completion_graduation.txt,What factors influence completion/graduation for People without disabilities in education?,People without disabilities,majority,Disability,Education,Completion/graduation,people_without_disabilities__education__completion_graduation
765a7dc8e5aef3f249f4,https://pubmed.ncbi.nlm.nih.gov/35139668/,https://pubmed.ncbi.nlm.nih.gov/35139668,3,people_without_disabilities/education__completion_graduation.txt,What factors influence completion/graduation for People without disabilities in education?,People without disabilities,majority,Disability,Education,Completion/graduation,people_without_disabilities__education__completion_graduation
c6bd79667dfd59070547,https://pmc.ncbi.nlm.nih.gov/articles/PMC8009488/,https://pmc.ncbi.nlm.nih.gov/articles/PMC8009488,4,people_without_disabilities/education__completion_graduation.txt,What factors influence completion/graduation for People without disabilities in education?,People without disabilities,majority,Disability,Education,Completion/graduation,people_without_disabilities__education__completion_graduation
d5c409b2b5610fdb0bdc,https://pmc.ncbi.nlm.nih.gov/articles/PMC4290871/,https://pmc.ncbi.nlm.nih.gov/articles/PMC4290871,5,people_without_disabilities/education__completion_graduation.txt,What factors influence completion/graduation for People without disabilities in education?,People without disabilities,majority,Disability,Education,Completion/graduation,people_without_disabilities__education__completion_graduation
a1a1627aa4bcf3176bf3,https://ncld.org/improving-graduation-rates-with-the-grad-partnership/,https://ncld.org/improving-graduation-rates-with-the-grad-partnership,6,people_without_disabilities/education__completion_graduation.txt,What factors influence completion/graduation for People without disabilities in education?,People without disabilities,majority,Disability,Education,Completion/graduation,people_without_disabilities__education__completion_graduation
e9123aab8fc77dc6fb16,https://pn3policy.org/blog/administrative-burden-blog/,https://pn3policy.org/blog/administrative-burden-blog,1,people_without_disabilities/government_benefits__administrative_burden.txt,What factors influence administrative burden for People without disabilities in government benefits?,People without disabilities,majority,Disability,Government Benefits,Administrative burden,people_without_disabilities__government_benefits__administrative_burden
d0d2586f3182bc32d5ca,https://www.healthaffairs.org/content/forefront/reducing-administrative-burdens-increase-access-safety-net-programs,https://healthaffairs.org/content/forefront/reducing-administrative-burdens-increase-access-safety-net-programs,2,people_without_disabilities/government_benefits__administrative_burden.txt,What factors influence administrative burden for People without disabilities in government benefits?,People without disabilities,majority,Disability,Government Benefits,Administrative burden,people_without_disabilities__government_benefits__administrative_burden
5f250bd6cecd12f45831,https://www.americanprogress.org/article/how-to-address-the-administrative-burdens-of-accessing-the-safety-net/,https://americanprogress.org/article/how-to-address-the-administrative-burdens-of-accessing-the-safety-net,3,people_without_disabilities/government_benefits__administrative_burden.txt,What factors influence administrative burden for People without disabilities in government benefits?,People without disabilities,majority,Disability,Government Benefits,Administrative burden,people_without_disabilities__government_benefits__administrative_burden
9d3617d27a486423fd7f,https://thedecisionlab.com/big-problems/reducing-administrative-burden-in-public-services,https://thedecisionlab.com/big-problems/reducing-administrative-burden-in-public-services,4,people_without_disabilities/government_benefits__administrative_burden.txt,What factors influence administrative burden for People without disabilities in government benefits?,People without disabilities,majority,Disability,Government Benefits,Administrative burden,people_without_disabilities__government_benefits__administrative_burden
fb4c83ec92bc3a9c2bbf,https://onlinelibrary.wiley.com/doi/full/10.1111/1467-8500.12683,https://onlinelibrary.wiley.com/doi/full/10.1111/1467-8500.12683,5,people_without_disabilities/government_benefits__administrative_burden.txt,What factors influence administrative burden for People without disabilities in government benefits?,People without disabilities,majority,Disability,Government Benefits,Administrative burden,people_without_disabilities__government_benefits__administrative_burden
9635a04fc6e1f0807068,https://pmc.ncbi.nlm.nih.gov/articles/PMC6988471/,https://pmc.ncbi.nlm.nih.gov/articles/PMC6988471,6,people_without_disabilities/government_benefits__administrative_burden.txt,What factors influence administrative burden for People without disabilities in government benefits?,People without disabilities,majority,Disability,Government Benefits,Administrative burden,people_without_disabilities__government_benefits__administrative_burden
adcabab0e75d00bd23a2,https://www.americanprogress.org/article/how-dehumanizing-administrative-burdens-harm-disabled-people/,https://americanprogress.org/article/how-dehumanizing-administrative-burdens-harm-disabled-people,7,people_without_disabilities/government_benefits__administrative_burden.txt,What factors influence administrative burden for People without disabilities in government benefits?,People without disabilities,majority,Disability,Government Benefits,Administrative burden,people_without_disabilities__government_benefits__administrative_burden
50713f949efebcc03b7e,https://pmc.ncbi.nlm.nih.gov/articles/PMC11663035/,https://pmc.ncbi.nlm.nih.gov/articles/PMC11663035,1,people_without_disabilities/healthcare__person_centered_care.txt,What factors influence person-centered care for People without disabilities in healthcare?,People without disabilities,majority,Disability,Healthcare,Person-centered care,people_without_disabilities__healthcare__person_centered_care
eddc547486d6385e4592,https://ajod.org/index.php/ajod/article/view/1589/3214,https://ajod.org/index.php/ajod/article/view/1589/3214,2,people_without_disabilities/healthcare__person_centered_care.txt,What factors influence person-centered care for People without disabilities in healthcare?,People without disabilities,majority,Disability,Healthcare,Person-centered care,people_without_disabilities__healthcare__person_centered_care
57588d7962c53978e627,https://pmc.ncbi.nlm.nih.gov/articles/PMC6465833/,https://pmc.ncbi.nlm.nih.gov/articles/PMC6465833,3,people_without_disabilities/healthcare__person_centered_care.txt,What factors influence person-centered care for People without disabilities in healthcare?,People without disabilities,majority,Disability,Healthcare,Person-centered care,people_without_disabilities__healthcare__person_centered_care
f0b6434603a0a1878485,https://pmc.ncbi.nlm.nih.gov/articles/PMC10083933/,https://pmc.ncbi.nlm.nih.gov/articles/PMC10083933,4,people_without_disabilities/healthcare__person_centered_care.txt,What factors influence person-centered care for People without disabilities in healthcare?,People without disabilities,majority,Disability,Healthcare,Person-centered care,people_without_disabilities__healthcare__person_centered_care
e3413b2fe846867f4899,https://pmc.ncbi.nlm.nih.gov/articles/PMC11593969/,https://pmc.ncbi.nlm.nih.gov/articles/PMC11593969,5,people_without_disabilities/healthcare__person_centered_care.txt,What factors influence person-centered care for People without disabilities in healthcare?,People without disabilities,majority,Disability,Healthcare,Person-centered care,people_without_disabilities__healthcare__person_centered_care
feba128cea568461c9c5,https://pmc.ncbi.nlm.nih.gov/articles/PMC5724704/,https://pmc.ncbi.nlm.nih.gov/articles/PMC5724704,6,people_without_disabilities/healthcare__person_centered_care.txt,What factors influence person-centered care for People without disabilities in healthcare?,People without disabilities,majority,Disability,Healthcare,Person-centered care,people_without_disabilities__healthcare__person_centered_care
154a97499e51529c7bcf,https://pmc.ncbi.nlm.nih.gov/articles/PMC11966724/,https://pmc.ncbi.nlm.nih.gov/articles/PMC11966724,7,people_without_disabilities/healthcare__person_centered_care.txt,What factors influence person-centered care for People without disabilities in healthcare?,People without disabilities,majority,Disability,Healthcare,Person-centered care,people_without_disabilities__healthcare__person_centered_care
4b096ead98ec8c96533e,https://pmc.ncbi.nlm.nih.gov/articles/PMC11581598/,https://pmc.ncbi.nlm.nih.gov/articles/PMC11581598,8,people_without_disabilities/healthcare__person_centered_care.txt,What factors influence person-centered care for People without disabilities in healthcare?,People without disabilities,majority,Disability,Healthcare,Person-centered care,people_without_disabilities__healthcare__person_centered_care
55e93e6e3d4878a35eac,https://www.tchabitat.org/blog/choosing-a-neighborhood,https://tchabitat.org/blog/choosing-a-neighborhood,1,people_without_disabilities/housing__neighborhood_quality.txt,What factors influence neighborhood quality for People without disabilities in housing?,People without disabilities,majority,Disability,Housing,Neighborhood quality,people_without_disabilities__housing__neighborhood_quality
ea55fe5eba33ed7be539,https://www.har.com/ri/3260/how-to-assess-a-neighborhoods-livability,https://har.com/ri/3260/how-to-assess-a-neighborhoods-livability,2,people_without_disabilities/housing__neighborhood_quality.txt,What factors influence neighborhood quality for People without disabilities in housing?,People without disabilities,majority,Disability,Housing,Neighborhood quality,people_without_disabilities__housing__neighborhood_quality
9ce74ca6e4308a3711eb,https://psychology.town/environmental/assessing-residential-quality-enhanced-living/,https://psychology.town/environmental/assessing-residential-quality-enhanced-living,3,people_without_disabilities/housing__neighborhood_quality.txt,What factors influence neighborhood quality for People without disabilities in housing?,People without disabilities,majority,Disability,Housing,Neighborhood quality,people_without_disabilities__housing__neighborhood_quality
e0426390b9d579d11347,https://pmc.ncbi.nlm.nih.gov/articles/PMC10687291/,https://pmc.ncbi.nlm.nih.gov/articles/PMC10687291,4,people_without_disabilities/housing__neighborhood_quality.txt,What factors influence neighborhood quality for People without disabilities in housing?,People without disabilities,majority,Disability,Housing,Neighborhood quality,people_without_disabilities__housing__neighborhood_quality
55dbd61a2f313a3366c8,https://pmc.ncbi.nlm.nih.gov/articles/PMC6777953/,https://pmc.ncbi.nlm.nih.gov/articles/PMC6777953,5,people_without_disabilities/housing__neighborhood_quality.txt,What factors influence neighborhood quality for People without disabilities in housing?,People without disabilities,majority,Disability,Housing,Neighborhood quality,people_without_disabilities__housing__neighborhood_quality
a801150bbccdbb32d4b0,https://pressley.house.gov/2023/03/31/pressley-unveils-bill-to-make-credit-reporting-system-more-inclusive-for-trans-nonbinary-folks/,https://pressley.house.gov/2023/03/31/pressley-unveils-bill-to-make-credit-reporting-system-more-inclusive-for-trans-nonbinary-folks,1,transgender_people/credit_and_financial_services__credit_score.txt,What factors influence credit score for transgender people in credit & financial services?,transgender people,minority,Gender Identity,Credit & Financial Services,Credit score,transgender_people__credit_and_financial_services__credit_score
48e8d93467fb8d2daebc,https://www.experian.com/blogs/news/2022/01/31/experian-supports-transgender-and-non-binary-consumers/,https://experian.com/blogs/news/2022/01/31/experian-supports-transgender-and-non-binary-consumers,2,transgender_people/credit_and_financial_services__credit_score.txt,What factors influence credit score for transgender people in credit & financial services?,transgender people,minority,Gender Identity,Credit & Financial Services,Credit score,transgender_people__credit_and_financial_services__credit_score
19fdfb66682fd45b9bf3,https://outandequal.org/resource/3insights-financialservicessector/,https://outandequal.org/resource/3insights-financialservicessector,3,transgender_people/credit_and_financial_services__credit_score.txt,What factors influence credit score for transgender people in credit & financial services?,transgender people,minority,Gender Identity,Credit & Financial Services,Credit score,transgender_people__credit_and_financial_services__credit_score
dfee178f67f3886ca87b,https://www.experian.com/blogs/ask-experian/how-transgender-people-can-change-their-name-on-experian-credit-report/,https://experian.com/blogs/ask-experian/how-transgender-people-can-change-their-name-on-experian-credit-report,4,transgender_people/credit_and_financial_services__credit_score.txt,What factors influence credit score for transgender people in credit & financial services?,transgender people,minority,Gender Identity,Credit & Financial Services,Credit score,transgender_people__credit_and_financial_services__credit_score
a82e3d5f389879509e46,https://www.investopedia.com/lgbtq-credit-barriers-7510340,https://investopedia.com/lgbtq-credit-barriers-7510340,5,transgender_people/credit_and_financial_services__credit_score.txt,What factors influence credit score for transgender people in credit & financial services?,transgender people,minority,Gender Identity,Credit & Financial Services,Credit score,transgender_people__credit_and_financial_services__credit_score
e8e4f30441bc3743c7b9,https://www.nefe.org/news/2022/06/lgbtqia-discrimination-in-financial-services.aspx,https://nefe.org/news/2022/06/lgbtqia-discrimination-in-financial-services.aspx,6,transgender_people/credit_and_financial_services__credit_score.txt,What factors influence credit score for transgender people in credit & financial services?,transgender people,minority,Gender Identity,Credit & Financial Services,Credit score,transgender_people__credit_and_financial_services__credit_score
97b2a07da7a647027090,https://arxiv.org/html/2601.18342v1,https://arxiv.org/html/2601.18342v1,7,transgender_people/credit_and_financial_services__credit_score.txt,What factors influence credit score for transgender people in credit & financial services?,transgender people,minority,Gender Identity,Credit & Financial Services,Credit score,transgender_people__credit_and_financial_services__credit_score
62a170a9a412999cb856,https://williamsinstitute.law.ucla.edu/publications/law-enforcement-lgbtq-people/,https://williamsinstitute.law.ucla.edu/publications/law-enforcement-lgbtq-people,1,transgender_people/criminal_justice__police_initiated_contact.txt,What factors influence police-initiated contact for transgender people in criminal justice?,transgender people,minority,Gender Identity,Criminal Justice,Police-initiated contact,transgender_people__criminal_justice__police_initiated_contact
7c422a7456f54535b16b,https://www.tandfonline.com/doi/full/10.1080/26895269.2026.2656940,https://tandfonline.com/doi/full/10.1080/26895269.2026.2656940,2,transgender_people/criminal_justice__police_initiated_contact.txt,What factors influence police-initiated contact for transgender people in criminal justice?,transgender people,minority,Gender Identity,Criminal Justice,Police-initiated contact,transgender_people__criminal_justice__police_initiated_contact
cfac0b7c1daa05d5c865,https://pmc.ncbi.nlm.nih.gov/articles/PMC11196069/,https://pmc.ncbi.nlm.nih.gov/articles/PMC11196069,3,transgender_people/criminal_justice__police_initiated_contact.txt,What factors influence police-initiated contact for transgender people in criminal justice?,transgender people,minority,Gender Identity,Criminal Justice,Police-initiated contact,transgender_people__criminal_justice__police_initiated_contact
808b9ef2926ce9d0c9d9,https://avp.org/wp-content/uploads/2017/04/FORGE_Trans_People_Police_Incarceration_Facts.pdf,https://avp.org/wp-content/uploads/2017/04/FORGE_Trans_People_Police_Incarceration_Facts.pdf,4,transgender_people/criminal_justice__police_initiated_contact.txt,What factors influence police-initiated contact for transgender people in criminal justice?,transgender people,minority,Gender Identity,Criminal Justice,Police-initiated contact,transgender_people__criminal_justice__police_initiated_contact
3aa6be39d8e294dab5a0,https://www.policingproject.org/news-main/2019/11/27/the-importance-of-trans-sensitive-police-policies,https://policingproject.org/news-main/2019/11/27/the-importance-of-trans-sensitive-police-policies,5,transgender_people/criminal_justice__police_initiated_contact.txt,What factors influence police-initiated contact for transgender people in criminal justice?,transgender people,minority,Gender Identity,Criminal Justice,Police-initiated contact,transgender_people__criminal_justice__police_initiated_contact
20c50707e77233cf5c5c,https://www.aclu.org/press-releases/new-report-finds-harassment-mistreatment-fuels-mistrust-among-lgbtq-people-towards-police,https://aclu.org/press-releases/new-report-finds-harassment-mistreatment-fuels-mistrust-among-lgbtq-people-towards-police,6,transgender_people/criminal_justice__police_initiated_contact.txt,What factors influence police-initiated contact for transgender people in criminal justice?,transgender people,minority,Gender Identity,Criminal Justice,Police-initiated contact,transgender_people__criminal_justice__police_initiated_contact
5ca0e4340ac223c81c81,https://journals.sagepub.com/doi/full/10.1177/00111287221134914,https://journals.sagepub.com/doi/full/10.1177/00111287221134914,7,transgender_people/criminal_justice__police_initiated_contact.txt,What factors influence police-initiated contact for transgender people in criminal justice?,transgender people,minority,Gender Identity,Criminal Justice,Police-initiated contact,transgender_people__criminal_justice__police_initiated_contact
eb29811d3b0faf0a7fdc,https://transgenderlawcenter.org/resources/law-enforcement-interactions-rights-and-realities/,https://transgenderlawcenter.org/resources/law-enforcement-interactions-rights-and-realities,8,transgender_people/criminal_justice__police_initiated_contact.txt,What factors influence police-initiated contact for transgender people in criminal justice?,transgender people,minority,Gender Identity,Criminal Justice,Police-initiated contact,transgender_people__criminal_justice__police_initiated_contact
9c434a820b3590ceb180,https://news.illinois.edu/how-are-lgbtq-people-treated-by-law-enforcement/,https://news.illinois.edu/how-are-lgbtq-people-treated-by-law-enforcement,9,transgender_people/criminal_justice__police_initiated_contact.txt,What factors influence police-initiated contact for transgender people in criminal justice?,transgender people,minority,Gender Identity,Criminal Justice,Police-initiated contact,transgender_people__criminal_justice__police_initiated_contact
542d798f851c1f4d9381,https://williamsinstitute.law.ucla.edu/publications/transgender-higher-ed/,https://williamsinstitute.law.ucla.edu/publications/transgender-higher-ed,1,transgender_people/education__completion_graduation.txt,What factors influence completion/graduation for transgender people in education?,transgender people,minority,Gender Identity,Education,Completion/graduation,transgender_people__education__completion_graduation
7f96b9e748c207ae4466,https://pmc.ncbi.nlm.nih.gov/articles/PMC9250371/,https://pmc.ncbi.nlm.nih.gov/articles/PMC9250371,2,transgender_people/education__completion_graduation.txt,What factors influence completion/graduation for transgender people in education?,transgender people,minority,Gender Identity,Education,Completion/graduation,transgender_people__education__completion_graduation
f8b26819ab2201b319a0,https://williamsinstitute.law.ucla.edu/publications/lgbtq-colleges-grad-school/,https://williamsinstitute.law.ucla.edu/publications/lgbtq-colleges-grad-school,3,transgender_people/education__completion_graduation.txt,What factors influence completion/graduation for transgender people in education?,transgender people,minority,Gender Identity,Education,Completion/graduation,transgender_people__education__completion_graduation
f45fcb9be9cd1bba1b7e,https://luminate.prospects.ac.uk/trans-and-non-binary-graduates-earn-significantly-less-than-peers,https://luminate.prospects.ac.uk/trans-and-non-binary-graduates-earn-significantly-less-than-peers,4,transgender_people/education__completion_graduation.txt,What factors influence completion/graduation for transgender people in education?,transgender people,minority,Gender Identity,Education,Completion/graduation,transgender_people__education__completion_graduation
7a673a9628235ccdfc8f,https://www.lifescied.org/doi/abs/10.1187/cbe.21-05-0136,https://lifescied.org/doi/abs/10.1187/cbe.21-05-0136,5,transgender_people/education__completion_graduation.txt,What factors influence completion/graduation for transgender people in education?,transgender people,minority,Gender Identity,Education,Completion/graduation,transgender_people__education__completion_graduation
e0e6223014726e96be38,https://pmc.ncbi.nlm.nih.gov/articles/PMC6234844/,https://pmc.ncbi.nlm.nih.gov/articles/PMC6234844,6,transgender_people/education__completion_graduation.txt,What factors influence completion/graduation for transgender people in education?,transgender people,minority,Gender Identity,Education,Completion/graduation,transgender_people__education__completion_graduation
b0badfc8163908848434,https://pmc.ncbi.nlm.nih.gov/articles/PMC11970692/,https://pmc.ncbi.nlm.nih.gov/articles/PMC11970692,7,transgender_people/education__completion_graduation.txt,What factors influence completion/graduation for transgender people in education?,transgender people,minority,Gender Identity,Education,Completion/graduation,transgender_people__education__completion_graduation
e1d7bdde0d1c4f4659e4,https://williamsinstitute.law.ucla.edu/wp-content/uploads/Trans-Higher-Ed-Apr-2022.pdf,https://williamsinstitute.law.ucla.edu/wp-content/uploads/Trans-Higher-Ed-Apr-2022.pdf,8,transgender_people/education__completion_graduation.txt,What factors influence completion/graduation for transgender people in education?,transgender people,minority,Gender Identity,Education,Completion/graduation,transgender_people__education__completion_graduation
bd56dadb0bc354647b9a,https://pmc.ncbi.nlm.nih.gov/articles/PMC8483182/,https://pmc.ncbi.nlm.nih.gov/articles/PMC8483182,9,transgender_people/education__completion_graduation.txt,What factors influence completion/graduation for transgender people in education?,transgender people,minority,Gender Identity,Education,Completion/graduation,transgender_people__education__completion_graduation
716e5896712c01e7fa16,https://share.google/l0iIqZ3EFVJ4jRSSL,https://share.google/l0iIqZ3EFVJ4jRSSL,10,transgender_people/education__completion_graduation.txt,What factors influence completion/graduation for transgender people in education?,transgender people,minority,Gender Identity,Education,Completion/graduation,transgender_people__education__completion_graduation
e7c1730c7776305fdac7,https://www.hrc.org/press-releases/transgender-workers-at-greater-risk-for-unemployment-and-poverty,https://hrc.org/press-releases/transgender-workers-at-greater-risk-for-unemployment-and-poverty,1,transgender_people/employment__employment_benefits.txt,What factors influence employment benefits for transgender people in employment?,transgender people,minority,Gender Identity,Employment,Employment benefits,transgender_people__employment__employment_benefits
a7c566ff347234b1c7e6,https://journals.sagepub.com/doi/full/10.1177/21582440221082863,https://journals.sagepub.com/doi/full/10.1177/21582440221082863,2,transgender_people/employment__employment_benefits.txt,What factors influence employment benefits for transgender people in employment?,transgender people,minority,Gender Identity,Employment,Employment benefits,transgender_people__employment__employment_benefits
6a46f2066f9017c7c919,https://www.thehrcfoundation.org/professional-resources/transgender-inclusive-benefits-for-employees-and-dependents,https://thehrcfoundation.org/professional-resources/transgender-inclusive-benefits-for-employees-and-dependents,3,transgender_people/employment__employment_benefits.txt,What factors influence employment benefits for transgender people in employment?,transgender people,minority,Gender Identity,Employment,Employment benefits,transgender_people__employment__employment_benefits
db26cce90525dd87e7cc,https://powertofly.com/up/transgender-employee-benefits,https://powertofly.com/up/transgender-employee-benefits,4,transgender_people/employment__employment_benefits.txt,What factors influence employment benefits for transgender people in employment?,transgender people,minority,Gender Identity,Employment,Employment benefits,transgender_people__employment__employment_benefits
93682866568d9d18a50a,https://www.thetaskforce.org/news/transgender-workers-at-greater-risk-for-unemployment-and-poverty/,https://thetaskforce.org/news/transgender-workers-at-greater-risk-for-unemployment-and-poverty,5,transgender_people/employment__employment_benefits.txt,What factors influence employment benefits for transgender people in employment?,transgender people,minority,Gender Identity,Employment,Employment benefits,transgender_people__employment__employment_benefits
d1a1e7ff99a19c783f27,https://www.hrc.org/resources/transitioning-in-the-workplace-a-guide-for-trans-employees,https://hrc.org/resources/transitioning-in-the-workplace-a-guide-for-trans-employees,6,transgender_people/employment__employment_benefits.txt,What factors influence employment benefits for transgender people in employment?,transgender people,minority,Gender Identity,Employment,Employment benefits,transgender_people__employment__employment_benefits
54a72814d92af3ee2000,https://www.bethetransformationalchange.org/post/do-i-have-to-disclose-that-i-m-transgender-at-work,https://bethetransformationalchange.org/post/do-i-have-to-disclose-that-i-m-transgender-at-work,7,transgender_people/employment__employment_benefits.txt,What factors influence employment benefits for transgender people in employment?,transgender people,minority,Gender Identity,Employment,Employment benefits,transgender_people__employment__employment_benefits
a96affda8ddf8ac4c934,https://www.aclusocal.org/know-your-rights/california-lgbtq-employment-rights/,https://aclusocal.org/know-your-rights/california-lgbtq-employment-rights,8,transgender_people/employment__employment_benefits.txt,What factors influence employment benefits for transgender people in employment?,transgender people,minority,Gender Identity,Employment,Employment benefits,transgender_people__employment__employment_benefits
71b350c38ab91dac3239,https://www.washington.edu/populationhealth/2023/09/25/measuring-the-psychological-impact-of-administrative-burdens-on-transgender-people/,https://washington.edu/populationhealth/2023/09/25/measuring-the-psychological-impact-of-administrative-burdens-on-transgender-people,1,transgender_people/government_benefits__administrative_burden.txt,What factors influence administrative burden for transgender people in government benefits?,transgender people,minority,Gender Identity,Government Benefits,Administrative burden,transgender_people__government_benefits__administrative_burden
54d1a49b59bd181e5258,https://www.acus.gov/document/identifying-and-reducing-burdens-public-administrative-processes,https://acus.gov/document/identifying-and-reducing-burdens-public-administrative-processes,2,transgender_people/government_benefits__administrative_burden.txt,What factors influence administrative burden for transgender people in government benefits?,transgender people,minority,Gender Identity,Government Benefits,Administrative burden,transgender_people__government_benefits__administrative_burden
6143d4b6acb37d5e4091,https://www.rsfjournal.org/content/10/4/84,https://rsfjournal.org/content/10/4/84,3,transgender_people/government_benefits__administrative_burden.txt,What factors influence administrative burden for transgender people in government benefits?,transgender people,minority,Gender Identity,Government Benefits,Administrative burden,transgender_people__government_benefits__administrative_burden
146b551e2988d5513d6b,https://pmc.ncbi.nlm.nih.gov/articles/PMC12628517/,https://pmc.ncbi.nlm.nih.gov/articles/PMC12628517,4,transgender_people/government_benefits__administrative_burden.txt,What factors influence administrative burden for transgender people in government benefits?,transgender people,minority,Gender Identity,Government Benefits,Administrative burden,transgender_people__government_benefits__administrative_burden
9b0c1c329af7645b7194,https://www.americanprogress.org/article/protecting-advancing-health-care-transgender-adult-communities/,https://americanprogress.org/article/protecting-advancing-health-care-transgender-adult-communities,5,transgender_people/government_benefits__administrative_burden.txt,What factors influence administrative burden for transgender people in government benefits?,transgender people,minority,Gender Identity,Government Benefits,Administrative burden,transgender_people__government_benefits__administrative_burden
f4cfc6b9e75871b56192,https://pmc.ncbi.nlm.nih.gov/articles/PMC12893705/,https://pmc.ncbi.nlm.nih.gov/articles/PMC12893705,6,transgender_people/government_benefits__administrative_burden.txt,What factors influence administrative burden for transgender people in government benefits?,transgender people,minority,Gender Identity,Government Benefits,Administrative burden,transgender_people__government_benefits__administrative_burden
5ed31e7ff5a7c16a3487,https://digital.lib.washington.edu/researchworks/items/25637a3d-a818-41e3-bfd2-360bd75099db,https://digital.lib.washington.edu/researchworks/items/25637a3d-a818-41e3-bfd2-360bd75099db,7,transgender_people/government_benefits__administrative_burden.txt,What factors influence administrative burden for transgender people in government benefits?,transgender people,minority,Gender Identity,Government Benefits,Administrative burden,transgender_people__government_benefits__administrative_burden
58c2273d36096f902eb2,https://digitalgovernmenthub.org/wp-content/uploads/2025/12/Racial-and-Ethnic-Differences-in-Experiencing-Administrative-Burd.pdf,https://digitalgovernmenthub.org/wp-content/uploads/2025/12/Racial-and-Ethnic-Differences-in-Experiencing-Administrative-Burd.pdf,8,transgender_people/government_benefits__administrative_burden.txt,What factors influence administrative burden for transgender people in government benefits?,transgender people,minority,Gender Identity,Government Benefits,Administrative burden,transgender_people__government_benefits__administrative_burden
2512d209e8135ffdd345,https://pmc.ncbi.nlm.nih.gov/articles/PMC4802845/,https://pmc.ncbi.nlm.nih.gov/articles/PMC4802845,9,transgender_people/government_benefits__administrative_burden.txt,What factors influence administrative burden for transgender people in government benefits?,transgender people,minority,Gender Identity,Government Benefits,Administrative burden,transgender_people__government_benefits__administrative_burden
c04dcccaa0817e190664,https://pmc.ncbi.nlm.nih.gov/articles/PMC10551757/,https://pmc.ncbi.nlm.nih.gov/articles/PMC10551757,10,transgender_people/government_benefits__administrative_burden.txt,What factors influence administrative burden for transgender people in government benefits?,transgender people,minority,Gender Identity,Government Benefits,Administrative burden,transgender_people__government_benefits__administrative_burden
41d0793c2eea78441f84,https://pmc.ncbi.nlm.nih.gov/articles/PMC9991448/,https://pmc.ncbi.nlm.nih.gov/articles/PMC9991448,1,transgender_people/healthcare__person_centered_care.txt,What factors influence person-centered care for transgender people in healthcare?,transgender people,minority,Gender Identity,Healthcare,Person-centered care,transgender_people__healthcare__person_centered_care
549dd9724f1860e0b3fb,https://pmc.ncbi.nlm.nih.gov/articles/PMC8606364/,https://pmc.ncbi.nlm.nih.gov/articles/PMC8606364,2,transgender_people/healthcare__person_centered_care.txt,What factors influence person-centered care for transgender people in healthcare?,transgender people,minority,Gender Identity,Healthcare,Person-centered care,transgender_people__healthcare__person_centered_care
6bd5dad35050d7b9d836,https://pmc.ncbi.nlm.nih.gov/articles/PMC12312127/,https://pmc.ncbi.nlm.nih.gov/articles/PMC12312127,3,transgender_people/healthcare__person_centered_care.txt,What factors influence person-centered care for transgender people in healthcare?,transgender people,minority,Gender Identity,Healthcare,Person-centered care,transgender_people__healthcare__person_centered_care
544773b9c8ef924ec166,https://publichealth.jhu.edu/2024/study-reveals-significant-barriers-for-tgnc-adults-accessing-healthcare-in-the-us,https://publichealth.jhu.edu/2024/study-reveals-significant-barriers-for-tgnc-adults-accessing-healthcare-in-the-us,4,transgender_people/healthcare__person_centered_care.txt,What factors influence person-centered care for transgender people in healthcare?,transgender people,minority,Gender Identity,Healthcare,Person-centered care,transgender_people__healthcare__person_centered_care
54d0e35f562f1e0fd503,https://www.cdc.gov/std/treatment-guidelines/trans.htm,https://cdc.gov/std/treatment-guidelines/trans.htm,5,transgender_people/healthcare__person_centered_care.txt,What factors influence person-centered care for transgender people in healthcare?,transgender people,minority,Gender Identity,Healthcare,Person-centered care,transgender_people__healthcare__person_centered_care
38d51bf5e12f9041c582,https://www.youtube.com/watch?v=34A6JyhACX0&t=20,https://youtube.com/watch?t=20&v=34A6JyhACX0,6,transgender_people/healthcare__person_centered_care.txt,What factors influence person-centered care for transgender people in healthcare?,transgender people,minority,Gender Identity,Healthcare,Person-centered care,transgender_people__healthcare__person_centered_care
bd97c4dec4c50f1c8b2e,https://pmc.ncbi.nlm.nih.gov/articles/PMC9341318/,https://pmc.ncbi.nlm.nih.gov/articles/PMC9341318,7,transgender_people/healthcare__person_centered_care.txt,What factors influence person-centered care for transgender people in healthcare?,transgender people,minority,Gender Identity,Healthcare,Person-centered care,transgender_people__healthcare__person_centered_care
89020b2b99984124c848,https://www.aafp.org/afp/2018/1201/p645,https://aafp.org/afp/2018/1201/p645,8,transgender_people/healthcare__person_centered_care.txt,What factors influence person-centered care for transgender people in healthcare?,transgender people,minority,Gender Identity,Healthcare,Person-centered care,transgender_people__healthcare__person_centered_care
2512d209e8135ffdd345,https://pmc.ncbi.nlm.nih.gov/articles/PMC4802845/,https://pmc.ncbi.nlm.nih.gov/articles/PMC4802845,9,transgender_people/healthcare__person_centered_care.txt,What factors influence person-centered care for transgender people in healthcare?,transgender people,minority,Gender Identity,Healthcare,Person-centered care,transgender_people__healthcare__person_centered_care
a33f36a497eabe32ac55,https://pmc.ncbi.nlm.nih.gov/articles/PMC11187815/,https://pmc.ncbi.nlm.nih.gov/articles/PMC11187815,10,transgender_people/healthcare__person_centered_care.txt,What factors influence person-centered care for transgender people in healthcare?,transgender people,minority,Gender Identity,Healthcare,Person-centered care,transgender_people__healthcare__person_centered_care
6ad4c47c11e5511d0fe4,https://transequality.org/issues/health-healthcare,https://transequality.org/issues/health-healthcare,11,transgender_people/healthcare__person_centered_care.txt,What factors influence person-centered care for transgender people in healthcare?,transgender people,minority,Gender Identity,Healthcare,Person-centered care,transgender_people__healthcare__person_centered_care
52d557ff6e2c7c507d07,https://pmc.ncbi.nlm.nih.gov/articles/PMC8726680/,https://pmc.ncbi.nlm.nih.gov/articles/PMC8726680,1,transgender_people/housing__neighborhood_quality.txt,What factors influence neighborhood quality for transgender people in housing?,transgender people,minority,Gender Identity,Housing,Neighborhood quality,transgender_people__housing__neighborhood_quality
27dcc110165c384e5a4b,https://www.cdc.gov/mmwr/volumes/73/su/su7301a5.htm,https://cdc.gov/mmwr/volumes/73/su/su7301a5.htm,2,transgender_people/housing__neighborhood_quality.txt,What factors influence neighborhood quality for transgender people in housing?,transgender people,minority,Gender Identity,Housing,Neighborhood quality,transgender_people__housing__neighborhood_quality
f66140be35eacdedb8fc,https://pschousing.org/trans-experiences-of-homelessness-disparities-discrimination-and-solutions/,https://pschousing.org/trans-experiences-of-homelessness-disparities-discrimination-and-solutions,3,transgender_people/housing__neighborhood_quality.txt,What factors influence neighborhood quality for transgender people in housing?,transgender people,minority,Gender Identity,Housing,Neighborhood quality,transgender_people__housing__neighborhood_quality
06233dcc7cf9f0bf09e1,https://archive-housingmatters.urban.org/research-summary/transgender-and-gender-nonconforming-people-experiencing-housing-insecurity-rely/,https://archive-housingmatters.urban.org/research-summary/transgender-and-gender-nonconforming-people-experiencing-housing-insecurity-rely,4,transgender_people/housing__neighborhood_quality.txt,What factors influence neighborhood quality for transgender people in housing?,transgender people,minority,Gender Identity,Housing,Neighborhood quality,transgender_people__housing__neighborhood_quality
1e8c5843af9460470c3b,https://endhomelessness.org/resources/policy-information/huds-equal-access-rule/,https://endhomelessness.org/resources/policy-information/huds-equal-access-rule,5,transgender_people/housing__neighborhood_quality.txt,What factors influence neighborhood quality for transgender people in housing?,transgender people,minority,Gender Identity,Housing,Neighborhood quality,transgender_people__housing__neighborhood_quality
9859a6c614dec4ad2dde,https://williamsinstitute.law.ucla.edu/publications/lgbt-housing-instability/,https://williamsinstitute.law.ucla.edu/publications/lgbt-housing-instability,6,transgender_people/housing__neighborhood_quality.txt,What factors influence neighborhood quality for transgender people in housing?,transgender people,minority,Gender Identity,Housing,Neighborhood quality,transgender_people__housing__neighborhood_quality
80bcc2329d8ddad43371,https://unitedwayla.org/news/housing-inequality-within-the-lgbtq-community/,https://unitedwayla.org/news/housing-inequality-within-the-lgbtq-community,7,transgender_people/housing__neighborhood_quality.txt,What factors influence neighborhood quality for transgender people in housing?,transgender people,minority,Gender Identity,Housing,Neighborhood quality,transgender_people__housing__neighborhood_quality
96437a65a313b21480cf,https://www.investopedia.com/average-credit-scores-by-race-5214521,https://investopedia.com/average-credit-scores-by-race-5214521,1,white_people/credit_and_financial_services__credit_score.txt,What factors influence credit score for White people in credit & financial services?,White people,majority,Race,Credit & Financial Services,Credit score,white_people__credit_and_financial_services__credit_score
9ebbff37fe07a5b14a24,https://money.usnews.com/credit-cards/articles/how-race-affects-your-credit-score,https://money.usnews.com/credit-cards/articles/how-race-affects-your-credit-score,2,white_people/credit_and_financial_services__credit_score.txt,What factors influence credit score for White people in credit & financial services?,White people,majority,Race,Credit & Financial Services,Credit score,white_people__credit_and_financial_services__credit_score
a2f0ade383c82c4d7b2e,https://nationalfairhousing.org/wp-content/uploads/2017/04/NFHA-credit-scoring-paper-for-Suffolk-NCLC-symposium-submitted-to-Suffolk-Law.pdf,https://nationalfairhousing.org/wp-content/uploads/2017/04/NFHA-credit-scoring-paper-for-Suffolk-NCLC-symposium-submitted-to-Suffolk-Law.pdf,3,white_people/credit_and_financial_services__credit_score.txt,What factors influence credit score for White people in credit & financial services?,White people,majority,Race,Credit & Financial Services,Credit score,white_people__credit_and_financial_services__credit_score
7db7f063d6eb3c15307e,https://www.nclc.org/wp-content/uploads/2016/05/20240227_Issue-Brief_Past-Imperfect.pdf,https://nclc.org/wp-content/uploads/2016/05/20240227_Issue-Brief_Past-Imperfect.pdf,4,white_people/credit_and_financial_services__credit_score.txt,What factors influence credit score for White people in credit & financial services?,White people,majority,Race,Credit & Financial Services,Credit score,white_people__credit_and_financial_services__credit_score
f68fae81696e5183ceac,https://www.wcnc.com/article/life/holidays/black-history-month/investopedia-report-financial-disparities-credit-scores-black-hispanic-native-communities/275-4f317033-2a1d-459a-b38c-1e9e43860e1e,https://wcnc.com/article/life/holidays/black-history-month/investopedia-report-financial-disparities-credit-scores-black-hispanic-native-communities/275-4f317033-2a1d-459a-b38c-1e9e43860e1e,5,white_people/credit_and_financial_services__credit_score.txt,What factors influence credit score for White people in credit & financial services?,White people,majority,Race,Credit & Financial Services,Credit score,white_people__credit_and_financial_services__credit_score
6cf074b5d55000c1fb4c,https://opportunityinsights.org/paper/creditaccess/,https://opportunityinsights.org/paper/creditaccess,6,white_people/credit_and_financial_services__credit_score.txt,What factors influence credit score for White people in credit & financial services?,White people,majority,Race,Credit & Financial Services,Credit score,white_people__credit_and_financial_services__credit_score
b7501cb300491e9a3461,https://www.prisonpolicy.org/blog/2024/12/19/policing_survey_2022/,https://prisonpolicy.org/blog/2024/12/19/policing_survey_2022,1,white_people/criminal_justice__police_initiated_contact.txt,What factors influence police-initiated contact for White people in criminal justice?,White people,majority,Race,Criminal Justice,Police-initiated contact,white_people__criminal_justice__police_initiated_contact
a304fb79faec4e668ddf,https://counciloncj.org/policing-by-the-numbers/,https://counciloncj.org/policing-by-the-numbers,2,white_people/criminal_justice__police_initiated_contact.txt,What factors influence police-initiated contact for White people in criminal justice?,White people,majority,Race,Criminal Justice,Police-initiated contact,white_people__criminal_justice__police_initiated_contact
464822a6ede2214e36e6,https://bjs.ojp.gov/content/pub/pdf/cbpp18st.pdf,https://bjs.ojp.gov/content/pub/pdf/cbpp18st.pdf,3,white_people/criminal_justice__police_initiated_contact.txt,What factors influence police-initiated contact for White people in criminal justice?,White people,majority,Race,Criminal Justice,Police-initiated contact,white_people__criminal_justice__police_initiated_contact
c0e93a457b5e58b3fe32,https://home.treasury.gov/news/featured-stories/post-5-racial-differences-in-educational-experiences-and-attainment,https://home.treasury.gov/news/featured-stories/post-5-racial-differences-in-educational-experiences-and-attainment,1,white_people/education__completion_graduation.txt,What factors influence completion/graduation for White people in education?,White people,majority,Race,Education,Completion/graduation,white_people__education__completion_graduation
6942a0dd184d3fcee471,https://www.equityinhighered.org/resources/ideas-and-insights/segregation-in-higher-education-and-unequal-paths-to-college-completion-implications-for-policy-and-research/,https://equityinhighered.org/resources/ideas-and-insights/segregation-in-higher-education-and-unequal-paths-to-college-completion-implications-for-policy-and-research,2,white_people/education__completion_graduation.txt,What factors influence completion/graduation for White people in education?,White people,majority,Race,Education,Completion/graduation,white_people__education__completion_graduation
05240f2d1874b107df51,https://ifstudies.org/blog/the-college-completion-gap-and-how-to-close-it,https://ifstudies.org/blog/the-college-completion-gap-and-how-to-close-it,3,white_people/education__completion_graduation.txt,What factors influence completion/graduation for White people in education?,White people,majority,Race,Education,Completion/graduation,white_people__education__completion_graduation
13d6cf4b07f62ebe6b53,https://www.pewresearch.org/short-reads/2021/11/08/whats-behind-the-growing-gap-between-men-and-women-in-college-completion/,https://pewresearch.org/short-reads/2021/11/08/whats-behind-the-growing-gap-between-men-and-women-in-college-completion,4,white_people/education__completion_graduation.txt,What factors influence completion/graduation for White people in education?,White people,majority,Race,Education,Completion/graduation,white_people__education__completion_graduation
cbb0267eb9753dcdff9f,https://fordhaminstitute.org/national/commentary/modeling-education-trends-race-and-gender-college-graduation,https://fordhaminstitute.org/national/commentary/modeling-education-trends-race-and-gender-college-graduation,5,white_people/education__completion_graduation.txt,What factors influence completion/graduation for White people in education?,White people,majority,Race,Education,Completion/graduation,white_people__education__completion_graduation
e77d7b1d4280d6cac276,https://www.americanprogress.org/article/neglected-college-race-gap-racial-disparities-among-college-completers/,https://americanprogress.org/article/neglected-college-race-gap-racial-disparities-among-college-completers,6,white_people/education__completion_graduation.txt,What factors influence completion/graduation for White people in education?,White people,majority,Race,Education,Completion/graduation,white_people__education__completion_graduation
65cbf1ed6ccc02225bc4,https://nscresearchcenter.org/signaturereport12-supplement-2/,https://nscresearchcenter.org/signaturereport12-supplement-2,7,white_people/education__completion_graduation.txt,What factors influence completion/graduation for White people in education?,White people,majority,Race,Education,Completion/graduation,white_people__education__completion_graduation
8275cd95a7d4384ff509,https://www.nelp.org/insights-research/desegregating-opportunity-why-uprooting-occupational-segregation-is-critical-to-building-a-good-jobs-economy/,https://nelp.org/insights-research/desegregating-opportunity-why-uprooting-occupational-segregation-is-critical-to-building-a-good-jobs-economy,1,white_people/employment__employment_benefits.txt,What factors influence employment benefits for White people in employment?,White people,majority,Race,Employment,Employment benefits,white_people__employment__employment_benefits
22ab20355e00520e497f,https://cew.georgetown.edu/cew-reports/raceandgoodjobs/,https://cew.georgetown.edu/cew-reports/raceandgoodjobs,2,white_people/employment__employment_benefits.txt,What factors influence employment benefits for White people in employment?,White people,majority,Race,Employment,Employment benefits,white_people__employment__employment_benefits
b9ef8dfbabd214f67ca3,https://www.asanet.org/wp-content/uploads/savvy/images/research/docs/pdf/RaceEthnicity_LaborMarket.pdf,https://asanet.org/wp-content/uploads/savvy/images/research/docs/pdf/RaceEthnicity_LaborMarket.pdf,3,white_people/employment__employment_benefits.txt,What factors influence employment benefits for White people in employment?,White people,majority,Race,Employment,Employment benefits,white_people__employment__employment_benefits
ae435f9bd206c60a93d8,https://home.treasury.gov/system/files/226/EP-WP-2024-05.pdf,https://home.treasury.gov/system/files/226/EP-WP-2024-05.pdf,4,white_people/employment__employment_benefits.txt,What factors influence employment benefits for White people in employment?,White people,majority,Race,Employment,Employment benefits,white_people__employment__employment_benefits
a440ac1996fbeabd926c,https://openscholarship.wustl.edu/cgi/viewcontent.cgi?article=1978&context=csd_research,https://openscholarship.wustl.edu/cgi/viewcontent.cgi?article=1978&context=csd_research,1,white_people/government_benefits__administrative_burden.txt,What factors influence administrative burden for White people in government benefits?,White people,majority,Race,Government Benefits,Administrative burden,white_people__government_benefits__administrative_burden
07f365dab35a937791bf,https://digitalgovernmenthub.org/library/racial-and-ethnic-differences-in-experiencing-administrative-burdens-in-public-benefit-programs/,https://digitalgovernmenthub.org/library/racial-and-ethnic-differences-in-experiencing-administrative-burdens-in-public-benefit-programs,2,white_people/government_benefits__administrative_burden.txt,What factors influence administrative burden for White people in government benefits?,White people,majority,Race,Government Benefits,Administrative burden,white_people__government_benefits__administrative_burden
5f250bd6cecd12f45831,https://www.americanprogress.org/article/how-to-address-the-administrative-burdens-of-accessing-the-safety-net/,https://americanprogress.org/article/how-to-address-the-administrative-burdens-of-accessing-the-safety-net,3,white_people/government_benefits__administrative_burden.txt,What factors influence administrative burden for White people in government benefits?,White people,majority,Race,Government Benefits,Administrative burden,white_people__government_benefits__administrative_burden
ac3eeb580aa80a940d14,https://www.cbpp.org/research/health/states-can-reduce-medicaids-administrative-burdens-to-advance-health-and-racial,https://cbpp.org/research/health/states-can-reduce-medicaids-administrative-burdens-to-advance-health-and-racial,4,white_people/government_benefits__administrative_burden.txt,What factors influence administrative burden for White people in government benefits?,White people,majority,Race,Government Benefits,Administrative burden,white_people__government_benefits__administrative_burden
d36592de8a93c54e4d51,https://www.clasp.org/blog/administrative-burdens-exacerbate-inequities-and-must-be-reduced/,https://clasp.org/blog/administrative-burdens-exacerbate-inequities-and-must-be-reduced,5,white_people/government_benefits__administrative_burden.txt,What factors influence administrative burden for White people in government benefits?,White people,majority,Race,Government Benefits,Administrative burden,white_people__government_benefits__administrative_burden
aef6a700b378fbe0fdc3,https://pmc.ncbi.nlm.nih.gov/articles/PMC5538350/,https://pmc.ncbi.nlm.nih.gov/articles/PMC5538350,1,white_people/healthcare__person_centered_care.txt,What factors influence person-centered care for White people in healthcare?,White people,majority,Race,Healthcare,Person-centered care,white_people__healthcare__person_centered_care
f7efb5a43d7337fe5a2f,https://pmc.ncbi.nlm.nih.gov/articles/PMC9117574/,https://pmc.ncbi.nlm.nih.gov/articles/PMC9117574,2,white_people/healthcare__person_centered_care.txt,What factors influence person-centered care for White people in healthcare?,White people,majority,Race,Healthcare,Person-centered care,white_people__healthcare__person_centered_care
8bfe2a24b5b1bbe4b92d,https://www.nature.com/articles/s41598-025-97536-9,https://nature.com/articles/s41598-025-97536-9,3,white_people/healthcare__person_centered_care.txt,What factors influence person-centered care for White people in healthcare?,White people,majority,Race,Healthcare,Person-centered care,white_people__healthcare__person_centered_care
54e4a9260563da617471,https://pmc.ncbi.nlm.nih.gov/articles/PMC11155005/,https://pmc.ncbi.nlm.nih.gov/articles/PMC11155005,4,white_people/healthcare__person_centered_care.txt,What factors influence person-centered care for White people in healthcare?,White people,majority,Race,Healthcare,Person-centered care,white_people__healthcare__person_centered_care
1cdfa4004dd056804913,https://pmc.ncbi.nlm.nih.gov/articles/PMC1494785/,https://pmc.ncbi.nlm.nih.gov/articles/PMC1494785,5,white_people/healthcare__person_centered_care.txt,What factors influence person-centered care for White people in healthcare?,White people,majority,Race,Healthcare,Person-centered care,white_people__healthcare__person_centered_care
5cab8ec7438d4264c66d,https://www.ncbi.nlm.nih.gov/books/NBK24693/,https://ncbi.nlm.nih.gov/books/NBK24693,6,white_people/healthcare__person_centered_care.txt,What factors influence person-centered care for White people in healthcare?,White people,majority,Race,Healthcare,Person-centered care,white_people__healthcare__person_centered_care
9139bb9661ebaa030c0a,https://pmc.ncbi.nlm.nih.gov/articles/PMC3704191/,https://pmc.ncbi.nlm.nih.gov/articles/PMC3704191,1,white_people/housing__neighborhood_quality.txt,What factors influence neighborhood quality for White people in housing?,White people,majority,Race,Housing,Neighborhood quality,white_people__housing__neighborhood_quality
844c97f138fc41689c03,https://kinder.rice.edu/urbanedge/residential-segregation-rewards-whites-while-punishing-people-color,https://kinder.rice.edu/urbanedge/residential-segregation-rewards-whites-while-punishing-people-color,2,white_people/housing__neighborhood_quality.txt,What factors influence neighborhood quality for White people in housing?,White people,majority,Race,Housing,Neighborhood quality,white_people__housing__neighborhood_quality
46e1c1f6a7b30333a1e3,https://pmc.ncbi.nlm.nih.gov/articles/PMC9856713/,https://pmc.ncbi.nlm.nih.gov/articles/PMC9856713,3,white_people/housing__neighborhood_quality.txt,What factors influence neighborhood quality for White people in housing?,White people,majority,Race,Housing,Neighborhood quality,white_people__housing__neighborhood_quality
8bbad1384dc90c0d11a3,https://www.bu.edu/sph/news/articles/2023/across-the-us-white-neighborhoods-have-more-greenery-fewer-dilapidated-buildings-fewer-multi-family-homes/,https://bu.edu/sph/news/articles/2023/across-the-us-white-neighborhoods-have-more-greenery-fewer-dilapidated-buildings-fewer-multi-family-homes,4,white_people/housing__neighborhood_quality.txt,What factors influence neighborhood quality for White people in housing?,White people,majority,Race,Housing,Neighborhood quality,white_people__housing__neighborhood_quality
558b43650331b41f126e,https://www.federalreserve.gov/econres/notes/feds-notes/gender-related-differences-in-credit-use-and-credit-scores-20180622.html,https://federalreserve.gov/econres/notes/feds-notes/gender-related-differences-in-credit-use-and-credit-scores-20180622.html,1,women/credit_and_financial_services__credit_score.txt,What factors influence credit score for Women in credit & financial services?,Women,minority,Gender,Credit & Financial Services,Credit score,women__credit_and_financial_services__credit_score
53bd55aa7ffd1e320a01,https://www.experian.com/blogs/ask-experian/credit-education/score-basics/understanding-credit-scores/,https://experian.com/blogs/ask-experian/credit-education/score-basics/understanding-credit-scores,2,women/credit_and_financial_services__credit_score.txt,What factors influence credit score for Women in credit & financial services?,Women,minority,Gender,Credit & Financial Services,Credit score,women__credit_and_financial_services__credit_score
3859218a0f5cec078901,https://www.nbcnews.com/know-your-value/being-woman-hurts-your-credit-score-here-s-what-you-n948141,https://nbcnews.com/know-your-value/being-woman-hurts-your-credit-score-here-s-what-you-n948141,3,women/credit_and_financial_services__credit_score.txt,What factors influence credit score for Women in credit & financial services?,Women,minority,Gender,Credit & Financial Services,Credit score,women__credit_and_financial_services__credit_score
c4e24e6347b9aa5690d9,https://providentcu.org/blog/news/5-key-factors-that-impact-your-credit-score,https://providentcu.org/blog/news/5-key-factors-that-impact-your-credit-score,4,women/credit_and_financial_services__credit_score.txt,What factors influence credit score for Women in credit & financial services?,Women,minority,Gender,Credit & Financial Services,Credit score,women__credit_and_financial_services__credit_score
6f898772d594f3db32a5,https://www.bannerbank.com/financial-resources/blog/five-things-that-make-up-your-credit-score,https://bannerbank.com/financial-resources/blog/five-things-that-make-up-your-credit-score,5,women/credit_and_financial_services__credit_score.txt,What factors influence credit score for Women in credit & financial services?,Women,minority,Gender,Credit & Financial Services,Credit score,women__credit_and_financial_services__credit_score
e30d3062e0bbbfdecd26,https://www.experian.com/blogs/ask-experian/women-and-credit/,https://experian.com/blogs/ask-experian/women-and-credit,6,women/credit_and_financial_services__credit_score.txt,What factors influence credit score for Women in credit & financial services?,Women,minority,Gender,Credit & Financial Services,Credit score,women__credit_and_financial_services__credit_score
16780406588b3c1eea14,https://www.ms.now/know-your-value/being-woman-hurts-your-credit-score-here-s-what-you-n948141,https://ms.now/know-your-value/being-woman-hurts-your-credit-score-here-s-what-you-n948141,7,women/credit_and_financial_services__credit_score.txt,What factors influence credit score for Women in credit & financial services?,Women,minority,Gender,Credit & Financial Services,Credit score,women__credit_and_financial_services__credit_score
7a9b5bb2b2c223639a94,https://www.sciencedirect.com/science/article/pii/S2214635025000620,https://sciencedirect.com/science/article/pii/S2214635025000620,8,women/credit_and_financial_services__credit_score.txt,What factors influence credit score for Women in credit & financial services?,Women,minority,Gender,Credit & Financial Services,Credit score,women__credit_and_financial_services__credit_score
a24fbba165190ade9ba5,https://cuofga.org/the-5-factors-that-affect-your-credit-score-and-simple-ways-to-boost-them/,https://cuofga.org/the-5-factors-that-affect-your-credit-score-and-simple-ways-to-boost-them,9,women/credit_and_financial_services__credit_score.txt,What factors influence credit score for Women in credit & financial services?,Women,minority,Gender,Credit & Financial Services,Credit score,women__credit_and_financial_services__credit_score
58425b2cdafc73f78093,https://www.experian.com/blogs/ask-experian/credit-education/score-basics/what-affects-your-credit-scores/,https://experian.com/blogs/ask-experian/credit-education/score-basics/what-affects-your-credit-scores,10,women/credit_and_financial_services__credit_score.txt,What factors influence credit score for Women in credit & financial services?,Women,minority,Gender,Credit & Financial Services,Credit score,women__credit_and_financial_services__credit_score
e98593ff158abb7d736f,https://www.prisonpolicy.org/blog/2019/05/14/policingwomen/,https://prisonpolicy.org/blog/2019/05/14/policingwomen,1,women/criminal_justice__police_initiated_contact.txt,What factors influence police-initiated contact for Women in criminal justice?,Women,minority,Gender,Criminal Justice,Police-initiated contact,women__criminal_justice__police_initiated_contact
591a22cce25ae42996f6,https://counciloncj.org/supporting-women-in-crisis/,https://counciloncj.org/supporting-women-in-crisis,2,women/criminal_justice__police_initiated_contact.txt,What factors influence police-initiated contact for Women in criminal justice?,Women,minority,Gender,Criminal Justice,Police-initiated contact,women__criminal_justice__police_initiated_contact
e2a4e93733aa1a580cc0,https://hruth.org/wp-content/uploads/2021/09/2.-Racial-Disparities-in-Police-Reporting-for-Partner-Violence.pdf,https://hruth.org/wp-content/uploads/2021/09/2.-Racial-Disparities-in-Police-Reporting-for-Partner-Violence.pdf,3,women/criminal_justice__police_initiated_contact.txt,What factors influence police-initiated contact for Women in criminal justice?,Women,minority,Gender,Criminal Justice,Police-initiated contact,women__criminal_justice__police_initiated_contact
9e50b890fa6e5a6b97f2,https://counciloncj.org/womens-justice-a-preliminary-assessment-of-women-in-the-criminal-justice-system/,https://counciloncj.org/womens-justice-a-preliminary-assessment-of-women-in-the-criminal-justice-system,4,women/criminal_justice__police_initiated_contact.txt,What factors influence police-initiated contact for Women in criminal justice?,Women,minority,Gender,Criminal Justice,Police-initiated contact,women__criminal_justice__police_initiated_contact
5af4027c9f3c9d782a3a,https://pmc.ncbi.nlm.nih.gov/articles/PMC13048868/,https://pmc.ncbi.nlm.nih.gov/articles/PMC13048868,5,women/criminal_justice__police_initiated_contact.txt,What factors influence police-initiated contact for Women in criminal justice?,Women,minority,Gender,Criminal Justice,Police-initiated contact,women__criminal_justice__police_initiated_contact
58a05dd4203fd5f9da10,https://academic.oup.com/policing/article-abstract/doi/10.1093/police/paac064/6696869,https://academic.oup.com/policing/article-abstract/doi/10.1093/police/paac064/6696869,6,women/criminal_justice__police_initiated_contact.txt,What factors influence police-initiated contact for Women in criminal justice?,Women,minority,Gender,Criminal Justice,Police-initiated contact,women__criminal_justice__police_initiated_contact
e2725cb212093045b2eb,https://www.forbes.com/sites/michaeltnietzel/2024/08/07/women-continue-to-outpace-men-in-college-enrollment-and-graduation/,https://forbes.com/sites/michaeltnietzel/2024/08/07/women-continue-to-outpace-men-in-college-enrollment-and-graduation,1,women/education__completion_graduation.txt,What factors influence completion/graduation for Women in education?,Women,minority,Gender,Education,Completion/graduation,women__education__completion_graduation
480fa80ea41d6253391e,https://www.pewresearch.org/short-reads/2024/11/18/us-women-are-outpacing-men-in-college-completion-including-in-every-major-racial-and-ethnic-group/,https://pewresearch.org/short-reads/2024/11/18/us-women-are-outpacing-men-in-college-completion-including-in-every-major-racial-and-ethnic-group,2,women/education__completion_graduation.txt,What factors influence completion/graduation for Women in education?,Women,minority,Gender,Education,Completion/graduation,women__education__completion_graduation
13d6cf4b07f62ebe6b53,https://www.pewresearch.org/short-reads/2021/11/08/whats-behind-the-growing-gap-between-men-and-women-in-college-completion/,https://pewresearch.org/short-reads/2021/11/08/whats-behind-the-growing-gap-between-men-and-women-in-college-completion,3,women/education__completion_graduation.txt,What factors influence completion/graduation for Women in education?,Women,minority,Gender,Education,Completion/graduation,women__education__completion_graduation
41d49c45766265acd45b,https://www.bestcolleges.com/research/women-in-higher-education-facts-statistics/,https://bestcolleges.com/research/women-in-higher-education-facts-statistics,4,women/education__completion_graduation.txt,What factors influence completion/graduation for Women in education?,Women,minority,Gender,Education,Completion/graduation,women__education__completion_graduation
dfb2ad437357781c8ab7,https://www.minneapolisfed.org/research/institute-working-papers/what-explains-the-growing-gender-education-gap-the-effects-of-parental-background-the-labor-market-and-the-marriage-market-on-college-attainment,https://minneapolisfed.org/research/institute-working-papers/what-explains-the-growing-gender-education-gap-the-effects-of-parental-background-the-labor-market-and-the-marriage-market-on-college-attainment,5,women/education__completion_graduation.txt,What factors influence completion/graduation for Women in education?,Women,minority,Gender,Education,Completion/graduation,women__education__completion_graduation
d5ee37fe532b36f64d5d,https://pmc.ncbi.nlm.nih.gov/articles/PMC7842519/,https://pmc.ncbi.nlm.nih.gov/articles/PMC7842519,6,women/education__completion_graduation.txt,What factors influence completion/graduation for Women in education?,Women,minority,Gender,Education,Completion/graduation,women__education__completion_graduation
b415088048ed1e20f604,https://www.psichi.org/page/284EyeFactors-That-Lead-to-Higher-Graduation-Rates-and-Less-Drop-Out,https://psichi.org/page/284EyeFactors-That-Lead-to-Higher-Graduation-Rates-and-Less-Drop-Out,7,women/education__completion_graduation.txt,What factors influence completion/graduation for Women in education?,Women,minority,Gender,Education,Completion/graduation,women__education__completion_graduation
c2af70405d67f4d5d4ef,https://www.higheredtoday.org/2024/05/20/understanding-the-factors-behind-college-completion/,https://higheredtoday.org/2024/05/20/understanding-the-factors-behind-college-completion,8,women/education__completion_graduation.txt,What factors influence completion/graduation for Women in education?,Women,minority,Gender,Education,Completion/graduation,women__education__completion_graduation
e7f5f9ed8a6040ce4680,https://www.dol.gov/agencies/ebsa/about-ebsa/our-activities/resource-center/fact-sheets/women-and-job-based-health,https://dol.gov/agencies/ebsa/about-ebsa/our-activities/resource-center/fact-sheets/women-and-job-based-health,1,women/employment__employment_benefits.txt,What factors influence employment benefits for Women in employment?,Women,minority,Gender,Employment,Employment benefits,women__employment__employment_benefits
7f6f63a7fd0bac92dc34,https://business.bofa.com/en-us/content/workplace-benefits/employee-benefits-resources/supporting-women-in-the-workplace.html,https://business.bofa.com/en-us/content/workplace-benefits/employee-benefits-resources/supporting-women-in-the-workplace.html,2,women/employment__employment_benefits.txt,What factors influence employment benefits for Women in employment?,Women,minority,Gender,Employment,Employment benefits,women__employment__employment_benefits
8e6c2cd3b81598fb6dbd,https://www.linkedin.com/pulse/attracting-women-workforce-why-female-specific-benefits-anna-oakes-l2bbc,https://linkedin.com/pulse/attracting-women-workforce-why-female-specific-benefits-anna-oakes-l2bbc,3,women/employment__employment_benefits.txt,What factors influence employment benefits for Women in employment?,Women,minority,Gender,Employment,Employment benefits,women__employment__employment_benefits
f53320465542eab2a445,https://www.healthriskgroupbenefits.ca/blogs/what-women-seek-in-their-employee-benefits-plan/,https://healthriskgroupbenefits.ca/blogs/what-women-seek-in-their-employee-benefits-plan,4,women/employment__employment_benefits.txt,What factors influence employment benefits for Women in employment?,Women,minority,Gender,Employment,Employment benefits,women__employment__employment_benefits
a76107dc1b217ea3bd60,https://blog.nisbenefits.com/womens-health-trends-influencing-employee-benefits,https://blog.nisbenefits.com/womens-health-trends-influencing-employee-benefits,5,women/employment__employment_benefits.txt,What factors influence employment benefits for Women in employment?,Women,minority,Gender,Employment,Employment benefits,women__employment__employment_benefits
b4a400196af6ca42a5fd,https://www.thanksben.com/blog/employee-benefits-that-accelerate-gender-equality-in-the-workplace,https://thanksben.com/blog/employee-benefits-that-accelerate-gender-equality-in-the-workplace,6,women/employment__employment_benefits.txt,What factors influence employment benefits for Women in employment?,Women,minority,Gender,Employment,Employment benefits,women__employment__employment_benefits
ba17f6d82a81ab15de2a,https://www.ccl.org/articles/leading-effectively-articles/7-reasons-want-women-workplace/,https://ccl.org/articles/leading-effectively-articles/7-reasons-want-women-workplace,7,women/employment__employment_benefits.txt,What factors influence employment benefits for Women in employment?,Women,minority,Gender,Employment,Employment benefits,women__employment__employment_benefits
fe7a28e1ae0c74afa59b,https://www.rsfjournal.org/content/9/5/1,https://rsfjournal.org/content/9/5/1,1,women/government_benefits__administrative_burden.txt,What factors influence administrative burden for Women in government benefits?,Women,minority,Gender,Government Benefits,Administrative burden,women__government_benefits__administrative_burden
fc8c9247d7358519d94c,https://debtekawa.com/administrative-burden-the-womans-work/,https://debtekawa.com/administrative-burden-the-womans-work,2,women/government_benefits__administrative_burden.txt,What factors influence administrative burden for Women in government benefits?,Women,minority,Gender,Government Benefits,Administrative burden,women__government_benefits__administrative_burden
e1d2314af1b2c124b1db,https://pmc.ncbi.nlm.nih.gov/articles/PMC8522562/,https://pmc.ncbi.nlm.nih.gov/articles/PMC8522562,3,women/government_benefits__administrative_burden.txt,What factors influence administrative burden for Women in government benefits?,Women,minority,Gender,Government Benefits,Administrative burden,women__government_benefits__administrative_burden
5f250bd6cecd12f45831,https://www.americanprogress.org/article/how-to-address-the-administrative-burdens-of-accessing-the-safety-net/,https://americanprogress.org/article/how-to-address-the-administrative-burdens-of-accessing-the-safety-net,4,women/government_benefits__administrative_burden.txt,What factors influence administrative burden for Women in government benefits?,Women,minority,Gender,Government Benefits,Administrative burden,women__government_benefits__administrative_burden
22594988258ac1781dd7,https://academic.oup.com/jpart/article/36/2/145/8445902,https://academic.oup.com/jpart/article/36/2/145/8445902,5,women/government_benefits__administrative_burden.txt,What factors influence administrative burden for Women in government benefits?,Women,minority,Gender,Government Benefits,Administrative burden,women__government_benefits__administrative_burden
6143d4b6acb37d5e4091,https://www.rsfjournal.org/content/10/4/84,https://rsfjournal.org/content/10/4/84,6,women/government_benefits__administrative_burden.txt,What factors influence administrative burden for Women in government benefits?,Women,minority,Gender,Government Benefits,Administrative burden,women__government_benefits__administrative_burden
ce82e9c36714876a1863,https://academic.oup.com/jpart/article/35/3/352/8123660?rss=1,https://academic.oup.com/jpart/article/35/3/352/8123660?rss=1,7,women/government_benefits__administrative_burden.txt,What factors influence administrative burden for Women in government benefits?,Women,minority,Gender,Government Benefits,Administrative burden,women__government_benefits__administrative_burden
e9123aab8fc77dc6fb16,https://pn3policy.org/blog/administrative-burden-blog/,https://pn3policy.org/blog/administrative-burden-blog,8,women/government_benefits__administrative_burden.txt,What factors influence administrative burden for Women in government benefits?,Women,minority,Gender,Government Benefits,Administrative burden,women__government_benefits__administrative_burden
9635a04fc6e1f0807068,https://pmc.ncbi.nlm.nih.gov/articles/PMC6988471/,https://pmc.ncbi.nlm.nih.gov/articles/PMC6988471,9,women/government_benefits__administrative_burden.txt,What factors influence administrative burden for Women in government benefits?,Women,minority,Gender,Government Benefits,Administrative burden,women__government_benefits__administrative_burden
ec7b44c925312f6e6a62,https://www.gao.gov/women-and-gender-public-policy,https://gao.gov/women-and-gender-public-policy,10,women/government_benefits__administrative_burden.txt,What factors influence administrative burden for Women in government benefits?,Women,minority,Gender,Government Benefits,Administrative burden,women__government_benefits__administrative_burden
54d1a49b59bd181e5258,https://www.acus.gov/document/identifying-and-reducing-burdens-public-administrative-processes,https://acus.gov/document/identifying-and-reducing-burdens-public-administrative-processes,11,women/government_benefits__administrative_burden.txt,What factors influence administrative burden for Women in government benefits?,Women,minority,Gender,Government Benefits,Administrative burden,women__government_benefits__administrative_burden
91ca603b4ff9cbb56d2b,https://pubmed.ncbi.nlm.nih.gov/41175735/,https://pubmed.ncbi.nlm.nih.gov/41175735,1,women/healthcare__person_centered_care.txt,What factors influence person-centered care for Women in healthcare?,Women,minority,Gender,Healthcare,Person-centered care,women__healthcare__person_centered_care
7560cfe20e28f58016dd,https://link.springer.com/article/10.1186/s12939-019-1048-5,https://link.springer.com/article/10.1186/s12939-019-1048-5,2,women/healthcare__person_centered_care.txt,What factors influence person-centered care for Women in healthcare?,Women,minority,Gender,Healthcare,Person-centered care,women__healthcare__person_centered_care
bde0f336aa94fcf7edd4,https://pmc.ncbi.nlm.nih.gov/articles/PMC9122412/,https://pmc.ncbi.nlm.nih.gov/articles/PMC9122412,3,women/healthcare__person_centered_care.txt,What factors influence person-centered care for Women in healthcare?,Women,minority,Gender,Healthcare,Person-centered care,women__healthcare__person_centered_care
5b4d778f30d8ffd18f3f,https://pmc.ncbi.nlm.nih.gov/articles/PMC12243450/,https://pmc.ncbi.nlm.nih.gov/articles/PMC12243450,4,women/healthcare__person_centered_care.txt,What factors influence person-centered care for Women in healthcare?,Women,minority,Gender,Healthcare,Person-centered care,women__healthcare__person_centered_care
3e65cbe55886530f333e,https://pmc.ncbi.nlm.nih.gov/articles/PMC10440084/,https://pmc.ncbi.nlm.nih.gov/articles/PMC10440084,5,women/healthcare__person_centered_care.txt,What factors influence person-centered care for Women in healthcare?,Women,minority,Gender,Healthcare,Person-centered care,women__healthcare__person_centered_care
0207c02bef0c4a78ff7d,https://www.ebsco.com/research-starters/womens-studies-and-feminism/woman-centered-care/,https://ebsco.com/research-starters/womens-studies-and-feminism/woman-centered-care,6,women/healthcare__person_centered_care.txt,What factors influence person-centered care for Women in healthcare?,Women,minority,Gender,Healthcare,Person-centered care,women__healthcare__person_centered_care
9cf59d5de9f66b6206d7,https://pmc.ncbi.nlm.nih.gov/articles/PMC6902460/,https://pmc.ncbi.nlm.nih.gov/articles/PMC6902460,7,women/healthcare__person_centered_care.txt,What factors influence person-centered care for Women in healthcare?,Women,minority,Gender,Healthcare,Person-centered care,women__healthcare__person_centered_care
e5f4b1585235b0af18ff,https://www.sciencedirect.com/science/article/pii/S0738399120300616,https://sciencedirect.com/science/article/pii/S0738399120300616,8,women/healthcare__person_centered_care.txt,What factors influence person-centered care for Women in healthcare?,Women,minority,Gender,Healthcare,Person-centered care,women__healthcare__person_centered_care
86d2f70640dffcf68b3e,https://www.sciencedirect.com/science/article/pii/S026661382400038X,https://sciencedirect.com/science/article/pii/S026661382400038X,9,women/healthcare__person_centered_care.txt,What factors influence person-centered care for Women in healthcare?,Women,minority,Gender,Healthcare,Person-centered care,women__healthcare__person_centered_care
0ff41840918eb3b01759,https://www.cms.gov/priorities/innovation/key-concepts/person-centered-care,https://cms.gov/priorities/innovation/key-concepts/person-centered-care,10,women/healthcare__person_centered_care.txt,What factors influence person-centered care for Women in healthcare?,Women,minority,Gender,Healthcare,Person-centered care,women__healthcare__person_centered_care
06a6935a472c11accc20,https://www.valueinhealthjournal.com/article/S1098-3015%2820%2932103-3/fulltext,https://valueinhealthjournal.com/article/S1098-3015%2820%2932103-3/fulltext,11,women/healthcare__person_centered_care.txt,What factors influence person-centered care for Women in healthcare?,Women,minority,Gender,Healthcare,Person-centered care,women__healthcare__person_centered_care
088117956d66b5af3943,https://pmc.ncbi.nlm.nih.gov/articles/PMC12071379/,https://pmc.ncbi.nlm.nih.gov/articles/PMC12071379,12,women/healthcare__person_centered_care.txt,What factors influence person-centered care for Women in healthcare?,Women,minority,Gender,Healthcare,Person-centered care,women__healthcare__person_centered_care
ed35b334eb99b55ee98b,https://pmc.ncbi.nlm.nih.gov/articles/PMC11340964/,https://pmc.ncbi.nlm.nih.gov/articles/PMC11340964,13,women/healthcare__person_centered_care.txt,What factors influence person-centered care for Women in healthcare?,Women,minority,Gender,Healthcare,Person-centered care,women__healthcare__person_centered_care
7a094ea2db7dafde7764,https://pmc.ncbi.nlm.nih.gov/articles/PMC5528866/,https://pmc.ncbi.nlm.nih.gov/articles/PMC5528866,1,women/housing__neighborhood_quality.txt,What factors influence neighborhood quality for Women in housing?,Women,minority,Gender,Housing,Neighborhood quality,women__housing__neighborhood_quality
79959e76c44c16a7c2ec,https://genderedinnovations.stanford.edu/case-studies/urban.html,https://genderedinnovations.stanford.edu/case-studies/urban.html,2,women/housing__neighborhood_quality.txt,What factors influence neighborhood quality for Women in housing?,Women,minority,Gender,Housing,Neighborhood quality,women__housing__neighborhood_quality
b323f31ce787bfe014ee,https://pmc.ncbi.nlm.nih.gov/articles/PMC9103323/,https://pmc.ncbi.nlm.nih.gov/articles/PMC9103323,3,women/housing__neighborhood_quality.txt,What factors influence neighborhood quality for Women in housing?,Women,minority,Gender,Housing,Neighborhood quality,women__housing__neighborhood_quality
9f40d7942e97763d9bea,https://pmc.ncbi.nlm.nih.gov/articles/PMC7552981/,https://pmc.ncbi.nlm.nih.gov/articles/PMC7552981,4,women/housing__neighborhood_quality.txt,What factors influence neighborhood quality for Women in housing?,Women,minority,Gender,Housing,Neighborhood quality,women__housing__neighborhood_quality
23e548a3cc407e1b67e9,https://www.nature.com/articles/s41598-025-22353-z,https://nature.com/articles/s41598-025-22353-z,5,women/housing__neighborhood_quality.txt,What factors influence neighborhood quality for Women in housing?,Women,minority,Gender,Housing,Neighborhood quality,women__housing__neighborhood_quality
be825617309bb8283d04,https://www.nlc.org/article/2023/03/21/housing-for-women-female-headed-households/,https://nlc.org/article/2023/03/21/housing-for-women-female-headed-households,6,women/housing__neighborhood_quality.txt,What factors influence neighborhood quality for Women in housing?,Women,minority,Gender,Housing,Neighborhood quality,women__housing__neighborhood_quality
1f4014adae6630be5014,https://www.habitat.org/sites/default/files/documents/Improving-Quality-Life-Across-Neighborhoods-Report.pdf,https://habitat.org/sites/default/files/documents/Improving-Quality-Life-Across-Neighborhoods-Report.pdf,7,women/housing__neighborhood_quality.txt,What factors influence neighborhood quality for Women in housing?,Women,minority,Gender,Housing,Neighborhood quality,women__housing__neighborhood_quality
928cd3420df695414cfb,https://pmc.ncbi.nlm.nih.gov/articles/PMC2822409/,https://pmc.ncbi.nlm.nih.gov/articles/PMC2822409,8,women/housing__neighborhood_quality.txt,What factors influence neighborhood quality for Women in housing?,Women,minority,Gender,Housing,Neighborhood quality,women__housing__neighborhood_quality
5d7f614a77d2fe5c1529,https://publichealth.jhu.edu/2025/new-insights-into-connection-between-housing-quality-and-population-health,https://publichealth.jhu.edu/2025/new-insights-into-connection-between-housing-quality-and-population-health,9,women/housing__neighborhood_quality.txt,What factors influence neighborhood quality for Women in housing?,Women,minority,Gender,Housing,Neighborhood quality,women__housing__neighborhood_quality
c06c5e713ff4479379d2,https://www.sciencedirect.com/science/article/abs/pii/S026427512300272X,https://sciencedirect.com/science/article/abs/pii/S026427512300272X,10,women/housing__neighborhood_quality.txt,What factors influence neighborhood quality for Women in housing?,Women,minority,Gender,Housing,Neighborhood quality,women__housing__neighborhood_quality
