source_id,normalized_url,fetch_timestamp_utc,registrable_domain,success,status,http_status,final_url,downloaded_bytes,extraction_status,text_chars,text_words,content_kind,content_type,page_title,page_author,page_date,site_name,canonical_url,curl_returncode,text_filename,text_sha256
000f8ac50fe9744330fb,https://mckinsey.com/featured-insights/diversity-and-inclusion/being-transgender-at-work,2026-10-04T02:32:26.163821+00:00,mckinsey.com,False,curl_error,0.0,https://mckinsey.com/featured-insights/diversity-and-inclusion/being-transgender-at-work,,not_extracted,0,0,,,,,,,,60.0,,
004f51a8d161449532a6,https://pmc.ncbi.nlm.nih.gov/articles/PMC11044716,2026-10-04T02:32:26.164418+00:00,nih.gov,True,downloaded,200.0,https://pmc.ncbi.nlm.nih.gov/articles/PMC11044716/,202378.0,success,50880,7539,html,text/html; charset=utf-8,A comparison of chronic conditions between transgender and cisgender individuals with recent incarceration and in the community in a United States county,John Will; Kristin Walsh; Jules Chyten-Brennan,2023-11-14,International Journal of Transgender Health,https://pmc.ncbi.nlm.nih.gov/articles/PMC11044716/,0.0,004f51a8d161449532a6.txt,816eb58f334f4a538079ac553ccf6b9836eae4790092119474989240e39478a9
0069690cbf7616bae686,https://naacp.org/resources/affirmative-action-education-matters,2026-10-04T02:32:26.165027+00:00,naacp.org,True,downloaded,200.0,https://naacp.org/resources/affirmative-action-education-matters,131980.0,success,2774,414,html,text/html; charset=utf-8,"Affirmative Action in Education Matters for Equity, Opportunity, and the Nation’s Progress",,2023-06-29,NAACP,https://naacp.org/resources/affirmative-action-education-matters,0.0,0069690cbf7616bae686.txt,d3b41081f159d9d16d7f157832679dce09f3d08ca4ffad7b38dc49c607ad5b1e
006e7f06cb87878206de,https://weforum.org/stories/2015/08/why-lgbti-people-face-barriers-to-education-and-employment,2026-10-04T02:32:26.165366+00:00,weforum.org,False,http_error,403.0,https://www.weforum.org:443/stories/2015/08/why-lgbti-people-face-barriers-to-education-and-employment,485.0,not_extracted,0,0,,text/html,,,,,,0.0,,
0083125adb5af11831f3,https://americanprogress.org/article/understanding-policing-black-disabled-bodies,2026-10-04T02:32:26.165697+00:00,americanprogress.org,False,http_error,403.0,https://www.americanprogress.org/article/understanding-policing-black-disabled-bodies,5806.0,not_extracted,0,0,,text/html; charset=UTF-8,,,,,,0.0,,
0088a7400c6412a3a602,https://penalreform.org/issues/women/key-facts,2026-10-04T02:32:26.166132+00:00,penalreform.org,False,curl_error,0.0,https://penalreform.org/issues/women/key-facts,,not_extracted,0,0,,,,,,,,35.0,,
00cd8bf9b831c3df6bca,https://lulac.org/advocacy/issues/criminal_justice_reform,2026-10-04T02:32:26.166435+00:00,lulac.org,False,http_error,403.0,https://lulac.org/advocacy/issues/criminal_justice_reform,118.0,not_extracted,0,0,,text/html,,,,,,0.0,,
00d2e70f80bb40cec88c,https://advocacysnt.org/articles/avoiding-benefits-trap-special-needs-planning,2026-10-04T02:32:26.166918+00:00,advocacysnt.org,True,downloaded,200.0,https://www.advocacysnt.org/articles/avoiding-benefits-trap-special-needs-planning,29644.0,success,5322,839,html,text/html; charset=utf-8,Avoiding the Benefits Trap in Special Needs Planning,,2025-04-14,advocacysnt.org,https://www.advocacysnt.org/articles/avoiding-benefits-trap-special-needs-planning,0.0,00d2e70f80bb40cec88c.txt,d7325ccb063f768e60687aa80153d3ed17438d7bf3b71b721bbec4f7bfebd4aa
013af81f9f33dd0c690c,https://youtube.com/watch?t=1s&v=RwUG8Rann9Q,2026-10-04T02:32:31.733645+00:00,youtube.com,True,downloaded,200.0,https://www.youtube.com/watch?t=1s&v=RwUG8Rann9Q,1352557.0,success,146,23,html,text/html; charset=utf-8,Affirmative Action ban's fallout on college admissions,,2024-12-19,YouTube,https://www.youtube.com/watch?v=RwUG8Rann9Q,0.0,013af81f9f33dd0c690c.txt,8dbba17988e385133ba8f51d76cde1fc2c859262b666cb848e9cfe2478fd5e71
01d9b28157b26a093247,https://thetrevorproject.org/wp-content/uploads/2022/02/Trevor-Project-Homelessness-Report.pdf,2026-10-04T02:32:32.852527+00:00,thetrevorproject.org,True,downloaded,200.0,https://www.thetrevorproject.org/wp-content/uploads/2022/02/Trevor-Project-Homelessness-Report.pdf,880596.0,success,60782,9171,pdf,application/pdf,,,,,,0.0,01d9b28157b26a093247.txt,1222cc85f0cea5212bc91d14885d60cbfcab25242152891f4addc7ad01371815
01e803968456fd7ed9aa,https://urban.org/urban-wire/policing-killing-black-disabled-people-centering-intersectionality-critical-reducing-harm,2026-10-04T02:32:33.279275+00:00,urban.org,False,http_error,403.0,https://www.urban.org/urban-wire/policing-killing-black-disabled-people-centering-intersectionality-critical-reducing-harm,6023.0,not_extracted,0,0,,text/html; charset=UTF-8,,,,,,0.0,,
02212d29a0b659d2c2bb,https://mitsloan.mit.edu/ideas-made-to-matter/how-to-hire-and-support-more-women-your-organization,2026-10-04T02:32:33.536974+00:00,mit.edu,True,downloaded,200.0,https://mitsloan.mit.edu/ideas-made-to-matter/how-to-hire-and-support-more-women-your-organization,64136.0,success,5247,864,html,text/html; charset=UTF-8,How to hire and support more women in your organization | MIT Sloan,Meredith Somers,2023-07-27,MIT Sloan School of Management,https://mitsloan.mit.edu/ideas-made-to-matter/how-to-hire-and-support-more-women-your-organization,0.0,02212d29a0b659d2c2bb.txt,81d3052dc48b9307b341e89180a505f36c2f21518c48969a6e2c60fd38c28eca
0254033b9417c666a1fa,https://chiefhealthcareexecutive.com/view/patients-with-disabilities-are-more-vulnerable-to-safety-concerns,2026-10-04T02:32:33.580799+00:00,chiefhealthcareexecutive.com,True,downloaded,200.0,https://www.chiefhealthcareexecutive.com/view/patients-with-disabilities-are-more-vulnerable-to-safety-concerns,459738.0,success,6744,1005,html,text/html; charset=utf-8,Patients with disabilities are more vulnerable to safety concerns | Chief Healthcare Executive,Ron Southwick,2024-06-17,Chief Healthcare Executive - Hospital & Health System Leader Insights,https://www.chiefhealthcareexecutive.com/view/patients-with-disabilities-are-more-vulnerable-to-safety-concerns,0.0,0254033b9417c666a1fa.txt,a462fd54db98e1d5cffd3c35dca076e5a497ab4a61b75933ff0f714f0e8dc325
0272804ac71652e3d4c8,https://hracuity.com/blog/female-workplace-harassment,2026-10-04T02:32:35.726630+00:00,hracuity.com,True,downloaded,200.0,https://www.hracuity.com/blog/female-workplace-harassment/,140118.0,success,8166,1219,html,text/html; charset=UTF-8,"Female Harassment in the Workplace: Trends, Stats & What Still Needs to Change",Deb Muller; Deborah Muller,2025-11-18,HR Acuity,https://www.hracuity.com/blog/female-workplace-harassment/,0.0,0272804ac71652e3d4c8.txt,0f8c56dec5f66a3152a62e180839bd16056e22eb2972e6c8379bae7801c2c395
0276f46b7d46a97ef672,https://thechampionbank.com/3-factors-lending-services-consider-before-approving-a-personal-loan,2026-10-04T02:32:36.537323+00:00,thechampionbank.com,True,downloaded,200.0,https://www.thechampionbank.com/3-factors-lending-services-consider-before-approving-a-personal-loan,233938.0,success,9247,1271,html,text/html;charset=utf-8,3 Factors Lending Services Consider Before Approving a Personal Loan,September,2026-08-27,thechampionbank.com,https://www.thechampionbank.com/3-factors-lending-services-consider-before-approving-a-personal-loan,0.0,0276f46b7d46a97ef672.txt,17b8503e16f75df802493bd459b901c11bf5fe91a7b422d5209b76c8f97830a2
02b103afba40aa5a8301,https://nasfaa.org/news-item/34147/Report_The_Biggest_Barriers_to_Higher_Ed_Enrollment_Are_Cost_and_Lack_of_Financial_Aid,2026-10-04T02:32:37.984999+00:00,nasfaa.org,False,http_error,403.0,https://nasfaa.org/news-item/34147/Report_The_Biggest_Barriers_to_Higher_Ed_Enrollment_Are_Cost_and_Lack_of_Financial_Aid,4929.0,not_extracted,0,0,,text/html; charset=UTF-8,,,,,,0.0,,
03306ce64dffbb25ac8b,https://researchgate.net/publication/225650664_Men_accessing_education_Masculinities_class_and_choice,2026-10-04T02:32:39.191963+00:00,researchgate.net,False,http_error,403.0,https://www.researchgate.net/publication/225650664_Men_accessing_education_Masculinities_class_and_choice,21138.0,not_extracted,0,0,,text/html; charset=UTF-8,,,,,,0.0,,
03361f844d7b821c1054,https://scholarworks.gvsu.edu/cgi/viewcontent.cgi?article=1135&context=gradprojects,2026-10-04T02:32:40.121040+00:00,gvsu.edu,False,http_error,403.0,https://scholarworks.gvsu.edu/cgi/viewcontent.cgi?article=1135&context=gradprojects,5792.0,not_extracted,0,0,,text/html; charset=UTF-8,,,,,,0.0,,
037ee118127c7562560f,https://scholarworks.waldenu.edu/dissertations/11774,2026-10-04T02:32:42.250711+00:00,waldenu.edu,True,downloaded,200.0,https://scholarworks.waldenu.edu/dissertations/11774/,36736.0,success,2135,296,html,text/html; charset=UTF-8,Factors for LGBT College Students That Predict Academic Success,Jonathan McCormick,2023-05-26,ScholarWorks,https://scholarworks.waldenu.edu/dissertations/11774,0.0,037ee118127c7562560f.txt,0041702896e7e2141ea994d2976468c40bf55c2df722277d4ae49620966f72d5
03e1023fb714f77185c7,https://researchgate.net/publication/230566333_What_Do_Women_Know_about_Government_Services_and_Benefits,2026-10-04T02:32:43.334110+00:00,researchgate.net,False,http_error,403.0,https://www.researchgate.net/publication/230566333_What_Do_Women_Know_about_Government_Services_and_Benefits,21138.0,not_extracted,0,0,,text/html; charset=UTF-8,,,,,,0.0,,
040933d6a6abc0765cc3,https://youtube.com/watch?t=3s&v=-dUPODTWevk,2026-10-04T02:32:44.854666+00:00,youtube.com,True,downloaded,200.0,https://www.youtube.com/watch?t=3s&v=-dUPODTWevk,1178325.0,success,146,23,html,text/html; charset=utf-8,LGBTQ Bullying | aka Teacher,,2022-01-18,YouTube,https://www.youtube.com/watch?v=-dUPODTWevk,0.0,040933d6a6abc0765cc3.txt,8dbba17988e385133ba8f51d76cde1fc2c859262b666cb848e9cfe2478fd5e71
045f5ff380c4f521c84f,https://americanprogress.org/article/fact-sheet-lgbt-discrimination-in-higher-education-financial-aid,2026-10-04T02:32:45.737527+00:00,americanprogress.org,False,http_error,403.0,https://www.americanprogress.org/article/fact-sheet-lgbt-discrimination-in-higher-education-financial-aid,5887.0,not_extracted,0,0,,text/html; charset=UTF-8,,,,,,0.0,,
0470f1a144184b083303,https://texashealth.org/areyouawellbeing/Mens-Health/The-Importance-of-Preventive-Care-for-Men,2026-10-04T02:32:45.781051+00:00,texashealth.org,True,downloaded,200.0,https://www.texashealth.org/areyouawellbeing/Mens-Health/The-Importance-of-Preventive-Care-for-Men,269175.0,success,5889,911,html,text/html; charset=utf-8,The Importance of Preventive Care for Men,,2025-04-21,texashealth.org,https://www.texashealth.org/areyouawellbeing/Mens-Health/The-Importance-of-Preventive-Care-for-Men,0.0,0470f1a144184b083303.txt,594aec289dc8b7f1b45129e860215ef2692330789eecfb009f1a46f40e558bf1
04868a8f9000046ea49a,https://onwisconsin.uwalumni.com/the-rise-of-transgender-bullying,2026-10-04T02:32:46.774153+00:00,uwalumni.com,True,downloaded,200.0,https://onwisconsin.uwalumni.com/the-rise-of-transgender-bullying/,55795.0,success,2117,290,html,text/html; charset=UTF-8,The Rise of Transgender Bullying | On Wisconsin,Laurel White,2026-01-01,Onwismag,https://onwisconsin.uwalumni.com/the-rise-of-transgender-bullying/,0.0,04868a8f9000046ea49a.txt,90fe9f3cbc0a1c09a4829493bfac793801afac421b1d6821acd5bf5eed54ec9e
04983a549c468b656571,https://experian.com/blogs/ask-experian/why-credit-is-important-people-with-disabilities,2026-10-04T02:32:48.154846+00:00,experian.com,True,downloaded,200.0,https://www.experian.com/blogs/ask-experian/why-credit-is-important-people-with-disabilities,228842.0,success,7572,1228,html,text/html,Why Credit Is Important for People With Disabilities - Experian,Louis DeNicola,2021-10-25,Experian,https://www.experian.com/blogs/ask-experian/why-credit-is-important-people-with-disabilities/,0.0,04983a549c468b656571.txt,06b8741a588dd3f43d1d66f9862fc66f3f70ad866cbad0cd82028d1e15b0ac68
0532d50b71cc98ac6202,https://ssa.gov/disability/eligibility,2026-10-04T02:32:48.456473+00:00,ssa.gov,False,curl_error,0.0,https://ssa.gov/disability/eligibility,,not_extracted,0,0,,,,,,,,60.0,,
0599f10f02e80cc0fb82,https://prisonpolicy.org/reports/pretrial_racial_disparities_sources.html,2026-10-04T02:32:48.847658+00:00,prisonpolicy.org,True,downloaded,200.0,https://www.prisonpolicy.org/reports/pretrial_racial_disparities_sources.html,52491.0,success,24291,3795,html,text/html; charset=UTF-8,Pretrial detention racial disparities: Research Appendix,Prison Policy Initiative,2026-01-01,PrisonPolicy,https://www.prisonpolicy.org/reports/pretrial_racial_disparities_sources.html,0.0,0599f10f02e80cc0fb82.txt,4c6b33aa14a58ee7aab3232efb4906f19dad14ca832a7d3d58707e5a00e056cd
05d10a2abc021d0ad93c,https://admissionsmom.college/lgbtq-resources/navigating-college-admissions-as-a-transgender-applicant-2026,2026-10-04T02:32:49.351713+00:00,admissionsmom.college,False,http_error,403.0,https://admissionsmom.college/lgbtq-resources/navigating-college-admissions-as-a-transgender-applicant-2026,52.0,not_extracted,0,0,,text/html,,,,,,0.0,,
05f8e03b620bd3af890b,https://scarleteen.com/read/identity/understanding-lgbtq-youth-homelessness,2026-10-04T02:32:50.001713+00:00,scarleteen.com,True,downloaded,200.0,https://www.scarleteen.com/read/identity/understanding-lgbtq-youth-homelessness,75752.0,success,7051,1146,html,text/html; charset=UTF-8,Understanding LGBTQ+ Youth Homelessness,Sassafras Patterdale,2025-05-05,Scarleteen,https://www.scarleteen.com/read/identity/understanding-lgbtq-youth-homelessness,0.0,05f8e03b620bd3af890b.txt,0eedb895dbd1fa1c4792c4df7277532bf732349fcfc3afbcb430fd6b8f0a34ed
06233dcc7cf9f0bf09e1,https://archive-housingmatters.urban.org/research-summary/transgender-and-gender-nonconforming-people-experiencing-housing-insecurity-rely,2026-10-04T02:32:50.035519+00:00,urban.org,False,http_error,403.0,https://archive-housingmatters.urban.org/research-summary/transgender-and-gender-nonconforming-people-experiencing-housing-insecurity-rely,6077.0,not_extracted,0,0,,text/html; charset=UTF-8,,,,,,0.0,,
062950d57cb9f45d64f0,https://nlc.org/article/2020/07/09/embedding-racial-equity-in-housing,2026-10-04T02:32:51.763436+00:00,nlc.org,True,downloaded,200.0,https://www.nlc.org/article/2020/07/09/embedding-racial-equity-in-housing,133121.0,success,9552,1391,html,text/html; charset=UTF-8,Embedding Racial Equity in Housing,,2020-07-09,National League of Cities,https://www.nlc.org/article/2020/07/09/embedding-racial-equity-in-housing/,0.0,062950d57cb9f45d64f0.txt,5914d67527f2e8779700245e6347ac2b8366b615a76426c1104037533a301eb9
06582bbd68942112cd27,https://stopbullying.gov/bullying/groups,2026-10-04T02:32:52.249909+00:00,stopbullying.gov,False,http_error,403.0,https://www.stopbullying.gov/bullying/groups,393.0,not_extracted,0,0,,text/html,,,,,,0.0,,
0667d44231fe6e3ed12b,https://diversityjobs.com/career-advice/team-building/should-employers-give-hiring-preference-to-hispanic-job-candidates,2026-10-04T02:32:56.949553+00:00,diversityjobs.com,True,downloaded,200.0,https://www.diversityjobs.com/,320646.0,success,21761,1459,html,text/html; charset=UTF-8,Diversity Job Board - Uniting DEI-Focused Employers With Diverse Candidates | DiversityJobs,,2023-12-05,Diversity Jobs,https://www.diversityjobs.com/,0.0,0667d44231fe6e3ed12b.txt,6aeb6a96f4aa17904b7c2242888739974e19dcefab0a5ebe14ed0c19ce3db4bb
0679c0707f83a0cb6e50,https://scholarworks.umt.edu/cgi/viewcontent.cgi?article=13174&context=etd,2026-10-04T02:32:57.283728+00:00,umt.edu,False,http_error,403.0,https://scholarworks.umt.edu/cgi/viewcontent.cgi?article=13174&context=etd,5767.0,not_extracted,0,0,,text/html; charset=UTF-8,,,,,,0.0,,
068b0fdcfa40e7da62d9,https://ebsco.com/research-starters/education/inequality-and-access-higher-education,2026-10-04T02:32:57.409986+00:00,ebsco.com,True,downloaded,200.0,https://www.ebsco.com/research-starters/education/inequality-and-access-higher-education,223658.0,success,60146,8600,html,text/html,Inequality and Access to Higher Education | Education | Research Starters | EBSCOhost,,2019-05-01,EBSCO,https://www.ebsco.com/,0.0,068b0fdcfa40e7da62d9.txt,3d4f9e68a8f72cd55e44dc565293635f752a157bc379c2f0fef0166dab1a64b8
06e6b73a0f99f7fdb046,https://shrm.org/topics-tools/news/talent-acquisition/hiring-hispanics-requires-awareness-differences,2026-10-04T02:32:58.161452+00:00,shrm.org,True,downloaded,200.0,https://www.shrm.org/topics-tools/news/talent-acquisition/hiring-hispanics-requires-awareness-differences,574210.0,success,7382,1084,html,text/html;charset=utf-8,Hiring Hispanics Requires Awareness of Differences,Theresa Minton-Eversole,2014-10-09,SHRM,https://www.shrm.org/topics-tools/news/talent-acquisition/hiring-hispanics-requires-awareness-differences,0.0,06e6b73a0f99f7fdb046.txt,e7a51a2e11eca87ea75931aeb73e650587b728aa272b267681691fc4b434ad08
07536d083b6b422772ae,https://stlouisfed.org/community-development/publications/access-credit-financial-services-bridge-financial-well-being,2026-10-04T02:32:58.393572+00:00,stlouisfed.org,False,curl_error,0.0,https://stlouisfed.org/community-development/publications/access-credit-financial-services-bridge-financial-well-being,,not_extracted,0,0,,,,,,,,92.0,,
0779fe2c96edab85c775,https://ssa.gov/benefits/disability/work.html,2026-10-04T02:32:59.927140+00:00,ssa.gov,False,curl_error,0.0,https://ssa.gov/benefits/disability/work.html,,not_extracted,0,0,,,,,,,,60.0,,
07ba4b5032ff17f6c8af,https://eji.org/criminal-justice-reform,2026-10-04T02:33:01.570010+00:00,eji.org,False,http_error,403.0,https://eji.org/criminal-justice-reform,5624.0,not_extracted,0,0,,text/html; charset=UTF-8,,,,,,0.0,,
07e8c7c5fc894c551635,https://dcba.org/mpage/v32-James-Naughton,2026-10-04T02:33:02.287985+00:00,dcba.org,False,http_error,403.0,https://dcba.org/mpage/v32-James-Naughton,5598.0,not_extracted,0,0,,text/html; charset=UTF-8,,,,,,0.0,,
07ea03fe2c7d9e7152e1,https://cidrap.umn.edu/covid-19/black-hispanic-adults-double-risk-losing-medicaid-after-covid-emergency-ended-study-finds,2026-10-04T02:33:03.206918+00:00,umn.edu,True,downloaded,200.0,https://www.cidrap.umn.edu/covid-19/black-hispanic-adults-double-risk-losing-medicaid-after-covid-emergency-ended-study-finds,111260.0,success,3471,495,html,text/html; charset=UTF-8,"Black, Hispanic adults at double the risk of losing Medicaid after COVID emergency ended, study finds",Mary Van Beusekom; MS,2024-06-12,Center for Infectious Disease Research and Policy,https://www.cidrap.umn.edu/covid-19/black-hispanic-adults-double-risk-losing-medicaid-after-covid-emergency-ended-study-finds,0.0,07ea03fe2c7d9e7152e1.txt,0ed9836e95553aa2ec0e78823c5aa4df435670174f3600cff53044fdbcc21edf
07f365dab35a937791bf,https://digitalgovernmenthub.org/library/racial-and-ethnic-differences-in-experiencing-administrative-burdens-in-public-benefit-programs,2026-10-04T02:33:04.538369+00:00,digitalgovernmenthub.org,False,robots_disallowed,,https://digitalgovernmenthub.org/library/racial-and-ethnic-differences-in-experiencing-administrative-burdens-in-public-benefit-programs,,not_extracted,0,0,,,,,,,,,,
080a6a53989313c96275,https://pmc.ncbi.nlm.nih.gov/articles/PMC7678806,2026-10-04T02:33:04.928362+00:00,nih.gov,True,downloaded,200.0,https://pmc.ncbi.nlm.nih.gov/articles/PMC7678806/,185399.0,success,48975,7221,html,text/html; charset=utf-8,LGBTQ bullying: a qualitative investigation of student and school health professional perspectives,V A Earnshaw; D D Menino; L M Sava; J Perrotti; T N Barnes; D L Humphrey; S L Reisner,2019-08-20,Journal of LGBT youth,https://pmc.ncbi.nlm.nih.gov/articles/PMC7678806/,0.0,080a6a53989313c96275.txt,e0f72b1458021e63bdca57508e1a6059b36ea2579128b1537bfd1dae5e4e4a5d
082256847a9dfc55ede5,https://urban.org/urban-wire/how-can-we-advance-latino-homeownership-and-housing-stability,2026-10-04T02:33:05.184387+00:00,urban.org,False,http_error,403.0,https://www.urban.org/urban-wire/how-can-we-advance-latino-homeownership-and-housing-stability,5897.0,not_extracted,0,0,,text/html; charset=UTF-8,,,,,,0.0,,
0866091b33bf40c2a7af,https://housingsolutionstulsa.org/spotlight-on-disability-and-homelessness,2026-10-04T02:33:05.675305+00:00,housingsolutionstulsa.org,True,downloaded,200.0,https://www.housingsolutionstulsa.org/spotlight-on-disability-and-homelessness/,80679.0,success,6726,881,html,text/html; charset=UTF-8,Spotlight on disability and homelessness | Housing Solutions Tulsa,Erin Velez,2023-08-28,Housing Solutions Tulsa,https://www.housingsolutionstulsa.org/spotlight-on-disability-and-homelessness/,0.0,0866091b33bf40c2a7af.txt,7e1bafced79a15fdbd6c99d9ff1cc46b32d387881c1d5701f7ef30ad89b63a28
0878eb8525e2cea01264,https://urban.org/urban-wire/how-local-differences-race-and-place-affect-mortgage-lending,2026-10-04T02:33:05.852112+00:00,urban.org,False,http_error,403.0,https://www.urban.org/urban-wire/how-local-differences-race-and-place-affect-mortgage-lending,5894.0,not_extracted,0,0,,text/html; charset=UTF-8,,,,,,0.0,,
088117956d66b5af3943,https://pmc.ncbi.nlm.nih.gov/articles/PMC12071379,2026-10-04T02:33:07.785690+00:00,nih.gov,True,downloaded,200.0,https://pmc.ncbi.nlm.nih.gov/articles/PMC12071379,21372.0,success,131,18,html,text/html; charset=utf-8,Checking your browser,,2026-09-11,google.com,https://www.google.com/recaptcha/challengepage,0.0,088117956d66b5af3943.txt,a29166d0eaaa418bd5af61a282f1183a46c84c4d5e4c90689b1b452d230d05cc
0898fc95d43b48986fe1,https://resources.healthgrades.com/pro/americans-put-off-health-screenings,2026-10-04T02:33:07.999308+00:00,healthgrades.com,False,http_error,403.0,https://resources.healthgrades.com/pro/americans-put-off-health-screenings,19603.0,not_extracted,0,0,,text/html,,,,,,0.0,,
089c820e466e0bc3782a,https://pmc.ncbi.nlm.nih.gov/articles/PMC10728397,2026-10-04T02:33:08.015398+00:00,nih.gov,True,downloaded,200.0,https://pmc.ncbi.nlm.nih.gov/articles/PMC10728397/,226351.0,success,64157,9384,html,text/html; charset=utf-8,Challenges Unique to Transgender Persons in US Correctional Settings: a Scoping Review,Rachel Engelberg; Quinn Hood; Krina Shah; Brendan Parent; Jevon Martin; Rodman Turpin; Jonathan Feelemyer; Maria Khan; Dorice Vieira,2023-10-18,Journal of Urban Health : Bulletin of the New York Academy of Medicine,https://pmc.ncbi.nlm.nih.gov/articles/PMC10728397/,0.0,089c820e466e0bc3782a.txt,89de8bf36350f5afbb1cb260610acab39b4f11d14a45801e0f24182a155bd5e4
08f1c805a1a6ff242619,https://acog.org/clinical/clinical-guidance/committee-opinion/articles/2021/03/health-care-for-transgender-and-gender-diverse-individuals,2026-10-04T02:33:08.698628+00:00,acog.org,False,http_error,403.0,https://www.acog.org/clinical/clinical-guidance/committee-opinion/articles/2021/03/health-care-for-transgender-and-gender-diverse-individuals,6082.0,not_extracted,0,0,,text/html; charset=UTF-8,,,,,,0.0,,
09679ff687f1d0811e12,https://nationalhomeless.org/lgbtq-homelessness,2026-10-04T02:33:08.952296+00:00,nationalhomeless.org,True,downloaded,200.0,https://nationalhomeless.org/lgbtq-homelessness/,135455.0,success,3762,616,html,text/html; charset=UTF-8,LGBTQ Homelessness - National Coalition for the Homeless,,2022-12-28,National Coalition for the Homeless - Building a movement to End Homelessness,https://nationalhomeless.org/lgbtq-homelessness/,0.0,09679ff687f1d0811e12.txt,9972ba46790c9609557c50aa15f79ee7d968d6c0b6f44b3a2c7b11df3c4496df
0979fc2c476bb0879759,https://mdpi.com/2673-995X/5/4/128,2026-10-04T02:33:11.637320+00:00,mdpi.com,False,http_error,403.0,https://mdpi.com/2673-995X/5/4/128,391.0,not_extracted,0,0,,text/html,,,,,,0.0,,
098940caf98752eb321f,https://medium.com/commonfuture/why-credit-scores-are-racist-da109fcfb300,2026-10-04T02:33:11.807993+00:00,medium.com,False,http_error,403.0,https://medium.com/commonfuture/why-credit-scores-are-racist-da109fcfb300,5402.0,not_extracted,0,0,,text/html; charset=UTF-8,,,,,,0.0,,
09cc4f4a120651f51f8c,https://pmc.ncbi.nlm.nih.gov/articles/PMC3671490,2026-10-04T02:33:12.220387+00:00,nih.gov,True,downloaded,200.0,https://pmc.ncbi.nlm.nih.gov/articles/PMC3671490,21367.0,success,131,18,html,text/html; charset=utf-8,Checking your browser,,2026-09-11,google.com,https://www.google.com/recaptcha/challengepage,0.0,09cc4f4a120651f51f8c.txt,a29166d0eaaa418bd5af61a282f1183a46c84c4d5e4c90689b1b452d230d05cc
09d6b357c5b03cdbef7c,https://ecs.org/addressing-inequities-in-higher-education,2026-10-04T02:33:13.097090+00:00,ecs.org,True,downloaded,200.0,https://www.ecs.org/addressing-inequities-in-higher-education/,243662.0,success,1864,279,html,text/html; charset=UTF-8,Addressing Inequities in Higher Education,Archive,2021-07-22,Education Commission of the States,https://www.ecs.org/addressing-inequities-in-higher-education/,0.0,09d6b357c5b03cdbef7c.txt,3c2d1127bb51e22582866d99e9fc4baa370ce25ae2f9203ac88cad6caab84474
09ddc2eccbb4e8940510,https://cis.org/Report/Welfare-Use-Immigrants-and-USBorn-2024,2026-10-04T02:33:15.214189+00:00,cis.org,False,http_error,403.0,https://cis.org/Report/Welfare-Use-Immigrants-and-USBorn-2024,5703.0,not_extracted,0,0,,text/html; charset=UTF-8,,,,,,0.0,,
09e1ba586bde8bccfc4b,https://cambridge.org/core/books/cambridge-handbook-of-policing-in-the-united-states/police-and-the-criminalization-of-lgbt-people/A69F0F1898FA0C0834ED8E8DC5650F2F,2026-10-04T02:33:15.472465+00:00,cambridge.org,False,http_error,429.0,https://www.cambridge.org/core/books/cambridge-handbook-of-policing-in-the-united-states/police-and-the-criminalization-of-lgbt-people/A69F0F1898FA0C0834ED8E8DC5650F2F,1302.0,not_extracted,0,0,,text/html; charset=utf-8,,,,,,0.0,,
09fe3db4ae061898f701,https://finhealthnetwork.org/research/the-financial-health-of-people-with-disabilities?ki-cf-botcl=1,2026-10-04T02:33:15.514632+00:00,finhealthnetwork.org,False,http_error,403.0,https://finhealthnetwork.org/research/the-financial-health-of-people-with-disabilities?ki-cf-botcl=1,5830.0,not_extracted,0,0,,text/html; charset=UTF-8,,,,,,0.0,,
0a1adb13676b56c95b82,https://worldatwork.org/publications/workspan-daily/how-organizations-can-remove-career-development-barriers-for-women,2026-10-04T02:33:16.129030+00:00,worldatwork.org,True,downloaded,200.0,https://worldatwork.org/publications/workspan-daily/how-organizations-can-remove-career-development-barriers-for-women,137100.0,success,12936,1901,html,text/html; charset=utf-8,How Organizations Can Remove Career Development Barriers for Women | WorldatWork,Nu Yang,2025-03-24,WorldatWork,https://worldatwork.org/publications/workspan-daily/how-organizations-can-remove-career-development-barriers-for-women,0.0,0a1adb13676b56c95b82.txt,4bf871c29e361b267c32097f4778aac2cf6ae418ea26db4825202e19ad544b15
0a4054d42f284ee36412,https://huduser.gov/portal/periodicals/cityscpe/vol23num2/ch7.pdf,2026-10-04T02:33:16.281437+00:00,huduser.gov,True,downloaded,202.0,https://huduser.gov/portal/periodicals/cityscpe/vol23num2/ch7.pdf,2407.0,success,157,26,html,text/html; charset=UTF-8,JavaScript is disabled,,,huduser.gov,https://huduser.gov/portal/periodicals/cityscpe/vol23num2/ch7.pdf,0.0,0a4054d42f284ee36412.txt,ebccbd5922b41e48d556f96420b77b24fb66ddfe709666bb5b22acc99765c63f
0a56f5a052156cb8abc9,https://penalreform.org/issues/lgbtq-people/the-issue,2026-10-04T02:33:17.742825+00:00,penalreform.org,False,curl_error,0.0,https://penalreform.org/issues/lgbtq-people/the-issue,,not_extracted,0,0,,,,,,,,35.0,,
0a76b3f3589420022d2e,https://pfizer.com/news/articles/health_disparities_among_african_americans,2026-10-04T02:33:18.172614+00:00,pfizer.com,False,http_error,403.0,https://www.pfizer.com/news/articles/health_disparities_among_african_americans,5743.0,not_extracted,0,0,,text/html; charset=UTF-8,,,,,,0.0,,
0a816f83daddf6c98cb8,https://nerdwallet.com/credit-cards/learn/how-lgbtq-americans-can-build-credit,2026-10-04T02:33:18.390942+00:00,nerdwallet.com,False,http_error,403.0,https://www.nerdwallet.com/credit-cards/learn/how-lgbtq-americans-can-build-credit,5787.0,not_extracted,0,0,,text/html; charset=UTF-8,,,,,,0.0,,
0a9e77ed7f943047ef46,https://pmc.ncbi.nlm.nih.gov/articles/PMC7346414,2026-10-04T02:33:19.314847+00:00,nih.gov,True,downloaded,200.0,https://pmc.ncbi.nlm.nih.gov/articles/PMC7346414/,307512.0,success,102736,15057,html,text/html; charset=utf-8,The safety of health care for ethnic minority patients: a systematic review,Ashfaq Chauhan; Merrilyn Walton; Elizabeth Manias; Ramesh Lahiru Walpola; Holly Seale; Monika Latanik; Desiree Leone; Stephen Mears; Reema Harrison,2020-07-08,International Journal for Equity in Health,https://pmc.ncbi.nlm.nih.gov/articles/PMC7346414/,0.0,0a9e77ed7f943047ef46.txt,8b137767cc71ba80daffc9ef5504a679a42e731dd74d994f77cfbd4660c0da0d
0ad7cd5c8618ada95eee,https://chci.org/wp-content/uploads/2026/04/2026-Denys-Castillo.pdf,2026-10-04T02:33:19.980646+00:00,chci.org,True,downloaded,200.0,https://chci.org/wp-content/uploads/2026/04/2026-Denys-Castillo.pdf,273820.0,success,24359,2901,pdf,application/pdf,,,,,,0.0,0ad7cd5c8618ada95eee.txt,c00e508187091d4619d2387f83987ebd5040ffcef4e78732a27d8b6636644f48
0af4f0fcbcb5ee733041,https://wellsfargo.com/financial-education/credit-management/five-c,2026-10-04T02:33:20.240402+00:00,wellsfargo.com,True,downloaded,200.0,https://www.wellsfargo.com/financial-education/credit-management/five-c/?utm_medium=www-redirect&utm_source=financial-education--credit-management--five-c,28101.0,success,3816,623,html,text/html;charset=UTF-8,Find a Location,,1999-01-01,wellsfargo.com,https://www.wellsfargo.com/financial-education/credit-management/five-c/,0.0,0af4f0fcbcb5ee733041.txt,aba99d714e745b2b0018b87121fb0f71baa4df473bd48e98680f82b338337c4c
0b2397d8cfda222f6497,https://ccrw.org/unlocking-career-advancement,2026-10-04T02:33:21.861118+00:00,ccrw.org,True,downloaded,200.0,https://ccrw.org/unlocking-career-advancement/,226252.0,success,12330,1532,html,text/html; charset=UTF-8,Unlocking Career Advancement | Canadian Council on Rehabilitation and Work,A M,2025-01-21,Canadian Council on Rehabilitation and Work,https://ccrw.org/unlocking-career-advancement/,0.0,0b2397d8cfda222f6497.txt,c64c49082add992defdd812da56ee6c57662e4d9c31ddf6cd944cdd5c526e2b4
0b48d4bcc7f4532eb4b3,https://equalrightscenter.org/lgbtq-housing-rights-2026,2026-10-04T02:33:23.468724+00:00,equalrightscenter.org,True,downloaded,200.0,https://equalrightscenter.org/lgbtq-housing-rights-2026/,134673.0,success,4079,598,html,text/html; charset=UTF-8,What is the state of LGBTQ+ fair housing rights?,Equal Rights Center,2026-06-11,Equal Rights Center,https://equalrightscenter.org/lgbtq-housing-rights-2026/,0.0,0b48d4bcc7f4532eb4b3.txt,58cf9ed543b69bbcb83a0bb1b20b5d96fcb8a1368d39018bc221c036f3479faa
0b4ad2c8420ef8fc0c4e,https://youtube.com/watch?v=5K3uoHsaxmc,2026-10-04T02:33:24.081227+00:00,youtube.com,True,downloaded,200.0,https://www.youtube.com/watch?v=5K3uoHsaxmc,1205691.0,success,146,23,html,text/html; charset=utf-8,"Blacks receive longer prison sentences than Whites who commit the same crimes, research shows",,2025-11-19,YouTube,https://www.youtube.com/watch?v=5K3uoHsaxmc,0.0,0b4ad2c8420ef8fc0c4e.txt,8dbba17988e385133ba8f51d76cde1fc2c859262b666cb848e9cfe2478fd5e71
0b5cbdc06e51b1d59120,https://la.myneighborhooddata.org/2021/07/latino-representation-in-the-criminal-justice-system,2026-10-04T02:33:27.203004+00:00,myneighborhooddata.org,True,downloaded,200.0,https://la.myneighborhooddata.org/2021/07/latino-representation-in-the-criminal-justice-system/,172610.0,success,8832,1344,html,text/html; charset=UTF-8,Latino Representation in the Criminal Justice System,Aileen Qin,2026-01-01,la.myneighborhooddata.org,https://la.myneighborhooddata.org/2021/07/latino-representation-in-the-criminal-justice-system/,0.0,0b5cbdc06e51b1d59120.txt,c391688a4b7bcf9282f3b16886e6173935d9a10d168f568a0942feb4135ca901
0b88429e3799aee3456a,https://eeoc.gov/fact-sheet/facts-about-racecolor-discrimination,2026-10-04T02:33:28.139587+00:00,eeoc.gov,True,downloaded,200.0,https://www.eeoc.gov/fact-sheet/facts-about-racecolor-discrimination,74767.0,success,566,56,html,text/html; charset=utf-8,Facts About Race/Color Discrimination,,2000-01-01,U.S. Equal Employment Opportunity Commission,https://www.eeoc.gov/fact-sheet/facts-about-racecolor-discrimination,0.0,0b88429e3799aee3456a.txt,fe89d1b1a6a4aadca10dbce1e1754f60c55aac9aba8cef1ddb9c278197f9a345
0b8bf133f5476baf7e07,https://odphp.health.gov/healthypeople/priority-areas/social-determinants-health/literature-summaries/incarceration,2026-10-04T02:33:28.687958+00:00,health.gov,True,downloaded,200.0,https://odphp.health.gov/healthypeople/priority-areas/social-determinants-health/literature-summaries/incarceration,60233.0,success,16185,2342,html,text/html; charset=UTF-8,Incarceration,,2022-03-09,odphp.health.gov,https://odphp.health.gov/healthypeople/priority-areas/social-determinants-health/literature-summaries/incarceration,0.0,0b8bf133f5476baf7e07.txt,15a9961a59a5b37259d27057f7e5099b25665f73b2f95cac00d7eeba43f47aed
0ba96aa00e638a0e3ce5,https://americanprogress.org/article/improving-lives-rights-lgbtq-people-america,2026-10-04T02:33:29.756040+00:00,americanprogress.org,False,http_error,403.0,https://www.americanprogress.org/article/improving-lives-rights-lgbtq-people-america,5803.0,not_extracted,0,0,,text/html; charset=UTF-8,,,,,,0.0,,
0bc63fc4090645f28c9f,https://odphp.health.gov/healthypeople/priority-areas/social-determinants-health/literature-summaries/housing-instability,2026-10-04T02:33:29.847258+00:00,health.gov,True,downloaded,200.0,https://odphp.health.gov/healthypeople/priority-areas/social-determinants-health/literature-summaries/housing-instability,59609.0,success,14725,2118,html,text/html; charset=UTF-8,Housing Instability,,2011-03-01,odphp.health.gov,https://odphp.health.gov/healthypeople/priority-areas/social-determinants-health/literature-summaries/housing-instability,0.0,0bc63fc4090645f28c9f.txt,bd32967973c18dd4eea448a3c051b2e440ce335875ecb97c39cb2ce73f225585
0bdf997cb9fa5ae03b86,https://pmc.ncbi.nlm.nih.gov/articles/PMC11089913,2026-10-04T02:33:30.804607+00:00,nih.gov,True,downloaded,200.0,https://pmc.ncbi.nlm.nih.gov/articles/PMC11089913/,206305.0,success,52265,7489,html,text/html; charset=utf-8,Financial inclusion for people with disability: a scoping review,Louise Puli; Natasha Layton; Diane Bell; Abu Zafar Shahriar,2024-05-10,Global Health Action,https://pmc.ncbi.nlm.nih.gov/articles/PMC11089913/,0.0,0bdf997cb9fa5ae03b86.txt,ab1255f6716d510d034a13f2a4e72571586d5d8d1c344c8065fd6b4085defc39
0c05c07ba52215d0fc9f,https://google.com/goto?url=CAESZQHrOzAV_gdo9o_W8NHkxEt0t8CK2M5dRSyqmnAnT8rLa_jN4znYv5G5X4N6YgKwsppbj6HmQDjcm-0_-ot_m7qGf-WCmTcpwSyQLoHz-OHa6sj4bSLWKybvsRPph1tnPBKYBuic,2026-10-04T02:33:31.177522+00:00,google.com,False,robots_disallowed,,https://google.com/goto?url=CAESZQHrOzAV_gdo9o_W8NHkxEt0t8CK2M5dRSyqmnAnT8rLa_jN4znYv5G5X4N6YgKwsppbj6HmQDjcm-0_-ot_m7qGf-WCmTcpwSyQLoHz-OHa6sj4bSLWKybvsRPph1tnPBKYBuic,,not_extracted,0,0,,,,,,,,,,
0c0ae1677a894f6a65ea,https://pmc.ncbi.nlm.nih.gov/articles/PMC12295307,2026-10-04T02:33:31.419566+00:00,nih.gov,True,downloaded,200.0,https://pmc.ncbi.nlm.nih.gov/articles/PMC12295307/,160737.0,success,42421,6036,html,text/html; charset=utf-8,Sexual Harassment of Cisgender Women University Students: How the Gender Composition of Colleges Relates to Differential Prevalence,Natalie Q Poole; Christopher J Cannon; Amy L Gabriel; Emma J Briles; Matt J Gray,2025-07-19,International Journal of Environmental Research and Public Health,https://pmc.ncbi.nlm.nih.gov/articles/PMC12295307/,0.0,0c0ae1677a894f6a65ea.txt,241dca3cd8cbb69e18925044633d6cedc9cd5b1b157107d64a0121a7b4fd82ac
0c55a513766c080a8ac5,https://osmosis.org/blog/preventive-health-screenings-for-lgbtq-patients-what-you-need-to-know,2026-10-04T02:33:31.862134+00:00,osmosis.org,False,http_error,403.0,https://osmosis.org/blog/preventive-health-screenings-for-lgbtq-patients-what-you-need-to-know,5837.0,not_extracted,0,0,,text/html; charset=UTF-8,,,,,,0.0,,
0c57351b8802c26990d0,https://hepi.ac.uk/2024/05/23/trans-and-non-binary-student-experiences-in-higher-education,2026-10-04T02:33:32.045398+00:00,hepi.ac.uk,True,downloaded,200.0,https://www.hepi.ac.uk/2024/05/23/trans-and-non-binary-student-experiences-in-higher-education/,56509.0,success,7902,1248,html,text/html; charset=UTF-8,Trans and non-binary student experiences in higher education - HEPI,HEPI,2024-05-23,HEPI,https://www.hepi.ac.uk/2024/05/23/trans-and-non-binary-student-experiences-in-higher-education/,0.0,0c57351b8802c26990d0.txt,49eff90d22b6a27cbea9a3a05389da2c5608462b4aa40b80a48c2d3515b52770
0cddeb593865510a8c02,https://cepr.net/publications/the-continuing-power-of-white-preferences-in-employment,2026-10-04T02:33:33.330874+00:00,cepr.net,False,http_error,403.0,https://cepr.net/publications/the-continuing-power-of-white-preferences-in-employment,5773.0,not_extracted,0,0,,text/html; charset=UTF-8,,,,,,0.0,,
0ce28a08f79c59455936,https://nilc.org/articles/what-new-federal-snap-restrictions-and-guidance-mean-for-immigrant-communities,2026-10-04T02:33:33.574694+00:00,nilc.org,False,http_error,403.0,https://nilc.org/articles/what-new-federal-snap-restrictions-and-guidance-mean-for-immigrant-communities,5894.0,not_extracted,0,0,,text/html; charset=UTF-8,,,,,,0.0,,
0d10a65cb825c6e037d7,https://destinationhomesv.org/understanding-homelessness/causes,2026-10-04T02:33:34.497923+00:00,destinationhomesv.org,True,downloaded,200.0,https://destinationhomesv.org/understanding-homelessness/causes/,115975.0,success,11543,1667,html,text/html; charset=UTF-8,Causes of Homelessness - Destination: Home,,2021-02-03,Destination: Home - Our goal is to end homelessness not just manage it.,https://destinationhomesv.org/understanding-homelessness/causes/,0.0,0d10a65cb825c6e037d7.txt,da74cc05ff9b19955b3b918b74e646dd722538fcfa24f7cb93fb5270d6815f22
0d8ad929a325dead125e,https://amu.apus.edu/area-of-study/criminal-justice/resources/when-is-police-use-of-force-justified,2026-10-04T02:33:36.276835+00:00,apus.edu,True,downloaded,200.0,https://www.amu.apus.edu/area-of-study/criminal-justice/resources/when-is-police-use-of-force-justified/,176927.0,success,14653,2385,html,text/html; charset=utf-8,When Is Police Use of Force Justified? How Officers Think | American Military University (AMU),Andrew Bell; Bruce Razey,2026-01-16,American Military University (AMU),https://www.amu.apus.edu/area-of-study/criminal-justice/resources/when-is-police-use-of-force-justified/,0.0,0d8ad929a325dead125e.txt,63725001514393c69dad20ad48cffd4a703c167116378464323f710f3a75e3f4
0dae4b3b5ea1d1dd4717,https://rsfjournal.org/content/11/3/22,2026-10-04T02:33:36.477913+00:00,rsfjournal.org,False,curl_error,0.0,https://rsfjournal.org/content/11/3/22,,not_extracted,0,0,,,,,,,,6.0,,
0e0910b1590aae74e4d0,https://taggd.in/hr-glossary/gender-identity,2026-10-04T02:33:36.888606+00:00,taggd.in,True,downloaded,200.0,https://taggd.in/hr-glossary/gender-identity/,352776.0,success,31169,4129,html,text/html; charset=UTF-8,Gender Identity in the Hiring Process: How to Make It Bias-Free,Team Taggd,2025-07-24,Taggd,https://taggd.in/hr-glossary/gender-identity/,0.0,0e0910b1590aae74e4d0.txt,3c76cc26ea1321dd96fa7c655b585d080ef1bbfac8798df43800c6ca012084b6
0e203e0e7777ecd53672,https://pmc.ncbi.nlm.nih.gov/articles/PMC6603461,2026-10-04T02:33:38.735387+00:00,nih.gov,True,downloaded,200.0,https://pmc.ncbi.nlm.nih.gov/articles/PMC6603461/,106096.0,success,10188,1463,html,text/html; charset=utf-8,Drilling Deeper on the Impact of the Affordable Care Act on Disability-Related Health Care Access Disparities,Gloria L Krahn,2019-04-03,American Journal of Public Health,https://pmc.ncbi.nlm.nih.gov/articles/PMC6603461/,0.0,0e203e0e7777ecd53672.txt,d1a70f598225b1897be0e3824a93d1f3e278232300ac1bc1f6a64db60c76ce72
0e3c40472242641ffcdd,https://journals.sagepub.com/doi/full/10.1177/0275074020919908,2026-10-04T02:33:39.958766+00:00,sagepub.com,False,http_error,403.0,https://journals.sagepub.com/doi/full/10.1177/0275074020919908,5752.0,not_extracted,0,0,,text/html; charset=UTF-8,,,,,,0.0,,
0e4b840d1233ba9c60af,https://theblackstudentadvocatenetwork.com/blog/breaking-down-the-root-causes-of-violence-in-schools-and-what-can-be-done,2026-10-04T02:33:40.834677+00:00,theblackstudentadvocatenetwork.com,True,downloaded,200.0,https://theblackstudentadvocatenetwork.com/blog/breaking-down-the-root-causes-of-violence-in-schools-and-what-can-be-done/,126937.0,success,9930,1357,html,text/html; charset=UTF-8,Breaking Down the Root Causes of Violence in Schools — And What Can Be Done,Jerry L Green,2025-12-05,theblackstudentadvocatenetwork.com,https://theblackstudentadvocatenetwork.com/blog/breaking-down-the-root-causes-of-violence-in-schools-and-what-can-be-done/,0.0,0e4b840d1233ba9c60af.txt,a6f3685281f09c7d3cfa69aaeacfe8bbfe5154deb6ab9b4a6052cdff191e7308
0ed13214f7dc7b8aa8ca,https://cultureconusa.org/post/hiring-bias-in-2025,2026-10-04T02:33:42.479992+00:00,cultureconusa.org,True,downloaded,200.0,https://www.cultureconusa.org/post/hiring-bias-in-2025,1015808.0,success,9781,1523,html,text/html; charset=UTF-8,What the Data Says: The State of Hiring Bias in 2025,Nick Lombardino,2025-04-24,CultureCon,https://www.cultureconusa.org/post/hiring-bias-in-2025,0.0,0ed13214f7dc7b8aa8ca.txt,c7dc049d2f9017adbafa0101e9e4dfd5e90a61c71da08582281d85b7d47778e5
0ed5632df95229327249,https://icjia.illinois.gov/researchhub/articles/examining-the-experiences-of-women-police-leaders-in-illinois,2026-10-04T02:33:44.109750+00:00,illinois.gov,True,downloaded,200.0,https://icjia.illinois.gov/researchhub/articles/examining-the-experiences-of-women-police-leaders-in-illinois,7228.0,success,103,12,html,text/html; charset=UTF-8,ICJIA | Illinois Criminal Justice Information Authority,Illinois Criminal Justice Information Authority,2026-03-26,Illinois Criminal Justice Information Authority,https://icjia.illinois.gov/,0.0,0ed5632df95229327249.txt,8e35ee16474d22607869f210da31ff01edaea6d51ee7deee1694dd156ff192ba
0ede82650fa0c593d28b,https://finhealthnetwork.org/wp-content/uploads/2023/08/The-Financial-Health-of-People-With-Disabilities_Key-Obstacles-and-Opportunities.pdf?ki-cf-botcl=1,2026-10-04T02:33:46.092067+00:00,finhealthnetwork.org,False,http_error,403.0,https://finhealthnetwork.org/wp-content/uploads/2023/08/The-Financial-Health-of-People-With-Disabilities_Key-Obstacles-and-Opportunities.pdf?ki-cf-botcl=1,6078.0,not_extracted,0,0,,text/html; charset=UTF-8,,,,,,0.0,,
0f17405e5758e87df3eb,https://pmc.ncbi.nlm.nih.gov/articles/PMC12193340,2026-10-04T02:33:46.155823+00:00,nih.gov,True,downloaded,200.0,https://pmc.ncbi.nlm.nih.gov/articles/PMC12193340/,191198.0,success,51902,7523,html,text/html; charset=utf-8,Barriers and Facilitators to Accessing Mental and Physical Health Care Among Sexual Minority Women: A Qualitative Exploration,Charlotte A Dawson; Alicia Moulder; Kristin E Heron,2025-06-19,International Journal of Environmental Research and Public Health,https://pmc.ncbi.nlm.nih.gov/articles/PMC12193340/,0.0,0f17405e5758e87df3eb.txt,5425d9cb76ed7ce097330e280c3aacb984682a35d482e8194d1e77127c09203c
0f236ecbb6636f2dfe88,https://newswise.com/articles/people-in-need-of-disability-benefits-are-facing-new-barriers-and-government-cuts-and-overhauls-are-to-blame,2026-10-04T02:33:46.275015+00:00,newswise.com,True,downloaded,200.0,https://www.newswise.com/articles/people-in-need-of-disability-benefits-are-facing-new-barriers-and-government-cuts-and-overhauls-are-to-blame,110734.0,success,5061,769,html,text/html; charset=utf-8,People in Need of Disability Benefits Are Facing New Barriers – and Government Cuts and Overhauls Are to Blame | Newswise,Binghamton University; State University,2026-03-09,Newswise,https://www.newswise.com/articles/people-in-need-of-disability-benefits-are-facing-new-barriers-and-government-cuts-and-overhauls-are-to-blame,0.0,0f236ecbb6636f2dfe88.txt,af761e450d16dddae81daff25ceb2222186855705786728240a0517bc2ca33b2
0f4288d813ec7f189fc1,https://ojp.gov/pdffiles1/nij/grants/310466.pdf,2026-10-04T02:33:46.488525+00:00,ojp.gov,True,downloaded,200.0,https://www.ojp.gov/pdffiles1/nij/grants/310466.pdf,1311973.0,success,299382,42357,pdf,application/pdf,,,,,,0.0,0f4288d813ec7f189fc1.txt,82dd957f73f61103af1c0213e70216e2bc5512e35fb06bb6ef65345ffa2b21c7
0fa1472e4226e287fc66,https://cis.org/Report/Welfare-Use-Immigrants-and-USBorn-2022,2026-10-04T02:33:46.663982+00:00,cis.org,False,http_error,403.0,https://cis.org/Report/Welfare-Use-Immigrants-and-USBorn-2022,5703.0,not_extracted,0,0,,text/html; charset=UTF-8,,,,,,0.0,,
0fd1f45abaa3521f95c2,https://iyfglobal.org/reflecting-how-hispanic-heritage-has-influenced-career-development,2026-10-04T02:33:49.480010+00:00,iyfglobal.org,False,http_error,403.0,https://iyfglobal.org/reflecting-how-hispanic-heritage-has-influenced-career-development,5815.0,not_extracted,0,0,,text/html; charset=UTF-8,,,,,,0.0,,
106b0fe63a30b516b0bb,https://bestcolleges.com/resources/credit-literacy-black-hispanic-students,2026-10-04T02:33:49.815228+00:00,bestcolleges.com,True,downloaded,200.0,https://www.bestcolleges.com/resources/credit-literacy-black-hispanic-students/,411367.0,success,11360,1769,html,text/html; charset=utf-8,Why Credit Literacy Is Important for Black and Hispanic Students | BestColleges,Ciera Graham; Ph D,2022-02-10,bestcolleges.com,https://www.bestcolleges.com/resources/credit-literacy-black-hispanic-students/,0.0,106b0fe63a30b516b0bb.txt,60daeda064b6c0e629741ba72748703600b9cd8799d4b3fe1d72df68c69025a0
1092b86fcd899a7e3adc,https://scarincihollenbeck.com/law-firm-insights/workplace-sexual-harassment-claims,2026-10-04T02:33:49.981165+00:00,scarincihollenbeck.com,False,robots_disallowed,,https://scarincihollenbeck.com/law-firm-insights/workplace-sexual-harassment-claims,,not_extracted,0,0,,,,,,,,,,
10ce7f7293bab8d3477f,https://2021-2025.state.gov/reports/united-states-strategy-on-global-womens-economic-security,2026-10-04T02:33:50.606539+00:00,state.gov,True,downloaded,200.0,https://2021-2025.state.gov/reports/united-states-strategy-on-global-womens-economic-security,188865.0,success,128,18,html,text/html,Technical Difficulties,,,2021-2025.state.gov,https://2021-2025.state.gov/reports/united-states-strategy-on-global-womens-economic-security,0.0,10ce7f7293bab8d3477f.txt,c02f47bcc6e339caf1895190af19fef384fe99c5442de22a76f24540d9b13b97
10cee10e3b890b7de5c3,https://nami.org/advocacy-at-nami/policy-positions/supporting-community-inclusion-and-non-discrimination/social-determinants-of-health-housing,2026-10-04T02:33:52.513392+00:00,nami.org,False,http_error,403.0,https://nami.org/advocacy-at-nami/policy-positions/supporting-community-inclusion-and-non-discrimination/social-determinants-of-health-housing,6072.0,not_extracted,0,0,,text/html; charset=UTF-8,,,,,,0.0,,
10fe52480c8b8907b96a,https://pmc.ncbi.nlm.nih.gov/articles/PMC12051801,2026-10-04T02:33:53.412977+00:00,nih.gov,True,downloaded,200.0,https://pmc.ncbi.nlm.nih.gov/articles/PMC12051801,21371.0,success,131,18,html,text/html; charset=utf-8,Checking your browser,,2026-09-11,google.com,https://www.google.com/recaptcha/challengepage,0.0,10fe52480c8b8907b96a.txt,a29166d0eaaa418bd5af61a282f1183a46c84c4d5e4c90689b1b452d230d05cc
11450d2c66cedd40e33e,https://nacacnet.org/resources/barriers-to-successfully-financing-a-college-education/student-access-to-college-counseling,2026-10-04T02:33:53.880843+00:00,nacacnet.org,True,downloaded,200.0,https://www.nacacnet.org/resources/barriers-to-successfully-financing-a-college-education/student-access-to-college-counseling/,250653.0,success,6468,925,html,text/html; charset=UTF-8,Student Access to College Counseling - National Association for College Admission Counseling (NACAC),Michelle Lucas,2022-10-07,National Association for College Admission Counseling (NACAC),https://www.nacacnet.org/resources/barriers-to-successfully-financing-a-college-education/student-access-to-college-counseling/,0.0,11450d2c66cedd40e33e.txt,f73a7680f8ed3dc58fe5539b79587d79af0bb4dd62000092d144358ec158eb56
114d72d6f78b9f68e2fc,https://pubmed.ncbi.nlm.nih.gov/12269173,2026-10-04T02:33:56.066581+00:00,nih.gov,True,downloaded,203.0,https://pubmed.ncbi.nlm.nih.gov/12269173/,5590.0,success,100,14,html,text/html; charset=utf-8,Cookies must be enabled,,,pubmed.ncbi.nlm.nih.gov,https://pubmed.ncbi.nlm.nih.gov/12269173/,0.0,114d72d6f78b9f68e2fc.txt,f193d0de906419650acf171625dbd67f88f297290893b5473e1d8365c03d4b59
1168c6a531a39de19ccf,https://ihep.org/press/new-report-higher-education-opportunities-for-students-with-disabilities-a-primer-for-policymakers,2026-10-04T02:33:56.648925+00:00,ihep.org,True,downloaded,200.0,https://www.ihep.org/press/new-report-higher-education-opportunities-for-students-with-disabilities-a-primer-for-policymakers/,61607.0,success,5247,754,html,text/html; charset=UTF-8,"New Report: ""Higher Education Opportunities for Students With Disabilities: A Primer for Policymakers""",,2023-01-30,IHEP,http://www.ihep.org/press/new-report-higher-education-opportunities-for-students-with-disabilities-a-primer-for-policymakers/,0.0,1168c6a531a39de19ccf.txt,77382504f80af765bdcfb710fa9edeb032ae468b82e19bb9a770cf2c8c5bf0fc
118003e321aa210c8edb,https://urban.org/urban-wire/what-will-it-take-help-latina-moms-hold-homeownership-gains,2026-10-04T02:33:57.136151+00:00,urban.org,False,http_error,403.0,https://www.urban.org/urban-wire/what-will-it-take-help-latina-moms-hold-homeownership-gains,5891.0,not_extracted,0,0,,text/html; charset=UTF-8,,,,,,0.0,,
11f0dfc2f2e3c61028a4,https://sciencedirect.com/science/article/abs/pii/S0160252716300929,2026-10-04T02:33:57.422221+00:00,sciencedirect.com,False,http_error,403.0,https://www.sciencedirect.com/science/article/abs/pii/S0160252716300929,1207905.0,not_extracted,0,0,,text/html; charset=UTF-8,,,,,,0.0,,
11f491da67c66556b068,https://d-nb.info/1387925644/34,2026-10-04T02:33:57.935582+00:00,d-nb.info,True,downloaded,200.0,https://d-nb.info/1387925644/34,1426155.0,success,103164,14233,pdf,application/pdf;charset=base64,,,,,,0.0,11f491da67c66556b068.txt,a7cffe0161c36a74c02d1b80ee6c1d86402539b963fb9063db11f6ad7d3b629a
1242d8d7be328cbd3b29,https://home.treasury.gov/news/featured-stories/racial-differences-in-economic-security-housing,2026-10-04T02:33:58.904910+00:00,treasury.gov,True,downloaded,200.0,https://home.treasury.gov/news/featured-stories/racial-differences-in-economic-security-housing,92586.0,success,17707,2541,html,text/html; charset=utf-8,Racial Differences in Economic Security: Housing,,2022-11-04,U.S. Department of the Treasury,https://home.treasury.gov/news/featured-stories/racial-differences-in-economic-security-housing,0.0,1242d8d7be328cbd3b29.txt,f9cd59d2742788287cb745cf4693f16080cc6bea29c6320567e31449840566d3
125f8520e8a90a6debc8,https://croweshanahan.com/blog/2026/03/what-disqualifies-a-person-from-disability,2026-10-04T02:34:00.115473+00:00,croweshanahan.com,False,http_error,403.0,https://croweshanahan.com/blog/2026/03/what-disqualifies-a-person-from-disability,52.0,not_extracted,0,0,,text/html,,,,,,0.0,,
129796d1f6096204f870,https://pmc.ncbi.nlm.nih.gov/articles/PMC10466048,2026-10-04T02:34:01.031315+00:00,nih.gov,True,downloaded,200.0,https://pmc.ncbi.nlm.nih.gov/articles/PMC10466048,21367.0,success,131,18,html,text/html; charset=utf-8,Checking your browser,,2026-09-11,google.com,https://www.google.com/recaptcha/challengepage,0.0,129796d1f6096204f870.txt,a29166d0eaaa418bd5af61a282f1183a46c84c4d5e4c90689b1b452d230d05cc
13102169fdbf1093ca52,https://ncsl.org/civil-and-criminal-justice/racial-and-ethnic-disparities-in-the-criminal-justice-system,2026-10-04T02:34:03.503135+00:00,ncsl.org,False,http_error,403.0,https://ncsl.org/civil-and-criminal-justice/racial-and-ethnic-disparities-in-the-criminal-justice-system,5915.0,not_extracted,0,0,,text/html; charset=UTF-8,,,,,,0.0,,
13123e88c82b0967ac2e,https://digitalcommons.library.uab.edu/cgi/viewcontent.cgi?article=1613&context=etd-collection,2026-10-04T02:34:04.025692+00:00,uab.edu,False,http_error,403.0,https://digitalcommons.library.uab.edu/cgi/viewcontent.cgi?article=1613&context=etd-collection,5851.0,not_extracted,0,0,,text/html; charset=UTF-8,,,,,,0.0,,
13124df66a011cdd5b0e,https://investopedia.com/terms/f/five-c-credit.asp,2026-10-04T02:34:04.268572+00:00,investopedia.com,False,http_error,402.0,https://www.investopedia.com/terms/f/five-c-credit.asp,612.0,not_extracted,0,0,,text/html,,,,,,0.0,,
1329ff148461994b165b,https://uscis.gov/policy-manual/volume-8-part-g-chapter-7,2026-10-04T02:34:04.417883+00:00,uscis.gov,False,http_error,403.0,https://uscis.gov/policy-manual/volume-8-part-g-chapter-7,424.0,not_extracted,0,0,,text/html,,,,,,0.0,,
1373c11e30c98a1e1208,https://corwin-connect.com/2014/10/bullying-students-with-disabilities,2026-10-04T02:34:04.606805+00:00,corwin-connect.com,True,downloaded,200.0,https://corwin-connect.com/2014/10/bullying-students-with-disabilities/,184550.0,success,4374,717,html,text/html; charset=UTF-8,Bullying and Students With Disabilities - Corwin Connect,Barry McNamara,2014-10-28,Corwin Connect,https://corwin-connect.com/2014/10/bullying-students-with-disabilities/,0.0,1373c11e30c98a1e1208.txt,aab42eebd18fa99707c1a1664ae6f8feb339bc0cc8599dd5cb2970ad2f293d52
13845643f23f18aad6f3,https://pn3policy.org/race-and-racial-perceptions-shape-burden-tolerance-for-medicaid-and-the-supplemental-nutrition-assistance-program,2026-10-04T02:34:07.183034+00:00,pn3policy.org,True,downloaded,200.0,https://pn3policy.org/race-and-racial-perceptions-shape-burden-tolerance-for-medicaid-and-the-supplemental-nutrition-assistance-program,333605.0,success,684,104,html,text/html; charset=UTF-8,Race And Racial Perceptions Shape Burden Tolerance For Medicaid And The Supplemental Nutrition Assistance Program - Prenatal-to-3 Policy Impact Center,PN,2023-10-01,Prenatal-to-3 Policy Impact Center,https://pn3policy.org/race-and-racial-perceptions-shape-burden-tolerance-for-medicaid-and-the-supplemental-nutrition-assistance-program/,0.0,13845643f23f18aad6f3.txt,ee370a097ae73fb0328f168d0b93a09673850d7ce6433f12140decd301ec0055
13ce2c1579cc7faeefd8,https://247ssdi.com/f/ssdi-and-the-lgbtq-community-unique-challenges-and-resources,2026-10-04T02:34:07.604107+00:00,247ssdi.com,True,downloaded,200.0,https://247ssdi.com/f/ssdi-and-the-lgbtq-community-unique-challenges-and-resources,227164.0,success,1321,222,html,text/html;charset=utf-8,SSDI and the LGBTQ+ Community: Unique Challenges and Resources,The People's Representative; LLC,2025-11-16,The People's Representative™,https://247ssdi.com/f/ssdi-and-the-lgbtq-community-unique-challenges-and-resources,0.0,13ce2c1579cc7faeefd8.txt,e0d2badd28393548e18612057c3e4dbc7e773059d7bae1d35c8e508c7bbed615
13d6cf4b07f62ebe6b53,https://pewresearch.org/short-reads/2021/11/08/whats-behind-the-growing-gap-between-men-and-women-in-college-completion,2026-10-04T02:34:08.334678+00:00,pewresearch.org,False,http_error,403.0,https://pewresearch.org/short-reads/2021/11/08/whats-behind-the-growing-gap-between-men-and-women-in-college-completion,4215.0,not_extracted,0,0,,text/html,,,,,,0.0,,
142d3fc38bdf21f16c0c,https://youtube.com/watch?v=EKKkC5G9Nm4,2026-10-04T02:34:10.146715+00:00,youtube.com,True,downloaded,200.0,https://www.youtube.com/watch?v=EKKkC5G9Nm4,1316831.0,success,146,23,html,text/html; charset=utf-8,Why Men Are Disappearing From College Campuses,,2024-08-15,YouTube,https://www.youtube.com/watch?v=EKKkC5G9Nm4,0.0,142d3fc38bdf21f16c0c.txt,8dbba17988e385133ba8f51d76cde1fc2c859262b666cb848e9cfe2478fd5e71
145808ef415e04529608,https://sciencedirect.com/science/article/pii/S2590291126002494,2026-10-04T02:34:10.812035+00:00,sciencedirect.com,False,http_error,403.0,https://www.sciencedirect.com/science/article/pii/S2590291126002494,1207871.0,not_extracted,0,0,,text/html; charset=UTF-8,,,,,,0.0,,
1460345eb59d8d0ee6fb,https://unwomen.org/en/what-we-do/economic-empowerment/facts-and-figures,2026-10-04T02:34:11.100754+00:00,unwomen.org,True,downloaded,200.0,https://www.unwomen.org/en/what-we-do/economic-empowerment/facts-and-figures,781352.0,success,25580,3386,html,text/html; charset=UTF-8,Facts and Figures: Economic Empowerment,,2018-05-31,UN Women – Headquarters,https://www.unwomen.org/en/what-we-do/economic-empowerment/facts-and-figures,0.0,1460345eb59d8d0ee6fb.txt,6775364a32675c0b33456508a5eb713743e39d89b6796c9fbf541d07cadb7927
146b551e2988d5513d6b,https://pmc.ncbi.nlm.nih.gov/articles/PMC12628517,2026-10-04T02:34:11.511034+00:00,nih.gov,True,downloaded,200.0,https://pmc.ncbi.nlm.nih.gov/articles/PMC12628517/,21373.0,success,131,18,html,text/html; charset=utf-8,Checking your browser,,2026-09-11,google.com,https://www.google.com/recaptcha/challengepage,0.0,146b551e2988d5513d6b.txt,a29166d0eaaa418bd5af61a282f1183a46c84c4d5e4c90689b1b452d230d05cc
1498feb07652571de5fc,https://nationalhomeless.org/homelessness-in-the-us,2026-10-04T02:34:11.915866+00:00,nationalhomeless.org,True,downloaded,200.0,https://nationalhomeless.org/homelessness-in-the-us/,117832.0,success,3393,528,html,text/html; charset=UTF-8,Homelessness in the US - National Coalition for the Homeless,,2022-12-26,National Coalition for the Homeless - Building a movement to End Homelessness,https://nationalhomeless.org/homelessness-in-the-us/,0.0,1498feb07652571de5fc.txt,a0e2d75c3e1a0fd362c2b3905022af2c249c9e6acf68c31bfecdc8cca6b2c097
14d2ef1825d034d2f4a8,https://pmc.ncbi.nlm.nih.gov/articles/PMC10484126,2026-10-04T02:34:12.747361+00:00,nih.gov,True,downloaded,200.0,https://pmc.ncbi.nlm.nih.gov/articles/PMC10484126,21371.0,success,131,18,html,text/html; charset=utf-8,Checking your browser,,2026-09-11,google.com,https://www.google.com/recaptcha/challengepage,0.0,14d2ef1825d034d2f4a8.txt,a29166d0eaaa418bd5af61a282f1183a46c84c4d5e4c90689b1b452d230d05cc
14f95c75dfed774b533c,https://link.springer.com/article/10.1007/s00148-024-01031-w,2026-10-04T02:34:12.962011+00:00,springer.com,False,robots_disallowed,,https://link.springer.com/article/10.1007/s00148-024-01031-w,,not_extracted,0,0,,,,,,,,,,
152be612e99c07929e10,https://mhanational.org/resources/bullying-lgbt-youth,2026-10-04T02:34:14.072146+00:00,mhanational.org,True,downloaded,200.0,https://mhanational.org/resources/bullying-lgbt-youth/,138729.0,success,4925,750,html,text/html; charset=UTF-8,Bullying: LGBT youth | Mental Health America,,2026-05-15,Mental Health America,https://mhanational.org/resources/bullying-lgbt-youth/,0.0,152be612e99c07929e10.txt,1c4c88cd19795e58a0ae7593dca87f103b31939a9cac9d6cadea14566c81388a
153c6abfa61d901c9c04,https://youtube.com/watch?t=79s&v=8lQxsJY3D20,2026-10-04T02:34:14.677422+00:00,youtube.com,True,downloaded,200.0,https://www.youtube.com/watch?t=79s&v=8lQxsJY3D20,1087368.0,success,146,23,html,text/html; charset=utf-8,"Bullying, Harassment, & Intimidation: What it is, what to do about it, and how to stop it",,2023-06-20,YouTube,https://www.youtube.com/watch?v=8lQxsJY3D20,0.0,153c6abfa61d901c9c04.txt,8dbba17988e385133ba8f51d76cde1fc2c859262b666cb848e9cfe2478fd5e71
1583345617804066ec3f,https://hrlibrary.umn.edu/svaw/harassment/explore/3causes.htm,2026-10-04T02:34:17.163197+00:00,umn.edu,True,downloaded,200.0,https://hrlibrary.umn.edu/svaw/harassment/explore/3causes.htm,18376.0,success,6366,1011,html,text/html,Sexual Harassment,,2023-02-01,hrlibrary.umn.edu,https://hrlibrary.umn.edu/svaw/harassment/explore/3causes.htm,0.0,1583345617804066ec3f.txt,39c332ce289a675c04fd9444d5db4fa131ee9a7919228eb25258dcbe1f9c64b1
15927ae56cb45a407606,https://journals.sagepub.com/doi/10.1177/23328584241298951,2026-10-04T02:34:17.209835+00:00,sagepub.com,False,http_error,403.0,https://journals.sagepub.com/doi/10.1177/23328584241298951,5740.0,not_extracted,0,0,,text/html; charset=UTF-8,,,,,,0.0,,
15b9a9a4a56279c94c7e,https://safehousingpartnerships.org/wp-content/uploads/2025/05/Equal-Access-for-Transgender-People-Supporting-Inclusive-Housing-and-Shelters.pdf,2026-10-04T02:34:17.352133+00:00,safehousingpartnerships.org,False,http_error,403.0,https://safehousingpartnerships.org/wp-content/uploads/2025/05/Equal-Access-for-Transgender-People-Supporting-Inclusive-Housing-and-Shelters.pdf,52.0,not_extracted,0,0,,text/html,,,,,,0.0,,
160dbc535498d926a571,https://higheredtoday.org/2017/04/10/lgbtq-students-higher-education,2026-10-04T02:34:18.403312+00:00,higheredtoday.org,True,downloaded,200.0,https://www.higheredtoday.org/2017/04/10/lgbtq-students-higher-education/,78207.0,success,12738,1789,html,text/html; charset=UTF-8,LGBTQ Students on Campus: Issues and Opportunities for Higher Education Leaders,Laurie Arnston,2017-04-10,Higher Education Today,https://www.higheredtoday.org/2017/04/10/lgbtq-students-higher-education/,0.0,160dbc535498d926a571.txt,2d7ff04151debaa0411f3058ae4fa9023b03a41985fc1277ca37316cd66d9af6
16211cac20555924afe2,https://census.gov/library/stories/2022/05/who-is-receiving-social-safety-net-benefits.html,2026-10-04T02:34:18.566633+00:00,census.gov,True,downloaded,200.0,https://www.census.gov/library/stories/2022/05/who-is-receiving-social-safety-net-benefits.html,364130.0,success,7047,946,html,text/html; charset=UTF-8,New Interactive Data Tool Shows Characteristics of Those Who Receive Assistance From Government Programs,US Census Bureau; U S Census Bureau,2022-05-24,Census.gov,https://www.census.gov/library/stories/2022/05/who-is-receiving-social-safety-net-benefits.html,0.0,16211cac20555924afe2.txt,9f10f74524aeb54d70aeb9f1bb54be58fc9f7596292263fad426d091d3708902
1634f35e739b61af2842,https://careervillage.org/questions/704467/what-are-the-key-factors-that-employers-look-for-when-hiring-people,2026-10-04T02:34:20.260269+00:00,careervillage.org,False,http_error,403.0,https://careervillage.org/questions/704467/what-are-the-key-factors-that-employers-look-for-when-hiring-people,5894.0,not_extracted,0,0,,text/html; charset=UTF-8,,,,,,0.0,,
16405c39aa7d0a17031d,https://hssib.org.uk/patient-safety-investigations/caring-for-adults-with-learning-disabilities-in-acute-hospitals/investigation-report,2026-10-04T02:34:20.261518+00:00,hssib.org.uk,True,downloaded,200.0,https://www.hssib.org.uk/patient-safety-investigations/caring-for-adults-with-learning-disabilities-in-acute-hospitals/investigation-report/,347020.0,success,136258,20089,html,text/html; charset=utf-8,Investigation report: Caring for adults with a learning disability in acute hospitals,Sam Dresti,2023-11-02,HSSIB,https://www.hssib.org.uk/patient-safety-investigations/caring-for-adults-with-learning-disabilities-in-acute-hospitals/investigation-report/,0.0,16405c39aa7d0a17031d.txt,20c31b42aea06dd4f0a9a7fa2d41cf045f36f142999e3d26fcce50cf84adb721
16737f1f9f84c9af64c8,https://epi.org/publication/chasing-the-dream-of-equity,2026-10-04T02:34:22.062654+00:00,epi.org,False,http_error,403.0,https://epi.org/publication/chasing-the-dream-of-equity,5864.0,not_extracted,0,0,,text/html; charset=UTF-8,,,,,,0.0,,
167f3a975696cae08691,https://crosslawfirm.com/blog/2025/06/how-does-discrimination-affect-workers-with-disabilities-2,2026-10-04T02:34:22.168155+00:00,crosslawfirm.com,False,http_error,403.0,https://crosslawfirm.com/blog/2025/06/how-does-discrimination-affect-workers-with-disabilities-2,17.0,not_extracted,0,0,,text/plain; charset=UTF-8,,,,,,0.0,,
16f569b730840317efd8,https://youtube.com/watch?t=30s&v=Lih6wkmQTs0,2026-10-04T02:34:22.464274+00:00,youtube.com,True,downloaded,200.0,https://www.youtube.com/watch?t=30s&v=Lih6wkmQTs0,1163757.0,success,146,23,html,text/html; charset=utf-8,Bullying 101: The Basics,,2022-03-30,YouTube,https://www.youtube.com/watch?v=Lih6wkmQTs0,0.0,16f569b730840317efd8.txt,8dbba17988e385133ba8f51d76cde1fc2c859262b666cb848e9cfe2478fd5e71
170e32bf479a2c6a8ebe,https://revealnews.org/article/the-secret-bias-hidden-in-mortgage-approval-algorithms,2026-10-04T02:34:24.380217+00:00,revealnews.org,True,downloaded,200.0,https://revealnews.org/article/the-secret-bias-hidden-in-mortgage-approval-algorithms/,221476.0,success,24563,3958,html,text/html; charset=UTF-8,The secret bias hidden in mortgage-approval algorithms - Reveal,Emmanuel Martinez; Lauren Kirchner,2021-08-25,The Center for Investigative Reporting,https://revealnews.org/article/the-secret-bias-hidden-in-mortgage-approval-algorithms/,0.0,170e32bf479a2c6a8ebe.txt,06d4d210eb90e65aa3b5faa1ae2793094a7cddf1adbf0c8c7d5f558654d44abb
172b515123646d2b146d,https://urban.org/urban-wire/domestic-violence-survivors-urgently-need-housing-stability-and-solutions-during-pandemic,2026-10-04T02:34:26.225935+00:00,urban.org,False,http_error,403.0,https://www.urban.org/urban-wire/domestic-violence-survivors-urgently-need-housing-stability-and-solutions-during-pandemic,6023.0,not_extracted,0,0,,text/html; charset=UTF-8,,,,,,0.0,,
1760483afe70176c1873,https://healthaffairs.org/content/briefs/administrative-burdens-can-harm-health-1773889203949,2026-10-04T02:34:28.451327+00:00,healthaffairs.org,False,http_error,403.0,https://healthaffairs.org/content/briefs/administrative-burdens-can-harm-health-1773889203949,5894.0,not_extracted,0,0,,text/html; charset=UTF-8,,,,,,0.0,,
17742d47792bb6b9d401,https://nacacnet.org/resources/newsroom/journal-of-college-admission,2026-10-04T02:34:29.803064+00:00,nacacnet.org,True,downloaded,200.0,https://www.nacacnet.org/resources/newsroom/journal-of-college-admission/,613876.0,success,263245,41588,html,text/html; charset=UTF-8,The Journal of College Admission - National Association for College Admission Counseling (NACAC),Michelle Lucas,2026-07-27,National Association for College Admission Counseling (NACAC),https://www.nacacnet.org/resources/newsroom/journal-of-college-admission/,0.0,17742d47792bb6b9d401.txt,3b0325e39458da48457d13b7acafbaa44f4ea236e1ed1975010df576918907e6
17936b7d1f54530d580b,https://sciencedirect.com/science/article/pii/S1747938X25000260,2026-10-04T02:34:30.164573+00:00,sciencedirect.com,False,http_error,403.0,https://www.sciencedirect.com/science/article/pii/S1747938X25000260,1207871.0,not_extracted,0,0,,text/html; charset=UTF-8,,,,,,0.0,,
17c34ca721abd856ceee,https://pmc.ncbi.nlm.nih.gov/articles/PMC11762843,2026-10-04T02:34:31.795220+00:00,nih.gov,True,downloaded,200.0,https://pmc.ncbi.nlm.nih.gov/articles/PMC11762843/,320317.0,success,103280,14572,html,text/html; charset=utf-8,Similarities and Differences Between Bullying and Sexual Harassment in Schools: A Social-Ecological Review of Risk and Protective Factors,Zehra Sahin-Ilkorkor; Sarah Jane Brubaker,2025-01-13,Behavioral Sciences,https://pmc.ncbi.nlm.nih.gov/articles/PMC11762843/,0.0,17c34ca721abd856ceee.txt,a22410ecfc1dea738921e11792ab3c45fda88b0974ee269f90d190bc6ee95c52
17cc8e725b989ea2cabd,https://vera.org/ending-mass-incarceration/causes-of-mass-incarceration,2026-10-04T02:34:31.966680+00:00,vera.org,True,downloaded,200.0,https://www.vera.org/ending-mass-incarceration/causes-of-mass-incarceration,74816.0,success,2483,385,html,text/html; charset=UTF-8,Causes of Mass Incarceration,,2022-03-22,Vera Institute of Justice,https://www.vera.org/ending-mass-incarceration/causes-of-mass-incarceration,0.0,17cc8e725b989ea2cabd.txt,04c4c53787612a0fd8cd750bb4cca1602e2c86e4c01821bad765e6a76590dc38
17fcd05f5e69d8ccd805,https://pmc.ncbi.nlm.nih.gov/articles/PMC13384522,2026-10-04T02:34:32.590206+00:00,nih.gov,True,downloaded,200.0,https://pmc.ncbi.nlm.nih.gov/articles/PMC13384522/,278590.0,success,90556,13962,html,text/html; charset=utf-8,Where racial and ethnic disparities in policing come from: The spatial concentration of arrests across six cities,Roland Neil; John M MacDonald,2022-10-08,Criminology & public policy,https://pmc.ncbi.nlm.nih.gov/articles/PMC13384522/,0.0,17fcd05f5e69d8ccd805.txt,a7bceb17e5d547a98213537417a8e655f6c43ea7f3c85e55098b7af3d46527e8
180bb387221568a1ed8e,https://pmc.ncbi.nlm.nih.gov/articles/PMC5976555,2026-10-04T02:34:32.728582+00:00,nih.gov,True,downloaded,200.0,https://pmc.ncbi.nlm.nih.gov/articles/PMC5976555,21366.0,success,131,18,html,text/html; charset=utf-8,Checking your browser,,2026-09-11,google.com,https://www.google.com/recaptcha/challengepage,0.0,180bb387221568a1ed8e.txt,a29166d0eaaa418bd5af61a282f1183a46c84c4d5e4c90689b1b452d230d05cc
181faeb793f78314144e,https://siepr.stanford.edu/publications/policy-brief/financing-black-owned-businesses,2026-10-04T02:34:32.854439+00:00,stanford.edu,True,downloaded,200.0,https://siepr.stanford.edu/publications/policy-brief/financing-black-owned-businesses,91525.0,success,7033,1057,html,text/html; charset=UTF-8,Financing Black-Owned Businesses,Author Rob Fairlie,2003-01-01,Stanford Institute for Economic Policy Research (SIEPR),https://siepr.stanford.edu/publications/policy-brief/financing-black-owned-businesses,0.0,181faeb793f78314144e.txt,c8432696edab097b8dd244355ff596a4da5d63109f435615c999dea44ea27e9b
18269a108978bb8f017f,https://youtube.com/shorts/eDNFOyAXt7Q,2026-10-04T02:34:33.083182+00:00,youtube.com,True,downloaded,200.0,https://www.youtube.com/shorts/eDNFOyAXt7Q,1518265.0,success,146,23,html,text/html; charset=utf-8,How the housing crisis is increasing safety concerns for women | ABC NEWS,,2026-08-03,YouTube,https://www.youtube.com/shorts/eDNFOyAXt7Q,0.0,18269a108978bb8f017f.txt,8dbba17988e385133ba8f51d76cde1fc2c859262b666cb848e9cfe2478fd5e71
1852e9f248ae0d218a29,https://archive.ada.gov/criminaljustice/cj_related_resources.html,2026-10-04T02:34:33.714469+00:00,ada.gov,True,downloaded,200.0,https://archive.ada.gov/criminaljustice/cj_related_resources.html,18840.0,success,5420,748,html,text/html; charset=utf-8,ADA Criminal Justice Related Resources,U S Department; Civil Rights Division; Disability Rights Section,2011-07-06,archive.ada.gov,https://archive.ada.gov/criminaljustice/cj_related_resources.html,0.0,1852e9f248ae0d218a29.txt,df7424a964675917548a5bcc679fe18f596978bd14e6f447f368d31d721c7cd0
186adfcb832b027a017f,https://scholarship.law.umn.edu/cgi/viewcontent.cgi?article=1670&context=lawineq,2026-10-04T02:34:34.255777+00:00,umn.edu,False,http_error,403.0,https://scholarship.law.umn.edu/cgi/viewcontent.cgi?article=1670&context=lawineq,5801.0,not_extracted,0,0,,text/html; charset=UTF-8,,,,,,0.0,,
187dfe43ad06ab9997b6,https://medicaleconomics.com/view/90-of-americans-delay-preventive-screenings-aflac-survey-finds,2026-10-04T02:34:36.332970+00:00,medicaleconomics.com,True,downloaded,200.0,https://www.medicaleconomics.com/view/90-of-americans-delay-preventive-screenings-aflac-survey-finds,496210.0,success,4176,662,html,text/html; charset=utf-8,"90% of Americans delay preventive screenings, Aflac survey finds | Medical Economics",Austin Littrell,2025-04-28,Medical Economics,https://www.medicaleconomics.com/view/90-of-americans-delay-preventive-screenings-aflac-survey-finds,0.0,187dfe43ad06ab9997b6.txt,49d02cc4eb64b034c73d468ab471b81ddc7a17a3de4d44cd088d86b94adc70a9
19034c7a6ae5b1080827,https://aacn.org/blog/caring-for-lgbtq-patients-in-critical-and-progressive-care,2026-10-04T02:34:36.346852+00:00,aacn.org,True,downloaded,200.0,https://www.aacn.org/blog/caring-for-lgbtq-patients-in-critical-and-progressive-care,76809.0,success,9647,1397,html,text/html; charset=utf-8,Caring for LGBTQ+ Patients in Critical and Progressive Care,Luis E Caso Vega He; Him; Él; MBA; BSN; CEN; CPEN; NE-BC; TCRN,2025-01-13,AACN,https://www.aacn.org/blog/caring-for-lgbtq-patients-in-critical-and-progressive-care,0.0,19034c7a6ae5b1080827.txt,9561e9a7d2e0f668604f7c40a415bcc209adccc2f9d8d1dc7021085d9816e4d2
194076d8a1a7f1321a8b,https://transequality.org/resources/know-your-rights-employment,2026-10-04T02:34:37.862949+00:00,transequality.org,True,downloaded,200.0,https://transequality.org/resources/know-your-rights-employment,98757.0,success,10246,1613,html,text/html; charset=UTF-8,Know Your Rights: Employment | A4TE,,2026-01-01,A4TE,https://transequality.org/resources/know-your-rights-employment,0.0,194076d8a1a7f1321a8b.txt,b632097fc6f17895dd00a17904dfce6be2173a798e1295b0286d664ba81c59a3
199ce25cee1b3a1eb1ad,https://youtube.com/watch?t=68s&v=_X1Yd5UFUvk,2026-10-04T02:34:37.863834+00:00,youtube.com,True,downloaded,200.0,https://www.youtube.com/watch?t=68s&v=_X1Yd5UFUvk,1167483.0,success,146,23,html,text/html; charset=utf-8,Report finds racial disparities in police use of force,,2016-07-09,YouTube,https://www.youtube.com/watch?v=_X1Yd5UFUvk,0.0,199ce25cee1b3a1eb1ad.txt,8dbba17988e385133ba8f51d76cde1fc2c859262b666cb848e9cfe2478fd5e71
19d0c6cccdac61ea50b6,https://omahawomensfund.org/the-impact-of-housing-justice-on-gender-equity,2026-10-04T02:34:40.740771+00:00,omahawomensfund.org,False,http_error,403.0,https://omahawomensfund.org/the-impact-of-housing-justice-on-gender-equity,5782.0,not_extracted,0,0,,text/html; charset=UTF-8,,,,,,0.0,,
19fdfb66682fd45b9bf3,https://outandequal.org/resource/3insights-financialservicessector,2026-10-04T02:34:40.954845+00:00,outandequal.org,True,downloaded,200.0,https://outandequal.org/resource/3insights-financialservicessector/,188987.0,success,15137,2291,html,text/html; charset=UTF-8,From Knowledge to Action: How the Financial Services Sector Can Better Serve the LGBTQ+ Community | Out & Equal,,2026-01-05,Out & Equal,https://outandequal.org/resource/3insights-financialservicessector/,0.0,19fdfb66682fd45b9bf3.txt,2463a2c5cdaecacb87e135a8f31e6192b3fb44df5415d0e5330ab6692942ce45
1a444ac222ba65e89125,https://pmc.ncbi.nlm.nih.gov/articles/PMC2831379,2026-10-04T02:34:41.448294+00:00,nih.gov,True,downloaded,200.0,https://pmc.ncbi.nlm.nih.gov/articles/PMC2831379,21368.0,success,131,18,html,text/html; charset=utf-8,Checking your browser,,2026-09-11,google.com,https://www.google.com/recaptcha/challengepage,0.0,1a444ac222ba65e89125.txt,a29166d0eaaa418bd5af61a282f1183a46c84c4d5e4c90689b1b452d230d05cc
1a81d141e05c6b2434ee,https://kff.org/womens-health-policy/medicaid-coverage-for-women,2026-10-04T02:34:42.384594+00:00,kff.org,True,downloaded,200.0,https://www.kff.org/womens-health-policy/medicaid-coverage-for-women/,197509.0,success,16507,2538,html,text/html; charset=UTF-8,Medicaid Coverage for Women | KFF,Ivette Gomez; Usha Ranji; Alina Salganicoff; Brittni Frederiksen,2026-08-26,"KFF - The independent source for health policy research, polling, and news",https://www.kff.org/womens-health-policy/medicaid-coverage-for-women/,0.0,1a81d141e05c6b2434ee.txt,39a5d0efc233ced07bac23bddd12ea0c1b09c3e4f8408b7735ff6cc93ca2ae4f
1a891f5bf0848c83b9b6,https://journals.sagepub.com/doi/10.1089/cyber.2012.0132?cf-mal-redirected=true,2026-10-04T02:34:42.743320+00:00,sagepub.com,False,http_error,403.0,https://journals.sagepub.com/doi/10.1089/cyber.2012.0132?cf-mal-redirected=true,5861.0,not_extracted,0,0,,text/html; charset=UTF-8,,,,,,0.0,,
1a9701acbdbc933c66a7,https://thecicn.org/factors-and-barriers-that-influence-career-development,2026-10-04T02:34:44.307562+00:00,thecicn.org,True,downloaded,200.0,https://thecicn.org/factors-and-barriers-that-influence-career-development/,314786.0,success,3225,524,html,text/html; charset=UTF-8,FACTORS AND BARRIERS THAT INFLUENCE CAREER DEVELOPMENT,,2021-04-06,thecicn.org,https://thecicn.org/factors-and-barriers-that-influence-career-development/,0.0,1a9701acbdbc933c66a7.txt,71dee90e3dfdaade43d1ad62715e4717948b4b8033afe7355219e8f93fd6139f
1acc8421c9b20e6563af,https://emerald.com/edi/article/39/4/395/81078/Mechanisms-for-hiring-discrimination-of-immigrant,2026-10-04T02:34:44.721967+00:00,emerald.com,False,http_error,403.0,https://www.emerald.com/edi/article/39/4/395/81078/Mechanisms-for-hiring-discrimination-of-immigrant,5868.0,not_extracted,0,0,,text/html; charset=UTF-8,,,,,,0.0,,
1ae9309bc25a8aac32e4,https://nacacnet.org/factors-in-college-admission,2026-10-04T02:34:44.725083+00:00,nacacnet.org,True,downloaded,200.0,https://www.nacacnet.org/factors-in-college-admission/,247503.0,success,1177,166,html,text/html; charset=UTF-8,Factors in College Admission - National Association for College Admission Counseling (NACAC),Michelle Lucas,2022-10-01,National Association for College Admission Counseling (NACAC),https://www.nacacnet.org/factors-in-college-admission/,0.0,1ae9309bc25a8aac32e4.txt,6c6bdbeb8d0b2176f485cec81d7ce0f699d9b86eafdf93f658e6c49f77ea71de
1af1dea5d9abf73eba30,https://pmc.ncbi.nlm.nih.gov/articles/PMC10726945,2026-10-04T02:34:45.792099+00:00,nih.gov,True,downloaded,200.0,https://pmc.ncbi.nlm.nih.gov/articles/PMC10726945/,208398.0,success,45985,7180,html,text/html; charset=utf-8,"Health Insurance Coverage and Access to Care by Sexual Orientation During the COVID-19 Pandemic: United States, January 2021–February 2022",Kevin H Nguyen; Timothy W Levengood; Heidi L Allen; Gilbert Gonzales,2024-01-01,American Journal of Public Health,https://pmc.ncbi.nlm.nih.gov/articles/PMC10726945/,0.0,1af1dea5d9abf73eba30.txt,43b252d18fbf79db735098b8dd60ec7c732b8960298654094ec282b71bc762e8
1b0c1df864e3c996279e,https://share.google/6j88EzTlb4q7XEpi0,2026-10-04T02:34:46.989808+00:00,share.google,True,downloaded,200.0,https://www.aeaweb.org/conference/2018/preliminary/paper/Z3Y34RSk,1489056.0,success,123310,16299,pdf,application/pdf,,,,,,0.0,1b0c1df864e3c996279e.txt,fd6a04efbcab7bf7033a2329d6248fb3162b8bf821c5feea8c96c289e8297d7f
1b1a6f0b7e74d329335f,https://brookings.edu/articles/there-are-clear-race-based-inequalities-in-health-insurance-and-health-outcomes,2026-10-04T02:34:47.397508+00:00,brookings.edu,True,downloaded,200.0,https://www.brookings.edu/articles/there-are-clear-race-based-inequalities-in-health-insurance-and-health-outcomes/,184826.0,success,2916,490,html,text/html; charset=UTF-8,"There are clear, race-based inequalities in health insurance and health outcomes | Brookings",James C Benton,2022-03-09,Brookings,https://www.brookings.edu/articles/there-are-clear-race-based-inequalities-in-health-insurance-and-health-outcomes/,0.0,1b1a6f0b7e74d329335f.txt,07ae6fea4d37ca052ee2cf2dfe4fbe7ac48eab4433ff07dfdf73ae4ebfbdc6eb
1b637dbfce2146a8848d,https://theconversation.com/white-men-who-have-been-mistreated-at-work-are-more-likely-to-notice-and-report-harassment-new-research-234528,2026-10-04T02:34:48.608920+00:00,theconversation.com,True,downloaded,200.0,https://theconversation.com/white-men-who-have-been-mistreated-at-work-are-more-likely-to-notice-and-report-harassment-new-research-234528,175539.0,success,3655,595,html,text/html; charset=utf-8,White men who have been mistreated at work are more likely to notice and report harassment − new research,Erin A Cech,2024-08-07,The Conversation,https://theconversation.com/white-men-who-have-been-mistreated-at-work-are-more-likely-to-notice-and-report-harassment-new-research-234528,0.0,1b637dbfce2146a8848d.txt,9b1712f72b7021a52821438cb8b5d0dff7c07475a2ef49acd9d94f868471fc2c
1c2ca4bf3b3d352ef26c,https://sciencedirect.com/science/article/pii/S2211335522001887,2026-10-04T02:34:49.577653+00:00,sciencedirect.com,False,http_error,403.0,https://www.sciencedirect.com/science/article/pii/S2211335522001887,1207871.0,not_extracted,0,0,,text/html; charset=UTF-8,,,,,,0.0,,
1c598ce41cb4f17ada73,https://pmc.ncbi.nlm.nih.gov/articles/PMC9931624,2026-10-04T02:34:51.483078+00:00,nih.gov,True,downloaded,200.0,https://pmc.ncbi.nlm.nih.gov/articles/PMC9931624,21367.0,success,131,18,html,text/html; charset=utf-8,Checking your browser,,2026-09-11,google.com,https://www.google.com/recaptcha/challengepage,0.0,1c598ce41cb4f17ada73.txt,a29166d0eaaa418bd5af61a282f1183a46c84c4d5e4c90689b1b452d230d05cc
1c5b27d8a944d3ad338f,https://transcanwork.org/news/mental-health-and-the-workplace-how-discrimination-impacts-noncisgender-employees,2026-10-04T02:34:52.631118+00:00,transcanwork.org,True,downloaded,200.0,https://www.transcanwork.org/news/mental-health-and-the-workplace-how-discrimination-impacts-noncisgender-employees,379535.0,success,8507,1174,html,text/html;charset=utf-8,Mental Health and the Workplace: How Discrimination Impacts Noncisgender Employees — Trans Can Work,Jerome Trammel,2026-02-26,Trans Can Work,https://www.transcanwork.org/news/mental-health-and-the-workplace-how-discrimination-impacts-noncisgender-employees,0.0,1c5b27d8a944d3ad338f.txt,43b023065028eb119488c0e8bfebe0cff79389820f2d5dc157e56db726ef6a94
1c6aa6ac9d8f736aea5c,https://pmc.ncbi.nlm.nih.gov/articles/PMC8536312,2026-10-04T02:34:52.797009+00:00,nih.gov,True,downloaded,200.0,https://pmc.ncbi.nlm.nih.gov/articles/PMC8536312,21367.0,success,131,18,html,text/html; charset=utf-8,Checking your browser,,2026-09-11,google.com,https://www.google.com/recaptcha/challengepage,0.0,1c6aa6ac9d8f736aea5c.txt,a29166d0eaaa418bd5af61a282f1183a46c84c4d5e4c90689b1b452d230d05cc
1cbe5434214cbdb77b60,https://pmc.ncbi.nlm.nih.gov/articles/PMC9017075,2026-10-04T02:34:53.138045+00:00,nih.gov,True,downloaded,200.0,https://pmc.ncbi.nlm.nih.gov/articles/PMC9017075,21368.0,success,131,18,html,text/html; charset=utf-8,Checking your browser,,2026-09-11,google.com,https://www.google.com/recaptcha/challengepage,0.0,1cbe5434214cbdb77b60.txt,a29166d0eaaa418bd5af61a282f1183a46c84c4d5e4c90689b1b452d230d05cc
1cf8b4ac2e46d00fad7f,https://eastersealsar.com/the-effectiveness-of-inclusive-education-for-children-with-disabilities,2026-10-04T02:34:53.516898+00:00,eastersealsar.com,True,downloaded,200.0,https://eastersealsar.com/the-effectiveness-of-inclusive-education-for-children-with-disabilities/,127719.0,success,12591,1790,html,text/html; charset=UTF-8,Inclusive Education: Proven Benefits Backed by Research,Jillian Jacuzzi,2024-12-10,Easterseals Arkansas,https://eastersealsar.com/the-effectiveness-of-inclusive-education-for-children-with-disabilities/,0.0,1cf8b4ac2e46d00fad7f.txt,a67c255873693e5919f6e0386ecf6971b0204277a510adf08b63afb3589e730c
1d0362495cd7bffd5dac,https://homelessnesssolutions.net/wp-content/uploads/2025/06/Equal-Access-for-Transgender-People-Supporting-Inclusive-Housing-and-Shelters.pdf,2026-10-04T02:34:54.563249+00:00,homelessnesssolutions.net,True,downloaded,200.0,https://homelessnesssolutions.net/wp-content/uploads/2025/06/Equal-Access-for-Transgender-People-Supporting-Inclusive-Housing-and-Shelters.pdf,1117754.0,success,49210,6940,pdf,application/pdf,,,,,,0.0,1d0362495cd7bffd5dac.txt,d9d6015e4fee0b81738d750bf07b12bb63c1ca3522e1760394209db4f81e918f
1d4b0a9b5e6c2224e6d3,https://aarp.org/social-security/survivor-benefits-lgbtq-expansion,2026-10-04T02:34:54.733823+00:00,aarp.org,False,http_error,403.0,https://aarp.org/social-security/survivor-benefits-lgbtq-expansion,867.0,not_extracted,0,0,,text/html,,,,,,0.0,,
1d600c7ca15adc5572ad,https://ovid.com/journals/lhub/abstract/10.1037/lhb0000218~how-suspect-race-affects-police-use-of-force-in-an?redirectionsource=fulltextview,2026-10-04T02:34:56.037146+00:00,ovid.com,True,downloaded,200.0,https://www.ovid.com/journals/lhub/abstract/10.1037/lhb0000218~how-suspect-race-affects-police-use-of-force-in-an?redirectionsource=fulltextview,143281.0,success,1561,236,html,text/html; charset=utf-8,How Suspect Race Affects Police Use of Force in... : Law & Human Behavior,Authors; Affiliations,2020-10-08,Ovid,https://www.ovid.com/journals/lhub/fulltext/10.1037/lhb0000218~how-suspect-race-affects-police-use-of-force-in-an,0.0,1d600c7ca15adc5572ad.txt,9cbf1e594bbf40921e693345b7ccba54e2eadaf5dda13a12c6222cfd33c2ace2
1db8d3eaf5eb6c72fd49,https://newamerica.org/insights/racialized-costs-banking/the-racialized-costs-of-banking,2026-10-04T02:34:57.248430+00:00,newamerica.org,True,downloaded,200.0,https://www.newamerica.org/insights/racialized-costs-banking/the-racialized-costs-of-banking/,106299.0,success,24810,3247,html,text/html; charset=UTF-8,The Racialized Costs of Banking,,2026-01-25,New America - Big Ideas and Bold Solutions,https://www.newamerica.org/insights/racialized-costs-banking/the-racialized-costs-of-banking/,0.0,1db8d3eaf5eb6c72fd49.txt,2334c303fbe078a0954090e7d4d963475ba2f98913be295b8166b3e82935c525
1dcba4b0ba73d6e86789,https://pmc.ncbi.nlm.nih.gov/articles/PMC1495328,2026-10-04T02:34:58.633453+00:00,nih.gov,True,downloaded,200.0,https://pmc.ncbi.nlm.nih.gov/articles/PMC1495328/,164595.0,success,33690,5187,html,text/html; charset=utf-8,A Comparison of the Preventive Health Care Provided by Women's Health Centers and General Internal Medicine Practices,Linda H Harpole; Elizabeth A Mort; Karen M Freund; John Orav; Troyen A Brennan,1996-01-01,Journal of General Internal Medicine,https://pmc.ncbi.nlm.nih.gov/articles/PMC1495328/,0.0,1dcba4b0ba73d6e86789.txt,ea71aa19de17ca6ef141f36121b1faa20ace6659f11138fc5d399427185e8551
1de646775400355ce27b,https://nationaldisabilitycenter.org/resources/the-current-status-of-accessibility-in-american-higher-education,2026-10-04T02:34:58.715177+00:00,nationaldisabilitycenter.org,False,http_error,504.0,https://nationaldisabilitycenter.org/resources/the-current-status-of-accessibility-in-american-higher-education/,16.0,not_extracted,0,0,,text/plain; charset=UTF-8,,,,,,0.0,,
1de776efc17523c0ac4c,https://fkc.bank/blog/serving-customers-with-disabilities-is-vital-for-financial-inclusion,2026-10-04T02:34:58.737753+00:00,fkc.bank,True,downloaded,200.0,https://www.fkc.bank/blog/serving-customers-with-disabilities-is-vital-for-financial-inclusion/,550300.0,success,3234,492,html,text/html; charset=UTF-8,Financial Inclusion is Vital for Success - First Keystone Community Bank,Amanda Jarski,2024-07-23,First Keystone Community Bank,https://www.fkc.bank/blog/serving-customers-with-disabilities-is-vital-for-financial-inclusion/,0.0,1de776efc17523c0ac4c.txt,fdbc927026ca1d7fdb426fb22fea243722adbe3d83a71bad86596377c9925a8b
1df836c1c500509dcf43,https://youtube.com/shorts/TMWQW9uQ2mI,2026-10-04T02:34:59.032785+00:00,youtube.com,True,downloaded,200.0,https://www.youtube.com/shorts/TMWQW9uQ2mI,1426438.0,success,146,23,html,text/html; charset=utf-8,Latino students vanishing from higher education in the United States,,2025-12-10,YouTube,https://www.youtube.com/shorts/TMWQW9uQ2mI,0.0,1df836c1c500509dcf43.txt,8dbba17988e385133ba8f51d76cde1fc2c859262b666cb848e9cfe2478fd5e71
1e07b597ccce5969bbb4,https://giwps.georgetown.edu/2020/04/17/at-the-intersection-of-vulnerabilities-women-and-girls-experiencing-homelessness-during-the-global-coronavirus-pandemic,2026-10-04T02:35:02.480302+00:00,georgetown.edu,True,downloaded,200.0,https://giwps.georgetown.edu/2020/04/17/at-the-intersection-of-vulnerabilities-women-and-girls-experiencing-homelessness-during-the-global-coronavirus-pandemic/,148420.0,success,12911,1899,html,text/html; charset=UTF-8,"At the Intersection of Vulnerabilities: The Plight of Women and Girls Experiencing Homelessness During the Global Coronavirus Pandemic - Georgetown Institute for Women, Peace and Security",Wideeye,2020-04-17,"Georgetown Institute for Women, Peace and Security",http://giwps.georgetown.edu/2020/04/17/at-the-intersection-of-vulnerabilities-women-and-girls-experiencing-homelessness-during-the-global-coronavirus-pandemic/,0.0,1e07b597ccce5969bbb4.txt,d09048d580d0d7782a8ff690f862e282830412f11fec957e2e8c99a766d4a37d
1e4321a8c4eb0a18a69e,https://finca.org/5-reasons-why-more-women-need-financial-services,2026-10-04T02:35:02.791779+00:00,finca.org,False,http_error,403.0,https://finca.org/5-reasons-why-more-women-need-financial-services,5693.0,not_extracted,0,0,,text/html; charset=UTF-8,,,,,,0.0,,
1e6802e9522233a6052d,https://nlihc.org/resource/hispanic-households-face-systemic-barriers-housing,2026-10-04T02:35:03.056905+00:00,nlihc.org,True,downloaded,200.0,https://nlihc.org/resource/hispanic-households-face-systemic-barriers-housing,59172.0,success,4096,569,html,text/html; charset=UTF-8,Hispanic Households Face Systemic Barriers to Housing,,2021-08-11,National Low Income Housing Coalition,https://nlihc.org/resource/hispanic-households-face-systemic-barriers-housing,0.0,1e6802e9522233a6052d.txt,edc69f9c5467891436dfcf7afdface1ed76d29340b26c0863769fe42fb445e83
1eaaf9f54f60718f07f9,https://financialplanningassociation.org/article/journal/JUN15-strategies-increase-financial-asset-ownership-among-us-hispanics,2026-10-04T02:35:04.280734+00:00,financialplanningassociation.org,True,downloaded,200.0,https://www.financialplanningassociation.org/article/journal/JUN15-strategies-increase-financial-asset-ownership-among-us-hispanics,113801.0,success,41231,5928,html,text/html; charset=UTF-8,Strategies to Increase Financial Asset Ownership among U.S. Hispanics,Mario A González-Corzo; Ph D,2026-10-01,Financial Planning Association,https://www.financialplanningassociation.org/article/journal/JUN15-strategies-increase-financial-asset-ownership-among-us-hispanics,0.0,1eaaf9f54f60718f07f9.txt,d1b2585153391a1e98e904d0b9263478fe4ddd161ea3e047c8d5a4331faf9711
1ec2c1160cc6fa17e7d8,https://penncapital-star.com/civil-rights-social-justice/new-study-shows-roots-of-lgbtq-poverty-and-need-for-government-data-analysis,2026-10-04T02:35:06.594859+00:00,penncapital-star.com,False,http_error,403.0,https://penncapital-star.com/civil-rights-social-justice/new-study-shows-roots-of-lgbtq-poverty-and-need-for-government-data-analysis,6000.0,not_extracted,0,0,,text/html; charset=UTF-8,,,,,,0.0,,
1edd9fa05ac71e54ccbe,https://apps.urban.org/features/latino-financial-needs-community-lending,2026-10-04T02:35:06.616321+00:00,urban.org,True,downloaded,200.0,https://apps.urban.org/features/latino-financial-needs-community-lending/,79183.0,success,21537,3194,html,text/html; charset=UTF-8,How Latino-Serving CDFIs Can Shape a Thriving American Economy,,2025-03-13,Urban Institute,https://apps.urban.org/features/latino-financial-needs-community-lending/,0.0,1edd9fa05ac71e54ccbe.txt,f88ec1c9b7167e2e59221d4ce586b487dbbabda796f9809c141d042ae1f1d219
1eec90a8487360b56ae8,https://study.com/academy/lesson/video/how-demographics-contribute-to-crime.html,2026-10-04T02:35:09.400613+00:00,study.com,True,downloaded,200.0,https://study.com/academy/lesson/video/how-demographics-contribute-to-crime.html,143402.0,success,1253,190,html,text/html;charset=UTF-8,How Demographics Contribute to Crime - Video | Study.com,,2015-02-14,study.com,https://study.com/academy/lesson/video/how-demographics-contribute-to-crime.html,0.0,1eec90a8487360b56ae8.txt,a50584ef8ad42bdda8e084bf1f208ff12bb0994d7c1b83f4c406e35bd864c59c
1efc45d83bcea1ce4941,https://urbanhealthplan.org/medicaid-snap,2026-10-04T02:35:09.620768+00:00,urbanhealthplan.org,False,http_error,403.0,https://urbanhealthplan.org/medicaid-snap,5598.0,not_extracted,0,0,,text/html; charset=UTF-8,,,,,,0.0,,
1f027b6ba41cd0ca5c28,https://insidehighered.com/admissions/article/2021/12/06/study-shows-ways-white-students-have-advantages-admissions,2026-10-04T02:35:09.748624+00:00,insidehighered.com,True,downloaded,200.0,https://www.insidehighered.com/admissions/article/2021/12/06/study-shows-ways-white-students-have-advantages-admissions,143722.0,success,5674,933,html,text/html; charset=UTF-8,Study shows ways white students have advantages in admissions,Scott Jaschik,2021-12-06,"Inside Higher Ed | Higher Education News, Events and Jobs",https://www.insidehighered.com/admissions/article/2021/12/06/study-shows-ways-white-students-have-advantages-admissions,0.0,1f027b6ba41cd0ca5c28.txt,201c6f36a2c2decff44e8b3106a8d6c643da53c1bb7017d0c4a56d27d3b1e257
1f4e2df08b61f540134d,https://pmc.ncbi.nlm.nih.gov/articles/PMC6608682,2026-10-04T02:35:10.447055+00:00,nih.gov,True,downloaded,200.0,https://pmc.ncbi.nlm.nih.gov/articles/PMC6608682/,139072.0,success,22770,3309,html,text/html; charset=utf-8,Health Insurance Coverage of Recommended Gender-Affirming Health Care Services for Transgender Youth: Shopping Online for Coverage Information,Nadia L Dowshen; Julie Christensen; Siobhan M Gruschow,2019-04-11,Transgender Health,https://pmc.ncbi.nlm.nih.gov/articles/PMC6608682/,0.0,1f4e2df08b61f540134d.txt,b3c13c76132a526332cc5b21c6a0b9bb3b1c4cbf749fd9c3b764271aa9f3cd37
1f57739c4231177b982b,https://unclenoir.org/news/2020/preventive-health-for-men--why-it-matters,2026-10-04T02:35:11.082760+00:00,unclenoir.org,False,http_error,403.0,https://www.unclenoir.org/news/2020/preventive-health-for-men--why-it-matters,458.0,not_extracted,0,0,,text/html,,,,,,0.0,,
1fd4b083be0add73d5bd,https://files.eric.ed.gov/fulltext/EJ1479001.pdf,2026-10-04T02:35:11.474261+00:00,ed.gov,True,downloaded,200.0,https://files.eric.ed.gov/fulltext/EJ1479001.pdf,108921.0,success,55708,7903,pdf,application/pdf,,,,,,0.0,1fd4b083be0add73d5bd.txt,c7f8f7fb02728c9e7c3ac7dea244f0f64a54ff74740867bf88eb067b2b0ac339
206b6395f06dd583d365,https://sentencingproject.org/reports/one-in-five-racial-disparity-in-imprisonment-causes-and-remedies,2026-10-04T02:35:13.003029+00:00,sentencingproject.org,True,downloaded,200.0,https://www.sentencingproject.org/reports/one-in-five-racial-disparity-in-imprisonment-causes-and-remedies/,369352.0,success,111213,16523,html,text/html; charset=UTF-8,One in Five: Racial Disparity in Imprisonment — Causes and Remedies – The Sentencing Project,Nazgol Ghandnoosh; Ph D,2023-12-07,The Sentencing Project,https://www.sentencingproject.org/reports/one-in-five-racial-disparity-in-imprisonment-causes-and-remedies/,0.0,206b6395f06dd583d365.txt,51915521d99b456c5feb6c37d8acfa29f61e87e1fca60ee97005e90d691210c3
20798f9a264c06f10b77,https://pmc.ncbi.nlm.nih.gov/articles/PMC12960585,2026-10-04T02:35:13.003926+00:00,nih.gov,True,downloaded,200.0,https://pmc.ncbi.nlm.nih.gov/articles/PMC12960585,21368.0,success,131,18,html,text/html; charset=utf-8,Checking your browser,,2026-09-11,google.com,https://www.google.com/recaptcha/challengepage,0.0,20798f9a264c06f10b77.txt,a29166d0eaaa418bd5af61a282f1183a46c84c4d5e4c90689b1b452d230d05cc
20960c4a92bae39fa389,https://ivywise.com/ivywise-knowledgebase/the-truth-about-the-gender-gap-on-college-campuses,2026-10-04T02:35:13.745436+00:00,ivywise.com,True,downloaded,200.0,https://www.ivywise.com/ivywise-knowledgebase/the-truth-about-the-gender-gap-on-college-campuses/,131497.0,success,4284,663,html,text/html; charset=UTF-8,The Truth About the Gender Gap on College Campuses,Karyn Johnson,2016-02-11,IvyWise,https://www.ivywise.com/ivywise-knowledgebase/the-truth-about-the-gender-gap-on-college-campuses/,0.0,20960c4a92bae39fa389.txt,6b8c9d89e9ab9241f398bf2edfd0df44b0c79b1a6959adf784b84721337a38ea
20c50707e77233cf5c5c,https://aclu.org/press-releases/new-report-finds-harassment-mistreatment-fuels-mistrust-among-lgbtq-people-towards-police,2026-10-04T02:35:16.232524+00:00,aclu.org,True,downloaded,200.0,https://www.aclu.org/press-releases/new-report-finds-harassment-mistreatment-fuels-mistrust-among-lgbtq-people-towards-police,68519.0,success,6544,988,html,text/html; charset=UTF-8,New Report Finds Harassment & Mistreatment Fuels Mistrust Among LGBTQ People Towards Police | American Civil Liberties Union,,2024-04-30,American Civil Liberties Union,https://www.aclu.org/press-releases/new-report-finds-harassment-mistreatment-fuels-mistrust-among-lgbtq-people-towards-police,0.0,20c50707e77233cf5c5c.txt,e2710d96adc57e0c792abf378ba9da07a44a646f23cc03f54db1a18ac448d03a
20e4c4a62eaa2092d2f0,https://pmc.ncbi.nlm.nih.gov/articles/PMC3545196,2026-10-04T02:35:17.040653+00:00,nih.gov,True,downloaded,200.0,https://pmc.ncbi.nlm.nih.gov/articles/PMC3545196/,181981.0,success,52982,8080,html,text/html; charset=utf-8,Popular Criteria for the Welfare Deservingness of Disability Pensioners: The Influence of Structural and Cultural Factors,Marjolein Jeene; Wim van Oorschot; Wilfred Uunk,2011-12-04,Social Indicators Research,https://pmc.ncbi.nlm.nih.gov/articles/PMC3545196/,0.0,20e4c4a62eaa2092d2f0.txt,334e9bc3d38fa359abd499adb4b782b1f56eadbbeccb9626c44e994519c24fd8
20fea155030c599d9d04,https://actuary.org/women-and-social-security,2026-10-04T02:35:18.259542+00:00,actuary.org,True,downloaded,200.0,https://actuary.org/women-and-social-security/,95167.0,success,12628,2038,html,text/html; charset=UTF-8,Women and Social Security - Actuary.org,,2017-05-15,Actuary.org,https://actuary.org/women-and-social-security/,0.0,20fea155030c599d9d04.txt,478fcc894d2a78b9667a3b20c1d6e9bc15cd72e2d4246d480d5a71d4f02d9933
21071e3cef9378cbc076,https://academic.oup.com/socpro/article/73/4/1138/8257659,2026-10-04T02:35:18.780318+00:00,oup.com,False,http_error,403.0,https://academic.oup.com/socpro/article/73/4/1138/8257659,5652.0,not_extracted,0,0,,text/html; charset=UTF-8,,,,,,0.0,,
212349a672b8abaf61c6,https://pmc.ncbi.nlm.nih.gov/articles/PMC4721598,2026-10-04T02:35:20.748179+00:00,nih.gov,True,downloaded,200.0,https://pmc.ncbi.nlm.nih.gov/articles/PMC4721598/,153185.0,success,20664,3120,html,text/html; charset=utf-8,Why Are Women Law Enforcement Officers More Burned-Out and What Might Help Them?,Diane Elliot; Bharti Garg; Kerry Kuehl; Carol DeFrancesco; Andriana Sleigh,2015-06-11,Occupational medicine & health affairs,https://pmc.ncbi.nlm.nih.gov/articles/PMC4721598/,0.0,212349a672b8abaf61c6.txt,179468a7e6d43aa825bb7dff241e24e7a0f090cf5ee056e59da975541475454c
2126bef1bd38f4208758,https://finance.yahoo.com/news/race-impacts-credit-history-effect-110039095.html,2026-10-04T02:35:20.934155+00:00,yahoo.com,True,downloaded,200.0,https://finance.yahoo.com/news/race-impacts-credit-history-effect-110039095.html,1253704.0,success,2680,405,html,text/html; charset=utf-8,How race impacts credit: the history and effect on lending practices,Ashley Parks,2023-08-11,Yahoo! Finance,https://finance.yahoo.com/news/race-impacts-credit-history-effect-110039095.html,0.0,2126bef1bd38f4208758.txt,5f83c866a03b03257b4d565fc66e0faa1a06627938042422d5dcf4e34d9ee1ff
21767054fb728d0073ca,https://pmc.ncbi.nlm.nih.gov/articles/PMC11262546,2026-10-04T02:35:21.199778+00:00,nih.gov,True,downloaded,200.0,https://pmc.ncbi.nlm.nih.gov/articles/PMC11262546,21371.0,success,131,18,html,text/html; charset=utf-8,Checking your browser,,2026-09-11,google.com,https://www.google.com/recaptcha/challengepage,0.0,21767054fb728d0073ca.txt,a29166d0eaaa418bd5af61a282f1183a46c84c4d5e4c90689b1b452d230d05cc
218366a66886c3090887,https://habitat.org/stories/research-series-how-do-racial-inequities-limit-homeownership-opportunities,2026-10-04T02:35:21.372534+00:00,habitat.org,True,downloaded,200.0,https://www.habitat.org/stories/research-series-how-do-racial-inequities-limit-homeownership-opportunities,94414.0,success,4758,677,html,text/html; charset=utf-8,Research series: How do racial inequities limit homeownership opportunities?,,2024-07-01,Habitat for Humanity,https://www.habitat.org/stories/research-series-how-do-racial-inequities-limit-homeownership-opportunities,0.0,218366a66886c3090887.txt,8836a59f816f0950c168549348ad70a1e0dde9cf5034e1d5e42d8ef4af8e1031
2196531026210314b18f,https://youtube.com/watch?t=27s&v=7qOlZ3tG3R0,2026-10-04T02:35:21.842346+00:00,youtube.com,True,downloaded,200.0,https://www.youtube.com/watch?t=27s&v=7qOlZ3tG3R0,1280551.0,success,146,23,html,text/html; charset=utf-8,Preventative care for transgender and gender non-conforming patients,,2018-07-10,YouTube,https://www.youtube.com/watch?v=7qOlZ3tG3R0,0.0,2196531026210314b18f.txt,8dbba17988e385133ba8f51d76cde1fc2c859262b666cb848e9cfe2478fd5e71
21b4b8f625596c4662f1,https://muse.jhu.edu/verify?r=9492787&url=%2Farticle%2F965531%2Fsummary,2026-10-04T02:35:23.207182+00:00,jhu.edu,True,downloaded,200.0,https://muse.jhu.edu/verify?r=9492787&url=%2Farticle%2F965531%2Fsummary,2240.0,success,182,29,html,text/html; charset=utf-8,Verification required!,,,muse.jhu.edu,https://muse.jhu.edu/verify?r=9492787&url=%2Farticle%2F965531%2Fsummary,0.0,21b4b8f625596c4662f1.txt,d921021cb172e5502128bf8e69d1f66daaa8d2af294fb2198e57039de5c75793
221a758858d9ea3cf51f,https://cameron-deal.github.io/files/gov_assistance_wp.pdf,2026-10-04T02:35:23.847268+00:00,github.io,True,downloaded,200.0,https://cameron-deal.github.io/files/gov_assistance_wp.pdf,481762.0,success,98080,13481,pdf,application/pdf,,,,,,0.0,221a758858d9ea3cf51f.txt,1ac087749f7a9a96b3d2a4db2a296c5536f52a7a7360404f32257e1be1d3b1d8
222c9cca9b0f5897cd1d,https://transcare.ucsf.edu/guidelines/insurance,2026-10-04T02:35:24.536747+00:00,ucsf.edu,False,http_error,403.0,https://transcare.ucsf.edu/guidelines/insurance,5622.0,not_extracted,0,0,,text/html; charset=UTF-8,,,,,,0.0,,
229175f5d91538ce9bdd,https://jec.senate.gov/public/index.cfm/democrats/2022/8/new-jec-report-finds-barriers-to-financial-inclusion-cause-widespread-economic-harm,2026-10-04T02:35:24.905312+00:00,senate.gov,False,http_error,403.0,https://www.jec.senate.gov/public/index.cfm/democrats/2022/8/new-jec-report-finds-barriers-to-financial-inclusion-cause-widespread-economic-harm,599.0,not_extracted,0,0,,text/html,,,,,,0.0,,
22933b1af75620729ec7,https://gendergp.com/blog/being-trans-and-gender-diverse-at-the-workplace-discrimination,2026-10-04T02:35:25.069069+00:00,gendergp.com,True,downloaded,200.0,https://www.gendergp.com/blog/being-trans-and-gender-diverse-at-the-workplace-discrimination/,743006.0,success,8107,1277,html,text/html; charset=UTF-8,Trans and Gender-Diverse People Experience More Discrimination in the Workplace,GenderGP,2022-09-28,GenderGP,https://www.gendergp.com/blog/being-trans-and-gender-diverse-at-the-workplace-discrimination/,0.0,22933b1af75620729ec7.txt,f54f57c81415310205c537ff299a817e5df331d459e7f5a34c3e0b01d0a77f1a
22ce3cec7e6ee88a3409,https://pmc.ncbi.nlm.nih.gov/articles/PMC7322061,2026-10-04T02:35:25.144992+00:00,nih.gov,True,downloaded,200.0,https://pmc.ncbi.nlm.nih.gov/articles/PMC7322061/,144339.0,success,22552,3457,html,text/html; charset=utf-8,Gender differences in the pathways to higher education,Gijsbert Stoet; David C Geary,2020-06-08,Proceedings of the National Academy of Sciences of the United States of America,https://pmc.ncbi.nlm.nih.gov/articles/PMC7322061/,0.0,22ce3cec7e6ee88a3409.txt,cf3ffd1f6fe3b36c7e2ddc1ee79287d0fc9da9642a7b5e2a1a3d29c21296e104
22dbf73ed9b575b454a2,https://linkedin.com/top-content/recruitment-hr/importance-of-hiring-practices/how-job-postings-impact-female-hiring-rates,2026-10-04T02:35:27.383875+00:00,linkedin.com,False,robots_disallowed,,https://linkedin.com/top-content/recruitment-hr/importance-of-hiring-practices/how-job-postings-impact-female-hiring-rates,,not_extracted,0,0,,,,,,,,,,
22fb8d40da604e2f5dda,https://cfr.org/articles/ten-factors-affect-womens-economic-empowerment,2026-10-04T02:35:28.600566+00:00,cfr.org,True,downloaded,200.0,https://www.cfr.org/articles/ten-factors-affect-womens-economic-empowerment,408263.0,success,5740,818,html,text/html; charset=utf-8,Ten Factors That Affect Women’s Economic Empowerment | Council on Foreign Relations,,2016-09-30,Council on Foreign Relations,https://www.cfr.org/articles/ten-factors-affect-womens-economic-empowerment,0.0,22fb8d40da604e2f5dda.txt,58c6be5cf00066ebd89b43b732ca36150fac0897960121521de8127c74387843
231f5f3d9b3eb4ee1001,https://frontiersin.org/journals/psychology/articles/10.3389/fpsyg.2025.1664252/full,2026-10-04T02:35:28.618779+00:00,frontiersin.org,True,downloaded,200.0,https://www.frontiersin.org/journals/psychology/articles/10.3389/fpsyg.2025.1664252/full,782545.0,success,42801,6027,html,text/html;charset=utf-8,Frontiers | Influential factors of school bullying among junior high school students: an analysis based on hierarchical linear models,Yingying Wang; Xingyu Li; Nianhao Song; Changhao Jiang; Pei Liu,2026-01-05,Frontiers,https://www.frontiersin.org/journals/psychology/articles/10.3389/fpsyg.2025.1664252/full,0.0,231f5f3d9b3eb4ee1001.txt,5cb631d8aa1b5f7a7f72d02e265c2403f76965ab8370f7865daa530452df1952
232adb63d9c78d29d59b,https://journals.sagepub.com/doi/10.1177/21533687251314137,2026-10-04T02:35:29.491066+00:00,sagepub.com,False,http_error,403.0,https://journals.sagepub.com/doi/10.1177/21533687251314137,5762.0,not_extracted,0,0,,text/html; charset=UTF-8,,,,,,0.0,,
235a19e4450cb7cddab2,https://sciencedirect.com/science/article/abs/pii/S0160252720300285,2026-10-04T02:35:29.538433+00:00,sciencedirect.com,False,http_error,403.0,https://www.sciencedirect.com/science/article/abs/pii/S0160252720300285,1207883.0,not_extracted,0,0,,text/html; charset=UTF-8,,,,,,0.0,,
2390f87dfd85bfc46254,https://pmc.ncbi.nlm.nih.gov/articles/PMC1402283,2026-10-04T02:35:29.558473+00:00,nih.gov,True,downloaded,200.0,https://pmc.ncbi.nlm.nih.gov/articles/PMC1402283,21367.0,success,131,18,html,text/html; charset=utf-8,Checking your browser,,2026-09-11,google.com,https://www.google.com/recaptcha/challengepage,0.0,2390f87dfd85bfc46254.txt,a29166d0eaaa418bd5af61a282f1183a46c84c4d5e4c90689b1b452d230d05cc
23c76c786cea87dd5925,https://crr.bc.edu/many-barriers-hinder-rural-use-of-government-programs,2026-10-04T02:35:30.950678+00:00,bc.edu,True,downloaded,200.0,https://crr.bc.edu/many-barriers-hinder-rural-use-of-government-programs/,133546.0,success,5215,779,html,text/html; charset=UTF-8,Many Barriers Hinder Rural Use of Government Programs,Kimberly Blanton,2024-01-16,crr.bc.edu,https://crr.bc.edu/many-barriers-hinder-rural-use-of-government-programs/,0.0,23c76c786cea87dd5925.txt,b7b387cdedae3541aad11fa129146fbce5a07b5ae5a7afc7a3d799135d7d59f8
23ce83a3b29ea1e3218d,https://cls.ucl.ac.uk/mens-overconfidence-helps-them-reach-top-jobs,2026-10-04T02:35:31.086831+00:00,ucl.ac.uk,True,downloaded,200.0,https://cls.ucl.ac.uk/mens-overconfidence-helps-them-reach-top-jobs/,76330.0,success,4628,757,html,text/html; charset=UTF-8,Men’s overconfidence helps them reach top jobs | CLS,Ryan Bradshaw,2023-04-23,The Centre For Longitudinal Studies,https://cls.ucl.ac.uk/mens-overconfidence-helps-them-reach-top-jobs/,0.0,23ce83a3b29ea1e3218d.txt,1606a17af585d8f532a38e44d8e92d3a38a65a6a022e6344cf1485473dac85e8
23d3afad0cc8e07757a7,https://kff.org/affordable-care-act/demographics-insurance-coverage-and-access-to-care-among-transgender-adults,2026-10-04T02:35:32.705063+00:00,kff.org,True,downloaded,200.0,https://www.kff.org/affordable-care-act/demographics-insurance-coverage-and-access-to-care-among-transgender-adults/,123858.0,success,8271,1262,html,text/html; charset=UTF-8,"Demographics, Insurance Coverage, and Access to Care Among Transgender Adults | KFF",Wyatt Koma; Matthew Rae; Amrutha Ramaswamy; Tricia Neuman; Jennifer Kates; Lindsey Dawson,2020-10-21,"KFF - The independent source for health policy research, polling, and news",https://www.kff.org/affordable-care-act/demographics-insurance-coverage-and-access-to-care-among-transgender-adults/,0.0,23d3afad0cc8e07757a7.txt,45b616e9bd68520d0e629b95334afa5997f64a36f336a8cf12d8514257cd59cc
23f7d83660be39977ba6,https://thinkequitable.com/housing-barriers,2026-10-04T02:35:32.800388+00:00,thinkequitable.com,True,downloaded,200.0,https://thinkequitable.com/housing-barriers/,77999.0,success,821,111,html,text/html; charset=UTF-8,"Housing Barriers Infographic - The National Center for Disability, Equity, and Intersectionality",Leah Smith,2026-06-15,"The National Center for Disability, Equity, and Intersectionality",https://thinkequitable.com/housing-barriers/,0.0,23f7d83660be39977ba6.txt,3ce072c5ca591ae2bb331bae8f8d34a35fd85cab6e8a8b36fc0ab9c0ff2aefac
2415e9b0d198ee12c665,https://safetyandjusticechallenge.org/blog/reshaping-the-justice-system-for-people-with-disabilities,2026-10-04T02:35:34.489756+00:00,safetyandjusticechallenge.org,True,downloaded,200.0,https://safetyandjusticechallenge.org/blog/reshaping-the-justice-system-for-people-with-disabilities/,93168.0,success,16316,2220,html,text/html; charset=UTF-8,Reshaping the Justice System for People with Disabilities - Safety and Justice Challenge,Matt Davis,2025-07-22,Safety and Justice Challenge,https://safetyandjusticechallenge.org/blog/reshaping-the-justice-system-for-people-with-disabilities/,0.0,2415e9b0d198ee12c665.txt,220b81ccd6e267671a49c67d378bf2a1fcb9cd1e511cca4d1bf5c2e69af49645
2429d224b10f3e0ab64c,https://nsvrc.org/blog_post/what-connection-between-housing-inequality-sexual-violence-and-white-supremacy,2026-10-04T02:35:35.363021+00:00,nsvrc.org,True,downloaded,200.0,https://nsvrc.org/blog_post/what-connection-between-housing-inequality-sexual-violence-and-white-supremacy/,219978.0,success,19102,2968,html,text/html; charset=UTF-8,"What is the connection between Housing Inequality, Sexual Violence, and White Supremacy? - National Sexual Violence Resource Center (NSVRC)",,2025-12-17,National Sexual Violence Resource Center (NSVRC),https://nsvrc.org/blog_post/what-connection-between-housing-inequality-sexual-violence-and-white-supremacy/,0.0,2429d224b10f3e0ab64c.txt,5ed478c141f1d526c5ece3efbbc14d5234afa6476780348a244c3cec9a3da9cd
2430835173e1b7d26684,https://zakaylaw.com/blog/2026/january/gender-bias-at-work-impact-on-career-growth-what,2026-10-04T02:35:35.677084+00:00,zakaylaw.com,False,http_error,403.0,https://www.zakaylaw.com/blog/2026/january/gender-bias-at-work-impact-on-career-growth-what,5489.0,not_extracted,0,0,,text/html; charset=UTF-8,,,,,,0.0,,
244dc8fe151f1b04785f,https://sciencedirect.com/science/article/pii/S0749379725004453,2026-10-04T02:35:38.959321+00:00,sciencedirect.com,False,http_error,403.0,https://www.sciencedirect.com/science/article/pii/S0749379725004453,1207871.0,not_extracted,0,0,,text/html; charset=UTF-8,,,,,,0.0,,
2481dfd0352f9313c61f,https://frontiersin.org/journals/public-health/articles/10.3389/fpubh.2026.1765145/full,2026-10-04T02:35:39.924879+00:00,frontiersin.org,True,downloaded,200.0,https://www.frontiersin.org/journals/public-health/articles/10.3389/fpubh.2026.1765145/full,1433980.0,success,70715,9312,html,text/html;charset=utf-8,Frontiers | Barriers to accessing healthcare for people with disabilities:a systematic review,M Chimienti; G Morlino; D Ndreca; K Stefanidhi; O Zerellari; R Shkreli; S Gjergji; F Leonforte; V Nicosia; A Mistretta; E Buonomo; G Liotta; L Palombi,2026-02-19,Frontiers,https://www.frontiersin.org/journals/public-health/articles/10.3389/fpubh.2026.1765145/full,0.0,2481dfd0352f9313c61f.txt,e1c646727fe75c5ba5a818c98f2f8fff2085e2f44cb1f2aca049a61e3585341e
24f62a613c83c2724b3d,https://youtube.com/watch?t=2s&v=YVC8aANnBIg,2026-10-04T02:35:40.132824+00:00,youtube.com,True,downloaded,200.0,https://www.youtube.com/watch?t=2s&v=YVC8aANnBIg,1242767.0,success,146,23,html,text/html; charset=utf-8,From Illiteracy to Incarceration: How Low Literacy Leads to Prison,,2025-10-23,YouTube,https://www.youtube.com/watch?v=YVC8aANnBIg,0.0,24f62a613c83c2724b3d.txt,8dbba17988e385133ba8f51d76cde1fc2c859262b666cb848e9cfe2478fd5e71
24ffeef294948986a2a5,https://sentencingproject.org/reports/mass-incarceration-trends,2026-10-04T02:35:40.221162+00:00,sentencingproject.org,True,downloaded,200.0,https://www.sentencingproject.org/reports/mass-incarceration-trends/,153154.0,success,29018,4468,html,text/html; charset=UTF-8,Mass Incarceration Trends – The Sentencing Project,Ashley Nellis; Sabrina C Pearce,2026-04-09,The Sentencing Project,https://www.sentencingproject.org/reports/mass-incarceration-trends/,0.0,24ffeef294948986a2a5.txt,152752d5d1b5d144c2036978a40b1a0e516631eaef3b02aac3e8dfab48d1ae9b
2512d209e8135ffdd345,https://pmc.ncbi.nlm.nih.gov/articles/PMC4802845,2026-10-04T02:35:41.031769+00:00,nih.gov,True,downloaded,200.0,https://pmc.ncbi.nlm.nih.gov/articles/PMC4802845/,138480.0,success,18236,2549,html,text/html; charset=utf-8,Barriers to Health Care for Transgender Individuals,Joshua D Safer; Eli Coleman; Jamie Feldman; Robert Garofalo; Wylie Hembree; Asa Radix; Jae Sevelius,2016-04-01,"Current opinion in endocrinology, diabetes, and obesity",https://pmc.ncbi.nlm.nih.gov/articles/PMC4802845/,0.0,2512d209e8135ffdd345.txt,d83e89e910d6102a9725cbd45c7bf8920549294648736ac20d75d32376e5f59b
2518ed438510361c7178,https://cbpp.org/research/health/how-to-streamline-verification-of-eligibility-for-medicaid-and-snap,2026-10-04T02:35:41.690478+00:00,cbpp.org,False,http_error,403.0,https://cbpp.org/research/health/how-to-streamline-verification-of-eligibility-for-medicaid-and-snap,6158.0,not_extracted,0,0,,text/html; charset=UTF-8,,,,,,0.0,,
2520e2795a60128dfeb4,https://unitedwaynca.org/facts-about-homelessness,2026-10-04T02:35:42.135856+00:00,unitedwaynca.org,True,downloaded,200.0,https://unitedwaynca.org/facts-about-homelessness/,186468.0,success,26315,3783,html,text/html; charset=UTF-8,"Facts About Homelessness: Stats, Causes & Solutions",United Way NCA,2026-01-13,United Way of the National Capital Area,https://unitedwaynca.org/facts-about-homelessness/,0.0,2520e2795a60128dfeb4.txt,c1da99bba24744186f75da36752e5ca7da72043899a1757f176e68a54ff3af61
2551bfc004272cf41d72,https://bankrate.com/,2026-10-04T02:35:43.165178+00:00,bankrate.com,True,downloaded,200.0,https://www.bankrate.com/,1288123.0,success,3044,524,html,text/html; charset=utf-8,9 out of 10 homebuyers overpay for their mortgage. You don't have to.,,2026-08-24,Bankrate — Compare Mortgage Rates & Financial Products,https://www.bankrate.com/,0.0,2551bfc004272cf41d72.txt,bf31284940d4c540cd5dfaeba01038b5cfcf6b5c528cba875813aad6c114439c
2568f883b62e8f44cfe7,https://sciencedirect.com/science/article/abs/pii/S1936657425000019,2026-10-04T02:35:43.367976+00:00,sciencedirect.com,False,http_error,403.0,https://www.sciencedirect.com/science/article/abs/pii/S1936657425000019,1207905.0,not_extracted,0,0,,text/html; charset=UTF-8,,,,,,0.0,,
2584870c7bec5e2ca5c2,https://link.springer.com/chapter/10.1007/978-3-031-76898-9_21,2026-10-04T02:35:43.957509+00:00,springer.com,False,robots_disallowed,,https://link.springer.com/chapter/10.1007/978-3-031-76898-9_21,,not_extracted,0,0,,,,,,,,,,
259d454d45824073697e,https://dev.cjcenter.org/_files/apcj/1_1_homophobia.pdf,2026-10-04T02:35:43.957764+00:00,cjcenter.org,True,downloaded,200.0,https://dev.cjcenter.org/_files/apcj/1_1_homophobia.pdf,145468.0,success,32400,4856,pdf,application/pdf,,,,,,0.0,259d454d45824073697e.txt,f8fb2eff8eb732726bc6bf797ed20971eedf7dc9832bb8b671f062328e9851cc
25b3d8a901e96abb948f,https://repository.library.washu.edu/cgi/viewcontent.cgi?article=1978&context=csd_research,2026-10-04T02:35:45.147179+00:00,washu.edu,False,http_error,403.0,https://repository.library.washu.edu/cgi/viewcontent.cgi?article=1978&context=csd_research,5843.0,not_extracted,0,0,,text/html; charset=UTF-8,,,,,,0.0,,
25d68855a05a396f341a,https://preventcancer.org/news/u-s-adults-are-still-behind-on-routine-cancer-screenings-but-reasons-why-vary-by-race,2026-10-04T02:35:46.772145+00:00,preventcancer.org,True,downloaded,200.0,https://preventcancer.org/news/u-s-adults-are-still-behind-on-routine-cancer-screenings-but-reasons-why-vary-by-race/,115032.0,success,5857,920,html,text/html; charset=UTF-8,U.S. adults are still behind on routine cancer screenings—but reasons why vary by race - Prevent Cancer Foundation,Made,2024-08-16,Prevent Cancer Foundation,https://preventcancer.org/news/u-s-adults-are-still-behind-on-routine-cancer-screenings-but-reasons-why-vary-by-race/,0.0,25d68855a05a396f341a.txt,28cc65a0b3cc0748d4e6fd3a8ef4d159a83936badb53b4dcb4abdedcf7c011f5
262b10b784bff23430fb,https://academic.oup.com/sf/article/104/3/874/8163470,2026-10-04T02:35:47.113017+00:00,oup.com,False,http_error,403.0,https://academic.oup.com/sf/article/104/3/874/8163470,5618.0,not_extracted,0,0,,text/html; charset=UTF-8,,,,,,0.0,,
268cc0a2adbd302f5ea1,https://ncsl.org/human-services/introduction-to-benefits-cliffs-and-public-assistance-programs,2026-10-04T02:35:48.374800+00:00,ncsl.org,False,http_error,403.0,https://ncsl.org/human-services/introduction-to-benefits-cliffs-and-public-assistance-programs,5864.0,not_extracted,0,0,,text/html; charset=UTF-8,,,,,,0.0,,
269d91d181cf1fe4ff33,https://journalofethics.ama-assn.org/article/how-cisgender-clinicians-can-help-prevent-harm-during-encounters-transgender-patients/2022-08,2026-10-04T02:35:48.441763+00:00,ama-assn.org,False,http_error,403.0,https://journalofethics.ama-assn.org/article/how-cisgender-clinicians-can-help-prevent-harm-during-encounters-transgender-patients/2022-08,5493.0,not_extracted,0,0,,text/html; charset=UTF-8,,,,,,0.0,,
26b123cf52f9cf82773d,https://news.cornell.edu/stories/2017/11/people-disabilities-more-likely-be-arrested,2026-10-04T02:35:49.267660+00:00,cornell.edu,True,downloaded,200.0,https://news.cornell.edu/stories/2017/11/people-disabilities-more-likely-be-arrested,45023.0,success,3296,519,html,text/html; charset=utf-8,People with disabilities more likely to be arrested | Cornell Chronicle,Susan Kelley,2017-11-30,Cornell Chronicle,https://news.cornell.edu/stories/2017/11/people-disabilities-more-likely-be-arrested,0.0,26b123cf52f9cf82773d.txt,9c52e1f9efc8c761ea704b27ef26693d3aef369ff1029cdde468232ebf61122a
26c02486301836775dfa,https://womensworldbanking.org/insights/policy-handbook-for-womens-financial-inclusion,2026-10-04T02:35:49.568839+00:00,womensworldbanking.org,True,downloaded,200.0,https://www.womensworldbanking.org/insights/policy-handbook-for-womens-financial-inclusion/,184835.0,success,4518,566,html,text/html; charset=UTF-8,Policy Handbook for Women's Financial Inclusion - Women's World Banking,Women's World Banking,2026-03-05,Women's World Banking,https://www.womensworldbanking.org/insights/policy-handbook-for-womens-financial-inclusion/,0.0,26c02486301836775dfa.txt,c0720c8e1d66ca42584e82e315ebac3c95e25ae041917ca4306124c898fa0180
26e1cf3475e3d6a14019,https://facebook.com/StanfordHAI/videos/new-research-reveals-alarming-patterns-in-ai-hiring-toolsa-large-scale-study-of-/1483164443302591,2026-10-04T02:35:50.168588+00:00,facebook.com,False,robots_disallowed,,https://facebook.com/StanfordHAI/videos/new-research-reveals-alarming-patterns-in-ai-hiring-toolsa-large-scale-study-of-/1483164443302591,,not_extracted,0,0,,,,,,,,,,
27ebba74a46aef5b9374,https://pmc.ncbi.nlm.nih.gov/articles/PMC7173312,2026-10-04T02:35:51.613110+00:00,nih.gov,True,downloaded,200.0,https://pmc.ncbi.nlm.nih.gov/articles/PMC7173312,21366.0,success,131,18,html,text/html; charset=utf-8,Checking your browser,,2026-09-11,google.com,https://www.google.com/recaptcha/challengepage,0.0,27ebba74a46aef5b9374.txt,a29166d0eaaa418bd5af61a282f1183a46c84c4d5e4c90689b1b452d230d05cc
2890f23d92b09078d967,https://21kschool.com/ng/blog/factors-affecting-learning,2026-10-04T02:35:51.700999+00:00,21kschool.com,True,downloaded,200.0,https://www.21kschool.com/ng/blog/factors-affecting-learning/,177847.0,success,12124,1737,html,text/html; charset=UTF-8,Exploring Factors Affecting Learning for Students Growth,Ankita Singha,2025-09-12,21K School Nigeria,https://www.21kschool.com/ng/blog/factors-affecting-learning/,0.0,2890f23d92b09078d967.txt,27286209cb7f1f4389d236656fa863d45dbe5d4f934dff857bdc09d86949a970
28e20608b9ff82ec89b4,https://sciencenews.org/article/black-hispanic-female-police-use-force-less-than-white-male-officers,2026-10-04T02:35:51.834926+00:00,sciencenews.org,True,downloaded,200.0,https://www.sciencenews.org/article/black-hispanic-female-police-use-force-less-than-white-male-officers,798901.0,success,6332,979,html,text/html; charset=UTF-8,"Black, Hispanic and female police use force less often than white male officers",Maria Temming,2021-02-11,Science News Magazine,https://www.sciencenews.org/article/black-hispanic-female-police-use-force-less-than-white-male-officers,0.0,28e20608b9ff82ec89b4.txt,3dee8c43ce5d4832c33d41d5b015ad4ddeb5fd32056347ed81fe15d926de39cc
2935b2a3da70bbfc9027,https://bls.gov/blog/2024/employment-trends-of-hispanics-in-the-us-labor-force.htm,2026-10-04T02:35:53.434739+00:00,bls.gov,False,http_error,403.0,https://www.bls.gov/,1325.0,not_extracted,0,0,,text/html,,,,,,0.0,,
293ef7e1c6218c8e4e02,https://unidosus.org/blog/2019/05/16/latinos-housing-transportation-green-space,2026-10-04T02:35:53.443544+00:00,unidosus.org,True,downloaded,200.0,https://unidosus.org/blog/2019/05/16/latinos-housing-transportation-green-space/,90637.0,success,6840,1010,html,text/html; charset=UTF-8,"Latinos face unaffordable housing, unreliable public transit, and lack of green space",UnidosUS,2019-05-16,UnidosUS,https://unidosus.org/blog/2019/05/16/latinos-housing-transportation-green-space/,0.0,293ef7e1c6218c8e4e02.txt,fd98cf5898d83c6960c2bacf8b292a6f2ec4efa89c96503309c64e8f8c5a6202
2968b809f664f799b973,https://nlihc.org/resource/latino-households-face-challenges-accessing-housing-assistance-programs,2026-10-04T02:35:53.480527+00:00,nlihc.org,True,downloaded,200.0,https://nlihc.org/resource/latino-households-face-challenges-accessing-housing-assistance-programs,59156.0,success,3870,560,html,text/html; charset=UTF-8,Latino Households Face Challenges in Accessing Housing Assistance Programs,,2021-10-08,National Low Income Housing Coalition,https://nlihc.org/resource/latino-households-face-challenges-accessing-housing-assistance-programs,0.0,2968b809f664f799b973.txt,90d9b6ab8c48409f1a86aa87f8a0fdc27dc39140d42978d62d741b655c75bff8
29878dce40e2ac8255d5,https://medstarhealth.org/blog/patient-safety-racism,2026-10-04T02:35:54.017638+00:00,medstarhealth.org,False,http_error,403.0,https://medstarhealth.org/blog/patient-safety-racism,17.0,not_extracted,0,0,,text/plain; charset=UTF-8,,,,,,0.0,,
29c188e797ebdc187db5,https://journalistsresource.org/politics-and-government/disabilities-insurance-affordable-care-act,2026-10-04T02:35:54.831396+00:00,journalistsresource.org,True,downloaded,200.0,https://journalistsresource.org/politics-and-government/disabilities-insurance-affordable-care-act/,303317.0,success,8003,1219,html,text/html; charset=UTF-8,How people with disabilities benefited from the ACA,Chloe Reichel,2019-06-18,The Journalist's Resource,https://journalistsresource.org/politics-and-government/disabilities-insurance-affordable-care-act/,0.0,29c188e797ebdc187db5.txt,4936cc7cca85e72f954d977942021e7ffc3df178c481dc7d735374cd9720a7d0
29cbf66fad9d61074133,https://emerald.com/sc/article/14/4/183/342705/Policing-uncontrollable-banshees-factors,2026-10-04T02:35:56.614023+00:00,emerald.com,False,http_error,403.0,https://www.emerald.com/sc/article/14/4/183/342705/Policing-uncontrollable-banshees-factors,5841.0,not_extracted,0,0,,text/html; charset=UTF-8,,,,,,0.0,,
29febc26811223ac56a8,https://commons.library.stonybrook.edu/cgi/viewcontent.cgi?article=1092&context=nyjsa,2026-10-04T02:35:57.125485+00:00,stonybrook.edu,False,http_error,403.0,https://commons.library.stonybrook.edu/cgi/viewcontent.cgi?article=1092&context=nyjsa,5802.0,not_extracted,0,0,,text/html; charset=UTF-8,,,,,,0.0,,
2a0434c2ca3f21f27bb1,https://pmc.ncbi.nlm.nih.gov/articles/PMC9231228,2026-10-04T02:35:59.736099+00:00,nih.gov,True,downloaded,200.0,https://pmc.ncbi.nlm.nih.gov/articles/PMC9231228/,835531.0,success,109487,24446,html,text/html; charset=utf-8,Patient-level factors associated with receipt of preventive care in the safety net,Brigit Hatch; Carrie Tillotson; Megan Hoopes; Nathalie Huguet; Miguel Marino; Jennifer DeVoe,2022-03-21,Preventive medicine,https://pmc.ncbi.nlm.nih.gov/articles/PMC9231228/,0.0,2a0434c2ca3f21f27bb1.txt,99d00b598c768680e7648fd886626b6537d6ec9970679cde3ea0c520f384cd61
2a29a081bfb6f1a2ddab,https://pmc.ncbi.nlm.nih.gov/articles/PMC6612926,2026-10-04T02:36:00.180631+00:00,nih.gov,True,downloaded,200.0,https://pmc.ncbi.nlm.nih.gov/articles/PMC6612926,21367.0,success,131,18,html,text/html; charset=utf-8,Checking your browser,,2026-09-11,google.com,https://www.google.com/recaptcha/challengepage,0.0,2a29a081bfb6f1a2ddab.txt,a29166d0eaaa418bd5af61a282f1183a46c84c4d5e4c90689b1b452d230d05cc
2a614817cfa2a8d08525,https://linkedin.com/pulse/when-skills-equal-hidden-factors-influence-hiring-decisions-fwjyf,2026-10-04T02:36:01.215229+00:00,linkedin.com,False,robots_disallowed,,https://linkedin.com/pulse/when-skills-equal-hidden-factors-influence-hiring-decisions-fwjyf,,not_extracted,0,0,,,,,,,,,,
2a64e71f5811714eb6b5,https://univ-tours.hal.science/hal-03375121/document,2026-10-04T02:36:01.215475+00:00,hal.science,True,downloaded,200.0,https://univ-tours.hal.science/hal-03375121/document,480526.0,success,87376,13386,pdf,application/pdf,,,,,,0.0,2a64e71f5811714eb6b5.txt,e3aea0b3502f8d7b8fbc4cf2f6c6e505ad8de1f33150f4e8610bae5f87eb81bf
2a88230ec546c1a3f9dd,https://pmc.ncbi.nlm.nih.gov/articles/PMC2764046,2026-10-04T02:36:01.263048+00:00,nih.gov,True,downloaded,200.0,https://pmc.ncbi.nlm.nih.gov/articles/PMC2764046,21367.0,success,131,18,html,text/html; charset=utf-8,Checking your browser,,2026-09-11,google.com,https://www.google.com/recaptcha/challengepage,0.0,2a88230ec546c1a3f9dd.txt,a29166d0eaaa418bd5af61a282f1183a46c84c4d5e4c90689b1b452d230d05cc
2acb88989e1b34071cae,https://cis.org/Report/NonCitizen-Use-Welfare-Region-and-Country-Birth,2026-10-04T02:36:01.736957+00:00,cis.org,False,http_error,403.0,https://cis.org/Report/NonCitizen-Use-Welfare-Region-and-Country-Birth,5751.0,not_extracted,0,0,,text/html; charset=UTF-8,,,,,,0.0,,
2b00f95eec22ebeef439,https://sites.uab.edu/humanrights/2022/01/17/injustice-in-the-justice-system-disability-schools-and-incarceration,2026-10-04T02:36:02.588170+00:00,uab.edu,True,downloaded,200.0,https://sites.uab.edu/humanrights/2022/01/17/injustice-in-the-justice-system-disability-schools-and-incarceration/,70261.0,success,8890,1344,html,text/html; charset=UTF-8,"Injustice in the Justice System: Disability, Schools, and Incarceration",Author Suhas Kellampalli,2022-01-17,sites.uab.edu,https://sites.uab.edu/humanrights/2022/01/17/injustice-in-the-justice-system-disability-schools-and-incarceration/,0.0,2b00f95eec22ebeef439.txt,8aa15cdf40686d89acf25582a34d63520a21ea55547533fbdfb032eb36da0dd0
2bea0fbac99e40fd27e9,https://news.unitedforequity.org/federal-snap-cuts-have-denied-millions-of-latinos-and-other-americans-help-paying-for-food,2026-10-04T02:36:03.106476+00:00,unitedforequity.org,True,downloaded,200.0,https://news.unitedforequity.org/federal-snap-cuts-have-denied-millions-of-latinos-and-other-americans-help-paying-for-food/,239776.0,success,17927,3645,html,text/html; charset=UTF-8,Federal SNAP cuts have denied millions of Latinos and other Americans help paying for food - United for Equity,United,2026-06-16,United for Equity News,https://news.unitedforequity.org/federal-snap-cuts-have-denied-millions-of-latinos-and-other-americans-help-paying-for-food/,0.0,2bea0fbac99e40fd27e9.txt,e81475433b0e4d48704ebf941d9a0952554681c67eb3488272f4036f68720b58
2c03a46630219fb22868,https://emerald.com/jsm/article-split/39/5/531/1254237/Unveiling-barriers-and-opportunities-for-LGBTQIA,2026-10-04T02:36:03.570171+00:00,emerald.com,False,http_error,403.0,https://www.emerald.com/jsm/article-split/39/5/531/1254237/Unveiling-barriers-and-opportunities-for-LGBTQIA,5910.0,not_extracted,0,0,,text/html; charset=UTF-8,,,,,,0.0,,
2cea5bbbc185dc4d5a78,https://philadelphiafed.org/consumer-finance/mortgage-markets/how-much-does-racial-bias-affect-mortgage-lending-evidence-human-algorithmic-credit-decisions,2026-10-04T02:36:03.577636+00:00,philadelphiafed.org,True,downloaded,200.0,https://www.philadelphiafed.org/consumer-finance/mortgage-markets/how-much-does-racial-bias-affect-mortgage-lending-evidence-human-algorithmic-credit-decisions,30552.0,success,958,140,html,text/html; charset=utf-8,How Much Does Racial Bias Affect Mortgage Lending? Evidence from Human and Algorithmic Credit Decisions,Neil Bhutta; Aurel Hizmo; Daniel Ringo,2026-01-01,philadelphiafed.org,https://www.philadelphiafed.org/consumer-finance/mortgage-markets/how-much-does-racial-bias-affect-mortgage-lending-evidence-human-algorithmic-credit-decisions,0.0,2cea5bbbc185dc4d5a78.txt,f0b04409ce5a8d3965eabd81ce47fa100f8fc68e926d8c29f5ee76ab4a43cc43
2d4fa59cbf285e8da928,https://schoolhouseconnection.org/article/student-homelessness-lessons-from-the-youth-risk-behavior-survey-yrbs,2026-10-04T02:36:04.504838+00:00,schoolhouseconnection.org,True,downloaded,200.0,https://schoolhouseconnection.org/article/student-homelessness-lessons-from-the-youth-risk-behavior-survey-yrbs,364381.0,success,57963,8425,html,text/html; charset=UTF-8,Student Homelessness: Lessons from the Youth Risk Behavior Survey (YRBS),,2021-10-07,SchoolHouse Connection,https://schoolhouseconnection.org/article/student-homelessness-lessons-from-the-youth-risk-behavior-survey-yrbs,0.0,2d4fa59cbf285e8da928.txt,6763350ac77aea545abe6a5185ac56a8482a73efd86635a11a49f300a674d3a8
2d81e2a2feb9780f47ff,https://hispanicresearchcenter.org/research-resources/how-hispanic-parents-perceive-their-need-and-eligibility-for-public-assistance,2026-10-04T02:36:05.055933+00:00,hispanicresearchcenter.org,True,downloaded,200.0,https://www.hispanicresearchcenter.org/research-resources/how-hispanic-parents-perceive-their-need-and-eligibility-for-public-assistance/,260983.0,success,1080,147,html,text/html; charset=UTF-8,How Hispanic Parents Perceive Their Need and Eligibility for Public Assistance - Hispanic Research Center,Authors,2025-09-29,Hispanic Research Center,https://www.hispanicresearchcenter.org/research-resources/how-hispanic-parents-perceive-their-need-and-eligibility-for-public-assistance/,0.0,2d81e2a2feb9780f47ff.txt,c8242a7b3611d5f57df09490dc620400e51df5dff75e4f63e8f93683566f3d3d
2d87799c4643ca897069,https://congress.gov/117/meeting/house/115236/documents/HHRG-117-GO02-20221213-SD003.pdf,2026-10-04T02:36:06.935027+00:00,congress.gov,True,downloaded,200.0,https://congress.gov/117/meeting/house/115236/documents/HHRG-117-GO02-20221213-SD003.pdf,97725.0,success,9031,1417,pdf,application/pdf,,,,,,0.0,2d87799c4643ca897069.txt,f25c0bd647ce3e47d7f59abd713ac0ce034ad41cedfb9b7537d8740d7677e505
2d886c9239454f4fad85,https://sciencedirect.com/science/article/pii/S0927537120300646,2026-10-04T02:36:07.281026+00:00,sciencedirect.com,False,http_error,403.0,https://www.sciencedirect.com/science/article/pii/S0927537120300646,1207871.0,not_extracted,0,0,,text/html; charset=UTF-8,,,,,,0.0,,
2d8fe4d1558378f10d08,https://youtube.com/shorts/_DAJugTozQs,2026-10-04T02:36:07.787323+00:00,youtube.com,True,downloaded,200.0,https://www.youtube.com/shorts/_DAJugTozQs,1074489.0,success,146,23,html,text/html; charset=utf-8,Detained vs Arrested: Learn the Key Differences in Two Minutes,,2025-05-07,YouTube,https://www.youtube.com/shorts/_DAJugTozQs,0.0,2d8fe4d1558378f10d08.txt,8dbba17988e385133ba8f51d76cde1fc2c859262b666cb848e9cfe2478fd5e71
2db28efb47b99329f09e,https://cgap.org/blog/banking-on-change-enabling-womens-access-to-financial-services,2026-10-04T02:36:10.155761+00:00,cgap.org,True,downloaded,200.0,https://www.cgap.org/blog/banking-on-change-enabling-womens-access-to-financial-services,73264.0,success,6717,1060,html,text/html; charset=utf-8,Banking on Change: Enabling Women’s Access to Financial Services,Rebecca Mann,2015-11-18,CGAP,https://www.cgap.org/blog/banking-on-change-enabling-womens-access-to-financial-services,0.0,2db28efb47b99329f09e.txt,b3f79c8ecc5ed3b7d794075ed4ebdec452ed6d8df4195459d14d20890b507a9d
2db9edddc23043569ad5,https://pmc.ncbi.nlm.nih.gov/articles/PMC9891494,2026-10-04T02:36:10.515873+00:00,nih.gov,True,downloaded,200.0,https://pmc.ncbi.nlm.nih.gov/articles/PMC9891494,21367.0,success,131,18,html,text/html; charset=utf-8,Checking your browser,,2026-09-11,google.com,https://www.google.com/recaptcha/challengepage,0.0,2db9edddc23043569ad5.txt,a29166d0eaaa418bd5af61a282f1183a46c84c4d5e4c90689b1b452d230d05cc
2dca9844cab0c0f14bea,https://cnbc.com/2024/02/02/men-benefit-more-from-their-looks-at-work-than-women-do-new-research-shows.html,2026-10-04T02:36:11.255931+00:00,cnbc.com,True,downloaded,200.0,https://www.cnbc.com/2024/02/02/men-benefit-more-from-their-looks-at-work-than-women-do-new-research-shows.html,677561.0,success,6195,969,html,text/html; charset=utf-8,"Men benefit more from their looks at work than women do, new research shows",Morgan Smith,2024-02-02,CNBC,https://www.cnbc.com/2024/02/02/men-benefit-more-from-their-looks-at-work-than-women-do-new-research-shows.html,0.0,2dca9844cab0c0f14bea.txt,3af2c68c26ef5250324d35ece75bee20687330954020d0ad5203acf5221b754c
2de4e693758fd4f1de69,https://opportunityhome.org/resources/lgbtq-rights-and-housing-fact-sheet,2026-10-04T02:36:12.162268+00:00,opportunityhome.org,False,http_error,404.0,https://opportunityhome.org/resources/lgbtq-rights-and-housing-fact-sheet,10.0,not_extracted,0,0,,text/plain; charset=utf-8,,,,,,0.0,,
2dffc92a2c4dd4eead32,https://researchspace.ukzn.ac.za/items/40105654-e51e-4dc0-b1b0-e5852620749d,2026-10-04T02:36:13.098882+00:00,ukzn.ac.za,True,downloaded,200.0,https://researchspace.ukzn.ac.za/items/40105654-e51e-4dc0-b1b0-e5852620749d,489858.0,success,2405,367,html,text/html; charset=utf-8,"Factors affecting men's health care seeking behaviour and use of services : a case study of Inanda Township, Durban.",Mthembu; Mbali Emerald,2017-04-22,"a case study of Inanda Township, Durban.",https://researchspace.ukzn.ac.za/items/40105654-e51e-4dc0-b1b0-e5852620749d,0.0,2dffc92a2c4dd4eead32.txt,e14aa395333306f875b71858d37ff9069b229cba66abe01a818dd4a8786cf453
2e2b4fb05a98c19d05cb,https://info.nystateofhealth.ny.gov/stay-covered,2026-10-04T02:36:13.737897+00:00,ny.gov,False,http_error,403.0,https://info.nystateofhealth.ny.gov/stay-covered,986.0,not_extracted,0,0,,text/html,,,,,,0.0,,
2e975caaf193511c373d,https://unidosus.org/progress-report/exploring-opportunities-for-and-barriers-to-latino-participation-in-the-modern-workforce,2026-10-04T02:36:14.316635+00:00,unidosus.org,True,downloaded,200.0,https://unidosus.org/progress-report/exploring-opportunities-for-and-barriers-to-latino-participation-in-the-modern-workforce/,89025.0,success,6134,911,html,text/html; charset=UTF-8,Exploring opportunities for — and barriers to — Latino participation in the modern workforce,On,2025-11-05,UnidosUS,https://unidosus.org/progress-report/exploring-opportunities-for-and-barriers-to-latino-participation-in-the-modern-workforce/,0.0,2e975caaf193511c373d.txt,7a8203117a810e6ecd4f3e48734ccd4d8029c7fb1192365f1ea92bcb17386bab
2eabc6c6e9222aa34431,https://bankrate.com/banking/banks-that-are-lgbtq-friendly,2026-10-04T02:36:14.756265+00:00,bankrate.com,False,http_error,405.0,https://www.bankrate.com/banking/banks-that-are-lgbtq-friendly,2111.0,not_extracted,0,0,,text/html; charset=UTF-8,,,,,,0.0,,
2ef614697ef626a43819,https://pmc.ncbi.nlm.nih.gov/articles/PMC11363849,2026-10-04T02:36:15.449299+00:00,nih.gov,True,downloaded,200.0,https://pmc.ncbi.nlm.nih.gov/articles/PMC11363849,21372.0,success,131,18,html,text/html; charset=utf-8,Checking your browser,,2026-09-11,google.com,https://www.google.com/recaptcha/challengepage,0.0,2ef614697ef626a43819.txt,a29166d0eaaa418bd5af61a282f1183a46c84c4d5e4c90689b1b452d230d05cc
2f9ca793e04f9e6bd2af,https://pmc.ncbi.nlm.nih.gov/articles/PMC12547269,2026-10-04T02:36:15.667481+00:00,nih.gov,True,downloaded,200.0,https://pmc.ncbi.nlm.nih.gov/articles/PMC12547269/,294305.0,success,72022,10037,html,text/html; charset=utf-8,Socio-economic and insurance factors in preventive care: A two-stage weighted structural analysis,Florent Nkouaga,2025-10-06,Dialogues in Health,https://pmc.ncbi.nlm.nih.gov/articles/PMC12547269/,0.0,2f9ca793e04f9e6bd2af.txt,f2d5c230789c00b13a69ce94a718a02c1a1f32cdd8692ca7622ab3195f6653f2
2fa10489a9f6b6feeb1a,https://pmc.ncbi.nlm.nih.gov/articles/PMC7358737,2026-10-04T02:36:15.777455+00:00,nih.gov,True,downloaded,200.0,https://pmc.ncbi.nlm.nih.gov/articles/PMC7358737,21368.0,success,131,18,html,text/html; charset=utf-8,Checking your browser,,2026-09-11,google.com,https://www.google.com/recaptcha/challengepage,0.0,2fa10489a9f6b6feeb1a.txt,a29166d0eaaa418bd5af61a282f1183a46c84c4d5e4c90689b1b452d230d05cc
2faa5423b0ef0b1013d9,https://pmc.ncbi.nlm.nih.gov/articles/PMC7893374,2026-10-04T02:36:15.821576+00:00,nih.gov,True,downloaded,200.0,https://pmc.ncbi.nlm.nih.gov/articles/PMC7893374/,231651.0,success,81651,12182,html,text/html; charset=utf-8,Experiences of Hispanic Families with Social Services in the Racially Segregated Southeast: Views from Administrators and Workers in North Carolina,Carolyn Y Barnes; Lisa A Gennetian,2021-02-19,Race and Social Problems,https://pmc.ncbi.nlm.nih.gov/articles/PMC7893374/,0.0,2faa5423b0ef0b1013d9.txt,113ee719dc387e8ec3065e0c004a76630fa2b15fd38fac6f1dba7f03118cf085
2fdbeb3ae29c8c995e4e,https://giesbusiness.illinois.edu/news/2025/11/12/new-research-reveals-widespread-bias--inefficiency-in-credit-scoring-and-mortgage-lending,2026-10-04T02:36:16.679912+00:00,illinois.edu,True,downloaded,200.0,https://giesbusiness.illinois.edu/news/2025/11/12/new-research-reveals-widespread-bias--inefficiency-in-credit-scoring-and-mortgage-lending,49387.0,success,8244,1104,html,text/html; charset=utf-8,"New research reveals widespread bias, inefficiency in credit scoring and mortgage lending",,2025-11-12,Gies College of Business,https://giesbusiness.illinois.edu/news/2025/11/12/new-research-reveals-widespread-bias--inefficiency-in-credit-scoring-and-mortgage-lending,0.0,2fdbeb3ae29c8c995e4e.txt,695e9682409f27767ec248cf12897c7db84427f12c5a2e47feaf22bdfb50aebd
2fded60bd97a21041fd0,https://sciencedirect.com/science/article/pii/S0001691825000605,2026-10-04T02:36:17.980636+00:00,sciencedirect.com,False,http_error,403.0,https://www.sciencedirect.com/science/article/pii/S0001691825000605,1207871.0,not_extracted,0,0,,text/html; charset=UTF-8,,,,,,0.0,,
3024b43fe551a9e66cfd,https://eeoc.gov/federal-sector/report/eeoc-african-american-workgroup-report,2026-10-04T02:36:19.818992+00:00,eeoc.gov,True,downloaded,200.0,https://www.eeoc.gov/federal-sector/report/eeoc-african-american-workgroup-report,115439.0,success,566,56,html,text/html; charset=utf-8,EEOC African American Workgroup Report,,2012-12-14,U.S. Equal Employment Opportunity Commission,https://www.eeoc.gov/federal-sector/report/eeoc-african-american-workgroup-report,0.0,3024b43fe551a9e66cfd.txt,fe89d1b1a6a4aadca10dbce1e1754f60c55aac9aba8cef1ddb9c278197f9a345
3032e60263ea262264c7,https://hispanicresearchcenter.org/research-resources/highlights-decade-research-supports-economic-self-sufficiency-latino-families-children?print=print,2026-10-04T02:36:20.551202+00:00,hispanicresearchcenter.org,True,downloaded,200.0,https://www.hispanicresearchcenter.org/research-resources/highlights-decade-research-supports-economic-self-sufficiency-latino-families-children?print=print,173472.0,success,15452,2191,html,text/html; charset=UTF-8,Highlights From a Decade of the Center’s Research on Supports for Economic Self-sufficiency Among Latino Families With Children,Author,2025-03-20,hispanicresearchcenter.org,https://www.hispanicresearchcenter.org/research-resources/highlights-decade-research-supports-economic-self-sufficiency-latino-families-children?print=print,0.0,3032e60263ea262264c7.txt,2f88684d309fa76eaa9619fa80e9732af26189e0ed0cc9c2c370cc9df9e855b4
30375f0ee98739e6c944,https://link.springer.com/article/10.1007/s10775-025-09788-6,2026-10-04T02:36:20.677184+00:00,springer.com,False,robots_disallowed,,https://link.springer.com/article/10.1007/s10775-025-09788-6,,not_extracted,0,0,,,,,,,,,,
30b52c2fad6b0133f0fa,https://theconversation.com/bullying-linked-to-gender-and-sexuality-often-goes-unchecked-in-schools-55639,2026-10-04T02:36:20.677441+00:00,theconversation.com,True,downloaded,200.0,https://theconversation.com/bullying-linked-to-gender-and-sexuality-often-goes-unchecked-in-schools-55639,174534.0,success,5276,774,html,text/html; charset=utf-8,Bullying linked to gender and sexuality often goes unchecked in schools,Victoria Rawlings,2016-03-03,The Conversation,https://theconversation.com/bullying-linked-to-gender-and-sexuality-often-goes-unchecked-in-schools-55639,0.0,30b52c2fad6b0133f0fa.txt,24d1d026b9a948a2678069a3819a966a4292b192a1fc1d32530ab1c943e5cac2
30e3af1b20ad69a5ad7e,https://ama-assn.org/about/leadership/maintaining-preventive-coverage-vital-public-health,2026-10-04T02:36:21.154906+00:00,ama-assn.org,False,http_error,403.0,https://www.ama-assn.org/about/leadership/maintaining-preventive-coverage-vital-public-health,5487.0,not_extracted,0,0,,text/html; charset=UTF-8,,,,,,0.0,,
312cb6f7736abe4f1f71,https://povertyactionlab.org/policy-insight/increasing-college-access-making-application-process-easier,2026-10-04T02:36:22.666429+00:00,povertyactionlab.org,True,downloaded,200.0,https://www.povertyactionlab.org/policy-insight/increasing-college-access-making-application-process-easier,114908.0,success,12284,1725,html,text/html; charset=utf-8,Increasing college access by making the application process easier,Insight author Sophie Shank,2018-02-01,The Abdul Latif Jameel Poverty Action Lab (J-PAL),https://www.povertyactionlab.org/policy-insight/increasing-college-access-making-application-process-easier,0.0,312cb6f7736abe4f1f71.txt,f6d50af9729ae29019c1a9d6544876877199c90000b51a9174a53c246d66e35a
313429e6f57d22dbd2d3,https://salud-america.org/what-do-latinos-think-about-preventative-care,2026-10-04T02:36:23.607863+00:00,salud-america.org,True,downloaded,200.0,https://salud-america.org/what-do-latinos-think-about-preventative-care/,79729.0,success,7304,1157,html,text/html; charset=UTF-8,What Do Latinos Think about Preventative Care? - Salud America,Catherine Stewart,2024-08-07,Salud America!,https://salud-america.org/what-do-latinos-think-about-preventative-care/,0.0,313429e6f57d22dbd2d3.txt,53ae260527ba511115eb7f885b2a031a4dddce3554d4285cb789a189f7157b4f
31c573903acd2fa7c191,https://wowremoteteams.com/blog/what-issues-are-important-to-latinos-in-the-workplace,2026-10-04T02:36:24.162871+00:00,wowremoteteams.com,True,downloaded,200.0,https://wowremoteteams.com/blog/what-issues-are-important-to-latinos-in-the-workplace/,195240.0,success,14900,2033,html,text/html; charset=utf-8,What Issues are Important to Latinos in the Workplace - Wow Remote Teams,Juli Brown,2025-12-14,Wow Remote Teams,https://wowremoteteams.com/blog/what-issues-are-important-to-latinos-in-the-workplace/,0.0,31c573903acd2fa7c191.txt,42e9c0ddf820cf5c1a3048b054318783c271565061ae1933be28d7d153977ac4
31c78b2677ddfefe88e1,https://youtube.com/watch?t=76s&v=2eqk_2ZRybY,2026-10-04T02:36:24.284471+00:00,youtube.com,True,downloaded,200.0,https://www.youtube.com/watch?t=76s&v=2eqk_2ZRybY,1231467.0,success,146,23,html,text/html; charset=utf-8,Addressing bullying and violence in schools,,2024-11-08,YouTube,https://www.youtube.com/watch?v=2eqk_2ZRybY,0.0,31c78b2677ddfefe88e1.txt,8dbba17988e385133ba8f51d76cde1fc2c859262b666cb848e9cfe2478fd5e71
31ea40386f120b76d726,https://youtube.com/watch?t=48s&v=96rwUA7pqYg,2026-10-04T02:36:24.399422+00:00,youtube.com,True,downloaded,200.0,https://www.youtube.com/watch?t=48s&v=96rwUA7pqYg,1154648.0,success,146,23,html,text/html; charset=utf-8,LGBTQ Inmates are Treated Worse Than Other Inmates,,2022-09-14,YouTube,https://www.youtube.com/watch?v=96rwUA7pqYg,0.0,31ea40386f120b76d726.txt,8dbba17988e385133ba8f51d76cde1fc2c859262b666cb848e9cfe2478fd5e71
32071746a95da5bc9476,https://ojp.gov/ncjrs/virtual-library/abstracts/investigative-detention-constitutional-constraints-police-use-force,2026-10-04T02:36:27.439951+00:00,ojp.gov,True,downloaded,200.0,https://www.ojp.gov/ncjrs/virtual-library/abstracts/investigative-detention-constitutional-constraints-police-use-force,55699.0,success,2612,403,html,text/html; charset=UTF-8,NCJRS Virtual Library,Author J C Hall,1996-01-01,ojp.gov,https://www.ojp.gov/ncjrs/virtual-library/abstracts/investigative-detention-constitutional-constraints-police-use-force,0.0,32071746a95da5bc9476.txt,07e2b165cd9c1e6e1674e0b0bf1bfffbe220b6ddc2ebb6f0eb48ec642c6d1a1b
321580be29593986c250,https://pmc.ncbi.nlm.nih.gov/articles/PMC4141481,2026-10-04T02:36:27.533753+00:00,nih.gov,True,downloaded,200.0,https://pmc.ncbi.nlm.nih.gov/articles/PMC4141481/,164273.0,success,31105,4781,html,text/html; charset=utf-8,Physician Awareness of Sexual Orientation and Preventive Health Recommendations to Men Who Have Sex With Men,Andrew E Petroll; Katie E Mosack,2010-01-01,Sexually transmitted diseases,https://pmc.ncbi.nlm.nih.gov/articles/PMC4141481/,0.0,321580be29593986c250.txt,2c689313ae206efad3e6119dff39778f14cc8bbae37273b48ca77317e0437c03
322f38227c290676e52a,https://pmc.ncbi.nlm.nih.gov/articles/PMC5367475,2026-10-04T02:36:28.155317+00:00,nih.gov,True,downloaded,200.0,https://pmc.ncbi.nlm.nih.gov/articles/PMC5367475,21368.0,success,131,18,html,text/html; charset=utf-8,Checking your browser,,2026-09-11,google.com,https://www.google.com/recaptcha/challengepage,0.0,322f38227c290676e52a.txt,a29166d0eaaa418bd5af61a282f1183a46c84c4d5e4c90689b1b452d230d05cc
3264383bc930bdb312b6,https://sciencedirect.com/science/article/pii/S2590291125006060,2026-10-04T02:36:28.750815+00:00,sciencedirect.com,False,http_error,403.0,https://www.sciencedirect.com/science/article/pii/S2590291125006060,1207871.0,not_extracted,0,0,,text/html; charset=UTF-8,,,,,,0.0,,
328843a9c7d9effafa7a,https://aarp.org/pri/topics/work-finances-retirement/social-security/social-security-women,2026-10-04T02:36:31.395497+00:00,aarp.org,False,http_error,403.0,https://aarp.org/pri/topics/work-finances-retirement/social-security/social-security-women,866.0,not_extracted,0,0,,text/html,,,,,,0.0,,
3292cafe98f4046dd22d,https://pmc.ncbi.nlm.nih.gov/articles/PMC12228652,2026-10-04T02:36:31.586273+00:00,nih.gov,True,downloaded,200.0,https://pmc.ncbi.nlm.nih.gov/articles/PMC12228652,21371.0,success,131,18,html,text/html; charset=utf-8,Checking your browser,,2026-09-11,google.com,https://www.google.com/recaptcha/challengepage,0.0,3292cafe98f4046dd22d.txt,a29166d0eaaa418bd5af61a282f1183a46c84c4d5e4c90689b1b452d230d05cc
32cc5980a89e0abd4bb7,https://academicworks.cuny.edu/cgi/viewcontent.cgi?article=6918&context=gc_etds,2026-10-04T02:36:31.644937+00:00,cuny.edu,False,http_error,403.0,https://academicworks.cuny.edu/cgi/viewcontent.cgi?article=6918&context=gc_etds,5778.0,not_extracted,0,0,,text/html; charset=UTF-8,,,,,,0.0,,
336ffc72af7d3cc839bb,https://unidosus.org/blog/2026/06/16/federal-snap-cuts-have-denied-millions-of-latinos-and-other-americans-help-paying-for-food,2026-10-04T02:36:31.683320+00:00,unidosus.org,True,downloaded,200.0,https://unidosus.org/blog/2026/06/16/federal-snap-cuts-have-denied-millions-of-latinos-and-other-americans-help-paying-for-food/,197331.0,success,19941,3973,html,text/html; charset=UTF-8,Federal SNAP cuts have denied millions of Latinos and other Americans help paying for food,Alessandra Cespedes; UnidosUS,2026-06-16,UnidosUS,https://unidosus.org/blog/2026/06/16/federal-snap-cuts-have-denied-millions-of-latinos-and-other-americans-help-paying-for-food/,0.0,336ffc72af7d3cc839bb.txt,61390706a17da110728822524cc863211fb4e7414c0bdcedc0f6587fafd0c7c1
33746694a7aefbf498ac,https://stephaniehahn.com/blog/2023/03/3-factors-that-increase-the-risk-of-workplace-sexual-harassment,2026-10-04T02:36:31.694134+00:00,stephaniehahn.com,False,http_error,403.0,https://stephaniehahn.com/blog/2023/03/3-factors-that-increase-the-risk-of-workplace-sexual-harassment,5827.0,not_extracted,0,0,,text/html; charset=UTF-8,,,,,,0.0,,
3377596d498630918e68,https://hdfc.bank.in/blogs/personal-loan/7-factors-that-determine-whether-your-loan-gets-sanctioned,2026-10-04T02:36:31.885624+00:00,bank.in,True,downloaded,200.0,https://www.hdfc.bank.in/blogs/personal-loan/7-factors-that-determine-whether-your-loan-gets-sanctioned,1082310.0,success,7197,1209,html,text/html;charset=utf-8,7 Factors that Determine Your Loan Approval Process | HDFC Bank,Aug,2025-08-06,HDFC Bank,https://www.hdfc.bank.in/blogs/personal-loan/7-factors-that-determine-whether-your-loan-gets-sanctioned,0.0,3377596d498630918e68.txt,da45ecb5161122004b190cc3d7840cf65fb97a5d68622405e69fe5c248fdf256
33968ea5339bef3befa1,https://nlc.org/article/2022/10/28/barriers-existing-practices-recommendations-in-housing-for-hispanic-latinx-latinoa-residents,2026-10-04T02:36:31.934745+00:00,nlc.org,True,downloaded,200.0,https://www.nlc.org/article/2022/10/28/barriers-existing-practices-recommendations-in-housing-for-hispanic-latinx-latinoa-residents,145053.0,success,10387,1411,html,text/html; charset=UTF-8,"Barriers, Existing Practices & Recommendations in Housing for Hispanic, Latinx/Latino(a)* Residents",About the Authors,2022-10-28,National League of Cities,https://www.nlc.org/article/2022/10/28/barriers-existing-practices-recommendations-in-housing-for-hispanic-latinx-latinoa-residents/,0.0,33968ea5339bef3befa1.txt,5b3030125343661414090ba862b15aa0703acf1a1e65f5e9cf14a493172c747d
33c754c0e264fe2c55c8,https://rasmussen.edu/degrees/health-sciences/blog/patient-safety-in-hospitals,2026-10-04T02:36:32.166784+00:00,rasmussen.edu,True,downloaded,200.0,https://www.rasmussen.edu/degrees/health-sciences/blog/patient-safety-in-hospitals/,342049.0,success,6994,1120,html,text/html; charset=utf-8,5 Factors that Can Improve Patient Safety in Hospitals | Rasmussen University,Ashley Brooks,2018-08-22,Rasmussen University,https://www.rasmussen.edu/degrees/health-sciences/blog/patient-safety-in-hospitals/,0.0,33c754c0e264fe2c55c8.txt,ad27fd9043ebebd0e8156a5410eda704bebd632e5d858a379d17312a8143e7a0
33d5a2463b5d66f100cd,https://cbpp.org/research/poverty-and-inequality/expanding-work-requirements-would-make-it-harder-for-people-to-meet,2026-10-04T02:36:32.590413+00:00,cbpp.org,False,http_error,403.0,https://cbpp.org/research/poverty-and-inequality/expanding-work-requirements-would-make-it-harder-for-people-to-meet,6157.0,not_extracted,0,0,,text/html; charset=UTF-8,,,,,,0.0,,
33f7534926f2acebe58d,https://americanprogress.org/article/protecting-basic-living-standards-lgbtq-people,2026-10-04T02:36:34.835841+00:00,americanprogress.org,False,http_error,403.0,https://www.americanprogress.org/article/protecting-basic-living-standards-lgbtq-people,5812.0,not_extracted,0,0,,text/html; charset=UTF-8,,,,,,0.0,,
342117959d3d2d752b68,https://glaad.org/reference/health,2026-10-04T02:36:35.911432+00:00,glaad.org,False,http_error,403.0,https://glaad.org/reference/health,118.0,not_extracted,0,0,,text/html,,,,,,0.0,,
3433bf9e31d051e163a5,https://ca.indeed.com/career-advice/career-development/choice-of-career,2026-10-04T02:36:38.055484+00:00,indeed.com,True,downloaded,200.0,https://ca.indeed.com/career-advice/career-development/choice-of-career,776256.0,success,7914,1272,html,text/html; charset=utf-8,Factors to Consider When Making Your Choice of Career,,2026-06-16,Indeed Career Guide,https://ca.indeed.com/career-advice/career-development/choice-of-career,0.0,3433bf9e31d051e163a5.txt,b3f82e2b2e765e200d67434b37d8c3ab51fd4c1ca1ad4bfc344519e6746c21cb
348352c77181b74779f4,https://americanprogress.org/article/gender-matters,2026-10-04T02:36:38.223568+00:00,americanprogress.org,False,http_error,403.0,https://www.americanprogress.org/article/gender-matters,5673.0,not_extracted,0,0,,text/html; charset=UTF-8,,,,,,0.0,,
355e3fb3b51704d88993,https://pubmed.ncbi.nlm.nih.gov/38131728,2026-10-04T02:36:38.398261+00:00,nih.gov,True,downloaded,203.0,https://pubmed.ncbi.nlm.nih.gov/38131728/,5590.0,success,100,14,html,text/html; charset=utf-8,Cookies must be enabled,,,pubmed.ncbi.nlm.nih.gov,https://pubmed.ncbi.nlm.nih.gov/38131728/,0.0,355e3fb3b51704d88993.txt,f193d0de906419650acf171625dbd67f88f297290893b5473e1d8365c03d4b59
356ef631d65260b12137,https://federalreserve.gov/econres/feds/how-much-does-racial-bias-affect-mortgage-lending.htm,2026-10-04T02:36:38.586604+00:00,federalreserve.gov,True,downloaded,200.0,https://www.federalreserve.gov/econres/feds/how-much-does-racial-bias-affect-mortgage-lending.htm,87816.0,success,1802,259,html,text/html,How Much Does Racial Bias Affect Mortgage Lending? Evidence from Human and Algorithmic Credit Decisions,Neil Bhutta; Aurel Hizmo; Daniel Ringo,2022-10-18,federalreserve.gov,https://www.federalreserve.gov/econres/feds/how-much-does-racial-bias-affect-mortgage-lending.htm,0.0,356ef631d65260b12137.txt,b706ecd756ac04e73b0427db49ff529f22e71b38a97de50de5bd2eee9b2e6ba6
35ad1ce4a02f95285091,https://pmc.ncbi.nlm.nih.gov/articles/PMC10103672,2026-10-04T02:36:39.222130+00:00,nih.gov,True,downloaded,200.0,https://pmc.ncbi.nlm.nih.gov/articles/PMC10103672/,21373.0,success,131,18,html,text/html; charset=utf-8,Checking your browser,,2026-09-11,google.com,https://www.google.com/recaptcha/challengepage,0.0,35ad1ce4a02f95285091.txt,a29166d0eaaa418bd5af61a282f1183a46c84c4d5e4c90689b1b452d230d05cc
35bf709073e53235f5d2,https://wbur.org/cognoscenti/2023/10/19/racial-bullying-george-floyd-alexis-rickmers-oren-sellstrom,2026-10-04T02:36:40.015989+00:00,wbur.org,True,downloaded,200.0,https://www.wbur.org/cognoscenti/2023/10/19/racial-bullying-george-floyd-alexis-rickmers-oren-sellstrom,411046.0,success,5394,847,html,text/html; charset=utf-8,Racial bullying in schools is on the rise — including here in Mass.,Alexis Rickmers; Oren Sellstrom,2023-10-19,Wbur,https://www.wbur.org/cognoscenti/2023/10/19/racial-bullying-george-floyd-alexis-rickmers-oren-sellstrom,0.0,35bf709073e53235f5d2.txt,11359eb076f1fa99ec273770f7afad4ddb5b00a5f091be67b342c3bf195f1e9b
35eb5a322178dfbb8246,https://pnas.org/doi/10.1073/pnas.1903592116,2026-10-04T02:36:41.586363+00:00,pnas.org,False,http_error,403.0,https://pnas.org/doi/10.1073/pnas.1903592116,5701.0,not_extracted,0,0,,text/html; charset=UTF-8,,,,,,0.0,,
360e245835bf5a865c6c,https://ebsco.com/research-starters/history/welfares-impact-racialethnic-relations,2026-10-04T02:36:41.786220+00:00,ebsco.com,True,downloaded,200.0,https://www.ebsco.com/research-starters/history/welfares-impact-racialethnic-relations,125401.0,success,16640,2487,html,text/html,Welfare's impact on racial/ethnic relations | History | Research Starters | EBSCOhost,,2022-05-01,EBSCO,https://www.ebsco.com/,0.0,360e245835bf5a865c6c.txt,b89733a05edc0a8d3a95ed12ebdd0c7392896dbbd2b350cee82f481bb4c04c7d
36c0735fed165a8b3f18,https://lendingtree.com/personal/reasons-why-your-personal-loan-was-declined,2026-10-04T02:36:42.096953+00:00,lendingtree.com,True,downloaded,200.0,https://www.lendingtree.com/personal/reasons-why-your-personal-loan-was-declined/,453949.0,success,10086,1711,html,text/html; charset=UTF-8,7 Reasons Why You Were Denied a Personal Loan,Lauren Clifford,2018-11-19,LendingTree,https://www.lendingtree.com/personal/reasons-why-your-personal-loan-was-declined/,0.0,36c0735fed165a8b3f18.txt,a1dd50ff07e01eae426895c5a7e74187232ff965a912347f2e9d93ff35503a70
374e2d8a949b8ec0b5dc,https://unwomen.org/en/articles/facts-and-figures/facts-and-figures-economic-empowerment,2026-10-04T02:36:42.447985+00:00,unwomen.org,True,downloaded,200.0,https://www.unwomen.org/en/articles/facts-and-figures/facts-and-figures-economic-empowerment,787571.0,success,25605,3388,html,text/html; charset=UTF-8,Facts and figures: Economic empowerment | UN Women – Headquarters,,2024-06-28,UN Women – Headquarters,https://www.unwomen.org/en/articles/facts-and-figures/facts-and-figures-economic-empowerment,0.0,374e2d8a949b8ec0b5dc.txt,47a4ff247a5d33196244fdc311f910e57e6c20bc45554075eb242db5e8cb6541
37844408c2855aec8c95,https://sciencedirect.com/science/article/abs/pii/S0190740909001819,2026-10-04T02:36:42.620734+00:00,sciencedirect.com,False,http_error,403.0,https://www.sciencedirect.com/science/article/abs/pii/S0190740909001819,1207905.0,not_extracted,0,0,,text/html; charset=UTF-8,,,,,,0.0,,
37c38b7f648527b3cc8e,https://abilitykc.org/5-commonly-faced-barriers-to-employment-that-persons-with-disabilities-often-face,2026-10-04T02:36:45.949871+00:00,abilitykc.org,True,downloaded,200.0,https://abilitykc.org/5-commonly-faced-barriers-to-employment-that-persons-with-disabilities-often-face/,220829.0,success,4679,725,html,text/html; charset=UTF-8,5 Barriers to Employment Faced by Persons With Disabilities,Ll Abilitykc,2025-03-15,Ability KC,https://abilitykc.org/5-commonly-faced-barriers-to-employment-that-persons-with-disabilities-often-face/,0.0,37c38b7f648527b3cc8e.txt,5bb18f79d1e653e7df9dcf3bb24d0904ec72b49adffdb76eb822317e329c7781
37fd2ac44536dd15fd6c,https://idra.org/resource-center/identity-based-bullying-undermines-student-safety-and-success,2026-10-04T02:36:46.046892+00:00,idra.org,False,robots_disallowed,,https://idra.org/resource-center/identity-based-bullying-undermines-student-safety-and-success,,not_extracted,0,0,,,,,,,,,,
380510dde65fa3c6d64a,https://share.google/ncA9pFtjUB5HJt89x,2026-10-04T02:36:48.266779+00:00,share.google,False,http_error,403.0,https://mavmatrix.uta.edu/cgi/viewcontent.cgi?params=/context/crcj_theses/article/1068/type/native/&path_info=,5924.0,not_extracted,0,0,,text/html; charset=UTF-8,,,,,,0.0,,
382d76f919c0a8161c65,https://pmc.ncbi.nlm.nih.gov/articles/PMC4351276,2026-10-04T02:36:48.720790+00:00,nih.gov,True,downloaded,200.0,https://pmc.ncbi.nlm.nih.gov/articles/PMC4351276/,197714.0,success,45825,6668,html,text/html; charset=utf-8,Why do People Avoid Medical Care? A Qualitative Study Using National Data,Jennifer M Taber; Bryan Leyva; Alexander Persoskie,2014-11-12,Journal of General Internal Medicine,https://pmc.ncbi.nlm.nih.gov/articles/PMC4351276/,0.0,382d76f919c0a8161c65.txt,f9a9843c608d4e6566f4580b096104c5a728ed7b71be6c93fdb7f074feeb40f4
389e6c1d560ec25dd2a2,https://digitalcommons.unomaha.edu/cgi/viewcontent.cgi?article=1058&context=criminaljusticefacpub,2026-10-04T02:36:48.746816+00:00,unomaha.edu,False,http_error,403.0,https://digitalcommons.unomaha.edu/cgi/viewcontent.cgi?article=1058&context=criminaljusticefacpub,5868.0,not_extracted,0,0,,text/html; charset=UTF-8,,,,,,0.0,,
38b05133ffef29d3cd1e,https://nacacnet.org/factors-in-the-admission-decision,2026-10-04T02:36:48.854887+00:00,nacacnet.org,True,downloaded,200.0,https://www.nacacnet.org/factors-in-the-admission-decision/,265028.0,success,4366,932,html,text/html; charset=UTF-8,Factors in the Admission Decision - National Association for College Admission Counseling (NACAC),Michelle Lucas,2023-08-23,National Association for College Admission Counseling (NACAC),https://www.nacacnet.org/factors-in-the-admission-decision/,0.0,38b05133ffef29d3cd1e.txt,520522031153642e0be08bf330e242c160c58458696bccacea6badd718e89ba2
38f3493e6a8492913407,https://link.springer.com/article/10.1186/s12939-025-02603-2,2026-10-04T02:36:48.869846+00:00,springer.com,False,robots_disallowed,,https://link.springer.com/article/10.1186/s12939-025-02603-2,,not_extracted,0,0,,,,,,,,,,
390647047124e5ee7d50,https://accessliving.org/access-to-justice-a-cross-disability-perspective-on-reducing-jail-incarceration/background-access-to-justice,2026-10-04T02:36:48.870056+00:00,accessliving.org,False,http_error,403.0,https://accessliving.org/access-to-justice-a-cross-disability-perspective-on-reducing-jail-incarceration/background-access-to-justice,103.0,not_extracted,0,0,,text/html,,,,,,0.0,,
3952700851987a1de36e,https://who.int/news-room/fact-sheets/detail/patient-safety,2026-10-04T02:36:51.319646+00:00,who.int,True,downloaded,200.0,https://www.who.int/news-room/fact-sheets/detail/patient-safety,124898.0,success,13968,2022,html,text/html; charset=utf-8,Patient safety,,2023-09-11,World Health Organization: WHO,https://www.who.int/news-room/fact-sheets/detail/patient-safety,0.0,3952700851987a1de36e.txt,b27cbbbe172fb0666f574ab96239d2d3ec360913648b088189ffb16f254bf443
3966d4cfa437893f7de1,https://williamsinstitute.law.ucla.edu/wp-content/uploads/Trans-Workplace-Discrimination-Nov-2024.pdf,2026-10-04T02:36:52.438232+00:00,ucla.edu,True,downloaded,200.0,https://williamsinstitute.law.ucla.edu/wp-content/uploads/Trans-Workplace-Discrimination-Nov-2024.pdf,2588530.0,success,84981,12501,pdf,application/pdf,,,,,,0.0,3966d4cfa437893f7de1.txt,a7d074969e87ecefc4be6766ac5147861468fb75bc91717e19392052175b6a29
397cf5e43effd5aa7a2a,https://inc.com/replacemeplease1456157247.html,2026-10-04T02:36:53.093183+00:00,inc.com,False,http_error,403.0,https://www.inc.com/replacemeplease1456157247.html,767.0,not_extracted,0,0,,text/html;charset=utf-8,,,,,,0.0,,
39a9a42ec115c76d0640,https://pmc.ncbi.nlm.nih.gov/articles/PMC8439157,2026-10-04T02:36:53.594724+00:00,nih.gov,True,downloaded,200.0,https://pmc.ncbi.nlm.nih.gov/articles/PMC8439157,21367.0,success,131,18,html,text/html; charset=utf-8,Checking your browser,,2026-09-11,google.com,https://www.google.com/recaptcha/challengepage,0.0,39a9a42ec115c76d0640.txt,a29166d0eaaa418bd5af61a282f1183a46c84c4d5e4c90689b1b452d230d05cc
39afce3abce3083d0afd,https://generations.asaging.org/supporting-lgbtq-older-adults-in-retirement-through-research-and-advocacy,2026-10-04T02:36:55.593153+00:00,asaging.org,True,downloaded,200.0,https://generations.asaging.org/supporting-lgbtq-older-adults-in-retirement-through-research-and-advocacy/,189396.0,success,27232,3868,html,text/html; charset=UTF-8,Supporting LGBTQ Older Adults in Retirement Through Research and Advocacy - ASA Generations,ASA Generations; Abiggar,2025-10-22,ASA Generations,https://generations.asaging.org/supporting-lgbtq-older-adults-in-retirement-through-research-and-advocacy/,0.0,39afce3abce3083d0afd.txt,949d582bd1fd9624380756d202c48793f6b6ae4ccbf19449af79386c9bf65da4
39c5fac8bd8e2440f0cc,https://familypromiseanoka.org/blog/disproportionate-homelessness,2026-10-04T02:36:55.733067+00:00,familypromiseanoka.org,True,downloaded,200.0,https://www.familypromiseanoka.org/blog/disproportionate-homelessness,401014.0,success,8163,1185,html,text/html;charset=UTF-8,Homelessness disproportionately effects people of color.,Gwen Campbell,2022-06-21,Family Promise in Anoka County,https://www.familypromiseanoka.org/blog/disproportionate-homelessness,0.0,39c5fac8bd8e2440f0cc.txt,27385293a0935abfcef47bc9a292575b7a7e576de7fc032ed4cb89eab216d15c
39cc59d2c9d1bdd21d47,https://healthaffairs.org/doi/10.1377/hlthaff.2019.01361,2026-10-04T02:36:56.182514+00:00,healthaffairs.org,False,http_error,403.0,https://healthaffairs.org/doi/10.1377/hlthaff.2019.01361,5719.0,not_extracted,0,0,,text/html; charset=UTF-8,,,,,,0.0,,
39d5b990d19e7633dd0b,https://chartspan.com/blog/preventive-care-for-women-how-to-overcome-barriers,2026-10-04T02:36:56.250876+00:00,chartspan.com,True,downloaded,200.0,https://www.chartspan.com/blog/preventive-care-for-women-how-to-overcome-barriers/,2005129.0,success,15903,2341,html,text/html; charset=UTF-8,Preventive Care for Women: How to Overcome Barriers,Grace,2025-10-01,ChartSpan,https://www.chartspan.com/blog/preventive-care-for-women-how-to-overcome-barriers/,0.0,39d5b990d19e7633dd0b.txt,00edc0970f7c3854431c144a69d8ce01c3545cf53ad8715bffdc9c668f5f1571
39fd905e86c79dec4f28,https://youtube.com/watch?t=121s&v=n0urFzhWTZ4,2026-10-04T02:36:56.845065+00:00,youtube.com,True,downloaded,200.0,https://www.youtube.com/watch?t=121s&v=n0urFzhWTZ4,1272543.0,success,146,23,html,text/html; charset=utf-8,How policewomen make communities safer | Ivonne Roman,,2019-09-09,YouTube,https://www.youtube.com/watch?v=n0urFzhWTZ4,0.0,39fd905e86c79dec4f28.txt,8dbba17988e385133ba8f51d76cde1fc2c859262b666cb848e9cfe2478fd5e71
3a0b822c903c374ce623,https://pmc.ncbi.nlm.nih.gov/articles/PMC12821302,2026-10-04T02:36:58.210511+00:00,nih.gov,True,downloaded,200.0,https://pmc.ncbi.nlm.nih.gov/articles/PMC12821302/,137575.0,success,25981,3838,html,text/html; charset=utf-8,"Men’s perspective on barriers and challenges towards accessing healthcare services in the City of Mbombela, Mpumalanga Province, South Africa",Jonas Mahlapahlapa Langa; Tshifhiwa Sinky Netshapapame; Daniel Ter Goon,2025-12-14,BMC Research Notes,https://pmc.ncbi.nlm.nih.gov/articles/PMC12821302/,0.0,3a0b822c903c374ce623.txt,e23d59d707c73ca09569a5358cadddbc5ce98990e06437939c58fc3dff006909
3a763bb5661a878f139e,https://cambridge.org/core/journals/law-and-social-inquiry/article/preference-or-penalty-the-law-and-employers-diverging-hiring-intentions-of-latino-immigrants/6FBDB6E32D19F7CBCC94B1452E29CF48,2026-10-04T02:36:58.947879+00:00,cambridge.org,False,http_error,429.0,https://www.cambridge.org/core/journals/law-and-social-inquiry/article/preference-or-penalty-the-law-and-employers-diverging-hiring-intentions-of-latino-immigrants/6FBDB6E32D19F7CBCC94B1452E29CF48,1302.0,not_extracted,0,0,,text/html; charset=utf-8,,,,,,0.0,,
3a8ad4f5086878af4aef,https://pmc.ncbi.nlm.nih.gov/articles/PMC10937783,2026-10-04T02:36:59.233250+00:00,nih.gov,True,downloaded,200.0,https://pmc.ncbi.nlm.nih.gov/articles/PMC10937783,21371.0,success,131,18,html,text/html; charset=utf-8,Checking your browser,,2026-09-11,google.com,https://www.google.com/recaptcha/challengepage,0.0,3a8ad4f5086878af4aef.txt,a29166d0eaaa418bd5af61a282f1183a46c84c4d5e4c90689b1b452d230d05cc
3a9a917d88b655783c05,https://migrationpolicy.org/publication/immigrants-eligibility-us-public-benefits-primer,2026-10-04T02:36:59.874243+00:00,migrationpolicy.org,False,http_error,403.0,https://migrationpolicy.org/publication/immigrants-eligibility-us-public-benefits-primer,5876.0,not_extracted,0,0,,text/html; charset=UTF-8,,,,,,0.0,,
3aa79b393381ef3638af,https://pmc.ncbi.nlm.nih.gov/articles/PMC12614286,2026-10-04T02:36:59.978424+00:00,nih.gov,True,downloaded,200.0,https://pmc.ncbi.nlm.nih.gov/articles/PMC12614286,21366.0,success,131,18,html,text/html; charset=utf-8,Checking your browser,,2026-09-11,google.com,https://www.google.com/recaptcha/challengepage,0.0,3aa79b393381ef3638af.txt,a29166d0eaaa418bd5af61a282f1183a46c84c4d5e4c90689b1b452d230d05cc
3ab2c9e0cad5c30257b8,https://unesco.org/en/articles/what-you-need-know-about-school-violence-and-bullying,2026-10-04T02:37:02.500531+00:00,unesco.org,True,downloaded,200.0,https://www.unesco.org/en/articles/what-you-need-know-about-school-violence-and-bullying,79439.0,success,7846,1154,html,text/html; charset=utf-8,What you need to know about school violence and bullying,,2020-11-03,UNESCO,https://www.unesco.org/en/articles/what-you-need-know-about-school-violence-and-bullying,0.0,3ab2c9e0cad5c30257b8.txt,f6a61588b1fde686891aaa963f9fbc6ee9bdf1d6f11d52a14eb5e987023a4314
3afcc56e22742afe274e,https://cangrade.com/blog/talent-acquisition/6-science-backed-ways-to-prioritize-hiring-women,2026-10-04T02:37:03.224854+00:00,cangrade.com,False,http_error,404.0,https://cangrade.com/blog/talent-acquisition/6-science-backed-ways-to-prioritize-hiring-women,10.0,not_extracted,0,0,,text/plain; charset=utf-8,,,,,,0.0,,
3b0935f3835d8b80ef37,https://endhomelessness.org/blog/examining-latino-homelessness,2026-10-04T02:37:03.782864+00:00,endhomelessness.org,True,downloaded,200.0,https://endhomelessness.org/blog/examining-latino-homelessness,344404.0,success,3860,572,html,text/html; charset=UTF-8,Examining Latino Homelessness,Andres Orejuela,2025-03-05,National Alliance to End Homelessness,https://endhomelessness.org/blog/examining-latino-homelessness/,0.0,3b0935f3835d8b80ef37.txt,29dbbd146772dc106606a2be741b2ad1cf8660a751ed33e01244f2075f671169
3b3f76e315bf22373a9e,https://pewresearch.org/social-trends/2012/12/18/a-bipartisan-nation-of-beneficiaries,2026-10-04T02:37:05.054692+00:00,pewresearch.org,True,downloaded,200.0,https://www.pewresearch.org/social-trends/2012/12/18/a-bipartisan-nation-of-beneficiaries/,422738.0,success,16002,2556,html,text/html; charset=UTF-8,A Bipartisan Nation of Beneficiaries,Rich Morin; Paul Taylor; Eileen Patten,2012-12-18,Pew Research Center,https://www.pewresearch.org/social-trends/2012/12/18/a-bipartisan-nation-of-beneficiaries/,0.0,3b3f76e315bf22373a9e.txt,4d5b8444d3ef91d833a5524188e38f53ad83444d40dc75575b1eefd55d6aebbd
3b4bcc955ccd2c993b86,https://researchgate.net/publication/249027896_Black_white_and_unequal_Examining_situational_determinants_of_arrest_decisions_from_police-suspect_encounters,2026-10-04T02:37:07.237755+00:00,researchgate.net,False,http_error,403.0,https://www.researchgate.net/publication/249027896_Black_white_and_unequal_Examining_situational_determinants_of_arrest_decisions_from_police-suspect_encounters,21138.0,not_extracted,0,0,,text/html; charset=UTF-8,,,,,,0.0,,
3b4e0315f5a1474a7160,https://healthcare.gov/how-plans-set-your-premiums,2026-10-04T02:37:07.405905+00:00,healthcare.gov,True,downloaded,200.0,https://www.healthcare.gov/how-plans-set-your-premiums/,416704.0,success,1584,255,html,text/html,How Health Insurance Marketplace® Plans Set Your Premiums,,2026-01-01,HealthCare.gov,https://www.healthcare.gov/how-plans-set-your-premiums,0.0,3b4e0315f5a1474a7160.txt,856d47029edbda2f98b2ef71383722cd2e2f3d386e34ac24edd511e591770c38
3b8bc557294c4aa67b02,https://share.google/KF9oqlhpCkFU8eBTC,2026-10-04T02:37:07.532301+00:00,share.google,True,downloaded,200.0,https://www.aeaweb.org/conference/2019/preliminary/paper/2EAtra4a,298704.0,success,64475,10093,pdf,application/pdf,,,,,,0.0,3b8bc557294c4aa67b02.txt,c9885fe9858bae4222789877a69260b56cf26821ce507a7929d341e0a1353c93
3b92a3d953796c100150,https://youtube.com/watch?t=632s&v=68yf3xouXc8,2026-10-04T02:37:07.573381+00:00,youtube.com,True,downloaded,200.0,https://www.youtube.com/watch?t=632s&v=68yf3xouXc8,1361221.0,success,146,23,html,text/html; charset=utf-8,Understanding Police Use of Deadly Force,,2015-05-11,YouTube,https://www.youtube.com/watch?v=68yf3xouXc8,0.0,3b92a3d953796c100150.txt,8dbba17988e385133ba8f51d76cde1fc2c859262b666cb848e9cfe2478fd5e71
3b95d31b802cfdcb021d,https://brookings.edu/articles/an-analysis-of-financial-institutions-in-black-majority-communities-black-borrowers-and-depositors-face-considerable-challenges-in-accessing-banking-services,2026-10-04T02:37:09.836880+00:00,brookings.edu,True,downloaded,200.0,https://www.brookings.edu/articles/an-analysis-of-financial-institutions-in-black-majority-communities-black-borrowers-and-depositors-face-considerable-challenges-in-accessing-banking-services/,284588.0,success,41267,6200,html,text/html; charset=UTF-8,An analysis of financial institutions in Black-majority communities: Black borrowers and depositors face considerable challenges in accessing banking services | Brookings,James C Benton,2022-03-09,Brookings,https://www.brookings.edu/articles/an-analysis-of-financial-institutions-in-black-majority-communities-black-borrowers-and-depositors-face-considerable-challenges-in-accessing-banking-services/,0.0,3b95d31b802cfdcb021d.txt,201afb8195de0df4e5ed41ee54169c5603443c8a952448c60aac52df7422bf21
3ba524b9ce68d9d17b14,https://northeastada.org/blog/workplace-bullying-harassment-and-disability,2026-10-04T02:37:10.395942+00:00,northeastada.org,True,downloaded,200.0,https://northeastada.org/blog/workplace-bullying-harassment-and-disability,48115.0,success,9628,1396,html,text/html; charset=utf-8,The,Northeast ADA Center Staff,2020-04-26,NortheastADA,https://northeastada.org/blog/workplace-bullying-harassment-and-disability,0.0,3ba524b9ce68d9d17b14.txt,cf5fd09b617bac0f8d54e5eba03c525bfd048b506e6bfda5ff3546a9b34cdbef
3be6645515a732a0806d,https://ncda.org/aws/NCDA/pt/sd/news_article/384442/_PARENT/CC_layout_details/false,2026-10-04T02:37:10.830215+00:00,ncda.org,True,downloaded,200.0,https://ncda.org/aws/NCDA/pt/sd/news_article/384442/_PARENT/CC_layout_details/false,41506.0,success,9492,1391,html,text/html; charset=utf-8,"Career Goal-Setting for Black, Indigenous and Students of Color from High-Poverty Urban Areas",,2021-01-08,ncda.org,https://ncda.org/aws/NCDA/pt/sd/news_article/384442/_PARENT/CC_layout_details/false,0.0,3be6645515a732a0806d.txt,878692febe4565064b2016642c9b06a2d37647433985c717ffd793f4c09cc7a4
3c09b5bf0261923823c2,https://thearc.org/blog/whats-happening-at-the-social-security-administration-heres-what-people-with-disabilities-need-to-know,2026-10-04T02:37:11.160871+00:00,thearc.org,True,downloaded,200.0,https://thearc.org/blog/whats-happening-at-the-social-security-administration-heres-what-people-with-disabilities-need-to-know,197346.0,success,15252,2418,html,text/html; charset=UTF-8,What’s Happening at the Social Security Administration? Here’s What People with Disabilities Need to Know.,Jackie Dilworth,2025-04-02,The Arc of the United States,https://thearc.org/blog/whats-happening-at-the-social-security-administration-heres-what-people-with-disabilities-need-to-know/,0.0,3c09b5bf0261923823c2.txt,b117713d7db878796f56f7bce083e0530bddeb42951f3ae1438d7b6aecca9977
3c1ab936db939e36f0c4,https://americanbar.org/groups/domestic_violence/Initiatives/five-for-five/five-facts-homelessness,2026-10-04T02:37:11.384373+00:00,americanbar.org,False,http_error,403.0,https://americanbar.org/groups/domestic_violence/Initiatives/five-for-five/five-facts-homelessness,5884.0,not_extracted,0,0,,text/html; charset=UTF-8,,,,,,0.0,,
3c2189c3af29805a77e6,https://pmc.ncbi.nlm.nih.gov/articles/PMC11292293,2026-10-04T02:37:14.561977+00:00,nih.gov,True,downloaded,200.0,https://pmc.ncbi.nlm.nih.gov/articles/PMC11292293,21372.0,success,131,18,html,text/html; charset=utf-8,Checking your browser,,2026-09-11,google.com,https://www.google.com/recaptcha/challengepage,0.0,3c2189c3af29805a77e6.txt,a29166d0eaaa418bd5af61a282f1183a46c84c4d5e4c90689b1b452d230d05cc
3c2ab22ccbb73cfbabef,https://pmc.ncbi.nlm.nih.gov/articles/PMC5527844,2026-10-04T02:37:14.578234+00:00,nih.gov,True,downloaded,200.0,https://pmc.ncbi.nlm.nih.gov/articles/PMC5527844/,171729.0,success,34635,5458,html,text/html; charset=utf-8,Concerns and Structural Barriers Associated with WIC Participation among WIC-Eligible Women,Cindy H Liu; Heidi Liu,2016-03-09,"Public health nursing (Boston, Mass.)",https://pmc.ncbi.nlm.nih.gov/articles/PMC5527844/,0.0,3c2ab22ccbb73cfbabef.txt,f5db5af619860470c0ee0924d2bfa6a1b726f2cf11fc7f5532ecaad9f3aaa39a
3c3ced71447fbd5f1165,https://undergraduate.northeastern.edu/prehealth/disabilities-in-healthcare-bridging-the-gap-for-inclusive-care,2026-10-04T02:37:14.946410+00:00,northeastern.edu,True,downloaded,200.0,https://undergraduate.northeastern.edu/prehealth/disabilities-in-healthcare-bridging-the-gap-for-inclusive-care/,38293.0,success,2669,372,html,text/html; charset=UTF-8,Disabilities in Healthcare: Bridging the Gap for Inclusive Care | PreMed and PreHealth Advising Program,,2025-06-30,PreMed and PreHealth Advising Program,https://undergraduate.northeastern.edu/prehealth/disabilities-in-healthcare-bridging-the-gap-for-inclusive-care/,0.0,3c3ced71447fbd5f1165.txt,70b85ce2d90e65ce1dda50214a57d788d743a635098cf3cc13b6765aaf17dfe8
3c61d0e9a8d762ca60f3,https://pmc.ncbi.nlm.nih.gov/articles/PMC3935660,2026-10-04T02:37:15.292042+00:00,nih.gov,True,downloaded,200.0,https://pmc.ncbi.nlm.nih.gov/articles/PMC3935660,21368.0,success,131,18,html,text/html; charset=utf-8,Checking your browser,,2026-09-11,google.com,https://www.google.com/recaptcha/challengepage,0.0,3c61d0e9a8d762ca60f3.txt,a29166d0eaaa418bd5af61a282f1183a46c84c4d5e4c90689b1b452d230d05cc
3c6d87a4269eefcba6ec,https://mdpi.com/2076-328X/15/1/61,2026-10-04T02:37:15.768706+00:00,mdpi.com,False,http_error,403.0,https://mdpi.com/2076-328X/15/1/61,391.0,not_extracted,0,0,,text/html,,,,,,0.0,,
3cddef3a39cba22de7bc,https://specialneedsalliance.org/special-needs-101/government-benefits,2026-10-04T02:37:17.774388+00:00,specialneedsalliance.org,True,downloaded,200.0,https://www.specialneedsalliance.org/special-needs-101/government-benefits/,145298.0,success,3895,582,html,text/html; charset=UTF-8,Government Benefits Programs Special Needs Alliance,,2023-08-31,Special Needs Alliance,https://www.specialneedsalliance.org/special-needs-101/government-benefits/,0.0,3cddef3a39cba22de7bc.txt,c400b12f7d582a4568c26e6fda7adbd09e1e046a141f641181d6d32685c3490a
3d39668b388de84e4776,https://ehealthinsurance.com/resources/individual-and-family/health-insurance-for-lgbtq-community,2026-10-04T02:37:17.919250+00:00,ehealthinsurance.com,False,http_error,403.0,https://ehealthinsurance.com/resources/individual-and-family/health-insurance-for-lgbtq-community,1816.0,not_extracted,0,0,,text/html,,,,,,0.0,,
3d44a8dda0e57fbc5a26,https://pmc.ncbi.nlm.nih.gov/articles/PMC9662773,2026-10-04T02:37:17.936030+00:00,nih.gov,True,downloaded,200.0,https://pmc.ncbi.nlm.nih.gov/articles/PMC9662773/,338596.0,success,121017,17103,html,text/html; charset=utf-8,Social support in schools and related outcomes for LGBTQ youth: a scoping review,Enoch Leung; Gabriela Kassel-Gomez; Samantha Sullivan; Flavio Murahara; Tara Flanagan,2022-11-14,Discover Education,https://pmc.ncbi.nlm.nih.gov/articles/PMC9662773/,0.0,3d44a8dda0e57fbc5a26.txt,459a81328739245b8c275354a660eddb8a8103f07d95579cd5d4388b20c22305
3d58c3a70dd8b3ec039d,https://americanprogress.org/press/release-broken-criminal-justice-system-disproportionately-targets-and-harms-lgbt-people,2026-10-04T02:37:18.389244+00:00,americanprogress.org,False,http_error,403.0,https://www.americanprogress.org/press/release-broken-criminal-justice-system-disproportionately-targets-and-harms-lgbt-people,5971.0,not_extracted,0,0,,text/html; charset=UTF-8,,,,,,0.0,,
3d6d8da4adca8cf836a9,https://mhanational.org/blog/challenges-being-lgbtq-workplace,2026-10-04T02:37:18.517700+00:00,mhanational.org,True,downloaded,200.0,https://mhanational.org/blog/challenges-being-lgbtq-workplace/,136758.0,success,3891,662,html,text/html; charset=UTF-8,The challenges of being LGBTQ in the workplace | Mental Health America,,2025-02-21,Mental Health America,https://mhanational.org/blog/challenges-being-lgbtq-workplace/,0.0,3d6d8da4adca8cf836a9.txt,8104f29608e6adba6acf51a477e0d948c1e320e0fd4d6148084a6f5a0c07ac90
3d8ec638c71ff7751b30,https://aspe.hhs.gov/reports/federal-programs-persons-disabilities-0,2026-10-04T02:37:18.625149+00:00,hhs.gov,True,downloaded,200.0,https://aspe.hhs.gov/reports/federal-programs-persons-disabilities-0,418906.0,success,299738,46774,html,text/html; charset=UTF-8,Federal Programs for Persons with Disabilities,,2000-01-01,ASPE,http://aspe.hhs.gov/reports/federal-programs-persons-disabilities-0,0.0,3d8ec638c71ff7751b30.txt,8a7c686fdc3069c26e86a84e2b407ea335b93a04d30e3f8e1a7438d4cc883e5f
3d95100b4ce4745e2a13,https://irp.wisc.edu/resource/making-the-u-s-safety-net-more-responsive-to-economic-downturns,2026-10-04T02:37:18.851323+00:00,wisc.edu,True,downloaded,200.0,https://www.irp.wisc.edu/resource/making-the-u-s-safety-net-more-responsive-to-economic-downturns/,65916.0,success,11083,1700,html,text/html; charset=UTF-8,Making the U.S. Safety Net More Responsive to Economic Downturns,,2021-04-20,INSTITUTE FOR RESEARCH ON POVERTY,https://www.irp.wisc.edu/resource/making-the-u-s-safety-net-more-responsive-to-economic-downturns/,0.0,3d95100b4ce4745e2a13.txt,7cf2f7ef32de3b165f2eeb9303cb252c7c383bbfadbc7783c57870d57c55f128
3d9b0551131c9b61f905,https://pmc.ncbi.nlm.nih.gov/articles/PMC11756264/https:/pmc.ncbi.nlm.nih.gov/articles/PMC11756264,2026-10-04T02:37:19.158632+00:00,nih.gov,True,downloaded,200.0,https://pmc.ncbi.nlm.nih.gov/articles/PMC11756264/https:/pmc.ncbi.nlm.nih.gov/articles/PMC11756264,21500.0,success,131,18,html,text/html; charset=utf-8,Checking your browser,,2026-09-11,google.com,https://www.google.com/recaptcha/challengepage,0.0,3d9b0551131c9b61f905.txt,a29166d0eaaa418bd5af61a282f1183a46c84c4d5e4c90689b1b452d230d05cc
3decabf24afd624461ad,https://sph.umn.edu/news/7-factors-of-career-success,2026-10-04T02:37:21.146254+00:00,umn.edu,True,downloaded,200.0,https://www.sph.umn.edu/news/7-factors-of-career-success/,83984.0,success,3861,625,html,text/html; charset=UTF-8,7 Factors of Career Success - School of Public Health - University of Minnesota,Tom Stanoch,2021-07-10,University of Minnesota School of Public Health,https://www.sph.umn.edu/news/7-factors-of-career-success/,0.0,3decabf24afd624461ad.txt,c67974990e103cb66d925e9d702b3ca63cd59045dc537479fe3626280432e5cf
3df5b39ec9750776d537,https://williamsinstitute.law.ucla.edu/publications/medicaid-trans-health-care,2026-10-04T02:37:21.682799+00:00,ucla.edu,True,downloaded,200.0,https://williamsinstitute.law.ucla.edu/publications/medicaid-trans-health-care/,113494.0,success,2354,341,html,text/html; charset=UTF-8,Medicaid Coverage for Gender-Affirming Care,Loyal; Thisisloyal Com,2025-02-04,The Williams Institute at UCLA School of Law,https://williamsinstitute.law.ucla.edu/publications/medicaid-trans-health-care/,0.0,3df5b39ec9750776d537.txt,06c7d2ac58c8a58fd1f33d6e4277553b29ea33c3c6609b70401bcae14310419e
3e10af1d5c38bb91825f,https://tandfonline.com/doi/full/10.1080/07418825.2025.2550298,2026-10-04T02:37:21.746835+00:00,tandfonline.com,False,http_error,403.0,https://tandfonline.com/doi/full/10.1080/07418825.2025.2550298,5805.0,not_extracted,0,0,,text/html; charset=UTF-8,,,,,,0.0,,
3e3c9e7be9a61984f9e4,https://cato.org/testimony/many-factors-play-minority-access-higher-education,2026-10-04T02:37:22.403361+00:00,cato.org,False,http_error,403.0,https://www.cato.org/testimony/many-factors-play-minority-access-higher-education,885.0,not_extracted,0,0,,text/html,,,,,,0.0,,
3e74166602cbcdbd9f60,https://williamsinstitute.law.ucla.edu/press/lgbtq-college-decisions,2026-10-04T02:37:22.894494+00:00,ucla.edu,True,downloaded,200.0,https://williamsinstitute.law.ucla.edu/press/lgbtq-college-decisions/,109089.0,success,4301,664,html,text/html; charset=UTF-8,LGBTQ people four times more likely than non-LGBTQ peers to choose a college away from home to find acceptance,Loyal; Thisisloyal Com,2022-05-13,The Williams Institute at UCLA School of Law,https://williamsinstitute.law.ucla.edu/press/lgbtq-college-decisions/,0.0,3e74166602cbcdbd9f60.txt,36027cf7f6fd7ca80915c102798e54cd164d7e9fa8607dc22a7c28811cb5c524
3e7b4a72333074616446,https://ssa.gov/policy/docs/ssb/v83n3/v83n3p11.html,2026-10-04T02:37:25.274771+00:00,ssa.gov,False,curl_error,0.0,https://ssa.gov/policy/docs/ssb/v83n3/v83n3p11.html,,not_extracted,0,0,,,,,,,,60.0,,
3e823021c0e3a6e02a57,https://archive-housingmatters.urban.org/articles/five-facts-about-housing-access-lgbt-people,2026-10-04T02:37:26.252661+00:00,urban.org,False,http_error,403.0,https://archive-housingmatters.urban.org/articles/five-facts-about-housing-access-lgbt-people,5878.0,not_extracted,0,0,,text/html; charset=UTF-8,,,,,,0.0,,
3e8a2d1948dc8d4ce8a0,https://pmc.ncbi.nlm.nih.gov/articles/PMC5763841,2026-10-04T02:37:27.301130+00:00,nih.gov,True,downloaded,200.0,https://pmc.ncbi.nlm.nih.gov/articles/PMC5763841,21368.0,success,131,18,html,text/html; charset=utf-8,Checking your browser,,2026-09-11,google.com,https://www.google.com/recaptcha/challengepage,0.0,3e8a2d1948dc8d4ce8a0.txt,a29166d0eaaa418bd5af61a282f1183a46c84c4d5e4c90689b1b452d230d05cc
3eabb7d679a1823d4f26,https://futureofhousing.aarp.org/systemic-barriers,2026-10-04T02:37:27.543290+00:00,aarp.org,True,downloaded,200.0,https://futureofhousing.aarp.org/systemic-barriers/,690633.0,success,1455,206,html,text/html; charset=UTF-8,Systemic Barriers,AARP,2022-11-01,futureofhousing.aarp.org,https://futureofhousing.aarp.org/systemic-barriers/,0.0,3eabb7d679a1823d4f26.txt,0dfadaeb74e7a88a380965aa3446c42c552568695631f88c13aa6a38dbad50b1
3ee47d738413588bb211,https://tandfonline.com/doi/full/10.1080/15140326.2024.2324247,2026-10-04T02:37:28.553884+00:00,tandfonline.com,False,http_error,403.0,https://tandfonline.com/doi/full/10.1080/15140326.2024.2324247,5805.0,not_extracted,0,0,,text/html; charset=UTF-8,,,,,,0.0,,
3f2c22ef0900547ebcab,https://gearup.wa.gov/sites/default/files/resources/supporting_transgender%20and%20nonbinary_students_2025_0.pdf,2026-10-04T02:37:28.651346+00:00,wa.gov,True,downloaded,200.0,https://gearup.wa.gov/sites/default/files/resources/supporting_transgender%20and%20nonbinary_students_2025_0.pdf,262059.0,success,30489,4193,pdf,application/pdf,,,,,,0.0,3f2c22ef0900547ebcab.txt,e2ed3738b680aa9b7027796fdbadf791bc84225b54c0e7ad5a255aee30449327
3f68c50bd6853c3d3cae,http://ghlf.org/chronic-illness/insurance-health-care-rights-lgbtq,2026-10-04T02:37:28.966923+00:00,ghlf.org,True,downloaded,200.0,https://ghlf.org/chronic-illness/insurance-health-care-rights-lgbtq/,181813.0,success,11714,1776,html,text/html; charset=UTF-8,Navigating Insurance and Health Care Rights for LGBTQ+ Patients,Kelsey Kloss,2024-06-13,Global Healthy Living Foundation,https://ghlf.org/chronic-illness/insurance-health-care-rights-lgbtq/,0.0,3f68c50bd6853c3d3cae.txt,74c0491bbabedc3521212997720be7f436fbca38e78f252c520d14aaae9308e4
3f6db0d15eb34b14a51a,https://nlc.org/article/2023/08/17/housing-for-individuals-with-disabilities,2026-10-04T02:37:29.567755+00:00,nlc.org,True,downloaded,200.0,https://www.nlc.org/article/2023/08/17/housing-for-individuals-with-disabilities,135883.0,success,4729,692,html,text/html; charset=UTF-8,Housing for Individuals with Disabilities,About the Author,2023-08-17,National League of Cities,https://www.nlc.org/article/2023/08/17/housing-for-individuals-with-disabilities/,0.0,3f6db0d15eb34b14a51a.txt,8a88b8400ac8ec928ab4f49fbe62ecc45337045e7c29b0ca61a207e15461a0ea
3fbbf935f4f7d72a0735,https://digitalcommons.law.ou.edu/cgi/viewcontent.cgi?article=2257&context=olr,2026-10-04T02:37:31.740328+00:00,ou.edu,False,http_error,403.0,https://digitalcommons.law.ou.edu/cgi/viewcontent.cgi?article=2257&context=olr,5791.0,not_extracted,0,0,,text/html; charset=UTF-8,,,,,,0.0,,
3fe5dce9ee5ccd21f65d,https://irp.wisc.edu/resource/connections-among-poverty-incarceration-and-inequality,2026-10-04T02:37:31.869728+00:00,wisc.edu,True,downloaded,200.0,https://www.irp.wisc.edu/resource/connections-among-poverty-incarceration-and-inequality/,80561.0,success,13532,2002,html,text/html; charset=UTF-8,"Connections Among Poverty, Incarceration, and Inequality",,2020-06-17,INSTITUTE FOR RESEARCH ON POVERTY,https://www.irp.wisc.edu/resource/connections-among-poverty-incarceration-and-inequality/,0.0,3fe5dce9ee5ccd21f65d.txt,f6597e1ebc9f8a6b85bea7a44e9730ff0c6ec56d07e9c76ce13423b48e99c131
4008d3a7e5894a0bf318,https://faireconomy.org/11_ways_the_federal_government_contributed_to_the_racial_wealth_divide,2026-10-04T02:37:32.184544+00:00,faireconomy.org,False,curl_error,0.0,https://faireconomy.org/11_ways_the_federal_government_contributed_to_the_racial_wealth_divide,,not_extracted,0,0,,,,,,,,6.0,,
40acd8b57d345627c6f6,https://pmc.ncbi.nlm.nih.gov/articles/PMC4718646,2026-10-04T02:37:32.244692+00:00,nih.gov,True,downloaded,200.0,https://pmc.ncbi.nlm.nih.gov/articles/PMC4718646,21368.0,success,131,18,html,text/html; charset=utf-8,Checking your browser,,2026-09-11,google.com,https://www.google.com/recaptcha/challengepage,0.0,40acd8b57d345627c6f6.txt,a29166d0eaaa418bd5af61a282f1183a46c84c4d5e4c90689b1b452d230d05cc
40bc376c9e74dc4ddbe8,https://worksupport.com/research/documents/pdf/jablonskietal2024employmentbarriersexperiencedatdifferentjobacquisitionstagesbypeoplewithandwithout.pdf,2026-10-04T02:37:33.403412+00:00,worksupport.com,True,downloaded,200.0,https://worksupport.com/research/documents/pdf/jablonskietal2024employmentbarriersexperiencedatdifferentjobacquisitionstagesbypeoplewithandwithout.pdf,115769.0,success,79024,11323,pdf,application/pdf,,,,,,0.0,40bc376c9e74dc4ddbe8.txt,e44786bc351fdb1b64f8ee830b8de5660fb7dc621a208ad2c069c936788a269f
40c2fe592bd4a1f7487a,https://aarp.org/social-security/faq/same-sex-couples,2026-10-04T02:37:33.812394+00:00,aarp.org,False,http_error,403.0,https://aarp.org/social-security/faq/same-sex-couples,865.0,not_extracted,0,0,,text/html,,,,,,0.0,,
40eb24d9523b4cd00408,https://brookings.edu/articles/the-racial-wealth-gap-financial-aid-and-college-access,2026-10-04T02:37:35.497631+00:00,brookings.edu,True,downloaded,200.0,https://www.brookings.edu/articles/the-racial-wealth-gap-financial-aid-and-college-access/,219036.0,success,21957,3387,html,text/html; charset=UTF-8,"The racial wealth gap, financial aid, and college access | Brookings",Phillip Levine,2023-10-16,Brookings,https://www.brookings.edu/articles/the-racial-wealth-gap-financial-aid-and-college-access/,0.0,40eb24d9523b4cd00408.txt,852dd1604c0fa441449eb1b953ed2c8217532e6a78ab1dfa12e8ee1d33b85338
410ed6d381cd8d40cc57,https://cliniclegal.org/resources/ground-inadmissibility-and-deportability/uscis-expands-public-charge-discretion-what,2026-10-04T02:37:35.918643+00:00,cliniclegal.org,False,http_error,403.0,https://cliniclegal.org/resources/ground-inadmissibility-and-deportability/uscis-expands-public-charge-discretion-what,5943.0,not_extracted,0,0,,text/html; charset=UTF-8,,,,,,0.0,,
41129db0fb699b250ed4,https://mrdrc.isr.umich.edu/publication/exploring-the-social-security-benefit-implications-of-same-sex-marriage-2,2026-10-04T02:37:37.141605+00:00,umich.edu,False,http_error,403.0,https://mrdrc.isr.umich.edu/publication/exploring-the-social-security-benefit-implications-of-same-sex-marriage-2,43251.0,not_extracted,0,0,,text/html; charset=UTF-8,,,,,,0.0,,
41656393e8c2e0b68c5b,https://brookings.edu/articles/the-male-college-crisis-is-not-just-in-enrollment-but-completion,2026-10-04T02:37:37.821731+00:00,brookings.edu,True,downloaded,200.0,https://www.brookings.edu/articles/the-male-college-crisis-is-not-just-in-enrollment-but-completion/,201176.0,success,9306,1548,html,text/html; charset=UTF-8,"The male college crisis is not just in enrollment, but completion | Brookings",Ted Piccone; Diana Paz García; Bruce Jones; Valerie Wirtschafter; Emily Markovich Morris; Carolina Campos,2022-03-09,Brookings,https://www.brookings.edu/articles/the-male-college-crisis-is-not-just-in-enrollment-but-completion/,0.0,41656393e8c2e0b68c5b.txt,75002fc58f533ab75841f1b508385d8c1c78038009ba323db1b0c71ea32b05e2
416587a0336b5ed3ef6b,https://pmc.ncbi.nlm.nih.gov/articles/PMC11055463,2026-10-04T02:37:38.502412+00:00,nih.gov,True,downloaded,200.0,https://pmc.ncbi.nlm.nih.gov/articles/PMC11055463/,194633.0,success,62544,10299,html,text/html; charset=utf-8,Trans narratives on school experiences—This is how we feel,Olatz Etxebarria-Perez-de-Nanclares; Maria Teresa Vizcarra Morales; Ana Luisa López-Vélez; Rakel Gamito Gómez,2024-04-12,Frontiers in Psychology,https://pmc.ncbi.nlm.nih.gov/articles/PMC11055463/,0.0,416587a0336b5ed3ef6b.txt,4227bad01d2724911403706be8125ecc1e678f5f18bc1b7e6763279ba0825ed8
41a9fe70f79684c008b1,https://mx.com/research/what-influences-where-consumers-choose-to-bank,2026-10-04T02:37:38.694800+00:00,mx.com,True,downloaded,200.0,https://www.mx.com:443/research/what-influences-where-consumers-choose-to-bank/,113365.0,success,14674,2395,html,text/html,What Influences Where Consumers Choose to Bank | MX Research,,2023-12-08,mx.com,https://www.mx.com/research/what-influences-where-consumers-choose-to-bank/,0.0,41a9fe70f79684c008b1.txt,de74d9a59f4f88b11b27a8c368ae644e314b452216b7eaaa4cec8498b3c11b0e
41c057c28d38c453d69b,https://ncan.org/Web/News/Race-Conscious-Admissions-and-Black-Students-The-Past-Present-and-Future.aspx,2026-10-04T02:37:39.132311+00:00,ncan.org,True,downloaded,200.0,https://ncan.org/Web/News/Race-Conscious-Admissions-and-Black-Students-The-Past-Present-and-Future.aspx,125868.0,success,6883,935,html,text/html; charset=utf-8,"Race-Conscious Admissions and Black Students: The Past, Present, and Future",,2025-07-02,ncan.org,https://www.ncan.org/Web/Web/News/Race-Conscious-Admissions-and-Black-Students-The-Past-Present-and-Future.aspx,0.0,41c057c28d38c453d69b.txt,0131b5e55f819b98526c832d01cc2cea96654e4b3655a4f50dc988b52c283587
41c412deb0fae9a3b128,https://endhomelessness.org/resources/research-and-analysis/demographic-data-project-race,2026-10-04T02:37:39.212445+00:00,endhomelessness.org,True,downloaded,200.0,https://endhomelessness.org/resources/research-and-analysis/demographic-data-project-race,365917.0,success,18032,2722,html,text/html; charset=UTF-8,Demographic Data Project: Race,Joy Moses,2025-03-10,National Alliance to End Homelessness,https://endhomelessness.org/resources/research-and-analysis/demographic-data-project-race/,0.0,41c412deb0fae9a3b128.txt,db305240390ff3ebe13cf90e79ee74a3d9e91cca503c28a8a32d58936d6ab7bf
4200f81fa31577fc2e6c,https://gennyb.com/research/trans-supportive-campus-policies/historically-womens-mens-colleges,2026-10-04T02:37:42.778350+00:00,gennyb.com,True,downloaded,200.0,https://www.gennyb.com/research/trans-supportive-campus-policies/historically-womens-mens-colleges/,161807.0,success,14891,2315,html,text/html; charset=UTF-8,Trans Admissions Policies at Historically Women's Colleges and Men's Colleges » Genny Beemyn,Genny Beemyn,2026-06-04,Genny Beemyn,https://www.gennyb.com/research/trans-supportive-campus-policies/historically-womens-mens-colleges/,0.0,4200f81fa31577fc2e6c.txt,29041774d4823fc9239afa53ad8082d53dc7b5ec495b5a47fb174a8b4455cd4c
42115681a4b01413e560,https://pmc.ncbi.nlm.nih.gov/articles/PMC3669464,2026-10-04T02:37:43.247109+00:00,nih.gov,True,downloaded,200.0,https://pmc.ncbi.nlm.nih.gov/articles/PMC3669464,21368.0,success,131,18,html,text/html; charset=utf-8,Checking your browser,,2026-09-11,google.com,https://www.google.com/recaptcha/challengepage,0.0,42115681a4b01413e560.txt,a29166d0eaaa418bd5af61a282f1183a46c84c4d5e4c90689b1b452d230d05cc
42157260c827e979dba5,https://vitalrecord.tamu.edu/how-race-and-racial-perceptions-shape-public-assistance-policy-opinions,2026-10-04T02:37:43.396683+00:00,tamu.edu,False,http_error,403.0,https://vitalrecord.tamu.edu/how-race-and-racial-perceptions-shape-public-assistance-policy-opinions,5516.0,not_extracted,0,0,,text/html; charset=UTF-8,,,,,,0.0,,
423b6da6c22aad74ccf8,https://evidenceforjustice.georgetown.edu/race-gender/police-use-of-force-interactions-is-race-relevant-or-gender-germane,2026-10-04T02:37:44.734170+00:00,georgetown.edu,True,downloaded,200.0,https://evidenceforjustice.georgetown.edu/race-gender/police-use-of-force-interactions-is-race-relevant-or-gender-germane/,193336.0,success,961,134,html,text/html; charset=UTF-8,Racial and Gender Dynamics in Police Use of Force - Evidence for Justice Lab,Tf,2025-12-12,Evidence for Justice Lab,https://evidenceforjustice.georgetown.edu/race-gender/police-use-of-force-interactions-is-race-relevant-or-gender-germane/,0.0,423b6da6c22aad74ccf8.txt,739d4c1442186563aa155e7bc3bfb947f15d0b80ac22afa84ceabfeab57f230c
428987ec7c6c7096dff5,https://blogs.worldbank.org/en/psd/empowering-women-through-digital-financial-inclusion,2026-10-04T02:37:45.270042+00:00,worldbank.org,True,downloaded,200.0,https://blogs.worldbank.org/en/psd/empowering-women-through-digital-financial-inclusion,75857.0,success,6171,812,html,text/html;charset=utf-8,Empowering women through digital financial inclusion,Sharmista Appaya; Saba B Abbas,2024-03-06,World Bank Blogs,https://blogs.worldbank.org/en/psd/empowering-women-through-digital-financial-inclusion,0.0,428987ec7c6c7096dff5.txt,c7c82a94c6868abaa90eee428c6e85aa51e61adfac175c9a53dd9cf7dc885cf5
42990a6fc370788c101b,https://vermontpublic.org/2013-10-22/getting-federal-benefits-to-gay-couples-its-complicated,2026-10-04T02:37:46.467475+00:00,vermontpublic.org,True,downloaded,200.0,https://www.vermontpublic.org/2013-10-22/getting-federal-benefits-to-gay-couples-its-complicated,208740.0,success,4649,772,html,text/html;charset=UTF-8,Getting Federal Benefits To Gay Couples: It's Complicated,Carrie Johnson,2013-10-22,Vermont Public,https://www.vermontpublic.org/2013-10-22/getting-federal-benefits-to-gay-couples-its-complicated,0.0,42990a6fc370788c101b.txt,9a318f3ef9ce4c5dee38e29d5981d880286b4b231fc5d53996a91aeba3d15084
42f714cc4d4281466dde,https://mapresearch.org/report/unjust-how-the-broken-criminal-justice-system-fails-transgender-people,2026-10-04T02:37:46.831206+00:00,mapresearch.org,True,downloaded,200.0,https://mapresearch.org/report/unjust-how-the-broken-criminal-justice-system-fails-transgender-people,345937.0,success,2340,343,html,text/html; charset=UTF-8,Unjust: How the Broken Criminal Justice System Fails Transgender People - Movement Advancement Project,,2026-03-25,Movement Advancement Project,https://mapresearch.org/report/unjust-how-the-broken-criminal-justice-system-fails-transgender-people/,0.0,42f714cc4d4281466dde.txt,dd924cd76c1e512e37b2d3d74c4b9c99e0c86032ace1df6bd3cdc74427053d8f
430f8b43b38b4d624c90,https://pmc.ncbi.nlm.nih.gov/articles/PMC10811440,2026-10-04T02:37:47.197385+00:00,nih.gov,True,downloaded,200.0,https://pmc.ncbi.nlm.nih.gov/articles/PMC10811440/,170431.0,success,33835,4708,html,text/html; charset=utf-8,Enhancing Patient Safety Culture in Hospitals,Isha U Mistri; Ankit Badge; Shivani Shahu,2023-12-27,Cureus,https://pmc.ncbi.nlm.nih.gov/articles/PMC10811440/,0.0,430f8b43b38b4d624c90.txt,0dd4258e50cae8fa465b1634576eab97e73eb99f5660bc1acf1b7fbfe1aabfb5
4317517a5dfe1bafba33,https://un.org/womenwatch/daw/public/WorldSurvey2009.pdf,2026-10-04T02:37:50.868758+00:00,un.org,False,http_error,404.0,https://maintenance.un.org/womenwatch/daw/public/WorldSurvey2009.pdf,357.0,not_extracted,0,0,,text/html,,,,,,0.0,,
435d8547cfe28641f3d9,https://scielo.org.za/scielo.php?pid=S0256-01002025000600013&script=sci_arttext,2026-10-04T02:37:52.175232+00:00,scielo.org.za,True,downloaded,200.0,https://scielo.org.za/scielo.php?pid=S0256-01002025000600013&script=sci_arttext,103085.0,success,55920,7541,html,text/html,Addressing barriers preventing girls and women from accessing education,Du Plessis; Pierre,2025-11-01,South African Journal of Education,http://www.scielo.org.za/scielo.php?pid=S0256-01002025000600013&script=sci_arttext,0.0,435d8547cfe28641f3d9.txt,cf2fd278947efe30580b27404839cfd6756ab654601942e64d6307feadbc9d6c
438f700d344abdd420c0,https://sciencedirect.com/science/article/pii/S2667321524001008,2026-10-04T02:37:52.440070+00:00,sciencedirect.com,False,http_error,403.0,https://www.sciencedirect.com/science/article/pii/S2667321524001008,1207871.0,not_extracted,0,0,,text/html; charset=UTF-8,,,,,,0.0,,
439458c01d9f32548949,https://pmc.ncbi.nlm.nih.gov/articles/PMC2811044,2026-10-04T02:37:52.553322+00:00,nih.gov,True,downloaded,200.0,https://pmc.ncbi.nlm.nih.gov/articles/PMC2811044,21367.0,success,131,18,html,text/html; charset=utf-8,Checking your browser,,2026-09-11,google.com,https://www.google.com/recaptcha/challengepage,0.0,439458c01d9f32548949.txt,a29166d0eaaa418bd5af61a282f1183a46c84c4d5e4c90689b1b452d230d05cc
43baddc9a3adb4f406b4,https://pmc.ncbi.nlm.nih.gov/articles/PMC4764796,2026-10-04T02:37:54.309563+00:00,nih.gov,True,downloaded,200.0,https://pmc.ncbi.nlm.nih.gov/articles/PMC4764796,21367.0,success,131,18,html,text/html; charset=utf-8,Checking your browser,,2026-09-11,google.com,https://www.google.com/recaptcha/challengepage,0.0,43baddc9a3adb4f406b4.txt,a29166d0eaaa418bd5af61a282f1183a46c84c4d5e4c90689b1b452d230d05cc
43c97e86e70b52778af5,https://northwestfamilyclinics.com/blog/preventive-care-men,2026-10-04T02:37:54.548989+00:00,northwestfamilyclinics.com,True,downloaded,200.0,https://www.northwestfamilyclinics.com/blog/preventive-care-men,53176.0,success,9663,1592,html,text/html; charset=UTF-8,Preventive Care for Men: Why It Matters and What It Actually Involves,Dr Jennifer Purifoy,2026-06-24,Northwest Family Clinics,https://www.northwestfamilyclinics.com/blog/preventive-care-men,0.0,43c97e86e70b52778af5.txt,901a9ce7b91b7e8fa21477966ed1fd16e50812e989f948f8896ba0a5efd9592b
43e0c585a6bd65a4e263,https://nlihc.org/explore-issues/why-we-care/problem,2026-10-04T02:37:54.671207+00:00,nlihc.org,True,downloaded,200.0,https://nlihc.org/explore-issues/why-we-care/problem,53246.0,success,3210,491,html,text/html; charset=UTF-8,The Problem,,2021-09-23,National Low Income Housing Coalition,https://nlihc.org/explore-issues/why-we-care/problem,0.0,43e0c585a6bd65a4e263.txt,7cb602fdd1e48d1cc87573fbb7e912fe082832fda4d58c5873fd6e669df80b91
43eb55256efd47d43b6c,https://safetyandjusticechallenge.org/wp-content/uploads/2022/05/LQBTQOverrepresentationReport-1.pdf,2026-10-04T02:37:55.589286+00:00,safetyandjusticechallenge.org,True,downloaded,200.0,https://safetyandjusticechallenge.org/wp-content/uploads/2022/05/LQBTQOverrepresentationReport-1.pdf,312028.0,success,60221,8634,pdf,application/pdf,,,,,,0.0,43eb55256efd47d43b6c.txt,65c8ff5b316f103f93d8af5509a6149b2c23bf6c7bd46854e02c2d344ba6cfdc
43fb2376c7c5d4de383b,https://uscis.gov/policy-manual/volume-8-part-g-chapter-5,2026-10-04T02:37:55.791175+00:00,uscis.gov,False,http_error,403.0,https://uscis.gov/policy-manual/volume-8-part-g-chapter-5,426.0,not_extracted,0,0,,text/html,,,,,,0.0,,
4416a77e050f3085759d,https://pewresearch.org/short-reads/2025/11/14/what-the-data-says-about-food-stamps-in-the-us,2026-10-04T02:37:56.229248+00:00,pewresearch.org,True,downloaded,200.0,https://www.pewresearch.org/short-reads/2025/11/14/what-the-data-says-about-food-stamps-in-the-us/,580600.0,success,24477,4308,html,text/html; charset=UTF-8,What the data says about food stamps in the U.S.,Drew DeSilver,2025-11-14,Pew Research Center,https://www.pewresearch.org/short-reads/2025/11/14/what-the-data-says-about-food-stamps-in-the-us/,0.0,4416a77e050f3085759d.txt,7b7bc0146d9f53c2ef9475c295472e4faded788b5a0b76adf991554352f91936
445b1654611dba81028e,https://womensworldbanking.org/insights/womens-financial-inclusion-through-movable-collateral-three-case-studies,2026-10-04T02:37:58.189599+00:00,womensworldbanking.org,True,downloaded,200.0,https://www.womensworldbanking.org/insights/womens-financial-inclusion-through-movable-collateral-three-case-studies/,179220.0,success,2448,374,html,text/html; charset=UTF-8,Financial Inclusion through Movable Collateral,Women's World Banking,2022-08-29,Women's World Banking,https://www.womensworldbanking.org/insights/womens-financial-inclusion-through-movable-collateral-three-case-studies/,0.0,445b1654611dba81028e.txt,6e647ee454a61cb6f4de8c3bb4391a3ee9bbe69db241d2e88a2ce030b584ff66
448f991285087c223303,https://in.gov/icrc/enforcement/credit/disability-and-access-to-credit,2026-10-04T02:37:59.312949+00:00,in.gov,False,hard_timeout,0.0,https://in.gov/icrc/enforcement/credit/disability-and-access-to-credit,,not_extracted,0,0,,,,,,,,28.0,,
44a0fa98c6ae9e73d0b3,https://youtube.com/watch?t=418s&v=9_pMrBhrRWY,2026-10-04T02:37:59.337563+00:00,youtube.com,True,downloaded,200.0,https://www.youtube.com/watch?t=418s&v=9_pMrBhrRWY,1286442.0,success,146,23,html,text/html; charset=utf-8,Trans Students in Higher Ed: Current Challenges and Pathways to Inclusion,,2023-05-04,YouTube,https://www.youtube.com/watch?v=9_pMrBhrRWY,0.0,44a0fa98c6ae9e73d0b3.txt,8dbba17988e385133ba8f51d76cde1fc2c859262b666cb848e9cfe2478fd5e71
44b11bface04879b26c3,https://williamsinstitute.law.ucla.edu/publications/police-public-arrests-trans-people,2026-10-04T02:37:59.470709+00:00,ucla.edu,True,downloaded,200.0,https://williamsinstitute.law.ucla.edu/publications/police-public-arrests-trans-people/,109985.0,success,1105,129,html,text/html; charset=UTF-8,The Effect of Police and Public Entanglements on Arrests of Transgender People,Loyal; Thisisloyal Com,2026-08-17,The Williams Institute at UCLA School of Law,https://williamsinstitute.law.ucla.edu/publications/police-public-arrests-trans-people/,0.0,44b11bface04879b26c3.txt,326892836d05365396bd9df0be3a6403fa8d0b75a9f3f22df41a4fae596acd74
4511eeb570fbe1d1742e,https://immigrantjustice.org/sites/default/files/INSECURE_COMMUNITIES_REPORT_FINAL.PDF,2026-10-04T02:38:00.057271+00:00,immigrantjustice.org,False,http_error,403.0,https://immigrantjustice.org/sites/default/files/INSECURE_COMMUNITIES_REPORT_FINAL.PDF,52.0,not_extracted,0,0,,text/html,,,,,,0.0,,
454a9fbdcb5f8463e224,https://pubmed.ncbi.nlm.nih.gov/27996379,2026-10-04T02:38:00.774756+00:00,nih.gov,True,downloaded,203.0,https://pubmed.ncbi.nlm.nih.gov/27996379/,5590.0,success,100,14,html,text/html; charset=utf-8,Cookies must be enabled,,,pubmed.ncbi.nlm.nih.gov,https://pubmed.ncbi.nlm.nih.gov/27996379/,0.0,454a9fbdcb5f8463e224.txt,f193d0de906419650acf171625dbd67f88f297290893b5473e1d8365c03d4b59
45a3a7f87508eb824ec8,https://phys.org/news/2017-02-female-bosses-favour-gay-lesbian.html,2026-10-04T02:38:01.127290+00:00,phys.org,False,http_error,403.0,https://phys.org/news/2017-02-female-bosses-favour-gay-lesbian.html,17730.0,not_extracted,0,0,,text/html; charset=utf-8,,,,,,0.0,,
45a466cf9585e71df4be,https://researchgate.net/publication/378853272_CAREER_GROWTH_OF_WOMEN_IN_PROFESSIONAL_FIELD,2026-10-04T02:38:03.024080+00:00,researchgate.net,False,http_error,403.0,https://www.researchgate.net/publication/378853272_CAREER_GROWTH_OF_WOMEN_IN_PROFESSIONAL_FIELD,21138.0,not_extracted,0,0,,text/html; charset=UTF-8,,,,,,0.0,,
45bfc3b39d5be768e2e9,https://azcentralcu.org/blog/latinos-build-credit,2026-10-04T02:38:03.069220+00:00,azcentralcu.org,True,downloaded,200.0,https://www.azcentralcu.org/blog/latinos-build-credit/,1495951.0,success,6888,1043,html,text/html; charset=UTF-8,Credit Building for Latinos: Establishing a Strong Financial Foundation,Ralph Zubiate,2025-04-08,Arizona Central Credit Union,https://www.azcentralcu.org/blog/latinos-build-credit/,0.0,45bfc3b39d5be768e2e9.txt,43053906581f54b81aa4340b26fe8427d9452f4b6002af03bf3c463844442f88
45c5c25e374508e154eb,https://fiveable.me/sociology-of-education/unit-2/gender-educational-opportunities/study-guide/xfDWjXtpSezzdYpg,2026-10-04T02:38:03.655048+00:00,fiveable.me,True,downloaded,200.0,https://fiveable.me/sociology-of-education/unit-2/gender-educational-opportunities/study-guide/xfDWjXtpSezzdYpg,331405.0,success,12495,1698,html,text/html; charset=utf-8,Gender and educational opportunities | Sociology of Education Class Notes | Fiveable,,2024-08-20,Fiveable,https://fiveable.me/sociology-of-education/unit-2/gender-educational-opportunities/study-guide/xfDWjXtpSezzdYpg,0.0,45c5c25e374508e154eb.txt,fc65a4598298920b34cf0ff8ed82127ea03bdb3741c3c1a6b8a8befd8433544d
45ddbafc9d6c3f093b9f,https://pubmed.ncbi.nlm.nih.gov/37782872,2026-10-04T02:38:05.016402+00:00,nih.gov,True,downloaded,200.0,https://pubmed.ncbi.nlm.nih.gov/37782872,21349.0,success,134,18,html,text/html; charset=utf-8,Checking your browser,,2026-09-11,google.com,https://www.google.com/recaptcha/challengepage,0.0,45ddbafc9d6c3f093b9f.txt,53589b0934bdc5e11b7c95437f8779da7b500b5fd266d020267d26284fef1eed
4618632a37304f1d8821,https://americanprogress.org/article/racial-disparities-home-appreciation,2026-10-04T02:38:05.061173+00:00,americanprogress.org,False,http_error,403.0,https://www.americanprogress.org/article/racial-disparities-home-appreciation,5760.0,not_extracted,0,0,,text/html; charset=UTF-8,,,,,,0.0,,
4661cbf63a899aca3c11,https://justiceinaging.org/equity-in-aging-public-benefits-and-the-realities-of-black-older-adults,2026-10-04T02:38:07.292144+00:00,justiceinaging.org,True,downloaded,200.0,https://justiceinaging.org/equity-in-aging-public-benefits-and-the-realities-of-black-older-adults/,215566.0,success,22073,3367,html,text/html; charset=UTF-8,Equity in Aging: Public Benefits and the Realities of Black Older Adults - Justice in Aging,Justice,2026-04-14,Justice in Aging,https://justiceinaging.org/equity-in-aging-public-benefits-and-the-realities-of-black-older-adults/,0.0,4661cbf63a899aca3c11.txt,a376bde88762c5519bfcdb0de28420ece2c22ce316b568136b3e98a45b7378fc
468f0c4f07c7d36c1197,https://acpjournals.org/doi/10.7326/ANNALS-24-02446,2026-10-04T02:38:08.286454+00:00,acpjournals.org,False,http_error,403.0,https://acpjournals.org/doi/10.7326/ANNALS-24-02446,5708.0,not_extracted,0,0,,text/html; charset=UTF-8,,,,,,0.0,,
46a08b104dbcae2ed86a,https://pmc.ncbi.nlm.nih.gov/articles/PMC3766254,2026-10-04T02:38:08.475193+00:00,nih.gov,True,downloaded,200.0,https://pmc.ncbi.nlm.nih.gov/articles/PMC3766254/,21371.0,success,131,18,html,text/html; charset=utf-8,Checking your browser,,2026-09-11,google.com,https://www.google.com/recaptcha/challengepage,0.0,46a08b104dbcae2ed86a.txt,a29166d0eaaa418bd5af61a282f1183a46c84c4d5e4c90689b1b452d230d05cc
46cd39c8498422198109,https://themarkup.org/denied/2021/08/25/the-secret-bias-hidden-in-mortgage-approval-algorithms,2026-10-04T02:38:08.489511+00:00,themarkup.org,True,downloaded,200.0,https://themarkup.org/denied/2021/08/25/the-secret-bias-hidden-in-mortgage-approval-algorithms,294560.0,success,25464,4058,html,text/html; charset=utf-8,The Secret Bias Hidden in Mortgage-Approval Algorithms – The Markup,,2021-08-25,Themarkup,https://themarkup.org/denied/2021/08/25/the-secret-bias-hidden-in-mortgage-approval-algorithms,0.0,46cd39c8498422198109.txt,24ac8dcaf4898798a60d1ff698d8fdbcfbf7293f814fe8834359f8dfea2fc2ce
46cd7fdedc162a605abb,https://shine.lab.uconn.edu/wp-content/uploads/sites/3321/2021/06/lessard_watson___puhl_2020.joya_.pdf,2026-10-04T02:38:09.164936+00:00,uconn.edu,True,downloaded,200.0,https://shine.lab.uconn.edu/wp-content/uploads/sites/3321/2021/06/lessard_watson___puhl_2020.joya_.pdf,989445.0,success,77784,11364,pdf,application/pdf,,,,,,0.0,46cd7fdedc162a605abb.txt,c16046490a0777c76af1101c6f220101f21b8ad4d85b2090c9f1f4a67610891f
46f008fdc94d63b3de8b,https://pmc.ncbi.nlm.nih.gov/articles/PMC6153163,2026-10-04T02:38:10.664665+00:00,nih.gov,True,downloaded,200.0,https://pmc.ncbi.nlm.nih.gov/articles/PMC6153163/,190015.0,success,41235,6269,html,text/html; charset=utf-8,Racial/Ethnic Differential Effects of Medicaid Expansion on Health Care Access,Dahai Yue; Petra W Rasmussen; Ninez A Ponce,2018-02-22,Health Services Research,https://pmc.ncbi.nlm.nih.gov/articles/PMC6153163/,0.0,46f008fdc94d63b3de8b.txt,309e362a9cc669a6e3af4198af0da98eb436acfd27303a450166b0ea391bfcf5
4725a678ff9cfb2973ed,https://hai.stanford.edu/news/ai-hiring-tools-can-yield-racial-bias-and-systemic-rejection,2026-10-04T02:38:11.463481+00:00,stanford.edu,True,downloaded,200.0,https://hai.stanford.edu/news/ai-hiring-tools-can-yield-racial-bias-and-systemic-rejection,297492.0,success,4955,805,html,text/html; charset=utf-8,AI Hiring Tools Can Yield Racial Bias and Systemic Rejection | Stanford HAI,Rishi Bommasani; Sarah H Bana; Kathleen A Creel; Dan Jurafsky; Percy Liang,2026-05-26,hai.stanford.edu,https://hai.stanford.edu/news/ai-hiring-tools-can-yield-racial-bias-and-systemic-rejection,0.0,4725a678ff9cfb2973ed.txt,7b4e6c0ad5d791f951356d63a1912fa390a8fbba19fb9318ce315c7bdeae2aa9
47487dd3ccfedb341498,https://pmc.ncbi.nlm.nih.gov/articles/PMC10335036,2026-10-04T02:38:11.853153+00:00,nih.gov,True,downloaded,200.0,https://pmc.ncbi.nlm.nih.gov/articles/PMC10335036,21370.0,success,131,18,html,text/html; charset=utf-8,Checking your browser,,2026-09-11,google.com,https://www.google.com/recaptcha/challengepage,0.0,47487dd3ccfedb341498.txt,a29166d0eaaa418bd5af61a282f1183a46c84c4d5e4c90689b1b452d230d05cc
47687bd49b3ebdbfb438,https://sciencedirect.com/science/article/pii/S1757780223007369,2026-10-04T02:38:13.429540+00:00,sciencedirect.com,False,http_error,403.0,https://www.sciencedirect.com/science/article/pii/S1757780223007369,1207871.0,not_extracted,0,0,,text/html; charset=UTF-8,,,,,,0.0,,
4784547ca4187b626a93,https://archives.hud.gov/reports/barriers.cfm,2026-10-04T02:38:15.107862+00:00,hud.gov,False,hard_timeout,0.0,https://archives.hud.gov/reports/barriers.cfm,,not_extracted,0,0,,,,,,,,28.0,,
47c74aa7bbc80fe2cc0b,https://pmc.ncbi.nlm.nih.gov/articles/PMC11862866,2026-10-04T02:38:15.448111+00:00,nih.gov,True,downloaded,200.0,https://pmc.ncbi.nlm.nih.gov/articles/PMC11862866/,146565.0,success,31426,4766,html,text/html; charset=utf-8,Ethical considerations for the nursing care of Transgender patients in the Intensive Care Unit,John P Gilmore; Marissa Dainton; Natalie L McEvoy,2024-02-21,Nursing in Critical Care,https://pmc.ncbi.nlm.nih.gov/articles/PMC11862866/,0.0,47c74aa7bbc80fe2cc0b.txt,dcf8784c4b532cdd7f74a3b366cb1f9e4002de3feb530d815372c70ec9369bab
47ddcde49f46804c1257,https://oasas.ny.gov/providers/hr-1,2026-10-04T02:38:15.966457+00:00,ny.gov,True,downloaded,200.0,https://oasas.ny.gov/providers/hr-1,38897.0,success,5606,826,html,text/html; charset=UTF-8,H.R. 1 Changes & Work Requirements,,2026-09-09,Office of Addiction Services and Supports,https://oasas.ny.gov/providers/hr-1,0.0,47ddcde49f46804c1257.txt,a8a77b6bcc5c036adf4dbfede2618ecbea1b7835693d018ad58d59ccde21b46c
4826e2ec9cf11bb1101d,https://theconversation.com/more-americans-of-all-political-stripes-support-government-benefits-for-low-income-people-and-black-lives-matter-could-be-a-big-reason-why-247764,2026-10-04T02:38:16.651976+00:00,theconversation.com,True,downloaded,200.0,https://theconversation.com/more-americans-of-all-political-stripes-support-government-benefits-for-low-income-people-and-black-lives-matter-could-be-a-big-reason-why-247764,183053.0,success,6484,1033,html,text/html; charset=utf-8,More Americans of all political stripes support government benefits for low-income people − and Black Lives Matter could be a big reason why,Karyn Vilbig,2025-02-27,The Conversation,https://theconversation.com/more-americans-of-all-political-stripes-support-government-benefits-for-low-income-people-and-black-lives-matter-could-be-a-big-reason-why-247764,0.0,4826e2ec9cf11bb1101d.txt,3efd153ae49ef46a8f0c4b6cb54f29ef7c228ef9f44d82e29e6de988ab8fd9bd
48315f7b499722eab732,https://modernmedicaid.org/wp-content/uploads/2022/06/MMA-health-equity-infographic_6.29.22.pdf,2026-10-04T02:38:16.739145+00:00,modernmedicaid.org,True,downloaded,200.0,https://modernmedicaid.org/wp-content/uploads/2022/06/MMA-health-equity-infographic_6.29.22.pdf,1028132.0,success,1984,288,pdf,application/pdf,,,,,,0.0,48315f7b499722eab732.txt,253981b7725185f33992b3d2dae02ae29b79eed4c4a7c18eebc4c2ec17938707
4854cb31c44670b216c6,https://pmc.ncbi.nlm.nih.gov/articles/PMC9888733,2026-10-04T02:38:16.967348+00:00,nih.gov,True,downloaded,200.0,https://pmc.ncbi.nlm.nih.gov/articles/PMC9888733/,175470.0,success,43836,6000,html,text/html; charset=utf-8,Barriers in Healthcare for Latinx Patients with Limited English Proficiency—a Narrative Review,Luis E Escobedo; Lilia Cervantes; Edward Havranek,2023-01-31,Journal of General Internal Medicine,https://pmc.ncbi.nlm.nih.gov/articles/PMC9888733/,0.0,4854cb31c44670b216c6.txt,7851aaa842889a278cdea658bf710a8c204e96d053d081857261b4ba5993f2f6
486bb650eb1c5415d4de,https://action.deloitte.com/insight/3546/creative-with-credit-how-banks-can-assist-people-with-disabilities,2026-10-04T02:38:18.867159+00:00,deloitte.com,True,downloaded,200.0,https://action.deloitte.com/insight/3546/creative-with-credit-how-banks-can-assist-people-with-disabilities,63825.0,success,16,1,html,text/html; charset=utf-8,Creative with credit: How banks can assist people with disabilities,,2023-09-26,action.deloitte.com,https://action.deloitte.com/insight/3546/creative-with-credit-how-banks-can-assist-people-with-disabilities,0.0,486bb650eb1c5415d4de.txt,2faa1118e62a3675ef2f7e3dd183d0fbc3cec2c21854ab02ced460491d18ab70
486ffc6b998aa0fe801d,https://homelesslaw.org/wp-content/uploads/2020/08/Racism-Homelessness-and-Criminal-Legal-Systems.pdf,2026-10-04T02:38:18.880490+00:00,homelesslaw.org,True,downloaded,200.0,https://homelesslaw.org/wp-content/uploads/2020/08/Racism-Homelessness-and-Criminal-Legal-Systems.pdf,1522675.0,success,28294,3417,pdf,application/pdf,,,,,,0.0,486ffc6b998aa0fe801d.txt,18e93e1b7032c8179708635a35681d26008f0660dcf484f764b5e167b81b7ebf
488daffb2b092789c77d,https://pmc.ncbi.nlm.nih.gov/articles/PMC10293911,2026-10-04T02:38:19.834588+00:00,nih.gov,True,downloaded,200.0,https://pmc.ncbi.nlm.nih.gov/articles/PMC10293911,21371.0,success,131,18,html,text/html; charset=utf-8,Checking your browser,,2026-09-11,google.com,https://www.google.com/recaptcha/challengepage,0.0,488daffb2b092789c77d.txt,a29166d0eaaa418bd5af61a282f1183a46c84c4d5e4c90689b1b452d230d05cc
48bdc8153a8577bce0fa,https://sentencingproject.org/press-releases/new-report-three-causes-of-racial-inequity-in-the-criminal-legal-system,2026-10-04T02:38:20.091038+00:00,sentencingproject.org,True,downloaded,200.0,https://www.sentencingproject.org/press-releases/new-report-three-causes-of-racial-inequity-in-the-criminal-legal-system/,80949.0,success,4193,620,html,text/html; charset=UTF-8,New Report: Three Causes of Racial Inequity in the Criminal Legal System – The Sentencing Project,Breanna Bishop,2023-12-07,The Sentencing Project,https://www.sentencingproject.org/press-releases/new-report-three-causes-of-racial-inequity-in-the-criminal-legal-system/,0.0,48bdc8153a8577bce0fa.txt,2e1692f61565ba066682a0862e90eba2aa0e90633e537d1669d17d724cebf778
48d09b0eb88b7474eb83,https://nwlc.org/housing-is-a-human-right-womens-lives-depend-on-it,2026-10-04T02:38:20.403640+00:00,nwlc.org,True,downloaded,200.0,https://nwlc.org/housing-is-a-human-right-womens-lives-depend-on-it/,289577.0,success,5486,850,html,text/html; charset=UTF-8,Housing Is a Human Right – Women’s Lives Depend on It,Larklewis,2020-09-14,National Women's Law Center,https://nwlc.org/housing-is-a-human-right-womens-lives-depend-on-it/,0.0,48d09b0eb88b7474eb83.txt,264650a36de217e8526b71a3abe745800f68b51e08c7d2c76d91c5c47d990fad
48ee06dad03c5c444dc6,https://cgdev.org/blog/promoting-womens-financial-inclusion-quiet-revolution-taking-place-financial-sector,2026-10-04T02:38:23.094942+00:00,cgdev.org,False,http_error,403.0,https://cgdev.org/blog/promoting-womens-financial-inclusion-quiet-revolution-taking-place-financial-sector,5898.0,not_extracted,0,0,,text/html; charset=UTF-8,,,,,,0.0,,
493a0e435a2848a33289,https://journals.sagepub.com/doi/10.1177/2156759X211018658,2026-10-04T02:38:23.436871+00:00,sagepub.com,False,http_error,403.0,https://journals.sagepub.com/doi/10.1177/2156759X211018658,5762.0,not_extracted,0,0,,text/html; charset=UTF-8,,,,,,0.0,,
49ec94df2803e3fc5419,https://sciencedirect.com/science/article/pii/S2590291126008223,2026-10-04T02:38:24.157801+00:00,sciencedirect.com,False,http_error,403.0,https://www.sciencedirect.com/science/article/pii/S2590291126008223,1207871.0,not_extracted,0,0,,text/html; charset=UTF-8,,,,,,0.0,,
4a008ab06a42fb98a815,https://fedemploylaw.com/lgbtq-harassment-in-the-workplace-how-to-identify-prove-it,2026-10-04T02:38:24.938589+00:00,fedemploylaw.com,True,downloaded,200.0,https://www.fedemploylaw.com/lgbtq-harassment-in-the-workplace-how-to-identify-prove-it/,411314.0,success,5203,777,html,text/html; charset=UTF-8,How to Identify LGBTQ+ Harassment in the Workplace | Solomon Law Firm,Omnizant Support; Solomon Law Firm,2025-11-10,Solomon Law Firm,https://www.fedemploylaw.com/lgbtq-harassment-in-the-workplace-how-to-identify-prove-it/,0.0,4a008ab06a42fb98a815.txt,aa97610c1c35faeb62f21bc25e87d5c23f5d64f2fa161bc3489aca9f742abc1d
4a2f94455209748cc0de,https://wvpolicy.org/equity-in-education-closing-the-gap-for-black-students,2026-10-04T02:38:26.487681+00:00,wvpolicy.org,True,downloaded,200.0,https://wvpolicy.org/equity-in-education-closing-the-gap-for-black-students/,72908.0,success,5427,782,html,text/html; charset=UTF-8,Equity in Education: Closing the Gap for Black Students - West Virginia Center on Budget & Policy,Tamaya Browder,2026-02-23,West Virginia Center on Budget & Policy,https://wvpolicy.org/equity-in-education-closing-the-gap-for-black-students/,0.0,4a2f94455209748cc0de.txt,c8b7a57e7de0d4950ed29fe4c653359b7341e1c0e0242a5dd3567da38be69373
4a34bc72725f112fe4fa,https://fedemploylaw.com/when-men-are-sexually-harassed-at-work-breaking-stereotypes-and-legal-myths,2026-10-04T02:38:26.661004+00:00,fedemploylaw.com,True,downloaded,200.0,https://www.fedemploylaw.com/when-men-are-sexually-harassed-at-work-breaking-stereotypes-and-legal-myths/,411773.0,success,4896,763,html,text/html; charset=UTF-8,When Men Are Sexually Harassed at Work | Solomon Law Firm,Omnizant Support; Solomon Law Firm,2025-12-22,Solomon Law Firm,https://www.fedemploylaw.com/when-men-are-sexually-harassed-at-work-breaking-stereotypes-and-legal-myths/,0.0,4a34bc72725f112fe4fa.txt,6ae93ab893259304892421e5c7a6d9b1058d371bb3dda7ddc1ce82f702f87308
4a547aa315bd008f1441,https://pmc.ncbi.nlm.nih.gov/articles/PMC10323979,2026-10-04T02:38:27.304267+00:00,nih.gov,True,downloaded,200.0,https://pmc.ncbi.nlm.nih.gov/articles/PMC10323979,21371.0,success,131,18,html,text/html; charset=utf-8,Checking your browser,,2026-09-11,google.com,https://www.google.com/recaptcha/challengepage,0.0,4a547aa315bd008f1441.txt,a29166d0eaaa418bd5af61a282f1183a46c84c4d5e4c90689b1b452d230d05cc
4a87b009dad088c335b8,https://library.hbs.edu/working-knowledge/breaking-through-the-self-doubt-that-keeps-talented-women-from-leading,2026-10-04T02:38:27.548677+00:00,hbs.edu,True,downloaded,200.0,https://www.library.hbs.edu/working-knowledge/breaking-through-the-self-doubt-that-keeps-talented-women-from-leading,477026.0,success,9352,1450,html,text/html; charset=utf-8,Breaking Through the Self-Doubt That Keeps Talented Women from Leading | Working Knowledge,Kara Baskin,2024-02-13,Harvard Business School,https://www.library.hbs.edu/working-knowledge/breaking-through-the-self-doubt-that-keeps-talented-women-from-leading,0.0,4a87b009dad088c335b8.txt,6f2110706b77f4aba432005ae9061eacbba2c0d65f265c16d14c7075649e7f89
4afefcc98346ab7253c8,https://news.unm.edu/news/research-finds-black-immigrant-girls-of-color-face-hostile-classrooms,2026-10-04T02:38:30.503857+00:00,unm.edu,True,downloaded,200.0,https://news.unm.edu/news/research-finds-black-immigrant-girls-of-color-face-hostile-classrooms,45041.0,success,6145,948,html,text/html; charset=utf-8,"Research finds Black, immigrant girls of color face hostile classrooms",Mary Beth King,2021-08-06,UNM UCAM Newsroom,https://news.unm.edu/news/research-finds-black-immigrant-girls-of-color-face-hostile-classrooms,0.0,4afefcc98346ab7253c8.txt,f9ae3ee09f30e9748eb2ee1e4b1e106318abf1b6c58687421be0e28562214485
4b14eff886e30b0d27e7,https://forbes.com/sites/forbeseq/2025/07/08/the-business-benefits-of-hiring-people-with-disabilities,2026-10-04T02:38:30.866083+00:00,forbes.com,False,http_error,403.0,https://forbes.com/sites/forbeseq/2025/07/08/the-business-benefits-of-hiring-people-with-disabilities,773.0,not_extracted,0,0,,text/html;charset=utf-8,,,,,,0.0,,
4b2fcd657ffc97001583,https://holyfamily.edu/about/news-and-media/hfu-blog-network/ensuring-success-college-latinoa-students-insights-and-imperatives,2026-10-04T02:38:31.566356+00:00,holyfamily.edu,True,downloaded,200.0,https://www.holyfamily.edu/about/news-and-media/hfu-blog-network/ensuring-success-college-latinoa-students-insights-and-imperatives,39075.0,success,3046,431,html,text/html; charset=UTF-8,Ensuring Success in College for Latino/a Students: Insights and Imperatives,,2023-10-06,holyfamily.edu,https://www.holyfamily.edu/about/news-and-media/hfu-blog-network/ensuring-success-college-latinoa-students-insights-and-imperatives,0.0,4b2fcd657ffc97001583.txt,95c8923c7a7009a1d87ac5d76e0a28427e82dbf31ccc96ddf5c07a410c620732
4b33747115141b2e08ed,https://pmc.ncbi.nlm.nih.gov/articles/PMC4111266,2026-10-04T02:38:32.927647+00:00,nih.gov,True,downloaded,200.0,https://pmc.ncbi.nlm.nih.gov/articles/PMC4111266,21365.0,success,131,18,html,text/html; charset=utf-8,Checking your browser,,2026-09-11,google.com,https://www.google.com/recaptcha/challengepage,0.0,4b33747115141b2e08ed.txt,a29166d0eaaa418bd5af61a282f1183a46c84c4d5e4c90689b1b452d230d05cc
4b3e1c58014aab4776d3,https://pmc.ncbi.nlm.nih.gov/articles/PMC9716543,2026-10-04T02:38:33.338236+00:00,nih.gov,True,downloaded,200.0,https://pmc.ncbi.nlm.nih.gov/articles/PMC9716543,21367.0,success,131,18,html,text/html; charset=utf-8,Checking your browser,,2026-09-11,google.com,https://www.google.com/recaptcha/challengepage,0.0,4b3e1c58014aab4776d3.txt,a29166d0eaaa418bd5af61a282f1183a46c84c4d5e4c90689b1b452d230d05cc
4b673a6456a0b9c773c9,https://pmc.ncbi.nlm.nih.gov/articles/PMC8137174,2026-10-04T02:38:33.644126+00:00,nih.gov,True,downloaded,200.0,https://pmc.ncbi.nlm.nih.gov/articles/PMC8137174,21365.0,success,131,18,html,text/html; charset=utf-8,Checking your browser,,2026-09-11,google.com,https://www.google.com/recaptcha/challengepage,0.0,4b673a6456a0b9c773c9.txt,a29166d0eaaa418bd5af61a282f1183a46c84c4d5e4c90689b1b452d230d05cc
4b7b9437bf5c6becdd1e,https://ncua.gov/regulation-supervision/letters-credit-unions-other-guidance/equal-credit-opportunity-act-nondiscrimination-requirements,2026-10-04T02:38:36.142578+00:00,ncua.gov,False,http_error,403.0,https://ncua.gov/regulation-supervision/letters-credit-unions-other-guidance/equal-credit-opportunity-act-nondiscrimination-requirements,0.0,not_extracted,0,0,,,,,,,,0.0,,
4befe3e2b8079f04cab8,https://abcnews.com/US/meet-man-hoping-battle-lgbtq-bank-discrimination-credit/story?id=65947300,2026-10-04T02:38:37.143873+00:00,abcnews.com,True,downloaded,200.0,https://abcnews.com/US/meet-man-hoping-battle-lgbtq-bank-discrimination-credit/story?id=65947300,231588.0,success,6666,1097,html,text/html; charset=utf-8,Meet the man hoping to battle LGBTQ bank discrimination with a new credit union,ABC News; Karma Allen,2019-10-09,ABC News,https://abcnews.com/US/meet-man-hoping-battle-lgbtq-bank-discrimination-credit/story?id=65947300,0.0,4befe3e2b8079f04cab8.txt,5a5a1f8f536e05bc572c9f8f64fa49f8754ab85072d0efa1cb7902f70a5fd85f
4bf3675996305752ed3a,https://plannedparenthoodaction.org/communities/latinos-planned-parenthood/health-equity-issues-for-the-latino-community,2026-10-04T02:38:37.747754+00:00,plannedparenthoodaction.org,False,http_error,403.0,https://www.plannedparenthoodaction.org/communities/latinos-planned-parenthood/health-equity-issues-for-the-latino-community,118.0,not_extracted,0,0,,text/html,,,,,,0.0,,
4bfc8f269f2c96759b8c,https://mrsc.org/stay-informed/mrsc-insight/february-2024/best-practices-shelters-part-one,2026-10-04T02:38:37.796868+00:00,mrsc.org,False,robots_disallowed,,https://mrsc.org/stay-informed/mrsc-insight/february-2024/best-practices-shelters-part-one,,not_extracted,0,0,,,,,,,,,,
4c2d8142ac2244820f49,https://pmc.ncbi.nlm.nih.gov/articles/PMC6511003,2026-10-04T02:38:37.837261+00:00,nih.gov,True,downloaded,200.0,https://pmc.ncbi.nlm.nih.gov/articles/PMC6511003/,217610.0,success,71845,11121,html,text/html; charset=utf-8,Lending practices to same-sex borrowers,Hua Sun; Lei Gao,2019-04-16,Proceedings of the National Academy of Sciences of the United States of America,https://pmc.ncbi.nlm.nih.gov/articles/PMC6511003/,0.0,4c2d8142ac2244820f49.txt,1101137a1c486b50a3442dbd59fc44eb83fd01b01ace6aa065b0fce228bb4b19
4c53df5c1ce69fa1d432,https://ojp.gov/ncjrs/virtual-library/abstracts/factors-influencing-arrests-alcohol-related-traffic-violations,2026-10-04T02:38:40.250091+00:00,ojp.gov,True,downloaded,200.0,https://www.ojp.gov/ncjrs/virtual-library/abstracts/factors-influencing-arrests-alcohol-related-traffic-violations,57230.0,success,1271,154,html,text/html; charset=UTF-8,NCJRS Virtual Library,Author J F Oates,,ojp.gov,https://www.ojp.gov/ncjrs/virtual-library/abstracts/factors-influencing-arrests-alcohol-related-traffic-violations,0.0,4c53df5c1ce69fa1d432.txt,5b1b4678922d02055c4a49eaed374ee1cb186492acee920d62bf7e0b41112eb9
4ca41a34c0035487d941,https://ofboysandmen.substack.com/p/how-colleges-turned-pink,2026-10-04T02:38:41.236798+00:00,substack.com,True,downloaded,200.0,https://ofboysandmen.substack.com/p/how-colleges-turned-pink,227203.0,success,8309,1445,html,text/html; charset=utf-8,How colleges turned pink,Richard V Reeves,2024-04-01,Of Boys and Men,https://ofboysandmen.substack.com/p/how-colleges-turned-pink,0.0,4ca41a34c0035487d941.txt,fa8740b7f34ac4d9da5d7b9fb924642eab17a849f506a9b0ff23eec97842abf6
4cace9bbd18a76f5110c,https://home.treasury.gov/news/featured-stories/racial-equity-benefits-all-americans,2026-10-04T02:38:41.631122+00:00,treasury.gov,True,downloaded,200.0,https://home.treasury.gov/news/featured-stories/racial-equity-benefits-all-americans,88117.0,success,15529,2258,html,text/html; charset=utf-8,Racial Equity Benefits All Americans,,2023-06-07,U.S. Department of the Treasury,https://home.treasury.gov/news/featured-stories/racial-equity-benefits-all-americans,0.0,4cace9bbd18a76f5110c.txt,7675e2009dfbf1551eb5d5915a59fc9cb3d52de2072b540d6c22d8979b16c1b7
4cb66278eb838b17b425,https://sentencingproject.org/reports/one-in-five-disparities-in-crime-and-policing,2026-10-04T02:38:41.815640+00:00,sentencingproject.org,True,downloaded,200.0,https://www.sentencingproject.org/reports/one-in-five-disparities-in-crime-and-policing/,292838.0,success,78449,11865,html,text/html; charset=UTF-8,One in Five: Disparities in Crime and Policing – The Sentencing Project,Nazgol Ghandnoosh; Ph D,2023-11-02,The Sentencing Project,https://www.sentencingproject.org/reports/one-in-five-disparities-in-crime-and-policing/,0.0,4cb66278eb838b17b425.txt,c41471570382ab83fcfc8266ffdf1750cc8590e88da0583f39e03a5f3adcf5b2
4d06d2d79c25bc793721,https://designspecific.us.com/how-can-medical-practices-ensure-accessibility-for-patients-with-mobility-issues,2026-10-04T02:38:42.127909+00:00,us.com,False,http_error,403.0,https://designspecific.us.com/how-can-medical-practices-ensure-accessibility-for-patients-with-mobility-issues,52.0,not_extracted,0,0,,text/html,,,,,,0.0,,
4d22274831e76539b591,https://facebook.com/lalgbtcenter/posts/a-new-study-found-that-lgbtq-people-experience-housing-insecurity-at-a-higher-ra/10158858422451429,2026-10-04T02:38:42.691186+00:00,facebook.com,False,robots_disallowed,,https://facebook.com/lalgbtcenter/posts/a-new-study-found-that-lgbtq-people-experience-housing-insecurity-at-a-higher-ra/10158858422451429,,not_extracted,0,0,,,,,,,,,,
4d47bc1e16def4fe08e3,https://scholnicklaw.com/2017/02/factors-that-threaten-your-social-security-disability-benefits,2026-10-04T02:38:42.691454+00:00,scholnicklaw.com,True,downloaded,200.0,https://www.scholnicklaw.com/2017/02/factors-that-threaten-your-social-security-disability-benefits/,76134.0,success,5436,879,html,text/html; charset=UTF-8,Factors that Threaten Your Social Security Disability Benefits - Scholnick Law,Zestsms,2017-02-14,Scholnick Law -,https://www.scholnicklaw.com/2017/02/factors-that-threaten-your-social-security-disability-benefits/,0.0,4d47bc1e16def4fe08e3.txt,a80ffa4501dd3de8df8f4f2e437800a5187e98b13c2871ae24071f95ce459208
4d72e0204689280be49e,https://pmc.ncbi.nlm.nih.gov/articles/PMC3232414,2026-10-04T02:38:44.260960+00:00,nih.gov,True,downloaded,200.0,https://pmc.ncbi.nlm.nih.gov/articles/PMC3232414,21367.0,success,131,18,html,text/html; charset=utf-8,Checking your browser,,2026-09-11,google.com,https://www.google.com/recaptcha/challengepage,0.0,4d72e0204689280be49e.txt,a29166d0eaaa418bd5af61a282f1183a46c84c4d5e4c90689b1b452d230d05cc
4df329f74afd9c2744cc,https://sciencedirect.com/science/article/abs/pii/S0272775719302791,2026-10-04T02:38:45.565768+00:00,sciencedirect.com,False,http_error,403.0,https://www.sciencedirect.com/science/article/abs/pii/S0272775719302791,1207905.0,not_extracted,0,0,,text/html; charset=UTF-8,,,,,,0.0,,
4e1c32056b4e23b8b0c8,https://prisonpolicy.org/reports/pie2024women.html,2026-10-04T02:38:47.506782+00:00,prisonpolicy.org,True,downloaded,200.0,https://www.prisonpolicy.org/reports/pie2024women.html,114037.0,success,53276,8614,html,text/html; charset=UTF-8,Women's Mass Incarceration: The Whole Pie 2024,Prison Policy Initiative; Aleks Kajstura; Wendy Sawyer,2022-06-30,PrisonPolicy,https://www.prisonpolicy.org/reports/pie2024women.html,0.0,4e1c32056b4e23b8b0c8.txt,0e5f6d01ac6572e151c8520c18071a6ccb3d446adba478776e3f0074686d312f
4e27ce9a64e7b47db5eb,https://ssa.gov/policy/docs/statcomps/di_asr/2020/sect04.html,2026-10-04T02:38:47.612598+00:00,ssa.gov,False,curl_error,0.0,https://ssa.gov/policy/docs/statcomps/di_asr/2020/sect04.html,,not_extracted,0,0,,,,,,,,60.0,,
4e474dcf718835e1c64e,https://consumerfinance.gov/archive/newsroom/consumer-financial-protection-bureau-study-finds-consumers-lower-income-areas-are-more-likely-become-credit-visible-due-negative-records,2026-10-04T02:38:48.156784+00:00,consumerfinance.gov,False,http_error,403.0,https://www.consumerfinance.gov/archive/newsroom/consumer-financial-protection-bureau-study-finds-consumers-lower-income-areas-are-more-likely-become-credit-visible-due-negative-records,606.0,not_extracted,0,0,,text/html,,,,,,0.0,,
4e8e756b4979e895484c,https://siepr.stanford.edu/news/qa-whats-behind-gender-gap-disability-benefits,2026-10-04T02:38:48.603989+00:00,stanford.edu,True,downloaded,200.0,https://siepr.stanford.edu/news/qa-whats-behind-gender-gap-disability-benefits,95216.0,success,9706,1590,html,text/html; charset=UTF-8,Q&A: What's behind the gender gap in disability benefits?,May Wong,2020-04-01,Stanford Institute for Economic Policy Research (SIEPR),https://siepr.stanford.edu/news/qa-whats-behind-gender-gap-disability-benefits,0.0,4e8e756b4979e895484c.txt,6e808c717f8aaae0c1f78287011f45c1877c78e06bee1f186ef64034e94fd087
4eab71fe803d8a5d48b8,https://ocalaemploymentlawyer.com/study-finds-half-of-all-lgbtq-workers-face-discrimination-in-the-workplace,2026-10-04T02:38:48.751135+00:00,ocalaemploymentlawyer.com,True,downloaded,200.0,https://www.ocalaemploymentlawyer.com/study-finds-half-of-all-lgbtq-workers-face-discrimination-in-the-workplace/,51356.0,success,5615,851,html,text/html; charset=UTF-8,"Study Finds Half of All LGBTQ Workers Face Discrimination in the Workplace - James P. Tarquin, P.A.",James P Tarquin; P A,2021-09-13,"James P. Tarquin, P.A.",https://www.ocalaemploymentlawyer.com/study-finds-half-of-all-lgbtq-workers-face-discrimination-in-the-workplace/,0.0,4eab71fe803d8a5d48b8.txt,4b0108163c34a32be90ba88f085c2551d97043e85f1937ba59988127d9e17c9b
4eafef307353666daa14,https://pmc.ncbi.nlm.nih.gov/articles/PMC12812978,2026-10-04T02:38:49.134629+00:00,nih.gov,True,downloaded,200.0,https://pmc.ncbi.nlm.nih.gov/articles/PMC12812978/,197490.0,success,43463,6335,html,text/html; charset=utf-8,Influential factors of school bullying among junior high school students: an analysis based on hierarchical linear models,Yingying Wang; Xingyu Li; Nianhao Song; Changhao Jiang; Pei Liu,2026-01-05,Frontiers in Psychology,https://pmc.ncbi.nlm.nih.gov/articles/PMC12812978/,0.0,4eafef307353666daa14.txt,7ce5eaa0607ac02953d83c5efef944bdc006bc5ed6f0fadc71e4c1f906911e23
4ef0940e8e05dd4baf7d,https://pmc.ncbi.nlm.nih.gov/articles/PMC12311976,2026-10-04T02:38:50.032144+00:00,nih.gov,True,downloaded,200.0,https://pmc.ncbi.nlm.nih.gov/articles/PMC12311976/,110803.0,success,12643,1826,html,text/html; charset=utf-8,Public Benefits Use for Hispanic and non-Hispanic Older Immigrants in the United States,Stipica Mudrazija; Sofia G Ayala,2024-01-08,The Public policy and aging report,https://pmc.ncbi.nlm.nih.gov/articles/PMC12311976/,0.0,4ef0940e8e05dd4baf7d.txt,2a8740c07c20da63baf085d10934163fdb729d50f3c6a444ccf71f0675d43927
4f3562881c9fb3c86ec8,https://defendernetwork.com/news/education/black-youth-bullying-challenges,2026-10-04T02:38:50.499356+00:00,defendernetwork.com,True,downloaded,200.0,https://defendernetwork.com/news/education/black-youth-bullying-challenges/,356021.0,success,5716,861,html,text/html; charset=UTF-8,Addressing Bullying: Challenges Faced by Black Youth and Prevention Strategies,Laura Onyeneho,2024-10-26,DefenderNetwork.com,https://defendernetwork.com/news/education/black-youth-bullying-challenges/,0.0,4f3562881c9fb3c86ec8.txt,50f2b0f0abe0964a3feaea2ef320e92e2869c3c5a97a0a0d76cee0b3e505c013
4f4ed14a5cec7b652437,https://evidencebasedmentoring.org/lgbtq-college-student-guide,2026-10-04T02:38:50.695173+00:00,evidencebasedmentoring.org,True,downloaded,200.0,https://www.evidencebasedmentoring.org/lgbtq-college-student-guide/,176580.0,success,21570,3318,html,text/html; charset=UTF-8,“LGBTQ+ Guide for Student Success” – The Chronicle of Evidence-Based Mentoring,,2023-03-28,The Chronicle of Evidence-Based Mentoring,https://www.evidencebasedmentoring.org/lgbtq-college-student-guide/,0.0,4f4ed14a5cec7b652437.txt,92541802278ea1423ffcc56cb291a1321bd6aba801f0fbc6310d94cc95b67e7c
4f56fb2641b96667eb9b,https://youtube.com/watch?t=667s&v=jSqF4hs6910,2026-10-04T02:38:51.335962+00:00,youtube.com,True,downloaded,200.0,https://www.youtube.com/watch?t=667s&v=jSqF4hs6910,1245045.0,success,146,23,html,text/html; charset=utf-8,One in Five: Ending Mass Incarceration and its Racial Disparities,,2024-02-08,YouTube,https://www.youtube.com/watch?v=jSqF4hs6910,0.0,4f56fb2641b96667eb9b.txt,8dbba17988e385133ba8f51d76cde1fc2c859262b666cb848e9cfe2478fd5e71
4f84fb30bf4473321a1a,https://sciencedirect.com/science/article/pii/S1568484926000031,2026-10-04T02:38:51.742505+00:00,sciencedirect.com,False,http_error,403.0,https://www.sciencedirect.com/science/article/pii/S1568484926000031,1207871.0,not_extracted,0,0,,text/html; charset=UTF-8,,,,,,0.0,,
4ff69e989059c9cd2df6,https://pmc.ncbi.nlm.nih.gov/articles/PMC10985919,2026-10-04T02:38:52.828486+00:00,nih.gov,True,downloaded,200.0,https://pmc.ncbi.nlm.nih.gov/articles/PMC10985919,21371.0,success,131,18,html,text/html; charset=utf-8,Checking your browser,,2026-09-11,google.com,https://www.google.com/recaptcha/challengepage,0.0,4ff69e989059c9cd2df6.txt,a29166d0eaaa418bd5af61a282f1183a46c84c4d5e4c90689b1b452d230d05cc
500c73a23956a89aaa42,https://pubmed.ncbi.nlm.nih.gov/39227178,2026-10-04T02:38:54.916375+00:00,nih.gov,True,downloaded,203.0,https://pubmed.ncbi.nlm.nih.gov/39227178/,5590.0,success,100,14,html,text/html; charset=utf-8,Cookies must be enabled,,,pubmed.ncbi.nlm.nih.gov,https://pubmed.ncbi.nlm.nih.gov/39227178/,0.0,500c73a23956a89aaa42.txt,f193d0de906419650acf171625dbd67f88f297290893b5473e1d8365c03d4b59
5032ad6481308150ce12,https://hechingerreport.org/proof-points-research-on-increasing-diversity-in-college-admissions,2026-10-04T02:38:55.049283+00:00,hechingerreport.org,True,downloaded,200.0,https://hechingerreport.org/proof-points-research-on-increasing-diversity-in-college-admissions/,279702.0,success,7144,1108,html,text/html; charset=UTF-8,PROOF POINTS: Research on increasing diversity in college admissions,Jill Barshay,2022-10-31,The Hechinger Report,https://hechingerreport.org/proof-points-research-on-increasing-diversity-in-college-admissions/,0.0,5032ad6481308150ce12.txt,6bd8f7ba390c4c23a9208682dccead7145d5e4386aeca666ecf0806c8aaf28ce
5037ac1aa325bdb89647,https://migrationpolicy.org/explainer/immigrants-and-use-public-benefits-united-states,2026-10-04T02:38:55.267275+00:00,migrationpolicy.org,False,http_error,403.0,https://migrationpolicy.org/explainer/immigrants-and-use-public-benefits-united-states,5876.0,not_extracted,0,0,,text/html; charset=UTF-8,,,,,,0.0,,
507a02a9f31586055127,https://feed.georgetown.edu/access-affordability/anti-dei-policies-a-threat-to-colleges-recruitment-of-male-applicants,2026-10-04T02:38:56.072328+00:00,georgetown.edu,True,downloaded,200.0,https://feed.georgetown.edu/access-affordability/anti-dei-policies-a-threat-to-colleges-recruitment-of-male-applicants/,166856.0,success,6299,948,html,text/html; charset=UTF-8,Anti-DEI policies a threat to colleges’ recruitment of male applicants? - THE FEED,Kpc8,2025-12-19,THE FEED,https://feed.georgetown.edu/access-affordability/anti-dei-policies-a-threat-to-colleges-recruitment-of-male-applicants/,0.0,507a02a9f31586055127.txt,7941f27b008d4b2b94999625606e775dc1bde9d7a246a162103ebb2492015f73
507cc4563a5ca658bd00,https://sinbarrerascville.org/wp-content/uploads/2019/06/Issues-in-Latino-Education.pdf,2026-10-04T02:38:56.237464+00:00,sinbarrerascville.org,True,downloaded,200.0,https://sinbarrerascville.org/wp-content/uploads/2019/06/Issues-in-Latino-Education.pdf,102953.0,success,9785,1383,pdf,application/pdf,,,,,,0.0,507cc4563a5ca658bd00.txt,03ff065d812b88f08ae148290697db3070f6f659c0afdfa1fe3653b0fac7d64e
508c2fc3f38f121d977e,https://share.google/eWEebWqlNwzZ55upi,2026-10-04T02:38:58.295422+00:00,share.google,True,downloaded,200.0,https://researchberg.com/index.php/rcba/article/download/116/112,327954.0,success,49753,7237,pdf,application/pdf,,,,,,0.0,508c2fc3f38f121d977e.txt,aa2db8d62b92fac7abc9cdd233eac54a9ddd3f01b5a3ed4904af93e2e3999a21
5091ca16b09c59dd4bce,https://kff.org/racial-equity-and-health-policy/how-present-day-health-disparities-for-black-people-are-linked-to-past-policies-and-events,2026-10-04T02:38:58.589592+00:00,kff.org,True,downloaded,200.0,https://www.kff.org/racial-equity-and-health-policy/how-present-day-health-disparities-for-black-people-are-linked-to-past-policies-and-events/,139773.0,success,10313,1590,html,text/html; charset=UTF-8,How Present-Day Health Disparities for Black People Are Linked to Past Policies and Events | KFF,Samantha Artiga; Latoya Hill; Marley Presiado,2024-02-22,"KFF - The independent source for health policy research, polling, and news",https://www.kff.org/racial-equity-and-health-policy/how-present-day-health-disparities-for-black-people-are-linked-to-past-policies-and-events/,0.0,5091ca16b09c59dd4bce.txt,29c034cfe7b53e53e49c95141800594d34c4bc146b7ddb9d73133904fa07366d
5099cef17796a94d75ff,https://right-to-education.org/issue-page/marginalised-groups/persons-disabilities,2026-10-04T02:38:59.235302+00:00,right-to-education.org,True,downloaded,200.0,https://www.right-to-education.org/issue-page/marginalised-groups/persons-disabilities,108146.0,success,37343,5523,html,text/html; charset=utf-8,Persons with disabilities,,2026-07-31,Right to Education Initiative,https://www.right-to-education.org/issue-page/marginalised-groups/persons-disabilities,0.0,5099cef17796a94d75ff.txt,7505d7b36bc5859c34d1dd186778fe49ff5154ab93afe7d82e91c75581120c4f
50ada82e65495fb88b1c,https://rsisinternational.org/journals/ijriss/articles/structural-inequalities-and-racial-barriers-to-education-attainment-in-u-s-higher-education-challenges-and-policy-interventions,2026-10-04T02:39:00.271738+00:00,rsisinternational.org,True,downloaded,200.0,https://rsisinternational.org/journals/ijriss/articles/structural-inequalities-and-racial-barriers-to-education-attainment-in-u-s-higher-education-challenges-and-policy-interventions,557501.0,success,31899,4599,html,text/html; charset=UTF-8,Structural Inequalities and Racial Barriers to Education Attainment in U.S. Higher Education: Challenges and Policy Interventions,,2025-07-01,Structural Inequalities and Racial Barriers to Education Attainment in U.S. Higher Education: Challenges and Policy Interventions,https://rsisinternational.org/journals/ijriss/articles/structural-inequalities-and-racial-barriers-to-education-attainment-in-u-s-higher-education-challenges-and-policy-interventions/,0.0,50ada82e65495fb88b1c.txt,13c1a4a7092337e11a6e3a471c7d8c4dccd05067062760d96c692e6bc41aabbe
50cb8f8eca0898cd998c,https://budgetandpolicy.org/resources-tools/2020/01/Gender-equity-fact-sheet.pdf,2026-10-04T02:39:00.780301+00:00,budgetandpolicy.org,True,downloaded,200.0,https://budgetandpolicy.org/resources-tools/2020/01/Gender-equity-fact-sheet.pdf,156533.0,success,4377,647,pdf,application/pdf,,,,,,0.0,50cb8f8eca0898cd998c.txt,fadbc80b8b0acd90e6ec3f41cfca2d476b9446d7d73af40acbf09b55df28dd7c
510866a2c7dbbd653a21,https://pmc.ncbi.nlm.nih.gov/articles/PMC10000362,2026-10-04T02:39:03.034149+00:00,nih.gov,True,downloaded,200.0,https://pmc.ncbi.nlm.nih.gov/articles/PMC10000362,21367.0,success,131,18,html,text/html; charset=utf-8,Checking your browser,,2026-09-11,google.com,https://www.google.com/recaptcha/challengepage,0.0,510866a2c7dbbd653a21.txt,a29166d0eaaa418bd5af61a282f1183a46c84c4d5e4c90689b1b452d230d05cc
515f13b234a81d48d2e2,https://jphmpdirect.com/homelessness-among-individuals-with-disabilities,2026-10-04T02:39:03.342490+00:00,jphmpdirect.com,True,downloaded,200.0,https://jphmpdirect.com/homelessness-among-individuals-with-disabilities/,183710.0,success,6244,874,html,text/html; charset=UTF-8,Homelessness Among Individuals with Disabilities: Influential Factors and Scalable Solutions - JPHMP Direct,Jphmpdirect,2019-07-24,JPHMP Direct -,https://jphmpdirect.com/homelessness-among-individuals-with-disabilities/,0.0,515f13b234a81d48d2e2.txt,df5934cb5efc431bbc49422cdef885a83c3616c157b6fc9ecc302d93724c7905
5190477d35329fc14345,https://apha.org/publications/public-health-newswire/public-health-newswire/articles/women-in-law-enforcement-are-more-likely-to-face-bias-burnout,2026-10-04T02:39:03.897731+00:00,apha.org,True,downloaded,200.0,https://www.apha.org/publications/public-health-newswire/public-health-newswire/articles/women-in-law-enforcement-are-more-likely-to-face-bias-burnout,166649.0,success,3366,539,html,text/html; charset=utf-8,"Women in law enforcement are more likely to face bias, burnout",Mary Stortstrom,2025-11-04,American Public Health Association,https://www.apha.org/publications/public-health-newswire/public-health-newswire/articles/women-in-law-enforcement-are-more-likely-to-face-bias-burnout,0.0,5190477d35329fc14345.txt,decc57d2fab29cc60ae90f4244bc2acfe00add6b1febd189199ea2fcefe302bb
51e39cd7f8747727918d,https://niwr.org/2025/05/20/policy-brief-how-dei-combats-discrimination,2026-10-04T02:39:04.065947+00:00,niwr.org,True,downloaded,200.0,https://niwr.org/2025/05/20/policy-brief-how-dei-combats-discrimination/,167130.0,success,22919,3049,html,text/html; charset=UTF-8,"Making Equal Opportunity Real: How Diversity, Equity, and Inclusion Efforts Combat Workplace Discrimination - National Institute for Workers' Rights",NIWR,2025-05-20,The National Institute for Workers' Rights,https://niwr.org/2025/05/20/policy-brief-how-dei-combats-discrimination/,0.0,51e39cd7f8747727918d.txt,c30e2b572e9c9a83a0ceaa05f89a8ce2e0b48903d10744f0915f67fab87b7458
520f5957379f8f1b42ae,https://oxfordreference.com/display/10.1093/acref/9780195156003.001.0001/acref-9780195156003-e-265?d=%2F10.1093%2Facref%2F9780195156003.001.0001%2Facref-9780195156003-e-265&p=emailAGOTcK63TERo2,2026-10-04T02:39:04.548340+00:00,oxfordreference.com,True,downloaded,202.0,https://oxfordreference.com/display/10.1093/acref/9780195156003.001.0001/acref-9780195156003-e-265?d=%2F10.1093%2Facref%2F9780195156003.001.0001%2Facref-9780195156003-e-265&p=emailAGOTcK63TERo2,1987.0,success,157,26,html,text/html; charset=UTF-8,JavaScript is disabled,,,oxfordreference.com,https://oxfordreference.com/display/10.1093/acref/9780195156003.001.0001/acref-9780195156003-e-265?d=%2F10.1093%2Facref%2F9780195156003.001.0001%2Facref-9780195156003-e-265&p=emailAGOTcK63TERo2,0.0,520f5957379f8f1b42ae.txt,ebccbd5922b41e48d556f96420b77b24fb66ddfe709666bb5b22acc99765c63f
5234ebe2e15c429d9769,https://alsoweb.org/how-housing-affects-disability-support-services,2026-10-04T02:39:06.263415+00:00,alsoweb.org,True,downloaded,200.0,https://alsoweb.org/how-housing-affects-disability-support-services/,121105.0,success,11385,1618,html,text/html; charset=UTF-8,How Housing Affects Disability Support Services - ALSO,The Team,2023-12-04,ALSO,https://alsoweb.org/how-housing-affects-disability-support-services/,0.0,5234ebe2e15c429d9769.txt,bf859e092dccba01df74f93cefc9a6975919550b399670efdd1ad37cd6a05c20
5255d236c4d05bb21a4f,https://cawc.org/news/understanding-domestic-violence-and-homelessness,2026-10-04T02:39:08.471486+00:00,cawc.org,True,downloaded,200.0,https://www.cawc.org/news/understanding-domestic-violence-and-homelessness/,69743.0,success,5096,764,html,text/html; charset=UTF-8,Understanding Domestic Violence and Homelessness - CAWC,Sam Graboys,2024-12-03,CAWC,https://www.cawc.org/news/understanding-domestic-violence-and-homelessness/,0.0,5255d236c4d05bb21a4f.txt,be6cadc7d2b29b6f7a1432f2aa0bd1635a4bf8cd5a322fff997384c27f8524b1
52940c0b72e717b1fc5b,https://admissionbydesign.com/resources/12-most-important-admission-factors/https:/admissionbydesign.com/resources/12-most-important-admission-factors,2026-10-04T02:39:08.608658+00:00,admissionbydesign.com,True,downloaded,200.0,https://admissionbydesign.com/resources/12-most-important-admission-factors/,97296.0,success,8477,1185,html,text/html; charset=UTF-8,12 Most Important Admission Factors - Admission By Design,,2024-03-04,Admission By Design,https://admissionbydesign.com/resources/12-most-important-admission-factors/,0.0,52940c0b72e717b1fc5b.txt,7fe6071e50aa2bc6957c622e5a352358a45468034409c75f87e77c7c24d3d305
52d557ff6e2c7c507d07,https://pmc.ncbi.nlm.nih.gov/articles/PMC8726680,2026-10-04T02:39:09.549063+00:00,nih.gov,True,downloaded,200.0,https://pmc.ncbi.nlm.nih.gov/articles/PMC8726680/,200136.0,success,57871,8608,html,text/html; charset=utf-8,Housing insecurity and intersecting social determinants of health among transgender people in the USA: A targeted ethnography,Jennifer L Glick; Alex Lopez; Miranda Pollock; Katherine P Theall,2020-07-02,International Journal of Transgender Health,https://pmc.ncbi.nlm.nih.gov/articles/PMC8726680/,0.0,52d557ff6e2c7c507d07.txt,cafd4083e0043e09d11bac288b9c27497df8964ff8219cc52375c5bb7f966d00
52f50e27bd9cf16b69d7,https://blog.magentafunding.com/insights/new-grants-for-women-owned-small-businesses,2026-10-04T02:39:10.155947+00:00,magentafunding.com,True,downloaded,200.0,https://blog.magentafunding.com/insights/new-grants-for-women-owned-small-businesses,204485.0,success,15353,2288,html,text/html; charset=UTF-8,New Grants for Women-Owned Small Businesses,Magenta,2026-05-08,LoanServe360,https://blog.magentafunding.com/insights/new-grants-for-women-owned-small-businesses,0.0,52f50e27bd9cf16b69d7.txt,b6efda9929c5a548b8f4f7e9b08d16f4401a1a3e92005d5b4939398437a2026a
52fff30dcb28dd238bb3,https://careers.bu.edu/videos/racial-discrimination-in-hiring-beat-the-bias-in-your-job-search,2026-10-04T02:39:11.418392+00:00,bu.edu,True,downloaded,200.0,https://careers.bu.edu/videos/racial-discrimination-in-hiring-beat-the-bias-in-your-job-search/,193909.0,success,3864,568,html,text/html; charset=UTF-8,Racial Discrimination in Hiring – Beat the Bias in Your Job Search,Indeed,2025-02-03,Center for Career Development | Boston University,https://careers.bu.edu/videos/racial-discrimination-in-hiring-beat-the-bias-in-your-job-search/,0.0,52fff30dcb28dd238bb3.txt,7ee7dc22a94ebf96fc137acf954a671b724695bb1ae93a0073cf76a23ffed728
532e80d1f43361d940ec,https://federalreserve.gov/publications/2024-economic-well-being-of-us-households-in-2023-banking-credit.htm,2026-10-04T02:39:12.806426+00:00,federalreserve.gov,True,downloaded,200.0,https://www.federalreserve.gov/publications/2024-economic-well-being-of-us-households-in-2023-banking-credit.htm,135830.0,success,18381,3348,html,text/html,Banking and Credit,,2024-05-29,federalreserve.gov,https://www.federalreserve.gov/publications/2024-economic-well-being-of-us-households-in-2023-banking-credit.htm,0.0,532e80d1f43361d940ec.txt,5edf82fe3dc2ac3f897c76713d78facadd430540bd564b48ba7de507e60643c0
534fb4d9f9b49b9151e3,https://sciencedirect.com/science/article/abs/pii/S0047235225000017,2026-10-04T02:39:14.452656+00:00,sciencedirect.com,False,http_error,403.0,https://www.sciencedirect.com/science/article/abs/pii/S0047235225000017,1207905.0,not_extracted,0,0,,text/html; charset=UTF-8,,,,,,0.0,,
53579641740771b039d7,https://stopbullying.gov/bullying/at-risk,2026-10-04T02:39:15.005329+00:00,stopbullying.gov,False,http_error,403.0,https://www.stopbullying.gov/bullying/at-risk,398.0,not_extracted,0,0,,text/html,,,,,,0.0,,
5361f95de3c7576ea1c0,https://youtube.com/watch?v=KmfTFZ90zsM,2026-10-04T02:39:16.385989+00:00,youtube.com,True,downloaded,200.0,https://www.youtube.com/watch?v=KmfTFZ90zsM,1277623.0,success,146,23,html,text/html; charset=utf-8,Could having they/them pronouns on your resume hurt your job prospects? | Xtra Magazine,,2024-04-03,YouTube,https://www.youtube.com/watch?v=KmfTFZ90zsM,0.0,5361f95de3c7576ea1c0.txt,8dbba17988e385133ba8f51d76cde1fc2c859262b666cb848e9cfe2478fd5e71
538e90b96002ad46eefa,https://pmc.ncbi.nlm.nih.gov/articles/PMC12718199,2026-10-04T02:39:16.503684+00:00,nih.gov,True,downloaded,200.0,https://pmc.ncbi.nlm.nih.gov/articles/PMC12718199/,301672.0,success,62746,8648,html,text/html; charset=utf-8,Barriers and Enablers to WIC Participation: Review of Evidence From Studies Published Between 2019 and 2024,Roger Figueroa; Tirna Purkait; Jaclyn Saltzman; Gwyneth Frederick; Ibukun Owoputi; Ruyu Liu; Julio Salas; Katherine Baker,2025-09-13,AJPM Focus,https://pmc.ncbi.nlm.nih.gov/articles/PMC12718199/,0.0,538e90b96002ad46eefa.txt,ee3138d48730b2134d02566c4d0e1b2411627d554f5a889af1bf63fc90733dda
53a6f9bc73887d6471e6,https://pmc.ncbi.nlm.nih.gov/articles/PMC11418443,2026-10-04T02:39:16.524396+00:00,nih.gov,True,downloaded,200.0,https://pmc.ncbi.nlm.nih.gov/articles/PMC11418443/,240371.0,success,55917,8679,html,text/html; charset=utf-8,Racial and Ethnic Disparities in Preventive Service Use Among Adults Before and During the COVID-19 Pandemic,Lisa Dubay; Fredric E Blavin; Laura Barrie Smith; Julianna Carlyn Long,2024-09-20,"Inquiry: A Journal of Medical Care Organization, Provision and Financing",https://pmc.ncbi.nlm.nih.gov/articles/PMC11418443/,0.0,53a6f9bc73887d6471e6.txt,feaf7b5dc9a23ca3f40e63b9ac96a6f6abd3e18f95960505c5f833564b43245d
53d396d9c46452263076,https://hispanicresearchcenter.org/research-resources/state-level-tanf-policies-and-practice-may-shape-access-and-utilization-among-hispanic-families?print=print,2026-10-04T02:39:16.546324+00:00,hispanicresearchcenter.org,True,downloaded,200.0,https://www.hispanicresearchcenter.org/research-resources/state-level-tanf-policies-and-practice-may-shape-access-and-utilization-among-hispanic-families?print=print,211071.0,success,47395,6677,html,text/html; charset=UTF-8,State-level TANF Policies and Practice May Shape Access and Utilization among Hispanic Families,Author,2020-10-15,hispanicresearchcenter.org,https://www.hispanicresearchcenter.org/research-resources/state-level-tanf-policies-and-practice-may-shape-access-and-utilization-among-hispanic-families?print=print,0.0,53d396d9c46452263076.txt,ba85c216c45f11ae4ce08445b1182ffff860d9800bdb6746b8cb4dc95664d8fa
53e475eaaccad61edcde,https://tandfonline.com/doi/abs/10.1080/08974454.2018.1544104,2026-10-04T02:39:17.665851+00:00,tandfonline.com,False,http_error,403.0,https://tandfonline.com/doi/abs/10.1080/08974454.2018.1544104,5780.0,not_extracted,0,0,,text/html; charset=UTF-8,,,,,,0.0,,
53ee37046ef00cb20f75,https://solarisgroup.com/blog/finance-for-everyone,2026-10-04T02:39:17.786843+00:00,solarisgroup.com,True,downloaded,200.0,https://www.solarisgroup.com/blog/finance-for-everyone/,280682.0,success,8404,1322,html,text/html; charset=UTF-8,Breaking down barriers: Creating inclusive financial services | Blog | Solaris,Hülya Buchwitz,2024-02-22,Solaris SE,https://www.solarisgroup.com/blog/finance-for-everyone/,0.0,53ee37046ef00cb20f75.txt,22a7575497c83ea83245141e932153c536da68b27c257ce79528eb513542a9b5
53f543762617e964da96,https://consumerfinance.gov/archive/newsroom/cfpb-provides-guidance-to-help-lenders-avoid-discrimination-against-consumers-receiving-disability-income,2026-10-04T02:39:18.526244+00:00,consumerfinance.gov,False,http_error,403.0,https://www.consumerfinance.gov/archive/newsroom/cfpb-provides-guidance-to-help-lenders-avoid-discrimination-against-consumers-receiving-disability-income,551.0,not_extracted,0,0,,text/html,,,,,,0.0,,
5414ae13d90869405f46,https://ballardbrief.byu.edu/issue-briefs/mass-incarceration-in-the-united-states,2026-10-04T02:39:20.288836+00:00,byu.edu,True,downloaded,200.0,https://ballardbrief.byu.edu/issue-briefs/mass-incarceration-in-the-united-states,335661.0,success,54701,8498,html,text/html;charset=utf-8,Mass Incarceration in the United States - Ballard Brief,Alex Resney,2019-01-08,The Ballard Center for Social Impact,https://ballardbrief.byu.edu/issue-briefs/mass-incarceration-in-the-united-states,0.0,5414ae13d90869405f46.txt,e554ae44e164f0391e22d23e911b1a1b52218329a6506a3d93a4262d78fa7599
542d798f851c1f4d9381,https://williamsinstitute.law.ucla.edu/publications/transgender-higher-ed,2026-10-04T02:39:20.442993+00:00,ucla.edu,True,downloaded,200.0,https://williamsinstitute.law.ucla.edu/publications/transgender-higher-ed/,122153.0,success,4781,725,html,text/html; charset=UTF-8,Educational Experiences of Transgender People,Loyal; Thisisloyal Com,2023-02-16,The Williams Institute at UCLA School of Law,https://williamsinstitute.law.ucla.edu/publications/transgender-higher-ed/,0.0,542d798f851c1f4d9381.txt,f9903f7fa93da4decfa3c63b82f95f03215cc705d896acab79ff57a5acb2dbfe
548e29b964394debac77,https://digitalgovernmenthub.org/library/using-snap-data-for-medicaid-renewals-can-keep-eligible-beneficiaries-enrolled,2026-10-04T02:39:20.856871+00:00,digitalgovernmenthub.org,False,robots_disallowed,,https://digitalgovernmenthub.org/library/using-snap-data-for-medicaid-renewals-can-keep-eligible-beneficiaries-enrolled,,not_extracted,0,0,,,,,,,,,,
54a0a89226664ce0c0d1,https://changingperspectivesnow.org/2024/07/10/disability-inclusion-in-education-the-benefits-importance-for-all-students,2026-10-04T02:39:20.857051+00:00,changingperspectivesnow.org,True,downloaded,200.0,https://changingperspectivesnow.org/2024/07/10/disability-inclusion-in-education-the-benefits-importance-for-all-students/,411678.0,success,6519,914,html,text/html; charset=UTF-8,Disability Inclusion in Education: The Benefits & Importance for All Students,Jean Alexander,2024-07-10,Disability Inclusion in Education: The Benefits & Importance for All Students - Changing Perspectives,https://changingperspectivesnow.org/2024/07/10/disability-inclusion-in-education-the-benefits-importance-for-all-students/,0.0,54a0a89226664ce0c0d1.txt,63f10a09001288055377263141920a2d3b7202b058a3e451137737cccba69329
54a5cc7dd59bec95edc5,https://americanprogress.org/article/lack-housing-mental-health-disabilities-exacerbate-one-another,2026-10-04T02:39:20.977919+00:00,americanprogress.org,False,http_error,403.0,https://www.americanprogress.org/article/lack-housing-mental-health-disabilities-exacerbate-one-another,5881.0,not_extracted,0,0,,text/html; charset=UTF-8,,,,,,0.0,,
54d1a49b59bd181e5258,https://acus.gov/document/identifying-and-reducing-burdens-public-administrative-processes,2026-10-04T02:39:21.628765+00:00,acus.gov,False,http_error,403.0,https://acus.gov/document/identifying-and-reducing-burdens-public-administrative-processes,118.0,not_extracted,0,0,,text/html,,,,,,0.0,,
54ee8a88aca2093ea4a1,https://latino.ucla.edu/debunking-myths-about-latinos-and-medicaid,2026-10-04T02:39:21.784190+00:00,ucla.edu,True,downloaded,200.0,https://latino.ucla.edu/debunking-myths-about-latinos-and-medicaid/,163458.0,success,5146,746,html,text/html; charset=UTF-8,Debunking Myths About Latinos and Medicaid,,2025-03-05,Latino Policy & Politics Institute,https://latino.ucla.edu/debunking-myths-about-latinos-and-medicaid/,0.0,54ee8a88aca2093ea4a1.txt,3eaae1b5bc503154d741e88c62d45f37764a4d43148bbc53a94ba41c7c569a5a
552101df75a0fb3cc284,https://cbpp.org/research/housing/policymakers-can-solve-homelessness-by-scaling-up-proven-solutions-rental,2026-10-04T02:39:22.530713+00:00,cbpp.org,False,http_error,403.0,https://cbpp.org/research/housing/policymakers-can-solve-homelessness-by-scaling-up-proven-solutions-rental,6158.0,not_extracted,0,0,,text/html; charset=UTF-8,,,,,,0.0,,
5555b09c9089128dc60d,https://tandfonline.com/doi/abs/10.1080/16549716.2024.2342634,2026-10-04T02:39:22.851283+00:00,tandfonline.com,False,http_error,403.0,https://tandfonline.com/doi/abs/10.1080/16549716.2024.2342634,5780.0,not_extracted,0,0,,text/html; charset=UTF-8,,,,,,0.0,,
55791d2443e36e2372e2,https://tuc.org.uk/research-analysis/reports/bullying-harassment-and-discrimination-disabled-people-workplace,2026-10-04T02:39:23.480967+00:00,tuc.org.uk,False,http_error,403.0,https://www.tuc.org.uk/research-analysis/reports/bullying-harassment-and-discrimination-disabled-people-workplace,5909.0,not_extracted,0,0,,text/html; charset=UTF-8,,,,,,0.0,,
5586430619effdae41f3,https://ecb.europa.eu/pub/pdf/scpwps/ecbwp1822.en.pdf,2026-10-04T02:39:25.793348+00:00,europa.eu,True,downloaded,200.0,https://www.ecb.europa.eu/pub/pdf/scpwps/ecbwp1822.en.pdf,851169.0,success,121131,18845,pdf,application/pdf,,,,,,0.0,5586430619effdae41f3.txt,586b99e8d3a305b2f8f85f56bc5bdc6efb7642652194bbab2ab6c88027bbdc4b
558b43650331b41f126e,https://federalreserve.gov/econres/notes/feds-notes/gender-related-differences-in-credit-use-and-credit-scores-20180622.html,2026-10-04T02:39:25.954251+00:00,federalreserve.gov,True,downloaded,200.0,https://www.federalreserve.gov/econres/notes/feds-notes/gender-related-differences-in-credit-use-and-credit-scores-20180622.html,124746.0,success,21781,3498,html,text/html,Gender-Related Differences in Credit Use and Credit Scores,Geng Li,2018-06-22,federalreserve.gov,https://www.federalreserve.gov/econres/notes/feds-notes/gender-related-differences-in-credit-use-and-credit-scores-20180622.html,0.0,558b43650331b41f126e.txt,a5e43c96d717d856a91ff13e08c9bedbad9751cd27f3d684f9c527ad91001eb8
55c135db0fe0e3daf2c4,https://academia.edu/138903810/_Bullying_and_Harassment_Prevention_in_the_Lives_of_Latina_and_Latino_Students_,2026-10-04T02:39:27.128701+00:00,academia.edu,False,robots_disallowed,,https://academia.edu/138903810/_Bullying_and_Harassment_Prevention_in_the_Lives_of_Latina_and_Latino_Students_,,not_extracted,0,0,,,,,,,,,,
55cb9e6d13c3506001de,https://scholarship.law.gwu.edu/cgi/viewcontent.cgi?params=%2Fcontext%2Ffaculty_publications%2Farticle%2F2532%2F&path_info=Heteronormativity_in_Employment_Discrimination_Law.pdf,2026-10-04T02:39:27.306164+00:00,gwu.edu,False,http_error,403.0,https://scholarship.law.gwu.edu/cgi/viewcontent.cgi?params=%2Fcontext%2Ffaculty_publications%2Farticle%2F2532%2F&path_info=Heteronormativity_in_Employment_Discrimination_Law.pdf,6220.0,not_extracted,0,0,,text/html; charset=UTF-8,,,,,,0.0,,
55d9c17247e80834f5a2,https://digitalgovernmenthub.org/wp-content/uploads/2023/08/adminburden_differential.pdf,2026-10-04T02:39:28.366743+00:00,digitalgovernmenthub.org,True,downloaded,200.0,https://digitalgovernmenthub.org/wp-content/uploads/2023/08/adminburden_differential.pdf,5176418.0,success,74155,11796,pdf,application/pdf,,,,,,0.0,55d9c17247e80834f5a2.txt,f83b9e52628c20f5c207efcd0185ce020eba3ff89d7e75a15e91d0d8b9c74a29
567115be2c473a5cef81,https://allsup.com/blog/invisible-disabilities-and-ssdi-approval-through-expert-representation,2026-10-04T02:39:29.052209+00:00,allsup.com,True,downloaded,200.0,https://www.allsup.com/blog/invisible-disabilities-and-ssdi-approval-through-expert-representation,100137.0,success,8270,1250,html,text/html; charset=utf-8,Invisible Disabilities And SSDI Approval Through Expert Representation,,2025-10-21,Invisible Disabilities And SSDI Approval Through Expert Representation,https://www.allsup.com/blog/invisible-disabilities-and-ssdi-approval-through-expert-representation,0.0,567115be2c473a5cef81.txt,07b6323474aae1cdad2ae57e27f5a8a2067a02e9d2e77d58536759a6ec481d28
569200c3f98e801434c9,https://jraeducationalconsulting.com/blog/10-most-important-factors-in-college-admissions-6hxs7,2026-10-04T02:39:29.399257+00:00,jraeducationalconsulting.com,True,downloaded,200.0,https://www.jraeducationalconsulting.com/blog/10-most-important-factors-in-college-admissions-6hxs7,258902.0,success,3324,499,html,text/html;charset=utf-8,Top 10 Admissions Factors — JRA Educational Consulting,Distill,2014-02-11,JRA Educational Consulting,https://www.jraeducationalconsulting.com/blog/10-most-important-factors-in-college-admissions-6hxs7,0.0,569200c3f98e801434c9.txt,2d6c510acd319b7879c711284cbe88d7db4130f41ef6ba4291b5d5b5b304e0eb
5694135bfac27c3e11c2,https://americanprogress.org/article/occupational-segregation-in-america,2026-10-04T02:39:30.515374+00:00,americanprogress.org,False,http_error,403.0,https://www.americanprogress.org/article/occupational-segregation-in-america,5757.0,not_extracted,0,0,,text/html; charset=UTF-8,,,,,,0.0,,
56a453c16aa921b0ef16,https://rainsburylawgroup.com/resources/what-conditions-automatically-qualify-for-disability-benefits,2026-10-04T02:39:31.241180+00:00,rainsburylawgroup.com,True,downloaded,200.0,https://rainsburylawgroup.com/resources/what-conditions-automatically-qualify-for-disability-benefits/,107659.0,success,17183,2292,html,text/html; charset=UTF-8,What Conditions Automatically Qualify for Disability Benefits?,Rainsbury Law Group,2025-08-13,Rainsbury Law Group,https://rainsburylawgroup.com/resources/what-conditions-automatically-qualify-for-disability-benefits/,0.0,56a453c16aa921b0ef16.txt,831274a38a4e596308a1edb7d7fc67efaa579f37310aa4210e4880d08aeea78c
56df81cd155356ddcb3b,https://pmc.ncbi.nlm.nih.gov/articles/PMC8025443,2026-10-04T02:39:31.447662+00:00,nih.gov,True,downloaded,200.0,https://pmc.ncbi.nlm.nih.gov/articles/PMC8025443,21367.0,success,131,18,html,text/html; charset=utf-8,Checking your browser,,2026-09-11,google.com,https://www.google.com/recaptcha/challengepage,0.0,56df81cd155356ddcb3b.txt,a29166d0eaaa418bd5af61a282f1183a46c84c4d5e4c90689b1b452d230d05cc
57d96aa5469e9a0d0e4a,https://careercenter.fresnostate.edu/blog/2024/06/14/trans-and-non-binary-career-advancement-how-to-overcome-challenges-at-work,2026-10-04T02:39:32.498183+00:00,fresnostate.edu,True,downloaded,200.0,https://careercenter.fresnostate.edu/blog/2024/06/14/trans-and-non-binary-career-advancement-how-to-overcome-challenges-at-work/,223374.0,success,6021,848,html,text/html; charset=UTF-8,Trans and Non-Binary Career Advancement: How to Overcome Challenges at Work,Nora Diaz-Vasquez,2024-06-14,"Career Development Center | California State University, Fresno",https://careercenter.fresnostate.edu/blog/2024/06/14/trans-and-non-binary-career-advancement-how-to-overcome-challenges-at-work/,0.0,57d96aa5469e9a0d0e4a.txt,64d9acb9c0e6adfeba4b72b6f72535063f9693add265264ba90a86d7de42f68d
5806639cda450b38ad99,https://npr.org/2024/04/11/1243713272/resume-bias-study-white-names-black-names,2026-10-04T02:39:34.706122+00:00,npr.org,True,downloaded,200.0,https://www.npr.org/2024/04/11/1243713272/resume-bias-study-white-names-black-names,147050.0,success,5742,917,html,text/html; charset=UTF-8,"White-sounding names get called back for jobs more than Black ones, a new study finds",Joe Hernandez,2024-04-11,NPR,https://www.npr.org/2024/04/11/1243713272/resume-bias-study-white-names-black-names,0.0,5806639cda450b38ad99.txt,598e25d482a0d1b54e42b892141c782b2c5f2561c2e184527e0e6d0eaa16e683
58425b2cdafc73f78093,https://experian.com/blogs/ask-experian/credit-education/score-basics/what-affects-your-credit-scores,2026-10-04T02:39:34.749257+00:00,experian.com,True,downloaded,200.0,https://www.experian.com/blogs/ask-experian/credit-education/score-basics/what-affects-your-credit-scores,283913.0,success,10531,1778,html,text/html,What Affects Your Credit Scores?,Jim Akin,2026-09-22,Experian,https://www.experian.com/blogs/ask-experian/credit-education/score-basics/what-affects-your-credit-scores/,0.0,58425b2cdafc73f78093.txt,a80cb6a13fa4ed8cb6b87a89db2379433012a43f13511afb1d9173e2c922edaa
5842e1554cd5d46b9aba,https://nnedv.org/spotlight_on/impact-safe-housing-survivors,2026-10-04T02:39:35.001478+00:00,nnedv.org,True,downloaded,200.0,https://nnedv.org/spotlight_on/impact-safe-housing-survivors/,105067.0,success,7273,1065,html,text/html; charset=UTF-8,The Impact of Safe Housing on Survivors of Domestic Violence - NNEDV,,2026-02-13,National Network to End Domestic Violence,https://nnedv.org/spotlight_on/impact-safe-housing-survivors/,0.0,5842e1554cd5d46b9aba.txt,004fcf472d84383a18b3427f4339b9deab4aa686f00e92c140e2c5ec632a0b57
58509264051bab46810a,https://voxdev.org/topic/firms/expanding-credit-access-women-entrepreneurs,2026-10-04T02:39:36.615742+00:00,voxdev.org,False,http_error,403.0,https://voxdev.org/topic/firms/expanding-credit-access-women-entrepreneurs,5757.0,not_extracted,0,0,,text/html; charset=UTF-8,,,,,,0.0,,
5858325da9645a255771,https://finhealthnetwork.org/research/the-financial-health-of-people-with-disabilities,2026-10-04T02:39:37.741888+00:00,finhealthnetwork.org,False,http_error,403.0,https://finhealthnetwork.org/research/the-financial-health-of-people-with-disabilities,1635.0,not_extracted,0,0,,text/html; charset=utf-8,,,,,,0.0,,
5877b03f4693c672b2b9,https://pmc.ncbi.nlm.nih.gov/articles/PMC8941671,2026-10-04T02:39:37.979734+00:00,nih.gov,True,downloaded,200.0,https://pmc.ncbi.nlm.nih.gov/articles/PMC8941671/,21367.0,success,131,18,html,text/html; charset=utf-8,Checking your browser,,2026-09-11,google.com,https://www.google.com/recaptcha/challengepage,0.0,5877b03f4693c672b2b9.txt,a29166d0eaaa418bd5af61a282f1183a46c84c4d5e4c90689b1b452d230d05cc
5879a3f56bbea3ecc54f,https://pubmed.ncbi.nlm.nih.gov/36931857,2026-10-04T02:39:38.129241+00:00,nih.gov,True,downloaded,203.0,https://pubmed.ncbi.nlm.nih.gov/36931857/,5590.0,success,100,14,html,text/html; charset=utf-8,Cookies must be enabled,,,pubmed.ncbi.nlm.nih.gov,https://pubmed.ncbi.nlm.nih.gov/36931857/,0.0,5879a3f56bbea3ecc54f.txt,f193d0de906419650acf171625dbd67f88f297290893b5473e1d8365c03d4b59
58c2273d36096f902eb2,https://digitalgovernmenthub.org/wp-content/uploads/2025/12/Racial-and-Ethnic-Differences-in-Experiencing-Administrative-Burd.pdf,2026-10-04T02:39:40.006448+00:00,digitalgovernmenthub.org,True,downloaded,200.0,https://digitalgovernmenthub.org/wp-content/uploads/2025/12/Racial-and-Ethnic-Differences-in-Experiencing-Administrative-Burd.pdf,695196.0,success,30529,4233,pdf,application/pdf,,,,,,0.0,58c2273d36096f902eb2.txt,089b0cb32c31f8844f40678c0d73494a56c5434e644cb3d6086a4395ecff5d84
58d91898e31f8a3952e1,https://thearc.org/policy-advocacy/housing,2026-10-04T02:39:40.620344+00:00,thearc.org,True,downloaded,200.0,https://thearc.org/policy-advocacy/housing,202216.0,success,3769,561,html,text/html; charset=UTF-8,Housing for People With Disabilities & Their Families | The Arc,,2026-09-30,The Arc of the United States,https://thearc.org/policy-advocacy/housing/,0.0,58d91898e31f8a3952e1.txt,6c521291c44342ce243901afc62b154f437ee609eabee2188faacf73227f4b1b
58ece26e7293070e94f7,https://ajpmonline.org/article/S0749-3797(25)00724-X/pdf,2026-10-04T02:39:41.376808+00:00,ajpmonline.org,False,http_error,403.0,https://ajpmonline.org/article/S0749-3797(25)00724-X/pdf,5725.0,not_extracted,0,0,,text/html; charset=UTF-8,,,,,,0.0,,
58f306f5fbc11e6a5eb5,https://pmc.ncbi.nlm.nih.gov/articles/PMC1360918,2026-10-04T02:39:41.519187+00:00,nih.gov,True,downloaded,200.0,https://pmc.ncbi.nlm.nih.gov/articles/PMC1360918,21366.0,success,131,18,html,text/html; charset=utf-8,Checking your browser,,2026-09-11,google.com,https://www.google.com/recaptcha/challengepage,0.0,58f306f5fbc11e6a5eb5.txt,a29166d0eaaa418bd5af61a282f1183a46c84c4d5e4c90689b1b452d230d05cc
59171f14ef8e9d56d410,https://pmc.ncbi.nlm.nih.gov/articles/PMC10824976,2026-10-04T02:39:42.497500+00:00,nih.gov,True,downloaded,200.0,https://pmc.ncbi.nlm.nih.gov/articles/PMC10824976,21372.0,success,131,18,html,text/html; charset=utf-8,Checking your browser,,2026-09-11,google.com,https://www.google.com/recaptcha/challengepage,0.0,59171f14ef8e9d56d410.txt,a29166d0eaaa418bd5af61a282f1183a46c84c4d5e4c90689b1b452d230d05cc
593ad92eec49b45ba5fd,https://meetaugust.ai/en/articles/medicaid-renewal,2026-10-04T02:39:42.759046+00:00,meetaugust.ai,True,downloaded,200.0,https://www.meetaugust.ai/en/articles/medicaid-renewal,135377.0,success,10887,1632,html,text/html; charset=utf-8,Medicaid Renewal: How to Renew Your Coverage Without Losing It,,2026-05-27,August Health,https://www.meetaugust.ai/en/articles/medicaid-renewal,0.0,593ad92eec49b45ba5fd.txt,ed96874261391089816234cd2fc39d4dff368c7e617b065cdec8b0e27fa1a23c
5961a172741e99884d11,https://prisonpolicy.org/blog/2020/07/27/disparities,2026-10-04T02:39:43.413893+00:00,prisonpolicy.org,True,downloaded,200.0,https://www.prisonpolicy.org/blog/2020/07/27/disparities/,67381.0,success,9657,1345,html,text/html; charset=UTF-8,Visualizing the racial disparities in mass incarceration,Prison Policy Initiative,2020-07-27,PrisonPolicy,https://www.prisonpolicy.org/blog/2020/07/27/disparities/,0.0,5961a172741e99884d11.txt,89557f2304d0cdfd1a96f83776e60203d468f919413ad7ae7a128b26c221a60c
5973a907cc75952018a3,https://lrn.com/blog/being-transgender-at-work-insights-from-mckinsey-dei-report,2026-10-04T02:39:43.544751+00:00,lrn.com,True,downloaded,200.0,https://lrn.com/blog/being-transgender-at-work-insights-from-mckinsey-dei-report,128642.0,success,9442,1428,html,text/html; charset=UTF-8,Being transgender at work: Insights from McKinsey’s DEI report,Carolyn Grace,2023-07-13,LRN,https://lrn.com/blog/being-transgender-at-work-insights-from-mckinsey-dei-report,0.0,5973a907cc75952018a3.txt,6bb0ad18acdd672740547053b8073e2ef599a203974bd07f57dc0e67251f7417
598540f2c14cdcef12f9,https://pmc.ncbi.nlm.nih.gov/articles/PMC10445173,2026-10-04T02:39:44.249138+00:00,nih.gov,True,downloaded,200.0,https://pmc.ncbi.nlm.nih.gov/articles/PMC10445173,21370.0,success,131,18,html,text/html; charset=utf-8,Checking your browser,,2026-09-11,google.com,https://www.google.com/recaptcha/challengepage,0.0,598540f2c14cdcef12f9.txt,a29166d0eaaa418bd5af61a282f1183a46c84c4d5e4c90689b1b452d230d05cc
59bc84e08175ec2735ab,https://feed.georgetown.edu/access-affordability/seeking-more-male-students-colleges-tailor-outreach-programming,2026-10-04T02:39:44.379950+00:00,georgetown.edu,True,downloaded,200.0,https://feed.georgetown.edu/access-affordability/seeking-more-male-students-colleges-tailor-outreach-programming/,168235.0,success,6820,1056,html,text/html; charset=UTF-8,"Seeking more male students, colleges tailor outreach, programming - THE FEED",Kpc8,2024-05-10,THE FEED,https://feed.georgetown.edu/access-affordability/seeking-more-male-students-colleges-tailor-outreach-programming/,0.0,59bc84e08175ec2735ab.txt,2d6d44c620b2d403c942cfea652a07822e297d65afce2cf4160a014fd9a5dd60
59f00128ab8a8d96d30e,https://journals.sagepub.com/doi/10.1177/1077801215599079,2026-10-04T02:39:44.770151+00:00,sagepub.com,False,http_error,403.0,https://journals.sagepub.com/doi/10.1177/1077801215599079,5716.0,not_extracted,0,0,,text/html; charset=UTF-8,,,,,,0.0,,
59fd5bc70113f20d5300,https://lambdalegal.org/blogs/20201125_transgender-people-prisons-jails,2026-10-04T02:39:45.575602+00:00,lambdalegal.org,True,downloaded,200.0,https://lambdalegal.org/blogs/20201125_transgender-people-prisons-jails/,153576.0,success,6572,991,html,text/html; charset=UTF-8,Abuse and Neglect of Transgender People in Prisons and Jails: A Lawyer’s Perspective,,2025-12-08,Lambda Legal,https://lambdalegal.org/blogs/20201125_transgender-people-prisons-jails/,0.0,59fd5bc70113f20d5300.txt,2b2214a5bfaf6b7591587bcb415e95a0be7a1aa7b6af143cb3c37f497a988cb3
5a18eb5ae1f084357f1a,https://census.gov/library/working-papers/2025/adrm/CES-WP-25-45.html,2026-10-04T02:39:47.515602+00:00,census.gov,True,downloaded,200.0,https://www.census.gov/library/working-papers/2025/adrm/CES-WP-25-45.html,346182.0,success,3031,409,html,text/html; charset=UTF-8,Credit Access in the United States,US Census Bureau,2026-02-12,Census.gov,https://www.census.gov/library/working-papers/2025/adrm/CES-WP-25-45.html,0.0,5a18eb5ae1f084357f1a.txt,2c6d2328c7b7ecfce6e6b45417476fc2b4382df8ff1d19f2e4c56b2020f8342c
5a36f74ec1a10f43b982,https://cbpp.org/research/federal-budget/executive-action-watch?item=30447,2026-10-04T02:39:47.516059+00:00,cbpp.org,False,http_error,403.0,https://cbpp.org/research/federal-budget/executive-action-watch?item=30447,6157.0,not_extracted,0,0,,text/html; charset=UTF-8,,,,,,0.0,,
5a7709adaeefd51ddbda,https://pmc.ncbi.nlm.nih.gov/articles/PMC4899337,2026-10-04T02:39:47.848517+00:00,nih.gov,True,downloaded,200.0,https://pmc.ncbi.nlm.nih.gov/articles/PMC4899337/,183517.0,success,42421,5954,html,text/html; charset=utf-8,"Race, Medical Mistrust, and Segregation in Primary Care as Usual Source of Care: Findings from the Exploring Health Disparities in Integrated Communities Study",M J Arnett; R J Thorpe; Jr; D J Gaskin; J V Bowie; T A LaVeist,2016-05-18,Journal of Urban Health : Bulletin of the New York Academy of Medicine,https://pmc.ncbi.nlm.nih.gov/articles/PMC4899337/,0.0,5a7709adaeefd51ddbda.txt,112cc5dae167b80d08350aff44f96fff1eb6fd02ba79227b6169cf45dce998af
5a97ee3ff7e6e6e0e799,https://housingca.org/policy/focus/causes,2026-10-04T02:39:48.725453+00:00,housingca.org,False,http_error,403.0,https://housingca.org/policy/focus/causes,52.0,not_extracted,0,0,,text/html,,,,,,0.0,,
5ab452eb7cf0dfd6b760,https://socialecology.uci.edu/news/new-report-sheds-light-latinos-us-criminal-justice-system,2026-10-04T02:39:48.807257+00:00,uci.edu,True,downloaded,200.0,https://socialecology.uci.edu/news/new-report-sheds-light-latinos-us-criminal-justice-system,43475.0,success,6543,975,html,text/html; charset=UTF-8,New report sheds light on Latinos in U.S. criminal justice system,,2023-03-08,New report sheds light on Latinos in U.S. criminal justice system,https://socialecology.uci.edu/news/new-report-sheds-light-latinos-us-criminal-justice-system,0.0,5ab452eb7cf0dfd6b760.txt,aede664d10acc29efc9a843395b5076f7da9d48a9ebe9952b3630a8d43979723
5ae2eef5d0180c2b5809,https://federalgrants.com/federal-grants-for-women.html,2026-10-04T02:39:50.019481+00:00,federalgrants.com,True,downloaded,200.0,https://federalgrants.com/federal-grants-for-women.html,15854.0,success,6111,945,html,text/html; charset=UTF-8,Grants for Women,,2026-01-01,FederalGrants.com,https://www.federalgrants.com/,0.0,5ae2eef5d0180c2b5809.txt,6d9a161c3fc732f0f09d2858c5b940e265bcbf3e0bf23fac79d2b725e129e02e
5aeff56f4edb0686cd7b,https://youtube.com/watch?t=481s&v=sIDoSDzuo-M,2026-10-04T02:39:50.167315+00:00,youtube.com,True,downloaded,200.0,https://www.youtube.com/watch?t=481s&v=sIDoSDzuo-M,1235295.0,success,146,23,html,text/html; charset=utf-8,Understanding the Realities of Incarcerated Transgender Men,,2024-03-14,YouTube,https://www.youtube.com/watch?v=sIDoSDzuo-M,0.0,5aeff56f4edb0686cd7b.txt,8dbba17988e385133ba8f51d76cde1fc2c859262b666cb848e9cfe2478fd5e71
5b60a7aba176e73f0677,https://kff.org/womens-health-policy/womens-health-care-utilization-and-costs-findings-from-the-2020-kff-womens-health-survey,2026-10-04T02:39:50.641948+00:00,kff.org,True,downloaded,200.0,https://www.kff.org/womens-health-policy/womens-health-care-utilization-and-costs-findings-from-the-2020-kff-womens-health-survey/,291499.0,success,39762,6568,html,text/html; charset=UTF-8,Women’s Health Care Utilization and Costs: Findings from the 2020 KFF Women’s Health Survey | KFF,Michelle Long; Brittni Frederiksen; Usha Ranji; Alina Salganicoff,2021-04-21,"KFF - The independent source for health policy research, polling, and news",https://www.kff.org/womens-health-policy/womens-health-care-utilization-and-costs-findings-from-the-2020-kff-womens-health-survey/,0.0,5b60a7aba176e73f0677.txt,618725c48b16233b1679a2d07cc25a505e066a6f907328544475c13d76996ac1
5bd114ec901c806e801e,https://leaders-in-law.com/key-factors-in-getting-approved-for-social-security-disability,2026-10-04T02:39:50.838999+00:00,leaders-in-law.com,False,http_error,403.0,https://leaders-in-law.com/key-factors-in-getting-approved-for-social-security-disability,52.0,not_extracted,0,0,,text/html,,,,,,0.0,,
5bdefb059d9fb9fdbf88,https://disabilitysecrets.com/resources/survey-statistics-who-is-most-likely-to-get-approved-for-social-security-disability-benefits.html,2026-10-04T02:39:51.573762+00:00,disabilitysecrets.com,True,downloaded,200.0,https://www.disabilitysecrets.com/resources/survey-statistics-who-is-most-likely-to-get-approved-for-social-security-disability-benefits.html,478358.0,success,16160,2652,html,text/html; charset=utf-8,Survey Statistics: Who Is Most Likely to Get Approved for Social Security Disability Benefits?,,2018-04-12,www.disabilitysecrets.com,https://www.disabilitysecrets.com/resources/survey-statistics-who-is-most-likely-to-get-approved-for-social-security-disability-benefits.html,0.0,5bdefb059d9fb9fdbf88.txt,623a0ea090d269ff7a3f1a6cfd09b9e0b97ce4f9471953b1c38c42985844c7fb
5bfdff9e444aa65e9a5b,https://pmc.ncbi.nlm.nih.gov/articles/PMC9518008,2026-10-04T02:39:54.018811+00:00,nih.gov,True,downloaded,200.0,https://pmc.ncbi.nlm.nih.gov/articles/PMC9518008,21365.0,success,131,18,html,text/html; charset=utf-8,Checking your browser,,2026-09-11,google.com,https://www.google.com/recaptcha/challengepage,0.0,5bfdff9e444aa65e9a5b.txt,a29166d0eaaa418bd5af61a282f1183a46c84c4d5e4c90689b1b452d230d05cc
5c092fb6a853379b188e,https://insidehighered.com/news/quick-takes/2026/09/29/trump-administration-formally-rescinds-biden-title-ix-rule,2026-10-04T02:39:55.225593+00:00,insidehighered.com,True,downloaded,200.0,https://www.insidehighered.com/news/quick-takes/2026/09/29/trump-administration-formally-rescinds-biden-title-ix-rule,148346.0,success,2715,417,html,text/html; charset=UTF-8,Trump Administration Formally Rescinds Biden Title IX Rule,Katherine Knott,2026-09-29,"Inside Higher Ed | Higher Education News, Events and Jobs",https://www.insidehighered.com/news/quick-takes/2026/09/29/trump-administration-formally-rescinds-biden-title-ix-rule,0.0,5c092fb6a853379b188e.txt,8747e999b7dba26246f074c9dac3fdb794a6d87146363ec37cf4a287623c9c34
5cab5d9978f1be724543,https://pubmed.ncbi.nlm.nih.gov/21063225,2026-10-04T02:39:55.903917+00:00,nih.gov,True,downloaded,203.0,https://pubmed.ncbi.nlm.nih.gov/21063225/,5590.0,success,100,14,html,text/html; charset=utf-8,Cookies must be enabled,,,pubmed.ncbi.nlm.nih.gov,https://pubmed.ncbi.nlm.nih.gov/21063225/,0.0,5cab5d9978f1be724543.txt,f193d0de906419650acf171625dbd67f88f297290893b5473e1d8365c03d4b59
5cab8ec7438d4264c66d,https://ncbi.nlm.nih.gov/books/NBK24693,2026-10-04T02:39:56.800477+00:00,nih.gov,True,downloaded,200.0,https://ncbi.nlm.nih.gov/books/NBK24693,21328.0,success,127,18,html,text/html; charset=utf-8,Checking your browser,,2026-09-11,google.com,https://www.google.com/recaptcha/challengepage,0.0,5cab8ec7438d4264c66d.txt,a6950382e9f383805d5cb88eee7bb6dbb9f70bf9f328b964221d52761db4cd7b
5cbe4354e967723161ab,https://theundercoverrecruiter.com/do-men-and-women-approach-the-job-hunt-differently,2026-10-04T02:39:57.198804+00:00,theundercoverrecruiter.com,True,downloaded,200.0,https://theundercoverrecruiter.com/do-men-and-women-approach-the-job-hunt-differently/,130333.0,success,2429,407,html,text/html; charset=UTF-8,Surprising Facts About Gender in the Job Search,Sophie Deering,2015-05-06,Undercover Recruiter,https://theundercoverrecruiter.com/do-men-and-women-approach-the-job-hunt-differently/,0.0,5cbe4354e967723161ab.txt,0860d0616248aaad18f64820114ecee3e9692bef5cf8f3237909e093023abf5a
5ccc67f8562848534e99,https://cbpp.org/research/poverty-and-inequality/poverty-reduction-programs-help-adults-lacking-college-degrees-the,2026-10-04T02:39:57.274193+00:00,cbpp.org,False,http_error,403.0,https://cbpp.org/research/poverty-and-inequality/poverty-reduction-programs-help-adults-lacking-college-degrees-the,6158.0,not_extracted,0,0,,text/html; charset=UTF-8,,,,,,0.0,,
5cf25f9c4cc358ea731b,https://pmc.ncbi.nlm.nih.gov/articles/PMC3868476,2026-10-04T02:39:58.866943+00:00,nih.gov,True,downloaded,200.0,https://pmc.ncbi.nlm.nih.gov/articles/PMC3868476/,242466.0,success,76412,11688,html,text/html; charset=utf-8,Racial Disparity in Police Contacts,Robert D Crutchfield; Martie L Skinner; Kevin P Haggerty; Anne McGlynn; Richard F Catalano,2012-07-01,Race and justice,https://pmc.ncbi.nlm.nih.gov/articles/PMC3868476/,0.0,5cf25f9c4cc358ea731b.txt,c23ad15a867b7a90ba4f086301b4ff74f37e673760ae08758724bd5f01c715c1
5d1471f5d8020140a98c,https://pmc.ncbi.nlm.nih.gov/articles/PMC9565787,2026-10-04T02:39:59.292834+00:00,nih.gov,True,downloaded,200.0,https://pmc.ncbi.nlm.nih.gov/articles/PMC9565787/,198363.0,success,41388,5962,html,text/html; charset=utf-8,Access and Participation of Students with Disabilities: The Challenge for Higher Education,José María Fernández-Batanero; Marta Montenegro-Rueda; José Fernández-Cerero,2022-09-21,International Journal of Environmental Research and Public Health,https://pmc.ncbi.nlm.nih.gov/articles/PMC9565787/,0.0,5d1471f5d8020140a98c.txt,98bf86b957563d4a86fb0b3ed92f709ba0f678fc3645eaaabce0279763c21c4b
5d2d15e1b4a5b8d83766,https://kff.org/medicaid/medicaid-efforts-to-address-racial-health-disparities,2026-10-04T02:39:59.486351+00:00,kff.org,True,downloaded,200.0,https://www.kff.org/medicaid/medicaid-efforts-to-address-racial-health-disparities/,160068.0,success,18127,2626,html,text/html; charset=UTF-8,Medicaid Efforts to Address Racial Health Disparities | KFF,Akash Pillai; Elizabeth Hinton; Robin Rudowitz; Samantha Artiga,2024-07-01,"KFF - The independent source for health policy research, polling, and news",https://www.kff.org/medicaid/medicaid-efforts-to-address-racial-health-disparities/,0.0,5d2d15e1b4a5b8d83766.txt,daf9d315b9563ae007bd8813db74e571a88e415e26fb93fba82f69cec16a024c
5d3a473ffc20100582b8,https://usafacts.org/articles/immigrant-program-eligibility,2026-10-04T02:40:00.117571+00:00,usafacts.org,True,downloaded,200.0,https://usafacts.org/articles/immigrant-program-eligibility/,438757.0,success,9211,1433,html,text/html; charset=utf-8,Are immigrants eligible for government assistance? | USAFacts,Amber T,2025-08-15,USAFacts,https://usafacts.org/articles/immigrant-program-eligibility/,0.0,5d3a473ffc20100582b8.txt,4faf0c7504e9af2c095753c81516e1e462dc89c1fe2cffa667a4a00b9134596e
5db9a8deb87e6022dced,https://pmc.ncbi.nlm.nih.gov/articles/PMC7820533,2026-10-04T02:40:00.580530+00:00,nih.gov,True,downloaded,200.0,https://pmc.ncbi.nlm.nih.gov/articles/PMC7820533/,188214.0,success,47506,7824,html,text/html; charset=utf-8,Knowledge About Bullying by Young Adults With Special Educational Needs With or Without Disabilities (SEN/D),Víctor González-Calatayud; Marimar Roman-García; Paz Prendes-Espinosa,2021-01-08,Frontiers in Psychology,https://pmc.ncbi.nlm.nih.gov/articles/PMC7820533/,0.0,5db9a8deb87e6022dced.txt,14c137112ca9f91b20e5af89a948a063b946d6818f869ff6eaa408d301116b44
5df33af1bf7af19874d4,https://pmc.ncbi.nlm.nih.gov/articles/PMC5723709,2026-10-04T02:40:00.590925+00:00,nih.gov,True,downloaded,200.0,https://pmc.ncbi.nlm.nih.gov/articles/PMC5723709,21365.0,success,131,18,html,text/html; charset=utf-8,Checking your browser,,2026-09-11,google.com,https://www.google.com/recaptcha/challengepage,0.0,5df33af1bf7af19874d4.txt,a29166d0eaaa418bd5af61a282f1183a46c84c4d5e4c90689b1b452d230d05cc
5e06dd928725e28c4e07,https://aha-inc.org/blog/common-barriers-to-housing-stabilityand-how-we-can-help-you-overcome-them,2026-10-04T02:40:01.378918+00:00,aha-inc.org,True,downloaded,200.0,https://www.aha-inc.org/blog/common-barriers-to-housing-stabilityand-how-we-can-help-you-overcome-them,176686.0,success,3601,572,html,text/html;charset=utf-8,Common Barriers to Housing Stability—and How We Can Help You Overcome Them — Advanced Healthcare Administration | AHA,Tara Hack,2024-10-21,Advanced Healthcare Administration | AHA,https://www.aha-inc.org/blog/common-barriers-to-housing-stabilityand-how-we-can-help-you-overcome-them,0.0,5e06dd928725e28c4e07.txt,9ab351d4dab6b4e351188943d220d1740be1b6fb3e3ef37a310e6ef5af852c37
5e0931d26e71c73fcc93,https://commonwealthfund.org/publications/2018/sep/focus-reducing-racial-disparities-health-care-confronting-racism,2026-10-04T02:40:03.391838+00:00,commonwealthfund.org,False,http_error,403.0,https://commonwealthfund.org/publications/2018/sep/focus-reducing-racial-disparities-health-care-confronting-racism,5946.0,not_extracted,0,0,,text/html; charset=UTF-8,,,,,,0.0,,
5e3fb806d2fab689e8c0,https://pmc.ncbi.nlm.nih.gov/articles/PMC7453877,2026-10-04T02:40:04.310517+00:00,nih.gov,True,downloaded,200.0,https://pmc.ncbi.nlm.nih.gov/articles/PMC7453877,21367.0,success,131,18,html,text/html; charset=utf-8,Checking your browser,,2026-09-11,google.com,https://www.google.com/recaptcha/challengepage,0.0,5e3fb806d2fab689e8c0.txt,a29166d0eaaa418bd5af61a282f1183a46c84c4d5e4c90689b1b452d230d05cc
5e6d04855d366a1025c7,https://healthlaw.org/racial-disparities-persist-during-the-unwinding-of-the-medicaid-continuous-coverage-requirement,2026-10-04T02:40:04.337090+00:00,healthlaw.org,True,downloaded,200.0,https://healthlaw.org/racial-disparities-persist-during-the-unwinding-of-the-medicaid-continuous-coverage-requirement/,93854.0,success,7072,973,html,text/html; charset=UTF-8,Racial disparities persist during the unwinding of the Medicaid continuous coverage requirement,Jules Lutaba,2024-08-07,National Health Law Program,https://nhelprestordev.wpenginepowered.com/racial-disparities-persist-during-the-unwinding-of-the-medicaid-continuous-coverage-requirement/,0.0,5e6d04855d366a1025c7.txt,1c718bd89ff9a5e62816257a41bfe481d2acbdd81035c9988ea8dbd479afa626
5ea264224aff995e0c51,https://islg.cuny.edu/blog/complex-reality-women-jails,2026-10-04T02:40:04.528577+00:00,cuny.edu,True,downloaded,200.0,https://islg.cuny.edu/blog/complex-reality-women-jails,191949.0,success,9332,1422,html,text/html;charset=utf-8,The Complex Reality Behind Women’s Rising Jail Populations — CUNY Institute for State & Local Governance (ISLG),Carla Sinclair,2026-07-15,CUNY Institute for State & Local Governance (ISLG),https://islg.cuny.edu/blog/complex-reality-women-jails,0.0,5ea264224aff995e0c51.txt,49c3da6d37ba8d5272e355fa93063c47a6ea02cebaf0a1b39e4cfb3e772976e8
5eadcb73a3686320ef7a,https://commonwealthfund.org/blog/2024/hispaniclatino-adults-lack-adequate-affordable-health-insurance-coverage,2026-10-04T02:40:05.880318+00:00,commonwealthfund.org,False,http_error,403.0,https://commonwealthfund.org/blog/2024/hispaniclatino-adults-lack-adequate-affordable-health-insurance-coverage,5913.0,not_extracted,0,0,,text/html; charset=UTF-8,,,,,,0.0,,
5eadf09c05276fe03458,https://alignplatform.org/gender-norms-and-education/discriminatory-gender-norms-access-and-educational-attainment,2026-10-04T02:40:06.390817+00:00,alignplatform.org,True,downloaded,200.0,https://www.alignplatform.org/gender-norms-and-education/discriminatory-gender-norms-access-and-educational-attainment,75909.0,success,2147,293,html,text/html; charset=UTF-8,2. Gender norms and access to education,Author Rachel Marcus,2026-01-01,Align Platform,https://www.alignplatform.org/gender-norms-and-education/discriminatory-gender-norms-access-and-educational-attainment,0.0,5eadf09c05276fe03458.txt,281cd46592adbcb4d9452fd9c7024966b4e2d2d81d5caf435af84bd2e34bf84c
5eb435b2b5338e18b950,https://pubmed.ncbi.nlm.nih.gov/37782863,2026-10-04T02:40:06.893126+00:00,nih.gov,True,downloaded,203.0,https://pubmed.ncbi.nlm.nih.gov/37782863/,5590.0,success,100,14,html,text/html; charset=utf-8,Cookies must be enabled,,,pubmed.ncbi.nlm.nih.gov,https://pubmed.ncbi.nlm.nih.gov/37782863/,0.0,5eb435b2b5338e18b950.txt,f193d0de906419650acf171625dbd67f88f297290893b5473e1d8365c03d4b59
5ec2b2afd5ebcb806b1f,https://pmc.ncbi.nlm.nih.gov/articles/PMC6081855,2026-10-04T02:40:07.015668+00:00,nih.gov,True,downloaded,200.0,https://pmc.ncbi.nlm.nih.gov/articles/PMC6081855/,185850.0,success,41299,6079,html,text/html; charset=utf-8,Social disparities in patient safety in primary care: a systematic review,Carlotta Piccardi; Jens Detollenaere; Pierre Vanden Bussche; Sara Willems,2018-08-07,International Journal for Equity in Health,https://pmc.ncbi.nlm.nih.gov/articles/PMC6081855/,0.0,5ec2b2afd5ebcb806b1f.txt,5941bf7ba34ee60cb775819ff286e6b88dc24c9aed7917b6973a069786950bf5
5ed40f9b12c967df163c,https://nationalacademies.org/read/9719/chapter/8,2026-10-04T02:40:07.329836+00:00,nationalacademies.org,True,downloaded,200.0,https://www.nationalacademies.org/read/9719/chapter/8,705285.0,success,54239,6550,html,text/html; charset=UTF-8,Read,,2001-01-25,The National Academies Press,https://www.nationalacademies.org/read/9719/chapter/8,0.0,5ed40f9b12c967df163c.txt,8e5d2351b082da47c3f488a3981f2081b737e07f69c036cf5e1226763aa6578c
5ef71b2f1c1ceabd80fb,https://genderpolicyreport.umn.edu/impacts-of-the-financial-choice-act-on-transgender-people,2026-10-04T02:40:08.940721+00:00,umn.edu,False,http_error,403.0,https://genderpolicyreport.umn.edu/impacts-of-the-financial-choice-act-on-transgender-people,52.0,not_extracted,0,0,,text/html,,,,,,0.0,,
5f250bd6cecd12f45831,https://americanprogress.org/article/how-to-address-the-administrative-burdens-of-accessing-the-safety-net,2026-10-04T02:40:10.264941+00:00,americanprogress.org,False,http_error,403.0,https://www.americanprogress.org/article/how-to-address-the-administrative-burdens-of-accessing-the-safety-net,5902.0,not_extracted,0,0,,text/html; charset=UTF-8,,,,,,0.0,,
5f3fa12e1232285b75e8,https://cdc.gov/disability-and-health/about/disability-and-health-information-for-healthcare-providers.html,2026-10-04T02:40:10.434286+00:00,cdc.gov,False,http_error,403.0,https://cdc.gov/disability-and-health/about/disability-and-health-information-for-healthcare-providers.html,492.0,not_extracted,0,0,,text/html,,,,,,0.0,,
5f6ec06ba38dc9ccf4ed,https://nilc.org/resources/new-law-limits-health-care-food-aid-for-immigrants,2026-10-04T02:40:10.811834+00:00,nilc.org,False,http_error,403.0,https://nilc.org/resources/new-law-limits-health-care-food-aid-for-immigrants,5770.0,not_extracted,0,0,,text/html; charset=UTF-8,,,,,,0.0,,
5f724bc07d49df55375b,https://usa.edu/blog/career-advancement,2026-10-04T02:40:11.770057+00:00,usa.edu,False,http_error,403.0,https://usa.edu/blog/career-advancement,4565.0,not_extracted,0,0,,text/html; charset=UTF-8,,,,,,0.0,,
5f7c325f835e5283e789,https://covey.org/housing-for-people-with-disabilities,2026-10-04T02:40:11.848949+00:00,covey.org,True,downloaded,200.0,https://covey.org/housing-for-people-with-disabilities/,65480.0,success,5262,781,html,text/html; charset=UTF-8,The Challenges of Housing for People with Disabilities,Anthony Gonzalez,2021-10-01,Covey,http://covey2.pltworkbench.com/housing-for-people-with-disabilities/,0.0,5f7c325f835e5283e789.txt,eddc2a79fadf78f19c2550dee91ab7af52484523c923482717bcacc8d2d73747
5f81f7a6454265b56f58,https://frac.org/blog/usda-improves-equitable-snap-access-for-lgbtqia,2026-10-04T02:40:12.036042+00:00,frac.org,True,downloaded,200.0,https://frac.org/blog/usda-improves-equitable-snap-access-for-lgbtqia,89808.0,success,3414,497,html,text/html; charset=UTF-8,"USDA Improves Equitable SNAP Access for LGBTQIA+, Advocates Can Help Combat Disparities in Hunger and Food Access - Food Research & Action Center",Andrew Cheyne; SNAP Deputy Director,2022-05-20,Food Research & Action Center,https://frac.org/blog/usda-improves-equitable-snap-access-for-lgbtqia,0.0,5f81f7a6454265b56f58.txt,9843091f40f7c48488960c50dc96123fbddbe87ae0625f2ffd97eb74a11ee917
5f88327efe2ef096a6c5,https://pmc.ncbi.nlm.nih.gov/articles/PMC9599998,2026-10-04T02:40:13.406619+00:00,nih.gov,True,downloaded,200.0,https://pmc.ncbi.nlm.nih.gov/articles/PMC9599998,21367.0,success,131,18,html,text/html; charset=utf-8,Checking your browser,,2026-09-11,google.com,https://www.google.com/recaptcha/challengepage,0.0,5f88327efe2ef096a6c5.txt,a29166d0eaaa418bd5af61a282f1183a46c84c4d5e4c90689b1b452d230d05cc
5ffc4f200aa40b7f92fd,https://pmc.ncbi.nlm.nih.gov/articles/PMC4838486,2026-10-04T02:40:13.916375+00:00,nih.gov,True,downloaded,200.0,https://pmc.ncbi.nlm.nih.gov/articles/PMC4838486,21366.0,success,131,18,html,text/html; charset=utf-8,Checking your browser,,2026-09-11,google.com,https://www.google.com/recaptcha/challengepage,0.0,5ffc4f200aa40b7f92fd.txt,a29166d0eaaa418bd5af61a282f1183a46c84c4d5e4c90689b1b452d230d05cc
600be7b1bf695ee8f57b,https://womenshousingforum.org/our-research-2,2026-10-04T02:40:14.007103+00:00,womenshousingforum.org,True,downloaded,200.0,https://www.womenshousingforum.org/our-research-2,88319.0,success,3826,627,html,text/html;charset=utf-8,Our research — The Women's Housing Forum,,2020-01-01,The Women's Housing Forum,https://www.womenshousingforum.org/our-research-2,0.0,600be7b1bf695ee8f57b.txt,ea647cfa6d243b069d1cb3e7947ada0e7e32261c25ab5b013ab876b938790633
6024c7e5789153d3d772,https://youtube.com/watch?t=38s&v=o7soCyte1RE,2026-10-04T02:40:14.056662+00:00,youtube.com,True,downloaded,200.0,https://www.youtube.com/watch?t=38s&v=o7soCyte1RE,1301375.0,success,146,23,html,text/html; charset=utf-8,Racism In Schools: How Can You Fight It?,,2021-05-12,YouTube,https://www.youtube.com/watch?v=o7soCyte1RE,0.0,6024c7e5789153d3d772.txt,8dbba17988e385133ba8f51d76cde1fc2c859262b666cb848e9cfe2478fd5e71
60684da0c14815da0ff4,https://moonlawgroup.com/faqs/men-as-victims-of-sexual-harassment,2026-10-04T02:40:15.010418+00:00,moonlawgroup.com,True,downloaded,200.0,https://www.moonlawgroup.com/faqs/men-as-victims-of-sexual-harassment/,131446.0,success,1840,299,html,text/html; charset=UTF-8,Men as Victims of Sexual Harassment | Moon Law Group,,2026-01-22,"Moon Law Group, PC",https://www.moonlawgroup.com/faqs/men-as-victims-of-sexual-harassment/,0.0,60684da0c14815da0ff4.txt,b71eedfbdb2904e15717e0f37fcf48a7c80f53cddbe9b4d8406ce10cbfcb8cf4
60dea970b08456876f8f,https://williamsinstitute.law.ucla.edu/publications/trans-students-higher-education,2026-10-04T02:40:15.931845+00:00,ucla.edu,True,downloaded,200.0,https://williamsinstitute.law.ucla.edu/publications/trans-students-higher-education/,120440.0,success,11595,1712,html,text/html; charset=UTF-8,Transgender Students in Higher Education,Loyal; Thisisloyal Com,2023-08-08,The Williams Institute at UCLA School of Law,https://williamsinstitute.law.ucla.edu/publications/trans-students-higher-education/,0.0,60dea970b08456876f8f.txt,792853e58f9567cf21cd62520a57850205f14a6d427479637196a020809906c6
60e61a751662f9dc4660,https://hrc.org/resources/get-the-facts-on-transgender-healthcare,2026-10-04T02:40:16.675888+00:00,hrc.org,True,downloaded,200.0,https://www.hrc.org/resources/get-the-facts-on-transgender-healthcare,186721.0,success,20354,2089,html,text/html; charset=UTF-8,Get the Facts on Transgender Healthcare,,2022-05-31,Get the Facts on Transgender Healthcare,https://www.hrc.org/resources/get-the-facts-on-transgender-healthcare,0.0,60e61a751662f9dc4660.txt,22743857db5aa998225a6f49183a6826e4c1285c958079a8c29cc5c94d3bac63
6106593be06f62631e8f,https://pmc.ncbi.nlm.nih.gov/articles/PMC5172593,2026-10-04T02:40:17.122983+00:00,nih.gov,True,downloaded,200.0,https://pmc.ncbi.nlm.nih.gov/articles/PMC5172593/,237549.0,success,45624,6707,html,text/html; charset=utf-8,Perceived Discrimination and Privilege in Health Care: The Role of Socioeconomic Status and Race,Irena Stepanikova; Gabriela Oates,2013-11-30,American journal of preventive medicine,https://pmc.ncbi.nlm.nih.gov/articles/PMC5172593/,0.0,6106593be06f62631e8f.txt,4e2277f27c76fd4aed7314f54b3a42d603eddf8cb0bfa64af51467b640de0b34
619eb5929638344771fd,https://urban.org/urban-wire/three-ways-improving-housing-stability-can-make-long-term-progress-toward-racial-equity,2026-10-04T02:40:19.818291+00:00,urban.org,False,http_error,403.0,https://www.urban.org/urban-wire/three-ways-improving-housing-stability-can-make-long-term-progress-toward-racial-equity,6017.0,not_extracted,0,0,,text/html; charset=UTF-8,,,,,,0.0,,
61a00ea3ef7131fb5d82,https://police1.com/use-of-force/articles/perceptions-about-police-use-of-deadly-force-and-race-a-psychologists-view-Rt1lE9KHFoGOnyid,2026-10-04T02:40:20.140260+00:00,police1.com,True,downloaded,200.0,https://www.police1.com/use-of-force/articles/perceptions-about-police-use-of-deadly-force-and-race-a-psychologists-view-Rt1lE9KHFoGOnyid/,189242.0,success,8659,1364,html,text/html;charset=UTF-8,Perceptions about police use of deadly force and race: A psychologist's view,Dr Laurence Miller,2019-01-18,Police1,https://www.police1.com/use-of-force/articles/perceptions-about-police-use-of-deadly-force-and-race-a-psychologists-view-Rt1lE9KHFoGOnyid/,0.0,61a00ea3ef7131fb5d82.txt,ce575e3bf1c8fec2a1e3d197e9d89a544c54837466df8ffa0c86a6d5c0dbb692
61a0f752525744857ded,https://pfs2.acl.gov/strapib/assets/ICDR_Housing_9_8_20_508_fcb47d305d.pdf,2026-10-04T02:40:21.059387+00:00,acl.gov,True,downloaded,200.0,https://pfs2.acl.gov/strapib/assets/ICDR_Housing_9_8_20_508_fcb47d305d.pdf,911698.0,success,70882,10397,pdf,application/pdf,,,,,,0.0,61a0f752525744857ded.txt,cd4ecc8a3f8d7e1036ccfe12153aaa35f4fd2c51cdea769cc50eafb8bf020ca8
61c0a6ac5798ee53953b,https://news.stanford.edu/stories/2026/06/ai-hiring-tools-racial-bias-research,2026-10-04T02:40:21.109708+00:00,stanford.edu,False,http_error,403.0,https://news.stanford.edu/stories/2026/06/ai-hiring-tools-racial-bias-research,5777.0,not_extracted,0,0,,text/html; charset=UTF-8,,,,,,0.0,,
61d2ef42b15db2f7cfa5,https://americanprogress.org/article/systematic-inequality-economic-opportunity,2026-10-04T02:40:21.510958+00:00,americanprogress.org,False,http_error,403.0,https://www.americanprogress.org/article/systematic-inequality-economic-opportunity,5800.0,not_extracted,0,0,,text/html; charset=UTF-8,,,,,,0.0,,
61daf2ef11580300af22,https://pubmed.ncbi.nlm.nih.gov/41315115,2026-10-04T02:40:22.599052+00:00,nih.gov,True,downloaded,203.0,https://pubmed.ncbi.nlm.nih.gov/41315115/,5590.0,success,100,14,html,text/html; charset=utf-8,Cookies must be enabled,,,pubmed.ncbi.nlm.nih.gov,https://pubmed.ncbi.nlm.nih.gov/41315115/,0.0,61daf2ef11580300af22.txt,f193d0de906419650acf171625dbd67f88f297290893b5473e1d8365c03d4b59
62575baae600f7c3b2cd,https://pmc.ncbi.nlm.nih.gov/articles/PMC12129408,2026-10-04T02:40:22.812002+00:00,nih.gov,True,downloaded,200.0,https://pmc.ncbi.nlm.nih.gov/articles/PMC12129408,21371.0,success,131,18,html,text/html; charset=utf-8,Checking your browser,,2026-09-11,google.com,https://www.google.com/recaptcha/challengepage,0.0,62575baae600f7c3b2cd.txt,a29166d0eaaa418bd5af61a282f1183a46c84c4d5e4c90689b1b452d230d05cc
626208603240ffd9caa3,https://psqh.com/analysis/patient-engagement-in-patient-safety-barriers-and-facilitators,2026-10-04T02:40:22.961236+00:00,psqh.com,True,downloaded,200.0,http://www.psqh.com/analysis/patient-engagement-in-patient-safety-barriers-and-facilitators/,81315.0,success,23241,3456,html,text/html; charset=UTF-8,Patient Engagement in Patient Safety: Barriers and Facilitators - Patient Safety & Quality Healthcare,Patton McGinley,2016-07-14,Patient Safety & Quality Healthcare,https://www.psqh.com/analysis/patient-engagement-in-patient-safety-barriers-and-facilitators/,0.0,626208603240ffd9caa3.txt,0583e52b4af71ebd6a52081f109749b7221a66901f688d31fe6de7ca1a93f663
626a9e1e982742fb64b4,https://ed.gov/media/document/report-factors-related-college-enrollment-1998-54909.pdf,2026-10-04T02:40:24.607068+00:00,ed.gov,False,http_error,403.0,https://www.ed.gov/media/document/report-factors-related-college-enrollment-1998-54909.pdf,11677.0,not_extracted,0,0,,text/html,,,,,,0.0,,
62a0217f68f1ad23be8d,https://ohchr.org/en/special-procedures/sr-housing/women-and-right-adequate-housing,2026-10-04T02:40:26.026483+00:00,ohchr.org,True,downloaded,200.0,https://www.ohchr.org:443/en/ohchr_homepage,137487.0,success,3640,545,html,text/html; charset=UTF-8,UN Human Rights Office,,2023-11-29,OHCHR,https://www.ohchr.org/en/ohchr_homepage,0.0,62a0217f68f1ad23be8d.txt,ff5485c877c0aed6b4ee2bf6fc95f8066055efa5d8847fe15b05a04dfe6dda10
62a170a9a412999cb856,https://williamsinstitute.law.ucla.edu/publications/law-enforcement-lgbtq-people,2026-10-04T02:40:26.504936+00:00,ucla.edu,True,downloaded,200.0,https://williamsinstitute.law.ucla.edu/publications/law-enforcement-lgbtq-people/,122627.0,success,14882,2284,html,text/html; charset=UTF-8,Law Enforcement and LGBTQ People,Loyal; Thisisloyal Com,2026-07-16,The Williams Institute at UCLA School of Law,https://williamsinstitute.law.ucla.edu/publications/law-enforcement-lgbtq-people/,0.0,62a170a9a412999cb856.txt,9f7d13d58846ce45bb8746322ac814fddc73d0549878c5e39b8786779585247a
62b874c4f5fba875afb5,https://pmc.ncbi.nlm.nih.gov/articles/PMC11658587,2026-10-04T02:40:27.672750+00:00,nih.gov,True,downloaded,200.0,https://pmc.ncbi.nlm.nih.gov/articles/PMC11658587/,355444.0,success,104406,14830,html,text/html; charset=utf-8,Factors affecting women’s access to primary care in the United States since the Affordable Care Act: A mixed-methods systematic review,Allison Gilchrist; Gunasekara Vidana Mestrige Chamath Fernando; Paula Holland; Faraz Ahmed,2024-12-19,PLOS ONE,https://pmc.ncbi.nlm.nih.gov/articles/PMC11658587/,0.0,62b874c4f5fba875afb5.txt,5516cc120379b7b4f245fe46f33ef598c64c07725658bca538acd4b55f5a4c36
639774777d21f3829dbe,https://nationalfairhousing.org/issue/access-to-credit,2026-10-04T02:40:27.700470+00:00,nationalfairhousing.org,True,downloaded,200.0,https://nationalfairhousing.org/issue/access-to-credit/,125542.0,success,6164,918,html,text/html; charset=UTF-8,Access to Credit - NFHA,,2023-01-30,NFHA,https://nationalfairhousing.org/issue/access-to-credit/,0.0,639774777d21f3829dbe.txt,4260a6f26009d851beb7b44c0a69d0735693d524ecb59e2ce9dcab49a251526d
639a602a4ac52159e10b,https://cdc.gov/mmwr/volumes/73/su/su7304a6.htm,2026-10-04T02:40:29.266019+00:00,cdc.gov,False,http_error,403.0,https://cdc.gov/mmwr/volumes/73/su/su7304a6.htm,408.0,not_extracted,0,0,,text/html,,,,,,0.0,,
639bfb488b37b79b0dc4,https://housingsolutionstulsa.org/spotlight-on-lgbtq-homelessness-and-housing-insecurity,2026-10-04T02:40:29.359553+00:00,housingsolutionstulsa.org,True,downloaded,200.0,https://www.housingsolutionstulsa.org/spotlight-on-lgbtq-homelessness-and-housing-insecurity/,70381.0,success,2646,363,html,text/html; charset=UTF-8,Spotlight on LGBTQ+ Homelessness and Housing Insecurity | Housing Solutions Tulsa,Erin Velez,2023-07-20,Housing Solutions Tulsa,https://www.housingsolutionstulsa.org/spotlight-on-lgbtq-homelessness-and-housing-insecurity/,0.0,639bfb488b37b79b0dc4.txt,37f0d429685b8e53b4248b9f897e386132c010a07a188269926bed7ac9255b9c
63abafddfee6fd51fbb9,https://pmc.ncbi.nlm.nih.gov/articles/PMC5367473,2026-10-04T02:40:30.108007+00:00,nih.gov,True,downloaded,200.0,https://pmc.ncbi.nlm.nih.gov/articles/PMC5367473,21366.0,success,131,18,html,text/html; charset=utf-8,Checking your browser,,2026-09-11,google.com,https://www.google.com/recaptcha/challengepage,0.0,63abafddfee6fd51fbb9.txt,a29166d0eaaa418bd5af61a282f1183a46c84c4d5e4c90689b1b452d230d05cc
63b4276651a284a5ea30,https://journals.sagepub.com/doi/10.1177/15365042251386835,2026-10-04T02:40:31.620754+00:00,sagepub.com,False,http_error,403.0,https://journals.sagepub.com/doi/10.1177/15365042251386835,5762.0,not_extracted,0,0,,text/html; charset=UTF-8,,,,,,0.0,,
63d1581ab9855821d685,https://odphp.health.gov/healthypeople/objectives-and-data/browse-objectives/preventive-care,2026-10-04T02:40:31.988508+00:00,health.gov,True,downloaded,200.0,https://odphp.health.gov/healthypeople/objectives-and-data/browse-objectives/preventive-care,66287.0,success,2315,323,html,text/html; charset=UTF-8,Preventive Care,,2018-11-01,odphp.health.gov,https://odphp.health.gov/healthypeople/objectives-and-data/browse-objectives/preventive-care,0.0,63d1581ab9855821d685.txt,bbf9c36475586b0c22c0f4c8f95d94d57d3028bfdd388d39ac7f32227b137a09
642c76c5bcdc2136ae97,https://stopbullying.gov/resources/facts,2026-10-04T02:40:32.478234+00:00,stopbullying.gov,False,http_error,403.0,https://www.stopbullying.gov/resources/facts,393.0,not_extracted,0,0,,text/html,,,,,,0.0,,
64350627d94314c4a11c,https://pmc.ncbi.nlm.nih.gov/articles/PMC5441521,2026-10-04T02:40:33.037879+00:00,nih.gov,True,downloaded,200.0,https://pmc.ncbi.nlm.nih.gov/articles/PMC5441521,21365.0,success,131,18,html,text/html; charset=utf-8,Checking your browser,,2026-09-11,google.com,https://www.google.com/recaptcha/challengepage,0.0,64350627d94314c4a11c.txt,a29166d0eaaa418bd5af61a282f1183a46c84c4d5e4c90689b1b452d230d05cc
6437a95a2f655a6ea80a,https://luminafoundation.org/resource/race-and-ethnicity-in-higher-education,2026-10-04T02:40:33.348302+00:00,luminafoundation.org,True,downloaded,200.0,https://www.luminafoundation.org/resource/race-and-ethnicity-in-higher-education/,120117.0,success,2245,360,html,text/html; charset=UTF-8,"Race and Ethnicity in Higher Education, A Status Report",Author Lorelle L Espinosa; Jonathan M Turk; Morgan Taylor; Hollie M Chessman,2022-05-04,American Council on Education,https://www.luminafoundation.org/resource/race-and-ethnicity-in-higher-education/,0.0,6437a95a2f655a6ea80a.txt,7041594ad90ede0813d8bcd6622d5a746b97b3e348ff496a081b47199fbbf9c2
643849fe8ccb8aa39490,https://nij.ojp.gov/library/publications/understanding-use-force-and-against-police-research-brief,2026-10-04T02:40:34.674138+00:00,ojp.gov,True,downloaded,200.0,https://nij.ojp.gov/library/publications/understanding-use-force-and-against-police-research-brief,61037.0,success,1579,239,html,text/html; charset=UTF-8,"Understanding the Use of Force by and Against the Police, Research in Brief",Author J Garner; J Buchanan; T Schade; J Hepburn,1996-11-01,National Institute of Justice,https://nij.ojp.gov/library/publications/understanding-use-force-and-against-police-research-brief,0.0,643849fe8ccb8aa39490.txt,3e921d5bbc8b242f39022436c773dfba625514368f190adb5af5144b35ff5cb2
650d2f0a47e875e45fcd,https://nytimes.com/2021/07/29/business/economy/hiring-racial-discrimination.html,2026-10-04T02:40:35.569539+00:00,nytimes.com,False,http_error,403.0,https://www.nytimes.com/2021/07/29/business/economy/hiring-racial-discrimination.html,771.0,not_extracted,0,0,,text/html;charset=utf-8,,,,,,0.0,,
6550f72882e81d532038,https://pmc.ncbi.nlm.nih.gov/articles/PMC10530172,2026-10-04T02:40:35.974811+00:00,nih.gov,True,downloaded,200.0,https://pmc.ncbi.nlm.nih.gov/articles/PMC10530172/,228960.0,success,64680,9348,html,text/html; charset=utf-8,County- and state-level immigration policies are associated with Supplemental Nutrition Assistance Program (SNAP) participation among Latino households,M Pia Chaparro; Amy H Auchincloss; Sofia Argibay; Dominic Ruggiero; Jonathan Purtle; Brent A Langellier,2023-08-06,Social science & medicine (1982),https://pmc.ncbi.nlm.nih.gov/articles/PMC10530172/,0.0,6550f72882e81d532038.txt,636f82d8efc61f09711e6f845a082011eea0978f96a00e71d7193f1dea1ddf82
657153b90b24515d6079,https://pmc.ncbi.nlm.nih.gov/articles/PMC8903243,2026-10-04T02:40:36.291543+00:00,nih.gov,True,downloaded,200.0,https://pmc.ncbi.nlm.nih.gov/articles/PMC8903243,21367.0,success,131,18,html,text/html; charset=utf-8,Checking your browser,,2026-09-11,google.com,https://www.google.com/recaptcha/challengepage,0.0,657153b90b24515d6079.txt,a29166d0eaaa418bd5af61a282f1183a46c84c4d5e4c90689b1b452d230d05cc
6571fad7ffffd86e4b3f,https://study.com/learn/lesson/video/use-of-force-continuum.html,2026-10-04T02:40:36.696929+00:00,study.com,True,downloaded,200.0,https://study.com/learn/lesson/video/use-of-force-continuum.html,150938.0,success,1246,188,html,text/html;charset=UTF-8,"Use of Force Continuum | Definition, Model & Examples - Video | Study.com",,2014-12-10,study.com,https://study.com/learn/lesson/video/use-of-force-continuum.html,0.0,6571fad7ffffd86e4b3f.txt,cd22bfea0c09b8ad3110df944d79bb3a7b98258223d06bfc76fa2cf41679d919
6589515a80becf6c5e05,https://cbpp.org/research/food-assistance/streamlining-and-modernizing-wic-enrollment,2026-10-04T02:40:37.131100+00:00,cbpp.org,False,http_error,403.0,https://cbpp.org/research/food-assistance/streamlining-and-modernizing-wic-enrollment,6158.0,not_extracted,0,0,,text/html; charset=UTF-8,,,,,,0.0,,
659985389d63b0310389,https://pmc.ncbi.nlm.nih.gov/articles/PMC10021551,2026-10-04T02:40:38.631437+00:00,nih.gov,True,downloaded,200.0,https://pmc.ncbi.nlm.nih.gov/articles/PMC10021551/,230782.0,success,68716,9739,html,text/html; charset=utf-8,The status and the factors that influence patient safety in health care institutions in Africa: A systematic review,Kennedy Diema Konlan; Jinhee Shin,2022-12-13,PLOS Global Public Health,https://pmc.ncbi.nlm.nih.gov/articles/PMC10021551/,0.0,659985389d63b0310389.txt,7b13c7b9465a39806a931203bf2a891d2303cec0a77f22d35cf8a3631eb444c9
65cacb267d2be48c46df,https://disabilitysecrets.com/resources/gender-dysphoria-and-disability.html,2026-10-04T02:40:39.011555+00:00,disabilitysecrets.com,True,downloaded,200.0,https://www.disabilitysecrets.com/resources/gender-dysphoria-and-disability.html,461008.0,success,12356,1931,html,text/html; charset=utf-8,Getting Disability Benefits and Accommodations for Gender Dysphoria,Diana Chaikin; Attorney,2026-08-05,www.disabilitysecrets.com,https://www.disabilitysecrets.com/resources/gender-dysphoria-and-disability.html,0.0,65cacb267d2be48c46df.txt,2b33acec4aef302d47ebf0d851b0c08e87f53f47e6d10a621a439555a62868eb
65d843501c0905055ab9,https://feed.georgetown.edu/access-affordability/why-are-fewer-white-students-attending-college,2026-10-04T02:40:39.434913+00:00,georgetown.edu,True,downloaded,200.0,https://feed.georgetown.edu/access-affordability/why-are-fewer-white-students-attending-college/,166439.0,success,7623,1178,html,text/html; charset=UTF-8,Why are fewer white students attending college? - THE FEED,Kpc8,2024-10-18,THE FEED,https://feed.georgetown.edu/access-affordability/why-are-fewer-white-students-attending-college/,0.0,65d843501c0905055ab9.txt,4540acfa050b1c91da593960949ae26af13d256bdea7664c6c7fe9bad8dbb2c2
65e0b44f593efeec3e29,https://williamsinstitute.law.ucla.edu/publications/fehb-changes-trans-workers,2026-10-04T02:40:39.738172+00:00,ucla.edu,True,downloaded,200.0,https://williamsinstitute.law.ucla.edu/publications/fehb-changes-trans-workers/,141051.0,success,5771,892,html,text/html; charset=UTF-8,The Impact of Changes to the Federal Employee Health Benefits Program on Transgender People,Loyal; Thisisloyal Com,2026-07-31,The Williams Institute at UCLA School of Law,https://williamsinstitute.law.ucla.edu/publications/fehb-changes-trans-workers/,0.0,65e0b44f593efeec3e29.txt,511954bb12c3e7f95ca91d2e919ba34cc9018d1919e646a8bfe7b12353508f46
6605b075d11360f433e4,https://tandfonline.com/doi/full/10.1080/08974454.2023.2271464,2026-10-04T02:40:40.453912+00:00,tandfonline.com,False,http_error,403.0,https://tandfonline.com/doi/full/10.1080/08974454.2023.2271464,5805.0,not_extracted,0,0,,text/html; charset=UTF-8,,,,,,0.0,,
666fabf27e8d7920eeb2,https://files.kff.org/attachment/womens-health-insurance-coverage-fact-sheet,2026-10-04T02:40:40.538058+00:00,kff.org,True,downloaded,200.0,https://files.kff.org/attachment/womens-health-insurance-coverage-fact-sheet,183110.0,success,12613,1921,pdf,application/pdf,,,,,,0.0,666fabf27e8d7920eeb2.txt,42b303969c5abd26357ccded536198eb7da500cb7ca344d889b0b7aa81025e69
66773a488de7fbecd2fd,https://unfe.org/en/know-the-facts/challenges-solutions/lgbtiq-youth-bullying-and-violence-at-school,2026-10-04T02:40:40.699163+00:00,unfe.org,True,downloaded,200.0,https://www.unfe.org/en/know-the-facts/challenges-solutions/lgbtiq-youth-bullying-and-violence-at-school,1156.0,success,15,4,html,text/html; charset=UTF-8,UN Free & Equal,,,unfe.org,https://www.unfe.org/en/know-the-facts/challenges-solutions/lgbtiq-youth-bullying-and-violence-at-school,0.0,66773a488de7fbecd2fd.txt,7a50eb36da5cd684abf1ba6178406cbe1a4c69073609cce54df3352a0662af9e
669391f18662c52dc0ff,https://urban.org/urban-wire/young-adults-credit-trajectories-vary-widely-race-and-ethnicity,2026-10-04T02:40:40.802083+00:00,urban.org,False,http_error,403.0,https://www.urban.org/urban-wire/young-adults-credit-trajectories-vary-widely-race-and-ethnicity,5924.0,not_extracted,0,0,,text/html; charset=UTF-8,,,,,,0.0,,
669aa247b6763f3607f7,https://luminafoundation.org/resource/hispanic-students-feeling-more-discrimination-at-school,2026-10-04T02:40:41.023937+00:00,luminafoundation.org,True,downloaded,200.0,https://www.luminafoundation.org/resource/hispanic-students-feeling-more-discrimination-at-school/,118618.0,success,907,132,html,text/html; charset=UTF-8,Hispanic Students Feeling More Discrimination at School,Author Julie Ray,2023-09-27,Lumina Foundation,https://news.gallup.com/opinion/gallup/510323/hispanic-students-feeling-discrimination-school.aspx,0.0,669aa247b6763f3607f7.txt,a27dd70b82dc9046f347bca8d65207b8da328d8bdd0b1c0889911c960dff50ed
66a64a7ebcadd2568298,https://urban.org/sites/default/files/2023-01/Strategies%20for%20Improving%20Public%20Benefits%20Access%20and%20Retention.pdf,2026-10-04T02:40:42.062004+00:00,urban.org,False,http_error,403.0,https://www.urban.org/sites/default/files/2023-01/Strategies%20for%20Improving%20Public%20Benefits%20Access%20and%20Retention.pdf,6066.0,not_extracted,0,0,,text/html; charset=UTF-8,,,,,,0.0,,
66c3ca44c4087d837af2,https://sciencedirect.com/science/article/abs/pii/S0743016725003298,2026-10-04T02:40:44.053168+00:00,sciencedirect.com,False,http_error,403.0,https://www.sciencedirect.com/science/article/abs/pii/S0743016725003298,1207905.0,not_extracted,0,0,,text/html; charset=UTF-8,,,,,,0.0,,
66d8d602bb426a2da49e,https://youtube.com/watch?t=149s&v=sRMQF0M43L4,2026-10-04T02:40:45.075830+00:00,youtube.com,True,downloaded,200.0,https://www.youtube.com/watch?t=149s&v=sRMQF0M43L4,1278479.0,success,146,23,html,text/html; charset=utf-8,Workplace Harassment: What Every Employee Must Know,,2026-02-09,YouTube,https://www.youtube.com/watch?v=sRMQF0M43L4,0.0,66d8d602bb426a2da49e.txt,8dbba17988e385133ba8f51d76cde1fc2c859262b666cb848e9cfe2478fd5e71
677bd0cf0a148a1a1bec,https://saraharberson.com/blog/hidden-factors-that-influence-who-gets-in,2026-10-04T02:40:45.436451+00:00,saraharberson.com,True,downloaded,200.0,https://www.saraharberson.com/blog/hidden-factors-that-influence-who-gets-in,68531.0,success,6128,958,html,text/html; charset=UTF-8,The Hidden Factors That Influence Who Gets In,Sara Harberson,2024-02-29,Sara Harberson,https://www.saraharberson.com/blog/hidden-factors-that-influence-who-gets-in,0.0,677bd0cf0a148a1a1bec.txt,081a2832d3bad24605deb0a1580d43bf9623e22ecad2c11db46d04ba22c92779
67b5248e81474aa78459,https://abc10.com/article/money/nerdwallet/how-latino-credit-unions-clear-banking-barriers/606-3e5fa94f-12aa-4ee5-8395-59a1d175544d,2026-10-04T02:40:46.161242+00:00,abc10.com,False,http_error,403.0,https://www.abc10.com/article/money/nerdwallet/how-latino-credit-unions-clear-banking-barriers/606-3e5fa94f-12aa-4ee5-8395-59a1d175544d,540.0,not_extracted,0,0,,text/html,,,,,,0.0,,
67bff338437c253dc4f8,https://colegiomirasur.com/en/blog/how-to-prevent-bullying-at-school,2026-10-04T02:40:47.167487+00:00,colegiomirasur.com,True,downloaded,200.0,https://colegiomirasur.com/en/blog/how-to-prevent-bullying-at-school/,176895.0,success,6073,908,html,text/html; charset=UTF-8,"Bullying: causes, types and how to prevent it",,2025-11-13,Mirasur School,https://colegiomirasur.com/en/blog/how-to-prevent-bullying-at-school/,0.0,67bff338437c253dc4f8.txt,ae7ea12869543381004610e2a529f56bac02ababb4e813e9dff93f0701ad65fd
67c1d192c581586c36eb,https://bullyingnoway.gov.au/understand/risk-factors,2026-10-04T02:40:47.445843+00:00,bullyingnoway.gov.au,True,downloaded,200.0,https://www.bullyingnoway.gov.au/understand/risk-factors,75327.0,success,15673,2008,html,text/html; charset=utf-8,Risk factors,,2026-01-01,bullyingnoway.gov.au,https://www.bullyingnoway.gov.au/understand/risk-factors/,0.0,67c1d192c581586c36eb.txt,a7b8ef4a3b4ec868f71eb12b277d848983dee12a3d2adc6414b032b0052ea92e
67d236b3f9a1db1994a0,https://cbalaw.org/newsroom/gender-check-the-box-options-are-expanded-on-federal-forms,2026-10-04T02:40:47.857822+00:00,cbalaw.org,True,downloaded,200.0,https://www.cbalaw.org/newsroom/gender-check-the-box-options-are-expanded-on-federal-forms/,54149.0,success,2398,356,html,text/html; charset=UTF-8,Gender Check-the-Box Options Are Expanded on Federal Forms | CBA Law,,2025-02-20,The Columbus Bar Association,https://www.cbalaw.org/newsroom/gender-check-the-box-options-are-expanded-on-federal-forms/,0.0,67d236b3f9a1db1994a0.txt,13c73a6a7c5cc4328bac5edc000640bed13a83527f11dd7c142a3874a28bed70
6855e06eda74cf03bbd3,https://blucurrent.org/blog/factors-to-consider-before-applying-for-a-loan,2026-10-04T02:40:48.527121+00:00,blucurrent.org,False,curl_error,0.0,https://blucurrent.org/blog/factors-to-consider-before-applying-for-a-loan,,not_extracted,0,0,,,,,,,,60.0,,
688b4b722da795c2b894,https://pbs.org/newshour/politics/gender-dysphoria-covered-by-americans-with-disabilities-act-federal-court-rules,2026-10-04T02:40:50.264031+00:00,pbs.org,True,downloaded,200.0,https://www.pbs.org/newshour/politics/gender-dysphoria-covered-by-americans-with-disabilities-act-federal-court-rules,261765.0,success,5449,843,html,text/html; charset=UTF-8,"Gender dysphoria covered by Americans with Disabilities Act, federal court rules",,2022-08-24,PBS News,https://www.pbs.org/newshour/politics/gender-dysphoria-covered-by-americans-with-disabilities-act-federal-court-rules,0.0,688b4b722da795c2b894.txt,d2e6261d266f81ab6ebd8122b33fb1b24666dbd8c45bcff0e8dcddf82f0b3b1a
688f1532e5b974614683,https://newsnetwork.mayoclinic.org/discussion/health-disparities-in-preventive-screenings-for-african-americans,2026-10-04T02:40:51.977083+00:00,mayoclinic.org,False,http_error,403.0,https://newsnetwork.mayoclinic.org/discussion/health-disparities-in-preventive-screenings-for-african-americans,488.0,not_extracted,0,0,,text/html,,,,,,0.0,,
68a2d27da7bb1bedd025,https://pt.nclrights.org/our-work/racial-economic-justice/criminalization-incarceration,2026-10-04T02:40:54.033404+00:00,nclrights.org,True,downloaded,200.0,https://pt.nclrights.org/our-work/racial-economic-justice/criminalization-incarceration/,167110.0,success,2994,439,html,text/html; charset=utf-8,Criminalização e encarceramento,,2020-03-27,National Center for LGBTQ Rights,https://pt.nclrights.org/our-work/racial-economic-justice/criminalization-incarceration/,0.0,68a2d27da7bb1bedd025.txt,230da9cc371fb93eb06057f0c069f91265aac6b3ae5bd8611aa6efd2c1cc5581
68d2bf1aa71ddc5cfea3,https://endhomelessness.org/blog/recognizing-women-experiencing-homelessness-a-womens-history-month-spotlight-on-downtown-womens-center,2026-10-04T02:40:55.190652+00:00,endhomelessness.org,True,downloaded,200.0,https://endhomelessness.org/blog/recognizing-women-experiencing-homelessness-a-womens-history-month-spotlight-on-downtown-womens-center,350935.0,success,8297,1247,html,text/html; charset=UTF-8,Recognizing Women Experiencing Homelessness: A Women’s History Month Spotlight on Downtown Women’s Center,Amy Turk,2025-04-08,National Alliance to End Homelessness,https://endhomelessness.org/blog/recognizing-women-experiencing-homelessness-a-womens-history-month-spotlight-on-downtown-womens-center/,0.0,68d2bf1aa71ddc5cfea3.txt,915255ad1ba00c4c170214f7e529752527f17cf98bd5d9697d4956962168937c
68e5703b0099bb1bc3f2,https://scholarworks.brandeis.edu/esploro/outputs/journalArticle/Predictors-of-Housing-Instability-in-Women/9924207486301921?institution=01BRAND_INST&recordUsage=false&skipUsageReporting=true,2026-10-04T02:40:56.695006+00:00,brandeis.edu,True,downloaded,200.0,https://scholarworks.brandeis.edu/esploro/outputs/journalArticle/Predictors-of-Housing-Instability-in-Women/9924207486301921?institution=01BRAND_INST&recordUsage=false&skipUsageReporting=true,2328.0,success,49,7,html,text/html,Research Portal,,,scholarworks.brandeis.edu,https://scholarworks.brandeis.edu/esploro/outputs/journalArticle/Predictors-of-Housing-Instability-in-Women/9924207486301921?institution=01BRAND_INST&recordUsage=false&skipUsageReporting=true,0.0,68e5703b0099bb1bc3f2.txt,ab9ca5511b6b961a06ea1324ec31ae3b87fcfebf70c33f1206301bd27ea9936f
69057c578a82e643e33e,https://mdpi.com/2076-328X/16/4/479,2026-10-04T02:40:58.235558+00:00,mdpi.com,False,http_error,403.0,https://mdpi.com/2076-328X/16/4/479,392.0,not_extracted,0,0,,text/html,,,,,,0.0,,
6941b1f3f5f4fc565c16,https://tgpdenver.org/publications/blog.html/article/2025/08/29/the-overlooked-connection-between-disability-and-homelessness,2026-10-04T02:40:58.349151+00:00,tgpdenver.org,True,downloaded,200.0,https://tgpdenver.org/publications/blog.html/article/2025/08/29/the-overlooked-connection-between-disability-and-homelessness,72232.0,success,3563,536,html,text/html; charset=UTF-8,The Gathering Place Resources and Blog,Jake Wilson,2025-08-29,The Gathering Place,https://tgpdenver.org/publications/blog.html/article/2025/08/29/the-overlooked-connection-between-disability-and-homelessness,0.0,6941b1f3f5f4fc565c16.txt,6c5c6ad61fde45c0ec30b18b667c9f4cff7ef0be0babd0cb6cddeb64f363758b
6942a0dd184d3fcee471,https://equityinhighered.org/resources/ideas-and-insights/segregation-in-higher-education-and-unequal-paths-to-college-completion-implications-for-policy-and-research,2026-10-04T02:40:59.576124+00:00,equityinhighered.org,True,downloaded,200.0,https://www.equityinhighered.org/resources/ideas-and-insights/segregation-in-higher-education-and-unequal-paths-to-college-completion-implications-for-policy-and-research/,129741.0,success,26735,3724,html,text/html; charset=UTF-8,Segregation in Higher Education and Unequal Paths to College Completion: Implications for Policy and Research - Race and Ethnicity in Higher Education,,2023-04-24,Race and Ethnicity in Higher Education,https://www.equityinhighered.org/resources/ideas-and-insights/segregation-in-higher-education-and-unequal-paths-to-college-completion-implications-for-policy-and-research/,0.0,6942a0dd184d3fcee471.txt,00eab010733bf56f67792a7e0ae182707748dc3dd34a5f84882e0f36effff436
695cee562bc36067bbe2,https://vitalcitynyc.org/police-firearm-use-gender-differences,2026-10-04T02:40:59.922032+00:00,vitalcitynyc.org,True,downloaded,200.0,https://www.vitalcitynyc.org/police-firearm-use-gender-differences/,74833.0,success,10428,1562,html,text/html; charset=utf-8,What Gender Reveals About Police Firearm Use,Lisa Barao,2026-09-30,Vital City,https://www.vitalcitynyc.org/police-firearm-use-gender-differences/,0.0,695cee562bc36067bbe2.txt,9bdc707c0776bac2df1cfcfed88f8768478d632a88e2b9a51452a5f92386e689
69931e68a0b89a9dbb3b,https://healtheasy.umn.edu/BBB,2026-10-04T02:41:00.095806+00:00,umn.edu,False,http_error,403.0,https://healtheasy.umn.edu/BBB,5592.0,not_extracted,0,0,,text/html; charset=UTF-8,,,,,,0.0,,
69aa89e265f526daa136,https://pubmed.ncbi.nlm.nih.gov/22081983,2026-10-04T02:41:01.326504+00:00,nih.gov,True,downloaded,203.0,https://pubmed.ncbi.nlm.nih.gov/22081983/,5590.0,success,100,14,html,text/html; charset=utf-8,Cookies must be enabled,,,pubmed.ncbi.nlm.nih.gov,https://pubmed.ncbi.nlm.nih.gov/22081983/,0.0,69aa89e265f526daa136.txt,f193d0de906419650acf171625dbd67f88f297290893b5473e1d8365c03d4b59
69b8d04f81df50ec9165,https://cacp.gatech.edu/sites/default/files/2020-02/Barriers%20to%20Employment.pdf,2026-10-04T02:41:01.716331+00:00,gatech.edu,True,downloaded,200.0,https://cacp.gatech.edu/sites/default/files/2020-02/Barriers%20to%20Employment.pdf,99146.0,success,54439,7122,pdf,application/pdf,,,,,,0.0,69b8d04f81df50ec9165.txt,b003287cd1471c84663876c4622905a335ddb7c267dedee3e657568588cfb159
69d2cb6911a7d386e65c,https://them.us/story/lgbtq-finances-bills-economic-insecurity,2026-10-04T02:41:02.372409+00:00,them.us,True,downloaded,200.0,https://www.them.us/story/lgbtq-finances-bills-economic-insecurity,420394.0,success,6681,1039,html,text/html; charset=utf-8,"Many LGBTQ+ Americans Are Unable to Pay Bills, Keep Savings or Hold Bank Accounts, Survey Shows",Orion Rummler,2023-04-07,Them,https://www.them.us/story/lgbtq-finances-bills-economic-insecurity,0.0,69d2cb6911a7d386e65c.txt,c291daaa06f280e673b14e81c668f314e05413cefe6839f5855b25c8d4977939
69de10aa8e292352d824,https://sentencingproject.org/app/uploads/2022/08/The-Color-of-Justice-Racial-and-Ethnic-Disparity-in-State-Prisons.pdf,2026-10-04T02:41:03.107120+00:00,sentencingproject.org,True,downloaded,200.0,https://www.sentencingproject.org/app/uploads/2022/08/The-Color-of-Justice-Racial-and-Ethnic-Disparity-in-State-Prisons.pdf,5458350.0,success,71880,10882,pdf,application/pdf,,,,,,0.0,69de10aa8e292352d824.txt,bc4720de57355e3bb8a4b818bde6b164da1de9827b9c4e00aa8459adb663ac8a
69defa686d35ec12ae06,https://pmc.ncbi.nlm.nih.gov/articles/PMC5509345,2026-10-04T02:41:03.694899+00:00,nih.gov,True,downloaded,200.0,https://pmc.ncbi.nlm.nih.gov/articles/PMC5509345,21368.0,success,131,18,html,text/html; charset=utf-8,Checking your browser,,2026-09-11,google.com,https://www.google.com/recaptcha/challengepage,0.0,69defa686d35ec12ae06.txt,a29166d0eaaa418bd5af61a282f1183a46c84c4d5e4c90689b1b452d230d05cc
69ee0bc4fb4bbf853358,https://bhr-navigator.unglobalcompact.org/issues/discrimination,2026-10-04T02:41:03.853056+00:00,unglobalcompact.org,True,downloaded,200.0,https://bhr-navigator.unglobalcompact.org/issues/discrimination/,232008.0,success,68569,10011,html,text/html; charset=UTF-8,Discrimination in the Workplace & Supply Chains | BHR Navigator,,2026-07-08,Business & Human Rights Navigator,https://bhr-navigator.unglobalcompact.org/issues/discrimination/,0.0,69ee0bc4fb4bbf853358.txt,01b9805055b3aea65cb7bb4e2412ff2f8974993c4a8301250d6f8a55ebe6f65a
6aaf24f513c87f078bb3,https://iyi.org/resources/how-does-bullying-affect-females-in-school,2026-10-04T02:41:03.911838+00:00,iyi.org,True,downloaded,200.0,https://iyi.org/resources/how-does-bullying-affect-females-in-school/,77137.0,success,1651,256,html,text/html; charset=UTF-8,How Does Bullying Affect Females in School? - Indiana Youth Institute,Indiana Youth Institute,2024-11-25,Indiana Youth Institute,https://iyi.org/resources/how-does-bullying-affect-females-in-school/,0.0,6aaf24f513c87f078bb3.txt,c085d6bdac53c7d369f64f676b71abddca8a7e99c8c8636dc59f08a77a1402f8
6ab6ee490135359196fe,https://theiacp.org/sites/default/files/2018-08/CPRP_Deconstructing%20the%20Power%20to%20Arrest_FINAL.PDF,2026-10-04T02:41:05.977820+00:00,theiacp.org,True,downloaded,200.0,https://www.theiacp.org/sites/default/files/2018-08/CPRP_Deconstructing%20the%20Power%20to%20Arrest_FINAL.PDF,1264446.0,success,532987,75611,pdf,application/pdf,,,,,,0.0,6ab6ee490135359196fe.txt,008238408f5fca9923a2b9e023b1eeb1a0383e784866f2fff2ee942de54bab00
6abb00083ecdf3ca14c6,https://mdpi.com/2072-6643/15/3/766,2026-10-04T02:41:06.943484+00:00,mdpi.com,False,http_error,403.0,https://mdpi.com/2072-6643/15/3/766,392.0,not_extracted,0,0,,text/html,,,,,,0.0,,
6b2ee9f1b985a343c2fb,https://pmc.ncbi.nlm.nih.gov/articles/PMC7358016,2026-10-04T02:41:07.396078+00:00,nih.gov,True,downloaded,200.0,https://pmc.ncbi.nlm.nih.gov/articles/PMC7358016,21367.0,success,131,18,html,text/html; charset=utf-8,Checking your browser,,2026-09-11,google.com,https://www.google.com/recaptcha/challengepage,0.0,6b2ee9f1b985a343c2fb.txt,a29166d0eaaa418bd5af61a282f1183a46c84c4d5e4c90689b1b452d230d05cc
6b3f39c4ffbdcae00fe6,https://youtube.com/watch?t=92s&v=UZJ4BPaFpdI,2026-10-04T02:41:07.414397+00:00,youtube.com,True,downloaded,200.0,https://www.youtube.com/watch?t=92s&v=UZJ4BPaFpdI,1450558.0,success,146,23,html,text/html; charset=utf-8,5 Factors that Accelerate Career Growth💼🚀 | Reasons Why Some People Progress Faster in Their Careers,,2026-01-11,YouTube,https://www.youtube.com/watch?v=UZJ4BPaFpdI,0.0,6b3f39c4ffbdcae00fe6.txt,8dbba17988e385133ba8f51d76cde1fc2c859262b666cb848e9cfe2478fd5e71
6b55561d1a89cdc02051,https://chcf.org/resource/2022/08/09/identifying-and-understanding-ways-to-address-the-impact-of-racism-on-patient-safety-in-health-care-settings,2026-10-04T02:41:07.622630+00:00,chcf.org,True,downloaded,200.0,https://www.chcf.org/resource/2022/08/09/identifying-and-understanding-ways-to-address-the-impact-of-racism-on-patient-safety-in-health-care-settings/,189817.0,success,2031,308,html,text/html; charset=UTF-8,Identifying and Understanding Ways to Address the Impact of Racism on Patient Safety in Health Care Settings,,2022-08-09,California Health Care Foundation,https://www.chcf.org/resource/2022/08/09/identifying-and-understanding-ways-to-address-the-impact-of-racism-on-patient-safety-in-health-care-settings/,0.0,6b55561d1a89cdc02051.txt,0fdf7f07a6a84a029bb7ef0b02063695da191db98d51f10843de01dab5471004
6b6f1f00596dcb2f0875,https://urban.org/urban-wire/three-trends-lgbtq-homeownership-gaps-underscore-research-and-policy-needs,2026-10-04T02:41:10.010503+00:00,urban.org,False,http_error,403.0,https://www.urban.org/urban-wire/three-trends-lgbtq-homeownership-gaps-underscore-research-and-policy-needs,5957.0,not_extracted,0,0,,text/html; charset=UTF-8,,,,,,0.0,,
6b7bdeace7ff87a1e7b8,https://consumerfinance.gov/consumer-tools/credit-reports-and-scores/credit-discrimination-is-illegal,2026-10-04T02:41:11.363933+00:00,consumerfinance.gov,False,http_error,403.0,https://www.consumerfinance.gov/consumer-tools/credit-reports-and-scores/credit-discrimination-is-illegal,482.0,not_extracted,0,0,,text/html,,,,,,0.0,,
6b990a507fcf3232c4bd,https://experian.com/blogs/ask-experian/lgbtq-financial-inclusion,2026-10-04T02:41:12.711396+00:00,experian.com,True,downloaded,200.0,https://www.experian.com/blogs/ask-experian/lgbtq-financial-inclusion,227649.0,success,11751,1832,html,text/html,Financial Inclusion and the LGBTQ+ Community - Experian,Emily Starbuck Gerson,2023-06-14,Experian,https://www.experian.com/blogs/ask-experian/lgbtq-financial-inclusion/,0.0,6b990a507fcf3232c4bd.txt,84689bfb07da614ddfcf5226c4b336483b5bfc002b9be762a535b7027dc07e3d
6bc54d0b43b2550e1a49,https://scholarworks.seattleu.edu/cgi/viewcontent.cgi?article=1140&context=magis,2026-10-04T02:41:12.860648+00:00,seattleu.edu,False,http_error,403.0,https://scholarworks.seattleu.edu/cgi/viewcontent.cgi?article=1140&context=magis,5797.0,not_extracted,0,0,,text/html; charset=UTF-8,,,,,,0.0,,
6bd5b101ab4c952b731d,https://files.eric.ed.gov/fulltext/EJ1115090.pdf,2026-10-04T02:41:13.114838+00:00,ed.gov,True,downloaded,200.0,https://files.eric.ed.gov/fulltext/EJ1115090.pdf,426418.0,success,56997,7898,pdf,application/pdf,,,,,,0.0,6bd5b101ab4c952b731d.txt,73a27f69497d555ba1ceaa1f39939fb1df471edc1dd5b05faf307e9e4fc9f583
6bd9339ff4ffd72fcca1,https://pmc.ncbi.nlm.nih.gov/articles/PMC10815774,2026-10-04T02:41:13.632655+00:00,nih.gov,True,downloaded,200.0,https://pmc.ncbi.nlm.nih.gov/articles/PMC10815774,21371.0,success,131,18,html,text/html; charset=utf-8,Checking your browser,,2026-09-11,google.com,https://www.google.com/recaptcha/challengepage,0.0,6bd9339ff4ffd72fcca1.txt,a29166d0eaaa418bd5af61a282f1183a46c84c4d5e4c90689b1b452d230d05cc
6c02899330d2ab3e69ea,https://pmc.ncbi.nlm.nih.gov/articles/PMC10885085,2026-10-04T02:41:14.112915+00:00,nih.gov,True,downloaded,200.0,https://pmc.ncbi.nlm.nih.gov/articles/PMC10885085,21368.0,success,131,18,html,text/html; charset=utf-8,Checking your browser,,2026-09-11,google.com,https://www.google.com/recaptcha/challengepage,0.0,6c02899330d2ab3e69ea.txt,a29166d0eaaa418bd5af61a282f1183a46c84c4d5e4c90689b1b452d230d05cc
6c1bd05280acf9d1231d,https://careerhub.students.duke.edu/blog/2025/02/03/how-can-i-advance-my-career-as-a-latino-professional,2026-10-04T02:41:15.171721+00:00,duke.edu,True,downloaded,200.0,https://careerhub.students.duke.edu/blog/2025/02/03/how-can-i-advance-my-career-as-a-latino-professional/,170459.0,success,7703,1109,html,text/html; charset=UTF-8,How Can I Advance My Career as a Latino Professional?,Leigh Ann Waring she; Her,2025-02-03,Career Hub | Duke University,https://careerhub.students.duke.edu/blog/2025/02/03/how-can-i-advance-my-career-as-a-latino-professional/,0.0,6c1bd05280acf9d1231d.txt,539b7c43f6ca53c4473fc662b3905545509d5ef01491892427f27e35dd9f2653
6c4b93694bc098c77da8,https://deloitte.com/us/en/insights/industry/financial-services/accessible-banking-for-disabled.html,2026-10-04T02:41:16.644739+00:00,deloitte.com,True,downloaded,200.0,https://www.deloitte.com/us/en/insights/industry/financial-services/accessible-banking-for-disabled.html,285975.0,success,6143,882,html,text/html;charset=utf-8,"How can banks better serve people with disabilities, and why the time is now",Jonathan Valenti; Val Srinivas; Courtney Davis; Richa Wadhwani,2023-04-27,Deloitte Insights,https://www.deloitte.com/us/en/insights/industry/financial-services/accessible-banking-for-disabled.html,0.0,6c4b93694bc098c77da8.txt,ac45cdeb099106c8a83a2d15629bb0dd6e5ad93f3d69c95787e86aad7137ab16
6c6b80bdf56a8949336f,https://ehealthscreenings.com/blog/10-reasons-why-americans-dont-prioritize-preventative-care,2026-10-04T02:41:17.011249+00:00,ehealthscreenings.com,True,downloaded,200.0,https://ehealthscreenings.com/blog/10-reasons-why-americans-dont-prioritize-preventative-care/,167204.0,success,3621,576,html,text/html; charset=UTF-8,"10 Reasons Why Americans Don’t Prioritize Preventative Care | eHealthScreenings.com, LLC",Andrea Vogel,2023-09-07,"eHealthScreenings.com, LLC",https://ehealthscreenings.com/blog/10-reasons-why-americans-dont-prioritize-preventative-care/,0.0,6c6b80bdf56a8949336f.txt,22d85431be792f78b8ac0c9c2f8699cd553efd6524296ac2e90920496848b215
6ca719c33fb003e6a5e5,https://tandfonline.com/doi/full/10.1080/02673037.2025.2492781,2026-10-04T02:41:17.016261+00:00,tandfonline.com,False,http_error,403.0,https://tandfonline.com/doi/full/10.1080/02673037.2025.2492781,5805.0,not_extracted,0,0,,text/html; charset=UTF-8,,,,,,0.0,,
6cb218a3b3f50c959e2b,https://endhomelessness.org/blog/homelessness-and-black-history-access-to-housing,2026-10-04T02:41:17.098642+00:00,endhomelessness.org,True,downloaded,200.0,https://endhomelessness.org/blog/homelessness-and-black-history-access-to-housing,343209.0,success,4436,665,html,text/html; charset=UTF-8,Homelessness and Black History: Access to Housing,NAEH,2025-03-05,National Alliance to End Homelessness,https://endhomelessness.org/blog/homelessness-and-black-history-access-to-housing/,0.0,6cb218a3b3f50c959e2b.txt,7482c1cd564f9e7d74b404e5fe9c75339ad2579e8906fb020dddbee98089e177
6cbb226c2690ac0effde,https://weforum.org/stories/financial-and-monetary-systems/women-access-financial-services,2026-10-04T02:41:17.408808+00:00,weforum.org,False,http_error,403.0,https://www.weforum.org:443/stories/financial-and-monetary-systems/women-access-financial-services,469.0,not_extracted,0,0,,text/html,,,,,,0.0,,
6cd4edf075667051948e,https://transcanwork.org/news/span-classsqsrte-text-color-blackwhy-trans-employees-face-barriers-to-career-advancementnbspspan,2026-10-04T02:41:17.488954+00:00,transcanwork.org,True,downloaded,200.0,https://www.transcanwork.org/news/span-classsqsrte-text-color-blackwhy-trans-employees-face-barriers-to-career-advancementnbspspan,266440.0,success,16093,2230,html,text/html;charset=utf-8,Why Trans Employees Face Barriers to Career Advancement — Trans Can Work,Jerome Trammel,2026-04-01,Trans Can Work,https://www.transcanwork.org/news/span-classsqsrte-text-color-blackwhy-trans-employees-face-barriers-to-career-advancementnbspspan,0.0,6cd4edf075667051948e.txt,f8e0cca0032016443b41a15abd2660f522e90c4f18502ffae870a299df489642
6cf074b5d55000c1fb4c,https://opportunityinsights.org/paper/creditaccess,2026-10-04T02:41:19.057416+00:00,opportunityinsights.org,True,downloaded,200.0,https://opportunityinsights.org/paper/creditaccess/,68719.0,success,1382,199,html,text/html; charset=UTF-8,Credit Access in the United States | Opportunity Insights,Nathaniel Hendren; Trevor J Bakker; Stefanie DeLuca; Eric English; Jamie Fogel; Daniel Herbst,2025-07-16,Opportunity Insights,https://opportunityinsights.org/paper/creditaccess/,0.0,6cf074b5d55000c1fb4c.txt,67d147682a4dbf4ba4d1e715806dd91a030f05918a07ff94ac8c0035e0be4029
6cf44686efa888af8004,https://minneapolisfed.org/article/2021/barriers-to-basic-financial-services-perpetuate-persistent-economic-gaps,2026-10-04T02:41:20.071219+00:00,minneapolisfed.org,True,downloaded,200.0,https://www.minneapolisfed.org/article/2021/barriers-to-basic-financial-services-perpetuate-persistent-economic-gaps,127178.0,success,11402,1726,html,text/html; charset=utf-8,Barriers to basic financial services perpetuate persistent economic gaps | Federal Reserve Bank of Minneapolis,,2021-11-29,minneapolisfed.org,https://www.minneapolisfed.org/article/2021/barriers-to-basic-financial-services-perpetuate-persistent-economic-gaps,0.0,6cf44686efa888af8004.txt,87e51c5758172f993cdb0ca620a06d76c8ff3e899d7e97446867bcef9578e55a
6cfba1f14fe81a790660,https://news.iastate.edu/news/lower-approval-rates-higher-finance-fees-evidence-discrimination-same-sex-borrowers,2026-10-04T02:41:20.993143+00:00,iastate.edu,True,downloaded,200.0,https://www.news.iastate.edu/news/lower-approval-rates-higher-finance-fees-evidence-discrimination-same-sex-borrowers,26097.0,success,3971,595,html,text/html; charset=UTF-8,"Lower approval rates, higher finance fees evidence of discrimination for same-sex borrowers",,2019-04-16,News Service,https://www.news.iastate.edu/news/lower-approval-rates-higher-finance-fees-evidence-discrimination-same-sex-borrowers,0.0,6cfba1f14fe81a790660.txt,d79bdf3da1facfbc4e205812c5ba79d31281ca4fa7faa6e4f305223f68355421
6d0f0df0b034d7e2da6f,https://crimrxiv.com/pub/l7ryrekw/release/1,2026-10-04T02:41:21.382849+00:00,crimrxiv.com,False,http_error,403.0,https://www.crimrxiv.com/pub/l7ryrekw/release/1,5811.0,not_extracted,0,0,,text/html; charset=UTF-8,,,,,,0.0,,
6d227b7c7631275ba229,https://davisvanguard.org/2026/08/california-police-perceived-transgender-disparities?__cf_chl_rt_tk=QbMYuGRYnS8ykpMqz3jF6UcZjCDPNEzd_.ZA87rmnkE-1790610712-1.0.1.1-jQhTZ2uFcpxsG9yQ9FrzSnmD7G1m510E3._IBC9EHHM,2026-10-04T02:41:21.424172+00:00,davisvanguard.org,False,http_error,403.0,https://davisvanguard.org/2026/08/california-police-perceived-transgender-disparities?__cf_chl_rt_tk=QbMYuGRYnS8ykpMqz3jF6UcZjCDPNEzd_.ZA87rmnkE-1790610712-1.0.1.1-jQhTZ2uFcpxsG9yQ9FrzSnmD7G1m510E3._IBC9EHHM,5755.0,not_extracted,0,0,,text/html; charset=UTF-8,,,,,,0.0,,
6d5aa7d65b5836a06bef,https://pmc.ncbi.nlm.nih.gov/articles/PMC3057365,2026-10-04T02:41:25.778257+00:00,nih.gov,True,downloaded,200.0,https://pmc.ncbi.nlm.nih.gov/articles/PMC3057365/,295770.0,success,96006,13851,html,text/html; charset=utf-8,Patient Safety: The Role of Human Factors and Systems Engineering,Pascale Carayon; Kenneth E Wood,2004-05-01,Studies in health technology and informatics,https://pmc.ncbi.nlm.nih.gov/articles/PMC3057365/,0.0,6d5aa7d65b5836a06bef.txt,29a63b498bd1ce59533ac9696ae100c055dde7b6a6f4c4df575785acd2a7c2e7
6d7fc7bd39c6666c48e5,https://tandfonline.com/doi/full/10.1080/26379112.2024.2357996,2026-10-04T02:41:26.647846+00:00,tandfonline.com,False,http_error,403.0,https://tandfonline.com/doi/full/10.1080/26379112.2024.2357996,5805.0,not_extracted,0,0,,text/html; charset=UTF-8,,,,,,0.0,,
6dad065802e5747bfe76,https://pmc.ncbi.nlm.nih.gov/articles/PMC12691752,2026-10-04T02:41:27.797888+00:00,nih.gov,True,downloaded,200.0,https://pmc.ncbi.nlm.nih.gov/articles/PMC12691752,21370.0,success,131,18,html,text/html; charset=utf-8,Checking your browser,,2026-09-11,google.com,https://www.google.com/recaptcha/challengepage,0.0,6dad065802e5747bfe76.txt,a29166d0eaaa418bd5af61a282f1183a46c84c4d5e4c90689b1b452d230d05cc
6dc4129a249730451afc,https://eeoc.gov/chart-risk-factors-harassment-and-responsive-strategies,2026-10-04T02:41:28.046610+00:00,eeoc.gov,True,downloaded,200.0,https://www.eeoc.gov/chart-risk-factors-harassment-and-responsive-strategies,75996.0,success,566,56,html,text/html; charset=utf-8,Chart of Risk Factors for Harassment and Responsive Strategies,,2000-01-01,U.S. Equal Employment Opportunity Commission,https://www.eeoc.gov/chart-risk-factors-harassment-and-responsive-strategies,0.0,6dc4129a249730451afc.txt,fe89d1b1a6a4aadca10dbce1e1754f60c55aac9aba8cef1ddb9c278197f9a345
6dd523fdc7d39390fb3b,https://share.google/MJICbg8unL0SMVoMF,2026-10-04T02:41:28.214410+00:00,share.google,True,downloaded,200.0,https://journals.plos.org/plosone/article/file?type=printable&id=10.1371/journal.pone.0344036,304017.0,success,49440,6998,pdf,application/pdf,,,,,,0.0,6dd523fdc7d39390fb3b.txt,b1dce1021e5ae355d174ac5a16d9c4c5da7f407e05ed337ac25400e3a97683ac
6e013b30ac05731da7b1,https://shvs.org/resources/new-federal-rules-affecting-coverage-of-treatment-for-gender-dysphoria-considerations-for-states,2026-10-04T02:41:28.562483+00:00,shvs.org,True,downloaded,200.0,https://shvs.org/resources/new-federal-rules-affecting-coverage-of-treatment-for-gender-dysphoria-considerations-for-states/,158849.0,success,11141,1682,html,text/html; charset=UTF-8,New Federal Rules Affecting Coverage of Treatment for Gender Dysphoria: Considerations for States - State Health and Value Strategies ~ Driving Innovation Across States,Sabrina Corlette; Georgetown Center,2026-07-28,State Health and Value Strategies ~ Driving Innovation Across States,https://shvs.org/resources/new-federal-rules-affecting-coverage-of-treatment-for-gender-dysphoria-considerations-for-states/,0.0,6e013b30ac05731da7b1.txt,176448bde58df02f7e7ff9e68f5100ea23a289a3ffe8be99a3f7d808857a7872
6e30322dc431bb70830e,https://pmc.ncbi.nlm.nih.gov/articles/PMC11352361,2026-10-04T02:41:29.686385+00:00,nih.gov,True,downloaded,200.0,https://pmc.ncbi.nlm.nih.gov/articles/PMC11352361/,236410.0,success,66157,9179,html,text/html; charset=utf-8,Inclusion Goals: What Sex Education for LGBTQIA+ Adolescents?,Stefano Eleuteri; Marta Girardi; Rossella Spadola; Elisabetta Todaro,2024-08-10,Children,https://pmc.ncbi.nlm.nih.gov/articles/PMC11352361/,0.0,6e30322dc431bb70830e.txt,2adfc608ca77400d722f8337f340d2eb7c04b5061a479a3cfc6dfa338ff6df90
6e39cf8a45813c6b916f,https://thetrevorproject.org/research-briefs/homelessness-and-housing-instability-among-lgbtq-youth-feb-2022,2026-10-04T02:41:29.805035+00:00,thetrevorproject.org,True,downloaded,200.0,https://www.thetrevorproject.org/research-briefs/homelessness-and-housing-instability-among-lgbtq-youth-feb-2022/,153283.0,success,59406,9087,html,text/html; charset=UTF-8,Homelessness and Housing Instability Among LGBTQ Youth,,2025-01-31,The Trevor Project,https://www.thetrevorproject.org/research-briefs/homelessness-and-housing-instability-among-lgbtq-youth-feb-2022/,0.0,6e39cf8a45813c6b916f.txt,7f5db320c9baa7273e889d690d3ce084b5cffa1e9471d9a8ffacbba6f7549306
6e5da80710dca82134a2,https://williamsinstitute.law.ucla.edu/wp-content/archive/Impact-LGBT-Support-Workplace-May-2013.pdf,2026-10-04T02:41:30.508212+00:00,ucla.edu,True,downloaded,200.0,https://williamsinstitute.law.ucla.edu/wp-content/archive/Impact-LGBT-Support-Workplace-May-2013.pdf,451651.0,success,101544,14164,pdf,application/pdf,,,,,,0.0,6e5da80710dca82134a2.txt,7a4d147d1a683cd877fc7215e31ac39dd342b5bad3da0cd8833c08e6f27358c6
6e9258a31420e74e5187,https://bestcolleges.com/news/gender-inequity-in-selective-college-admissions,2026-10-04T02:41:31.000718+00:00,bestcolleges.com,True,downloaded,200.0,https://www.bestcolleges.com/news/gender-inequity-in-selective-college-admissions/,416507.0,success,12056,2001,html,text/html; charset=utf-8,Gender Inequity in Elite College Admissions | BestColleges,Mark J Drozdowski; Ed D,2025-02-18,bestcolleges.com,https://www.bestcolleges.com/news/gender-inequity-in-selective-college-admissions/,0.0,6e9258a31420e74e5187.txt,2d939a3658a176149328d651d4f9ffb0c196275ae36ae1099f277f9a63f6e492
6eb13ce75e0ef9c61845,https://ed.gov/laws-and-policy/civil-rights-laws/disability-discrimination/disability-discrimination-key-issues/disability-discrimination-equal-access-opportunities,2026-10-04T02:41:31.256259+00:00,ed.gov,False,http_error,403.0,https://www.ed.gov/laws-and-policy/civil-rights-laws/disability-discrimination/disability-discrimination-key-issues/disability-discrimination-equal-access-opportunities,11852.0,not_extracted,0,0,,text/html,,,,,,0.0,,
6ebb0570c2e90e158080,https://nlc.org/article/2023/06/30/housing-for-lgbtqia,2026-10-04T02:41:31.681889+00:00,nlc.org,True,downloaded,200.0,https://www.nlc.org/article/2023/06/30/housing-for-lgbtqia,135695.0,success,5917,869,html,text/html; charset=UTF-8,Housing For: LGBTQIA+,About the Authors,2023-06-30,National League of Cities,https://www.nlc.org/article/2023/06/30/housing-for-lgbtqia/,0.0,6ebb0570c2e90e158080.txt,a44b670673e947734296c03e431715804f817eff64900f0cbf817163a7f443b4
6f62e3b6f9c7eb9d3742,https://pmc.ncbi.nlm.nih.gov/articles/PMC8312312,2026-10-04T02:41:32.404117+00:00,nih.gov,True,downloaded,200.0,https://pmc.ncbi.nlm.nih.gov/articles/PMC8312312,21368.0,success,131,18,html,text/html; charset=utf-8,Checking your browser,,2026-09-11,google.com,https://www.google.com/recaptcha/challengepage,0.0,6f62e3b6f9c7eb9d3742.txt,a29166d0eaaa418bd5af61a282f1183a46c84c4d5e4c90689b1b452d230d05cc
6f86d9a5b2255bd4bcf2,https://youtube.com/watch?t=17s&v=h4JhTOwNq-s,2026-10-04T02:41:34.053430+00:00,youtube.com,True,downloaded,200.0,https://www.youtube.com/watch?t=17s&v=h4JhTOwNq-s,1225606.0,success,146,23,html,text/html; charset=utf-8,How redlining is still impacting Black homebuyers,,2023-10-08,YouTube,https://www.youtube.com/watch?v=h4JhTOwNq-s,0.0,6f86d9a5b2255bd4bcf2.txt,8dbba17988e385133ba8f51d76cde1fc2c859262b666cb848e9cfe2478fd5e71
6f8afea238fc3e87f518,https://comcastnewsmakers.com/Videos/2023/11/30/Disability-Rights-and-the-Criminal-Justice-System,2026-10-04T02:41:34.452100+00:00,comcastnewsmakers.com,False,http_error,403.0,https://comcastnewsmakers.com/Videos/2023/11/30/Disability-Rights-and-the-Criminal-Justice-System,986.0,not_extracted,0,0,,text/html,,,,,,0.0,,
6fbf58d7a57b3f9d15d8,https://homelessness.ucsf.edu/LatineCAreport,2026-10-04T02:41:35.392224+00:00,ucsf.edu,True,downloaded,200.0,https://homelessness.ucsf.edu/LatineCAreport,68272.0,success,2442,348,html,text/html; charset=utf-8,Toward Equity: Latine Experiences of Homelessness | Benioff Homelessness and Housing Initiative,,2025-11-14,Benioff Homelessness and Housing Initiative,https://homelessness.ucsf.edu/LatineCAreport,0.0,6fbf58d7a57b3f9d15d8.txt,21c6f53309cf39ee49393d541e294297637d19c211d054bf2fcab5c1e86b4451
6fe01e1114508e2d06c8,https://tacqe.com/employer-practices-for-hiring-people-with-disabilities-factsheet,2026-10-04T02:41:35.540154+00:00,tacqe.com,True,downloaded,200.0,https://tacqe.com/employer-practices-for-hiring-people-with-disabilities-factsheet/,184727.0,success,1954,272,html,text/html; charset=UTF-8,Employer Practices for Hiring People with Disabilities – Factsheet,Dawn Lalley,2021-07-27,Technical Assistance Center for Quality Employment,http://tacqe.com/employer-practices-for-hiring-people-with-disabilities-factsheet/,0.0,6fe01e1114508e2d06c8.txt,7d36e1ac9376ebdc26f101e9e373cabec340ea26aa5338fd3637fb8918e03b2c
6fedd2c76add6f36ccb1,https://thearc.org/our-initiatives/criminal-justice,2026-10-04T02:41:35.673271+00:00,thearc.org,True,downloaded,200.0,https://thearc.org/our-initiatives/criminal-justice,219485.0,success,4048,581,html,text/html; charset=UTF-8,Disability in the Criminal Justice System | The Arc,,2026-09-28,The Arc of the United States,https://thearc.org/our-initiatives/criminal-justice/,0.0,6fedd2c76add6f36ccb1.txt,e3755aacd6c65f416799673f165005f57e62b9bf3f7b71b39ff99dc4abb80018
7002247ca26cfe42e980,https://theconversation.com/the-social-determinants-of-justice-8-factors-that-increase-your-risk-of-imprisonment-203661,2026-10-04T02:41:37.859683+00:00,theconversation.com,True,downloaded,200.0,https://theconversation.com/the-social-determinants-of-justice-8-factors-that-increase-your-risk-of-imprisonment-203661,177897.0,success,6281,996,html,text/html; charset=utf-8,The social determinants of justice: 8 factors that increase your risk of imprisonment,Eileen Baldry; Ruth McCausland,2023-04-17,The Conversation,https://theconversation.com/the-social-determinants-of-justice-8-factors-that-increase-your-risk-of-imprisonment-203661,0.0,7002247ca26cfe42e980.txt,c063c6995e1175e37a0dcc9054ed11796327ffcb08998e10c2a9e4f1819cbcef
700b83abcede3d0dbea8,https://bipartisanpolicy.org/report/understanding-and-addressing-racial-and-ethnic-disparities-in-housing,2026-10-04T02:41:38.004250+00:00,bipartisanpolicy.org,False,http_error,403.0,https://bipartisanpolicy.org/report/understanding-and-addressing-racial-and-ethnic-disparities-in-housing,5873.0,not_extracted,0,0,,text/html; charset=UTF-8,,,,,,0.0,,
70591dfbb60ac97a5a5e,https://scale.jobs/blog/career-growth-factors-job-offers,2026-10-04T02:41:38.307565+00:00,scale.jobs,True,downloaded,200.0,https://scale.jobs/blog/career-growth-factors-job-offers,172102.0,success,34137,4812,html,text/html; charset=utf-8,7 Factors to Evaluate Career Growth in Job Offers,Sarah Mitchell,2026-04-30,Scale.jobs,https://scale.jobs/blog/career-growth-factors-job-offers,0.0,70591dfbb60ac97a5a5e.txt,2ecf55181cdc5c673d3b35cd5214551518950e656de09a7a8b9bb5f57c610ebb
706ec4e5055c923e2688,https://afterschoolalliance.org/afterschoolsnack/What-does-the-state-of-educational-opportunity-look-like-in_11-07-2024.cfm,2026-10-04T02:41:38.402428+00:00,afterschoolalliance.org,True,downloaded,200.0,https://afterschoolalliance.org/afterschoolsnack/What-does-the-state-of-educational-opportunity-look-like-in_11-07-2024.cfm,83582.0,success,5035,742,html,text/html;charset=UTF-8,What does the state of educational opportunity look like in America?,Nikki Yamashiro,2024-11-07,Afterschool Alliance,http://www.afterschoolalliance.org/afterschoolsnack/What-does-the-state-of-educational-opportunity-look-like-in_11-07-2024.cfm,0.0,706ec4e5055c923e2688.txt,36c9b167a821d163ce620e2a9b4bd60ae4471ead7bf2de29026338183f61ce50
707cd43c5a7a67a00714,https://onlinelibrary.wiley.com/doi/10.1111/1744-7941.12377,2026-10-04T02:41:38.807738+00:00,wiley.com,False,http_error,403.0,https://onlinelibrary.wiley.com/doi/10.1111/1744-7941.12377,5780.0,not_extracted,0,0,,text/html; charset=UTF-8,,,,,,0.0,,
708a03b7560b8fdcd685,https://files.crisesnotes.com/article/navigating-guide-eligibility-benefits-application-success-a-no-nonsense-breakdown,2026-10-04T02:41:39.004028+00:00,crisesnotes.com,True,downloaded,200.0,https://files.crisesnotes.com/article/navigating-guide-eligibility-benefits-application-success-a-no-nonsense-breakdown,30120.0,success,10205,1447,html,text/html; charset=UTF-8,Navigating guide eligibility benefits application success: A no-nonsense breakdown — Networth Hub,,2026-09-17,Networth Hub,https://files.crisesnotes.com/article/navigating-guide-eligibility-benefits-application-success-a-no-nonsense-breakdown,0.0,708a03b7560b8fdcd685.txt,fe4d6ee31cd5dd9b175daa2e705ab6ebe9ce109c836cc35e40a25f4f11b8cd1b
70cf68b0f32080d61839,https://govlab.hks.harvard.edu/insight/closing-the-engagement-gap-for-latino-people-experiencing-homelessness,2026-10-04T02:41:39.684557+00:00,harvard.edu,True,downloaded,200.0,https://govlab.hks.harvard.edu/insight/closing-the-engagement-gap-for-latino-people-experiencing-homelessness/,134366.0,success,2506,344,html,text/html; charset=UTF-8,Where Systems Meet People: Closing the Engagement Gap for Latino People Experiencing Homelessness,Author Camila de la Vega; Libby Doyle Contributor Emma Kornetsky Designer Sara Israelsen-Hartley,2026-09-15,Harvard Kennedy School Government Performance Lab,https://govlab.hks.harvard.edu/insight/closing-the-engagement-gap-for-latino-people-experiencing-homelessness/,0.0,70cf68b0f32080d61839.txt,7669840dc7bdd3f2667da6d94460ea8c0ebc3e160106eb12c3f942321412fd56
70d0baa30f9c138edee7,https://pmc.ncbi.nlm.nih.gov/articles/PMC10799604,2026-10-04T02:41:40.943112+00:00,nih.gov,True,downloaded,200.0,https://pmc.ncbi.nlm.nih.gov/articles/PMC10799604,21367.0,success,131,18,html,text/html; charset=utf-8,Checking your browser,,2026-09-11,google.com,https://www.google.com/recaptcha/challengepage,0.0,70d0baa30f9c138edee7.txt,a29166d0eaaa418bd5af61a282f1183a46c84c4d5e4c90689b1b452d230d05cc
710d00af8f0893ee55b8,https://endhomelessness.org/a-shortage-of-affordable-housing,2026-10-04T02:41:42.447688+00:00,endhomelessness.org,True,downloaded,200.0,https://endhomelessness.org/a-shortage-of-affordable-housing,360421.0,success,1443,218,html,text/html; charset=UTF-8,What Causes Homelessness: A Shortage of Affordable Housing,,2026-07-15,National Alliance to End Homelessness,https://endhomelessness.org/a-shortage-of-affordable-housing/,0.0,710d00af8f0893ee55b8.txt,cbf3d3c7fb60b5bf2edd8c2c5c4eaeaeebdd3feaeacc8a3d9f47abf275a2cd9a
71133d110608e33dbf60,https://kff.org/womens-health-policy/womens-health-insurance-coverage,2026-10-04T02:41:43.483129+00:00,kff.org,True,downloaded,200.0,https://www.kff.org/womens-health-policy/womens-health-insurance-coverage/,168564.0,success,12190,1943,html,text/html; charset=UTF-8,Women's Health Insurance Coverage | KFF,Kffaeronw,2026-06-09,"KFF - The independent source for health policy research, polling, and news",https://www.kff.org/womens-health-policy/womens-health-insurance-coverage/,0.0,71133d110608e33dbf60.txt,d3cec339d6b917bf9cbf6eefd999e066b844ddf435543c4bf20aaa8a1693c733
7133012652877a696b27,https://poverty-action.org/what-we-know-about-womens-access-credit-and-what-ipa-doing-about-it,2026-10-04T02:41:44.153890+00:00,poverty-action.org,True,downloaded,200.0,https://poverty-action.org/what-we-know-about-womens-access-credit-and-what-ipa-doing-about-it,79655.0,success,8059,1166,html,text/html; charset=UTF-8,"What We Know About Women's Access to Credit, and What IPA Is Doing About It | IPA",Daniela Graney Lauren Perlik Elizabeth Koshy Paul Adams,2026-06-29,Innovations for Poverty Action,https://poverty-action.org/what-we-know-about-womens-access-credit-and-what-ipa-doing-about-it,0.0,7133012652877a696b27.txt,b0eb14ee1cfb268aee68eebf4a82bf8507ecf97f6d44da184f8195211d759f5c
715251ecd028f2662dae,https://disabilityevidence.org/questions-evidence/how-do-we-overcome-barriers-accessing-higher-education-people-disabilities,2026-10-04T02:41:44.256552+00:00,disabilityevidence.org,False,http_error,403.0,https://www.disabilityevidence.org/questions-evidence/how-do-we-overcome-barriers-accessing-higher-education-people-disabilities,919.0,not_extracted,0,0,,text/html,,,,,,0.0,,
7163115964ac99af7373,https://rand.org/pubs/articles/2022/the-impact-of-racism-on-patient-safety.html,2026-10-04T02:41:44.435427+00:00,rand.org,False,http_error,403.0,https://www.rand.org:443/pubs/articles/2022/the-impact-of-racism-on-patient-safety.html,919.0,not_extracted,0,0,,text/html,,,,,,0.0,,
71b27d8af50f5c0840a9,https://dfs.ny.gov/consumers/health_insurance/transgender_healthcare,2026-10-04T02:41:44.917192+00:00,ny.gov,True,downloaded,200.0,https://www.dfs.ny.gov/consumers/health_insurance/transgender_healthcare,59641.0,success,19169,3036,html,text/html; charset=utf-8,Transgender New Yorkers: What You Need to Know to Get Care,,2024-03-29,Department of Financial Services,https://www.dfs.ny.gov/consumers/health_insurance/transgender_healthcare,0.0,71b27d8af50f5c0840a9.txt,e1bd2f71c803f9aad763adad73e8ac83361ecf270374d693990ba3195be5acec
71b350c38ab91dac3239,https://washington.edu/populationhealth/2023/09/25/measuring-the-psychological-impact-of-administrative-burdens-on-transgender-people,2026-10-04T02:41:45.594278+00:00,washington.edu,True,downloaded,200.0,https://www.washington.edu/populationhealth/2023/09/25/measuring-the-psychological-impact-of-administrative-burdens-on-transgender-people/,66674.0,success,3727,536,html,text/html; charset=UTF-8,Measuring the psychological impact of administrative burdens on transgender people,,2023-09-25,Population Health,https://www.washington.edu/populationhealth/2023/09/25/measuring-the-psychological-impact-of-administrative-burdens-on-transgender-people/,0.0,71b350c38ab91dac3239.txt,aee1ba517be59f3141df2788713872a19dd6d609379b9b3511577806ed0ab364
71b84221cd5530cbed25,https://aafp.org/about/policies/social-determinants-health-family-medicine-position-paper,2026-10-04T02:41:45.707735+00:00,aafp.org,True,downloaded,200.0,https://www.aafp.org/about/policies/social-determinants-health-family-medicine-position-paper,412457.0,success,40183,5534,html,text/html; charset=utf-8,Advancing Health Equity by Addressing the Social Determinants of Health in Family Medicine (Position Paper),,2020-10-18,AAFP,https://www.aafp.org/about/policies/social-determinants-health-family-medicine-position-paper,0.0,71b84221cd5530cbed25.txt,13e753d01bb57b1d55653ba1731e96c5fb88d5a0cc56e30d3b32a7ae7384f3ea
71c2bdb5bf0bf3c60a19,https://toptieradmissions.com/the-gender-gap-in-college-admissions,2026-10-04T02:41:46.472995+00:00,toptieradmissions.com,True,downloaded,200.0,https://toptieradmissions.com/the-gender-gap-in-college-admissions/,984773.0,success,6153,947,html,text/html; charset=UTF-8,The Gender Gap in College Admissions - Top Tier Admissions,Emelye Keyser,2025-03-13,Top Tier Admissions,https://toptieradmissions.com/the-gender-gap-in-college-admissions/,0.0,71c2bdb5bf0bf3c60a19.txt,dc07e45eb158c451accc675b60957a62884a14a03acdf77ea2def504012c3018
71daf7c39e2ae50de7e2,https://wotmnetwork.org/empowering-through-education,2026-10-04T02:41:50.560082+00:00,wotmnetwork.org,True,downloaded,200.0,https://wotmnetwork.org/empowering-through-education/,91176.0,success,3128,454,html,text/html; charset=UTF-8,Empowering Through Education: The Importance of Equal Access to Learning,Wpadmin,2023-10-22,Women On The Move Network,https://wotmnetwork.org/empowering-through-education/,0.0,71daf7c39e2ae50de7e2.txt,f99f3b224040842201d6dbe4d98de2fb317f1d1a3c14517c991b44ed6929b967
71e916c2cda05b386fd6,https://hispanicstudiesreview.cofc.edu/article/123156-some-perspectives-on-university-challenges-for-latinx-undergraduates,2026-10-04T02:41:51.346391+00:00,cofc.edu,True,downloaded,200.0,https://hispanicstudiesreview.cofc.edu/article/123156-some-perspectives-on-university-challenges-for-latinx-undergraduates,407717.0,success,18284,2752,html,text/html; charset=utf-8,Some Perspectives on University Challenges for Latinx Undergraduates | Published in Hispanic Studies Review,Clara Burgo,2024-09-16,Hispanic Studies Review,https://hispanicstudiesreview.cofc.edu/article/123156-some-perspectives-on-university-challenges-for-latinx-undergraduates,0.0,71e916c2cda05b386fd6.txt,bc834b1c9294e5f862d4a6f2be2a07d78bc2987c65f32fce62b9d9439f25ebfd
71fb1be64f45c84ffaef,https://gov.uk/government/publications/lgbt-peoples-experiences-of-homelessness/lesbian-gay-bisexual-and-transgender-peoples-experiences-of-homelessness,2026-10-04T02:41:51.745565+00:00,gov.uk,True,downloaded,200.0,https://www.gov.uk/government/publications/lgbt-peoples-experiences-of-homelessness/lesbian-gay-bisexual-and-transgender-peoples-experiences-of-homelessness,825523.0,success,308509,46577,html,text/html; charset=utf-8,"Lesbian, gay, bisexual and transgender people's experiences of homelessness",,2024-10-01,GOV.UK,https://www.gov.uk/government/publications/lgbt-peoples-experiences-of-homelessness/lesbian-gay-bisexual-and-transgender-peoples-experiences-of-homelessness,0.0,71fb1be64f45c84ffaef.txt,cd08cb092f3c3310599a6f8c83e51fd349ce78136588c86ceb41da5c0c429458
72437fc07e8b32125f89,https://habitat.org/historic-housing-discrimination-us,2026-10-04T02:41:54.668722+00:00,habitat.org,True,downloaded,200.0,https://www.habitat.org/historic-housing-discrimination-us,111965.0,success,3743,549,html,text/html; charset=utf-8,Historic housing discrimination in the U.S.,,2024-07-01,Habitat for Humanity,https://www.habitat.org/historic-housing-discrimination-us,0.0,72437fc07e8b32125f89.txt,368051813ff7d872138bd4eb1564ef8c6616da7da1b9b1565bf4b8959edfd443
7243a793f8acc09caea0,https://womensworldbanking.org/insights/womens-financial-inclusion-hub-evidence-tools-and-insights-for-action,2026-10-04T02:41:55.136232+00:00,womensworldbanking.org,True,downloaded,200.0,https://www.womensworldbanking.org/insights/womens-financial-inclusion-hub-evidence-tools-and-insights-for-action/,251281.0,success,6906,856,html,text/html; charset=UTF-8,Women’s Financial Inclusion Hub: Insights for Action,Women's World Banking,2026-05-19,Women's World Banking,https://www.womensworldbanking.org/insights/womens-financial-inclusion-hub-evidence-tools-and-insights-for-action/,0.0,7243a793f8acc09caea0.txt,ea3fc3e000ac37acdde671093511117c6d07ecfcfdffd44d3ba08c084ac9e602
72e83dae03e131415d93,https://pmc.ncbi.nlm.nih.gov/articles/PMC12625391,2026-10-04T02:41:56.512740+00:00,nih.gov,True,downloaded,200.0,https://pmc.ncbi.nlm.nih.gov/articles/PMC12625391/,211952.0,success,62545,8601,html,text/html; charset=utf-8,The public health consequences of officer discretion in arrests affecting LGBTQ+ communities in the United States: a scoping review,Esmeralda J Rubalcava Hernandez; John L Bayhi; Caitlin Herron; Shabrina Dew; Whitney Margaritis; LaKenya S DeBerry; Marcela Nava,2025-11-18,Health & Justice,https://pmc.ncbi.nlm.nih.gov/articles/PMC12625391/,0.0,72e83dae03e131415d93.txt,59db22c2a3504b6d8e212b729ef2894601a89e5cc0952773098a4a841a79169a
72fda1742f18470b7e62,https://ncbi.nlm.nih.gov/books/NBK259474,2026-10-04T02:41:56.942383+00:00,nih.gov,True,downloaded,200.0,https://ncbi.nlm.nih.gov/books/NBK259474,21332.0,success,127,18,html,text/html; charset=utf-8,Checking your browser,,2026-09-11,google.com,https://www.google.com/recaptcha/challengepage,0.0,72fda1742f18470b7e62.txt,a6950382e9f383805d5cb88eee7bb6dbb9f70bf9f328b964221d52761db4cd7b
730d92f0d0b1aff41db8,https://ussc.gov/research/research-reports/2023-demographic-differences-federal-sentencing,2026-10-04T02:41:58.048612+00:00,ussc.gov,False,curl_error,0.0,https://ussc.gov/research/research-reports/2023-demographic-differences-federal-sentencing,,not_extracted,0,0,,,,,,,,6.0,,
73add64626368074a6a1,https://pmc.ncbi.nlm.nih.gov/articles/PMC1447111,2026-10-04T02:41:58.909127+00:00,nih.gov,True,downloaded,200.0,https://pmc.ncbi.nlm.nih.gov/articles/PMC1447111,21365.0,success,131,18,html,text/html; charset=utf-8,Checking your browser,,2026-09-11,google.com,https://www.google.com/recaptcha/challengepage,0.0,73add64626368074a6a1.txt,a29166d0eaaa418bd5af61a282f1183a46c84c4d5e4c90689b1b452d230d05cc
73d32ad134694ceeffc2,https://pmc.ncbi.nlm.nih.gov/articles/PMC12428156,2026-10-04T02:41:59.205285+00:00,nih.gov,True,downloaded,200.0,https://pmc.ncbi.nlm.nih.gov/articles/PMC12428156/,198632.0,success,47077,6295,html,text/html; charset=utf-8,Preventive Healthcare and Disability: Challenges and Opportunities,Giovanni Emanuele Ricciardi; Rita Cuciniello; Veronica Raimondi; Francesco Vaia; Carlo Signorelli; Cristina Renzi,2025-08-23,Healthcare,https://pmc.ncbi.nlm.nih.gov/articles/PMC12428156/,0.0,73d32ad134694ceeffc2.txt,d1c104fc7393e23cb7905a1eae9fd387ce38fab369f0d786df5fa5718b1843cb
73d473292be84136e0f4,https://ncld.org/understand-the-issues,2026-10-04T02:41:59.991878+00:00,ncld.org,True,downloaded,200.0,https://ncld.org/understand-the-issues/,187492.0,success,2155,298,html,text/html; charset=UTF-8,Understand the Issues - National Center for Learning Disabilities,,2025-06-24,National Center for Learning Disabilities,https://ncld.org/understand-the-issues/,0.0,73d473292be84136e0f4.txt,f2c71f357b2e8ca186eca65fbad23a7ce40830be9696710387abee42773c26d0
74014d98c8648ea4bb26,https://merlininvestor.com/2024/03/20/unveiling-the-factors-driving-the-gender-gap-in-financial-inclusion,2026-10-04T02:42:00.090346+00:00,merlininvestor.com,False,http_error,403.0,https://merlininvestor.com/2024/03/20/unveiling-the-factors-driving-the-gender-gap-in-financial-inclusion,52.0,not_extracted,0,0,,text/html,,,,,,0.0,,
7452ff2090f7e9864e0b,https://pubmed.ncbi.nlm.nih.gov/12529894,2026-10-04T02:42:00.091201+00:00,nih.gov,True,downloaded,203.0,https://pubmed.ncbi.nlm.nih.gov/12529894/,5590.0,success,100,14,html,text/html; charset=utf-8,Cookies must be enabled,,,pubmed.ncbi.nlm.nih.gov,https://pubmed.ncbi.nlm.nih.gov/12529894/,0.0,7452ff2090f7e9864e0b.txt,f193d0de906419650acf171625dbd67f88f297290893b5473e1d8365c03d4b59
75550cb15975d1907d84,https://psychologytoday.com/us/blog/lgbtq-affirmative-psychology/202306/key-factors-related-to-lgbtq-bullying,2026-10-04T02:42:00.929766+00:00,psychologytoday.com,True,downloaded,200.0,https://www.psychologytoday.com:443/us/blog/lgbtq-affirmative-psychology/202306/key-factors-related-to-lgbtq-bullying,142286.0,success,7460,1218,html,text/html; charset=utf-8,Key Factors Related to LGBTQ Bullying,Chris Tompkins LMFT,2023-06-08,Psychology Today,https://www.psychologytoday.com/us/blog/lgbtq-affirmative-psychology/202306/key-factors-related-to-lgbtq-bullying,0.0,75550cb15975d1907d84.txt,e00025b8750efaeeb33318137485b095c2f9581cad3a78386ea7dd8ca69f0931
7583c97e26041fb937bc,https://tandfonline.com/doi/abs/10.1080/00918369.2021.1921508,2026-10-04T02:42:02.166934+00:00,tandfonline.com,False,http_error,403.0,https://tandfonline.com/doi/abs/10.1080/00918369.2021.1921508,5780.0,not_extracted,0,0,,text/html; charset=UTF-8,,,,,,0.0,,
758450027363eec66609,https://prisonpolicy.org/blog/2021/03/02/lgbtq,2026-10-04T02:42:03.040499+00:00,prisonpolicy.org,True,downloaded,200.0,https://www.prisonpolicy.org/blog/2021/03/02/lgbtq/,63661.0,success,11752,1872,html,text/html; charset=UTF-8,Visualizing the unequal treatment of LGBTQ people in the criminal justice system,Prison Policy Initiative,2021-03-02,PrisonPolicy,https://www.prisonpolicy.org/blog/2021/03/02/lgbtq/,0.0,758450027363eec66609.txt,d6ba487d5aa8ffe0e0900b866411b4c8e32e0c0de79c2a76395869e94c176b33
75b4427873c3f1371d79,https://pmc.ncbi.nlm.nih.gov/articles/PMC12218944,2026-10-04T02:42:03.512828+00:00,nih.gov,True,downloaded,200.0,https://pmc.ncbi.nlm.nih.gov/articles/PMC12218944,21372.0,success,131,18,html,text/html; charset=utf-8,Checking your browser,,2026-09-11,google.com,https://www.google.com/recaptcha/challengepage,0.0,75b4427873c3f1371d79.txt,a29166d0eaaa418bd5af61a282f1183a46c84c4d5e4c90689b1b452d230d05cc
75e307ba197c819f5c43,https://openurl.ebsco.com/EPDB%3Agcd%3A9%3A31152617/detailv2?crl=f&id=ebsco%3Agcd%3A185099786&jrnl=00945145&link_origin=www.google.com&sid=ebsco%3Aplink%3Acrawler-gcd,2026-10-04T02:42:03.732559+00:00,ebsco.com,False,robots_disallowed,,https://openurl.ebsco.com/EPDB%3Agcd%3A9%3A31152617/detailv2?crl=f&id=ebsco%3Agcd%3A185099786&jrnl=00945145&link_origin=www.google.com&sid=ebsco%3Aplink%3Acrawler-gcd,,not_extracted,0,0,,,,,,,,,,
7618caa4e5011b2ad3cc,https://cgap.org/topics/women-financial-inclusion,2026-10-04T02:42:04.267962+00:00,cgap.org,True,downloaded,200.0,https://www.cgap.org/topics/women-financial-inclusion,94081.0,success,5403,758,html,text/html; charset=utf-8,Making Finance Work for Women,,2023-10-24,CGAP,https://www.cgap.org/topics/women-financial-inclusion,0.0,7618caa4e5011b2ad3cc.txt,e48ea8604c640e6c3be00a96963d4b392426807ed291ecbeb74b5cf6b8daaa0a
763d493ca01b150c0a86,https://journalistsresource.org/education/race-neutral-alternatives-affirmative-action-college-diversity,2026-10-04T02:42:05.224566+00:00,journalistsresource.org,True,downloaded,200.0,https://journalistsresource.org/education/race-neutral-alternatives-affirmative-action-college-diversity/,341538.0,success,20603,3010,html,text/html; charset=UTF-8,Race-neutral alternatives to affirmative action in college admissions: Research,Denise-Marie Ordway,2023-06-29,The Journalist's Resource,https://journalistsresource.org/education/race-neutral-alternatives-affirmative-action-college-diversity/,0.0,763d493ca01b150c0a86.txt,78efd6c2336dab263befd1ba46dfced2db071497be9b9c044f09a345455b7b02
7679a641c47a323d2cd2,https://pacer.org/bullying/info/stats,2026-10-04T02:42:07.147008+00:00,pacer.org,True,downloaded,200.0,https://www.pacer.org/bullying/info/stats/,172366.0,success,13625,1917,html,text/html; charset=UTF-8,Bullying Statistics,,2026-01-01,PACER Center,https://www.pacer.org/bullying/info/stats/,0.0,7679a641c47a323d2cd2.txt,a94b77a52b8afd6c5e2aa9dc154d1312d69ec06d8d8a7540ae901d60bc4572fd
769e63cc4e4dbf821776,https://unidosus.org/wp-content/uploads/2021/07/lb_credit.pdf,2026-10-04T02:42:07.161373+00:00,unidosus.org,True,downloaded,200.0,https://unidosus.org/wp-content/uploads/2021/07/lb_credit.pdf,213330.0,success,7976,1175,pdf,application/pdf,,,,,,0.0,769e63cc4e4dbf821776.txt,05f8b39337c529eac780cc96c99f4e62e3beb1fd986501ac096935d0f06a0b6e
76a6212482e1e9e96dbd,https://urban.org/urban-wire/five-reasons-mass-incarceration-queer-issue,2026-10-04T02:42:07.315262+00:00,urban.org,False,http_error,403.0,https://www.urban.org/urban-wire/five-reasons-mass-incarceration-queer-issue,5821.0,not_extracted,0,0,,text/html; charset=UTF-8,,,,,,0.0,,
76a999c4cf405750f6b8,https://pubmed.ncbi.nlm.nih.gov/31520237,2026-10-04T02:42:08.004499+00:00,nih.gov,True,downloaded,203.0,https://pubmed.ncbi.nlm.nih.gov/31520237/,5590.0,success,100,14,html,text/html; charset=utf-8,Cookies must be enabled,,,pubmed.ncbi.nlm.nih.gov,https://pubmed.ncbi.nlm.nih.gov/31520237/,0.0,76a999c4cf405750f6b8.txt,f193d0de906419650acf171625dbd67f88f297290893b5473e1d8365c03d4b59
76bb9d3f64c802dbb542,https://habitat.org/our-work/impact/literature-review-gender-equity,2026-10-04T02:42:08.893521+00:00,habitat.org,True,downloaded,200.0,https://www.habitat.org/our-work/impact/literature-review-gender-equity,105871.0,success,4197,640,html,text/html; charset=utf-8,Housing and Gender Equity: A Global Literature Review,,2024-07-01,Habitat for Humanity,https://www.habitat.org/our-work/impact/literature-review-gender-equity,0.0,76bb9d3f64c802dbb542.txt,e6fe1516d0cb00de23a361cf63b2f89a5e75faa2a4594924ecd2fcee0752d0d8
77104fe421bc68a94cc4,https://ppic.org/publication/racial-disparities-in-law-enforcement-stops,2026-10-04T02:42:09.997206+00:00,ppic.org,False,http_error,403.0,https://ppic.org/publication/racial-disparities-in-law-enforcement-stops,5755.0,not_extracted,0,0,,text/html; charset=UTF-8,,,,,,0.0,,
7730428225e788e469fa,https://pubmed.ncbi.nlm.nih.gov/42073842,2026-10-04T02:42:10.239270+00:00,nih.gov,True,downloaded,203.0,https://pubmed.ncbi.nlm.nih.gov/42073842/,5590.0,success,100,14,html,text/html; charset=utf-8,Cookies must be enabled,,,pubmed.ncbi.nlm.nih.gov,https://pubmed.ncbi.nlm.nih.gov/42073842/,0.0,7730428225e788e469fa.txt,f193d0de906419650acf171625dbd67f88f297290893b5473e1d8365c03d4b59
77498e1ba47b88ee35f8,https://hostalky.com/resources-hub/your-health/what-is-preventive-care,2026-10-04T02:42:10.452751+00:00,hostalky.com,True,downloaded,200.0,https://www.hostalky.com/resources-hub/your-health/what-is-preventive-care,154510.0,success,5706,855,html,text/html; charset=utf-8,What Is Preventive Care and Why Do Most Patients Skip It?,Hanna Mae Rico,2026-05-18,HosTalky,https://www.hostalky.com/resources-hub/your-health/what-is-preventive-care,0.0,77498e1ba47b88ee35f8.txt,c6753572dc9136bfda4edb7b32e71186c8e2299a5fd5b24d6230c9142d6336b7
77ce4b3f85ade59eea84,https://hispanicresearchcenter.org/research-resources/state-tanf-policies-practices-overview-administrative-burdens-latino-families,2026-10-04T02:42:10.744187+00:00,hispanicresearchcenter.org,True,downloaded,200.0,https://www.hispanicresearchcenter.org/research-resources/state-tanf-policies-practices-overview-administrative-burdens-latino-families/,324048.0,success,36493,5319,html,text/html; charset=UTF-8,"State TANF Policies and Practices, Administrative Burdens, and Latino Families - Hispanic Research Center",Authors,2025-05-07,Hispanic Research Center,https://www.hispanicresearchcenter.org/research-resources/state-tanf-policies-practices-overview-administrative-burdens-latino-families/,0.0,77ce4b3f85ade59eea84.txt,14d3fb55c4c172a03701a6eb14a7ca193444bac495e78902af712072a1118626
77f600d5708d2cd1006b,https://sciencedirect.com/science/article/pii/S0167268125000873,2026-10-04T02:42:10.940271+00:00,sciencedirect.com,False,http_error,403.0,https://www.sciencedirect.com/science/article/pii/S0167268125000873,1207871.0,not_extracted,0,0,,text/html; charset=UTF-8,,,,,,0.0,,
7808fe610ad3a698e566,https://files.crisesnotes.com/article/the-essential-guide-managing-your-benefits-renewals,2026-10-04T02:42:11.370678+00:00,crisesnotes.com,True,downloaded,200.0,https://files.crisesnotes.com/article/the-essential-guide-managing-your-benefits-renewals,29509.0,success,11718,1660,html,text/html; charset=UTF-8,The Essential Guide Managing Your Benefits Renewals — Networth Hub,,2026-09-17,Networth Hub,https://files.crisesnotes.com/article/the-essential-guide-managing-your-benefits-renewals,0.0,7808fe610ad3a698e566.txt,fbfdc1640e80a66ccd3cfbce0f0f67239b568648cc4cb9bf6ca22a79abd5b96f
7818703d419dc17e343b,https://uhc.com/understanding-health-insurance/understanding-health-insurance-costs/types-of-health-insurance-costs/how-insurance-premiums-work,2026-10-04T02:42:12.154583+00:00,uhc.com,False,http_error,403.0,https://www.uhc.com/understanding-health-insurance/understanding-health-insurance-costs/types-of-health-insurance-costs/how-insurance-premiums-work,919.0,not_extracted,0,0,,text/html,,,,,,0.0,,
78565ed65f3d04ed104f,https://journals.sagepub.com/doi/10.1177/14705958231180044,2026-10-04T02:42:13.422044+00:00,sagepub.com,False,http_error,403.0,https://journals.sagepub.com/doi/10.1177/14705958231180044,5762.0,not_extracted,0,0,,text/html; charset=UTF-8,,,,,,0.0,,
7875af1e27f3b33c6e41,https://opportunityinsights.org/wp-content/uploads/2025/07/CreditAccess_Nontech.pdf,2026-10-04T02:42:13.764533+00:00,opportunityinsights.org,True,downloaded,200.0,https://opportunityinsights.org/wp-content/uploads/2025/07/CreditAccess_Nontech.pdf,1817628.0,success,18708,2863,pdf,application/pdf,,,,,,0.0,7875af1e27f3b33c6e41.txt,aee71bb01b27191a3652b2f15391049bf12066af86822f29e766a4b12942f44f
78a455188f30e64ca05f,https://nationaldisabilityinstitute.org/wp-content/uploads/2018/12/access-credit-brief.pdf,2026-10-04T02:42:15.351904+00:00,nationaldisabilityinstitute.org,True,downloaded,200.0,https://nationaldisabilityinstitute.org/wp-content/uploads/2018/12/access-credit-brief.pdf,196439.0,success,19762,2868,pdf,application/pdf,,,,,,0.0,78a455188f30e64ca05f.txt,0bc2ae9fdfe20fd397cb385e8bf300fb56f02bb524637d2019026b3decaec40c
78d086521ed6af3cc131,https://disabilityadvice.org/ssdi/approval-process/approval-by-age,2026-10-04T02:42:16.469864+00:00,disabilityadvice.org,True,downloaded,200.0,https://disabilityadvice.org/ssdi/approval-process/approval-by-age/,630258.0,success,7306,1162,html,text/html; charset=UTF-8,SSDI Approval Rates by Age (2025 Update) - Disability Advice,,2025-10-06,Disability Advice,https://disabilityadvice.org/ssdi/approval-process/approval-by-age/,0.0,78d086521ed6af3cc131.txt,41d1842aa064a6199c323827ea38eaa77b32ead417a069370f8ea39ef2306112
78eb386810fd108281a7,https://americanprogress.org/article/the-medicaid-program-and-lgbt-communities-overview-and-policy-recommendations,2026-10-04T02:42:17.137537+00:00,americanprogress.org,False,http_error,403.0,https://www.americanprogress.org/article/the-medicaid-program-and-lgbt-communities-overview-and-policy-recommendations,5947.0,not_extracted,0,0,,text/html; charset=UTF-8,,,,,,0.0,,
790de1d59c2ba19e552a,https://beckerspayer.com/payer/how-to-close-the-gap-why-members-avoid-preventive-care,2026-10-04T02:42:18.116156+00:00,beckerspayer.com,False,http_error,403.0,https://www.beckerspayer.com/payer/how-to-close-the-gap-why-members-avoid-preventive-care,776.0,not_extracted,0,0,,text/html;charset=utf-8,,,,,,0.0,,
79449cc23749d1c53e3d,https://endhomelessness.org/systemic-racism-and-marginalization,2026-10-04T02:42:20.460601+00:00,endhomelessness.org,True,downloaded,200.0,https://endhomelessness.org/systemic-racism-and-marginalization,357177.0,success,2395,331,html,text/html; charset=UTF-8,What Causes Homelessness: Systemic racism and marginalization,,2026-07-16,National Alliance to End Homelessness,https://endhomelessness.org/systemic-racism-and-marginalization/,0.0,79449cc23749d1c53e3d.txt,b20ef36db9e4d701651235e65258b8ca6cd65e3bd8b83450980ae882c0d06ccf
79fb5c662049e1c3df26,https://pfva.org/what-leads-to-homelessness-top-causes,2026-10-04T02:42:20.638218+00:00,pfva.org,True,downloaded,200.0,https://pfva.org/what-leads-to-homelessness-top-causes/,229868.0,success,6039,890,html,text/html; charset=UTF-8,What Leads to Homelessness? Understand the Top Causes,Dejan,2024-11-13,PathForward,https://pfva.org/what-leads-to-homelessness-top-causes/,0.0,79fb5c662049e1c3df26.txt,b170493212cc50a7bfaca8f9225c70e709afcbab51b8a0248fe89de87a020b1c
7a22947a9741ec5a7621,https://pmc.ncbi.nlm.nih.gov/articles/PMC8909748,2026-10-04T02:42:20.724566+00:00,nih.gov,True,downloaded,200.0,https://pmc.ncbi.nlm.nih.gov/articles/PMC8909748/,306876.0,success,86886,12232,html,text/html; charset=utf-8,"Gender Identity, Disability, and Unmet Healthcare Needs among Disabled People Living in the Community in the United States",Abigail Mulcahy; Carl G Streed; Jr; Anna Marie Wallisch; Katie Batza; Noelle Kurth; Jean P Hall; Darcy Jones McMaughan,2022-02-23,International Journal of Environmental Research and Public Health,https://pmc.ncbi.nlm.nih.gov/articles/PMC8909748/,0.0,7a22947a9741ec5a7621.txt,8eefb6d46ffa02b34b08404224ca725e4d1f2f69e3a647932e454b0f7e620352
7a4dd3a46a4ac0628a1f,https://journals.sagepub.com/doi/10.1177/27526461221092429,2026-10-04T02:42:20.731069+00:00,sagepub.com,False,http_error,403.0,https://journals.sagepub.com/doi/10.1177/27526461221092429,5762.0,not_extracted,0,0,,text/html; charset=UTF-8,,,,,,0.0,,
7a53c957814caa0b14e6,https://academybank.com/article/banking-trends-and-the-us-latino-population,2026-10-04T02:42:21.900476+00:00,academybank.com,True,downloaded,200.0,https://www.academybank.com/article/banking-trends-and-the-us-latino-population,278076.0,success,5789,874,html,text/html; charset=utf-8,Banking Trends and the US Latino Population,Written by,2023-10-18,academybank.com,https://www.academybank.com/article/banking-trends-and-the-us-latino-population,0.0,7a53c957814caa0b14e6.txt,a3dfd89da3e6e2af3b5c497106378e27910b46fd4bfefb8ba25f19c62f43b09e
7a800d272f1d22c267ef,https://nationalmortgageprofessional.com/news/racial-gaps-mortgage-denials-persist-despite-industry-progress,2026-10-04T02:42:22.635749+00:00,nationalmortgageprofessional.com,False,http_error,403.0,https://nationalmortgageprofessional.com/news/racial-gaps-mortgage-denials-persist-despite-industry-progress,5867.0,not_extracted,0,0,,text/html; charset=UTF-8,,,,,,0.0,,
7a8bd4474918da996d77,https://tandfonline.com/doi/full/10.1080/13803611.2016.1256222,2026-10-04T02:42:23.330811+00:00,tandfonline.com,False,http_error,403.0,https://tandfonline.com/doi/full/10.1080/13803611.2016.1256222,5805.0,not_extracted,0,0,,text/html; charset=UTF-8,,,,,,0.0,,
7aa1980ab5444f126c85,https://unitedwaynca.org/blog/racial-inequality-in-education,2026-10-04T02:42:23.386966+00:00,unitedwaynca.org,True,downloaded,200.0,https://unitedwaynca.org/blog/racial-inequality-in-education/,170895.0,success,18939,2641,html,text/html; charset=UTF-8,Understanding Racial Inequality in Education: Challenges and Solutions,United Way NCA,2026-03-16,United Way of the National Capital Area,https://unitedwaynca.org/blog/racial-inequality-in-education/,0.0,7aa1980ab5444f126c85.txt,53f2975d5b4b30f92cee6b81b725bba0fbcceea69e7e094ed3058703a10eac45
7aa93850bc8443c18b0b,https://youtube.com/watch?t=282s&v=09Ks_25Saao,2026-10-04T02:42:23.819146+00:00,youtube.com,True,downloaded,200.0,https://www.youtube.com/watch?t=282s&v=09Ks_25Saao,1330017.0,success,146,23,html,text/html; charset=utf-8,The Sociology of Sexual Harassment: Gender Dynamics at Work,,2024-08-20,YouTube,https://www.youtube.com/watch?v=09Ks_25Saao,0.0,7aa93850bc8443c18b0b.txt,8dbba17988e385133ba8f51d76cde1fc2c859262b666cb848e9cfe2478fd5e71
7acb0dc72ed57b557ac3,https://link.springer.com/article/10.1007/s10612-025-09828-1,2026-10-04T02:42:24.367912+00:00,springer.com,False,robots_disallowed,,https://link.springer.com/article/10.1007/s10612-025-09828-1,,not_extracted,0,0,,,,,,,,,,
7af7226db00e20910897,https://nacdl.org/Content/Race-and-Policing,2026-10-04T02:42:24.368177+00:00,nacdl.org,True,downloaded,200.0,https://www.nacdl.org/Content/Race-and-Policing,288371.0,success,6683,1022,html,text/html; charset=utf-8,NACDL - Race and Policing,,2022-11-29,NACDL - National Association of Criminal Defense Lawyers,https://www.nacdl.org/Content/Race-and-Policing,0.0,7af7226db00e20910897.txt,c6212ebac8792c0b65a902d05a0cad79e65373b36dd4d98184fccf4638e52c68
7b31d110d7e9e52f7937,https://pmc.ncbi.nlm.nih.gov/articles/PMC10323066,2026-10-04T02:42:25.219955+00:00,nih.gov,True,downloaded,200.0,https://pmc.ncbi.nlm.nih.gov/articles/PMC10323066/,201089.0,success,44904,7074,html,text/html; charset=utf-8,History of Incarceration is Associated with Unmet Socioeconomic Needs and Structural Discrimination among Young Black Sexual Minority Men (SMM) in the United States,Adedotun Ogunbajo; Daniel Siconolfi; Erik Storholm; Wilson Vincent; Lance Pollack; Greg Rebchook; Judy Tan; David Huebner; Susan Kegeles,2023-05-19,Journal of Urban Health : Bulletin of the New York Academy of Medicine,https://pmc.ncbi.nlm.nih.gov/articles/PMC10323066/,0.0,7b31d110d7e9e52f7937.txt,82a9c750023b74d15bc94a607ce33e9a17d7ae1771565d359bcaab2691411a24
7b4ea65cb2fdda253d6c,https://pmc.ncbi.nlm.nih.gov/articles/PMC11032108,2026-10-04T02:42:26.157529+00:00,nih.gov,True,downloaded,200.0,https://pmc.ncbi.nlm.nih.gov/articles/PMC11032108/,300828.0,success,100800,14330,html,text/html; charset=utf-8,Sexual Harassment at Work: Scoping Review of Reviews,Tao Liang,2024-04-16,Psychology Research and Behavior Management,https://pmc.ncbi.nlm.nih.gov/articles/PMC11032108/,0.0,7b4ea65cb2fdda253d6c.txt,d188cf5c9e9cdc57b4a869d35bc42400b45966411206811cd945587b6f7f0e58
7b5cde8fca663e2c5c6f,https://ebsco.com/research-starters/politics-and-government/employment-among-african-americans,2026-10-04T02:42:27.318252+00:00,ebsco.com,True,downloaded,200.0,https://www.ebsco.com/research-starters/politics-and-government/employment-among-african-americans,137316.0,success,24660,3466,html,text/html,Employment among African Americans | Politics and Government | Research Starters | EBSCOhost,,2022-05-01,EBSCO,https://www.ebsco.com/,0.0,7b5cde8fca663e2c5c6f.txt,e5427d7d7450b32b04568104a15afdb9fbab1e58a2e6c4ee102bfba50723e70e
7b6af59c95d8bfc70b31,https://pmc.ncbi.nlm.nih.gov/articles/PMC6661108,2026-10-04T02:42:28.440375+00:00,nih.gov,True,downloaded,200.0,https://pmc.ncbi.nlm.nih.gov/articles/PMC6661108/,175382.0,success,32937,5068,html,text/html; charset=utf-8,Uninsured Adults with Chronic Conditions or Disabilities: Gaps in Public Insurance Programs,Steven D Pizer; Austin B Frakt; Lisa I Iezzoni,2009-10-20,Health affairs (Project Hope),https://pmc.ncbi.nlm.nih.gov/articles/PMC6661108/,0.0,7b6af59c95d8bfc70b31.txt,b50c21367975eb3954485f3242943fb6e53edf5f56c4d1a8bb6ed4a8849e5c7a
7b79548a363fff99a19e,https://kff.org/racial-equity-and-health-policy/health-coverage-by-race-and-ethnicity,2026-10-04T02:42:28.944242+00:00,kff.org,True,downloaded,200.0,https://www.kff.org/racial-equity-and-health-policy/health-coverage-by-race-and-ethnicity/,155360.0,success,14624,2258,html,text/html; charset=UTF-8,"Health Coverage by Race and Ethnicity, 2010-2024 | KFF",Latoya Hill; Samantha Artiga; Anthony Damico,2026-05-04,"KFF - The independent source for health policy research, polling, and news",https://www.kff.org/racial-equity-and-health-policy/health-coverage-by-race-and-ethnicity/,0.0,7b79548a363fff99a19e.txt,a6328619e71c628c12520201ac5f233d431eadb6011f9b68dbd383e7077367fe
7c1d9a3341e5da85367f,https://kitchenerexecutive.com/5-factors-that-impact-successful-recruitment-and-hiring,2026-10-04T02:42:29.126677+00:00,kitchenerexecutive.com,True,downloaded,200.0,https://kitchenerexecutive.com/5-factors-that-impact-successful-recruitment-and-hiring/,74426.0,success,3469,569,html,text/html; charset=UTF-8,5 Factors That Impact Successful Recruitment and Hiring - Kitchener Executive Consultants,Lunarstorm,2022-06-10,Kitchener Executive Consultants,https://kitchenerexecutive.com/5-factors-that-impact-successful-recruitment-and-hiring/,0.0,7c1d9a3341e5da85367f.txt,fe3fe201cd3b90b32362e61c38e1134514e10ff997179b374a7316cd981fd8f2
7c422a7456f54535b16b,https://tandfonline.com/doi/full/10.1080/26895269.2026.2656940,2026-10-04T02:42:29.235313+00:00,tandfonline.com,False,http_error,403.0,https://tandfonline.com/doi/full/10.1080/26895269.2026.2656940,5805.0,not_extracted,0,0,,text/html; charset=UTF-8,,,,,,0.0,,
7c454196835a01621ed2,https://hhs.gov/black-history-month/reading-list/index.html,2026-10-04T02:42:30.003889+00:00,hhs.gov,False,http_error,403.0,https://www.hhs.gov/black-history-month/reading-list/index.html,432.0,not_extracted,0,0,,text/html,,,,,,0.0,,
7c6121a09f4512295bbe,https://linkedin.com/top-content/education/education-and-child-development/how-socioeconomic-factors-affect-education,2026-10-04T02:42:30.733328+00:00,linkedin.com,False,robots_disallowed,,https://linkedin.com/top-content/education/education-and-child-development/how-socioeconomic-factors-affect-education,,not_extracted,0,0,,,,,,,,,,
7c71eb0a5134fdcf1034,https://pmc.ncbi.nlm.nih.gov/articles/PMC11907768,2026-10-04T02:42:30.733621+00:00,nih.gov,True,downloaded,200.0,https://pmc.ncbi.nlm.nih.gov/articles/PMC11907768,21372.0,success,131,18,html,text/html; charset=utf-8,Checking your browser,,2026-09-11,google.com,https://www.google.com/recaptcha/challengepage,0.0,7c71eb0a5134fdcf1034.txt,a29166d0eaaa418bd5af61a282f1183a46c84c4d5e4c90689b1b452d230d05cc
7c89c2adfae318c12ee9,https://forbes.com/sites/michaeltnietzel/2026/02/04/five-things-the-new-data-about-race-conscious-college-admissions-tell-us,2026-10-04T02:42:31.351512+00:00,forbes.com,False,http_error,403.0,https://forbes.com/sites/michaeltnietzel/2026/02/04/five-things-the-new-data-about-race-conscious-college-admissions-tell-us,773.0,not_extracted,0,0,,text/html;charset=utf-8,,,,,,0.0,,
7cc8d77923b6b2dad0b3,https://them.us/politics/transgender-federal-employees-lawsuit,2026-10-04T02:42:31.459926+00:00,them.us,True,downloaded,200.0,https://www.them.us/politics/transgender-federal-employees-lawsuit,417760.0,success,3693,535,html,text/html; charset=utf-8,Transgender Federal Workers Sue Trump Administration Over Insurance Ban on Their Health Care,Christopher Wiggins,2026-08-03,Them,https://www.them.us/politics/transgender-federal-employees-lawsuit,0.0,7cc8d77923b6b2dad0b3.txt,0f5f678d291aae08119567f6c8ef4ecc871e74923bdf1cbb6d290007e692bb4f
7d67824f93b0a6790db5,https://bja.ojp.gov/sites/bja/files/Publications/WomensPathwaysToJail.pdf,2026-10-04T02:42:32.423986+00:00,ojp.gov,True,downloaded,200.0,https://bja.ojp.gov/sites/bja/files/Publications/WomensPathwaysToJail.pdf,183210.0,success,15175,2215,pdf,application/pdf,,,,,,0.0,7d67824f93b0a6790db5.txt,e3f06622bfe52924735bea89e9cefcccad3db8710e95e1d4e769ef1cf093ef38
7d9ba47003bc8c4b6738,https://salud-america.org/latinos-and-the-state-of-unemployment-insurance-and-government-benefits,2026-10-04T02:42:33.959277+00:00,salud-america.org,True,downloaded,200.0,https://salud-america.org/latinos-and-the-state-of-unemployment-insurance-and-government-benefits/,61663.0,success,2553,388,html,text/html; charset=UTF-8,Latinos and the State of Unemployment Insurance and Government Benefits,Cliff Despres,2017-05-09,Salud America!,https://salud-america.org/latinos-and-the-state-of-unemployment-insurance-and-government-benefits/,0.0,7d9ba47003bc8c4b6738.txt,131309f61df23548560c73f6bd75c1f35cb35a5905d10123ed22a75bd091e0d4
7dadd6508fd6537c5b31,https://sciencedirect.com/science/article/abs/pii/S0190740924002147,2026-10-04T02:42:34.834579+00:00,sciencedirect.com,False,http_error,403.0,https://www.sciencedirect.com/science/article/abs/pii/S0190740924002147,1207905.0,not_extracted,0,0,,text/html; charset=UTF-8,,,,,,0.0,,
7db7f063d6eb3c15307e,https://nclc.org/wp-content/uploads/2016/05/20240227_Issue-Brief_Past-Imperfect.pdf,2026-10-04T02:42:35.910912+00:00,nclc.org,True,downloaded,200.0,https://www.nclc.org/wp-content/uploads/2016/05/20240227_Issue-Brief_Past-Imperfect.pdf,413798.0,success,22566,3466,pdf,application/pdf,,,,,,0.0,7db7f063d6eb3c15307e.txt,2791c0baf5a1c5b56f4d7f7b32ada6b8b36a5ad1b4206dba62b7f3d9b4cdf8e8
7dc305148bfd462cc480,https://violence.chop.edu/bullying-schools,2026-10-04T02:42:37.380357+00:00,chop.edu,True,downloaded,200.0,https://violence.chop.edu/bullying-schools,194165.0,success,10142,1564,html,text/html; charset=UTF-8,Bullying in Schools,,2025-07-25,Center for Violence Prevention,https://violence.chop.edu/bullying-schools,0.0,7dc305148bfd462cc480.txt,0b548ceed602319c5ffb8f594a5c7c58ca5fdd35eef4a32c13320ce2a5901d0c
7de5ea1950da89473ae3,https://pmc.ncbi.nlm.nih.gov/articles/PMC11319094,2026-10-04T02:42:37.389895+00:00,nih.gov,True,downloaded,200.0,https://pmc.ncbi.nlm.nih.gov/articles/PMC11319094/,247999.0,success,56939,8534,html,text/html; charset=utf-8,"Disparities in Healthcare-Seeking Behavior and Decision Preference Among Hispanics: A Comparative Study Across Races/Ethnicities, SES, and Provider Types",Cheryl Lin; Alejandra Mella-Velazquez; Wendy E Braund; Pikuei Tu,2024-08-08,Journal of Multidisciplinary Healthcare,https://pmc.ncbi.nlm.nih.gov/articles/PMC11319094/,0.0,7de5ea1950da89473ae3.txt,b11e3acbfcfdd79d20a5be0e07264c242467f8387083ba9380aacb5cbb736e0b
7ebddbb6775ff7d42a81,https://journalofethics.ama-assn.org/article/clinicians-racial-biases-pathways-iatrogenic-harms-black-people/2022-08,2026-10-04T02:42:37.425079+00:00,ama-assn.org,False,http_error,403.0,https://journalofethics.ama-assn.org/article/clinicians-racial-biases-pathways-iatrogenic-harms-black-people/2022-08,5493.0,not_extracted,0,0,,text/html; charset=UTF-8,,,,,,0.0,,
7ef55489c85cb1d2203a,https://ldi.upenn.edu/our-work/research-updates/breaking-the-link-between-disability-and-incarceration,2026-10-04T02:42:37.684629+00:00,upenn.edu,True,downloaded,200.0,https://ldi.upenn.edu/our-work/research-updates/breaking-the-link-between-disability-and-incarceration/,192626.0,success,5220,735,html,text/html; charset=UTF-8,The Link Between Disability and Incarceration,Laurin Bixby,2022-11-23,Penn LDI,https://ldi.upenn.edu/our-work/research-updates/breaking-the-link-between-disability-and-incarceration/,0.0,7ef55489c85cb1d2203a.txt,bab8b95a55b82e81537deddaecf6ddc18d74ca3179a03274fc929c303d8f6500
7f02bbe6b85e4e97ec5f,https://takecommandhealth.com/blog/blog/how-health-insurance-premiums-are-calculated,2026-10-04T02:42:38.053251+00:00,takecommandhealth.com,True,downloaded,200.0,https://www.takecommandhealth.com/blog/blog/how-health-insurance-premiums-are-calculated/,140511.0,success,13441,1878,html,text/html; charset=UTF-8,How Health Insurance Premiums Are Calculated: Factors & Costs,Susanne,2024-05-16,TakeCmdHealth,https://www.takecommandhealth.com/blog/blog/how-health-insurance-premiums-are-calculated/,0.0,7f02bbe6b85e4e97ec5f.txt,3a135f7cbfa997bf48fd064a2928e4c5e7ae9c33f1602efa713f3b298a5afcca
7f16464421be81c16123,https://sentencingproject.org/fact-sheet/incarcerated-women-and-girls,2026-10-04T02:42:38.197686+00:00,sentencingproject.org,True,downloaded,200.0,https://www.sentencingproject.org/fact-sheet/incarcerated-women-and-girls/,105687.0,success,9681,1575,html,text/html; charset=UTF-8,Incarcerated Women and Girls – The Sentencing Project,Kristen M Budd; Ph D; Dinesh Napal; Joshua Rovner,2025-12-04,The Sentencing Project,https://www.sentencingproject.org/fact-sheet/incarcerated-women-and-girls/,0.0,7f16464421be81c16123.txt,d77bbe5a90578644dc89751d04caa4fa466e2d9b43dfbf6910edc0e0845dfa37
7f1f54904d34251b89de,https://everycrsreport.com/reports/R45979.html,2026-10-04T02:42:39.978780+00:00,everycrsreport.com,False,hard_timeout,0.0,https://everycrsreport.com/reports/R45979.html,,not_extracted,0,0,,,,,,,,28.0,,
7f21752a77eb75d12bfa,https://pmc.ncbi.nlm.nih.gov/articles/PMC12088145,2026-10-04T02:42:40.570772+00:00,nih.gov,True,downloaded,200.0,https://pmc.ncbi.nlm.nih.gov/articles/PMC12088145/,107972.0,success,9728,1427,html,text/html; charset=utf-8,Poorer Health in the LGBTQ+ Community Due to Fear of Mistreatment,Corinna CD Franklin,2024-02-12,Journal of the Pediatric Orthopaedic Society of North America,https://pmc.ncbi.nlm.nih.gov/articles/PMC12088145/,0.0,7f21752a77eb75d12bfa.txt,c5794f92bc7a8793c1656eb6c53bdfdad05a6f7c15ac911dce8874ec45bb4535
7f253b8858c6654f4a7b,https://specialneedsanswers.com/accessible-housing-basics-guide-for-people-with-disabilities-21554,2026-10-04T02:42:40.966835+00:00,specialneedsanswers.com,True,downloaded,200.0,https://specialneedsanswers.com/accessible-housing-basics-guide-for-people-with-disabilities-21554,61990.0,success,8116,1236,html,text/html; charset=UTF-8,Accessible Housing Basics Guide for People With Disabilities,Facebook Com; SpecialNeedsPlanners,2026-05-13,Special Needs Answers,https://specialneedsanswers.com/accessible-housing-basics-guide-for-people-with-disabilities-21554,0.0,7f253b8858c6654f4a7b.txt,77b459d99f3a5e2865b408efe1afb41b0fd0df5214311881c55eca9d436ab55d
7f2addd648e20c608504,https://chicagobooth.edu/review/racial-bias-hiring,2026-10-04T02:42:41.281557+00:00,chicagobooth.edu,True,downloaded,200.0,https://www.chicagobooth.edu/review/racial-bias-hiring,72517.0,success,9660,1467,html,text/html; charset=utf-8,From 2003: Racial Bias in Hiring,,2003-03-01,The University of Chicago Booth School of Business,https://www.chicagobooth.edu/review/racial-bias-hiring,0.0,7f2addd648e20c608504.txt,4385a6f8434ca47753071f1550f3bc013fe7ab0345ff00d7f5984f4b93ea692a
7f889414f7b3045a9465,https://policycommons.net/artifacts/4572272/administrative-burdens-and-economic-insecurity-among-black-latino-and-white-families/5395861,2026-10-04T02:42:41.680132+00:00,policycommons.net,True,downloaded,200.0,https://policycommons.net/artifacts/4572272/administrative-burdens-and-economic-insecurity-among-black-latino-and-white-families/5395861/,155978.0,success,1207,167,html,text/html; charset=utf-8,Administrative Burdens and Racial Disparities in Economic Security Following Job Loss,Zachary Parolin; Christina J Cross; Rourke O’Brien,2023-09-01,policycommons.net,https://policycommons.net/artifacts/4572272/administrative-burdens-and-economic-insecurity-among-black-latino-and-white-families/5395861/,0.0,7f889414f7b3045a9465.txt,21cf0f13871fa6afcc5546941300d57419b31d73b0774f77905cb04b760c950d
7fc231abb74f93990c02,https://hrc.org/,2026-10-04T02:42:43.227272+00:00,hrc.org,True,downloaded,200.0,https://www.hrc.org/,103195.0,success,531,46,html,text/html; charset=UTF-8,The Human Rights Campaign | 4 Million Members Strong,,2020-06-02,HRC,https://www.hrc.org/,0.0,7fc231abb74f93990c02.txt,a38addee2332a072712ca4e1c92d94521598aedcb06d08eaa910a057febc3093
7fe698313a06f31bc42f,https://linkedin.com/blog/member/career/dismantling-barriers-to-career-advancement-for-latinos,2026-10-04T02:42:45.072354+00:00,linkedin.com,False,robots_disallowed,,https://linkedin.com/blog/member/career/dismantling-barriers-to-career-advancement-for-latinos,,not_extracted,0,0,,,,,,,,,,
801a28453709aa103c6f,https://emerald.com/ijm/article/39/4/581/148816/What-drives-hiring-discrimination-against,2026-10-04T02:42:45.072637+00:00,emerald.com,False,http_error,403.0,https://www.emerald.com/ijm/article/39/4/581/148816/What-drives-hiring-discrimination-against,5847.0,not_extracted,0,0,,text/html; charset=UTF-8,,,,,,0.0,,
802ed60fe784875743bf,https://prisonpolicy.org/blog/2024/06/04/lgbt_incarceration,2026-10-04T02:42:45.096769+00:00,prisonpolicy.org,True,downloaded,200.0,https://www.prisonpolicy.org/blog/2024/06/04/lgbt_incarceration/,44209.0,success,3020,498,html,text/html; charset=UTF-8,6 facts about the mass incarceration of LGBTQ+ people,Wanda Bertram,2024-06-04,PrisonPolicy,https://www.prisonpolicy.org/blog/2024/06/04/lgbt_incarceration/,0.0,802ed60fe784875743bf.txt,2641686fa3e20c9d8f84f888459e5829b43c2a47003dc9bc860ec6ea1d081476
8039ac50558d8e9d67c4,https://urban.org/sites/default/files/2025-08/Landscape_Analysis_of_Public_Benefit_Enrollment_Approaches_in_the_US.pdf,2026-10-04T02:42:45.369720+00:00,urban.org,False,http_error,403.0,https://www.urban.org/sites/default/files/2025-08/Landscape_Analysis_of_Public_Benefit_Enrollment_Approaches_in_the_US.pdf,6023.0,not_extracted,0,0,,text/html; charset=UTF-8,,,,,,0.0,,
8044a766e6559e332dc7,https://prisonpolicy.org/research/lgbtq,2026-10-04T02:42:47.920132+00:00,prisonpolicy.org,True,downloaded,200.0,https://www.prisonpolicy.org/research/lgbtq/,42939.0,success,5155,784,html,text/html; charset=UTF-8,LGBTQ,Prison Policy Initiative,2026-01-01,PrisonPolicy,https://www.prisonpolicy.org/research/lgbtq/,0.0,8044a766e6559e332dc7.txt,5675310f6ef5fe19fbdda01737e452c8ef703af0ec4e893acdfe2bec8863b976
808b9ef2926ce9d0c9d9,https://avp.org/wp-content/uploads/2017/04/FORGE_Trans_People_Police_Incarceration_Facts.pdf,2026-10-04T02:42:49.025800+00:00,avp.org,True,downloaded,200.0,https://avp.org/wp-content/uploads/2017/04/FORGE_Trans_People_Police_Incarceration_Facts.pdf,137329.0,success,2826,420,pdf,application/pdf,,,,,,0.0,808b9ef2926ce9d0c9d9.txt,4f4ee3fa2864dfbbadbc31e96103a2bdba910362dcb03b2b284614a3d97a9106
80bcc2329d8ddad43371,https://unitedwayla.org/news/housing-inequality-within-the-lgbtq-community,2026-10-04T02:42:49.807191+00:00,unitedwayla.org,True,downloaded,200.0,https://unitedwayla.org/news/housing-inequality-within-the-lgbtq-community/,88518.0,success,9884,1551,html,text/html; charset=UTF-8,Housing Inequality Within the LGBTQ+ Community - United Way L.A.,,2024-06-13,United Way L.A.,https://unitedwayla.org/news/housing-inequality-within-the-lgbtq-community/,0.0,80bcc2329d8ddad43371.txt,a6a335b275f1dacab8ee2b884d702e872d514a2ed421fe6265128a758aa00d0d
80ebb38dc76d8be29252,https://aclu.org/news/racial-justice/the-long-history-of-discrimination-in-job-hiring-assessments,2026-10-04T02:42:50.071300+00:00,aclu.org,True,downloaded,200.0,https://www.aclu.org/news/racial-justice/the-long-history-of-discrimination-in-job-hiring-assessments,72959.0,success,6804,1025,html,text/html; charset=UTF-8,The Long History of Discrimination in Job Hiring Assessments | ACLU,Ricardo Mimbela; Olga Akselrod,2024-05-30,American Civil Liberties Union,https://www.aclu.org/news/racial-justice/the-long-history-of-discrimination-in-job-hiring-assessments,0.0,80ebb38dc76d8be29252.txt,1915b355b0e2c37a91c20548e1008e9f021a3617e1b2f8c19fd81197a737334c
80ef5546326880e40115,https://pmc.ncbi.nlm.nih.gov/articles/PMC9322545,2026-10-04T02:42:51.624257+00:00,nih.gov,True,downloaded,200.0,https://pmc.ncbi.nlm.nih.gov/articles/PMC9322545/,245227.0,success,66949,10252,html,text/html; charset=utf-8,Men's help‐seeking and engagement with general practice: An integrative review,Ruth Mursa; Christopher Patterson; Elizabeth Halcomb,2022-04-05,Journal of Advanced Nursing,https://pmc.ncbi.nlm.nih.gov/articles/PMC9322545/,0.0,80ef5546326880e40115.txt,e72ccdb8e4f0584222f575b3e3eba142c4af0957d51a0a42002926b640bf55aa
80fd3130802ea248e5d6,https://ssa.gov/policy/docs/ssb/v85n3/v85n3p1.html,2026-10-04T02:42:51.729182+00:00,ssa.gov,False,curl_error,0.0,https://ssa.gov/policy/docs/ssb/v85n3/v85n3p1.html,,not_extracted,0,0,,,,,,,,60.0,,
8112c616c93f4f6dc264,https://safetyandjusticechallenge.org/blog/what-is-behind-the-overrepresentation-of-people-who-identify-as-lgbtq-in-the-criminal-legal-system,2026-10-04T02:42:52.119916+00:00,safetyandjusticechallenge.org,True,downloaded,200.0,https://safetyandjusticechallenge.org/blog/what-is-behind-the-overrepresentation-of-people-who-identify-as-lgbtq-in-the-criminal-legal-system/,84347.0,success,7181,1029,html,text/html; charset=UTF-8,What Is Behind the Overrepresentation of People Who Identify as LGBTQ+ in the Criminal Legal System? - Safety and Justice Challenge,Matt Davis,2022-06-24,Safety and Justice Challenge,https://safetyandjusticechallenge.org/blog/what-is-behind-the-overrepresentation-of-people-who-identify-as-lgbtq-in-the-criminal-legal-system/,0.0,8112c616c93f4f6dc264.txt,9f0d0516e8775ca80974d0669995350b40ee4be472d9602ff25790ac219a70b7
81222072f994e7dfe62c,https://highereddive.com/news/racial-ethnicity-higher-education-college-2024/716665,2026-10-04T02:42:52.444518+00:00,highereddive.com,True,downloaded,200.0,https://www.highereddive.com/news/racial-ethnicity-higher-education-college-2024/716665/,195124.0,success,3119,483,html,text/html; charset=utf-8,‘Unacceptable gaps persist’: A new report details higher ed’s racial and ethnic disparities,Natalie Schwartz,2024-05-21,Higher Ed Dive,https://www.highereddive.com/news/racial-ethnicity-higher-education-college-2024/716665/,0.0,81222072f994e7dfe62c.txt,b3848bd4643b59a1b0dcd199fec04749ca99730cd96bd2d67d4b6469678acb45
814b499c56030da76e5b,https://digitalgovernmenthub.org/library/strategies-for-improving-public-benefits-access-and-retention,2026-10-04T02:42:53.260532+00:00,digitalgovernmenthub.org,False,robots_disallowed,,https://digitalgovernmenthub.org/library/strategies-for-improving-public-benefits-access-and-retention,,not_extracted,0,0,,,,,,,,,,
817957efcb5351dea826,https://bipartisanpolicy.org/report/housing-supply-and-homelessness,2026-10-04T02:42:53.260794+00:00,bipartisanpolicy.org,False,http_error,403.0,https://bipartisanpolicy.org/report/housing-supply-and-homelessness,5716.0,not_extracted,0,0,,text/html; charset=UTF-8,,,,,,0.0,,
818a3e772d18cde98eee,https://chrt.org/publication/housing-crisis-magnified,2026-10-04T02:42:53.656250+00:00,chrt.org,False,http_error,403.0,https://chrt.org/publication/housing-crisis-magnified,5698.0,not_extracted,0,0,,text/html; charset=UTF-8,,,,,,0.0,,
81a93b1da81732f64fee,https://endhomelessness.org/resources/sharable-graphics/racial-inequalities-homelessness-numbers,2026-10-04T02:42:55.006557+00:00,endhomelessness.org,True,downloaded,200.0,https://endhomelessness.org/resources/sharable-graphics/racial-inequalities-homelessness-numbers,334994.0,success,1636,252,html,text/html; charset=UTF-8,"Racial Inequalities in Homelessness, by the Numbers",Daniel Soucy,2025-03-09,National Alliance to End Homelessness,https://endhomelessness.org/resources/sharable-graphics/racial-inequalities-homelessness-numbers/,0.0,81a93b1da81732f64fee.txt,a49bc020c9d9e707b9393a9e600bdfe580f745b4e1ec99ca837e8720e5e2e9a2
81d202d702686e821737,https://nacdl.org/Content/Race-and-Sentencing,2026-10-04T02:42:55.355546+00:00,nacdl.org,True,downloaded,200.0,https://www.nacdl.org/Content/Race-and-Sentencing,288921.0,success,5817,860,html,text/html; charset=utf-8,NACDL - Race and Sentencing,,2022-11-23,NACDL - National Association of Criminal Defense Lawyers,https://www.nacdl.org/Content/Race-and-Sentencing,0.0,81d202d702686e821737.txt,d0e7ab04c20a16cb28777452604941dc6cbb327774a23914a76c08f87ac17208
82366955ac87972de709,https://casrf.org/post/breaking-barriers-through-access-to-education,2026-10-04T02:42:56.239559+00:00,casrf.org,True,downloaded,200.0,https://www.casrf.org/post/breaking-barriers-through-access-to-education,1476898.0,success,5412,800,html,text/html; charset=UTF-8,Education Access for a Brighter Future,California Scottish Rite,2025-04-14,CASRF,https://www.casrf.org/post/breaking-barriers-through-access-to-education,0.0,82366955ac87972de709.txt,1b95697ece6fe08344c306557e28eada3ad32a8d340727e54945c381a5615cd6
8244413aea585fd0ee5d,https://educationsupport.org.uk/resources/for-individuals/guides/bullying-and-harassment,2026-10-04T02:42:56.320789+00:00,educationsupport.org.uk,True,downloaded,200.0,https://www.educationsupport.org.uk/resources/for-individuals/guides/bullying-and-harassment/,678904.0,success,14738,2364,html,text/html; charset=utf-8,Bullying and harassment of teachers and education staff,,2026-01-01,educationsupport.org.uk,https://www.educationsupport.org.uk/resources/for-individuals/guides/bullying-and-harassment/,0.0,8244413aea585fd0ee5d.txt,9698ed1db698f9dfad44c8ab5bc05ab77f0d01bfb8a74d705a23a6935c0c38c7
82614369e1ad8f8d31ca,https://researchgate.net/publication/360692134_The_effect_of_administrative_burden_on_state_safety-net_participation_Evidence_from_food_assistance_cash_assistance_and_Medicaid,2026-10-04T02:42:56.727754+00:00,researchgate.net,False,http_error,403.0,https://www.researchgate.net/publication/360692134_The_effect_of_administrative_burden_on_state_safety-net_participation_Evidence_from_food_assistance_cash_assistance_and_Medicaid,21138.0,not_extracted,0,0,,text/html; charset=UTF-8,,,,,,0.0,,
8296ac7047c58ddb9741,https://mitsloan.mit.edu/ideas-made-to-matter/to-keep-employees-focus-career-advancement,2026-10-04T02:42:57.218085+00:00,mit.edu,True,downloaded,200.0,https://mitsloan.mit.edu/ideas-made-to-matter/to-keep-employees-focus-career-advancement,71116.0,success,6876,1054,html,text/html; charset=UTF-8,"To keep employees, focus on career advancement | MIT Sloan",Kara Baskin,2023-06-13,MIT Sloan School of Management,https://mitsloan.mit.edu/ideas-made-to-matter/to-keep-employees-focus-career-advancement,0.0,8296ac7047c58ddb9741.txt,54f557e7a59d64dfeb16558e39fa59f712368af20c29d39064219e167617f783
82baf099d99ab62f07f8,https://sciencedirect.com/science/article/am/pii/S0160252720300285,2026-10-04T02:42:57.561577+00:00,sciencedirect.com,False,http_error,403.0,https://www.sciencedirect.com/science/article/am/pii/S0160252720300285,1207902.0,not_extracted,0,0,,text/html; charset=UTF-8,,,,,,0.0,,
82d0156a8592e50ebf9b,https://19thnews.org/2023/04/lgbtq-finances-bills-economic-insecurity,2026-10-04T02:43:00.717878+00:00,19thnews.org,True,downloaded,200.0,https://19thnews.org/2023/04/lgbtq-finances-bills-economic-insecurity/,143129.0,success,6462,1003,html,text/html; charset=UTF-8,"Many LGBTQ+ Americans are unable to pay bills, keep savings or hold bank accounts, survey shows",Orion Rummler,2023-04-07,19Th News,https://19thnews.org/2023/04/lgbtq-finances-bills-economic-insecurity/,0.0,82d0156a8592e50ebf9b.txt,9f422265e5183eeabe31761c771d13d35c155346ea7111a408a04726127e92f9
82ed2c3257a4974f88ec,https://latinopolicyforum.org/housing,2026-10-04T02:43:01.695816+00:00,latinopolicyforum.org,False,http_error,403.0,https://latinopolicyforum.org/housing,5582.0,not_extracted,0,0,,text/html; charset=UTF-8,,,,,,0.0,,
82ff31bfeb455e00be26,https://brookings.edu/articles/latinos-and-the-future-of-finance-why-we-need-to-examine-the-motivations-and-effects-of-latinos-fintech-adoption,2026-10-04T02:43:02.947526+00:00,brookings.edu,True,downloaded,200.0,https://www.brookings.edu/articles/latinos-and-the-future-of-finance-why-we-need-to-examine-the-motivations-and-effects-of-latinos-fintech-adoption/,228764.0,success,20438,2995,html,text/html; charset=UTF-8,Latinos and the future of finance: Why we need to examine the motivations and effects of Latinos’ fintech adoption | Brookings,James C Benton,2023-09-18,Brookings,https://www.brookings.edu/articles/latinos-and-the-future-of-finance-why-we-need-to-examine-the-motivations-and-effects-of-latinos-fintech-adoption/,0.0,82ff31bfeb455e00be26.txt,23c7d4ec173a3325ba8815d3aaa4deb9214ecbc63b9ecbdce1591d703441942d
833d8196d72d4faa41e5,https://hispanicpro.com/profiles/blogs/latinos-on-the-rise-career-power-moves-in-2025,2026-10-04T02:43:03.325440+00:00,hispanicpro.com,False,hard_timeout,0.0,https://hispanicpro.com/profiles/blogs/latinos-on-the-rise-career-power-moves-in-2025,,not_extracted,0,0,,,,,,,,28.0,,
83411753bc19d954c68f,https://americanprogress.org/article/systematic-inequality,2026-10-04T02:43:04.424610+00:00,americanprogress.org,False,http_error,403.0,https://www.americanprogress.org/article/systematic-inequality,5694.0,not_extracted,0,0,,text/html; charset=UTF-8,,,,,,0.0,,
8385cc89304bf1335605,https://prisonpolicy.org/racialgeography/report.html,2026-10-04T02:43:05.253710+00:00,prisonpolicy.org,True,downloaded,200.0,https://www.prisonpolicy.org/racialgeography/report.html,65756.0,success,27219,4365,html,text/html; charset=UTF-8,The Racial Geography of Mass Incarceration,Prison Policy Initiative,2026-01-01,PrisonPolicy,https://www.prisonpolicy.org/racialgeography/report.html,0.0,8385cc89304bf1335605.txt,d20c6739375fe5ddfab5d97575ae55544198547424a3aa9ef4ed00b8705360ae
838799bc00522a04fbec,https://naacp.org/resources/racial-disparities-medicaid-reenrollment,2026-10-04T02:43:06.206690+00:00,naacp.org,True,downloaded,200.0,https://naacp.org/resources/racial-disparities-medicaid-reenrollment,132376.0,success,3583,482,html,text/html; charset=utf-8,Racial Disparities in Medicaid Reenrollment,,2025-10-18,NAACP,https://naacp.org/resources/racial-disparities-medicaid-reenrollment,0.0,838799bc00522a04fbec.txt,32255793f6a701a3665219cfa62e724c48e40a628f063fb4c93084b225dc3108
83bc7767b1c271ff20c8,https://bristol.ac.uk/media-library/sites/geography/pfrc/documents/fwb-of-disabled-people-essential-services.pdf,2026-10-04T02:43:07.785271+00:00,bristol.ac.uk,True,downloaded,200.0,https://www.bristol.ac.uk/media-library/sites/geography/pfrc/documents/fwb-of-disabled-people-essential-services.pdf,1026983.0,success,21486,3250,pdf,application/pdf,,,,,,0.0,83bc7767b1c271ff20c8.txt,cca9a47cc9ac32bbd2379fc1750e9e280fef023b1c8dd47749f99067e266c06a
83c05e21a0d53c312115,https://nature.com/articles/s41599-023-01936-z,2026-10-04T02:43:07.902932+00:00,nature.com,True,downloaded,200.0,https://www.nature.com/articles/s41599-023-01936-z?error=cookies_not_supported&code=a7c3168b-3540-440b-b631-8b112746c834,539189.0,success,91632,13412,html,text/html; charset=utf-8,Determining factors and alternatives for the career development of women executives: a multicriteria decision model - Humanities and Social Sciences Communications,Martín-Peña; María Luz; Cachón-García; Cristina R; De Vicente y Oliva; María A,2023-07-21,Nature,https://www.nature.com/articles/s41599-023-01936-z,0.0,83c05e21a0d53c312115.txt,686a539e586e2e5c4f6e8514c610bbd9b4c261ebb89e356d2fe6dc81ac03a8d2
83c8b5f3c1ebd9e92708,https://pmc.ncbi.nlm.nih.gov/articles/PMC10834057,2026-10-04T02:43:08.355423+00:00,nih.gov,True,downloaded,200.0,https://pmc.ncbi.nlm.nih.gov/articles/PMC10834057/,128870.0,success,17908,2517,html,text/html; charset=utf-8,Work-related sexual and gender harassment: conceptual challenges and the need for evidence-based prevention,Ida EH Madsen; Maj Britt D Nielsen,2023-09-29,"Scandinavian Journal of Work, Environment & Health",https://pmc.ncbi.nlm.nih.gov/articles/PMC10834057/,0.0,83c8b5f3c1ebd9e92708.txt,a35994390acc37f6beaf5e94e753f42dbb243b0d3c6ab42960b4470dd542f55b
83d895937bb30578d610,https://endhomelessness.org/resources/toolkits-and-training-materials/how-providers-can-address-homelessness-among-gender-expansive-people,2026-10-04T02:43:08.825896+00:00,endhomelessness.org,True,downloaded,200.0,https://endhomelessness.org/resources/toolkits-and-training-materials/how-providers-can-address-homelessness-among-gender-expansive-people,341775.0,success,16601,2409,html,text/html; charset=UTF-8,How Providers Can Address Homelessness Among Gender-Expansive People,Daniel Soucy,2025-06-25,National Alliance to End Homelessness,https://endhomelessness.org/resources/toolkits-and-training-materials/how-providers-can-address-homelessness-among-gender-expansive-people/,0.0,83d895937bb30578d610.txt,d2d1b03df574e4f4d98c4231d6108acff71bc6244611e02186896b7561a83461
83eb4980a1e130d9237c,https://cbpp.org/research/food-assistance/improving-snap-and-medicaid-access-snap-renewals,2026-10-04T02:43:09.800123+00:00,cbpp.org,False,http_error,403.0,https://cbpp.org/research/food-assistance/improving-snap-and-medicaid-access-snap-renewals,6158.0,not_extracted,0,0,,text/html; charset=UTF-8,,,,,,0.0,,
843479b7342d14d3e40c,https://brossfrankel.com/blog,2026-10-04T02:43:11.257516+00:00,brossfrankel.com,True,downloaded,200.0,https://brossfrankel.com/blog/,139792.0,success,7075,1028,html,text/html; charset=UTF-8,"Recent News | Bross & Frankel, P.A.",,2026-05-15,"Bross & Frankel, P.A.",https://brossfrankel.com/blog/,0.0,843479b7342d14d3e40c.txt,91a76655fa7e5b7ea158bc2608eaab896daf43eb50db8cfc431084e29276ade0
84381366e921dd26218e,https://povertyactionlab.org/evaluation/discrimination-job-market-united-states,2026-10-04T02:43:12.402780+00:00,povertyactionlab.org,True,downloaded,200.0,https://www.povertyactionlab.org/evaluation/discrimination-job-market-united-states,106176.0,success,4679,677,html,text/html; charset=utf-8,Discrimination in the Job Market in the United States | The Abdul Latif Jameel Poverty Action Lab,,2002-12-12,The Abdul Latif Jameel Poverty Action Lab (J-PAL),https://www.povertyactionlab.org/evaluation/discrimination-job-market-united-states,0.0,84381366e921dd26218e.txt,0a6ddfa48e62fb88a217963d3e770cad2afb15d9f2bbee1bd005e8a6adcc3a70
84a1efdfceb4752f5813,https://workassist.in/blog/what-are-the-factors-that-affect-the-recruitment-process,2026-10-04T02:43:12.917661+00:00,workassist.in,True,downloaded,200.0,https://www.workassist.in/blog/what-are-the-factors-that-affect-the-recruitment-process,429102.0,success,2433,341,html,text/html; charset=utf-8,Why Are Top Companies Rejecting Good Candidates — 10 Recruitment Factors Nobody Tells You,Workassist,2025-05-20,Workassist,https://www.workassist.in/,0.0,84a1efdfceb4752f5813.txt,eb6efce47046bec6b87bbd2ffdba051b8e66ddc03309c52ebcf49a3d08be3093
84b5f42e410aaa0a3300,https://uncf.org/pages/k-12-disparity-facts-and-stats,2026-10-04T02:43:12.970605+00:00,uncf.org,True,downloaded,200.0,https://uncf.org/pages/k-12-disparity-facts-and-stats,84156.0,success,4000,622,html,text/html; charset=UTF-8,Education Inequality: K-12 Disparity Facts - UNCF,,2025-07-22,United Negro College Fund,https://uncf.org/pages/k-12-disparity-facts-and-stats,0.0,84b5f42e410aaa0a3300.txt,81073d6dc3a57a1bf6e1bc83f61aa5ccd998a887562171037849bfc72abdc5c9
84f89ff1458be1bfa930,https://transgenderlawcenter.org/resources/prisons,2026-10-04T02:43:14.005792+00:00,transgenderlawcenter.org,True,downloaded,200.0,https://transgenderlawcenter.org/resources/prisons/,102071.0,success,3816,581,html,text/html; charset=UTF-8,Prisons and Policing - Transgender Law Center,,2025-12-10,Transgender Law Center,https://transgenderlawcenter.org/resources/prisons/,0.0,84f89ff1458be1bfa930.txt,9601aae12fb5810d2cc5c4dc2ef1fa008ed12e0f63887024748cffe0c53e91f1
85079b298b614bbf0cbb,https://newamerica.org/insights/financial-inclusion-and-access-within-the-latino-immigrant-community,2026-10-04T02:43:16.337193+00:00,newamerica.org,True,downloaded,200.0,https://www.newamerica.org/insights/financial-inclusion-and-access-within-the-latino-immigrant-community/,92285.0,success,8026,1143,html,text/html; charset=UTF-8,Financial Inclusion and Access within the Latino Immigrant Community,More About the Author Hannah Emple,2013-06-04,New America - Big Ideas and Bold Solutions,https://www.newamerica.org/insights/financial-inclusion-and-access-within-the-latino-immigrant-community/,0.0,85079b298b614bbf0cbb.txt,a4b9a59041f77c0d78940243fff5be0cb99c85bae3ecc25ee5a9ed7117582632
8528f7fc73279817293b,https://cbpp.org/research/housing/addressing-the-housing-affordability-crisis-requires-increasing-housing-supply-and,2026-10-04T02:43:16.911064+00:00,cbpp.org,False,http_error,403.0,https://cbpp.org/research/housing/addressing-the-housing-affordability-crisis-requires-increasing-housing-supply-and,6158.0,not_extracted,0,0,,text/html; charset=UTF-8,,,,,,0.0,,
853c76519358a581bde7,https://pmc.ncbi.nlm.nih.gov/articles/PMC9617098,2026-10-04T02:43:17.999825+00:00,nih.gov,True,downloaded,200.0,https://pmc.ncbi.nlm.nih.gov/articles/PMC9617098/,243114.0,success,59706,9402,html,text/html; charset=utf-8,Preventive care use among Hispanic adults with limited comfort speaking English: An analysis of the Medical Expenditure Panel Survey data,Ingrid J Hall; Sun Hee Rim; Sabitha Dasari,2022-04-07,Preventive medicine,https://pmc.ncbi.nlm.nih.gov/articles/PMC9617098/,0.0,853c76519358a581bde7.txt,1f980101b6a70ecdda8c2281176ac72ebe337b1a5b395ca6c2e3e79b744475e6
855b1786e434f5d3c79f,https://youtube.com/watch?t=55s&v=0Y8nkKlxvzE,2026-10-04T02:43:19.968280+00:00,youtube.com,True,downloaded,200.0,https://www.youtube.com/watch?t=55s&v=0Y8nkKlxvzE,1304126.0,success,146,23,html,text/html; charset=utf-8,How anti-gay laws reach beyond criminal justice | Coffee break research at LSE,,2025-04-22,YouTube,https://www.youtube.com/watch?v=0Y8nkKlxvzE,0.0,855b1786e434f5d3c79f.txt,8dbba17988e385133ba8f51d76cde1fc2c859262b666cb848e9cfe2478fd5e71
85a05533b7951f3fcf96,https://tcf.org/content/report/racism-inequality-health-care-african-americans,2026-10-04T02:43:20.688026+00:00,tcf.org,False,http_error,403.0,https://tcf.org/content/report/racism-inequality-health-care-african-americans,4857.0,not_extracted,0,0,,text/html; charset=UTF-8,,,,,,0.0,,
85bf8e8aa2e3dd15b305,https://cdiaonline.org/cdia-statements/2022/02/02/credit-reporting-industry-helping-transgender-and-nonbinary-individuals-prevent-potential-disruptions-to-their-credit,2026-10-04T02:43:20.905329+00:00,cdiaonline.org,True,downloaded,200.0,https://www.cdiaonline.org/cdia-statements/2022/02/02/credit-reporting-industry-helping-transgender-and-nonbinary-individuals-prevent-potential-disruptions-to-their-credit/,119529.0,success,4342,654,html,text/html; charset=UTF-8,Credit Reporting Industry: Helping Transgender and Nonbinary Individuals Prevent Potential Disruptions to Their Credit - CDIA,CDIA Staff,2022-02-02,Consumer Data Industry Association (CDIA),https://www.cdiaonline.org/cdia-statements/2022/02/02/credit-reporting-industry-helping-transgender-and-nonbinary-individuals-prevent-potential-disruptions-to-their-credit/,0.0,85bf8e8aa2e3dd15b305.txt,28b126c4791461d0089867fe31475bd6220b8af3fe072f78970dd871d9775d67
860e6cb23f65cbc4a2de,https://pmc.ncbi.nlm.nih.gov/articles/PMC10984377,2026-10-04T02:43:21.472302+00:00,nih.gov,True,downloaded,200.0,https://pmc.ncbi.nlm.nih.gov/articles/PMC10984377,21371.0,success,131,18,html,text/html; charset=utf-8,Checking your browser,,2026-09-11,google.com,https://www.google.com/recaptcha/challengepage,0.0,860e6cb23f65cbc4a2de.txt,a29166d0eaaa418bd5af61a282f1183a46c84c4d5e4c90689b1b452d230d05cc
866082191518cc0423d8,https://journals.sagepub.com/doi/10.1177/0731948717690115?int.sj-abstract.similar-articles.8=,2026-10-04T02:43:22.514015+00:00,sagepub.com,False,http_error,403.0,https://journals.sagepub.com/doi/10.1177/0731948717690115?int.sj-abstract.similar-articles.8=,5903.0,not_extracted,0,0,,text/html; charset=UTF-8,,,,,,0.0,,
86f397f51f4f585a4109,https://bdplaw.com/insights/best-practices-for-employers-accommodating-transgender-workers,2026-10-04T02:43:22.560798+00:00,bdplaw.com,True,downloaded,200.0,https://www.bdplaw.com/insights/best-practices-for-employers-accommodating-transgender-workers,59328.0,success,10537,1565,html,text/html; charset=utf-8,Best practices for employers accommodating transgender workers | BD&P,,2019-06-17,bdplaw.com,https://www.bdplaw.com/insights/best-practices-for-employers-accommodating-transgender-workers,0.0,86f397f51f4f585a4109.txt,2b87aadcb761d533d1c401540d30ef3bb9add1951ac57c27efc67cf588061686
870aa49b89bc34a73d79,https://pmc.ncbi.nlm.nih.gov/articles/PMC6603960,2026-10-04T02:43:24.692283+00:00,nih.gov,True,downloaded,200.0,https://pmc.ncbi.nlm.nih.gov/articles/PMC6603960,21367.0,success,131,18,html,text/html; charset=utf-8,Checking your browser,,2026-09-11,google.com,https://www.google.com/recaptcha/challengepage,0.0,870aa49b89bc34a73d79.txt,a29166d0eaaa418bd5af61a282f1183a46c84c4d5e4c90689b1b452d230d05cc
871e4477e40072f47568,https://pmc.ncbi.nlm.nih.gov/articles/PMC11812675,2026-10-04T02:43:24.901256+00:00,nih.gov,True,downloaded,200.0,https://pmc.ncbi.nlm.nih.gov/articles/PMC11812675/,169564.0,success,38124,5598,html,text/html; charset=utf-8,What Factors Influence Patient Measures of Safety Among Adults?,Yujeong Kim; Eunhee Nam,2025-02-07,Risk Management and Healthcare Policy,https://pmc.ncbi.nlm.nih.gov/articles/PMC11812675/,0.0,871e4477e40072f47568.txt,00472b2151fd43246065f8750b92d08cb42d5c756e3c5a551ba49821a2860dae
87411315d209792c5506,https://ncan.org/Web/News/539190,2026-10-04T02:43:26.664737+00:00,ncan.org,True,downloaded,200.0,https://ncan.org/Web/News/539190,138630.0,success,12491,1891,html,text/html; charset=utf-8,"What’s Causing College Access Disparities, in 15 Charts",,2026-01-06,ncan.org,https://www.ncan.org/Web/Web/News/539190.aspx,0.0,87411315d209792c5506.txt,2f06a63864e20f2dc278913fa38efffc780d538981f3444c8ea07caed68936b9
87cb728b8e03bc5e7c78,https://canada.ca/en/women-gender-equality/gender-equality/facts-stats-impact.html,2026-10-04T02:43:26.968459+00:00,canada.ca,False,curl_error,302.0,https://www.canada.ca/en/women-gender-equality/gender-equality/facts-stats-impact.html,,not_extracted,0,0,,,,,,,,92.0,,
880628d7ec194544a938,https://alis.alberta.ca/tools-and-resources/resources-for-women/career-advancement-strategies-for-women,2026-10-04T02:43:26.978398+00:00,alberta.ca,True,downloaded,200.0,https://alis.alberta.ca/tools-and-resources/resources-for-women/career-advancement-strategies-for-women,111223.0,success,8166,1291,html,text/html; charset=utf-8,Career Advancement Strategies for Women - alis,,2025-09-23,Alis,https://alis.alberta.ca/tools-and-resources/resources-for-women/career-advancement-strategies-for-women/,0.0,880628d7ec194544a938.txt,357ffbf62b863fbc99eeb8372b3af66b35732d92461d377cf9267292afd6abb3
8824e4008cdf0ea2b49b,https://latino.ucla.edu/research/american-dream-deferred,2026-10-04T02:43:28.902291+00:00,ucla.edu,True,downloaded,200.0,https://latino.ucla.edu/research/american-dream-deferred/,192194.0,success,23853,3569,html,text/html; charset=UTF-8,American Dream Deferred,,2023-06-08,Latino Policy & Politics Institute,https://latino.ucla.edu/research/american-dream-deferred/,0.0,8824e4008cdf0ea2b49b.txt,aae9ed22f463ccaaefb6e54528565067873825651f75de05b858dec1ba0781d1
886609664ef2d420eb84,https://cbcfinc.org/capstones/economic-opportunity/a-net-with-gapping-holes-unemployment-insurance-and-racial-inequality,2026-10-04T02:43:29.030947+00:00,cbcfinc.org,True,downloaded,200.0,https://www.cbcfinc.org/capstones/economic-opportunity/a-net-with-gapping-holes-unemployment-insurance-and-racial-inequality/,182730.0,success,51495,7026,html,text/html; charset=UTF-8,A Net with Gapping Holes: Unemployment Insurance and Racial Inequality » Congressional Black Caucus Foundation » Advancing the Global Black Community by Developing Leaders Informing Policy and Educating the Public,,2024-11-27,"Congressional Black Caucus Foundation, Inc.",https://www.cbcfinc.org/capstones/economic-opportunity/a-net-with-gapping-holes-unemployment-insurance-and-racial-inequality/,0.0,886609664ef2d420eb84.txt,b6f146c96c8f86d133f8d4ac685fc5f01064415de84f917418cab8f531a9b05a
88859c6d2d79781ed790,https://shelteringgrace.org/the-unique-challenges-of-women-facing-homelessness,2026-10-04T02:43:32.062978+00:00,shelteringgrace.org,True,downloaded,200.0,https://shelteringgrace.org/the-unique-challenges-of-women-facing-homelessness/,200908.0,success,4259,702,html,text/html; charset=UTF-8,The Unique Challenges of Women Facing Homelessness - Sheltering Grace Ministry,Dr Ralph E Bell,2023-04-19,Sheltering Grace Ministry,https://shelteringgrace.org/the-unique-challenges-of-women-facing-homelessness/,0.0,88859c6d2d79781ed790.txt,61d5c710eba9d2b838c6a998351cee05cbde08e80f83f67b9a812b6a34629009
88cce15387efc3379849,https://pmc.ncbi.nlm.nih.gov/articles/PMC12895444,2026-10-04T02:43:33.087161+00:00,nih.gov,True,downloaded,200.0,https://pmc.ncbi.nlm.nih.gov/articles/PMC12895444,21367.0,success,131,18,html,text/html; charset=utf-8,Checking your browser,,2026-09-11,google.com,https://www.google.com/recaptcha/challengepage,0.0,88cce15387efc3379849.txt,a29166d0eaaa418bd5af61a282f1183a46c84c4d5e4c90689b1b452d230d05cc
88d111577fbc186be2a5,https://cbpp.org/blog/eliminating-structural-barriers-can-improve-latino-peoples-access-to-health-coverage,2026-10-04T02:43:33.381178+00:00,cbpp.org,False,http_error,403.0,https://cbpp.org/blog/eliminating-structural-barriers-can-improve-latino-peoples-access-to-health-coverage,6158.0,not_extracted,0,0,,text/html; charset=UTF-8,,,,,,0.0,,
892900986fcb922b008b,https://transequality.org/issues/resources/failing-to-protect-and-serve-police-department-policies-towards-transgender-people,2026-10-04T02:43:33.697263+00:00,transequality.org,True,downloaded,200.0,https://transequality.org/issues/resources/failing-to-protect-and-serve-police-department-policies-towards-transgender-people,91623.0,success,2487,354,html,text/html; charset=UTF-8,Failing to Protect and Serve: Police Department Policies Towards Transgender People | A4TE,,2026-01-01,A4TE,https://transequality.org/issues/resources/failing-to-protect-and-serve-police-department-policies-towards-transgender-people,0.0,892900986fcb922b008b.txt,be3eb1ce3d504a2fba1ccd5c58bd3bc14a78eed0b1095b57f6c70ba2e8a85c59
897258a90e31a5f433b0,https://usnews.com/education/best-colleges/articles/2018-11-02/how-gender-influences-college-admissions,2026-10-04T02:43:36.345625+00:00,usnews.com,False,hard_timeout,0.0,https://usnews.com/education/best-colleges/articles/2018-11-02/how-gender-influences-college-admissions,,not_extracted,0,0,,,,,,,,28.0,,
898722d0754e86359658,https://ohchr.org/en/statements-and-speeches/2019/10/inclusion-lgbt-people-education-settings-paramount-importance,2026-10-04T02:43:36.547635+00:00,ohchr.org,True,downloaded,200.0,https://www.ohchr.org:443/en/ohchr_homepage,137487.0,success,3640,545,html,text/html; charset=UTF-8,UN Human Rights Office,,2023-11-29,OHCHR,https://www.ohchr.org/en/ohchr_homepage,0.0,898722d0754e86359658.txt,ff5485c877c0aed6b4ee2bf6fc95f8066055efa5d8847fe15b05a04dfe6dda10
89ae2059cdbf831bc6d0,https://americanhealth.jhu.edu/news/undercounted-survivors-intimate-partner-violence-who-are-experiencing-homelessness,2026-10-04T02:43:36.552880+00:00,jhu.edu,True,downloaded,200.0,https://americanhealth.jhu.edu/news/undercounted-survivors-intimate-partner-violence-who-are-experiencing-homelessness,38952.0,success,3635,530,html,text/html; charset=UTF-8,Undercounted: Survivors of Intimate Partner Violence Who Are Experiencing Homelessness,,2025-03-06,Bloomberg American Health Initiative,https://americanhealth.jhu.edu/news/undercounted-survivors-intimate-partner-violence-who-are-experiencing-homelessness,0.0,89ae2059cdbf831bc6d0.txt,f29543d250a95aac0fac6156094279c76900fc4bd2a0e9a7e977b9fde13544b5
89b00a5f07fe2325e4f8,https://womensworldbanking.org/wp-content/uploads/2022/12/Check-Your-Bias-A-Field-Guide-for-Lenders.pdf,2026-10-04T02:43:37.503206+00:00,womensworldbanking.org,True,downloaded,200.0,https://www.womensworldbanking.org/wp-content/uploads/2022/12/Check-Your-Bias-A-Field-Guide-for-Lenders.pdf,5229804.0,success,75795,11415,pdf,application/pdf,,,,,,0.0,89b00a5f07fe2325e4f8.txt,362d9a8acec6c188979be6bf3247d7fe7055183ce44d0e367327ff31a20b1094
89decfa5c15aec8c9c91,https://youtube.com/watch?t=105s&v=-oJPcnpXONA,2026-10-04T02:43:38.756767+00:00,youtube.com,True,downloaded,200.0,https://www.youtube.com/watch?t=105s&v=-oJPcnpXONA,1291885.0,success,146,23,html,text/html; charset=utf-8,Mind the Gap - Being Gender Responsive in Criminal Justice | Kim Bogucki | TEDxJIBC,,2020-01-13,YouTube,https://www.youtube.com/watch?v=-oJPcnpXONA,0.0,89decfa5c15aec8c9c91.txt,8dbba17988e385133ba8f51d76cde1fc2c859262b666cb848e9cfe2478fd5e71
8a017f22833bba87f0fd,https://pmc.ncbi.nlm.nih.gov/articles/PMC4524744,2026-10-04T02:43:41.304910+00:00,nih.gov,True,downloaded,200.0,https://pmc.ncbi.nlm.nih.gov/articles/PMC4524744/,363174.0,success,91520,15143,html,text/html; charset=utf-8,Understanding the Educational Attainment of Sexual Minority Women and Men*,Stefanie Mollborn; Bethany Everett,2015-04-30,Research in social stratification and mobility,https://pmc.ncbi.nlm.nih.gov/articles/PMC4524744/,0.0,8a017f22833bba87f0fd.txt,924ff7095f053e1284fe5d61f7f2dbdbd6f4cc5e3fa5cea99ce150fce96eca45
8a096aee0a6e9c899ee1,https://crimrxiv.com/pub/spfg4hk6,2026-10-04T02:43:41.423677+00:00,crimrxiv.com,False,http_error,403.0,https://www.crimrxiv.com/pub/spfg4hk6,5811.0,not_extracted,0,0,,text/html; charset=UTF-8,,,,,,0.0,,
8a193db7364cccbc3731,https://hbtbank.com/personal-banking/five-factors-that-impact-your-credit-score,2026-10-04T02:43:41.596177+00:00,hbtbank.com,True,downloaded,200.0,https://www.hbtbank.com/personal-banking/five-factors-that-impact-your-credit-score/,99299.0,success,3300,581,html,text/html; charset=UTF-8,Five Factors That Impact Your Credit Score - Heartland Bank and Trust Company,Heartland Bank; Trust Company; Csmedit,2025-01-01,Heartland Bank and Trust Company,https://www.hbtbank.com/personal-banking/five-factors-that-impact-your-credit-score/,0.0,8a193db7364cccbc3731.txt,5497a26b4b182e3598b7aa2e35c5f4a5b125534224da786e83968eb4f101879f
8a1d357c50e1c67ba9dc,https://academic.oup.com/gerontologist/article/65/9/gnaf158/8165435,2026-10-04T02:43:42.342103+00:00,oup.com,False,http_error,403.0,https://academic.oup.com/gerontologist/article/65/9/gnaf158/8165435,5682.0,not_extracted,0,0,,text/html; charset=UTF-8,,,,,,0.0,,
8a42c6ab08510e278619,https://libertystreeteconomics.newyorkfed.org/2024/01/an-overlooked-factor-in-banks-lending-to-minorities,2026-10-04T02:43:42.498899+00:00,newyorkfed.org,True,downloaded,200.0,https://libertystreeteconomics.newyorkfed.org/2024/01/an-overlooked-factor-in-banks-lending-to-minorities/,171077.0,success,6792,999,html,text/html; charset=UTF-8,An Overlooked Factor in Banks’ Lending to Minorities - Liberty Street Economics,Matteo Crosignani; Hanh Le,2024-01-10,Liberty Street Economics,https://libertystreeteconomics.newyorkfed.org/2024/01/an-overlooked-factor-in-banks-lending-to-minorities/,0.0,8a42c6ab08510e278619.txt,8ec95250d7ec40818c628719d39ae91fe9c06b91f7b53a6a7bebd27a613ff8b1
8a87ad985d5c093a724e,https://aibm.org/research/male-college-enrollment-and-completion,2026-10-04T02:43:42.545451+00:00,aibm.org,True,downloaded,200.0,https://aibm.org/research/male-college-enrollment-and-completion/,105545.0,success,9903,1604,html,text/html; charset=UTF-8,Degrees of difference: Male college enrollment and completion,Richard V Reeves; Will Secker,2025-10-03,American Institute for Boys and Men,https://aibm.org/research/male-college-enrollment-and-completion/,0.0,8a87ad985d5c093a724e.txt,72862550aea107391fac53b8eb1067df185be645e591fe25f2def58355961b62
8aeae1553b9c47c67d08,https://pmc.ncbi.nlm.nih.gov/articles/PMC10241469,2026-10-04T02:43:42.808009+00:00,nih.gov,True,downloaded,200.0,https://pmc.ncbi.nlm.nih.gov/articles/PMC10241469,21372.0,success,131,18,html,text/html; charset=utf-8,Checking your browser,,2026-09-11,google.com,https://www.google.com/recaptcha/challengepage,0.0,8aeae1553b9c47c67d08.txt,a29166d0eaaa418bd5af61a282f1183a46c84c4d5e4c90689b1b452d230d05cc
8bb2e11118714dd19386,https://youtube.com/watch?v=u1GsuawCmes,2026-10-04T02:43:43.380454+00:00,youtube.com,True,downloaded,200.0,https://www.youtube.com/watch?v=u1GsuawCmes,1266560.0,success,146,23,html,text/html; charset=utf-8,Police arrests nationwide reveal racial disparity l ABC News,,2020-06-11,YouTube,https://www.youtube.com/watch?v=u1GsuawCmes,0.0,8bb2e11118714dd19386.txt,8dbba17988e385133ba8f51d76cde1fc2c859262b666cb848e9cfe2478fd5e71
8c14e8282edc19771c78,https://spero.academy/news/01gg8h7ys8dqvya21rbs5gxkrk/bullying-in-special-education-what-it-is-and-how-to-help,2026-10-04T02:43:44.814046+00:00,spero.academy,False,curl_error,0.0,https://spero.academy/news/01gg8h7ys8dqvya21rbs5gxkrk/bullying-in-special-education-what-it-is-and-how-to-help,,not_extracted,0,0,,,,,,,,60.0,,
8c3b64f3a55a5bd27dff,https://pegalislawgroup.com/patient-safety-concerns-in-the-lgbtqia-community,2026-10-04T02:43:45.584727+00:00,pegalislawgroup.com,True,downloaded,200.0,https://pegalislawgroup.com/patient-safety-concerns-in-the-lgbtqia-community/,205428.0,success,5549,771,html,text/html; charset=UTF-8,Patient Safety Concerns in the LGBTQIA+ Community,Pegalis Law Group,2024-06-03,Pegalis Law Group,https://pegalislawgroup.com/patient-safety-concerns-in-the-lgbtqia-community/,0.0,8c3b64f3a55a5bd27dff.txt,a8145b41fc9eb6c91f5ab59e6f8001127bd7855b22a907add6c3e385d7be8983
8c3dfe0587e687b22c00,https://binghamton.edu/news/story/6105/people-in-need-of-disability-benefits-are-facing-new-barriers-and-government-cuts-and-overhauls-are-to-blame,2026-10-04T02:43:46.035387+00:00,binghamton.edu,True,downloaded,200.0,https://www.binghamton.edu/news/story/6105/people-in-need-of-disability-benefits-are-facing-new-barriers-and-government-cuts-and-overhauls-are-to-blame,25912.0,success,5225,795,html,text/html; charset=UTF-8,People in need of disability benefits are facing new barriers – and government cuts and overhauls are to blame - Binghamton News,John Brhel,2026-03-09,People in need of disability benefits are facing new barriers – and government cuts and overhauls are to blame | Binghamton News - Binghamton University,https://www.binghamton.edu/news/story/6105/people-in-need-of-disability-benefits-are-facing-new-barriers-and-government-cuts-and-overhauls-are-to-blame,0.0,8c3dfe0587e687b22c00.txt,5c757017c417bc4fa48f879bc79c207f6692d9b822f7d1caf59c37b1bc35ac33
8c700dbdd65b91a02243,https://linkedin.com/top-content/career/career-advancement-tips/factors-influencing-career-advancement-opportunities,2026-10-04T02:43:47.277027+00:00,linkedin.com,False,robots_disallowed,,https://linkedin.com/top-content/career/career-advancement-tips/factors-influencing-career-advancement-opportunities,,not_extracted,0,0,,,,,,,,,,
8c85fca2e5d2bf577e9d,https://tcf.org/content/commentary/equitable-insurance-coverage-and-access-can-advance-lgbt-health,2026-10-04T02:43:47.277277+00:00,tcf.org,False,http_error,403.0,https://tcf.org/content/commentary/equitable-insurance-coverage-and-access-can-advance-lgbt-health,4857.0,not_extracted,0,0,,text/html; charset=UTF-8,,,,,,0.0,,
8c8c92f29590dee34454,https://academic.oup.com/policing/article/doi/10.1093/police/paag042/8758841?rss=1,2026-10-04T02:43:48.555833+00:00,oup.com,False,http_error,403.0,https://academic.oup.com/policing/article/doi/10.1093/police/paag042/8758841?rss=1,5763.0,not_extracted,0,0,,text/html; charset=UTF-8,,,,,,0.0,,
8c9da808e93a756227f4,https://inspiredhr.ca/the-reason-men-are-more-likely-to-get-noticed-by-job-recruiters-according-to-study,2026-10-04T02:43:48.614546+00:00,inspiredhr.ca,True,downloaded,200.0,https://www.inspiredhr.ca/the-reason-men-are-more-likely-to-get-noticed-by-job-recruiters-according-to-study/,200993.0,success,3158,531,html,text/html; charset=UTF-8,The Reason Men are More Likely to Get Noticed by Job Recruiters,Debby Carreau,2021-08-31,Inspired HR,https://www.inspiredhr.ca/the-reason-men-are-more-likely-to-get-noticed-by-job-recruiters-according-to-study/,0.0,8c9da808e93a756227f4.txt,67c4fd198883c07eb888fc88715c87eaf0f91f5bc3b3ee5b94c39525b69673ee
8ca484824103e117a45c,https://pmc.ncbi.nlm.nih.gov/articles/PMC11194545,2026-10-04T02:43:49.947861+00:00,nih.gov,True,downloaded,200.0,https://pmc.ncbi.nlm.nih.gov/articles/PMC11194545,21368.0,success,131,18,html,text/html; charset=utf-8,Checking your browser,,2026-09-11,google.com,https://www.google.com/recaptcha/challengepage,0.0,8ca484824103e117a45c.txt,a29166d0eaaa418bd5af61a282f1183a46c84c4d5e4c90689b1b452d230d05cc
8ccf054497b17170cbb9,https://pmc.ncbi.nlm.nih.gov/articles/PMC12513714,2026-10-04T02:43:50.139746+00:00,nih.gov,True,downloaded,200.0,https://pmc.ncbi.nlm.nih.gov/articles/PMC12513714,21372.0,success,131,18,html,text/html; charset=utf-8,Checking your browser,,2026-09-11,google.com,https://www.google.com/recaptcha/challengepage,0.0,8ccf054497b17170cbb9.txt,a29166d0eaaa418bd5af61a282f1183a46c84c4d5e4c90689b1b452d230d05cc
8cf3998227ccd6fc035f,https://sciencedirect.com/science/article/pii/S0047235221000490,2026-10-04T02:43:50.337254+00:00,sciencedirect.com,False,http_error,403.0,https://www.sciencedirect.com/science/article/pii/S0047235221000490,1207849.0,not_extracted,0,0,,text/html; charset=UTF-8,,,,,,0.0,,
8cffc442ce1c61bfdcf6,https://catalog.results4america.org/strategies/reducing-obstacles,2026-10-04T02:43:52.730753+00:00,results4america.org,True,downloaded,200.0,https://catalog.results4america.org/strategies/reducing-obstacles,278903.0,success,22195,2967,html,text/html; charset=UTF-8,Reducing obstacles to receiving public benefits,,2022-09-14,Results for America - Economic Mobility Catalog,https://catalog.results4america.org/strategies/reducing-obstacles,0.0,8cffc442ce1c61bfdcf6.txt,c16108001a17d4f69125b9f46e72d7f76b5b70a5267836327461d68b390f8af2
8d20d9eac559d6a2f6c2,https://abdominalkey.com/health-seeking-behavior-and-meeting-the-needs-of-the-most-vulnerable-men,2026-10-04T02:43:53.108962+00:00,abdominalkey.com,True,downloaded,200.0,https://abdominalkey.com/health-seeking-behavior-and-meeting-the-needs-of-the-most-vulnerable-men/,116985.0,success,19462,2845,html,text/html; charset=UTF-8,Health-Seeking Behavior and Meeting the Needs of the Most Vulnerable Men,UFO Themes,2017-07-30,Abdominal Key,https://abdominalkey.com/health-seeking-behavior-and-meeting-the-needs-of-the-most-vulnerable-men/,0.0,8d20d9eac559d6a2f6c2.txt,f243ed76cd62aa215891e515a4a25761b32d283afe753d81c73525949c563d7c
8d4b74f96737f9c79531,https://nationaldisabilityinstitute.org/financial-resilience-center/credit,2026-10-04T02:43:53.182629+00:00,nationaldisabilityinstitute.org,True,downloaded,200.0,https://www.nationaldisabilityinstitute.org/financial-resilience-center/credit/,248425.0,success,16542,2911,html,text/html; charset=UTF-8,Credit | Financial Resilience Resources for People with Disabilities,Katie Auchenbach,2022-02-14,National Disability Institute,https://www.nationaldisabilityinstitute.org/financial-resilience-center/credit/,0.0,8d4b74f96737f9c79531.txt,d3562af5a6a6b9e23a5caab8af2934f672b0a93919847a2eda925076bf09464f
8dd648368634b56c910d,https://evidencebasedliving.human.cornell.edu/blog/what-we-know-about-trans-youth-and-bullying,2026-10-04T02:43:53.542735+00:00,cornell.edu,True,downloaded,200.0,https://evidencebasedliving.human.cornell.edu/blog/what-we-know-about-trans-youth-and-bullying/,70747.0,success,4031,599,html,text/html; charset=UTF-8,Leave a Reply Cancel reply,,2026-01-01,evidencebasedliving.human.cornell.edu,https://evidencebasedliving.human.cornell.edu/blog/what-we-know-about-trans-youth-and-bullying/,0.0,8dd648368634b56c910d.txt,7d9be313ad750f00c9be5d3137fd296e6e7b1271201a35a676a7c691a73c165f
8dfe5b9e603cc0dd5761,https://washingtonblade.com/2026/09/29/hrc-report-lgbtq-students-face-far-greater-challenges-in-non-supportive-states,2026-10-04T02:43:53.648404+00:00,washingtonblade.com,True,downloaded,200.0,https://www.washingtonblade.com/2026/09/29/hrc-report-lgbtq-students-face-far-greater-challenges-in-non-supportive-states/,429864.0,success,19637,3031,html,text/html; charset=UTF-8,HRC report: LGBTQ students face ‘far greater challenges’ in non-supportive states,Lou Chibbaro Jr,2026-09-29,"Washington Blade: LGBTQ News, Politics, LGBTQ Rights, Gay News",https://www.washingtonblade.com/2026/09/29/hrc-report-lgbtq-students-face-far-greater-challenges-in-non-supportive-states/,0.0,8dfe5b9e603cc0dd5761.txt,76937ad9691b87564b18ce9824b00672dd94172fc197bec81e7a7d914c649435
8e01a430ea226b4376f8,https://pmc.ncbi.nlm.nih.gov/articles/PMC5744605,2026-10-04T02:43:56.490351+00:00,nih.gov,True,downloaded,200.0,https://pmc.ncbi.nlm.nih.gov/articles/PMC5744605,21366.0,success,131,18,html,text/html; charset=utf-8,Checking your browser,,2026-09-11,google.com,https://www.google.com/recaptcha/challengepage,0.0,8e01a430ea226b4376f8.txt,a29166d0eaaa418bd5af61a282f1183a46c84c4d5e4c90689b1b452d230d05cc
8e826658d254e179b259,https://pmc.ncbi.nlm.nih.gov/articles/PMC4195149,2026-10-04T02:43:56.741923+00:00,nih.gov,True,downloaded,200.0,https://pmc.ncbi.nlm.nih.gov/articles/PMC4195149/,227716.0,success,79928,12740,html,text/html; charset=utf-8,Access to Medicaid and Medicare by the low-income disabled,Marilyn Rymer Ellwood; Brian Burwell,,Health Care Financing Review,https://pmc.ncbi.nlm.nih.gov/articles/PMC4195149/,0.0,8e826658d254e179b259.txt,04e049e057f7d97ba519de146a7fbafd22c946a0127ddf5be1ea6437f1519e80
8e86245734cefba81b49,https://brookings.edu/articles/homeownership-racial-segregation-and-policies-for-racial-wealth-equity,2026-10-04T02:43:59.121896+00:00,brookings.edu,True,downloaded,200.0,https://www.brookings.edu/articles/homeownership-racial-segregation-and-policies-for-racial-wealth-equity/,302569.0,success,39581,5566,html,text/html; charset=UTF-8,"Homeownership, racial segregation, and policy solutions to racial wealth equity | Brookings",Rashawn Ray; Andre M Perry; David Harshbarger; Samantha Elizondo; Alexandra Gibbons,2024-02-05,Brookings,https://www.brookings.edu/articles/homeownership-racial-segregation-and-policies-for-racial-wealth-equity/,0.0,8e86245734cefba81b49.txt,e7bceab1564d4fe59c4e6a74305864e7d1073250b3b188214fdd4d5735a7ec6e
8edae5e9194a99abfaea,https://youtube.com/watch?t=280s&v=nhSuxrHmY3k,2026-10-04T02:44:00.220165+00:00,youtube.com,True,downloaded,200.0,https://www.youtube.com/watch?t=280s&v=nhSuxrHmY3k,1416222.0,success,146,23,html,text/html; charset=utf-8,Steve Ballmer Explains: How Does Government Assistance Work? | Just the Facts,,2025-12-18,YouTube,https://www.youtube.com/watch?v=nhSuxrHmY3k,0.0,8edae5e9194a99abfaea.txt,8dbba17988e385133ba8f51d76cde1fc2c859262b666cb848e9cfe2478fd5e71
8f0cded8bda2ad03ab7f,https://cpc.unc.edu/news/study-hiring-pressures-to-diversify-influencing-patterns-of-discrimination-in-unexpected-ways,2026-10-04T02:44:00.936007+00:00,unc.edu,True,downloaded,200.0,https://www.cpc.unc.edu/news/study-hiring-pressures-to-diversify-influencing-patterns-of-discrimination-in-unexpected-ways/,63249.0,success,4945,745,html,text/html; charset=UTF-8,Study: Hiring pressures to diversify influencing patterns of discrimination in unexpected ways,,2024-06-03,Carolina Population Center,https://www.cpc.unc.edu/news/study-hiring-pressures-to-diversify-influencing-patterns-of-discrimination-in-unexpected-ways/,0.0,8f0cded8bda2ad03ab7f.txt,e44eb93762c7d19b77f5358f5292134e5654db9ab4937627d7891a046b1a89af
8f4d8feda1fadba3c2b1,https://ccrw.org/wp-content/uploads/2024/10/Career-advancement-pathways-for-workers-with-disabilities_CCRW_Trends-Report-2024.pdf,2026-10-04T02:44:00.940639+00:00,ccrw.org,True,downloaded,200.0,https://ccrw.org/wp-content/uploads/2024/10/Career-advancement-pathways-for-workers-with-disabilities_CCRW_Trends-Report-2024.pdf,4911934.0,success,61892,7957,pdf,application/pdf,,,,,,0.0,8f4d8feda1fadba3c2b1.txt,5ec094cf4d0f7f3b80ab6f81917f5b4b16aadcf9d4d1d9fc2cc098aa7b2eac39
8f6244d3d1e18e7448ae,https://sageusa.org/news/cfpb-protects-lgbt-people-with-ecoa,2026-10-04T02:44:01.135869+00:00,sageusa.org,True,downloaded,200.0,http://www.sageusa.org/news/cfpb-protects-lgbt-people-with-ecoa/,233540.0,success,1978,310,html,text/html; charset=UTF-8,LGBT people protected from financial discrimination under Equal Credit Opportunity Act - SAGE,,2021-02-25,SAGE,https://www.sageusa.org/news/cfpb-protects-lgbt-people-with-ecoa/,0.0,8f6244d3d1e18e7448ae.txt,f85f100f7fb049ec4e2d8ffd212c9882b1b57544402ecb29b7818393f95a7b4a
8fb45546bd08fbeb9430,https://usich.gov/sites/default/files/document/Housing-Affordability-and-Stablility-Brief.pdf,2026-10-04T02:44:01.603519+00:00,usich.gov,True,downloaded,200.0,https://usich.gov/sites/default/files/document/Housing-Affordability-and-Stablility-Brief.pdf,359954.0,success,18797,2648,pdf,application/pdf,,,,,,0.0,8fb45546bd08fbeb9430.txt,2ff838cf0233c2bb72963437b1c6592929e7aae6f104389ee3d2bc1eb3f2cbee
8fc8459f46000eeae2d8,https://urban.org/urban-wire/three-obstacles-federally-assisted-housing-programs-need-overcome-better-serve-residents-disabilities,2026-10-04T02:44:03.386457+00:00,urban.org,False,http_error,403.0,https://www.urban.org/urban-wire/three-obstacles-federally-assisted-housing-programs-need-overcome-better-serve-residents-disabilities,6081.0,not_extracted,0,0,,text/html; charset=UTF-8,,,,,,0.0,,
8fe463b2c38f0da93cdb,https://qz.com/1074565/why-employers-favor-men,2026-10-04T02:44:05.034610+00:00,qz.com,False,http_error,403.0,https://qz.com/1074565/why-employers-favor-men,5639.0,not_extracted,0,0,,text/html; charset=UTF-8,,,,,,0.0,,
902200e0130085037aa3,https://direct.mit.edu/euso/article/27/1/144/125848/Escape-from-home-The-moderating-role-of-sexual,2026-10-04T02:44:05.425616+00:00,mit.edu,False,http_error,403.0,https://direct.mit.edu/euso/article/27/1/144/125848/Escape-from-home-The-moderating-role-of-sexual,5864.0,not_extracted,0,0,,text/html; charset=UTF-8,,,,,,0.0,,
9048acef1bf86fd9400d,https://pmc.ncbi.nlm.nih.gov/articles/PMC8576989,2026-10-04T02:44:06.004459+00:00,nih.gov,True,downloaded,200.0,https://pmc.ncbi.nlm.nih.gov/articles/PMC8576989/,188663.0,success,48250,7731,html,text/html; charset=utf-8,Examining gender differentials and determinants of private health insurance coverage in Zambia,James Mulenga; Mulenga C Mulenga; Katongo M C Musonda; Chilizani Phiri,2021-11-09,BMC Health Services Research,https://pmc.ncbi.nlm.nih.gov/articles/PMC8576989/,0.0,9048acef1bf86fd9400d.txt,50089ba254d8ba7de3ad4837c3fbb0c02b88672fac7ce8a73cce0c47d27d66a3
9056f0eceb1516811740,https://eeoc.gov/prohibited-employment-policiespractices,2026-10-04T02:44:06.417943+00:00,eeoc.gov,True,downloaded,200.0,https://www.eeoc.gov/prohibited-employment-policiespractices,94956.0,success,566,56,html,text/html; charset=utf-8,Prohibited Employment Policies/Practices,,2018-01-15,U.S. Equal Employment Opportunity Commission,https://www.eeoc.gov/prohibited-employment-policiespractices,0.0,9056f0eceb1516811740.txt,fe89d1b1a6a4aadca10dbce1e1754f60c55aac9aba8cef1ddb9c278197f9a345
9065dc668396db3d6456,https://urban.org/sites/default/files/2024-04/How_Do_Financial_Attitudes_and_Preferences_Vary_among_Latine_Consumers.pdf,2026-10-04T02:44:07.011802+00:00,urban.org,False,http_error,403.0,https://www.urban.org/sites/default/files/2024-04/How_Do_Financial_Attitudes_and_Preferences_Vary_among_Latine_Consumers.pdf,6029.0,not_extracted,0,0,,text/html; charset=UTF-8,,,,,,0.0,,
90708852666a1c4ed72c,https://stlpr.org/health-science-environment/2025-11-17/barriers-block-snap-and-medicaid-users-from-keeping-vital-benefits-survey-finds,2026-10-04T02:44:08.440023+00:00,stlpr.org,True,downloaded,200.0,https://www.stlpr.org/health-science-environment/2025-11-17/barriers-block-snap-and-medicaid-users-from-keeping-vital-benefits-survey-finds,195368.0,success,4030,604,html,text/html;charset=UTF-8,"Barriers block SNAP and Medicaid users from keeping vital benefits, survey finds",Sarah Fentem,2025-11-17,STLPR,https://www.stlpr.org/health-science-environment/2025-11-17/barriers-block-snap-and-medicaid-users-from-keeping-vital-benefits-survey-finds,0.0,90708852666a1c4ed72c.txt,55bdca5ffade8b5f30fc58c5cda9c0e9aed7609f9c7bb190b3a4547460ff6037
908011afde0c994df163,https://share.google/264J3fuqMhSrNbEKo,2026-10-04T02:44:08.982764+00:00,share.google,True,downloaded,200.0,https://www.cogitatiopress.com/socialinclusion/article/download/10102/4460,322293.0,success,52813,7952,pdf,application/pdf,,,,,,0.0,908011afde0c994df163.txt,9f40a90ab57c7e79f385413a58756b6424d815dbe7c9dfad7df194e27dd376c4
90c9f9105aae8bab00e4,https://pmc.ncbi.nlm.nih.gov/articles/PMC11756264,2026-10-04T02:44:09.623820+00:00,nih.gov,True,downloaded,200.0,https://pmc.ncbi.nlm.nih.gov/articles/PMC11756264/,112862.0,success,12365,1660,html,text/html; charset=utf-8,Promoting Health for Latino Immigrant Families—A Call for Improved Systems and Policies,Brittany J Raffa; Catalina Montiel; Rushina Cholera,2024-01-01,JAMA pediatrics,https://pmc.ncbi.nlm.nih.gov/articles/PMC11756264/,0.0,90c9f9105aae8bab00e4.txt,84d194d2b574204d8b943ce1763613ca9e12b939c710b59636c67918494589cc
9168e3a7f0519de2c77c,https://jamanetwork.com/journals/jamainternalmedicine/fullarticle/2825357,2026-10-04T02:44:10.377199+00:00,jamanetwork.com,False,http_error,403.0,https://jamanetwork.com/journals/jamainternalmedicine/fullarticle/2825357,5766.0,not_extracted,0,0,,text/html; charset=UTF-8,,,,,,0.0,,
919f34b891778265a4a8,https://synchrony.com/blog/bank/financial-literacy-hispanic-communities,2026-10-04T02:44:10.902104+00:00,synchrony.com,True,downloaded,200.0,https://www.synchrony.com/blog/bank/financial-literacy-hispanic-communities,145278.0,success,9249,1347,html,text/html; charset=UTF-8,How to Empower Financial Literacy in Hispanic Communities,Alex Soto Published Sep,2023-09-26,synchrony.com,https://www.synchrony.com/blog/bank/financial-literacy-hispanic-communities,0.0,919f34b891778265a4a8.txt,1a38a5778af8bff7aaeb1e5a44f0b82927791eb90ea42ed606d772650a90f92f
91bab48e336f57d3d6d1,https://fryer.scholars.harvard.edu/publications/empirical-analysis-racial-differences-police-use-force,2026-10-04T02:44:12.341254+00:00,harvard.edu,False,http_error,403.0,https://fryer.scholars.harvard.edu/publications/empirical-analysis-racial-differences-police-use-force,477.0,not_extracted,0,0,,text/html,,,,,,0.0,,
91cc46cfa99798f4185e,https://ncan.org/Web/News/Despite-Progress-Women-in-Higher-Ed-Still-Face-Barriers,2026-10-04T02:44:12.375280+00:00,ncan.org,True,downloaded,200.0,https://ncan.org/Web/News/Despite-Progress-Women-in-Higher-Ed-Still-Face-Barriers,122274.0,success,5277,781,html,text/html; charset=utf-8,"Despite Progress, Women in Higher Ed Still Face Barriers",,2025-03-14,ncan.org,https://www.ncan.org/Web/Web/News/Despite-Progress-Women-in-Higher-Ed-Still-Face-Barriers.aspx,0.0,91cc46cfa99798f4185e.txt,0920aee09dae52d757ab20cd27073fa1b25a9997e64e3a71b65c6feef69d9d34
923289dcffd09ada822f,https://traviscu.org/My-Life/Blogs/Financial-Wellness/May-2024/Calculate-Impact-of-Credit-Score-on-Loans,2026-10-04T02:44:13.222568+00:00,traviscu.org,True,downloaded,200.0,https://www.traviscu.org/my-life/blogs/financial-wellness/may-2024/calculate-impact-of-credit-score-on-loans,46330.0,success,7066,1235,html,text/html; charset=utf-8,Calculate: Impact of Credit Score on Loans,,2026-01-01,traviscu.org,https://www.traviscu.org/my-life/blogs/financial-wellness/may-2024/calculate-impact-of-credit-score-on-loans,0.0,923289dcffd09ada822f.txt,c3ce3db8524f18503c50eb85d506626b8db7b3a1e2bb8d62c6601b2c5dd5eff0
9281c3e7ecadb91b38f6,https://pmc.ncbi.nlm.nih.gov/articles/PMC10955934,2026-10-04T02:44:13.599514+00:00,nih.gov,True,downloaded,200.0,https://pmc.ncbi.nlm.nih.gov/articles/PMC10955934,21371.0,success,131,18,html,text/html; charset=utf-8,Checking your browser,,2026-09-11,google.com,https://www.google.com/recaptcha/challengepage,0.0,9281c3e7ecadb91b38f6.txt,a29166d0eaaa418bd5af61a282f1183a46c84c4d5e4c90689b1b452d230d05cc
92868aa8acb452aa530d,https://scholarworks.merrimack.edu/cgi/viewcontent.cgi?article=1138&context=soe_student_ce,2026-10-04T02:44:15.807225+00:00,merrimack.edu,False,http_error,403.0,https://scholarworks.merrimack.edu/cgi/viewcontent.cgi?article=1138&context=soe_student_ce,5847.0,not_extracted,0,0,,text/html; charset=UTF-8,,,,,,0.0,,
92943eed3357bf30bfc3,https://prestigepeo.com/blogs/job-quality-hispanic-latino-community,2026-10-04T02:44:15.964962+00:00,prestigepeo.com,True,downloaded,200.0,https://www.prestigepeo.com/blogs/job-quality-hispanic-latino-community/,244546.0,success,6002,945,html,text/html; charset=UTF-8,Major Issues Affecting Job Quality,Mark P,2022-09-15,PrestigePEO,https://www.prestigepeo.com/blogs/job-quality-hispanic-latino-community/,0.0,92943eed3357bf30bfc3.txt,e2f11e8f8631aa9b04279aaf799ba02e1465422f1f1f1296a2a34cb6b35e92ae
92fc1ab90e105172fad2,https://pmc.ncbi.nlm.nih.gov/articles/PMC10142323,2026-10-04T02:44:16.807448+00:00,nih.gov,True,downloaded,200.0,https://pmc.ncbi.nlm.nih.gov/articles/PMC10142323,21371.0,success,131,18,html,text/html; charset=utf-8,Checking your browser,,2026-09-11,google.com,https://www.google.com/recaptcha/challengepage,0.0,92fc1ab90e105172fad2.txt,a29166d0eaaa418bd5af61a282f1183a46c84c4d5e4c90689b1b452d230d05cc
933739b4b355abaed2c0,https://pmc.ncbi.nlm.nih.gov/articles/PMC12729088,2026-10-04T02:44:16.894347+00:00,nih.gov,True,downloaded,200.0,https://pmc.ncbi.nlm.nih.gov/articles/PMC12729088,21371.0,success,131,18,html,text/html; charset=utf-8,Checking your browser,,2026-09-11,google.com,https://www.google.com/recaptcha/challengepage,0.0,933739b4b355abaed2c0.txt,a29166d0eaaa418bd5af61a282f1183a46c84c4d5e4c90689b1b452d230d05cc
93c69c6c394b0dcca473,https://ncbi.nlm.nih.gov/books/NBK596400,2026-10-04T02:44:17.013409+00:00,nih.gov,True,downloaded,200.0,https://ncbi.nlm.nih.gov/books/NBK596400,21328.0,success,127,18,html,text/html; charset=utf-8,Checking your browser,,2026-09-11,google.com,https://www.google.com/recaptcha/challengepage,0.0,93c69c6c394b0dcca473.txt,a6950382e9f383805d5cb88eee7bb6dbb9f70bf9f328b964221d52761db4cd7b
93cf8d468a95d18c97b6,https://hivjustice.net/news-from-other-sources/usa-new-report-shows-lgbtq-minorities-face-discriminatory-laws-and-arrests,2026-10-04T02:44:17.529635+00:00,hivjustice.net,True,downloaded,200.0,https://www.hivjustice.net/news-from-other-sources/usa-new-report-shows-lgbtq-minorities-face-discriminatory-laws-and-arrests/,52167.0,success,2296,358,html,text/html; charset=UTF-8,USA: New report shows LGBTQ minorities face discriminatory laws and arrests,,2016-08-10,HIV Justice Network,https://www.hivjustice.net/news-from-other-sources/usa-new-report-shows-lgbtq-minorities-face-discriminatory-laws-and-arrests/,0.0,93cf8d468a95d18c97b6.txt,f1c6e0b0b2e110a9568ca2488c4e374c8347ea77a9ca314f3a5eda2fe4b07a5c
93e0b5a3a8853a4e22cf,https://fdic.gov/consumer-resource-center/2023-03/financial-empowerment-and-inclusion,2026-10-04T02:44:19.666920+00:00,fdic.gov,True,downloaded,200.0,https://www.fdic.gov/consumer-resource-center/2023-03/financial-empowerment-and-inclusion,93293.0,success,7135,1152,html,text/html; charset=UTF-8,Financial Empowerment and Inclusion | FDIC.gov,,2023-08-18,FDICgov,https://www.fdic.gov/consumer-resource-center/2023-03/financial-empowerment-and-inclusion,0.0,93e0b5a3a8853a4e22cf.txt,d816618643a30ed2349fb742c6f53a05bed711255b03ee9a5800c123a4fc6d89
940a0741def5fe42d0d4,https://pmc.ncbi.nlm.nih.gov/articles/PMC4290787,2026-10-04T02:44:20.162142+00:00,nih.gov,True,downloaded,200.0,https://pmc.ncbi.nlm.nih.gov/articles/PMC4290787,21367.0,success,131,18,html,text/html; charset=utf-8,Checking your browser,,2026-09-11,google.com,https://www.google.com/recaptcha/challengepage,0.0,940a0741def5fe42d0d4.txt,a29166d0eaaa418bd5af61a282f1183a46c84c4d5e4c90689b1b452d230d05cc
945b71b0515865939cca,https://urban.org/urban-wire/these-five-facts-reveal-current-crisis-black-homeownership,2026-10-04T02:44:20.906474+00:00,urban.org,False,http_error,403.0,https://www.urban.org/urban-wire/these-five-facts-reveal-current-crisis-black-homeownership,5888.0,not_extracted,0,0,,text/html; charset=UTF-8,,,,,,0.0,,
9460109b178358db6e38,https://rrapp.spia.princeton.edu/how-credit-scoring-reproduces-racial-inequality,2026-10-04T02:44:21.017536+00:00,princeton.edu,False,hard_timeout,0.0,https://rrapp.spia.princeton.edu/how-credit-scoring-reproduces-racial-inequality,,not_extracted,0,0,,,,,,,,28.0,,
94680cdd57c9620b2cc7,https://openknowledge.worldbank.org/handle/10986/8833,2026-10-04T02:44:23.400346+00:00,worldbank.org,True,downloaded,200.0,https://openknowledge.worldbank.org/entities/publication/5ea85f7a-fdf5-5945-bbc4-6d1d08f4bf59,1443419.0,success,25342,3680,html,text/html; charset=utf-8,Open Knowledge Repository,Zovighian; Diane; Raballand; Gael; Cogoli-Bel; Anne-Lise; Irhiam; Hend,2006-12-03,openknowledge.worldbank.org,https://openknowledge.worldbank.org/entities/publication/5ea85f7a-fdf5-5945-bbc4-6d1d08f4bf59,0.0,94680cdd57c9620b2cc7.txt,01f3929b2c321e792d9bf2aa43d974766ce92289a38e388789c5e6cc67ca246e
94b7dadce6b5f7046a8d,https://lewitthackman.com/transgender-rights-in-the-workplace-a-guide-for-employers-to-protect-against-harassment-discrimination,2026-10-04T02:44:24.898906+00:00,lewitthackman.com,True,downloaded,200.0,https://www.lewitthackman.com/transgender-rights-in-the-workplace-a-guide-for-employers-to-protect-against-harassment-discrimination/,52815.0,success,5954,879,html,text/html; charset=UTF-8,Transgender Rights in the Workplace: A Guide for Employers to Protect Against Harassment & Discrimination - Lewitt Hackman,Chris Podbielski,2015-04-13,Lewitt Hackman,https://www.lewitthackman.com/transgender-rights-in-the-workplace-a-guide-for-employers-to-protect-against-harassment-discrimination/,0.0,94b7dadce6b5f7046a8d.txt,5b08c326112420923ba1065fc295b3bb8a6a3119409b2fb2fbc79df5c6b47946
94df1d3401f7a478c0b1,https://digitalcommons.calpoly.edu/cgi/viewcontent.cgi?article=1008&context=coe_dean,2026-10-04T02:44:25.606083+00:00,calpoly.edu,False,http_error,403.0,https://digitalcommons.calpoly.edu/cgi/viewcontent.cgi?article=1008&context=coe_dean,5807.0,not_extracted,0,0,,text/html; charset=UTF-8,,,,,,0.0,,
94f6b3560e1e96e0124e,https://dol.gov/agencies/ebsa/about-ebsa/our-activities/resource-center/publications/women-and-retirement-savings,2026-10-04T02:44:26.625836+00:00,dol.gov,False,http_error,403.0,https://dol.gov/agencies/ebsa/about-ebsa/our-activities/resource-center/publications/women-and-retirement-savings,502.0,not_extracted,0,0,,text/html,,,,,,0.0,,
95327bddeb623f2654b7,https://psychologytoday.com/us/blog/gender-and-schooling/202502/what-can-help-teachers-intervene-in-anti-lgbtq-harassment,2026-10-04T02:44:27.015815+00:00,psychologytoday.com,True,downloaded,200.0,https://www.psychologytoday.com:443/us/blog/gender-and-schooling/202502/what-can-help-teachers-intervene-in-anti-lgbtq-harassment,135504.0,success,5199,756,html,text/html; charset=utf-8,What Can Help Teachers Intervene in Anti-LGBTQ Harassment?,Elizabeth J Meyer Ph D,2025-02-24,Psychology Today,https://www.psychologytoday.com/us/blog/gender-and-schooling/202502/what-can-help-teachers-intervene-in-anti-lgbtq-harassment,0.0,95327bddeb623f2654b7.txt,bb2a9bc28b9fc6be021c5bd10aee27ca53f9f19c031c4fac701408275fcc0ed3
9535022a5ffb99a005e5,https://cbpp.org/research/food-assistance/wics-critical-benefits-reach-only-half-of-those-eligible-0,2026-10-04T02:44:29.165076+00:00,cbpp.org,False,http_error,403.0,https://cbpp.org/research/food-assistance/wics-critical-benefits-reach-only-half-of-those-eligible-0,6157.0,not_extracted,0,0,,text/html; charset=UTF-8,,,,,,0.0,,
954e907399c977ef416a,https://iaap-journals.onlinelibrary.wiley.com/doi/10.1111/apps.70103?af=R,2026-10-04T02:44:30.536331+00:00,wiley.com,False,http_error,403.0,https://iaap-journals.onlinelibrary.wiley.com/doi/10.1111/apps.70103?af=R,5852.0,not_extracted,0,0,,text/html; charset=UTF-8,,,,,,0.0,,
9555d9d6e09e429ff73a,https://sentencingproject.org/reports/the-color-of-justice-racial-and-ethnic-disparity-in-state-prisons-the-sentencing-project,2026-10-04T02:44:31.978899+00:00,sentencingproject.org,True,downloaded,200.0,https://www.sentencingproject.org/reports/the-color-of-justice-racial-and-ethnic-disparity-in-state-prisons-the-sentencing-project/,92043.0,success,8085,1205,html,text/html; charset=UTF-8,The Color of Justice: Racial and Ethnic Disparity in State Prisons – The Sentencing Project,Sabrina C Pearce on,2021-10-13,The Sentencing Project,https://www.sentencingproject.org/reports/the-color-of-justice-racial-and-ethnic-disparity-in-state-prisons-the-sentencing-project/,0.0,9555d9d6e09e429ff73a.txt,9bd839c79d5ba08ad99821a2f6c3379df389156b9fbdea0dfdcf603b574aade8
956944391cbc9a530353,https://swartz-legal.com/8-types-of-workplace-harassment-and-how-to-stop-them,2026-10-04T02:44:32.226442+00:00,swartz-legal.com,True,downloaded,200.0,https://swartz-legal.com/8-types-of-workplace-harassment-and-how-to-stop-them/,312169.0,success,8157,1284,html,text/html; charset=UTF-8,"8 Types of Workplace Harassment (and How to Stop Them) | Discrimination, Employment Attorney, New Jersey Employment Attorney, New Jersey Employment Law, Pennsylvania Employment Attorney, Pennsylvania Employment Law | Swartz Swidler Employment Law",,2021-10-15,Swartz-Swidler,http://swartz-legal.com/8-types-of-workplace-harassment-and-how-to-stop-them/,0.0,956944391cbc9a530353.txt,0ad2fb5e5fb0ce8ab50533497ce056f29ec6228d79f9d960939df7d47aa27689
956aeb19dcdb28e98afe,https://nlihc.org/explore-issues/why-we-care,2026-10-04T02:44:34.044779+00:00,nlihc.org,True,downloaded,200.0,https://nlihc.org/explore-issues/why-we-care,48913.0,success,2613,389,html,text/html; charset=UTF-8,Why We Care,,2019-02-25,National Low Income Housing Coalition,https://nlihc.org/explore-issues/why-we-care,0.0,956aeb19dcdb28e98afe.txt,b693b9f40bebf31cfff7c672fd885d836874dc80491acd3fcfcb8ef53dbe6b49
957084c2e0477094ccfe,https://publichealthpost.org/health-equity/students-of-color-are-disproportionately-bullied-and-harassed-at-school,2026-10-04T02:44:34.159375+00:00,publichealthpost.org,True,downloaded,200.0,https://publichealthpost.org/health-equity/students-of-color-are-disproportionately-bullied-and-harassed-at-school/,163126.0,success,3603,552,html,text/html; charset=UTF-8,Students of Color are Disproportionately Bullied and Harassed at School,Mallory Bersi,2023-04-28,Public Health Post,https://publichealthpost.org/health-equity/students-of-color-are-disproportionately-bullied-and-harassed-at-school/,0.0,957084c2e0477094ccfe.txt,67a108677854853b7ea03fdc11bf17c6af4700a90db751cd286138358e266b9f
95967edc820ed34283cc,https://pmc.ncbi.nlm.nih.gov/articles/PMC11821434,2026-10-04T02:44:34.220296+00:00,nih.gov,True,downloaded,200.0,https://pmc.ncbi.nlm.nih.gov/articles/PMC11821434,21371.0,success,131,18,html,text/html; charset=utf-8,Checking your browser,,2026-09-11,google.com,https://www.google.com/recaptcha/challengepage,0.0,95967edc820ed34283cc.txt,a29166d0eaaa418bd5af61a282f1183a46c84c4d5e4c90689b1b452d230d05cc
95e23011c3ababc6a7c9,https://urban.org/urban-wire/disability-justice-isnt-possible-without-housing-justice,2026-10-04T02:44:34.617257+00:00,urban.org,False,http_error,403.0,https://www.urban.org/urban-wire/disability-justice-isnt-possible-without-housing-justice,5882.0,not_extracted,0,0,,text/html; charset=UTF-8,,,,,,0.0,,
95e54342711ae0aeb49d,https://nelp.org/insights-research/occupational-segregation-of-black-women-workers-in-the-u-s,2026-10-04T02:44:34.897033+00:00,nelp.org,True,downloaded,200.0,https://www.nelp.org/insights-research/occupational-segregation-of-black-women-workers-in-the-u-s/,114456.0,success,13834,1875,html,text/html; charset=UTF-8,Occupational Segregation of Black Women Workers in the U.S. - National Employment Law Project,,2024-05-02,National Employment Law Project,https://www.nelp.org/insights-research/occupational-segregation-of-black-women-workers-in-the-u-s/,0.0,95e54342711ae0aeb49d.txt,a18fab921ac2c8e2d7d22577b31d06434168ca1f1e950420e10d261579b4e067
95e8aca593ad0b1471a0,https://bankrate.com/credit-cards/news/credit-cards-and-race-statistics,2026-10-04T02:44:35.558455+00:00,bankrate.com,False,http_error,405.0,https://www.bankrate.com/credit-cards/news/credit-cards-and-race-statistics,2111.0,not_extracted,0,0,,text/html; charset=UTF-8,,,,,,0.0,,
961678a704d22db46663,https://pmc.ncbi.nlm.nih.gov/articles/PMC9375084,2026-10-04T02:44:37.437654+00:00,nih.gov,True,downloaded,200.0,https://pmc.ncbi.nlm.nih.gov/articles/PMC9375084,21368.0,success,131,18,html,text/html; charset=utf-8,Checking your browser,,2026-09-11,google.com,https://www.google.com/recaptcha/challengepage,0.0,961678a704d22db46663.txt,a29166d0eaaa418bd5af61a282f1183a46c84c4d5e4c90689b1b452d230d05cc
961e90f4feb0bcd41f05,https://pmc.ncbi.nlm.nih.gov/articles/PMC3953783,2026-10-04T02:44:37.565784+00:00,nih.gov,True,downloaded,200.0,https://pmc.ncbi.nlm.nih.gov/articles/PMC3953783/,211765.0,success,53967,8704,html,text/html; charset=utf-8,The Relation Between Health Insurance and Health Care Disparities Among Adults With Disabilities,Nancy A Miller; Adele Kirk; Michael J Kaiser; Lukas Glos,2014-01-01,American Journal of Public Health,https://pmc.ncbi.nlm.nih.gov/articles/PMC3953783/,0.0,961e90f4feb0bcd41f05.txt,44cff8b193ef31e9427e7c747c8ecec98f317c3fdeaf40f6500003e6c1ef9e28
963e81564704833497bb,https://fletc.gov/use-force-part-ii,2026-10-04T02:44:37.686256+00:00,fletc.gov,False,http_error,403.0,https://fletc.gov/use-force-part-ii,386.0,not_extracted,0,0,,text/html,,,,,,0.0,,
963ec13f414574c07646,https://prisonpolicy.org/blog/2015/04/08/nap-video,2026-10-04T02:44:38.244175+00:00,prisonpolicy.org,True,downloaded,200.0,https://www.prisonpolicy.org/blog/2015/04/08/nap-video/,42108.0,success,325,48,html,text/html; charset=UTF-8,National Academies video on US incarceration growth,Aleks Kajstura,2015-04-08,PrisonPolicy,https://www.prisonpolicy.org/blog/2015/04/08/nap-video/,0.0,963ec13f414574c07646.txt,cd12dc61008db8767e5cdab5e37a2c60917a20b10130ad4717595e4e6ddfd7f6
963fb0ec7b67b3c6c915,https://researchgate.net/publication/377592331_Fewer_Burdens_but_Greater_Inequality_Reevaluating_the_Safety_Net_through_the_Lens_of_Administrative_Burden,2026-10-04T02:44:40.421329+00:00,researchgate.net,False,http_error,403.0,https://www.researchgate.net/publication/377592331_Fewer_Burdens_but_Greater_Inequality_Reevaluating_the_Safety_Net_through_the_Lens_of_Administrative_Burden,21138.0,not_extracted,0,0,,text/html; charset=UTF-8,,,,,,0.0,,
96437a65a313b21480cf,https://investopedia.com/average-credit-scores-by-race-5214521,2026-10-04T02:44:40.957987+00:00,investopedia.com,False,http_error,402.0,https://www.investopedia.com/average-credit-scores-by-race-5214521,612.0,not_extracted,0,0,,text/html,,,,,,0.0,,
968d05cdbb503aedfb6d,https://savethechildren.org.uk/blogs/gender-inequality-in-education,2026-10-04T02:44:41.686938+00:00,savethechildren.org.uk,True,downloaded,200.0,https://www.savethechildren.org.uk/blogs/gender-inequality-in-education,125485.0,success,8459,1301,html,text/html; charset=UTF-8,Gender inequality in education,Blog by Rebecca Huddleston,2026-02-11,Save the Children UK,https://www.savethechildren.org.uk/blogs/gender-inequality-in-education,0.0,968d05cdbb503aedfb6d.txt,cec3c228e48ca0ffb257a25e26f90f1c8d68a0ac39bb413d0627fc10a802692a
9695e9d2e67a958b8fae,https://pmc.ncbi.nlm.nih.gov/articles/PMC11323075,2026-10-04T02:44:41.900517+00:00,nih.gov,True,downloaded,200.0,https://pmc.ncbi.nlm.nih.gov/articles/PMC11323075,21366.0,success,131,18,html,text/html; charset=utf-8,Checking your browser,,2026-09-11,google.com,https://www.google.com/recaptcha/challengepage,0.0,9695e9d2e67a958b8fae.txt,a29166d0eaaa418bd5af61a282f1183a46c84c4d5e4c90689b1b452d230d05cc
96a9b3039a1847c67a00,https://pmc.ncbi.nlm.nih.gov/articles/PMC3270932,2026-10-04T02:44:42.243530+00:00,nih.gov,True,downloaded,200.0,https://pmc.ncbi.nlm.nih.gov/articles/PMC3270932,21368.0,success,131,18,html,text/html; charset=utf-8,Checking your browser,,2026-09-11,google.com,https://www.google.com/recaptcha/challengepage,0.0,96a9b3039a1847c67a00.txt,a29166d0eaaa418bd5af61a282f1183a46c84c4d5e4c90689b1b452d230d05cc
96b91bc8c7566c71ab0c,https://doingcollege.com/resources/top-ten-factors-influencing-college-admissions,2026-10-04T02:44:43.626807+00:00,doingcollege.com,True,downloaded,200.0,https://www.doingcollege.com/resources/top-ten-factors-influencing-college-admissions/,126434.0,success,5595,860,html,text/html; charset=UTF-8,Top Ten Factors Influencing College Admissions - Help from Doing College,,2025-04-25,Doing College,https://www.doingcollege.com/resources/top-ten-factors-influencing-college-admissions/,0.0,96b91bc8c7566c71ab0c.txt,aff854bf13dd53fdbdf07d9ac8f774b9084958103281e89896b92b4e8e40fb79
96c81622513ee872906f,https://aspe.hhs.gov/reports/health-insurance-coverage-access-care-latinos,2026-10-04T02:44:44.130560+00:00,hhs.gov,True,downloaded,200.0,https://aspe.hhs.gov/reports/health-insurance-coverage-access-care-latinos,40769.0,success,764,119,html,text/html; charset=UTF-8,Health Insurance Coverage and Access to Care Among Latino Americans: Recent Trends and Key Challenges,,2024-06-07,ASPE,http://aspe.hhs.gov/reports/health-insurance-coverage-access-care-latinos,0.0,96c81622513ee872906f.txt,cc813a08bd778c5dd47de3ade0207c6547227df22a38612c10c603a1b733e14f
96e1aa5d1d8f5d57c814,https://kff.org/racial-equity-and-health-policy/health-and-access-to-care-and-coverage-for-lesbian-gay-bisexual-and-transgender-individuals-in-the-u-s,2026-10-04T02:44:45.150007+00:00,kff.org,True,downloaded,200.0,https://www.kff.org/racial-equity-and-health-policy/health-and-access-to-care-and-coverage-for-lesbian-gay-bisexual-and-transgender-individuals-in-the-u-s/,319399.0,success,105273,15479,html,text/html; charset=UTF-8,"Health and Access to Care and Coverage for Lesbian, Gay, Bisexual, and Transgender (LGBT) Individuals in the U.S. | KFF",Jennifer Kates; Usha Ranji; Adara Beamesderfer; Alina Salganicoff; Lindsey Dawson,2018-05-03,"KFF - The independent source for health policy research, polling, and news",https://www.kff.org/racial-equity-and-health-policy/health-and-access-to-care-and-coverage-for-lesbian-gay-bisexual-and-transgender-individuals-in-the-u-s/,0.0,96e1aa5d1d8f5d57c814.txt,dc8032330b47f4f9cb180658d23df659ac6cbad332d5a1c7c024736f5612e867
96e5f5dd953927f14fae,https://digitalcommons.unomaha.edu/cgi/viewcontent.cgi?article=1132&context=criminaljusticefacpub,2026-10-04T02:44:45.271756+00:00,unomaha.edu,False,http_error,403.0,https://digitalcommons.unomaha.edu/cgi/viewcontent.cgi?article=1132&context=criminaljusticefacpub,5868.0,not_extracted,0,0,,text/html; charset=UTF-8,,,,,,0.0,,
96ea6f0edd68714182b8,https://law.virginia.edu/news/201705/why-arrest,2026-10-04T02:44:45.666832+00:00,virginia.edu,False,http_error,403.0,https://law.virginia.edu/news/201705/why-arrest,5630.0,not_extracted,0,0,,text/html; charset=UTF-8,,,,,,0.0,,
96f6079ba144e22cfeca,https://vzlawfirm.com/guide-to-racial-discrimination-in-the-workplace,2026-10-04T02:44:47.249068+00:00,vzlawfirm.com,True,downloaded,200.0,https://www.vzlawfirm.com/guide-to-racial-discrimination-in-the-workplace/,838548.0,success,12054,1765,html,text/html; charset=UTF-8,Racial Discrimination in the Workplace: A 2026 Guide | Venardi Zurada LLP,,2026-09-25,Venardi Zurada LLP,https://www.vzlawfirm.com/guide-to-racial-discrimination-in-the-workplace/,0.0,96f6079ba144e22cfeca.txt,1f2b88f6c0ec085d5de3eee4b8956884186a7c74f32a68569553a723266b3ffa
975b0fa63e92cef1bd8a,https://cdaa.org.au/CDAAWebsite/Web/Blog/Posts/Career-Development-of-Transgender-and-Gender-Diverse-People.aspx,2026-10-04T02:44:48.224415+00:00,cdaa.org.au,True,downloaded,200.0,https://cdaa.org.au/CDAAWebsite/Web/Blog/Posts/Career-Development-of-Transgender-and-Gender-Diverse-People.aspx,57385.0,success,8345,1231,html,text/html; charset=utf-8,Career Development of Transgender and Gender Diverse People,,2022-01-17,cdaa.org.au,https://cdaa.org.au/CDAAWebsite/Web/Blog/Posts/Career-Development-of-Transgender-and-Gender-Diverse-People.aspx,0.0,975b0fa63e92cef1bd8a.txt,bae6c0556e67547ff68a4a9bd6e40917868648025c789ae1352c0ed4182711df
97aea39789c23a617380,https://healthaffairs.org/doi/10.1377/hlthaff.2025.00375,2026-10-04T02:44:48.371300+00:00,healthaffairs.org,False,http_error,403.0,https://healthaffairs.org/doi/10.1377/hlthaff.2025.00375,5719.0,not_extracted,0,0,,text/html; charset=UTF-8,,,,,,0.0,,
980dbba8e4f4ad5261b0,https://pubmed.ncbi.nlm.nih.gov/32946315,2026-10-04T02:44:51.474680+00:00,nih.gov,True,downloaded,203.0,https://pubmed.ncbi.nlm.nih.gov/32946315/,5590.0,success,100,14,html,text/html; charset=utf-8,Cookies must be enabled,,,pubmed.ncbi.nlm.nih.gov,https://pubmed.ncbi.nlm.nih.gov/32946315/,0.0,980dbba8e4f4ad5261b0.txt,f193d0de906419650acf171625dbd67f88f297290893b5473e1d8365c03d4b59
983ab3d26ad7b97fe39a,https://jff.org/blog/skills-based-hiring-alone-wont-advance-racial-equity,2026-10-04T02:44:52.339474+00:00,jff.org,True,downloaded,200.0,https://www.jff.org/blog/skills-based-hiring-alone-wont-advance-racial-equity,180308.0,success,8644,1316,html,text/html; charset=UTF-8,Skills-Based Hiring Alone Won’t Advance Racial Equity,Jessica Rood; Michael Collins,2023-06-21,Jobs for the Future (JFF),https://www.jff.org/blog/skills-based-hiring-alone-wont-advance-racial-equity/,0.0,983ab3d26ad7b97fe39a.txt,c2afd35f39db8f3915d610aa5fc1ec4fef98f876c07ec730b788de578557300a
9859a6c614dec4ad2dde,https://williamsinstitute.law.ucla.edu/publications/lgbt-housing-instability,2026-10-04T02:44:52.653782+00:00,ucla.edu,True,downloaded,200.0,https://williamsinstitute.law.ucla.edu/publications/lgbt-housing-instability/,120141.0,success,9033,1373,html,text/html; charset=UTF-8,"LGBT People and Housing Affordability, Discrimination, and Homelessness",Loyal; Thisisloyal Com,2021-08-03,The Williams Institute at UCLA School of Law,https://williamsinstitute.law.ucla.edu/publications/lgbt-housing-instability/,0.0,9859a6c614dec4ad2dde.txt,33202351118d0e4e8897c8799b773dcb431a002d502989250f0f1d83b420d6ea
98dac0da412339e97486,https://ssa.gov/policy/docs/ssb/v62n2/v62n2p59.pdf,2026-10-04T02:44:53.246916+00:00,ssa.gov,False,curl_error,0.0,https://ssa.gov/policy/docs/ssb/v62n2/v62n2p59.pdf,,not_extracted,0,0,,,,,,,,60.0,,
98ecfcdb32fedc2fbf7b,https://unidosus.org/publications/latinos-access-to-credit-remains-low-and-stratified,2026-10-04T02:44:53.423518+00:00,unidosus.org,True,downloaded,200.0,https://unidosus.org/publications/latinos-access-to-credit-remains-low-and-stratified/,129019.0,success,811,113,html,text/html; charset=UTF-8,Latinos’ Access to Credit Remains Low and Stratified,,2022-12-06,UnidosUS,https://unidosus.org/publications/latinos-access-to-credit-remains-low-and-stratified/,0.0,98ecfcdb32fedc2fbf7b.txt,e6a57418a486d0667ec3faf4b3bd05de7ed3a8c7cfb3ba8b3767f2e57151891f
99224d0508786007ccfa,https://universityhealth.com/public-health/factors-shaping-health/economic-stability/housing,2026-10-04T02:44:53.952813+00:00,universityhealth.com,True,downloaded,200.0,https://www.universityhealth.com/public-health/factors-shaping-health/economic-stability/housing,39797.0,success,4447,669,html,text/html; charset=utf-8,Impact of Housing Instability on Health | Institute for Public Health | University Health,,2026-01-01,University Health,https://www.universityhealth.com/public-health/factors-shaping-health/economic-stability/housing,0.0,99224d0508786007ccfa.txt,ce53f292a5256f977d54a274c76e65ed041df2fa201971b79f344d073bd18630
992ae1da0f2dd22a818d,https://pubs.aeaweb.org/doi/pdf/10.1257/jep.20231394,2026-10-04T02:44:54.302006+00:00,aeaweb.org,False,http_error,403.0,https://pubs.aeaweb.org/doi/pdf/10.1257/jep.20231394,5711.0,not_extracted,0,0,,text/html; charset=UTF-8,,,,,,0.0,,
99640cd5df9e0bc5835a,https://adata.org/research-brief/higher-education-and-ada,2026-10-04T02:44:54.960682+00:00,adata.org,True,downloaded,200.0,https://adata.org/research-brief/higher-education-and-ada/,59841.0,success,22712,3218,html,text/html; charset=UTF-8,Higher Education and the ADA,An ADA Knowledge Translation Center Research Brief,2019-01-01,ADATA.org,https://adata.org/research-brief/higher-education-and-ada/,0.0,99640cd5df9e0bc5835a.txt,0c75a8f476f065f4e0a88a33ab6ccb905b8aa24c218d8d96f17f7789aef13671
99996a542e770306432e,https://pmc.ncbi.nlm.nih.gov/articles/PMC11227074,2026-10-04T02:44:55.043592+00:00,nih.gov,True,downloaded,200.0,https://pmc.ncbi.nlm.nih.gov/articles/PMC11227074/,243981.0,success,54138,8096,html,text/html; charset=utf-8,"Medicare Eligibility and Changes in Coverage, Access to Care, and Health by Sexual Orientation and Gender Identity",Kyle A Gavulic; Jacob Wallace,2024-07-05,JAMA Health Forum,https://pmc.ncbi.nlm.nih.gov/articles/PMC11227074/,0.0,99996a542e770306432e.txt,be4133714d4f187ddb749498dafe59093087cbc1006e0593793fd079ee7cf61e
99af1948f1c3afd554e9,https://aclu.org/news/racial-justice/why-access-to-education-is-key-to-systemic-equality,2026-10-04T02:44:56.796039+00:00,aclu.org,True,downloaded,200.0,https://www.aclu.org/news/racial-justice/why-access-to-education-is-key-to-systemic-equality,83344.0,success,10739,1586,html,text/html; charset=UTF-8,Why Access to Education is Key to Systemic Equality | ACLU,,2023-09-06,American Civil Liberties Union,https://www.aclu.org/news/racial-justice/why-access-to-education-is-key-to-systemic-equality,0.0,99af1948f1c3afd554e9.txt,a1962df7e88bec9216441b527a1f5107752205107b4d9391aeb5157a876233fa
99c69d53668c6423d6d7,https://covenanthouse.org/homeless-issues/lgbtq-youth,2026-10-04T02:44:56.835542+00:00,covenanthouse.org,True,downloaded,200.0,https://www.covenanthouse.org/homeless-issues/lgbtq-youth,117106.0,success,4743,742,html,text/html; charset=utf-8,LGBTQ+ Young People Face Higher Risks of Homelessness,,2026-01-01,Covenant House,https://www.covenanthouse.org/homeless-issues/lgbtq-youth,0.0,99c69d53668c6423d6d7.txt,89b6e8c7debe7c498748cf439598b3676296fc334e2751873472fca2db8cd8af
99d8e5e23bbd3e9a9afb,https://pmc.ncbi.nlm.nih.gov/articles/PMC1865113,2026-10-04T02:44:57.856565+00:00,nih.gov,True,downloaded,200.0,https://pmc.ncbi.nlm.nih.gov/articles/PMC1865113/,222732.0,success,63290,9895,html,text/html; charset=utf-8,"Workplace Harassment Patterning, Gender, and Utilization of Professional Services: Findings from a US National Study",Mrs Candice A Shannon; Kathleen M Rospenda; Judith A Richman,2006-12-12,Social science & medicine (1982),https://pmc.ncbi.nlm.nih.gov/articles/PMC1865113/,0.0,99d8e5e23bbd3e9a9afb.txt,6223f0fe6033a6ad9654a40bf264d6ead3210953679160b867ae0d7114879256
99e26747bdd41a1ac5ed,https://aclu.org/issues/racial-justice/race-and-criminal-justice,2026-10-04T02:44:58.237655+00:00,aclu.org,True,downloaded,200.0,https://www.aclu.org/issues/racial-justice/race-and-criminal-justice,67900.0,success,3365,490,html,text/html; charset=UTF-8,Race and Criminal Justice | American Civil Liberties Union,,2025-06-17,American Civil Liberties Union,https://www.aclu.org/issues/racial-justice/race-and-criminal-justice,0.0,99e26747bdd41a1ac5ed.txt,83ddc7bd1af222e0176998f80351ecc701b32b1113f34c5f7e3c640faecc5be9
9a9832e4b17a35949138,https://publichealth.jhu.edu/2026/new-study-identifies-racial-inequality-in-us-hospital-admissions,2026-10-04T02:44:58.568406+00:00,jhu.edu,False,http_error,403.0,https://publichealth.jhu.edu/2026/new-study-identifies-racial-inequality-in-us-hospital-admissions,5516.0,not_extracted,0,0,,text/html; charset=UTF-8,,,,,,0.0,,
9a9fe7e6e302049530b6,https://engineering.stanford.edu/news/understanding-how-racism-and-emotion-impact-affordable-housing-support,2026-10-04T02:45:00.699682+00:00,stanford.edu,True,downloaded,200.0,https://engineering.stanford.edu/news/understanding-how-racism-and-emotion-impact-affordable-housing-support,110545.0,success,6680,1014,html,text/html; charset=UTF-8,Understanding how racism and emotion impact affordable housing support,Laura Castañón,2024-05-16,Stanford University School of Engineering,https://engineering.stanford.edu/news/understanding-how-racism-and-emotion-impact-affordable-housing-support,0.0,9a9fe7e6e302049530b6.txt,fae5fc18b333a1e603e8dfd6ca9deb0fe7b8393ebe4cf2dc66173603a92d6ca4
9abdcaaa522304c8940a,https://pmc.ncbi.nlm.nih.gov/articles/PMC10920988,2026-10-04T02:45:01.696739+00:00,nih.gov,True,downloaded,200.0,https://pmc.ncbi.nlm.nih.gov/articles/PMC10920988,21371.0,success,131,18,html,text/html; charset=utf-8,Checking your browser,,2026-09-11,google.com,https://www.google.com/recaptcha/challengepage,0.0,9abdcaaa522304c8940a.txt,a29166d0eaaa418bd5af61a282f1183a46c84c4d5e4c90689b1b452d230d05cc
9acebb2b4972976061b3,https://jchs.harvard.edu/blog/locked-out-why-homeownership-out-reach-many-young-hispanic-families,2026-10-04T02:45:01.943429+00:00,harvard.edu,False,http_error,403.0,https://jchs.harvard.edu/blog/locked-out-why-homeownership-out-reach-many-young-hispanic-families,5836.0,not_extracted,0,0,,text/html; charset=UTF-8,,,,,,0.0,,
9ad09606649d629f8374,https://ablelight.org/blog/housing-insecurity,2026-10-04T02:45:03.162629+00:00,ablelight.org,True,downloaded,200.0,https://ablelight.org/blog/housing-insecurity/,389879.0,success,3306,480,html,text/html; charset=UTF-8,Addressing Housing Insecurity for People with Developmental Disabilities,Jrzeznik,2025-01-15,AbleLight,https://ablelight.org/blog/housing-insecurity/,0.0,9ad09606649d629f8374.txt,8925c2d8e2e3a852b8d7f1f0d6a274a77015b0778c25393febce28814483132f
9ad78ce97758a2ea4a4e,https://youtube.com/watch?t=169s&v=iuzDLci1wF4,2026-10-04T02:45:04.291432+00:00,youtube.com,True,downloaded,200.0,https://www.youtube.com/watch?t=169s&v=iuzDLci1wF4,1421873.0,success,146,23,html,text/html; charset=utf-8,Why Your Student With a Disability Is Being Bullied (And What You're Missing),,2026-06-20,YouTube,https://www.youtube.com/watch?v=iuzDLci1wF4,0.0,9ad78ce97758a2ea4a4e.txt,8dbba17988e385133ba8f51d76cde1fc2c859262b666cb848e9cfe2478fd5e71
9b1d7a763b31fcd3c2d3,https://kff.org/wp-content/uploads/2013/01/health-insurance-coverage-and-access-to-care-among-latinos.pdf,2026-10-04T02:45:04.521225+00:00,kff.org,True,downloaded,200.0,https://kff.org/wp-content/uploads/2013/01/health-insurance-coverage-and-access-to-care-among-latinos.pdf,499086.0,success,8200,1638,pdf,,,,,,,0.0,9b1d7a763b31fcd3c2d3.txt,38d54bdef754ab9675484dc0ae9c32414c04696f3146d9e1c5d3d69c5ee213cd
9b4e29ec812746856293,https://journals.sagepub.com/doi/10.1177/109861119800100403,2026-10-04T02:45:04.946959+00:00,sagepub.com,False,http_error,403.0,https://journals.sagepub.com/doi/10.1177/109861119800100403,5765.0,not_extracted,0,0,,text/html; charset=UTF-8,,,,,,0.0,,
9b999a907fd0c2e7d218,https://journals.sagepub.com/doi/10.1177/00208728251336953,2026-10-04T02:45:05.358130+00:00,sagepub.com,False,http_error,403.0,https://journals.sagepub.com/doi/10.1177/00208728251336953,5762.0,not_extracted,0,0,,text/html; charset=UTF-8,,,,,,0.0,,
9bd92a39c6f1fd3bfb75,https://journals.sagepub.com/doi/10.1177/21651434231154584,2026-10-04T02:45:05.499353+00:00,sagepub.com,False,http_error,403.0,https://journals.sagepub.com/doi/10.1177/21651434231154584,5762.0,not_extracted,0,0,,text/html; charset=UTF-8,,,,,,0.0,,
9beebc955155a8d08595,https://pmc.ncbi.nlm.nih.gov/articles/PMC2826704,2026-10-04T02:45:05.557689+00:00,nih.gov,True,downloaded,200.0,https://pmc.ncbi.nlm.nih.gov/articles/PMC2826704/,231662.0,success,70640,11272,html,text/html; charset=utf-8,Racial Disparities in Early Criminal Justice Involvement,Robert D Crutchfield; Martie L Skinner; Kevin P Haggerty; Anne McGlynn; Richard F Catalano,2009-12-11,Race and social problems,https://pmc.ncbi.nlm.nih.gov/articles/PMC2826704/,0.0,9beebc955155a8d08595.txt,3647a6ec186981889a1e80a0683680d0cf0c58dd02998e2ff75e1d9de89d87c4
9c24d2589dfff1c4b2af,https://sciencedirect.com/science/article/abs/pii/S0749379714004966,2026-10-04T02:45:05.826541+00:00,sciencedirect.com,False,http_error,403.0,https://www.sciencedirect.com/science/article/abs/pii/S0749379714004966,1207905.0,not_extracted,0,0,,text/html; charset=UTF-8,,,,,,0.0,,
9c2972660ed14276769d,https://americanbar.org/groups/criminal_justice/resources/magazine/2024-winter/crisis-behind-bars-legal-issues-impacting-transgender-people-prisons,2026-10-04T02:45:08.020744+00:00,americanbar.org,False,http_error,403.0,https://americanbar.org/groups/criminal_justice/resources/magazine/2024-winter/crisis-behind-bars-legal-issues-impacting-transgender-people-prisons,6095.0,not_extracted,0,0,,text/html; charset=UTF-8,,,,,,0.0,,
9c41a280e48ec02f74f9,https://equalrightscenter.org/equal-access-hud-2026,2026-10-04T02:45:08.091114+00:00,equalrightscenter.org,True,downloaded,200.0,https://equalrightscenter.org/equal-access-hud-2026/,135284.0,success,3640,550,html,text/html; charset=UTF-8,HUD Proposal Endangers Transgender People Experiencing Homelessness,Equal Rights Center,2026-06-04,Equal Rights Center,https://equalrightscenter.org/equal-access-hud-2026/,0.0,9c41a280e48ec02f74f9.txt,6b71a1ca427b024d0247daca3e09b76a8cfb6ccb8074bab1ff8baf605f2034d4
9c434a820b3590ceb180,https://news.illinois.edu/how-are-lgbtq-people-treated-by-law-enforcement,2026-10-04T02:45:08.497435+00:00,illinois.edu,True,downloaded,200.0,https://news.illinois.edu/how-are-lgbtq-people-treated-by-law-enforcement/,51806.0,success,5773,898,html,text/html; charset=UTF-8,How are LGBTQ people treated by law enforcement?,Sharita Forrest,2024-06-03,News Bureau,https://news.illinois.edu/how-are-lgbtq-people-treated-by-law-enforcement/,0.0,9c434a820b3590ceb180.txt,7c0d094ca4f49bc0c13ff23f9af04ce55b5f8bfecbe0dec34cb43254c7de725f
9c4b78e37ebc9e7d5597,https://pmc.ncbi.nlm.nih.gov/articles/PMC4425261,2026-10-04T02:45:08.776224+00:00,nih.gov,True,downloaded,200.0,https://pmc.ncbi.nlm.nih.gov/articles/PMC4425261/,21367.0,success,131,18,html,text/html; charset=utf-8,Checking your browser,,2026-09-11,google.com,https://www.google.com/recaptcha/challengepage,0.0,9c4b78e37ebc9e7d5597.txt,a29166d0eaaa418bd5af61a282f1183a46c84c4d5e4c90689b1b452d230d05cc
9c805746e577ff080d0d,https://digitalcommons.providence.edu/cgi/viewcontent.cgi?article=1122&context=sbg,2026-10-04T02:45:08.997350+00:00,providence.edu,False,http_error,403.0,https://digitalcommons.providence.edu/cgi/viewcontent.cgi?article=1122&context=sbg,5795.0,not_extracted,0,0,,text/html; charset=UTF-8,,,,,,0.0,,
9c81b82c150d8c502c52,https://youtube.com/watch?t=15s&v=o7yuBCVaX8Q,2026-10-04T02:45:09.364385+00:00,youtube.com,True,downloaded,200.0,https://www.youtube.com/watch?t=15s&v=o7yuBCVaX8Q,1313988.0,success,146,23,html,text/html; charset=utf-8,Crime vs. Class: Unveiling the U.S. Prison System,,2023-09-06,YouTube,https://www.youtube.com/watch?v=o7yuBCVaX8Q,0.0,9c81b82c150d8c502c52.txt,8dbba17988e385133ba8f51d76cde1fc2c859262b666cb848e9cfe2478fd5e71
9c83fec30b1ed70e82ae,https://pmc.ncbi.nlm.nih.gov/articles/PMC5472072,2026-10-04T02:45:10.824687+00:00,nih.gov,True,downloaded,200.0,https://pmc.ncbi.nlm.nih.gov/articles/PMC5472072/,113101.0,success,11540,1533,html,text/html; charset=utf-8,Bioethics in Practice: Ethical Issues in the Care of Transgender Patients,Miranda Hann; Robin Ivester; G Dodd Denton,2013-10-01,The Ochsner Journal,https://pmc.ncbi.nlm.nih.gov/articles/PMC5472072/,0.0,9c83fec30b1ed70e82ae.txt,530786da12f6ba36026c0de7568ff2c1a04b34cc51ba0637c09c75a715420869
9c8778bb46fa8eb44702,https://americanprogress.org/article/recognizing-addressing-housing-insecurity-disabled-renters,2026-10-04T02:45:11.501811+00:00,americanprogress.org,False,http_error,403.0,https://www.americanprogress.org/article/recognizing-addressing-housing-insecurity-disabled-renters,5869.0,not_extracted,0,0,,text/html; charset=UTF-8,,,,,,0.0,,
9ca47d577f21fc79a21d,https://pmc.ncbi.nlm.nih.gov/articles/PMC6120354,2026-10-04T02:45:11.649327+00:00,nih.gov,True,downloaded,200.0,https://pmc.ncbi.nlm.nih.gov/articles/PMC6120354,21366.0,success,131,18,html,text/html; charset=utf-8,Checking your browser,,2026-09-11,google.com,https://www.google.com/recaptcha/challengepage,0.0,9ca47d577f21fc79a21d.txt,a29166d0eaaa418bd5af61a282f1183a46c84c4d5e4c90689b1b452d230d05cc
9cb2b8f61c71e0fdfb4d,https://global-solutions-initiative.org/publication/financial-inclusion-for-women-a-way-forward,2026-10-04T02:45:12.018196+00:00,global-solutions-initiative.org,False,http_error,403.0,https://global-solutions-initiative.org/publication/financial-inclusion-for-women-a-way-forward,5888.0,not_extracted,0,0,,text/html; charset=UTF-8,,,,,,0.0,,
9ccf2df7f74c629dd1c1,https://youtube.com/watch?t=1s&v=ZS5nJJRR2GM,2026-10-04T02:45:12.167076+00:00,youtube.com,True,downloaded,200.0,https://www.youtube.com/watch?t=1s&v=ZS5nJJRR2GM,1369273.0,success,146,23,html,text/html; charset=utf-8,A National Movement to Advance Women in Policing - Why It Could Result in Safer Communities,,2024-09-26,YouTube,https://www.youtube.com/watch?v=ZS5nJJRR2GM,0.0,9ccf2df7f74c629dd1c1.txt,8dbba17988e385133ba8f51d76cde1fc2c859262b666cb848e9cfe2478fd5e71
9cfec005d1e53f63a932,https://gillbranstetter.medium.com/transgender-people-incarceration-a-guide-for-reporters-ebd3c27feb8a,2026-10-04T02:45:12.751067+00:00,medium.com,False,http_error,403.0,https://gillbranstetter.medium.com/transgender-people-incarceration-a-guide-for-reporters-ebd3c27feb8a,5402.0,not_extracted,0,0,,text/html; charset=UTF-8,,,,,,0.0,,
9d091f0eefab73b697bc,https://transcen.org/top-10-reasons-to-hire-an-applicant-with-a-disability,2026-10-04T02:45:13.252905+00:00,transcen.org,True,downloaded,200.0,https://www.transcen.org/top-10-reasons-to-hire-an-applicant-with-a-disability/,71802.0,success,2294,331,html,text/html; charset=UTF-8,"Top 10 Reasons to Hire an Applicant with a Disability - TransCen, Inc",,2025-04-07,"TransCen, Inc",https://www.transcen.org/top-10-reasons-to-hire-an-applicant-with-a-disability/,0.0,9d091f0eefab73b697bc.txt,d8ec88a84658974605ccdf79b98e4f865196c2c891cd689a9122e8a28bb855bd
9d4691da4bdd22942dd8,https://salud-america.org/when-continuous-medicaid-renewal-ended-latinos-and-black-individuals-were-twice-as-likely-to-lose-coverage,2026-10-04T02:45:13.914353+00:00,salud-america.org,True,downloaded,200.0,https://salud-america.org/when-continuous-medicaid-renewal-ended-latinos-and-black-individuals-were-twice-as-likely-to-lose-coverage/,77731.0,success,7621,1179,html,text/html; charset=UTF-8,Latinos Among Those Twice as Likely to Lose Medicaid Coverage When Continuous Renewal Ended - Salud America,Catherine Stewart,2024-07-01,Salud America!,https://salud-america.org/when-continuous-medicaid-renewal-ended-latinos-and-black-individuals-were-twice-as-likely-to-lose-coverage/,0.0,9d4691da4bdd22942dd8.txt,8123d9f993ba4b9d0761c333985114fb00ad30599fe2261a959a1599b4e800d6
9d819a1c785196dacd28,https://arxiv.org/html/2405.00895v1,2026-10-04T02:45:14.356247+00:00,arxiv.org,True,downloaded,200.0,https://arxiv.org/html/2405.00895v1,176391.0,success,56059,8617,html,text/html; charset=utf-8,Racial and Ethnic Disparities in Mortgage Lending: New Evidence from Expanded HMDA Data,Nicholas Tenev † † footnotemark,2024-01-19,arxiv.org,https://arxiv.org/html/2405.00895v1,0.0,9d819a1c785196dacd28.txt,9ad6fdc2024ccc2164c83470026e2f553556c7ceaea0925fcb22f48f50b5bd8f
9d91707d34ac3c96b6fa,https://journals.sagepub.com/doi/10.1177/00380407231182682,2026-10-04T02:45:14.873679+00:00,sagepub.com,False,http_error,403.0,https://journals.sagepub.com/doi/10.1177/00380407231182682,5762.0,not_extracted,0,0,,text/html; charset=UTF-8,,,,,,0.0,,
9dbfeda781835561aba8,https://policylab.rutgers.edu/publication/understanding-low-insurance-rates-among-the-hispanic-population-in-new-jersey,2026-10-04T02:45:15.012844+00:00,rutgers.edu,True,downloaded,200.0,https://policylab.rutgers.edu/publication/understanding-low-insurance-rates-among-the-hispanic-population-in-new-jersey/,121143.0,success,4463,641,html,text/html; charset=UTF-8,Understanding Low Insurance Rates Among the Hispanic Population in New Jersey - New Jersey State Policy Lab,Eric Tuvel,2024-10-25,"New Jersey State Policy Lab - The New Jersey State Policy Lab (NJSPL) conducts rigorous, evidence-based policy research for communities in the Garden State.",https://policylab.rutgers.edu/publication/understanding-low-insurance-rates-among-the-hispanic-population-in-new-jersey/,0.0,9dbfeda781835561aba8.txt,8927b14479fd5f827f46175a845a4495a4c7ec84e169b86329240dc0d264fed9
9dc178fec2d13435a140,https://desertrockcapital.com/blogs/7-factors-that-affect-loan-approval-beyond-your-credit-score,2026-10-04T02:45:15.181697+00:00,desertrockcapital.com,True,downloaded,200.0,https://www.desertrockcapital.com/blogs/7-factors-that-affect-loan-approval-beyond-your-credit-score,213950.0,success,1796,309,html,text/html,7 Factors That Affect Loan Approval Beyond Your Credit Score,,2026-04-11,Desert Rock Capital,https://www.desertrockcapital.com/blogs/7-factors-that-affect-loan-approval-beyond-your-credit-score,0.0,9dc178fec2d13435a140.txt,0804a83414dfd2d6afc054087de90bf8f1adc077d7c9ba6e2ad063d71608aab6
9e174cc4ac3524bbc6a6,https://ivycoach.com/the-ivy-coach-blog/college-admissions/lgbtq-college-admissions,2026-10-04T02:45:16.238679+00:00,ivycoach.com,False,http_error,403.0,https://ivycoach.com/the-ivy-coach-blog/college-admissions/lgbtq-college-admissions,52.0,not_extracted,0,0,,text/html,,,,,,0.0,,
9e301f63fb50a0a43566,https://publicintegrity.org/inequality-poverty-opportunity/bias-mortgage-approval-algorithms,2026-10-04T02:45:17.922798+00:00,publicintegrity.org,True,downloaded,200.0,https://publicintegrity.org/inequality-poverty-opportunity/bias-mortgage-approval-algorithms/,274609.0,success,24337,3876,html,text/html; charset=UTF-8,The secret bias hidden in mortgage-approval algorithms – Center for Public Integrity,Emmanuel Martinez; Lauren Kirchner,2021-08-25,Center for Public Integrity,https://publicintegrity.org/inequality-poverty-opportunity/bias-mortgage-approval-algorithms/,0.0,9e301f63fb50a0a43566.txt,aae76188c7f3a94dce75f0c96c624f294880eaa032614deda17c2d8f7497374b
9e4b49becfb9a382018a,https://sciencedirect.com/science/article/abs/pii/S0047235204000637,2026-10-04T02:45:17.975736+00:00,sciencedirect.com,False,http_error,403.0,https://www.sciencedirect.com/science/article/abs/pii/S0047235204000637,1207905.0,not_extracted,0,0,,text/html; charset=UTF-8,,,,,,0.0,,
9e50b890fa6e5a6b97f2,https://counciloncj.org/womens-justice-a-preliminary-assessment-of-women-in-the-criminal-justice-system,2026-10-04T02:45:19.636922+00:00,counciloncj.org,True,downloaded,200.0,https://counciloncj.org/womens-justice-a-preliminary-assessment-of-women-in-the-criminal-justice-system/,1144044.0,success,295458,38988,html,text/html; charset=UTF-8,Women's Justice: A Preliminary Assessment of Women in the Criminal Justice System - Council on Criminal Justice,Rachel Yen,2024-07-09,Council on Criminal Justice,https://counciloncj.org/womens-justice-a-preliminary-assessment-of-women-in-the-criminal-justice-system/,0.0,9e50b890fa6e5a6b97f2.txt,5de663cbd88ad899d144f4df255587ddfe001ee44fab6fa30ddc66df9839d9ec
9e715f5ab53af741d71d,https://codeforamerica.org/news/getting-clear-answers-about-income-and-household-composition,2026-10-04T02:45:19.711398+00:00,codeforamerica.org,False,http_error,403.0,https://codeforamerica.org/news/getting-clear-answers-about-income-and-household-composition,1665.0,not_extracted,0,0,,text/html; charset=utf-8,,,,,,0.0,,
9ec721170753e9d1954e,https://nationaldisabilityinstitute.org/wp-content/uploads/2023/07/fdic-credit-factsheet-2023.pdf,2026-10-04T02:45:21.958036+00:00,nationaldisabilityinstitute.org,True,downloaded,200.0,https://nationaldisabilityinstitute.org/wp-content/uploads/2023/07/fdic-credit-factsheet-2023.pdf,169478.0,success,6207,908,pdf,application/pdf,,,,,,0.0,9ec721170753e9d1954e.txt,08b438ade4e485b775d5ed688e7f392881fc45e9936cbb9ccb2e33c4cba40a8f
9eeb49b97abaf12ea3ed,https://researchgate.net/publication/309431934_Causes_of_homelessness_prevalence_Relationship_between_homelessness_and_disability,2026-10-04T02:45:22.115666+00:00,researchgate.net,False,http_error,403.0,https://www.researchgate.net/publication/309431934_Causes_of_homelessness_prevalence_Relationship_between_homelessness_and_disability,21138.0,not_extracted,0,0,,text/html; charset=UTF-8,,,,,,0.0,,
9eedf36b5c7ef367f8b7,https://startdisability.com/perspectives/transgender-apply-ssdi,2026-10-04T02:45:23.234968+00:00,startdisability.com,True,downloaded,200.0,https://www.startdisability.com/perspectives/transgender-apply-ssdi,149321.0,success,8559,1226,html,text/html;charset=utf-8,Transgender Applicants and SSDI: What You Need to Know (2025 Update) — Start Disability,Jacky Writes,2019-05-28,Start Disability,https://www.startdisability.com/perspectives/transgender-apply-ssdi,0.0,9eedf36b5c7ef367f8b7.txt,d02c3ec1c231e2b3d4874b86cb1ea593ff346a7d7d2b6aae69391af465102d49
9ef36a0ea05744e6d3d9,https://aclu.org/publications/policing-progress-findings-from-a-national-survey-of-lgbtq-peoples-experiences-with-law-enforcement,2026-10-04T02:45:23.406497+00:00,aclu.org,True,downloaded,200.0,https://www.aclu.org/publications/policing-progress-findings-from-a-national-survey-of-lgbtq-peoples-experiences-with-law-enforcement,46480.0,success,7571,1113,html,text/html; charset=UTF-8,Policing Progress: Findings from a National Survey of LGBTQ+ People’s Experiences with Law Enforcement | American Civil Liberties Union,,2024-04-30,American Civil Liberties Union,https://www.aclu.org/publications/policing-progress-findings-from-a-national-survey-of-lgbtq-peoples-experiences-with-law-enforcement,0.0,9ef36a0ea05744e6d3d9.txt,4e166cb8e9552eb6d82dd4ca1d2a1feb6ca57db9fddb90fa74cc93b2817d032d
9f0abeb059b6e96a6a91,https://projectnewyorker.org/common-mistakes-people-make-when-applying-for-public-assistance,2026-10-04T02:45:24.136632+00:00,projectnewyorker.org,True,downloaded,200.0,https://projectnewyorker.org/common-mistakes-people-make-when-applying-for-public-assistance/,174485.0,success,13057,1897,html,text/html; charset=UTF-8,5 Common Mistakes People Make in Public Assistance Applications,Projectnewyorker,2025-05-27,Project New Yorker,https://projectnewyorker.org/common-mistakes-people-make-when-applying-for-public-assistance/,0.0,9f0abeb059b6e96a6a91.txt,25301aad48b983c9727b55558399925f6b7ac0c884aa622c4475156adb807eff
9f0d36b534211764ea78,https://thepeopleconcern.org/the-intersection-of-womanhood-and-homelessness,2026-10-04T02:45:24.152252+00:00,thepeopleconcern.org,True,downloaded,200.0,https://thepeopleconcern.org/the-intersection-of-womanhood-and-homelessness/,294869.0,success,5781,860,html,text/html; charset=UTF-8,The Intersection of Womanhood and Homelessness - The People Concern,Becanty kouakou,2020-05-28,The People Concern,https://thepeopleconcern.org/the-intersection-of-womanhood-and-homelessness/,0.0,9f0d36b534211764ea78.txt,292752bb88055be939eee3bd00bd40cf8fad2821389b1c1074cfa8a095a301d9
9f40d7942e97763d9bea,https://pmc.ncbi.nlm.nih.gov/articles/PMC7552981,2026-10-04T02:45:26.299947+00:00,nih.gov,True,downloaded,200.0,https://pmc.ncbi.nlm.nih.gov/articles/PMC7552981,21367.0,success,131,18,html,text/html; charset=utf-8,Checking your browser,,2026-09-11,google.com,https://www.google.com/recaptcha/challengepage,0.0,9f40d7942e97763d9bea.txt,a29166d0eaaa418bd5af61a282f1183a46c84c4d5e4c90689b1b452d230d05cc
9f6f5d35f02baabf9af0,https://nycbar.org/get-legal-help/article/public-benefits/social-security-disability-insurance-supplemental-security-income/typical-reasons-for-denial-of-benefits,2026-10-04T02:45:26.545879+00:00,nycbar.org,False,http_error,403.0,https://nycbar.org/get-legal-help/article/public-benefits/social-security-disability-insurance-supplemental-security-income/typical-reasons-for-denial-of-benefits,52.0,not_extracted,0,0,,text/html,,,,,,0.0,,
9f78543b2ef115bd6b40,https://pmc.ncbi.nlm.nih.gov/articles/PMC5060404,2026-10-04T02:45:26.589374+00:00,nih.gov,True,downloaded,200.0,https://pmc.ncbi.nlm.nih.gov/articles/PMC5060404/,168399.0,success,34348,5179,html,text/html; charset=utf-8,Patient involvement in patient safety: what factors influence patient participation and engagement?,Rachel E Davis; Rosamond Jacklin; Nick Sevdalis; Charles A Vincent,2007-07-06,Health Expectations : An International Journal of Public Participation in Health Care and Health Policy,https://pmc.ncbi.nlm.nih.gov/articles/PMC5060404/,0.0,9f78543b2ef115bd6b40.txt,b3262a4a4ee77e2baf8efb83c5a29a07c6ca37b41b2440db906a6d5b5767d952
9f8d204a6f455a62c29b,https://elitelearning.com/resource-center/physicians/creating-a-friendly-healthcare-environment-for-lgbtq-patients,2026-10-04T02:45:26.615359+00:00,elitelearning.com,False,http_error,403.0,https://www.elitelearning.com/resource-center/physicians/creating-a-friendly-healthcare-environment-for-lgbtq-patients/,5921.0,not_extracted,0,0,,text/html; charset=UTF-8,,,,,,0.0,,
9f983c14d9f5c79c2f1f,https://urban.org/research/publication/why-are-there-gaps-lgbtq-homeownership,2026-10-04T02:45:28.340613+00:00,urban.org,False,http_error,403.0,https://www.urban.org/research/publication/why-are-there-gaps-lgbtq-homeownership,5858.0,not_extracted,0,0,,text/html; charset=UTF-8,,,,,,0.0,,
9fa8882463c976a334ea,https://uri.edu/news/2025/10/homelessness-rates-vary-sharply-by-race-uri-paper-shows,2026-10-04T02:45:28.726771+00:00,uri.edu,True,downloaded,200.0,https://www.uri.edu/news/2025/10/homelessness-rates-vary-sharply-by-race-uri-paper-shows/,147068.0,success,3650,509,html,text/html; charset=UTF-8,"Homelessness rates vary sharply by race, URI paper shows",,2025-10-15,Universityofri,https://www.uri.edu/news/2025/10/homelessness-rates-vary-sharply-by-race-uri-paper-shows/,0.0,9fa8882463c976a334ea.txt,511b6e576b5f09f6a88aaa99972c285cce8cceedbaf444797b239a7e7fa888c0
9fbb6af46bf8cb60cf6e,https://learningpolicyinstitute.org/topic/equitable-access-and-opportunity,2026-10-04T02:45:30.297203+00:00,learningpolicyinstitute.org,False,http_error,403.0,https://learningpolicyinstitute.org/topic/equitable-access-and-opportunity,5767.0,not_extracted,0,0,,text/html; charset=UTF-8,,,,,,0.0,,
9fd7da673f5b1acc1cd9,https://sciencedirect.com/science/article/abs/pii/S0047235225001941,2026-10-04T02:45:30.510795+00:00,sciencedirect.com,False,http_error,403.0,https://www.sciencedirect.com/science/article/abs/pii/S0047235225001941,1207905.0,not_extracted,0,0,,text/html; charset=UTF-8,,,,,,0.0,,
9fea38e3bc84f57df710,https://womensworldbanking.org/insights/how-womens-financial-inclusion-contributes-to-financial-stability-and-soundness,2026-10-04T02:45:31.495958+00:00,womensworldbanking.org,True,downloaded,200.0,https://www.womensworldbanking.org/insights/how-womens-financial-inclusion-contributes-to-financial-stability-and-soundness/,184268.0,success,2603,341,html,text/html; charset=UTF-8,How Women's Financial Inclusion Contributes to Financial Stability and Soundness - Women's World Banking,Women's World Banking,2025-02-25,Women's World Banking,https://www.womensworldbanking.org/insights/how-womens-financial-inclusion-contributes-to-financial-stability-and-soundness/,0.0,9fea38e3bc84f57df710.txt,91226f209d650b2cc47b35e5842bbc800c22473545e3f16159513cc339d28f81
a00e70ab94b153c4de64,https://azcentralcu.org/blog/financial-challenges-latinos,2026-10-04T02:45:31.769790+00:00,azcentralcu.org,True,downloaded,200.0,https://www.azcentralcu.org/blog/financial-challenges-latinos/,1496845.0,success,7402,1098,html,text/html; charset=UTF-8,6 Financial Challenges Facing Latinos – And How to Overcome Them,Ralph Zubiate,2025-04-22,Arizona Central Credit Union,https://www.azcentralcu.org/blog/financial-challenges-latinos/,0.0,a00e70ab94b153c4de64.txt,452ef2e7d7d4698b59e66989fc0df003563115d967ebf5c763bb70caa5fbad5f
a053ebdf4cb1ea352400,https://researchgate.net/publication/374826969_Education's_Role_in_Empowering_Women_and_Promoting_Gender_Inequality_A_Critical_Review,2026-10-04T02:45:33.854406+00:00,researchgate.net,False,http_error,403.0,https://www.researchgate.net/publication/374826969_Education's_Role_in_Empowering_Women_and_Promoting_Gender_Inequality_A_Critical_Review,21138.0,not_extracted,0,0,,text/html; charset=UTF-8,,,,,,0.0,,
a098ab33c6b661976987,https://youtube.com/watch?v=QKr6o7BBIG0,2026-10-04T02:45:34.070513+00:00,youtube.com,True,downloaded,200.0,https://www.youtube.com/watch?v=QKr6o7BBIG0,1238187.0,success,146,23,html,text/html; charset=utf-8,#FDICexplains Fair Lending,,2020-10-09,YouTube,https://www.youtube.com/watch?v=QKr6o7BBIG0,0.0,a098ab33c6b661976987.txt,8dbba17988e385133ba8f51d76cde1fc2c859262b666cb848e9cfe2478fd5e71
a0c1f43ccc60c708707a,https://academic.oup.com/ppar/article/35/4/121/8341057,2026-10-04T02:45:34.185114+00:00,oup.com,False,http_error,403.0,https://academic.oup.com/ppar/article/35/4/121/8341057,5621.0,not_extracted,0,0,,text/html; charset=UTF-8,,,,,,0.0,,
a0f32f9d594ccf825a5d,https://economics.yale.edu/sites/default/files/main-july_2016.pdf,2026-10-04T02:45:34.599594+00:00,yale.edu,True,downloaded,200.0,https://economics.yale.edu/sites/default/files/main-july_2016.pdf,1108222.0,success,223865,36609,pdf,application/pdf,,,,,,0.0,a0f32f9d594ccf825a5d.txt,a6e93158477f5a6cfc60b9e0b87a666a6a2c8b90f4592835e75ba514f3b6e3ce
a150cd03541d10e2b999,https://pmc.ncbi.nlm.nih.gov/articles/PMC12074602,2026-10-04T02:45:36.700763+00:00,nih.gov,True,downloaded,200.0,https://pmc.ncbi.nlm.nih.gov/articles/PMC12074602,21372.0,success,131,18,html,text/html; charset=utf-8,Checking your browser,,2026-09-11,google.com,https://www.google.com/recaptcha/challengepage,0.0,a150cd03541d10e2b999.txt,a29166d0eaaa418bd5af61a282f1183a46c84c4d5e4c90689b1b452d230d05cc
a151b11edce0efaa06fd,https://all4ed.org/future-ready-schools/emerging-practices-guides/ensuring-equity-access-and-inclusion-for-all,2026-10-04T02:45:36.704751+00:00,all4ed.org,True,downloaded,200.0,https://all4ed.org/future-ready-schools/emerging-practices-guides/ensuring-equity-access-and-inclusion-for-all/,355408.0,success,9622,1275,html,text/html; charset=UTF-8,"Ensuring Equity, Access, and Inclusion for All | All4Ed",,2023-06-22,All4Ed | Equity. Justice. Education.,https://all4ed.org/future-ready-schools/emerging-practices-guides/ensuring-equity-access-and-inclusion-for-all/,0.0,a151b11edce0efaa06fd.txt,1c7a8c4c354437e58294ad10ee0c087fb0c58d65016b4cc35cb009a31367c0c8
a166231099c7b016c673,https://law.georgetown.edu/poverty-journal/blog/anti-lgbtq-discrimination-and-barriers-to-accessing-public-benefits,2026-10-04T02:45:36.919579+00:00,georgetown.edu,False,hard_timeout,0.0,https://law.georgetown.edu/poverty-journal/blog/anti-lgbtq-discrimination-and-barriers-to-accessing-public-benefits,,not_extracted,0,0,,,,,,,,28.0,,
a16c66827fff4ce57751,https://equalrightscenter.org/ada-35-inaccessible-housing,2026-10-04T02:45:37.109259+00:00,equalrightscenter.org,True,downloaded,200.0,https://equalrightscenter.org/ada-35-inaccessible-housing/,140905.0,success,11475,1736,html,text/html; charset=UTF-8,"On the ADA’s 35th Anniversary, Inaccessible Housing Remains a Profound Barrier for People with Disabilities",Equal Rights Center,2025-07-17,Equal Rights Center,https://equalrightscenter.org/ada-35-inaccessible-housing/,0.0,a16c66827fff4ce57751.txt,04eeed59e36bad4d6ca7140bbb3072475491ec71ef8b3dab9b5b6ad87fdeae70
a174a42949ad20f791de,https://trans.ac.uk/Supporting-Students/Access-to-college-and-university,2026-10-04T02:45:37.238788+00:00,trans.ac.uk,False,curl_error,0.0,https://trans.ac.uk/Supporting-Students/Access-to-college-and-university,,not_extracted,0,0,,,,,,,,6.0,,
a1a96baa89435942845c,https://transequality.org/issues/employment,2026-10-04T02:45:38.565275+00:00,transequality.org,True,downloaded,200.0,https://transequality.org/issues/employment,119709.0,success,1434,215,html,text/html; charset=UTF-8,Employment | A4TE,,2022-01-11,A4TE,https://transequality.org/issues/employment,0.0,a1a96baa89435942845c.txt,1cfb6303e32e5970ea395d014763146083a5df210297ceff8f7ceb8d4868c613
a1d174236c5e6d89a912,https://pmc.ncbi.nlm.nih.gov/articles/PMC7878644,2026-10-04T02:45:39.965394+00:00,nih.gov,True,downloaded,200.0,https://pmc.ncbi.nlm.nih.gov/articles/PMC7878644,21365.0,success,131,18,html,text/html; charset=utf-8,Checking your browser,,2026-09-11,google.com,https://www.google.com/recaptcha/challengepage,0.0,a1d174236c5e6d89a912.txt,a29166d0eaaa418bd5af61a282f1183a46c84c4d5e4c90689b1b452d230d05cc
a21d81284971da170d8f,https://psychologytoday.com/us/blog/shame-nation/201710/how-workplace-bullying-is-impacting-lgbt-employees,2026-10-04T02:45:40.877052+00:00,psychologytoday.com,True,downloaded,200.0,https://www.psychologytoday.com:443/us/blog/shame-nation/201710/how-workplace-bullying-is-impacting-lgbt-employees,139804.0,success,7227,1182,html,text/html; charset=utf-8,How Workplace Bullying is Impacting LGBT Employees,Sue Scheff,2017-10-19,Psychology Today,https://www.psychologytoday.com/us/blog/shame-nation/201710/how-workplace-bullying-is-impacting-lgbt-employees,0.0,a21d81284971da170d8f.txt,16823d37dc75d13c4e4d6c5d6ec4b27bb302a48d6c1fd79edaec32a34024994a
a24a91c0bcbc3fbe2ee3,https://justia.com/employment/employment-discrimination/transgender-discrimination,2026-10-04T02:45:41.967157+00:00,justia.com,False,http_error,403.0,https://www.justia.com/employment/employment-discrimination/transgender-discrimination,5785.0,not_extracted,0,0,,text/html; charset=UTF-8,,,,,,0.0,,
a29201d7438d329e6fd0,https://pmc.ncbi.nlm.nih.gov/articles/PMC12450489,2026-10-04T02:45:41.976893+00:00,nih.gov,True,downloaded,200.0,https://pmc.ncbi.nlm.nih.gov/articles/PMC12450489,21368.0,success,131,18,html,text/html; charset=utf-8,Checking your browser,,2026-09-11,google.com,https://www.google.com/recaptcha/challengepage,0.0,a29201d7438d329e6fd0.txt,a29166d0eaaa418bd5af61a282f1183a46c84c4d5e4c90689b1b452d230d05cc
a2bbdbc6ea1853bdfdff,https://ncsl.org/civil-and-criminal-justice/conditions-and-rights-for-women-in-jails,2026-10-04T02:45:42.214123+00:00,ncsl.org,False,http_error,403.0,https://ncsl.org/civil-and-criminal-justice/conditions-and-rights-for-women-in-jails,5834.0,not_extracted,0,0,,text/html; charset=UTF-8,,,,,,0.0,,
a39ebc8b7647ae97da07,https://rsfjournal.org/content/10/4/173,2026-10-04T02:45:43.187745+00:00,rsfjournal.org,False,hard_timeout,0.0,https://rsfjournal.org/content/10/4/173,,not_extracted,0,0,,,,,,,,28.0,,
a3e3e13bc23f972343ef,https://pubmed.ncbi.nlm.nih.gov/29910848,2026-10-04T02:45:45.189745+00:00,nih.gov,True,downloaded,203.0,https://pubmed.ncbi.nlm.nih.gov/29910848/,5590.0,success,100,14,html,text/html; charset=utf-8,Cookies must be enabled,,,pubmed.ncbi.nlm.nih.gov,https://pubmed.ncbi.nlm.nih.gov/29910848/,0.0,a3e3e13bc23f972343ef.txt,f193d0de906419650acf171625dbd67f88f297290893b5473e1d8365c03d4b59
a3eb1462b0e359dbf272,https://foropportunity.org/how-safety-net-benefits-discourage-low-income-workers-from-escaping-poverty,2026-10-04T02:45:45.299092+00:00,foropportunity.org,True,downloaded,200.0,https://foropportunity.org/how-safety-net-benefits-discourage-low-income-workers-from-escaping-poverty/,298658.0,success,3807,535,html,text/html; charset=UTF-8,How safety net benefits discourage the escape from poverty,David Bass,2024-08-08,For Opportunity,https://foropportunity.org/how-safety-net-benefits-discourage-low-income-workers-from-escaping-poverty/,0.0,a3eb1462b0e359dbf272.txt,7feba2f05aabf389136350a1dba2fdf6205363c72aa7894c7e59993c612e4ee5
a40b1cb4fe4b998ee707,https://penalreform.org/issues/people-with-disabilities/the-issue,2026-10-04T02:45:45.463157+00:00,penalreform.org,False,curl_error,0.0,https://penalreform.org/issues/people-with-disabilities/the-issue,,not_extracted,0,0,,,,,,,,35.0,,
a436bd3bb670dcfe1d52,https://cbpp.org/research/social-security/women-and-disability-insurance-five-facts-you-should-know,2026-10-04T02:45:48.500800+00:00,cbpp.org,False,http_error,403.0,https://cbpp.org/research/social-security/women-and-disability-insurance-five-facts-you-should-know,6157.0,not_extracted,0,0,,text/html; charset=UTF-8,,,,,,0.0,,
a440ac1996fbeabd926c,https://openscholarship.wustl.edu/cgi/viewcontent.cgi?article=1978&context=csd_research,2026-10-04T02:45:48.539447+00:00,wustl.edu,False,http_error,403.0,https://openscholarship.wustl.edu/cgi/viewcontent.cgi?article=1978&context=csd_research,5840.0,not_extracted,0,0,,text/html; charset=UTF-8,,,,,,0.0,,
a49272df19025b655a64,https://pmc.ncbi.nlm.nih.gov/articles/PMC10260689,2026-10-04T02:45:48.562470+00:00,nih.gov,True,downloaded,200.0,https://pmc.ncbi.nlm.nih.gov/articles/PMC10260689/,184868.0,success,45875,7422,html,text/html; charset=utf-8,"Understanding the factors influencing low-income caregivers’ perceived value of a federal nutrition programme, the Special Supplemental Nutrition Program for Women, Infants and Children (WIC)",Summer Joy Weber; Jana Wichelecki; Noel Chavez; Stephanie Bess; LaShon Reese; Angela Odoms-Young,2018-12-07,Public Health Nutrition,https://pmc.ncbi.nlm.nih.gov/articles/PMC10260689/,0.0,a49272df19025b655a64.txt,0949da6d45fc3557311fb864bf62c768b13753930f2f90dfa0f8534ab0ffd99b
a4fabb274b8f262e3f40,https://profiles.umsl.edu/ws/portalfiles/portal/39865955/Culturally%20appropriate%20CC%20with%20lbgt.pdf,2026-10-04T02:45:48.908131+00:00,umsl.edu,True,downloaded,200.0,https://profiles.umsl.edu/ws/portalfiles/portal/39865955/Culturally%20appropriate%20CC%20with%20lbgt.pdf,1361458.0,success,70306,10530,pdf,application/pdf,,,,,,0.0,a4fabb274b8f262e3f40.txt,63a891b36de79e9c3dd0ba43abcd418fb1fc3c0a3fe4066a640688b5d0ff5986
a50b21d79c5179336819,https://ed.gov/laws-and-policy/civil-rights-laws/disability-discrimination/disability-discrimination-key-issues/disability-discrimination-bullying-and-harassment,2026-10-04T02:45:49.545122+00:00,ed.gov,False,http_error,403.0,https://www.ed.gov/laws-and-policy/civil-rights-laws/disability-discrimination/disability-discrimination-key-issues/disability-discrimination-bullying-and-harassment,11798.0,not_extracted,0,0,,text/html,,,,,,0.0,,
a50e50a684921460d76e,https://pmc.ncbi.nlm.nih.gov/articles/PMC8954758,2026-10-04T02:45:52.369912+00:00,nih.gov,True,downloaded,200.0,https://pmc.ncbi.nlm.nih.gov/articles/PMC8954758/,21371.0,success,131,18,html,text/html; charset=utf-8,Checking your browser,,2026-09-11,google.com,https://www.google.com/recaptcha/challengepage,0.0,a50e50a684921460d76e.txt,a29166d0eaaa418bd5af61a282f1183a46c84c4d5e4c90689b1b452d230d05cc
a54c688a7da606e5dacb,https://ccf.georgetown.edu/2021/06/08/health-coverage-trends-for-latino-children,2026-10-04T02:45:52.760459+00:00,georgetown.edu,True,downloaded,200.0,https://ccf.georgetown.edu/2021/06/08/health-coverage-trends-for-latino-children/,210250.0,success,35813,4880,html,text/html; charset=UTF-8,Getting Back on Track: A Detailed Look at Health Coverage Trends for Latino Children,Kelly Whitener,2021-06-08,Center For Children and Families,https://ccf.georgetown.edu/2021/06/08/health-coverage-trends-for-latino-children/,0.0,a54c688a7da606e5dacb.txt,c96fcac87a01afa738fe7ef3cdd68faf55ef763c57ac6fa96b307ae39569b66e
a5814d0c3c0dae88d5c5,https://ssa.gov/pubs/EN-05-10014.pdf,2026-10-04T02:45:52.761185+00:00,ssa.gov,False,curl_error,0.0,https://ssa.gov/pubs/EN-05-10014.pdf,,not_extracted,0,0,,,,,,,,60.0,,
a59ecd06a34d35790f09,https://elibrary.imf.org/view/journals/001/2024/150/article-A001-en.xml,2026-10-04T02:45:55.681328+00:00,imf.org,False,http_error,403.0,https://elibrary.imf.org/view/journals/001/2024/150/article-A001-en.xml,919.0,not_extracted,0,0,,text/html,,,,,,0.0,,
a5ef3321a99ddbcaf5a1,https://pmc.ncbi.nlm.nih.gov/articles/PMC7430435,2026-10-04T02:45:56.032112+00:00,nih.gov,True,downloaded,200.0,https://pmc.ncbi.nlm.nih.gov/articles/PMC7430435/,174259.0,success,38841,5869,html,text/html; charset=utf-8,Common barriers to healthcare for transgender people in the U.S. Southeast,Austin H Johnson; Ivy Hill; Jasmine Beach-Ferrara; Baker A Rogers; Andrew Bradford,2019-12-11,International Journal of Transgender Health,https://pmc.ncbi.nlm.nih.gov/articles/PMC7430435/,0.0,a5ef3321a99ddbcaf5a1.txt,f80710bf63ab55bed20b3f428caf93c61a5212ebf8b7f5db226103b0772a4dc1
a62e9766b3d4787d4b6f,https://vera-institute.files.svdcdn.com/production/downloads/publications/for-the-record-unjust-burden-racial-disparities.pdf,2026-10-04T02:45:56.743183+00:00,svdcdn.com,True,downloaded,200.0,https://vera-institute.files.svdcdn.com/production/downloads/publications/for-the-record-unjust-burden-racial-disparities.pdf,167911.0,success,94437,13906,pdf,application/pdf,,,,,,0.0,a62e9766b3d4787d4b6f.txt,05a4e70cdd7022f8b678eeb8ab37a899e65d18cbbcd44ac608df06a91906e724
a63a231cc2d7ed3cef3f,https://snapguideny.org/maintaining-snap-benefits-recertification,2026-10-04T02:45:57.220597+00:00,snapguideny.org,True,downloaded,200.0,https://snapguideny.org/maintaining-snap-benefits-recertification/,335345.0,success,9478,1444,html,text/html; charset=UTF-8,Maintaining SNAP Benefits and Recertification - NYS SNAP Eligibility Prescreening Guide,,2024-11-14,NYS SNAP Eligibility Prescreening Guide,https://snapguideny.org/maintaining-snap-benefits-recertification/,0.0,a63a231cc2d7ed3cef3f.txt,bf3faa599d1dfd453c0e09bcbafee14f63bbccff5327d4447b5a0b48e28e0aef
a642ecd4fe6cf29285fc,https://whijournal.com/article/S1049-3867(08)00108-4/fulltext,2026-10-04T02:45:59.482701+00:00,whijournal.com,False,http_error,403.0,https://whijournal.com/article/S1049-3867(08)00108-4/fulltext,5761.0,not_extracted,0,0,,text/html; charset=UTF-8,,,,,,0.0,,
a645c67598936410fbdd,https://tandfonline.com/doi/abs/10.1080/26379112.2024.2357996,2026-10-04T02:45:59.767024+00:00,tandfonline.com,False,http_error,403.0,https://tandfonline.com/doi/abs/10.1080/26379112.2024.2357996,5780.0,not_extracted,0,0,,text/html; charset=UTF-8,,,,,,0.0,,
a6521bc05a4d4f69140f,https://cbpp.org/research/income-security/tanf-policies-reflect-racist-legacy-of-cash-assistance,2026-10-04T02:46:00.196583+00:00,cbpp.org,False,http_error,403.0,https://cbpp.org/research/income-security/tanf-policies-reflect-racist-legacy-of-cash-assistance,6158.0,not_extracted,0,0,,text/html; charset=UTF-8,,,,,,0.0,,
a662689c18ace93ac072,https://youtube.com/watch?t=8s&v=hzWciDUKAPA,2026-10-04T02:46:00.901346+00:00,youtube.com,True,downloaded,200.0,https://www.youtube.com/watch?t=8s&v=hzWciDUKAPA,1215147.0,success,146,23,html,text/html; charset=utf-8,Diversity and Inclusion for Gay People at Work,,2023-12-08,YouTube,https://www.youtube.com/watch?v=hzWciDUKAPA,0.0,a662689c18ace93ac072.txt,8dbba17988e385133ba8f51d76cde1fc2c859262b666cb848e9cfe2478fd5e71
a6638c5bf33b828fb736,https://youtube.com/shorts/nomALgQGD-c,2026-10-04T02:46:01.135419+00:00,youtube.com,True,downloaded,200.0,https://www.youtube.com/shorts/nomALgQGD-c,1401274.0,success,146,23,html,text/html; charset=utf-8,Out or Not Gay Men Speak on How Being Gay Impacts Their Careers,,2025-11-10,YouTube,https://www.youtube.com/shorts/nomALgQGD-c,0.0,a6638c5bf33b828fb736.txt,8dbba17988e385133ba8f51d76cde1fc2c859262b666cb848e9cfe2478fd5e71
a667b37e064ad7c02fb5,https://ewa.org/issues/higher-ed/what-are-some-of-the-barriers-to-college-access,2026-10-04T02:46:02.010698+00:00,ewa.org,True,downloaded,200.0,https://ewa.org/issues/higher-ed/what-are-some-of-the-barriers-to-college-access,173800.0,success,6667,1054,html,text/html; charset=UTF-8,What Are Some of the Barriers to College Access - ewa.org,Non-profit web design by weareimmediate com,2026-07-24,ewa.org,https://ewa.org/issues/higher-ed/what-are-some-of-the-barriers-to-college-access,0.0,a667b37e064ad7c02fb5.txt,d455e7b9d19cba69a5143e01515b2e6eab0d9ec7393791e366a159147f699623
a673f827bd8515c2fb12,https://peacehealth.org/healthy-you/preventive-care-different-when-youre-trans-what-know,2026-10-04T02:46:02.920055+00:00,peacehealth.org,False,http_error,403.0,https://www.peacehealth.org/healthy-you/preventive-care-different-when-youre-trans-what-know,5879.0,not_extracted,0,0,,text/html; charset=UTF-8,,,,,,0.0,,
a6803a9e72c63b33aa85,https://info.jff.org/end-occupational-segregation,2026-10-04T02:46:03.516412+00:00,jff.org,True,downloaded,200.0,https://info.jff.org/end-occupational-segregation,217460.0,success,20366,2881,html,text/html; charset=UTF-8,End Occupational Segregation,,2026-01-01,info.jff.org,https://info.jff.org/end-occupational-segregation,0.0,a6803a9e72c63b33aa85.txt,85824286611babc698c10197bea15182bfeb16ca7f83d6f4d42a71f77b3ee541
a68f210f3811c9cb02ed,https://cgdev.org/sites/default/files/women-and-credit-narrative-review-low-and-middle-income-countries.pdf,2026-10-04T02:46:03.809574+00:00,cgdev.org,True,downloaded,200.0,https://www.cgdev.org/sites/default/files/women-and-credit-narrative-review-low-and-middle-income-countries.pdf,582045.0,success,76200,10447,pdf,application/pdf,,,,,,0.0,a68f210f3811c9cb02ed.txt,e1fd83be6bc4a4a593f4eaa36fc6408ca266eedb2838ab043cef913d6acd6b1c
a69b149bd0e234c59396,https://minorityhealth.hhs.gov/hispaniclatino-health,2026-10-04T02:46:06.131744+00:00,hhs.gov,True,downloaded,200.0,https://minorityhealth.hhs.gov/hispaniclatino-health,179305.0,success,5560,821,html,text/html; charset=UTF-8,Hispanic/Latino Health,,2026-02-02,Office of Minority Health,https://minorityhealth.hhs.gov/hispaniclatino-health,0.0,a69b149bd0e234c59396.txt,d44040fce575b26b3d00d84d2007244a8ccbd28e289303423d7dd33b4ba3fbc8
a6b8d692e6407a9cfa1f,https://tc.columbia.edu/articles/2024/april/data-reveals-new-insights-on-transgender-workplace-experiences,2026-10-04T02:46:06.651418+00:00,columbia.edu,False,curl_error,0.0,https://tc.columbia.edu/articles/2024/april/data-reveals-new-insights-on-transgender-workplace-experiences,,not_extracted,0,0,,,,,,,,60.0,,
a6b906fffbdf5f42d46e,https://scholarworks.wmich.edu/cgi/viewcontent.cgi?article=3074&context=jssw,2026-10-04T02:46:07.925578+00:00,wmich.edu,False,http_error,403.0,https://scholarworks.wmich.edu/cgi/viewcontent.cgi?article=3074&context=jssw,5769.0,not_extracted,0,0,,text/html; charset=UTF-8,,,,,,0.0,,
a6bda0cf47851d7913d1,https://hechingerreport.org/facts-about-race-and-college-admission,2026-10-04T02:46:07.944781+00:00,hechingerreport.org,True,downloaded,200.0,https://hechingerreport.org/facts-about-race-and-college-admission/,273147.0,success,2382,367,html,text/html; charset=UTF-8,Facts about race and college admission,Jon Marcus,2018-07-06,The Hechinger Report,https://hechingerreport.org/facts-about-race-and-college-admission/,0.0,a6bda0cf47851d7913d1.txt,4a7407088c3af0b6ded86496174958680c766e84cecd024b5fa652e5eb6cead5
a6e4049ec0960f378558,https://grundydisabilitygroup.com/social-security-disability-insurance-supplemental-security-income-blogs/why-do-most-people-get-denied-for-disability,2026-10-04T02:46:08.948818+00:00,grundydisabilitygroup.com,True,downloaded,200.0,https://grundydisabilitygroup.com/social-security-disability-insurance-supplemental-security-income-blogs/why-do-most-people-get-denied-for-disability/,192464.0,success,5165,811,html,text/html; charset=UTF-8,Reasons Why Most People Get Denied Disability Benefits,Matt Grundy,2024-11-23,Grundy Disability Group,https://grundydisabilitygroup.com/social-security-disability-insurance-supplemental-security-income-blogs/why-do-most-people-get-denied-for-disability/,0.0,a6e4049ec0960f378558.txt,5b2d20336ab510a4c7ec8a2a249b31e095b1187fad64943f935c6383a0c72a5c
a73b4f94270de914ec44,https://leb.fbi.gov/articles/perspective/perspective-understanding-differing-viewpoints-on-use-of-force,2026-10-04T02:46:10.403260+00:00,fbi.gov,False,http_error,403.0,https://leb.fbi.gov/articles/perspective/perspective-understanding-differing-viewpoints-on-use-of-force,5885.0,not_extracted,0,0,,text/html; charset=UTF-8,,,,,,0.0,,
a7573f2a912406d40e94,https://ncbi.nlm.nih.gov/books/NBK566081,2026-10-04T02:46:10.446504+00:00,nih.gov,True,downloaded,200.0,https://ncbi.nlm.nih.gov/books/NBK566081,21332.0,success,127,18,html,text/html; charset=utf-8,Checking your browser,,2026-09-11,google.com,https://www.google.com/recaptcha/challengepage,0.0,a7573f2a912406d40e94.txt,a6950382e9f383805d5cb88eee7bb6dbb9f70bf9f328b964221d52761db4cd7b
a7a5a5726fb82e11c0e8,https://pmc.ncbi.nlm.nih.gov/articles/PMC4196210,2026-10-04T02:46:10.459798+00:00,nih.gov,True,downloaded,200.0,https://pmc.ncbi.nlm.nih.gov/articles/PMC4196210,21368.0,success,131,18,html,text/html; charset=utf-8,Checking your browser,,2026-09-11,google.com,https://www.google.com/recaptcha/challengepage,0.0,a7a5a5726fb82e11c0e8.txt,a29166d0eaaa418bd5af61a282f1183a46c84c4d5e4c90689b1b452d230d05cc
a7c09eaaa074e865e214,https://eeoc.gov/small-business-fact-sheet-harassment-workplace,2026-10-04T02:46:10.636709+00:00,eeoc.gov,True,downloaded,200.0,https://www.eeoc.gov/small-business-fact-sheet-harassment-workplace,75677.0,success,566,56,html,text/html; charset=utf-8,Small Business Fact Sheet: Harassment in the Workplace,,2000-01-01,U.S. Equal Employment Opportunity Commission,https://www.eeoc.gov/small-business-fact-sheet-harassment-workplace,0.0,a7c09eaaa074e865e214.txt,fe89d1b1a6a4aadca10dbce1e1754f60c55aac9aba8cef1ddb9c278197f9a345
a7cf0b22818db2d966af,https://pmc.ncbi.nlm.nih.gov/articles/PMC7916133,2026-10-04T02:46:12.240086+00:00,nih.gov,True,downloaded,200.0,https://pmc.ncbi.nlm.nih.gov/articles/PMC7916133,21367.0,success,131,18,html,text/html; charset=utf-8,Checking your browser,,2026-09-11,google.com,https://www.google.com/recaptcha/challengepage,0.0,a7cf0b22818db2d966af.txt,a29166d0eaaa418bd5af61a282f1183a46c84c4d5e4c90689b1b452d230d05cc
a7e14aec13b41a4f1ba7,https://pmc.ncbi.nlm.nih.gov/articles/PMC8874838,2026-10-04T02:46:13.585941+00:00,nih.gov,True,downloaded,200.0,https://pmc.ncbi.nlm.nih.gov/articles/PMC8874838,21366.0,success,131,18,html,text/html; charset=utf-8,Checking your browser,,2026-09-11,google.com,https://www.google.com/recaptcha/challengepage,0.0,a7e14aec13b41a4f1ba7.txt,a29166d0eaaa418bd5af61a282f1183a46c84c4d5e4c90689b1b452d230d05cc
a801150bbccdbb32d4b0,https://pressley.house.gov/2023/03/31/pressley-unveils-bill-to-make-credit-reporting-system-more-inclusive-for-trans-nonbinary-folks,2026-10-04T02:46:13.664234+00:00,house.gov,True,downloaded,200.0,https://pressley.house.gov/2023/03/31/pressley-unveils-bill-to-make-credit-reporting-system-more-inclusive-for-trans-nonbinary-folks/,68247.0,success,11331,1650,html,text/html; charset=UTF-8,"Pressley Unveils Bill to Make Credit Reporting System More Inclusive for Trans, Nonbinary Folks - Ayanna Pressley",Mae Eldahshoury,2023-03-31,Ayanna Pressley,https://pressley.house.gov/2023/03/31/pressley-unveils-bill-to-make-credit-reporting-system-more-inclusive-for-trans-nonbinary-folks/,0.0,a801150bbccdbb32d4b0.txt,ac1888cd75d35bca34924f58f1e288d7da52c93a3bb64185a55cf5c76acb4d6b
a80ed33f2712d9d7081f,https://sciencedirect.com/org/science/article/abs/pii/S2040714919000470,2026-10-04T02:46:13.687694+00:00,sciencedirect.com,False,http_error,403.0,https://www.sciencedirect.com/org/science/article/abs/pii/S2040714919000470,1207917.0,not_extracted,0,0,,text/html; charset=UTF-8,,,,,,0.0,,
a82e3d5f389879509e46,https://investopedia.com/lgbtq-credit-barriers-7510340,2026-10-04T02:46:13.729113+00:00,investopedia.com,False,http_error,402.0,https://www.investopedia.com/lgbtq-credit-barriers-7510340,612.0,not_extracted,0,0,,text/html,,,,,,0.0,,
a83925cf74728a497e32,https://journals.sagepub.com/doi/10.1177/23780231231215682,2026-10-04T02:46:13.810165+00:00,sagepub.com,False,http_error,403.0,https://journals.sagepub.com/doi/10.1177/23780231231215682,5762.0,not_extracted,0,0,,text/html; charset=UTF-8,,,,,,0.0,,
a84db898e6fe1dbfea30,https://mostpolicyinitiative.org/science-note/education-opportunity-gaps,2026-10-04T02:46:13.877855+00:00,mostpolicyinitiative.org,False,http_error,403.0,https://mostpolicyinitiative.org/science-note/education-opportunity-gaps,52.0,not_extracted,0,0,,text/html,,,,,,0.0,,
a8748d44bca215000236,https://ragerlawoffices.com/when-disability-discrimination-leads-to-mental-health-crises,2026-10-04T02:46:14.028176+00:00,ragerlawoffices.com,True,downloaded,200.0,https://ragerlawoffices.com/when-disability-discrimination-leads-to-mental-health-crises/,89633.0,success,4865,713,html,text/html; charset=UTF-8,When Disability Discrimination Leads to Mental Health Crises – Rager and Yoon,,2025-05-23,Rager and Yoon,https://ragerlawoffices.com/when-disability-discrimination-leads-to-mental-health-crises/,0.0,a8748d44bca215000236.txt,7d533990cd38ecc642ccc634e3ea3b0ea2e20d9b8250540992f590576239a411
a88d9630d18bf8be7bd2,https://forbes.com/advisor/business-loans/business-grants-for-women,2026-10-04T02:46:15.463505+00:00,forbes.com,False,http_error,403.0,https://forbes.com/advisor/business-loans/business-grants-for-women,770.0,not_extracted,0,0,,text/html;charset=utf-8,,,,,,0.0,,
a894a12df0d173544a37,https://scholarworks.harding.edu/cgi/viewcontent.cgi?article=1278&context=tenor,2026-10-04T02:46:15.673584+00:00,harding.edu,False,http_error,403.0,https://scholarworks.harding.edu/cgi/viewcontent.cgi?article=1278&context=tenor,5796.0,not_extracted,0,0,,text/html; charset=UTF-8,,,,,,0.0,,
a89bdda20e1aa35598a6,https://congress.gov/crs-product/R46825,2026-10-04T02:46:16.863107+00:00,congress.gov,False,http_error,403.0,https://congress.gov/crs-product/R46825,5670.0,not_extracted,0,0,,text/html; charset=UTF-8,,,,,,0.0,,
a8a2fdc925467baf25c3,https://journals.sagepub.com/doi/10.1177/10986111221139442,2026-10-04T02:46:16.942346+00:00,sagepub.com,False,http_error,403.0,https://journals.sagepub.com/doi/10.1177/10986111221139442,5762.0,not_extracted,0,0,,text/html; charset=UTF-8,,,,,,0.0,,
a8c2f16b7aa3f04b0dcf,https://huduser.gov/PORTAL/Publications/PDF/hisp_homeown8.pdf,2026-10-04T02:46:17.935360+00:00,huduser.gov,True,downloaded,202.0,https://huduser.gov/PORTAL/Publications/PDF/hisp_homeown8.pdf,2407.0,success,157,26,html,text/html; charset=UTF-8,JavaScript is disabled,,,huduser.gov,https://huduser.gov/PORTAL/Publications/PDF/hisp_homeown8.pdf,0.0,a8c2f16b7aa3f04b0dcf.txt,ebccbd5922b41e48d556f96420b77b24fb66ddfe709666bb5b22acc99765c63f
a8d47d35242ebab2ca40,https://sciencedirect.com/science/article/abs/pii/S0190740920311440,2026-10-04T02:46:19.688247+00:00,sciencedirect.com,False,http_error,403.0,https://www.sciencedirect.com/science/article/abs/pii/S0190740920311440,1207905.0,not_extracted,0,0,,text/html; charset=UTF-8,,,,,,0.0,,
a910a5cb185c4b04025b,https://google.com/goto?url=CAESbwHrOzAVMGs-Ibxp-Y4UM_nYTR5XvfF8AqmJCpMPqlUKWfpXtzs05UbN26TpluUMp7IkOVx1JjNH4XiOfsBolN766uahMhxg15j0d1DHW8hH3mcn-xGzYa3zcRUtXkig7zzk_tA52QI6F6hxEJVxlA,2026-10-04T02:46:19.897542+00:00,google.com,False,robots_disallowed,,https://google.com/goto?url=CAESbwHrOzAVMGs-Ibxp-Y4UM_nYTR5XvfF8AqmJCpMPqlUKWfpXtzs05UbN26TpluUMp7IkOVx1JjNH4XiOfsBolN766uahMhxg15j0d1DHW8hH3mcn-xGzYa3zcRUtXkig7zzk_tA52QI6F6hxEJVxlA,,not_extracted,0,0,,,,,,,,,,
a95e2c49206397152c56,https://pmc.ncbi.nlm.nih.gov/articles/PMC6298818,2026-10-04T02:46:19.897734+00:00,nih.gov,True,downloaded,200.0,https://pmc.ncbi.nlm.nih.gov/articles/PMC6298818,21365.0,success,131,18,html,text/html; charset=utf-8,Checking your browser,,2026-09-11,google.com,https://www.google.com/recaptcha/challengepage,0.0,a95e2c49206397152c56.txt,a29166d0eaaa418bd5af61a282f1183a46c84c4d5e4c90689b1b452d230d05cc
a995639359a46e02c0aa,https://pmc.ncbi.nlm.nih.gov/articles/PMC10937607,2026-10-04T02:46:19.928678+00:00,nih.gov,True,downloaded,200.0,https://pmc.ncbi.nlm.nih.gov/articles/PMC10937607/,110190.0,success,11536,1596,html,text/html; charset=utf-8,Disparities in Policing From Theory to Practice,Hossein Zare,2024-02-16,American Journal of Public Health,https://pmc.ncbi.nlm.nih.gov/articles/PMC10937607/,0.0,a995639359a46e02c0aa.txt,fdb12763ad93330f906f6a39e8f230fc422a47e236d8f046fcb59780dd248676
a9ab5d0d8486765a4ec9,https://kff.org/womens-health-policy/lgbt-peoples-health-status-and-access-to-care,2026-10-04T02:46:19.993738+00:00,kff.org,True,downloaded,200.0,https://www.kff.org/womens-health-policy/lgbt-peoples-health-status-and-access-to-care/,241814.0,success,30253,4709,html,text/html; charset=UTF-8,LGBT+ People’s Health Status and Access to Care | KFF,Lindsey Dawson; Michelle Long; Brittni Frederiksen,2023-06-30,"KFF - The independent source for health policy research, polling, and news",https://www.kff.org/womens-health-policy/lgbt-peoples-health-status-and-access-to-care/,0.0,a9ab5d0d8486765a4ec9.txt,1a5d3bee5d390a8c82210e4eb16c7f22b9df373034fc2c0a532650d286f69adc
a9d286ddba82123557a0,https://digitalforwomen.worldbank.org/access-finance,2026-10-04T02:46:21.101303+00:00,worldbank.org,True,downloaded,200.0,https://digitalforwomen.worldbank.org/access-finance,75420.0,success,1988,310,html,text/html; charset=UTF-8,Access to Finance,,2021-01-01,digitalforwomen.worldbank.org,https://digitalforwomen.worldbank.org/access-finance,0.0,a9d286ddba82123557a0.txt,8903cf1683a979e16ed68fb8f65e6cd4eb3581002088562701a7d56d2db67210
a9f3d565f7ef7ef5596d,https://pathward.com/news/the-five-cs-of-credit,2026-10-04T02:46:21.343934+00:00,pathward.com,True,downloaded,200.0,https://www.pathward.com/news/the-five-cs-of-credit,101137.0,success,547,91,html,text/html;charset=utf-8,The 5 C's of Credit: What A Lender Looks For,,2025-06-25,The 5 Cs Of Credit Banks Consider When You Apply For A Loan | Pathward,https://www.pathward.com/news/the-five-cs-of-credit/,0.0,a9f3d565f7ef7ef5596d.txt,1df08c78b9c12cd276ecc6c9a62dc523c43d23570577cedb3795287245bebad5
a9f56dbbcbe863d609a4,https://digitalfinance.worldbank.org/topics/gender/action-1,2026-10-04T02:46:21.380308+00:00,worldbank.org,False,http_error,403.0,https://digitalfinance.worldbank.org/topics/gender/action-1,5677.0,not_extracted,0,0,,text/html; charset=UTF-8,,,,,,0.0,,
aa05df10f321b7abd1af,https://pmc.ncbi.nlm.nih.gov/articles/PMC13113952,2026-10-04T02:46:21.657387+00:00,nih.gov,True,downloaded,200.0,https://pmc.ncbi.nlm.nih.gov/articles/PMC13113952,21371.0,success,131,18,html,text/html; charset=utf-8,Checking your browser,,2026-09-11,google.com,https://www.google.com/recaptcha/challengepage,0.0,aa05df10f321b7abd1af.txt,a29166d0eaaa418bd5af61a282f1183a46c84c4d5e4c90689b1b452d230d05cc
aa122174ce21eeec92a2,https://rand.org/pubs/research_briefs/RB4011.html,2026-10-04T02:46:22.880252+00:00,rand.org,False,http_error,403.0,https://www.rand.org:443/pubs/research_briefs/RB4011.html,919.0,not_extracted,0,0,,text/html,,,,,,0.0,,
aa369377e3f3d4c0c707,https://researchgate.net/publication/344487314_Factors_Affecting_Women's_Participation_in_Career_A_Systematic_Review,2026-10-04T02:46:22.989178+00:00,researchgate.net,False,http_error,403.0,https://www.researchgate.net/publication/344487314_Factors_Affecting_Women's_Participation_in_Career_A_Systematic_Review,21138.0,not_extracted,0,0,,text/html; charset=UTF-8,,,,,,0.0,,
aa51f811d0c264835591,https://pmc.ncbi.nlm.nih.gov/articles/PMC9977107,2026-10-04T02:46:23.129678+00:00,nih.gov,True,downloaded,200.0,https://pmc.ncbi.nlm.nih.gov/articles/PMC9977107,21366.0,success,131,18,html,text/html; charset=utf-8,Checking your browser,,2026-09-11,google.com,https://www.google.com/recaptcha/challengepage,0.0,aa51f811d0c264835591.txt,a29166d0eaaa418bd5af61a282f1183a46c84c4d5e4c90689b1b452d230d05cc
aa82b8e70a8c29d1dfed,https://americanbar.org/groups/diversity/disabilityrights/news/rethinking-debate-over-rising-disability-accomodations-higher-education,2026-10-04T02:46:24.724350+00:00,americanbar.org,False,http_error,403.0,https://americanbar.org/groups/diversity/disabilityrights/news/rethinking-debate-over-rising-disability-accomodations-higher-education,6056.0,not_extracted,0,0,,text/html; charset=UTF-8,,,,,,0.0,,
aaa94ac886e2f7723b50,https://journals.sagepub.com/doi/10.1177/00957984251319661,2026-10-04T02:46:24.858338+00:00,sagepub.com,False,http_error,403.0,https://journals.sagepub.com/doi/10.1177/00957984251319661,5740.0,not_extracted,0,0,,text/html; charset=UTF-8,,,,,,0.0,,
aad3a83add8429842a35,https://mckinsey.com/capabilities/people-and-organization/our-insights/women-in-the-workplace,2026-10-04T02:46:26.371816+00:00,mckinsey.com,False,curl_error,0.0,https://mckinsey.com/capabilities/people-and-organization/our-insights/women-in-the-workplace,,not_extracted,0,0,,,,,,,,60.0,,
aade2868525011c408dc,https://pmc.ncbi.nlm.nih.gov/articles/PMC12914165,2026-10-04T02:46:26.657741+00:00,nih.gov,True,downloaded,200.0,https://pmc.ncbi.nlm.nih.gov/articles/PMC12914165/,208120.0,success,47767,7105,html,text/html; charset=utf-8,Racial and Ethnic Disparities in Preventive and Chronic Disease Care in Medicare Advantage vs. Traditional Medicare,Renuka Tipirneni; Andrei R Stefanescu; Dominic A Ruggiero; Alexandra G Hames; John Z Ayanian; Eric T Roberts,2025-08-11,Journal of General Internal Medicine,https://pmc.ncbi.nlm.nih.gov/articles/PMC12914165/,0.0,aade2868525011c408dc.txt,9d6b304863218de914c0d1405d7bbe589f987257d8dc2258c8065cd47cda3399
ab1c464851efbf043f26,https://archive.news.ufl.edu/articles/2016/12/the-disturbing-connection-between-bullying-and-sexual-harassment-1.html,2026-10-04T02:46:27.693563+00:00,ufl.edu,True,downloaded,200.0,https://archive.news.ufl.edu/articles/2016/12/the-disturbing-connection-between-bullying-and-sexual-harassment-1.html,31585.0,success,6271,973,html,text/html; charset=UTF-8,The disturbing connection between bullying and sexual harassment,Dorothy Espelage Author,2016-12-05,archive.news.ufl.edu,https://archive.news.ufl.edu/articles/2016/12/the-disturbing-connection-between-bullying-and-sexual-harassment-1.html,0.0,ab1c464851efbf043f26.txt,2875fc0cbea598f2c234c50526765e2e3b54dd3cc247ecfc5ed4e9f7e936f9be
ab1f631c394c47d5085b,https://healthecareers.com/career-resources/soft-skills/how-to-discuss-preventative-care-with-transgender-patients,2026-10-04T02:46:27.863459+00:00,healthecareers.com,False,http_error,403.0,https://healthecareers.com/career-resources/soft-skills/how-to-discuss-preventative-care-with-transgender-patients,118.0,not_extracted,0,0,,text/html,,,,,,0.0,,
ab2e90b3414545bb3360,https://transequality.org/issues/education,2026-10-04T02:46:27.912607+00:00,transequality.org,True,downloaded,200.0,https://transequality.org/issues/education,116674.0,success,1934,282,html,text/html; charset=UTF-8,Education | A4TE,,2026-06-30,A4TE,https://transequality.org/issues/education,0.0,ab2e90b3414545bb3360.txt,67ed57ba18b5766e86983fcfebda74b404055c490df4cba840373aead39adcf3
ab4f3460e91143dc371e,https://foundationfinance.com/what-factors-influence-financing-approval,2026-10-04T02:46:29.151551+00:00,foundationfinance.com,True,downloaded,200.0,https://foundationfinance.com/what-factors-influence-financing-approval/,260792.0,success,2505,385,html,text/html; charset=UTF-8,What Factors Influence Financing Approval? - Foundation Finance,Foundation Finance,2025-05-02,Foundation Finance Company,https://foundationfinance.com/what-factors-influence-financing-approval/,0.0,ab4f3460e91143dc371e.txt,3764cc49eb6f663553471b13f9c307b64c78943d58064214c02aa1cb1eec2852
ab8847a5c89dec52a46b,https://urban.org/research/publication/strategies-improving-public-benefits-access-and-retention,2026-10-04T02:46:29.165959+00:00,urban.org,False,http_error,403.0,https://www.urban.org/research/publication/strategies-improving-public-benefits-access-and-retention,5936.0,not_extracted,0,0,,text/html; charset=UTF-8,,,,,,0.0,,
aba5aaadb3c4dde65ec6,https://pmc.ncbi.nlm.nih.gov/articles/PMC9127679,2026-10-04T02:46:29.321461+00:00,nih.gov,True,downloaded,200.0,https://pmc.ncbi.nlm.nih.gov/articles/PMC9127679/,222354.0,success,65302,9484,html,text/html; charset=utf-8,"The intersection of welfare stigma, state contexts and health among mothers receiving public assistance benefits",Jessica Lapham; Melissa L Martinson,2022-05-09,SSM - Population Health,https://pmc.ncbi.nlm.nih.gov/articles/PMC9127679/,0.0,aba5aaadb3c4dde65ec6.txt,8283d38383ea2688fdc14953ba1a83d8ad725664d87e201c3e016efd09b2cd1a
abaf8e53180ba9da1597,https://hoaglandlongo.com/blog/breaking-barriers-when-did-women-gain-the-right-to-own-a-home-open-a-credit-card-or-start-a-business-without-a-male-co-signer,2026-10-04T02:46:29.355360+00:00,hoaglandlongo.com,True,downloaded,200.0,https://www.hoaglandlongo.com/blog/breaking-barriers-when-did-women-gain-the-right-to-own-a-home-open-a-credit-card-or-start-a-business-without-a-male-co-signer,44606.0,success,3157,490,html,text/html; charset=UTF-8,"Her-Story Part 2: When Did Women Gain the Right to Own a Home, Open a Credit Card, or Start a Business Without a Male Co-signer?",Matthew Kraft,2025-03-12,"Hoagland, Longo, Moran, Dunst & Doukas",https://www.hoaglandlongo.com/blog/breaking-barriers-when-did-women-gain-the-right-to-own-a-home-open-a-credit-card-or-start-a-business-without-a-male-co-signer,0.0,abaf8e53180ba9da1597.txt,aa87850be36eab3e19443e3d0644bcb81359935e7ddc55c4b8cb7fef90281aa8
abbd9bf42db3f4d6d28b,https://congress.gov/crs-product/R47318,2026-10-04T02:46:30.161843+00:00,congress.gov,False,http_error,403.0,https://congress.gov/crs-product/R47318,5670.0,not_extracted,0,0,,text/html; charset=UTF-8,,,,,,0.0,,
abcda7ac0179481466dd,https://congress.gov/crs-product/IF11631,2026-10-04T02:46:30.447817+00:00,congress.gov,False,http_error,403.0,https://congress.gov/crs-product/IF11631,5673.0,not_extracted,0,0,,text/html; charset=UTF-8,,,,,,0.0,,
abf88c40aca7475f6fb1,https://researchgate.net/publication/405278775_Male_and_Female_Youth's_Opportunities_to_Attend_Higher_Education_Gender_Equality_Perspective_in_the_Village,2026-10-04T02:46:30.789970+00:00,researchgate.net,False,http_error,403.0,https://www.researchgate.net/publication/405278775_Male_and_Female_Youth's_Opportunities_to_Attend_Higher_Education_Gender_Equality_Perspective_in_the_Village,21138.0,not_extracted,0,0,,text/html; charset=UTF-8,,,,,,0.0,,
ac0d900517f34f0bf085,https://urban.org/urban-wire/building-trust-financial-system-key-closing-racial-wealth-gap,2026-10-04T02:46:31.540072+00:00,urban.org,False,http_error,403.0,https://www.urban.org/urban-wire/building-trust-financial-system-key-closing-racial-wealth-gap,5897.0,not_extracted,0,0,,text/html; charset=UTF-8,,,,,,0.0,,
ac31872b100754dda5cc,https://hks.harvard.edu/centers/carr-ryan/our-work/carr-ryan-commentary/situation-incarcerated-women,2026-10-04T02:46:32.645311+00:00,harvard.edu,True,downloaded,200.0,https://www.hks.harvard.edu/centers/carr-ryan/our-work/carr-ryan-commentary/situation-incarcerated-women,47557.0,success,5455,819,html,text/html; charset=utf-8,The Situation of Incarcerated Women,,2025-03-07,hks.harvard.edu,https://www.hks.harvard.edu/centers/carr-ryan/our-work/carr-ryan-commentary/situation-incarcerated-women,0.0,ac31872b100754dda5cc.txt,dda7d76b0c91cd585f51bb5170d1030ad7a8a122af6e2c4203c35b7a9fbf24a8
ac3eeb580aa80a940d14,https://cbpp.org/research/health/states-can-reduce-medicaids-administrative-burdens-to-advance-health-and-racial,2026-10-04T02:46:33.298382+00:00,cbpp.org,False,http_error,403.0,https://cbpp.org/research/health/states-can-reduce-medicaids-administrative-burdens-to-advance-health-and-racial,6158.0,not_extracted,0,0,,text/html; charset=UTF-8,,,,,,0.0,,
acb929a0da25e083e369,https://nilc.org/resources/overview-immeligfedprograms,2026-10-04T02:46:33.355536+00:00,nilc.org,False,http_error,403.0,https://nilc.org/resources/overview-immeligfedprograms,5680.0,not_extracted,0,0,,text/html; charset=UTF-8,,,,,,0.0,,
acf477e8594eaa7b7ab8,https://shelteringgrace.org/the-factors-fueling-homelessness-among-women-and-children,2026-10-04T02:46:34.914932+00:00,shelteringgrace.org,True,downloaded,200.0,https://shelteringgrace.org/the-factors-fueling-homelessness-among-women-and-children/,201567.0,success,4244,613,html,text/html; charset=UTF-8,The Factors Fueling Homelessness Among Women and Children - Sheltering Grace Ministry,Dr Ralph E Bell,2023-08-15,Sheltering Grace Ministry,https://shelteringgrace.org/the-factors-fueling-homelessness-among-women-and-children/,0.0,acf477e8594eaa7b7ab8.txt,9e00f2c4aff461701cda9da7c281ddc15984c9c8b7688eb3b3281ec45f10d1b8
ad2aa1e018607222de97,https://repositori.upf.edu/server/api/core/bitstreams/a9956810-a5fa-43c6-8ed3-ba32a1d77eb3/content,2026-10-04T02:46:34.986251+00:00,upf.edu,True,downloaded,200.0,https://repositori.upf.edu/server/api/core/bitstreams/a9956810-a5fa-43c6-8ed3-ba32a1d77eb3/content,646435.0,success,72681,8927,pdf,application/pdf;charset=UTF-8,,,,,,0.0,ad2aa1e018607222de97.txt,8d46093c23869737117ba2a389e3fef4ecab26f25a4b3167e3b9697b64001aac
ad9b153d6682c86b765d,https://sentencingproject.org/reports/one-in-five-how-mass-incarceration-deepens-inequality-and-harms-public-safety,2026-10-04T02:46:35.533547+00:00,sentencingproject.org,True,downloaded,200.0,https://www.sentencingproject.org/reports/one-in-five-how-mass-incarceration-deepens-inequality-and-harms-public-safety/,208547.0,success,56851,8561,html,text/html; charset=UTF-8,One in Five: How Mass Incarceration Deepens Inequality and Harms Public Safety – The Sentencing Project,Nazgol Ghandnoosh; Ph D; Luke Trinka,2024-01-16,The Sentencing Project,https://www.sentencingproject.org/reports/one-in-five-how-mass-incarceration-deepens-inequality-and-harms-public-safety/,0.0,ad9b153d6682c86b765d.txt,8a64b0ac30d4c42b77ab7064b752822d887102a58793f9d5ce21b87010994e38
ad9fddec7ff4370b4d31,https://happen.com/resource-center/personal-loan/5-factors-that-may-affect-personal-loan-approval,2026-10-04T02:46:35.999581+00:00,happen.com,False,http_error,403.0,https://www.happen.com/resource-center/personal-loan/5-factors-that-may-affect-personal-loan-approval,147.0,not_extracted,0,0,,application/json,,,,,,0.0,,
ae00c01da7f23888b031,https://journalofsocialsciences.org/article/breaking-the-binary-in-academia-a-systematic-review-on-the-barriers-facing-transgender-students-in-higher-education,2026-10-04T02:46:36.723742+00:00,journalofsocialsciences.org,True,downloaded,200.0,https://journalofsocialsciences.org/article/breaking-the-binary-in-academia-a-systematic-review-on-the-barriers-facing-transgender-students-in-higher-education,66140.0,success,31705,4483,html,text/html; charset=UTF-8,Breaking the Binary in Academia: A Systematic Review on the Barriers Facing Transgender Students in Higher Education,,2026-01-01,journalofsocialsciences.org,https://journalofsocialsciences.org/article/breaking-the-binary-in-academia-a-systematic-review-on-the-barriers-facing-transgender-students-in-higher-education,0.0,ae00c01da7f23888b031.txt,3cb450055aaf7f895eef90b1ad0ce0a1ca51c3f4f9a67eb2fd5890ddfe42e558
ae11e5025f02b9dfd21e,https://hechingerreport.org/colleges-men-trump-new-policies-disadvantage,2026-10-04T02:46:36.951316+00:00,hechingerreport.org,True,downloaded,200.0,https://hechingerreport.org/colleges-men-trump-new-policies-disadvantage/,290545.0,success,6687,1003,html,text/html; charset=UTF-8,"OPINION: Colleges need to recruit more men, but Trump’s policies are making it difficult",Catharine Hill,2026-01-20,The Hechinger Report,https://hechingerreport.org/colleges-men-trump-new-policies-disadvantage/,0.0,ae11e5025f02b9dfd21e.txt,8dedceb66522e866fd29de7fcfe151cf6721f19f06d06e068d3d201a9039ea0f
ae15664cbd5d0f0fc01f,https://pmc.ncbi.nlm.nih.gov/articles/PMC9731338,2026-10-04T02:46:39.174898+00:00,nih.gov,True,downloaded,200.0,https://pmc.ncbi.nlm.nih.gov/articles/PMC9731338/,21371.0,success,131,18,html,text/html; charset=utf-8,Checking your browser,,2026-09-11,google.com,https://www.google.com/recaptcha/challengepage,0.0,ae15664cbd5d0f0fc01f.txt,a29166d0eaaa418bd5af61a282f1183a46c84c4d5e4c90689b1b452d230d05cc
ae1adeb47be57a26c35c,https://ncbi.nlm.nih.gov/books/NBK596380,2026-10-04T02:46:40.799609+00:00,nih.gov,True,downloaded,200.0,https://ncbi.nlm.nih.gov/books/NBK596380,21333.0,success,127,18,html,text/html; charset=utf-8,Checking your browser,,2026-09-11,google.com,https://www.google.com/recaptcha/challengepage,0.0,ae1adeb47be57a26c35c.txt,a6950382e9f383805d5cb88eee7bb6dbb9f70bf9f328b964221d52761db4cd7b
ae3107fd9787759f5522,https://crisisassistance.org/2025/07/12/how-housing-instability-intersects-with-disability,2026-10-04T02:46:40.950236+00:00,crisisassistance.org,True,downloaded,200.0,https://crisisassistance.org/2025/07/12/how-housing-instability-intersects-with-disability/,213160.0,success,5382,753,html,text/html; charset=UTF-8,How Housing Instability Intersects with Disability - Crisis Assistance Ministry,Chanell Johnson,2025-07-12,Crisis Assistance Ministry,https://crisisassistance.org/2025/07/12/how-housing-instability-intersects-with-disability/,0.0,ae3107fd9787759f5522.txt,112f2c1f99ffef571f6ce099d613473f2b0514b70ad5cb84a73ccbb011bc21a7
ae48da14fdcae32d32c0,https://journals.uchicago.edu/doi/10.1086/728738,2026-10-04T02:46:41.505125+00:00,uchicago.edu,False,http_error,403.0,https://journals.uchicago.edu/doi/10.1086/728738,5751.0,not_extracted,0,0,,text/html; charset=UTF-8,,,,,,0.0,,
ae57aab23c26776d3632,https://pmc.ncbi.nlm.nih.gov/articles/PMC4584144,2026-10-04T02:46:42.531258+00:00,nih.gov,True,downloaded,200.0,https://pmc.ncbi.nlm.nih.gov/articles/PMC4584144,21367.0,success,131,18,html,text/html; charset=utf-8,Checking your browser,,2026-09-11,google.com,https://www.google.com/recaptcha/challengepage,0.0,ae57aab23c26776d3632.txt,a29166d0eaaa418bd5af61a282f1183a46c84c4d5e4c90689b1b452d230d05cc
ae85586bfdb73a2d8e54,https://communityalliesconsulting.com/blogs/lgbtqia-housing-challenges,2026-10-04T02:46:42.793389+00:00,communityalliesconsulting.com,True,downloaded,200.0,https://www.communityalliesconsulting.com/blogs/lgbtqia-housing-challenges,113646.0,success,6158,799,html,text/html; charset=UTF-8,LGBTQIA+ Housing Challenges,,2023-06-26,"Community Allies, LLC.",http://www.communityalliesconsulting.com/1/post/2023/06/lgbtqia-housing-challenges.html,0.0,ae85586bfdb73a2d8e54.txt,a0191b957bbffe358e8aca62b7957f9a45b4b16aef6c8cd92c217140a6eaf80f
aea82a9ea3312b3cad18,https://scholarship.law.vanderbilt.edu/cgi/viewcontent.cgi?article=5212&context=vlr,2026-10-04T02:46:43.387502+00:00,vanderbilt.edu,False,http_error,403.0,https://scholarship.law.vanderbilt.edu/cgi/viewcontent.cgi?article=5212&context=vlr,5796.0,not_extracted,0,0,,text/html; charset=UTF-8,,,,,,0.0,,
aec0c8f5d032718558f0,https://cdc.gov/mmwr/preview/mmwrhtml/mm5340a2.htm,2026-10-04T02:46:43.405182+00:00,cdc.gov,False,http_error,403.0,https://cdc.gov/mmwr/preview/mmwrhtml/mm5340a2.htm,405.0,not_extracted,0,0,,text/html,,,,,,0.0,,
af230edcd03dd54b70ee,https://endhomelessness.org/resources/toolkits-and-training-materials/supporting-homeless-transgender-and-and-gender-nonconforming-youth,2026-10-04T02:46:44.013345+00:00,endhomelessness.org,True,downloaded,200.0,https://endhomelessness.org/resources/toolkits-and-training-materials/supporting-homeless-transgender-and-and-gender-nonconforming-youth,350781.0,success,10138,1513,html,text/html; charset=UTF-8,Supporting Homeless Transgender and Gender Nonconforming Youth,Daniel Soucy,2024-10-15,National Alliance to End Homelessness,https://endhomelessness.org/resources/toolkits-and-training-materials/supporting-homeless-transgender-and-and-gender-nonconforming-youth/,0.0,af230edcd03dd54b70ee.txt,e750fe6f884ef5e16e682a6700ae56e6dc149a05135af74a9b9eea2ebfe08844
af33c99c8678fd129155,https://mckinsey.com/mgi/our-research/tough-trade-offs-how-time-and-career-choices-shape-the-gender-pay-gap,2026-10-04T02:46:44.172674+00:00,mckinsey.com,False,curl_error,0.0,https://mckinsey.com/mgi/our-research/tough-trade-offs-how-time-and-career-choices-shape-the-gender-pay-gap,,not_extracted,0,0,,,,,,,,60.0,,
af66cf0c1f0be435e9a2,https://newamerica.org/insights/paving-way-latinx-teachers/barriers-along-the-pathway-into-teaching,2026-10-04T02:46:46.023424+00:00,newamerica.org,True,downloaded,200.0,https://www.newamerica.org/insights/paving-way-latinx-teachers/barriers-along-the-pathway-into-teaching/,109457.0,success,22666,3009,html,text/html; charset=UTF-8,Barriers Along the Pathway into Teaching,,2026-01-25,New America - Big Ideas and Bold Solutions,https://www.newamerica.org/insights/paving-way-latinx-teachers/barriers-along-the-pathway-into-teaching/,0.0,af66cf0c1f0be435e9a2.txt,d62dd010409530d01f95e50568c578427e93276845de4bede5ce9673e9adbe8b
afa8d5a97d09ced9bf35,https://hopecu.org/articles/breaking-barriers-overcoming-financial-challenges-in-the-hispanic-community,2026-10-04T02:46:46.965833+00:00,hopecu.org,True,downloaded,200.0,https://www.hopecu.org/articles/breaking-barriers-overcoming-financial-challenges-in-the-hispanic-community/,150631.0,success,6425,985,html,text/html; charset=UTF-8,Breaking Barriers: Overcoming Financial Challenges in the Hispanic Community,,2025-09-01,Hope CU,https://www.hopecu.org/articles/breaking-barriers-overcoming-financial-challenges-in-the-hispanic-community/,0.0,afa8d5a97d09ced9bf35.txt,d5cb1c08347b93db0230cce732d414d0b4524d517ec570cdad9ee15f6d4b4a34
afb880a9fdf0b166e878,https://pmc.ncbi.nlm.nih.gov/articles/PMC12810827,2026-10-04T02:46:47.422175+00:00,nih.gov,True,downloaded,200.0,https://pmc.ncbi.nlm.nih.gov/articles/PMC12810827/,516735.0,success,130029,18939,html,text/html; charset=utf-8,Exploring the association between housing insecurity and mental health among renters: A systematic review of quantitative primary and secondary studies,Mira Talmatzky; Laura Nohr; Christine Knaevelsrud; Helen Niemeyer,2026-01-16,PLOS One,https://pmc.ncbi.nlm.nih.gov/articles/PMC12810827/,0.0,afb880a9fdf0b166e878.txt,4fb2d194e8e375ce71f81ddc870db1f49f909f46de06e5cecafbf248aef156c9
afb8d3dcd565a02e0684,https://sciencedirect.com/science/article/abs/pii/S0889158318300650,2026-10-04T02:46:47.441569+00:00,sciencedirect.com,False,http_error,403.0,https://www.sciencedirect.com/science/article/abs/pii/S0889158318300650,1207883.0,not_extracted,0,0,,text/html; charset=UTF-8,,,,,,0.0,,
afeffb07f1034fcd466d,https://trajectordisability.com/credit-cards-home-loans-on-disability,2026-10-04T02:46:47.568755+00:00,trajectordisability.com,True,downloaded,200.0,https://www.trajectordisability.com/credit-cards-home-loans-on-disability/,103602.0,success,5379,886,html,text/html; charset=UTF-8,Credit Cards & Home Loans On SSDI Or SSI: What's Allowed,Eshan Nawaz,2024-10-15,Trajector Disability,https://www.trajectordisability.com/credit-cards-home-loans-on-disability/,0.0,afeffb07f1034fcd466d.txt,60e182bd23f81077ae6edd9a9745dde68dd8e3eceb3a04a72ab34e7c97b13186
b03b8dfbbcaa074b55e2,https://pmc.ncbi.nlm.nih.gov/articles/PMC2835305/https:/pmc.ncbi.nlm.nih.gov/articles/PMC2835305,2026-10-04T02:46:48.445587+00:00,nih.gov,False,http_error,404.0,https://pmc.ncbi.nlm.nih.gov/articles/PMC2835305/https:/pmc.ncbi.nlm.nih.gov/articles/PMC2835305,48716.0,not_extracted,0,0,,text/html; charset=utf-8,,,,,,0.0,,
b084a4d5d37cb7622d1a,https://rstreet.org/research/from-victim-to-defendant-how-justice-falls-short-for-women,2026-10-04T02:46:48.767751+00:00,rstreet.org,True,downloaded,200.0,https://www.rstreet.org/research/from-victim-to-defendant-how-justice-falls-short-for-women/,181908.0,success,42077,6040,html,text/html; charset=UTF-8,From Victim to Defendant: How Justice Falls Short for Women - R Street Institute,Sarah Anderson; Lisel Petis,2025-11-10,R Street Institute,https://www.rstreet.org/research/from-victim-to-defendant-how-justice-falls-short-for-women/,0.0,b084a4d5d37cb7622d1a.txt,1927ec44257de0779ab08280c551afb3038d4acabcc060d5523ec3c40a3b6781
b0a662b5bd1532f7ec6b,https://cbpp.org/research/health/leveraging-snap-information-to-renew-medicaid-eligibility-in-a-post-unwinding-world,2026-10-04T02:46:49.692796+00:00,cbpp.org,False,http_error,403.0,https://cbpp.org/research/health/leveraging-snap-information-to-renew-medicaid-eligibility-in-a-post-unwinding-world,6158.0,not_extracted,0,0,,text/html; charset=UTF-8,,,,,,0.0,,
b0badfc8163908848434,https://pmc.ncbi.nlm.nih.gov/articles/PMC11970692,2026-10-04T02:46:49.702851+00:00,nih.gov,True,downloaded,200.0,https://pmc.ncbi.nlm.nih.gov/articles/PMC11970692,21370.0,success,131,18,html,text/html; charset=utf-8,Checking your browser,,2026-09-11,google.com,https://www.google.com/recaptcha/challengepage,0.0,b0badfc8163908848434.txt,a29166d0eaaa418bd5af61a282f1183a46c84c4d5e4c90689b1b452d230d05cc
b0cc333afa567458df6f,https://sciencedirect.com/science/article/abs/pii/S0049089X16308444,2026-10-04T02:46:50.013511+00:00,sciencedirect.com,False,http_error,403.0,https://www.sciencedirect.com/science/article/abs/pii/S0049089X16308444,1207905.0,not_extracted,0,0,,text/html; charset=UTF-8,,,,,,0.0,,
b0e84baa63fbddc0fc2a,https://news-medical.net/news/20260929/What-helped-families-stay-with-WIC-Remote-access-may-be-key.aspx,2026-10-04T02:46:51.435104+00:00,news-medical.net,True,downloaded,200.0,https://www.news-medical.net/news/20260929/What-helped-families-stay-with-WIC-Remote-access-may-be-key.aspx,179866.0,success,6883,975,html,text/html; charset=utf-8,What helped families stay with WIC? Remote access may be key,Dr Liji Thomas; MD,2026-09-29,News-Medical,https://www.news-medical.net/news/20260929/What-helped-families-stay-with-WIC-Remote-access-may-be-key.aspx,0.0,b0e84baa63fbddc0fc2a.txt,4d01372dc167162dd113c93a195a6469d71acc55c0fece1b83fa480775334647
b12366e25d0ef879c46d,https://brookings.edu/articles/college-enrollment-gaps-how-academic-preparation-influences-opportunity,2026-10-04T02:46:51.482635+00:00,brookings.edu,True,downloaded,200.0,https://www.brookings.edu/articles/college-enrollment-gaps-how-academic-preparation-influences-opportunity/,199713.0,success,6815,1055,html,text/html; charset=UTF-8,College enrollment gaps: How academic preparation influences opportunity | Brookings,Phillip Levine,2023-10-13,Brookings,https://www.brookings.edu/articles/college-enrollment-gaps-how-academic-preparation-influences-opportunity/,0.0,b12366e25d0ef879c46d.txt,2fe16575df214e350262ae417a0bf1b60d43ceaf0bca766c8613a57acd7158a8
b1367b13f46727ea0584,https://endhomelessness.org/state-of-homelessness,2026-10-04T02:46:52.910163+00:00,endhomelessness.org,True,downloaded,200.0,https://endhomelessness.org/state-of-homelessness,470540.0,success,41669,6155,html,text/html; charset=UTF-8,State of Homelessness: 2025 Edition,,2026-07-30,National Alliance to End Homelessness,https://endhomelessness.org/state-of-homelessness/,0.0,b1367b13f46727ea0584.txt,51085a83d89e645c960ce64e5f9691f5dc48270bb489f3bd9a251230af80def3
b13bad5328b7e27ce872,https://hracuity.com/blog/workplace-harassment,2026-10-04T02:46:53.165331+00:00,hracuity.com,True,downloaded,200.0,https://www.hracuity.com/blog/workplace-harassment/,157795.0,success,19736,2844,html,text/html; charset=UTF-8,The 10 Most Common Types of Workplace Harassment,Deb Muller; Deborah Muller,2026-06-25,HR Acuity,https://www.hracuity.com/blog/workplace-harassment/,0.0,b13bad5328b7e27ce872.txt,2514721ad093aa4b138f68d24eaba65428c153f7a27dff7fe8e662a42419eb35
b17c4f8a463fe477f43d,https://cms.gov/priorities/innovation/key-concepts/preventive-care,2026-10-04T02:46:53.246175+00:00,cms.gov,True,downloaded,200.0,https://www.cms.gov/priorities/innovation/key-concepts/preventive-care,198289.0,success,4298,637,html,text/html; charset=utf-8,Preventive Care,,2025-06-02,cms.gov,https://www.cms.gov/priorities/innovation/key-concepts/preventive-care,0.0,b17c4f8a463fe477f43d.txt,713aa483129c3bf89a729db0cd5c3c6ea508728bc7efb949de10864bfea0546d
b199b2d571384622f2b5,https://lemoinelawfirm.com/what-are-the-most-approved-disabilities,2026-10-04T02:46:53.612641+00:00,lemoinelawfirm.com,True,downloaded,200.0,https://lemoinelawfirm.com/what-are-the-most-approved-disabilities/,66407.0,success,4913,654,html,text/html; charset=UTF-8,What Are the Most Approved Disabilities?,Peter J Lemoine; Jr,2024-12-10,Lemoine Law Firm,https://lemoinelawfirm.com/what-are-the-most-approved-disabilities/,0.0,b199b2d571384622f2b5.txt,36d52669ccd1b69cde05f7e076e8fec06a3d6c7b067d41161839b7b359df2423
b2282bf7b9e929dd56de,https://gov-grants.org/grants-for-women,2026-10-04T02:46:55.534061+00:00,gov-grants.org,True,downloaded,200.0,https://gov-grants.org/grants-for-women,63449.0,success,9349,1571,html,text/html; charset=utf-8,"Grants for Women: What Is Real, What Is Not, and What Pays",,2026-09-23,Gov-Grants.org,https://gov-grants.org,0.0,b2282bf7b9e929dd56de.txt,00f59fcbc2440757afaf924578746413b1d9c9bb9a01f43fd130bbaf00fd1b32
b2896e707140d4ab86c3,https://nber.org/system/files/working_papers/w31172/w31172.pdf,2026-10-04T02:46:56.716328+00:00,nber.org,True,downloaded,200.0,https://www.nber.org/system/files/working_papers/w31172/w31172.pdf,817945.0,success,155555,23485,pdf,application/pdf,,,,,,0.0,b2896e707140d4ab86c3.txt,753fcc2d6cb51ed1508c5be0fd46cb4c82e4045c45e133af1ddc8cd86acdf7fe
b293e0c5b5c4585a6c5b,https://aei.org/research-products/report/stranded-by-the-safety-net-how-to-fix-the-benefit-cliff-problem,2026-10-04T02:46:59.062259+00:00,aei.org,False,http_error,403.0,https://aei.org/research-products/report/stranded-by-the-safety-net-how-to-fix-the-benefit-cliff-problem,5725.0,not_extracted,0,0,,text/html; charset=UTF-8,,,,,,0.0,,
b2def547abb4113f91fd,https://stwserve.com/understanding-federal-benefits-for-same-sex-couples,2026-10-04T02:46:59.679185+00:00,stwserve.com,True,downloaded,200.0,https://www.stwserve.com/understanding-federal-benefits-for-same-sex-couples/,114272.0,success,7504,1100,html,text/html; charset=UTF-8,Understanding Federal Benefits for Same-Sex Couples | Serving Those Who Serve,Benefits Ben,2024-11-07,Serving Those Who Serve |,https://www.stwserve.com/understanding-federal-benefits-for-same-sex-couples/,0.0,b2def547abb4113f91fd.txt,c3de3bf8b3c193773cd10a4d3682f6a6fbc740b4a656356731ad66e36e68c6cb
b322fa957e1c9a1b7cbb,https://thelitbot.com/blog/2024/04/3-organizational-risk-factors-for-sexual-harassment,2026-10-04T02:47:00.187455+00:00,thelitbot.com,False,http_error,403.0,https://thelitbot.com/blog/2024/04/3-organizational-risk-factors-for-sexual-harassment,5766.0,not_extracted,0,0,,text/html; charset=UTF-8,,,,,,0.0,,
b34b4d58366841f3bfc6,https://homelessidproject.org/how-do-people-become-homeless-understanding-the-causes-of-homelessness,2026-10-04T02:47:01.417446+00:00,homelessidproject.org,True,downloaded,200.0,https://www.homelessidproject.org/how-do-people-become-homeless-understanding-the-causes-of-homelessness/,228270.0,success,3725,601,html,text/html; charset=UTF-8,How Do People Become Homeless? Understanding the Causes of Homelessness - Homeless ID Project,Hidp W,2025-02-18,Homeless ID Project,https://www.homelessidproject.org/how-do-people-become-homeless-understanding-the-causes-of-homelessness/,0.0,b34b4d58366841f3bfc6.txt,201f2ce9d424a3d12c2a0b6548152125f2e67633da5dc9c0956a80d5f96881b5
b34d42f2ab1c4599ed84,https://pmc.ncbi.nlm.nih.gov/articles/PMC10784545,2026-10-04T02:47:01.521173+00:00,nih.gov,True,downloaded,200.0,https://pmc.ncbi.nlm.nih.gov/articles/PMC10784545,21371.0,success,131,18,html,text/html; charset=utf-8,Checking your browser,,2026-09-11,google.com,https://www.google.com/recaptcha/challengepage,0.0,b34d42f2ab1c4599ed84.txt,a29166d0eaaa418bd5af61a282f1183a46c84c4d5e4c90689b1b452d230d05cc
b35c2921a0e1b37e2acc,https://justiceinaging.org/supporting-lgbtq-older-adults-basic-needs,2026-10-04T02:47:01.687522+00:00,justiceinaging.org,True,downloaded,200.0,https://justiceinaging.org/supporting-lgbtq-older-adults-basic-needs/,282637.0,success,43216,6390,html,text/html; charset=UTF-8,Supporting LGBTQ+ Older Adults’ Basic Needs - Justice in Aging,Justice,2025-09-18,Justice in Aging,https://justiceinaging.org/supporting-lgbtq-older-adults-basic-needs/,0.0,b35c2921a0e1b37e2acc.txt,1c4d8288829c7616a9d99acbdc9cff60ff6fadca3eb674903c93204093e3c154
b35d580a439134282f9d,https://researchgate.net/publication/227764762_Sexual_Orientation_and_College_Choice_Considering_Campus_Climate,2026-10-04T02:47:02.628914+00:00,researchgate.net,False,http_error,403.0,https://www.researchgate.net/publication/227764762_Sexual_Orientation_and_College_Choice_Considering_Campus_Climate,21138.0,not_extracted,0,0,,text/html; charset=UTF-8,,,,,,0.0,,
b364864f741a35bbd532,https://tandfonline.com/doi/full/10.1080/16549716.2024.2342634,2026-10-04T02:47:04.754265+00:00,tandfonline.com,False,http_error,403.0,https://tandfonline.com/doi/full/10.1080/16549716.2024.2342634,5805.0,not_extracted,0,0,,text/html; charset=UTF-8,,,,,,0.0,,
b36f86301db1611f9677,https://pmc.ncbi.nlm.nih.gov/articles/PMC4890541,2026-10-04T02:47:04.806415+00:00,nih.gov,True,downloaded,200.0,https://pmc.ncbi.nlm.nih.gov/articles/PMC4890541,21367.0,success,131,18,html,text/html; charset=utf-8,Checking your browser,,2026-09-11,google.com,https://www.google.com/recaptcha/challengepage,0.0,b36f86301db1611f9677.txt,a29166d0eaaa418bd5af61a282f1183a46c84c4d5e4c90689b1b452d230d05cc
b39b3920de4e414f2a91,https://arauniversity.org/harassment-workplace,2026-10-04T02:47:06.243127+00:00,arauniversity.org,True,downloaded,200.0,https://arauniversity.org/harassment-workplace/,240469.0,success,18195,2804,html,text/html; charset=UTF-8,Harassment: Get to Know the Risk Factors for Your Workplace,ARA U,2017-11-10,arauniversity.org,https://arauniversity.org/harassment-workplace/,0.0,b39b3920de4e414f2a91.txt,589966a65f240636ed277c10388b6b8bcdf865716d6f8937c62088e399c099b6
b3efb07ae615da7e533e,https://pmc.ncbi.nlm.nih.gov/articles/PMC5478215,2026-10-04T02:47:06.494707+00:00,nih.gov,True,downloaded,200.0,https://pmc.ncbi.nlm.nih.gov/articles/PMC5478215/,144803.0,success,23148,3285,html,text/html; charset=utf-8,"Health Care Disparities Among Lesbian, Gay, Bisexual, and Transgender Youth: A Literature Review",Hudaisa Hafeez; Muhammad Zeshan; Muhammad A Tahir; Nusrat Jahan; Sadiq Naveed,2017-04-20,Cureus,https://pmc.ncbi.nlm.nih.gov/articles/PMC5478215/,0.0,b3efb07ae615da7e533e.txt,2d5ad9f9caa3f66e8066b13458ec7b976227ae49e9c43e56b928e5173835489a
b3f9e027b55fbe441ff5,https://urban.org/urban-wire/how-states-can-narrow-latina-benefit-and-wage-gap,2026-10-04T02:47:07.840096+00:00,urban.org,False,http_error,403.0,https://www.urban.org/urban-wire/how-states-can-narrow-latina-benefit-and-wage-gap,5861.0,not_extracted,0,0,,text/html; charset=UTF-8,,,,,,0.0,,
b4248e40fd879cb21e3a,https://crr.bc.edu/black-workers-rely-more-on-federal-disability,2026-10-04T02:47:08.044816+00:00,bc.edu,True,downloaded,200.0,https://crr.bc.edu/black-workers-rely-more-on-federal-disability/,163089.0,success,4166,669,html,text/html; charset=UTF-8,Black Workers Rely More on Federal Disability,Kimberly Blanton,2024-11-14,crr.bc.edu,https://crr.bc.edu/black-workers-rely-more-on-federal-disability/,0.0,b4248e40fd879cb21e3a.txt,0ede30a9629bf3baa62f9fc7c148738db9ca6c8fdd91245460dc214b9c10ee3c
b47aa01f8cbd0aad17d4,https://levelaccess.com/blog/ada-financial-institutions,2026-10-04T02:47:08.734965+00:00,levelaccess.com,True,downloaded,200.0,https://www.levelaccess.com/blog/ada-financial-institutions/,246415.0,success,9165,1296,html,text/html; charset=UTF-8,ADA Banking Requirements | Insights on Compliance,Level Access,2025-01-24,Level Access,https://www.levelaccess.com/blog/ada-financial-institutions/,0.0,b47aa01f8cbd0aad17d4.txt,8dedb31cd2607e1d5b2506250958c19c33150105a894fcfff1faad8ee13735c0
b47b9f132e9872ad315e,https://journals.sagepub.com/doi/abs/10.1177/21533687251314137,2026-10-04T02:47:10.057277+00:00,sagepub.com,False,http_error,403.0,https://journals.sagepub.com/doi/abs/10.1177/21533687251314137,5752.0,not_extracted,0,0,,text/html; charset=UTF-8,,,,,,0.0,,
b4e995b3fe6b826a44d0,https://bja.ojp.gov/library/publications/understanding-police-decisions-arrest-impact-situational-officer-and,2026-10-04T02:47:10.081131+00:00,ojp.gov,True,downloaded,200.0,https://bja.ojp.gov/library/publications/understanding-police-decisions-arrest-impact-situational-officer-and,58647.0,success,1593,218,html,text/html; charset=UTF-8,"Understanding police decisions to arrest: The impact of situational, officer, and neighborhood characteristics on police discretion | Bureau of Justice Assistance",Author Jessica Huff,2021-01-01,Bureau of Justice Assistance,https://bja.ojp.gov/library/publications/understanding-police-decisions-arrest-impact-situational-officer-and,0.0,b4e995b3fe6b826a44d0.txt,8be00374ba00da875d23edfcf4ca2fc794f3c368916eb629c275532da5ef71cc
b506e3ea3f0a2fb4f1f3,https://cfr.org/legal-barriers/barriers/building_credit,2026-10-04T02:47:10.132208+00:00,cfr.org,True,downloaded,200.0,https://www.cfr.org/legal-barriers/barriers/building_credit,75063.0,success,4800,710,html,text/html,Women's Workplace Equality Index,,2025-01-01,Council on Foriegn Relations,https://www.cfr.org/legal-barriers/barriers/building_credit,0.0,b506e3ea3f0a2fb4f1f3.txt,25b240ea6e928bee289c33ff07ca4bd30bfc263cf07e54891220cccc6f6b4590
b5459e925d59811b25fe,https://academic.oup.com/esr/article/42/2/301/8317978,2026-10-04T02:47:10.423755+00:00,oup.com,False,http_error,403.0,https://academic.oup.com/esr/article/42/2/301/8317978,5618.0,not_extracted,0,0,,text/html; charset=UTF-8,,,,,,0.0,,
b55280b78fa9a6cf41a2,https://sciencedirect.com/science/article/abs/pii/S0891422211003428,2026-10-04T02:47:10.944675+00:00,sciencedirect.com,False,http_error,403.0,https://www.sciencedirect.com/science/article/abs/pii/S0891422211003428,1207905.0,not_extracted,0,0,,text/html; charset=UTF-8,,,,,,0.0,,
b633cc3bae7473d250c7,https://aspe.hhs.gov/reports/disabled-their-health-care-health-insurance-0,2026-10-04T02:47:13.475681+00:00,hhs.gov,True,downloaded,200.0,https://aspe.hhs.gov/reports/disabled-their-health-care-health-insurance-0,74626.0,success,29607,4887,html,text/html; charset=UTF-8,The Disabled: Their Health Care and Health Insurance,,2000-01-01,ASPE,http://aspe.hhs.gov/reports/disabled-their-health-care-health-insurance-0,0.0,b633cc3bae7473d250c7.txt,2c6c8782f34b1f7e1e81faf36a34e7ebdc4d9af97f43b2dd01856aea01857f78
b6545121b0beed065e1e,https://pmc.ncbi.nlm.nih.gov/articles/PMC9955979,2026-10-04T02:47:13.858562+00:00,nih.gov,True,downloaded,200.0,https://pmc.ncbi.nlm.nih.gov/articles/PMC9955979,21368.0,success,131,18,html,text/html; charset=utf-8,Checking your browser,,2026-09-11,google.com,https://www.google.com/recaptcha/challengepage,0.0,b6545121b0beed065e1e.txt,a29166d0eaaa418bd5af61a282f1183a46c84c4d5e4c90689b1b452d230d05cc
b666fc455452e8dfd702,https://commonwealthfund.org/publications/fund-reports/2024/apr/advancing-racial-equity-us-health-care,2026-10-04T02:47:14.109694+00:00,commonwealthfund.org,False,http_error,403.0,https://commonwealthfund.org/publications/fund-reports/2024/apr/advancing-racial-equity-us-health-care,5886.0,not_extracted,0,0,,text/html; charset=UTF-8,,,,,,0.0,,
b67945ec0b1b2b19cd97,https://linkedin.com/top-content/recruitment-hr/diversity-in-the-workplace/why-companies-hire-more-women,2026-10-04T02:47:14.113014+00:00,linkedin.com,False,robots_disallowed,,https://linkedin.com/top-content/recruitment-hr/diversity-in-the-workplace/why-companies-hire-more-women,,not_extracted,0,0,,,,,,,,,,
b6b6635d8e55a2430721,https://kaplanpathways.com/blog/4-ways-title-ix-expanded-women-access-to-us-higher-education,2026-10-04T02:47:14.113227+00:00,kaplanpathways.com,True,downloaded,200.0,https://www.kaplanpathways.com/blog/4-ways-title-ix-expanded-women-access-to-us-higher-education/,147307.0,success,6912,1082,html,text/html; charset=UTF-8,4 ways title IX expanded women's access to US higher education,Fiona Raleigh Head; UK; At Kaplan International Pathways,2021-05-19,Kaplan International Pathways,https://www.kaplanpathways.com/blog/4-ways-title-ix-expanded-women-access-to-us-higher-education/,0.0,b6b6635d8e55a2430721.txt,78e3eb3ef6316dbb8963f9709ba986c96d699f313bc749dc253d26c0555a553a
b6b84817ed58af38bc02,https://nij.ojp.gov/topics/articles/race-trust-and-police-legitimacy,2026-10-04T02:47:14.723262+00:00,ojp.gov,True,downloaded,200.0,https://nij.ojp.gov/topics/articles/race-trust-and-police-legitimacy,57074.0,success,2697,394,html,text/html; charset=UTF-8,"Race, Trust and Police Legitimacy",,2013-01-09,National Institute of Justice,https://nij.ojp.gov/topics/articles/race-trust-and-police-legitimacy,0.0,b6b84817ed58af38bc02.txt,2bd9464362c949d8100fee8ae5164ff5873e5294e4c5e0c95f75612772f6b93a
b6ea8b216f734829e21b,https://homelesshub.ca/collection/population-groups/people-with-disabilities,2026-10-04T02:47:14.930732+00:00,homelesshub.ca,False,http_error,403.0,https://homelesshub.ca/collection/population-groups/people-with-disabilities,52.0,not_extracted,0,0,,text/html,,,,,,0.0,,
b6ed57ff178d5dfb6059,https://kc.edu/healthcare-gap-a-reality-for-hispanic-latino-community,2026-10-04T02:47:16.799456+00:00,kc.edu,False,robots_disallowed,,https://kc.edu/healthcare-gap-a-reality-for-hispanic-latino-community,,not_extracted,0,0,,,,,,,,,,
b725067993e874a35607,https://19thnews.org/2023/07/credit-hurdles-transgender-nonbinary-fetterman-smith-bill,2026-10-04T02:47:17.291171+00:00,19thnews.org,True,downloaded,200.0,https://19thnews.org/2023/07/credit-hurdles-transgender-nonbinary-fetterman-smith-bill/,139819.0,success,4394,685,html,text/html; charset=UTF-8,Credit hurdles for transgender and nonbinary people could be cleared under proposed bill,Daja E Henry; Julia Chan,2023-07-27,19Th News,https://19thnews.org/2023/07/credit-hurdles-transgender-nonbinary-fetterman-smith-bill/,0.0,b725067993e874a35607.txt,561f55d9c06e012e679192609c414b3691afba08791a4f2d2f52db2283428c92
b73834292b6ee3298bc9,https://pmc.ncbi.nlm.nih.gov/articles/PMC4940635,2026-10-04T02:47:17.486754+00:00,nih.gov,True,downloaded,200.0,https://pmc.ncbi.nlm.nih.gov/articles/PMC4940635/,168880.0,success,31799,4798,html,text/html; charset=utf-8,Effect of the Affordable Care Act on Racial and Ethnic Disparities in Health Insurance Coverage,Thomas C Buchmueller; Zachary M Levinson; Helen G Levy; Barbara L Wolfe,2016-01-01,American Journal of Public Health,https://pmc.ncbi.nlm.nih.gov/articles/PMC4940635/,0.0,b73834292b6ee3298bc9.txt,ff1dce8c810cfa12955abecef90325b35e4a6b9d1eb2183c2b2befcf6971c811
b7631880e713c9874778,https://urban.org/research/publication/hispanic-homeowners-and-physical-inadequacy-properties,2026-10-04T02:47:17.923938+00:00,urban.org,False,http_error,403.0,https://www.urban.org/research/publication/hispanic-homeowners-and-physical-inadequacy-properties,5927.0,not_extracted,0,0,,text/html; charset=UTF-8,,,,,,0.0,,
b77d7fd8053e5fbe6f2b,https://pinyerdlaw.com/ssdi-approval-rates-by-condition,2026-10-04T02:47:17.990848+00:00,pinyerdlaw.com,False,http_error,403.0,https://pinyerdlaw.com/ssdi-approval-rates-by-condition,52.0,not_extracted,0,0,,text/html,,,,,,0.0,,
b795f3c3ac2c6f7992e9,https://chrc-ccdp.gc.ca/resources/newsroom/joint-news-release-new-data-highlights-troubling-housing-inequalities-people,2026-10-04T02:47:18.008283+00:00,chrc-ccdp.gc.ca,True,downloaded,200.0,https://www.chrc-ccdp.gc.ca/resources/newsroom/joint-news-release-new-data-highlights-troubling-housing-inequalities-people,51123.0,success,11032,1725,html,text/html; charset=UTF-8,Joint news release – New data highlights troubling housing inequalities for people with disabilities | Canadian Human Rights Commission,,2024-12-03,chrc-ccdp.gc.ca,https://www.chrc-ccdp.gc.ca/resources/newsroom/joint-news-release-new-data-highlights-troubling-housing-inequalities-people,0.0,b795f3c3ac2c6f7992e9.txt,fd2f66448283b4ba8ee0628429bf052591ebd889b8715737258420df7fb59b90
b7a3e143339ef1b70344,https://psnet.ahrq.gov/perspective/patient-safety-concerns-and-lgbtq-population,2026-10-04T02:47:18.543538+00:00,ahrq.gov,False,http_error,403.0,https://psnet.ahrq.gov/perspective/patient-safety-concerns-and-lgbtq-population,986.0,not_extracted,0,0,,text/html,,,,,,0.0,,
b7c998a266298a228465,https://medresearch.umich.edu/sites/default/files/2024-06/RRTC-Evaluating-Housing-Concerns.pdf,2026-10-04T02:47:20.082935+00:00,umich.edu,False,http_error,403.0,https://medresearch.umich.edu/sites/default/files/2024-06/RRTC-Evaluating-Housing-Concerns.pdf,5817.0,not_extracted,0,0,,text/html; charset=UTF-8,,,,,,0.0,,
b7d1670cf07474ee54b7,https://lgbtq-economics.org/research/leaf-report-2023,2026-10-04T02:47:21.277979+00:00,lgbtq-economics.org,True,downloaded,200.0,https://lgbtq-economics.org/research/leaf-report-2023/,406518.0,success,59718,8589,html,text/html; charset=UTF-8,The LGBTQI+ Economic and Financial Survey,,2023-03-27,CLEAR,https://lgbtq-economics.org/research/leaf-report-2023/,0.0,b7d1670cf07474ee54b7.txt,e1b7c22ac2beb2c7fe750f9e4ea40cc239cf2d318768a7747056d1bd431e09e5
b7ff661b9d6ab0396700,https://unitedwaynca.org/blog/causes-of-homelessness,2026-10-04T02:47:21.558682+00:00,unitedwaynca.org,True,downloaded,200.0,https://unitedwaynca.org/blog/causes-of-homelessness/,161089.0,success,12110,1678,html,text/html; charset=UTF-8,Leading Causes of Homelessness: Identifying & Bringing Hope,United Way NCA,2026-06-22,United Way of the National Capital Area,https://unitedwaynca.org/blog/causes-of-homelessness/,0.0,b7ff661b9d6ab0396700.txt,77ae29b0af98c349bfd81ace2ee8db37985c29b125e6f549d85e11528d39ebe7
b83f124f9fa1912be8c5,https://facebook.com/NashvilleCriminalAttorney/videos/when-you-are-detained-but-not-arrested-it-is-because-they-are-still-looking-for-/972670218805614,2026-10-04T02:47:22.380122+00:00,facebook.com,False,robots_disallowed,,https://facebook.com/NashvilleCriminalAttorney/videos/when-you-are-detained-but-not-arrested-it-is-because-they-are-still-looking-for-/972670218805614,,not_extracted,0,0,,,,,,,,,,
b872795f1f99f6b88e43,https://researchworks.laverne.edu/esploro/outputs/doctoral/Understanding-Loss-of-Medicaid-Benefits-in/991004336814506311,2026-10-04T02:47:22.380343+00:00,laverne.edu,True,downloaded,200.0,https://researchworks.laverne.edu/esploro/outputs/doctoral/Understanding-Loss-of-Medicaid-Benefits-in/991004336814506311,2328.0,success,49,7,html,text/html,Research Portal,,,researchworks.laverne.edu,https://researchworks.laverne.edu/esploro/outputs/doctoral/Understanding-Loss-of-Medicaid-Benefits-in/991004336814506311,0.0,b872795f1f99f6b88e43.txt,ab9ca5511b6b961a06ea1324ec31ae3b87fcfebf70c33f1206301bd27ea9936f
b8bbece6b2d2701285e8,https://ideas.repec.org/a/kap/poprpr/v42y2023i3d10.1007_s11113-023-09774-2.html,2026-10-04T02:47:22.670768+00:00,repec.org,True,downloaded,200.0,https://ideas.repec.org/a/kap/poprpr/v42y2023i3d10.1007_s11113-023-09774-2.html,58046.0,success,11490,1683,html,text/html; charset=UTF-8,Differences in Health Insurance and Usual Source of Care Amo,Madina Agénor; J Wyatt Koma; Ashley E Pérez; Alex McDowell; Gilbert Gonzales,2023-02-02,Population Research and Policy Review,https://ideas.repec.org//a/kap/poprpr/v42y2023i3d10.1007_s11113-023-09774-2.html,0.0,b8bbece6b2d2701285e8.txt,f2943ccfbbedfc691662837a81d91ab12ff1eb2977eba241183c631ef9e9052a
b8c3033dc5038838e977,https://pmc.ncbi.nlm.nih.gov/articles/PMC7415496,2026-10-04T02:47:23.195603+00:00,nih.gov,True,downloaded,200.0,https://pmc.ncbi.nlm.nih.gov/articles/PMC7415496,21367.0,success,131,18,html,text/html; charset=utf-8,Checking your browser,,2026-09-11,google.com,https://www.google.com/recaptcha/challengepage,0.0,b8c3033dc5038838e977.txt,a29166d0eaaa418bd5af61a282f1183a46c84c4d5e4c90689b1b452d230d05cc
b8dc70fc1ea02947da37,https://today.ucsd.edu/story/closing-gender-gaps-in-career-advancement,2026-10-04T02:47:24.727147+00:00,ucsd.edu,True,downloaded,200.0,https://today.ucsd.edu/story/closing-gender-gaps-in-career-advancement,99265.0,success,4789,740,html,text/html; charset=UTF-8,Closing Gender Gaps in Career Advancement,,2024-03-21,UCSanDiego,https://today.ucsd.edu/story/closing-gender-gaps-in-career-advancement,0.0,b8dc70fc1ea02947da37.txt,1de660890fa17e021e25fa6ce0dee4c67ced2cef086791084c02f3c6dc092386
b8e0ac5f0fca26d0654e,https://pmc.ncbi.nlm.nih.gov/articles/PMC7227297,2026-10-04T02:47:25.223051+00:00,nih.gov,True,downloaded,200.0,https://pmc.ncbi.nlm.nih.gov/articles/PMC7227297,21368.0,success,131,18,html,text/html; charset=utf-8,Checking your browser,,2026-09-11,google.com,https://www.google.com/recaptcha/challengepage,0.0,b8e0ac5f0fca26d0654e.txt,a29166d0eaaa418bd5af61a282f1183a46c84c4d5e4c90689b1b452d230d05cc
b8ee45c3edb17e2f59c1,https://ebsco.com/research-starters/education/privilege-and-disadvantage-us-education,2026-10-04T02:47:26.283271+00:00,ebsco.com,True,downloaded,200.0,https://www.ebsco.com/research-starters/education/privilege-and-disadvantage-us-education,231679.0,success,65410,9386,html,text/html,Privilege and Disadvantage in U.S. Education | Education | Research Starters | EBSCOhost,,2019-05-01,EBSCO,https://www.ebsco.com/,0.0,b8ee45c3edb17e2f59c1.txt,d837df5aa6267dd77ec0ad9e84186579e587fa87dcb2fd35661feb99260f136b
b8f705f8e02301d19d38,https://sciencedirect.com/science/article/abs/pii/S0047272725000994,2026-10-04T02:47:26.433504+00:00,sciencedirect.com,False,http_error,403.0,https://www.sciencedirect.com/science/article/abs/pii/S0047272725000994,1207905.0,not_extracted,0,0,,text/html; charset=UTF-8,,,,,,0.0,,
b934157df7b8d5def47c,https://epi.org/publication/racial-representation-prof-occ,2026-10-04T02:47:26.939723+00:00,epi.org,False,http_error,403.0,https://epi.org/publication/racial-representation-prof-occ,5864.0,not_extracted,0,0,,text/html; charset=UTF-8,,,,,,0.0,,
b97cba4c529844cb4856,https://americanprogress.org/article/african-americans-face-systematic-obstacles-getting-good-jobs,2026-10-04T02:47:27.427362+00:00,americanprogress.org,False,http_error,403.0,https://www.americanprogress.org/article/african-americans-face-systematic-obstacles-getting-good-jobs,5878.0,not_extracted,0,0,,text/html; charset=UTF-8,,,,,,0.0,,
b99ab0c967ba34aafb36,https://jbhe.com/2021/11/study-finds-persisting-racial-inequality-in-access-to-financial-services-and-credit,2026-10-04T02:47:30.042877+00:00,jbhe.com,True,downloaded,200.0,https://jbhe.com/2021/11/study-finds-persisting-racial-inequality-in-access-to-financial-services-and-credit/,370874.0,success,1176,183,html,text/html; charset=UTF-8,Study Finds Persisting Racial Inequality in Access to Financial Services and Credit | The Journal of Blacks in Higher Education,Editor,2021-11-08,The Journal of Blacks in Higher Education,https://jbhe.com/2021/11/study-finds-persisting-racial-inequality-in-access-to-financial-services-and-credit/,0.0,b99ab0c967ba34aafb36.txt,623c6dfaa8b86212bf9f4a0f9dd8ed1daa46a7c02706d23c05d4565f5581a59e
b99bf2b0985accb4b1c7,https://williamsinstitute.law.ucla.edu/press/law-enforcement-lgbtq-interactions,2026-10-04T02:47:30.170447+00:00,ucla.edu,True,downloaded,200.0,https://williamsinstitute.law.ucla.edu/press/law-enforcement-lgbtq-interactions/,104308.0,success,3513,512,html,text/html; charset=UTF-8,New study documents pervasive and ongoing mistreatment of LGBTQ people by law enforcement,Loyal; Thisisloyal Com,2025-11-20,The Williams Institute at UCLA School of Law,https://williamsinstitute.law.ucla.edu/press/law-enforcement-lgbtq-interactions/,0.0,b99bf2b0985accb4b1c7.txt,8502e7bfeac34aaadb26a827e3b13776aecd4d4e10427ecc98c1d0f9c85ebebf
b9a2e1e2d43afe516517,https://psychology.town/psychosocial-issues-in-disability/career-development-strategies-disabilities,2026-10-04T02:47:30.791669+00:00,psychology.town,True,downloaded,200.0,https://psychology.town/psychosocial-issues-in-disability/career-development-strategies-disabilities/,225741.0,success,11048,1544,html,text/html; charset=UTF-8,Career Development Strategies for Persons with Disabilities • Psychology Town,Prince Kumar,2025-11-10,Psychology Town,https://psychology.town/psychosocial-issues-in-disability/career-development-strategies-disabilities/,0.0,b9a2e1e2d43afe516517.txt,00ce8c2857a51f0752e915cb21e28858a7a2262d25c16b7ca8a5a025ae48dc77
ba237840bf4ccb07f96a,https://childtrends.org/publications/application-data-can-help-us-understand-hispanic-families-uptake-of-child-care-subsidies,2026-10-04T02:47:32.331383+00:00,childtrends.org,True,downloaded,200.0,https://www.childtrends.org/publications/application-data-can-help-us-understand-hispanic-families-uptake-of-child-care-subsidies,198947.0,success,20254,2880,html,text/html; charset=utf-8,Application Data Can Help Us Understand Hispanic Families’ Uptake of Child Care Subsidies | Child Trends,Dana Thomson; Katy Falletta; Laura Ramirez; Lina Guzman,2025-10-15,Child Trends,https://www.childtrends.org/publications/application-data-can-help-us-understand-hispanic-families-uptake-of-child-care-subsidies,0.0,ba237840bf4ccb07f96a.txt,932ba22bff578921b0b0dfcac5936d2dfecdb3620558325afeb4b3f0e758dabc
ba2fb1756466984f1a62,https://pmc.ncbi.nlm.nih.gov/articles/PMC10595555,2026-10-04T02:47:32.713720+00:00,nih.gov,True,downloaded,200.0,https://pmc.ncbi.nlm.nih.gov/articles/PMC10595555,21371.0,success,131,18,html,text/html; charset=utf-8,Checking your browser,,2026-09-11,google.com,https://www.google.com/recaptcha/challengepage,0.0,ba2fb1756466984f1a62.txt,a29166d0eaaa418bd5af61a282f1183a46c84c4d5e4c90689b1b452d230d05cc
ba5d3d442b0a1768e239,https://cbpp.org/research/health/health-coverage-rates-vary-widely-across-and-within-racial-and-ethnic-groups,2026-10-04T02:47:33.306150+00:00,cbpp.org,False,http_error,403.0,https://cbpp.org/research/health/health-coverage-rates-vary-widely-across-and-within-racial-and-ethnic-groups,6158.0,not_extracted,0,0,,text/html; charset=UTF-8,,,,,,0.0,,
ba6a55ac11d4e3ce0434,https://experian.com/blogs/ask-experian/what-do-mortgage-lenders-look-for,2026-10-04T02:47:33.361723+00:00,experian.com,True,downloaded,200.0,https://www.experian.com/blogs/ask-experian/what-do-mortgage-lenders-look-for,230521.0,success,11301,1897,html,text/html,What Factors Do Mortgage Lenders Consider?,Emily Starbuck Gerson,2026-09-22,Experian,https://www.experian.com/blogs/ask-experian/what-do-mortgage-lenders-look-for/,0.0,ba6a55ac11d4e3ce0434.txt,95c80223a03abd1d1f8f7669ca31164e4dfaa54d2ad11367f465a97ffe687c2d
ba7c499fee08d502cd75,https://aspe.hhs.gov/reports/economic-risk-report,2026-10-04T02:47:33.861086+00:00,hhs.gov,True,downloaded,200.0,https://aspe.hhs.gov/reports/economic-risk-report,51087.0,success,8414,1295,html,text/html; charset=UTF-8,"Understanding Economic Risk for Low-Income Families: Economic Security, Program Benefits, and Decisions about Work",,2024-12-03,ASPE,http://aspe.hhs.gov/reports/economic-risk-report,0.0,ba7c499fee08d502cd75.txt,0b096722d869d57c9f67f8f56c491a57848f92f3156124b522292514583a2847
babc6f854c065a43c0f9,https://commonwealthfund.org/publications/issue-briefs/2025/jun/reducing-medicaid-churn-policies-promote-stable-health-coverage,2026-10-04T02:47:34.361435+00:00,commonwealthfund.org,False,http_error,403.0,https://commonwealthfund.org/publications/issue-briefs/2025/jun/reducing-medicaid-churn-policies-promote-stable-health-coverage,5960.0,not_extracted,0,0,,text/html; charset=UTF-8,,,,,,0.0,,
bb15ff9aa2c4626a8196,https://bostonfed.org/news-and-events/news/2021/11/racism-and-the-economy-barriers-to-financial-services-perpetuate-economic-gaps.aspx,2026-10-04T02:47:35.236921+00:00,bostonfed.org,True,downloaded,200.0,https://www.bostonfed.org/news-and-events/news/2021/11/racism-and-the-economy-barriers-to-financial-services-perpetuate-economic-gaps.aspx,81701.0,success,7182,1084,html,text/html; charset=utf-8,What’s the impact of persistent barriers to basic financial services?,Federal Reserve Bank,2026-01-22,Federal Reserve Bank of Boston,https://www.bostonfed.org/news-and-events/news/2021/11/racism-and-the-economy-barriers-to-financial-services-perpetuate-economic-gaps.aspx,0.0,bb15ff9aa2c4626a8196.txt,88f1ce7a71ad8cb66e6cea21e1afea5d14c039e746f566d2d42688aeecc3860e
bb1f71df186a7be3d4bd,https://thetrevorproject.org/research-briefs/school-related-protective-factors-for-lgbtq-middle-and-high-school-students-aug-2023,2026-10-04T02:47:35.952830+00:00,thetrevorproject.org,True,downloaded,200.0,https://www.thetrevorproject.org/research-briefs/school-related-protective-factors-for-lgbtq-middle-and-high-school-students-aug-2023/,99087.0,success,13402,2077,html,text/html; charset=UTF-8,School-Related Protective Factors for LGBTQ Middle and High School Students,,2025-10-06,The Trevor Project,https://www.thetrevorproject.org/research-briefs/school-related-protective-factors-for-lgbtq-middle-and-high-school-students-aug-2023/,0.0,bb1f71df186a7be3d4bd.txt,22632298a697c19b2aa69481565de586e3751d15307cad741696fb4c5bae8d7f
bb2df5d0bb4b06313f7f,https://pmc.ncbi.nlm.nih.gov/articles/PMC11708084,2026-10-04T02:47:36.409645+00:00,nih.gov,True,downloaded,200.0,https://pmc.ncbi.nlm.nih.gov/articles/PMC11708084/,155536.0,success,39986,6300,html,text/html; charset=utf-8,"Men’s views on factors contributing to their poor health-seeking behaviour in Limpopo Province, South Africa",Lazarros Chavalala; Tsakani Rachel Lebese; Lufuno Makhado,2025-01-08,BMC Public Health,https://pmc.ncbi.nlm.nih.gov/articles/PMC11708084/,0.0,bb2df5d0bb4b06313f7f.txt,05404ed30d5611e2565f7ab98ebc1a478de6bc679d97d3a056673641f1b764a7
bb46b2d5419879584e9e,https://transequality.org/issues/housing-homelessness,2026-10-04T02:47:37.410552+00:00,transequality.org,True,downloaded,200.0,https://transequality.org/issues/housing-homelessness,118942.0,success,1908,284,html,text/html; charset=UTF-8,Housing & Homelessness | A4TE,,2026-04-28,A4TE,https://transequality.org/issues/housing-homelessness,0.0,bb46b2d5419879584e9e.txt,d065c0c54a469507d88f57f585048d7b788250018eb885da7104a61a7d5d4c63
bb74ef4b1f44c28ee3f5,https://youtube.com/watch?t=2258s&v=EYnXTuHdOEk,2026-10-04T02:47:37.515468+00:00,youtube.com,True,downloaded,200.0,https://www.youtube.com/watch?t=2258s&v=EYnXTuHdOEk,1341156.0,success,146,23,html,text/html; charset=utf-8,Academic Training Webinar: Policing and People with Developmental Disabilities,,2022-05-08,YouTube,https://www.youtube.com/watch?v=EYnXTuHdOEk,0.0,bb74ef4b1f44c28ee3f5.txt,8dbba17988e385133ba8f51d76cde1fc2c859262b666cb848e9cfe2478fd5e71
bc777d1fe70b343beb2e,https://calltherightattorney.com/blog/2025/10/what-does-a-racially-hostile-workplace-look-like-for-white-employees,2026-10-04T02:47:37.683635+00:00,calltherightattorney.com,False,http_error,403.0,https://calltherightattorney.com/blog/2025/10/what-does-a-racially-hostile-workplace-look-like-for-white-employees,5893.0,not_extracted,0,0,,text/html; charset=UTF-8,,,,,,0.0,,
bc8323ebec11ac886d98,https://lemoinelawfirm.com/top-10-signs-you-will-win-disability-benefits,2026-10-04T02:47:37.949505+00:00,lemoinelawfirm.com,True,downloaded,200.0,https://lemoinelawfirm.com/top-10-signs-you-will-win-disability-benefits/,72998.0,success,10746,1550,html,text/html; charset=UTF-8,Top 10 Signs You Will Win Disability Benefits,Annie Lemoine Newton,2025-04-20,Lemoine Law Firm,https://lemoinelawfirm.com/top-10-signs-you-will-win-disability-benefits/,0.0,bc8323ebec11ac886d98.txt,dd3aff78b6526821937604cf682605ed96c8c81fab760d81eb0e690e550b130e
bc8e3fc7ceedfacb2e5b,https://pmc.ncbi.nlm.nih.gov/articles/PMC6708348,2026-10-04T02:47:39.618944+00:00,nih.gov,True,downloaded,200.0,https://pmc.ncbi.nlm.nih.gov/articles/PMC6708348/,160330.0,success,28209,4510,html,text/html; charset=utf-8,"Risk of being killed by police use of force in the United States by age, race–ethnicity, and sex",Frank Edwards; Hedwig Lee; Michael Esposito,2019-08-05,Proceedings of the National Academy of Sciences of the United States of America,https://pmc.ncbi.nlm.nih.gov/articles/PMC6708348/,0.0,bc8e3fc7ceedfacb2e5b.txt,9897ebe54671f9bbbdf39d3df7946bcec9b8c04d47ee8f196d31ceda45fb2719
bc91d51da75c96357962,https://frontiersin.org/journals/education/articles/10.3389/feduc.2025.1631418/full,2026-10-04T02:47:40.095193+00:00,frontiersin.org,True,downloaded,200.0,https://www.frontiersin.org/journals/education/articles/10.3389/feduc.2025.1631418/full,625653.0,success,55707,8307,html,text/html;charset=utf-8,Frontiers | Factors fostering the inclusion of students with disabilities during their academic career at the University Center of Health Sciences of the University of Guadalajara,David Elicerio Conchas; Pamela Georgina Hernández Carrillo; Ricardo Pérez Zúñiga,2025-08-13,Frontiers,https://www.frontiersin.org/journals/education/articles/10.3389/feduc.2025.1631418/full,0.0,bc91d51da75c96357962.txt,4197ade511a8a1299400c77723a33cb1123e5aa808820431a423291f48b21ad4
bc92040f256ea384455f,https://luminafoundation.org/news-and-views/hispanic-students-can-shape-our-future-if-we-reshape-college,2026-10-04T02:47:40.304703+00:00,luminafoundation.org,True,downloaded,200.0,https://www.luminafoundation.org/news-and-views/hispanic-students-can-shape-our-future-if-we-reshape-college/,137823.0,success,6282,938,html,text/html; charset=UTF-8,Hispanic students can shape our future—if we reshape college,Matthew Jenkins,2023-10-23,Lumina Foundation,https://www.luminafoundation.org/news-and-views/hispanic-students-can-shape-our-future-if-we-reshape-college/,0.0,bc92040f256ea384455f.txt,340061df894a78573a0d149a9898f1b479551212da2748e8717bb7a61978b9df
bc9cdc640dedae1596fa,https://pmc.ncbi.nlm.nih.gov/articles/PMC6497454,2026-10-04T02:47:40.850120+00:00,nih.gov,True,downloaded,200.0,https://pmc.ncbi.nlm.nih.gov/articles/PMC6497454/,228481.0,success,51944,7275,html,text/html; charset=utf-8,Bullying Victimization among LGBTQ Youth: Current and Future Directions,Amy L Gower; G Nic Rider; Barbara J McMorris; Marla E Eisenberg,2018-08-30,Current sexual health reports,https://pmc.ncbi.nlm.nih.gov/articles/PMC6497454/,0.0,bc9cdc640dedae1596fa.txt,0e69360db89e2245e976c6349ffeabc20e4368b44c1d60d1fda9cb022471450e
bce10a5eb1adc16b3da0,https://washingtoninformer.com/race-based-loan-approval-disparities,2026-10-04T02:47:41.011395+00:00,washingtoninformer.com,True,downloaded,200.0,https://www.washingtoninformer.com/race-based-loan-approval-disparities/,272833.0,success,2075,316,html,text/html; charset=UTF-8,Study Reveals Racism in Bank Loans,James Wright Jr,2024-09-18,The Washington Informer,https://www.washingtoninformer.com/race-based-loan-approval-disparities/,0.0,bce10a5eb1adc16b3da0.txt,376893218891d903067e368123243c59a78a7de4695a5f11d42515befc7696e0
bcfb486240470019d4d2,https://kff.org/medicaid/5-key-facts-about-medicaid-coverage-for-people-with-disabilities,2026-10-04T02:47:41.578083+00:00,kff.org,True,downloaded,200.0,https://www.kff.org/medicaid/5-key-facts-about-medicaid-coverage-for-people-with-disabilities/,154305.0,success,7166,1101,html,text/html; charset=UTF-8,5 Key Facts About Medicaid Coverage for People with Disabilities | KFF,Alice Burns; Sammy Cervantes,2025-02-07,"KFF - The independent source for health policy research, polling, and news",https://www.kff.org/medicaid/5-key-facts-about-medicaid-coverage-for-people-with-disabilities/,0.0,bcfb486240470019d4d2.txt,7d1f9a94cb347cb7230110aa506b71383608bc34e15a3c4de348fdbd05e156b3
bd219f21725d802eb0fc,https://disabledworkersusa.com/factors-that-can-affect-your-social-security-disability-benefits,2026-10-04T02:47:44.100584+00:00,disabledworkersusa.com,True,downloaded,200.0,https://www.disabledworkersusa.com/factors-that-can-affect-your-social-security-disability-benefits/,174845.0,success,3473,565,html,text/html; charset=UTF-8,Factors That Can Affect Your Social Security Disability Benefits | DisABLEd Workers USA,Usaworker Admin,2019-06-07,DisABLEd Workers USA | Here to assist persons with disabilities reach their employment goals!,https://www.disabledworkersusa.com/factors-that-can-affect-your-social-security-disability-benefits/,0.0,bd219f21725d802eb0fc.txt,d40370914d9828d79888fb4a44ee96b142b1ebcd665e52be087fe8ddb4d5266d
bd21f8ba9cd99f15a73d,https://pmc.ncbi.nlm.nih.gov/articles/PMC11799928,2026-10-04T02:47:44.320715+00:00,nih.gov,True,downloaded,200.0,https://pmc.ncbi.nlm.nih.gov/articles/PMC11799928,21372.0,success,131,18,html,text/html; charset=utf-8,Checking your browser,,2026-09-11,google.com,https://www.google.com/recaptcha/challengepage,0.0,bd21f8ba9cd99f15a73d.txt,a29166d0eaaa418bd5af61a282f1183a46c84c4d5e4c90689b1b452d230d05cc
bd37a3075a95ef31a4dc,https://clasp.org/blog/the-racist-roots-of-work-requirements-in-public-benefits-programs,2026-10-04T02:47:45.418399+00:00,clasp.org,True,downloaded,200.0,https://www.clasp.org/blog/the-racist-roots-of-work-requirements-in-public-benefits-programs/,92381.0,success,2659,381,html,text/html; charset=UTF-8,Rooted in Racism: The Origins of Work Requirements in Public Benefits | CLASP,,2025-06-27,CLASP,https://www.clasp.org/blog/the-racist-roots-of-work-requirements-in-public-benefits-programs/,0.0,bd37a3075a95ef31a4dc.txt,fd8b1d2a90faa744647a9ecb182d914b17a2d6789495c04855edde5d6091f3a9
bd54eae3a3802c3d2e09,https://ebsco.com/research-starters/politics-and-government/housing-stability,2026-10-04T02:47:45.653400+00:00,ebsco.com,True,downloaded,200.0,https://www.ebsco.com/research-starters/politics-and-government/housing-stability,169651.0,success,26288,3777,html,text/html,Housing stability | Politics and Government | Research Starters | EBSCOhost,,2022-04-29,EBSCO,https://www.ebsco.com/,0.0,bd54eae3a3802c3d2e09.txt,c16b21405b6aa17c7023b04f2dd4867518d205d4fe1e710735b76f9417f5dc3a
bd56dadb0bc354647b9a,https://pmc.ncbi.nlm.nih.gov/articles/PMC8483182,2026-10-04T02:47:46.544543+00:00,nih.gov,True,downloaded,200.0,https://pmc.ncbi.nlm.nih.gov/articles/PMC8483182,21368.0,success,131,18,html,text/html; charset=utf-8,Checking your browser,,2026-09-11,google.com,https://www.google.com/recaptcha/challengepage,0.0,bd56dadb0bc354647b9a.txt,a29166d0eaaa418bd5af61a282f1183a46c84c4d5e4c90689b1b452d230d05cc
bd71aa7770417752b96a,https://pmc.ncbi.nlm.nih.gov/articles/PMC10172218,2026-10-04T02:47:46.773257+00:00,nih.gov,True,downloaded,200.0,https://pmc.ncbi.nlm.nih.gov/articles/PMC10172218,21367.0,success,131,18,html,text/html; charset=utf-8,Checking your browser,,2026-09-11,google.com,https://www.google.com/recaptcha/challengepage,0.0,bd71aa7770417752b96a.txt,a29166d0eaaa418bd5af61a282f1183a46c84c4d5e4c90689b1b452d230d05cc
bd91c927611bd7c8086b,https://menarddisabilitylaw.com/disability-support-for-the-lgbtq-community,2026-10-04T02:47:47.263610+00:00,menarddisabilitylaw.com,True,downloaded,200.0,https://menarddisabilitylaw.com/disability-support-for-the-lgbtq-community/,278378.0,success,5817,855,html,text/html; charset=utf-8,Disability Support for the LGBTQIA+ Community,Janni,2026-04-21,menarddisabilitylaw.com,https://menarddisabilitylaw.com/disability-support-for-the-lgbtq-community/,0.0,bd91c927611bd7c8086b.txt,762087e2fe6429010ff0f30ec84642af47fa72abeed18e093c6321b036a34e1c
bd97c4dec4c50f1c8b2e,https://pmc.ncbi.nlm.nih.gov/articles/PMC9341318,2026-10-04T02:47:47.539414+00:00,nih.gov,True,downloaded,200.0,https://pmc.ncbi.nlm.nih.gov/articles/PMC9341318/,190188.0,success,63856,9202,html,text/html; charset=utf-8,Gender-affirming Care for Transgender Patients,Nita Bhatt; Jesse Cannella; Julie P Gentile,2022-01-01,Innovations in Clinical Neuroscience,https://pmc.ncbi.nlm.nih.gov/articles/PMC9341318/,0.0,bd97c4dec4c50f1c8b2e.txt,d446d483409451f3faa6d73eafe6d415de513c8555f9fdf153ed404ecc0bec37
bdaa34ffb482d120fc13,https://employerscouncil.org/resources/examination-gender-bias-hiring,2026-10-04T02:47:48.378062+00:00,employerscouncil.org,True,downloaded,200.0,https://www.employerscouncil.org/resources/examination-gender-bias-hiring/,92248.0,success,3139,473,html,text/html; charset=UTF-8,An Examination of Gender Bias in Hiring - Employers Council,Employers Council Staff,2018-04-30,Employers Council,https://www.employerscouncil.org/resources/examination-gender-bias-hiring/,0.0,bdaa34ffb482d120fc13.txt,f99679b4f3caff8800c030648c2f33f6c45cb46007477baa80c6eb88535a7c92
bdf6bff6d5105c74961c,https://pmc.ncbi.nlm.nih.gov/articles/PMC8559954,2026-10-04T02:47:49.717443+00:00,nih.gov,True,downloaded,200.0,https://pmc.ncbi.nlm.nih.gov/articles/PMC8559954/,21372.0,success,131,18,html,text/html; charset=utf-8,Checking your browser,,2026-09-11,google.com,https://www.google.com/recaptcha/challengepage,0.0,bdf6bff6d5105c74961c.txt,a29166d0eaaa418bd5af61a282f1183a46c84c4d5e4c90689b1b452d230d05cc
be825617309bb8283d04,https://nlc.org/article/2023/03/21/housing-for-women-female-headed-households,2026-10-04T02:47:51.442302+00:00,nlc.org,True,downloaded,200.0,https://www.nlc.org/article/2023/03/21/housing-for-women-female-headed-households,144313.0,success,9027,1357,html,text/html; charset=UTF-8,Housing for Women & Female-Headed Households,About the Author,2023-03-21,National League of Cities,https://www.nlc.org/article/2023/03/21/housing-for-women-female-headed-households/,0.0,be825617309bb8283d04.txt,959ad40ec54ea762b9513d3f286cf9ae1a5e3169fd69afdb6b87d7665b018a73
bee014e59384dbab3865,https://advancingpretrial.org/story/racism-policing-and-the-criminal-justice-system,2026-10-04T02:47:52.465299+00:00,advancingpretrial.org,False,http_error,403.0,https://www.advancingpretrial.org/story/racism-policing-and-the-criminal-justice-system,5852.0,not_extracted,0,0,,text/html; charset=UTF-8,,,,,,0.0,,
bf6519cd91101b539b26,https://rennepubliclawgroup.com/investigating-same-culture-bias-with-spanish-speaking-employees,2026-10-04T02:47:53.015691+00:00,rennepubliclawgroup.com,True,downloaded,200.0,https://rennepubliclawgroup.com/investigating-same-culture-bias-with-spanish-speaking-employees/,133078.0,success,6771,912,html,text/html; charset=UTF-8,Investigating Same Culture Bias with Spanish-Speaking Employees | Renne Public Law Group,Olivia Rizzuto,2026-07-23,Renne Public Law Group,https://rennepubliclawgroup.com/investigating-same-culture-bias-with-spanish-speaking-employees/,0.0,bf6519cd91101b539b26.txt,ba77f4898eaba8df94aaae4f6b80d0d61b5ecde992be8c5f8666f8b44272d36c
bf79295f13b84c35d4c8,https://lawofficesgailfisher.com/when-a-disability-worsens-do-government-benefits-increase,2026-10-04T02:47:53.129974+00:00,lawofficesgailfisher.com,True,downloaded,200.0,https://lawofficesgailfisher.com/when-a-disability-worsens-do-government-benefits-increase/,28446.0,success,6020,949,html,text/html; charset=UTF-8,"When a Disability Worsens, Do Government Benefits Increase?",,2025-01-01,"Gail M. Fisher, P.L.",https://lawofficesgailfisher.com/when-a-disability-worsens-do-government-benefits-increase/,0.0,bf79295f13b84c35d4c8.txt,43df92e5a917c15089e5911dfd3bef3cb04142192083c4cf4cd9f3ee02cf866a
bf90e3b3bba7319379f8,https://urban.org/urban-wire/no-cops-pride-how-criminal-justice-system-harms-lgbtq-people,2026-10-04T02:47:55.724835+00:00,urban.org,False,http_error,403.0,https://www.urban.org/urban-wire/no-cops-pride-how-criminal-justice-system-harms-lgbtq-people,5894.0,not_extracted,0,0,,text/html; charset=UTF-8,,,,,,0.0,,
bfe7a01e0a177e8ffbd1,https://pubmed.ncbi.nlm.nih.gov/26131944,2026-10-04T02:47:55.736299+00:00,nih.gov,True,downloaded,203.0,https://pubmed.ncbi.nlm.nih.gov/26131944/,5590.0,success,100,14,html,text/html; charset=utf-8,Cookies must be enabled,,,pubmed.ncbi.nlm.nih.gov,https://pubmed.ncbi.nlm.nih.gov/26131944/,0.0,bfe7a01e0a177e8ffbd1.txt,f193d0de906419650acf171625dbd67f88f297290893b5473e1d8365c03d4b59
bfedb452c6d8ff5f3952,https://researchgate.net/publication/336971674_Women's_college_admissions_and_retention_policies_pertaining_to_transgender_students_a_comprehensive_analysis,2026-10-04T02:47:56.410095+00:00,researchgate.net,False,http_error,403.0,https://www.researchgate.net/publication/336971674_Women's_college_admissions_and_retention_policies_pertaining_to_transgender_students_a_comprehensive_analysis,21138.0,not_extracted,0,0,,text/html; charset=UTF-8,,,,,,0.0,,
bfee2b766aa6f52110fa,https://youtube.com/watch?v=YhaTyOY5eHM,2026-10-04T02:47:57.378869+00:00,youtube.com,True,downloaded,200.0,https://www.youtube.com/watch?v=YhaTyOY5eHM,1344107.0,success,146,23,html,text/html; charset=utf-8,Can diversity in law enforcement reduce racially-charged police violence?,,2020-06-03,YouTube,https://www.youtube.com/watch?v=YhaTyOY5eHM,0.0,bfee2b766aa6f52110fa.txt,8dbba17988e385133ba8f51d76cde1fc2c859262b666cb848e9cfe2478fd5e71
c006770d1993c9e80e6b,https://nij.ojp.gov/topics/articles/use-force-continuum,2026-10-04T02:47:57.645858+00:00,ojp.gov,True,downloaded,200.0,https://nij.ojp.gov/topics/articles/use-force-continuum,54796.0,success,2691,408,html,text/html; charset=UTF-8,The Use-of-Force Continuum,,2009-08-03,National Institute of Justice,https://nij.ojp.gov/topics/articles/use-force-continuum,0.0,c006770d1993c9e80e6b.txt,cd9f26d06312695cf12c80d3b88c8a934af78ec487a93c353c4e8f58601c1eb8
c00a35542b0181ce61e5,https://caf.com/en/currently/news/women-are-less-likely-to-access-consumer-credit,2026-10-04T02:47:57.815071+00:00,caf.com,False,curl_error,0.0,https://caf.com/en/currently/news/women-are-less-likely-to-access-consumer-credit,,not_extracted,0,0,,,,,,,,60.0,,
c088e3f5d93ab9408974,https://pmc.ncbi.nlm.nih.gov/articles/PMC11731762,2026-10-04T02:47:58.854804+00:00,nih.gov,True,downloaded,200.0,https://pmc.ncbi.nlm.nih.gov/articles/PMC11731762/,294107.0,success,94460,13306,html,text/html; charset=utf-8,Racial/Ethnic inequality & contemporary disparities in mortgage lending,Meghan M O’Neil; Vincent J Roscigno,2025-01-14,PLOS ONE,https://pmc.ncbi.nlm.nih.gov/articles/PMC11731762/,0.0,c088e3f5d93ab9408974.txt,85b2846c8f379bd5735a47aba3a4b34e74978e6b905b4d5ea9ae3aa47c55f94d
c0a198e4d3d333588356,https://hhs.nd.gov/health/prevention-healthy-living/domestic-violence-sexual-assault/prevention-toolkit/bullying-and-sexual-violence,2026-10-04T02:47:59.163567+00:00,nd.gov,True,downloaded,200.0,https://www.hhs.nd.gov/health/prevention-healthy-living/domestic-violence-sexual-assault/prevention-toolkit/bullying-and-sexual-violence,439534.0,success,4915,752,html,text/html; charset=UTF-8,Bullying and Sexual Violence,,2026-01-01,Health and Human Services North Dakota,https://www.hhs.nd.gov/health/prevention-healthy-living/domestic-violence-sexual-assault/prevention-toolkit/bullying-and-sexual-violence,0.0,c0a198e4d3d333588356.txt,84d01c8427ce616fd74277299034433e74126f037237c8de1addbe6c3eb09f7a
c0ac36716203d9b2c2d6,https://cbpp.org/blog/americans-especially-women-benefit-hugely-from-social-security,2026-10-04T02:47:59.354308+00:00,cbpp.org,False,http_error,403.0,https://cbpp.org/blog/americans-especially-women-benefit-hugely-from-social-security,6158.0,not_extracted,0,0,,text/html; charset=UTF-8,,,,,,0.0,,
c0e93a457b5e58b3fe32,https://home.treasury.gov/news/featured-stories/post-5-racial-differences-in-educational-experiences-and-attainment,2026-10-04T02:48:01.151698+00:00,treasury.gov,True,downloaded,200.0,https://home.treasury.gov/news/featured-stories/post-5-racial-differences-in-educational-experiences-and-attainment,114198.0,success,34944,5229,html,text/html; charset=utf-8,Post 5: Racial Differences in Educational Experiences and Attainment,,2023-06-09,U.S. Department of the Treasury,https://home.treasury.gov/news/featured-stories/post-5-racial-differences-in-educational-experiences-and-attainment,0.0,c0e93a457b5e58b3fe32.txt,97da670757e95ac9091d23ab1979f49245510fd1eda13294acde1ce39fca4d6c
c14858e04d6b32f0fcd3,https://youtube.com/watch?t=41s&v=_TUydUMazkc,2026-10-04T02:48:02.122475+00:00,youtube.com,True,downloaded,200.0,https://www.youtube.com/watch?t=41s&v=_TUydUMazkc,1272636.0,success,146,23,html,text/html; charset=utf-8,"Trans health care & gender-diverse patient considerations with Kameryn J. Lee, MD",,2023-11-28,YouTube,https://www.youtube.com/watch?v=_TUydUMazkc,0.0,c14858e04d6b32f0fcd3.txt,8dbba17988e385133ba8f51d76cde1fc2c859262b666cb848e9cfe2478fd5e71
c16a3084f1f4de70ad2b,https://pmc.ncbi.nlm.nih.gov/articles/PMC11982999,2026-10-04T02:48:02.350746+00:00,nih.gov,True,downloaded,200.0,https://pmc.ncbi.nlm.nih.gov/articles/PMC11982999,21372.0,success,131,18,html,text/html; charset=utf-8,Checking your browser,,2026-09-11,google.com,https://www.google.com/recaptcha/challengepage,0.0,c16a3084f1f4de70ad2b.txt,a29166d0eaaa418bd5af61a282f1183a46c84c4d5e4c90689b1b452d230d05cc
c172665575ca399f8795,https://journals.sagepub.com/doi/10.1177/10986111251372007,2026-10-04T02:48:02.416567+00:00,sagepub.com,False,http_error,403.0,https://journals.sagepub.com/doi/10.1177/10986111251372007,5762.0,not_extracted,0,0,,text/html; charset=UTF-8,,,,,,0.0,,
c17454845bd8c8b65765,https://ncbi.nlm.nih.gov/sites/books/NBK19909,2026-10-04T02:48:02.580031+00:00,nih.gov,True,downloaded,200.0,https://www.ncbi.nlm.nih.gov/sites/books/NBK19909/,183595.0,success,85652,12512,html,text/html; charset=UTF-8,Barriers to Educational Opportunities for Hispanics in the United States,Barbara Schhneider; Sylvia Martinez; Ann Ownes,2004-03-15,National Academies Press (US),https://www.ncbi.nlm.nih.gov/sites/books/NBK19909/,0.0,c17454845bd8c8b65765.txt,5ba6081bd3e2d7566966db89e62c5aa28e759150978b8384446d31333fd0369f
c18cd4ec74d89aa60c5b,https://scholarlycommons.henryford.com/nursing_articles/6,2026-10-04T02:48:04.289674+00:00,henryford.com,True,downloaded,200.0,https://scholarlycommons.henryford.com/nursing_articles/6/,36279.0,success,2396,315,html,text/html; charset=UTF-8,Obstacles to preventive care for individuals with disability: Implications for nurse practitioners,Anna Marrocco; Helene J Krouse,2017-01-05,Henry Ford Health Scholarly Commons,https://scholarlycommons.henryford.com/nursing_articles/6,0.0,c18cd4ec74d89aa60c5b.txt,5b0e4bf4d3383c2b79db524d25d4bfb988b0fc7d27cd5758e697aafc5c6f0d9f
c18ed2d545745bc8d1fb,https://rcej.scholasticahq.com/article/142768-infusing-disability-into-a-career-development-course,2026-10-04T02:48:04.478762+00:00,scholasticahq.com,True,downloaded,200.0,https://rcej.scholasticahq.com/article/142768-infusing-disability-into-a-career-development-course,438592.0,success,35353,5030,html,text/html; charset=utf-8,Infusing Disability Into a Career Development Course | Published in Rehabilitation Counselors and Educators Journal,Julie Hill; Tina Peterman; Jessica Henry; Roy Chen; Mary Ann Rocha,2026-07-07,Rehabilitation Counselors and Educators Journal,https://rcej.scholasticahq.com/article/142768-infusing-disability-into-a-career-development-course,0.0,c18ed2d545745bc8d1fb.txt,80a0b4d5272e932c999578204b2ec336a9feaf09d0bf19f4fcc14f329c3db737
c1b99db1ffa316639c4a,https://humanrights.gov.au/resource-hub/by-resource-type/education/know-your-rights/homelessness,2026-10-04T02:48:04.600768+00:00,humanrights.gov.au,False,http_error,403.0,https://humanrights.gov.au/resource-hub/by-resource-type/education/know-your-rights/homelessness,5850.0,not_extracted,0,0,,text/html; charset=UTF-8,,,,,,0.0,,
c1e8bf4de2827a90cf75,https://brookings.edu/articles/unequal-opportunity-race-and-education,2026-10-04T02:48:05.465037+00:00,brookings.edu,True,downloaded,200.0,https://www.brookings.edu/articles/unequal-opportunity-race-and-education/,183214.0,success,18088,2687,html,text/html; charset=UTF-8,Unequal Opportunity: Race and Education | Brookings,Vandita Morarka,2023-06-25,Brookings,https://www.brookings.edu/articles/unequal-opportunity-race-and-education/,0.0,c1e8bf4de2827a90cf75.txt,82aef17f8ed18a47882755bb0128b5b661f192661124531efe8ab7a1a5bf0a76
c205d81ce9befd8d08bf,https://williamsinstitute.law.ucla.edu/publications/policing-lgbq-people,2026-10-04T02:48:05.597732+00:00,ucla.edu,True,downloaded,200.0,https://williamsinstitute.law.ucla.edu/publications/policing-lgbq-people/,131815.0,success,2768,442,html,text/html; charset=UTF-8,Policing LGBQ People,Loyal; Thisisloyal Com,2021-05-14,The Williams Institute at UCLA School of Law,https://williamsinstitute.law.ucla.edu/publications/policing-lgbq-people/,0.0,c205d81ce9befd8d08bf.txt,ed32290aa9823b3317dd916539d27ab565f2a966e7ddb453247b24d5e530c7bf
c242f1cdb04e394147a6,https://prisonpolicy.org/reports/pie2025.html,2026-10-04T02:48:05.902200+00:00,prisonpolicy.org,True,downloaded,200.0,https://www.prisonpolicy.org/reports/pie2025.html,223181.0,success,89213,13654,html,text/html; charset=UTF-8,Mass Incarceration: The Whole Pie 2025,Prison Policy Initiative; Wendy Sawyer; Peter Wagner,2022-12-31,PrisonPolicy,https://www.prisonpolicy.org/reports/pie2026.html,0.0,c242f1cdb04e394147a6.txt,e25e4b6b47be972784c1673ff61d12775e3d97b771ff9ff6fb1c3336a8654ccc
c29aa95b5b498c0290b7,https://theconversation.com/how-ethnic-minorities-face-higher-levels-of-financial-exclusion-71960,2026-10-04T02:48:09.158691+00:00,theconversation.com,True,downloaded,200.0,https://theconversation.com/how-ethnic-minorities-face-higher-levels-of-financial-exclusion-71960,173743.0,success,4897,762,html,text/html; charset=utf-8,How ethnic minorities face higher levels of financial exclusion,Alper Kara,2017-03-06,The Conversation,https://theconversation.com/how-ethnic-minorities-face-higher-levels-of-financial-exclusion-71960,0.0,c29aa95b5b498c0290b7.txt,e75aa5f61a75b9e9cc747a48eba0c2b7261aa208aaba7821fbf36e6b191299a5
c2b19306eae4859c3625,https://cnbc.com/2019/03/08/linkedin-study-reveals-why-men-are-more-likely-to-get-noticed-by-job-recruiters-than-women.html,2026-10-04T02:48:09.831180+00:00,cnbc.com,True,downloaded,200.0,https://www.cnbc.com/2019/03/08/linkedin-study-reveals-why-men-are-more-likely-to-get-noticed-by-job-recruiters-than-women.html,684160.0,success,3696,613,html,text/html; charset=utf-8,"The ugly truth behind why men are more likely to get noticed by job recruiters, according to new LinkedIn study",Debby Carreau; Contributor,2019-03-08,CNBC,https://www.cnbc.com/2019/03/08/linkedin-study-reveals-why-men-are-more-likely-to-get-noticed-by-job-recruiters-than-women.html,0.0,c2b19306eae4859c3625.txt,e0bddd3610d6f852c859b44a8a7fc977a4e76d271fb2cf1a32ed2623618c055a
c2d21894a9bef1afe689,https://torontocentre.org/index.php?Itemid=99&id=33&option=com_content&view=article,2026-10-04T02:48:09.919583+00:00,torontocentre.org,False,http_error,403.0,https://torontocentre.org/index.php?Itemid=99&id=33&option=com_content&view=article,5852.0,not_extracted,0,0,,text/html; charset=UTF-8,,,,,,0.0,,
c2e5bbebb15177ec589e,https://ncd.gov/report/2023-progress-report-toward-economic-security-the-impact-of-income-and-asset-limits-on-people-with-disabilities,2026-10-04T02:48:10.192148+00:00,ncd.gov,True,downloaded,200.0,https://www.ncd.gov/report/2023-progress-report-toward-economic-security-the-impact-of-income-and-asset-limits-on-people-with-disabilities/,39835.0,success,3249,460,html,text/html; charset=utf-8,National Council on Disability | 2023 Progress Report: Toward Economic Security: The Impact of Income and Asset Limits on People with Disabilities,,2023-10-31,NatCounDis,https://www.ncd.gov/report/2023-progress-report-toward-economic-security-the-impact-of-income-and-asset-limits-on-people-with-disabilities/,0.0,c2e5bbebb15177ec589e.txt,1a0ed521cdafe750e33a0a861ddfd875b2249d6bbb7d6e313b6cce88676aae17
c35c4ee415e799cc1352,https://pmc.ncbi.nlm.nih.gov/articles/PMC13017733,2026-10-04T02:48:10.960575+00:00,nih.gov,True,downloaded,200.0,https://pmc.ncbi.nlm.nih.gov/articles/PMC13017733/,358831.0,success,113474,16350,html,text/html; charset=utf-8,Risk factors and circumstances associated with homelessness in older adults: a scoping review of quantitative and qualitative studies,Peter M Hoang; Rose A Samra; Courtney van Ballegooie; Colin R J Whaley; Yu Qing Huang; Moni Ghosh; Vanessa Duong; Kristina Kokorelias; Jillian Alston; Paula Rochon,2025-12-15,The Gerontologist,https://pmc.ncbi.nlm.nih.gov/articles/PMC13017733/,0.0,c35c4ee415e799cc1352.txt,5a99fa4b041ac1d26449b494d29193657d3db2811d542a0720b2d61549b4c32b
c378ab290784b331a1b6,https://sciencedirect.com/science/article/pii/S074937972500724X,2026-10-04T02:48:11.207985+00:00,sciencedirect.com,False,http_error,403.0,https://www.sciencedirect.com/science/article/pii/S074937972500724X,1207871.0,not_extracted,0,0,,text/html; charset=UTF-8,,,,,,0.0,,
c41167ac1c32495f7957,https://transequality.org/resources/know-your-rights-housing-and-homelessness,2026-10-04T02:48:11.876208+00:00,transequality.org,True,downloaded,200.0,https://transequality.org/resources/know-your-rights-housing-and-homelessness,117153.0,success,8918,1385,html,text/html; charset=UTF-8,Know Your Rights: Housing and Homelessness | A4TE,,2026-01-01,A4TE,https://transequality.org/resources/know-your-rights-housing-and-homelessness,0.0,c41167ac1c32495f7957.txt,eb2e3d71ed7a40793f9c4445a64c253fe5515975dbbe1b28c692b91d736efafc
c456b2b0275ce345b106,https://ballardbrief.byu.edu/issue-briefs/educational-disparities-among-racial-and-ethnic-minority-youth-in-the-united-states,2026-10-04T02:48:12.155264+00:00,byu.edu,True,downloaded,200.0,https://ballardbrief.byu.edu/issue-briefs/educational-disparities-among-racial-and-ethnic-minority-youth-in-the-united-states,422936.0,success,64425,9425,html,text/html;charset=utf-8,Educational Disparities among Racial and Ethnic Minority Youth in the Unites States - Ballard Brief,Lauren Bushnell,2021-05-11,The Ballard Center for Social Impact,https://ballardbrief.byu.edu/issue-briefs/educational-disparities-among-racial-and-ethnic-minority-youth-in-the-united-states,0.0,c456b2b0275ce345b106.txt,c7f573494782c1fc0e1d54f748f4d64bdc42685720ad1acffbfa08a6608c3e9d
c4998292997d409b465e,https://roblevine.com/faqs/what-conditions-automatically-qualify-you-for-disability,2026-10-04T02:48:12.237744+00:00,roblevine.com,True,downloaded,200.0,https://roblevine.com/faqs/what-conditions-automatically-qualify-you-for-disability/,940799.0,success,7828,1260,html,text/html; charset=UTF-8,Qualifying Conditions for SSDI Benefits | Rob Levine Law,,2026-09-30,Rob Levine Law,https://roblevine.com/faqs/what-conditions-automatically-qualify-you-for-disability/,0.0,c4998292997d409b465e.txt,76f5bb3c99ff7005ee2501441caf0c67df2439b48a974d77dc2ddf492e8f546b
c4aced9bce8ea74d5f6a,https://ic3movement.com/post/students-with-learning-disabilities-why-inclusion-must-go-beyond-access,2026-10-04T02:48:12.622647+00:00,ic3movement.com,True,downloaded,200.0,https://www.ic3movement.com/post/students-with-learning-disabilities-why-inclusion-must-go-beyond-access,39654.0,success,10654,1351,html,text/html; charset=utf-8,IC3 Movement | Students with Learning Disabilities: Why Inclusion Must Go Beyond Access,,2026-01-28,ic3movement.com,https://www.ic3movement.com/post/students-with-learning-disabilities-why-inclusion-must-go-beyond-access,0.0,c4aced9bce8ea74d5f6a.txt,e54fbc185ed1f5ef9a66eaa8e487eaf57fe492b4bbff7de57a2be5c895f69adf
c4b476e848e3c5962bfb,https://carleton.edu/accessibility-resources/newsletter/disability-and-homelessness-in-america,2026-10-04T02:48:12.968851+00:00,carleton.edu,True,downloaded,200.0,https://www.carleton.edu/accessibility-resources/newsletter/disability-and-homelessness-in-america/,127526.0,success,2504,378,html,text/html; charset=UTF-8,Disability and Homelessness in America - Carleton College,Accessibility Digest,2025-03-10,Accessibility Digest,https://www.carleton.edu/accessibility-resources/newsletter,0.0,c4b476e848e3c5962bfb.txt,965ee3a2db8d3a44361d8228b1fd1cedbb751f14cf0c90768d8219e4bf5e97a4
c4c0909074eaad74d2e2,https://sciencedirect.com/science/article/abs/pii/S0749379710001777,2026-10-04T02:48:14.384149+00:00,sciencedirect.com,False,http_error,403.0,https://www.sciencedirect.com/science/article/abs/pii/S0749379710001777,1207905.0,not_extracted,0,0,,text/html; charset=UTF-8,,,,,,0.0,,
c4d9ad77d1ed9496f620,https://rfi.global/breaking-barriers-the-banks-that-are-supporting-black-financial-inclusion,2026-10-04T02:48:15.647237+00:00,rfi.global,True,downloaded,200.0,https://rfi.global/breaking-barriers-the-banks-that-are-supporting-black-financial-inclusion/,412030.0,success,10043,1444,html,text/html; charset=UTF-8,Breaking barriers: The banks that are supporting Black financial inclusion,Luke Allchin,2025-02-11,RFI Global,https://rfi.global/breaking-barriers-the-banks-that-are-supporting-black-financial-inclusion/,0.0,c4d9ad77d1ed9496f620.txt,ea53997bee0e3096cefe4f4be829342353327c085372b6784ede82f6f880bbaa
c4e24e6347b9aa5690d9,https://providentcu.org/blog/news/5-key-factors-that-impact-your-credit-score,2026-10-04T02:48:16.481321+00:00,providentcu.org,False,http_error,403.0,https://providentcu.org/blog/news/5-key-factors-that-impact-your-credit-score,309.0,not_extracted,0,0,,text/html; charset=UTF-8,,,,,,0.0,,
c5289737e03e107c70a9,https://stopbullying.gov/bullying/special-needs,2026-10-04T02:48:16.500611+00:00,stopbullying.gov,False,http_error,403.0,https://www.stopbullying.gov/bullying/special-needs,404.0,not_extracted,0,0,,text/html,,,,,,0.0,,
c54cc39aed7d1b37afab,https://dl.acm.org/doi/full/10.1145/3769994.3770011,2026-10-04T02:48:19.624590+00:00,acm.org,False,http_error,403.0,https://dl.acm.org/doi/full/10.1145/3769994.3770011,5718.0,not_extracted,0,0,,text/html; charset=UTF-8,,,,,,0.0,,
c559804906d1da63be17,https://mecklenburghousingdata.org/frontpage-article/addressing-lgbtq-homelessness-challenges-disparities-and-promising-practices,2026-10-04T02:48:19.818127+00:00,mecklenburghousingdata.org,True,downloaded,200.0,https://mecklenburghousingdata.org/frontpage-article/addressing-lgbtq-homelessness-challenges-disparities-and-promising-practices/,172288.0,success,26094,3776,html,text/html; charset=UTF-8,"Addressing LGBTQ+ Homelessness: Challenges, Disparities, and Promising Practices - Mecklenburg County - Housing & Homelessness Dashboard",Cayce Jamil,2023-06-29,Mecklenburg County - Housing & Homelessness Dashboard - Mecklenburg County - Housing & Homelessness Dashboard,https://mecklenburghousingdata.org/frontpage-article/addressing-lgbtq-homelessness-challenges-disparities-and-promising-practices/,0.0,c559804906d1da63be17.txt,8ad09faf237b172fa56cfb0b495ce9d89c697fb534f1cf20c7dc84de099f943e
c5865be7505b8fb4bafe,https://pmc.ncbi.nlm.nih.gov/articles/PMC5836796,2026-10-04T02:48:20.271619+00:00,nih.gov,True,downloaded,200.0,https://pmc.ncbi.nlm.nih.gov/articles/PMC5836796,21367.0,success,131,18,html,text/html; charset=utf-8,Checking your browser,,2026-09-11,google.com,https://www.google.com/recaptcha/challengepage,0.0,c5865be7505b8fb4bafe.txt,a29166d0eaaa418bd5af61a282f1183a46c84c4d5e4c90689b1b452d230d05cc
c5a812a3efa9848ea59b,https://pmc.ncbi.nlm.nih.gov/articles/PMC5657251,2026-10-04T02:48:20.583879+00:00,nih.gov,True,downloaded,200.0,https://pmc.ncbi.nlm.nih.gov/articles/PMC5657251,21368.0,success,131,18,html,text/html; charset=utf-8,Checking your browser,,2026-09-11,google.com,https://www.google.com/recaptcha/challengepage,0.0,c5a812a3efa9848ea59b.txt,a29166d0eaaa418bd5af61a282f1183a46c84c4d5e4c90689b1b452d230d05cc
c5b6989467a64bb51fbf,https://ebsco.com/research-starters/politics-and-government/employment-among-latinos,2026-10-04T02:48:20.959001+00:00,ebsco.com,True,downloaded,200.0,https://www.ebsco.com/research-starters/politics-and-government/employment-among-latinos,141622.0,success,23781,3424,html,text/html,Employment among Latinos | Politics and Government | Research Starters | EBSCOhost,,2022-05-01,EBSCO,https://www.ebsco.com/,0.0,c5b6989467a64bb51fbf.txt,cd0f18a3ef2a5d94d90b65cffb9ec788bc1c0319808475c4529be089a26fe422
c5cbf1c018bc37adcb6b,https://aaidd.org/news-policy/policy/position-statements-2/housing,2026-10-04T02:48:22.355296+00:00,aaidd.org,True,downloaded,200.0,https://aaidd.org/news-policy/policy/position-statements-2/housing,49706.0,success,7594,1159,html,text/html; charset=utf-8,Housing,,2015-01-01,AAIDD_CMS,https://aaidd.org/news-policy/policy/position-statements-2/housing,0.0,c5cbf1c018bc37adcb6b.txt,6478c60b9610da62e7f788d8e2e25f7a01f306615582c16ce3fa8747b32393fe
c5f00e64a10726df6e0d,https://grants.gov/learn-grants/grant-eligibility,2026-10-04T02:48:23.527287+00:00,grants.gov,True,downloaded,200.0,https://grants.gov/learn-grants/grant-eligibility,52036.0,success,3285,475,html,text/html;charset=utf-8,Grant Eligibility,,2026-09-29,Grants.gov,https://grants.gov/learn-grants/grant-eligibility,0.0,c5f00e64a10726df6e0d.txt,29eb7bb66e9c79d0698f4c3aa4bac7e9c4cd9fdbde56b7fcfbe251b6f00f6d68
c605c43db3423bd3f043,https://opportunityhome.org/wp-content/uploads/2020/10/Final-Racial-Equity-Page-Fact-Sheet.pdf,2026-10-04T02:48:23.546472+00:00,opportunityhome.org,False,http_error,404.0,https://opportunityhome.org/wp-content/uploads/2020/10/Final-Racial-Equity-Page-Fact-Sheet.pdf,10.0,not_extracted,0,0,,text/plain; charset=utf-8,,,,,,0.0,,
c6064b35d5feb8b3e109,https://scholarworks.waldenu.edu/cgi/viewcontent.cgi?article=16615&context=dissertations,2026-10-04T02:48:23.625519+00:00,waldenu.edu,False,http_error,403.0,https://scholarworks.waldenu.edu/cgi/viewcontent.cgi?article=16615&context=dissertations,7455.0,not_extracted,0,0,,text/html; charset=UTF-8,,,,,,0.0,,
c61cf47861a5a09aa9b8,https://upistudy.com/blog/introduction-to-criminology/what-are-the-demographic-influences-on-crime,2026-10-04T02:48:23.630497+00:00,upistudy.com,True,downloaded,200.0,https://www.upistudy.com/blog/introduction-to-criminology/what-are-the-demographic-influences-on-crime,128993.0,success,15176,2355,html,text/html; charset=utf-8,What Are the Demographic Influences on Crime?,UPI Study Team,2026-08-18,UPI Study,https://www.upistudy.com/blog/introduction-to-criminology/what-are-the-demographic-influences-on-crime,0.0,c61cf47861a5a09aa9b8.txt,ab9091c63837d0d2d73ae83ad53b95084fa67281f57b6f0f428e322a3c770d12
c689c3dbc65a84639b02,https://google.com/goto?url=CAESWAHrOzAV2J3c-MnbZi7ioQN_AjdKDQmy9VTeGwztTzo__31ueVhcXu50mROjPxA26bA7ZFO5W4ESYn5K3fOLeTKAk6vndVFdW9rcB-lJr6hHUgi5-mBQ4z4,2026-10-04T02:48:24.006454+00:00,google.com,False,robots_disallowed,,https://google.com/goto?url=CAESWAHrOzAV2J3c-MnbZi7ioQN_AjdKDQmy9VTeGwztTzo__31ueVhcXu50mROjPxA26bA7ZFO5W4ESYn5K3fOLeTKAk6vndVFdW9rcB-lJr6hHUgi5-mBQ4z4,,not_extracted,0,0,,,,,,,,,,
c6d4ef26f2b276716b56,https://nelp.org/insights-research/why-women-need-a-stronger-unemployment-insurance-system,2026-10-04T02:48:24.006745+00:00,nelp.org,True,downloaded,200.0,https://www.nelp.org/insights-research/why-women-need-a-stronger-unemployment-insurance-system/,118336.0,success,51598,7067,html,text/html; charset=UTF-8,Why Women Need a Stronger Unemployment Insurance System - National Employment Law Project,Amy Traub,2026-05-13,National Employment Law Project,https://www.nelp.org/insights-research/why-women-need-a-stronger-unemployment-insurance-system/,0.0,c6d4ef26f2b276716b56.txt,fd3fdd2bb06e20cb5cd3fbff284cbccc9666c83f52e8a758ec8bf327040f9635
c726ad6eb55d8b943279,https://tandfonline.com/doi/full/10.1080/26895269.2026.2644589,2026-10-04T02:48:24.753007+00:00,tandfonline.com,False,http_error,403.0,https://tandfonline.com/doi/full/10.1080/26895269.2026.2644589,5805.0,not_extracted,0,0,,text/html; charset=UTF-8,,,,,,0.0,,
c773d4e08fa48337c774,https://wol.iza.org/articles/how-to-improve-participation-in-social-assistance-programs/long,2026-10-04T02:48:25.955623+00:00,iza.org,False,robots_disallowed,,https://wol.iza.org/articles/how-to-improve-participation-in-social-assistance-programs/long,,not_extracted,0,0,,,,,,,,,,
c7ef9a2f0dc0339859be,https://williamsinstitute.law.ucla.edu/publications/lgbt-workplace-discrimination,2026-10-04T02:48:26.847316+00:00,ucla.edu,True,downloaded,200.0,https://williamsinstitute.law.ucla.edu/publications/lgbt-workplace-discrimination/,129695.0,success,10726,1674,html,text/html; charset=UTF-8,LGBTQ People’s Experiences of Workplace Discrimination and Harassment,Loyal; Thisisloyal Com,2025-02-03,The Williams Institute at UCLA School of Law,https://williamsinstitute.law.ucla.edu/publications/lgbt-workplace-discrimination/,0.0,c7ef9a2f0dc0339859be.txt,656545e259ee668ae111b4cee38c19cc93367e81a2b459182bac510cf3a36fc3
c7f00d7bb67c0d98a48c,https://allsupemploymentservices.com/blog/overcoming-barriers-to-employment-with-disabilities,2026-10-04T02:48:27.047387+00:00,allsupemploymentservices.com,True,downloaded,200.0,https://www.allsupemploymentservices.com/blog/overcoming-barriers-to-employment-with-disabilities,111942.0,success,11417,1808,html,text/html; charset=utf-8,Overcoming Barriers To Employment With Disabilities,,2025-05-20,Overcoming Barriers To Employment With Disabilities,https://www.allsupemploymentservices.com/blog/overcoming-barriers-to-employment-with-disabilities,0.0,c7f00d7bb67c0d98a48c.txt,4481237bc16565105b1211002a5f4fc335cb7c6f6bf644a920ad9243623b3ca2
c82a33b24041f742beed,https://law.stanford.edu/wp-content/uploads/2024/06/2024-Bias-Criminal-Legal-System.pdf,2026-10-04T02:48:27.188996+00:00,stanford.edu,True,downloaded,200.0,https://law.stanford.edu/wp-content/uploads/2024/06/2024-Bias-Criminal-Legal-System.pdf,399242.0,success,51339,7182,pdf,application/pdf,,,,,,0.0,c82a33b24041f742beed.txt,73c8dfac660b7f7727429770aea9c82e4563162048fcc50222f588a558d82f4d
c849cb7c6183216bd141,https://justanswer.com/social-security/r71ud-disability-medical-waiver-deined-re-new.html,2026-10-04T02:48:27.209200+00:00,justanswer.com,False,http_error,403.0,https://www.justanswer.com/social-security/r71ud-disability-medical-waiver-deined-re-new.html,5862.0,not_extracted,0,0,,text/html; charset=UTF-8,,,,,,0.0,,
c8790fcbc603a7b1e461,https://cavignac.com/blog/risk-factors-for-harassment-in-the-workplace,2026-10-04T02:48:27.934830+00:00,cavignac.com,True,downloaded,200.0,https://cavignac.com/blog/risk-factors-for-harassment-in-the-workplace,183522.0,success,1828,281,html,text/html; charset=UTF-8,Risk Factors for Harassment in the Workplace - Cavignac,Diana Dix,2020-12-22,Cavignac,https://cavignac.com/blog/risk-factors-for-harassment-in-the-workplace/,0.0,c8790fcbc603a7b1e461.txt,bcf8a66940b88abf3ae11b6d728d7ae6623e1ebd6cbbd14f39ca38870c998055
c8847313a26f23c32591,https://cbpp.org/blog/more-frequent-medicaid-renewals-would-increase-errors-and-lead-eligible-people-to-lose-health,2026-10-04T02:48:28.045306+00:00,cbpp.org,False,http_error,403.0,https://cbpp.org/blog/more-frequent-medicaid-renewals-would-increase-errors-and-lead-eligible-people-to-lose-health,6158.0,not_extracted,0,0,,text/html; charset=UTF-8,,,,,,0.0,,
c8c84c25a46ca55711c2,https://youtube.com/watch?t=23s&v=09Ks_25Saao,2026-10-04T02:48:28.101040+00:00,youtube.com,True,downloaded,200.0,https://www.youtube.com/watch?t=23s&v=09Ks_25Saao,1321944.0,success,146,23,html,text/html; charset=utf-8,The Sociology of Sexual Harassment: Gender Dynamics at Work,,2024-08-20,YouTube,https://www.youtube.com/watch?v=09Ks_25Saao,0.0,c8c84c25a46ca55711c2.txt,8dbba17988e385133ba8f51d76cde1fc2c859262b666cb848e9cfe2478fd5e71
c8cc815b8b0f2b230563,https://elker.com/articles/5-risk-factors-for-sexual-harassment-in-the-workplace,2026-10-04T02:48:30.649870+00:00,elker.com,True,downloaded,200.0,https://elker.com/articles/5-risk-factors-for-sexual-harassment-in-the-workplace,122985.0,success,19101,2723,html,text/html; charset=utf-8,5 Risk Factors for Sexual Harassment in the Workplace | Elker,Elker Editorial Team Reviewed by Jack Murray Updated,2023-09-14,Elker Editorial Team,https://elker.com/articles/5-risk-factors-for-sexual-harassment-in-the-workplace,0.0,c8cc815b8b0f2b230563.txt,8a125129691798aac1455999fe735a3f434b734de576d022dcaa8a2bc2d68019
c8ddd91a04078e64f515,https://insidehighered.com/news/students/diversity/2024/10/23/latino-students-face-major-obstacles-while-college,2026-10-04T02:48:30.708574+00:00,insidehighered.com,True,downloaded,200.0,https://www.insidehighered.com/news/students/diversity/2024/10/23/latino-students-face-major-obstacles-while-college,153857.0,success,7047,1087,html,text/html; charset=UTF-8,Latino students face major obstacles while in college,Sara Weissman,2024-10-23,"Inside Higher Ed | Higher Education News, Events and Jobs",https://www.insidehighered.com/news/students/diversity/2024/10/23/latino-students-face-major-obstacles-while-college,0.0,c8ddd91a04078e64f515.txt,6f813b8702725ad1fc5449e8a4560aa0cebdf433d07ab6766d75843a8617875e
c90037f1d42eff2cc0f3,https://macfound.org/press/grantee-news/examining-the-justice-systems-impact-on-disabled-people,2026-10-04T02:48:31.131872+00:00,macfound.org,True,downloaded,200.0,https://www.macfound.org/press/grantee-news/examining-the-justice-systems-impact-on-disabled-people,95946.0,success,1409,205,html,text/html; charset=utf-8,Examining the Justice System’s Impact on Disabled People,,2025-07-17,MacArthur Foundation,https://www.macfound.org/press/grantee-news/examining-the-justice-systems-impact-on-disabled-people,0.0,c90037f1d42eff2cc0f3.txt,ab540954d10ba40c7815a23fbdabe97b79bd9ed7121d8515f072f5e579dcdc65
c92e31c335f926a63c42,https://nn4youth.org/learn/lgbtq-homeless-youth,2026-10-04T02:48:33.411548+00:00,nn4youth.org,True,downloaded,200.0,https://nn4youth.org/learn/lgbtq-homeless-youth/,165852.0,success,3215,467,html,text/html; charset=UTF-8,LGBTQ+ Youth Homelessness - National Network for Youth,Kaila Craw,2026-04-29,National Network for Youth,https://nn4youth.org/learn/lgbtq-homeless-youth/,0.0,c92e31c335f926a63c42.txt,05b9f16799133e98434fc510bdd2052bfda38920d2e1e9a2ff37e17b7a915cb5
c99473a015a6e9f04784,https://youtube.com/watch?t=339s&v=hC0ZgtIKe48,2026-10-04T02:48:34.449806+00:00,youtube.com,True,downloaded,200.0,https://www.youtube.com/watch?t=339s&v=hC0ZgtIKe48,1285232.0,success,146,23,html,text/html; charset=utf-8,Why Black Neighborhoods Have More Police Than Others,,2020-12-16,YouTube,https://www.youtube.com/watch?v=hC0ZgtIKe48,0.0,c99473a015a6e9f04784.txt,8dbba17988e385133ba8f51d76cde1fc2c859262b666cb848e9cfe2478fd5e71
c994b855a0e1ec20ec70,https://onpointcu.com/blog/lending-discrimination-part-1-what-you-need-to-know-about-credit-and-lending-discrimination,2026-10-04T02:48:34.717093+00:00,onpointcu.com,True,downloaded,200.0,https://www.onpointcu.com/blog/lending-discrimination-part-1-what-you-need-to-know-about-credit-and-lending-discrimination/,165188.0,success,6759,1002,html,text/html; charset=UTF-8,Lending discrimination part 1: what you need to know about credit and lending discrimination,,2023-02-28,OnPoint Community Credit Union,https://www.onpointcu.com/blog/lending-discrimination-part-1-what-you-need-to-know-about-credit-and-lending-discrimination/,0.0,c994b855a0e1ec20ec70.txt,2530470e183f83a0ffbc7bfdd6b32c8bc847026daabebb6f70c5b8fcc6768b23
c9b0a80b2900e9c4d501,https://onlinelibrary.wiley.com/doi/10.1111/jofi.13444,2026-10-04T02:48:34.906782+00:00,wiley.com,False,http_error,403.0,https://onlinelibrary.wiley.com/doi/10.1111/jofi.13444,5765.0,not_extracted,0,0,,text/html; charset=UTF-8,,,,,,0.0,,
ca27d95d77da8aa6397a,https://tcf.org/content/commentary/no-ramp-out-the-payday-loan-hole-of-the-disability-community,2026-10-04T02:48:35.356988+00:00,tcf.org,False,http_error,403.0,https://tcf.org/content/commentary/no-ramp-out-the-payday-loan-hole-of-the-disability-community,4857.0,not_extracted,0,0,,text/html; charset=UTF-8,,,,,,0.0,,
ca6e6e25d3dbdd873b33,https://pmc.ncbi.nlm.nih.gov/articles/PMC7899057,2026-10-04T02:48:37.832896+00:00,nih.gov,True,downloaded,200.0,https://pmc.ncbi.nlm.nih.gov/articles/PMC7899057/,162027.0,success,42604,5982,html,text/html; charset=utf-8,Orange is the New Asylum: Incarceration of Individuals with Disabilities,Becky Crowe; Christine Drew,2021-02-22,Behavior Analysis in Practice,https://pmc.ncbi.nlm.nih.gov/articles/PMC7899057/,0.0,ca6e6e25d3dbdd873b33.txt,d34599de30a78160939300d1d4258200fc194b816a1af55ea0c41326d689f4ce
ca8ded2b36e8717c5a5f,https://workforceedge.com/blog/creating-career-growth-opportunities-employees,2026-10-04T02:48:38.097508+00:00,workforceedge.com,True,downloaded,200.0,https://www.workforceedge.com/blog/creating-career-growth-opportunities-employees/,44172.0,success,13240,2025,html,text/html;charset=utf-8,Planning for Growth: How to Guide and Support Employee Development,,2025-01-10,Workforce Edge,https://www.workforceedge.com/blog/creating-career-growth-opportunities-employees/,0.0,ca8ded2b36e8717c5a5f.txt,cbed48d126e6eab6783bdba523d1936e9c5f6b0c285349f763c73225aa3af122
cab70c6cd5488a2612ee,https://upward-mobility.urban.org/framework/neighborhoods/stability,2026-10-04T02:48:38.694368+00:00,urban.org,False,http_error,403.0,https://upward-mobility.urban.org/framework/neighborhoods/stability,5792.0,not_extracted,0,0,,text/html; charset=UTF-8,,,,,,0.0,,
caba3dd1d554ce973c05,https://pmc.ncbi.nlm.nih.gov/articles/PMC8916710,2026-10-04T02:48:40.611763+00:00,nih.gov,True,downloaded,200.0,https://pmc.ncbi.nlm.nih.gov/articles/PMC8916710,21368.0,success,131,18,html,text/html; charset=utf-8,Checking your browser,,2026-09-11,google.com,https://www.google.com/recaptcha/challengepage,0.0,caba3dd1d554ce973c05.txt,a29166d0eaaa418bd5af61a282f1183a46c84c4d5e4c90689b1b452d230d05cc
cadc42db8e64b7667c9f,https://pmc.ncbi.nlm.nih.gov/articles/PMC11160937,2026-10-04T02:48:41.329602+00:00,nih.gov,True,downloaded,200.0,https://pmc.ncbi.nlm.nih.gov/articles/PMC11160937,21371.0,success,131,18,html,text/html; charset=utf-8,Checking your browser,,2026-09-11,google.com,https://www.google.com/recaptcha/challengepage,0.0,cadc42db8e64b7667c9f.txt,a29166d0eaaa418bd5af61a282f1183a46c84c4d5e4c90689b1b452d230d05cc
caf34933050d2fccae9f,https://opportunityhome.org/resources/racial-equity-housing,2026-10-04T02:48:41.379766+00:00,opportunityhome.org,False,http_error,404.0,https://opportunityhome.org/resources/racial-equity-housing,10.0,not_extracted,0,0,,text/plain; charset=utf-8,,,,,,0.0,,
caf483a71c18e008ff6e,https://files.eric.ed.gov/fulltext/EJ992995.pdf,2026-10-04T02:48:43.326851+00:00,ed.gov,True,downloaded,200.0,https://files.eric.ed.gov/fulltext/EJ992995.pdf,235558.0,success,34078,5021,pdf,application/pdf,,,,,,0.0,caf483a71c18e008ff6e.txt,34c90968469527d1e05750f114bc24281e7aaa672cacfc6e8c9fb357e9a0c844
cb3a903b7d785dfd740f,https://pmc.ncbi.nlm.nih.gov/articles/PMC12306465,2026-10-04T02:48:43.831864+00:00,nih.gov,True,downloaded,200.0,https://pmc.ncbi.nlm.nih.gov/articles/PMC12306465,21371.0,success,131,18,html,text/html; charset=utf-8,Checking your browser,,2026-09-11,google.com,https://www.google.com/recaptcha/challengepage,0.0,cb3a903b7d785dfd740f.txt,a29166d0eaaa418bd5af61a282f1183a46c84c4d5e4c90689b1b452d230d05cc
cb8a234f2713209a8b7d,https://congress.gov/crs-product/R45979,2026-10-04T02:48:44.573405+00:00,congress.gov,False,http_error,403.0,https://congress.gov/crs-product/R45979,5670.0,not_extracted,0,0,,text/html; charset=UTF-8,,,,,,0.0,,
cbb2f8b610e05d9599b2,https://ere.net/articles/ways-to-remove-barriers-to-hiring-people-with-disabilities,2026-10-04T02:48:44.856917+00:00,ere.net,True,downloaded,200.0,https://www.ere.net/articles/ways-to-remove-barriers-to-hiring-people-with-disabilities,136872.0,success,6493,1003,html,text/html; charset=utf-8,Ways to remove barriers to hiring people with disabilities | ERE,Authors; Darelyn-Pazdel; Darelyn Pazdel,2026-09-30,ERE,https://www.ere.net/articles/ways-to-remove-barriers-to-hiring-people-with-disabilities,0.0,cbb2f8b610e05d9599b2.txt,49f5ac90a63e2f62cf2d4eb73a1dca38034abd9e6c112686ecfe3eeb40ddf4a4
cbb39bedea470d911f4b,https://prisonpolicy.org/scans/LatinoReport_lowres_6.17.14.pdf,2026-10-04T02:48:44.904054+00:00,prisonpolicy.org,True,downloaded,200.0,https://www.prisonpolicy.org/scans/LatinoReport_lowres_6.17.14.pdf,2592187.0,success,96777,14778,pdf,application/pdf,,,,,,0.0,cbb39bedea470d911f4b.txt,14987bfce31161b7b18a8da62328f5f75763d3a041a2ca1242a48b108375b91b
cbda6e6175e872748898,https://youtube.com/watch?t=1s&v=-4EbTEjvQyw,2026-10-04T02:48:45.322885+00:00,youtube.com,True,downloaded,200.0,https://www.youtube.com/watch?t=1s&v=-4EbTEjvQyw,1172634.0,success,146,23,html,text/html; charset=utf-8,Schooled in racial bias: Unraveling harm in K-12 education,,2024-05-16,YouTube,https://www.youtube.com/watch?v=-4EbTEjvQyw,0.0,cbda6e6175e872748898.txt,8dbba17988e385133ba8f51d76cde1fc2c859262b666cb848e9cfe2478fd5e71
cbdd8c792afab59cfab3,https://highereddive.com/news/diversity-college-admissions-enrollment-nacac-2025/760807,2026-10-04T02:48:46.962005+00:00,highereddive.com,True,downloaded,200.0,https://www.highereddive.com/news/diversity-college-admissions-enrollment-nacac-2025/760807/,214705.0,success,7170,1120,html,text/html; charset=utf-8,Digging into diversity in college admissions,Ben Unglesbee,2025-09-23,Higher Ed Dive,https://www.highereddive.com/news/diversity-college-admissions-enrollment-nacac-2025/760807/,0.0,cbdd8c792afab59cfab3.txt,f675536d1064331092b4fed9d452de983f32293ab37abc2320ffe96972898818
cbe46fa6d95b06ea199e,https://insidehighered.com/news/student-success/health-wellness/2024/08/27/how-institutional-practices-can-impact-lgbtq,2026-10-04T02:48:47.058325+00:00,insidehighered.com,True,downloaded,200.0,https://www.insidehighered.com/news/student-success/health-wellness/2024/08/27/how-institutional-practices-can-impact-lgbtq,154018.0,success,5252,791,html,text/html; charset=UTF-8,How institutional practices can impact LGBTQ+ students,Ashley Mowreader,2024-08-27,"Inside Higher Ed | Higher Education News, Events and Jobs",https://www.insidehighered.com/news/student-success/health-wellness/2024/08/27/how-institutional-practices-can-impact-lgbtq,0.0,cbe46fa6d95b06ea199e.txt,4c1a280651820b1d060f54f35c5d8c53736370287f5fd9e7fe4e14967a2c1b66
cbfec3aaddcd0e700333,https://buckeyecu.org/the-role-of-black-credit-unions-in-financial-inclusion,2026-10-04T02:48:47.250239+00:00,buckeyecu.org,True,downloaded,200.0,https://www.buckeyecu.org/the-role-of-black-credit-unions-in-financial-inclusion/,107324.0,success,3288,449,html,text/html; charset=UTF-8,The Role of Black Credit Unions in Financial Inclusion,Buckeye State Credit Union,2025-02-05,Buckeye State Credit Union,https://www.buckeyecu.org/the-role-of-black-credit-unions-in-financial-inclusion/,0.0,cbfec3aaddcd0e700333.txt,06ab95dc98107af67bb3f26afe4e4f508f7cff0661dddc4baaa3ce9ec07e0a00
cc16118ebf03b332636d,https://youtube.com/watch?t=171s&v=XhZxwOdnzS4,2026-10-04T02:48:47.707063+00:00,youtube.com,True,downloaded,200.0,https://www.youtube.com/watch?t=171s&v=XhZxwOdnzS4,1254802.0,success,146,23,html,text/html; charset=utf-8,Sexual Orientation and Work,,2024-01-03,YouTube,https://www.youtube.com/watch?v=XhZxwOdnzS4,0.0,cc16118ebf03b332636d.txt,8dbba17988e385133ba8f51d76cde1fc2c859262b666cb848e9cfe2478fd5e71
cc9935f047eb7be51399,https://lse.ac.uk/research/research-for-the-world/society/tackling-school-bullying-mexico,2026-10-04T02:48:50.914050+00:00,lse.ac.uk,True,downloaded,200.0,https://www.lse.ac.uk/research/research-for-the-world/society/tackling-school-bullying-mexico,343676.0,success,9673,1497,html,text/html; charset=utf-8,Tackling school bullying: insights from Mexico I LSE Research,Kevin Zapata-Celestino LSE Fellow Department,2026-03-11,The London School of Economics and Political Science,https://www.lse.ac.uk/research/research-for-the-world/society/tackling-school-bullying-mexico,0.0,cc9935f047eb7be51399.txt,fd64fb216799f46abdf89e760bdf7d4548ce1472f071fc2097e037a102f4be6b
cca9bb423cebd81a0cfb,https://pointofpride.org/blog/new-executive-order-targets-transgender-and-non-binary-americans-what-you-need-to-know,2026-10-04T02:48:51.558807+00:00,pointofpride.org,True,downloaded,200.0,https://www.pointofpride.org/blog/new-executive-order-targets-transgender-and-non-binary-americans-what-you-need-to-know,116426.0,success,4962,738,html,text/html; charset=UTF-8,New Executive Order Targets Transgender and Non-Binary Americans: What You Need to Know,Point,2025-03-12,Point of Pride,https://www.pointofpride.org/blog/new-executive-order-targets-transgender-and-non-binary-americans-what-you-need-to-know,0.0,cca9bb423cebd81a0cfb.txt,3ca0aaf3ec4405d493f90a6acc384ec810ca7372790928252799838f0961071c
ccd779ecf2bb10969dd9,https://justia.com/employment/employment-discrimination/ethnicity-discrimination,2026-10-04T02:48:51.631342+00:00,justia.com,False,http_error,403.0,https://www.justia.com/employment/employment-discrimination/ethnicity-discrimination,5779.0,not_extracted,0,0,,text/html; charset=UTF-8,,,,,,0.0,,
ccd9104dbbc5ffcb0994,https://williamsinstitute.law.ucla.edu/press/trans-higher-ed-press-release,2026-10-04T02:48:52.150644+00:00,ucla.edu,True,downloaded,200.0,https://williamsinstitute.law.ucla.edu/press/trans-higher-ed-press-release/,107369.0,success,3494,546,html,text/html; charset=UTF-8,More than half of transgender students in higher education report poor mental health,Loyal; Thisisloyal Com,2022-04-28,The Williams Institute at UCLA School of Law,https://williamsinstitute.law.ucla.edu/press/trans-higher-ed-press-release/,0.0,ccd9104dbbc5ffcb0994.txt,b012081866bc9a20cdb32918b0d18d7f3530fa4a054235d87cc19e3d6892eb8a
cd0bba78df0ab533120f,https://plaid.com/resources/fintech/financial-inclusion,2026-10-04T02:48:52.550681+00:00,plaid.com,True,downloaded,200.0,https://plaid.com/resources/fintech/financial-inclusion/,196946.0,success,13873,2124,html,text/html,Financial inclusion: How fintech expands access to all | Plaid,Tom Sullivan,2022-10-03,Plaid,https://plaid.com/resources/fintech/financial-inclusion/,0.0,cd0bba78df0ab533120f.txt,cd5ac48d9f90e8429a1684c429daf8102ffb3c8fecf1ca302a3a712c7d8d0a26
cd0e184df8a4f9b4ae78,https://ebsco.com/research-starters/education/bullying-schools-overview,2026-10-04T02:48:52.664567+00:00,ebsco.com,True,downloaded,200.0,https://www.ebsco.com/research-starters/education/bullying-schools-overview,180062.0,success,37606,5575,html,text/html,Bullying in Schools: Overview | Education | Research Starters | EBSCOhost,,2024-05-10,EBSCO,https://www.ebsco.com/,0.0,cd0e184df8a4f9b4ae78.txt,170fb3e2c41a850858f81808a55e21910c80db081e1e74f5b774350c176d6e6d
cd3ad747b1007c7f2070,https://cgdev.org/blog/women-policymaking-why-it-matters,2026-10-04T02:48:53.345618+00:00,cgdev.org,False,http_error,403.0,https://cgdev.org/blog/women-policymaking-why-it-matters,5684.0,not_extracted,0,0,,text/html; charset=UTF-8,,,,,,0.0,,
cd461de5272cc0d1bc58,https://journals.sagepub.com/doi/10.1177/00187267261480591,2026-10-04T02:48:54.695409+00:00,sagepub.com,False,http_error,403.0,https://journals.sagepub.com/doi/10.1177/00187267261480591,5762.0,not_extracted,0,0,,text/html; charset=UTF-8,,,,,,0.0,,
cd62d53b42e0e49b13b8,https://pmc.ncbi.nlm.nih.gov/articles/PMC11817108,2026-10-04T02:48:54.743898+00:00,nih.gov,True,downloaded,200.0,https://pmc.ncbi.nlm.nih.gov/articles/PMC11817108,21371.0,success,131,18,html,text/html; charset=utf-8,Checking your browser,,2026-09-11,google.com,https://www.google.com/recaptcha/challengepage,0.0,cd62d53b42e0e49b13b8.txt,a29166d0eaaa418bd5af61a282f1183a46c84c4d5e4c90689b1b452d230d05cc
cda2990e50705c1f5abd,https://journals.sagepub.com/doi/10.1177/21533687251314137?int.sj-abstract.similar-articles.7=,2026-10-04T02:48:56.664562+00:00,sagepub.com,False,http_error,403.0,https://journals.sagepub.com/doi/10.1177/21533687251314137?int.sj-abstract.similar-articles.7=,5928.0,not_extracted,0,0,,text/html; charset=UTF-8,,,,,,0.0,,
cda4d5fd39f133b6d56e,https://kff.org/womens-health-policy/update-on-medicaid-coverage-of-gender-affirming-health-services,2026-10-04T02:48:57.088193+00:00,kff.org,True,downloaded,200.0,https://www.kff.org/womens-health-policy/update-on-medicaid-coverage-of-gender-affirming-health-services/,165895.0,success,15674,2278,html,text/html; charset=UTF-8,A Look at Medicaid Coverage of Gender-Affirming Health Services in 2021 | KFF,Ivette Gomez; Usha Ranji; Alina Salganicoff; Lindsey Dawson; Carrie Rosenzweig; Rebecca Kellenberg; Kathy Gifford,2022-10-11,"KFF - The independent source for health policy research, polling, and news",https://www.kff.org/womens-health-policy/update-on-medicaid-coverage-of-gender-affirming-health-services/,0.0,cda4d5fd39f133b6d56e.txt,7df58e423138e3d9bb7899f5696c5288d02affc820ff02289d03b6e023835058
cdd1e412b5a5c8846e32,https://wanderingeducators.com/intercultural-education/resources/educational-disparities-latino-students-us,2026-10-04T02:48:58.003020+00:00,wanderingeducators.com,True,downloaded,200.0,https://www.wanderingeducators.com/intercultural-education/resources/educational-disparities-latino-students-us,48719.0,success,10417,1413,html,text/html; charset=UTF-8,Educational Disparities Among Latino Students in the U.S.,Latinas,2024-11-01,Wandering Educators,https://www.wanderingeducators.com/intercultural-education/resources/educational-disparities-latino-students-us,0.0,cdd1e412b5a5c8846e32.txt,98b6272de45998fda43c802bd03c0a49f0838c562c65b50d33eb5b909d09bc22
cddef8c5ffafde5490cd,https://pmc.ncbi.nlm.nih.gov/articles/PMC12573526,2026-10-04T02:48:58.337032+00:00,nih.gov,True,downloaded,200.0,https://pmc.ncbi.nlm.nih.gov/articles/PMC12573526/,239129.0,success,75699,10640,html,text/html; charset=utf-8,The structural violence of cisgender norms: A participatory qualitative study of access to health and social welfare for older transgender women in Indonesia,Alegra Wolter; Benjamin Hegarty; Ika Susetyo; Lenny Sugiharto; Rully Mallay; Jaclyn Kaunang; Aditya Wardhana,2025-01-03,International Journal of Transgender Health,https://pmc.ncbi.nlm.nih.gov/articles/PMC12573526/,0.0,cddef8c5ffafde5490cd.txt,70be3d12791fdbfdd51263ee16c233541917a130fd8bd145e77b8a3bbba5852b
cde3aa13ded42d6cc27a,https://uscis.gov/save/benefit-and-license-applicants,2026-10-04T02:48:59.015238+00:00,uscis.gov,False,http_error,403.0,https://uscis.gov/save/benefit-and-license-applicants,408.0,not_extracted,0,0,,text/html,,,,,,0.0,,
cde7cf9684c78ec011e1,https://equity.army/financial-services,2026-10-04T02:48:59.110287+00:00,equity.army,True,downloaded,200.0,https://www.equity.army/financial-services,203172.0,success,12723,1827,html,text/html;charset=utf-8,Financial Services Inclusion Principles — EquityArmy,,2000-01-01,EquityArmy,https://www.equity.army/financial-services,0.0,cde7cf9684c78ec011e1.txt,fbe744ac9f58ad2253565a243d381106b111a34a3cc5040b9043867cc584fc0d
cdf2ff1088f1cbf3eb12,https://sciencedirect.com/science/article/pii/S2590291125006060?__cf_chl_rt_tk=eAaa8E26I1G3T_n7h4raEreOdOcbWY4VU0W8MtFp89s-1790903105-1.0.1.1-s1JgmSktNeYQ0mtUsyqXPTdxQ.0hPZP_IP2gwgejk8M,2026-10-04T02:48:59.714256+00:00,sciencedirect.com,False,http_error,403.0,https://www.sciencedirect.com/science/article/pii/S2590291125006060,1207849.0,not_extracted,0,0,,text/html; charset=UTF-8,,,,,,0.0,,
cdf598d0701336535025,https://richmondfed.org/publications/research/econ_focus/2022/q4_district_digest,2026-10-04T02:49:00.625250+00:00,richmondfed.org,True,downloaded,200.0,https://www.richmondfed.org/publications/research/econ_focus/2022/q4_district_digest,80740.0,success,17486,2758,html,text/html; charset=utf-8,Expanding Credit Access through Community Development Financial Institutions,Surekha Carpenter,2022-12-19,Richmondfed,https://www.richmondfed.org/publications/research/econ_focus/2022/q4_district_digest,0.0,cdf598d0701336535025.txt,f076e2602c83724a6cc184cc29e2c3c673c8586448b8982cbe8ea161625899f1
ce20ffdae2a53c621c4d,https://americanprogress.org/article/fact-sheet-protecting-advancing-health-care-transgender-adult-communities,2026-10-04T02:49:01.986772+00:00,americanprogress.org,False,http_error,403.0,https://www.americanprogress.org/article/fact-sheet-protecting-advancing-health-care-transgender-adult-communities,5914.0,not_extracted,0,0,,text/html; charset=UTF-8,,,,,,0.0,,
ce5ff1a3c2f8b5f18a9c,https://endhomelessness.org/resources/research-and-analysis/housing-instability-among-gender-expansive-people-and-paths-forward,2026-10-04T02:49:02.172410+00:00,endhomelessness.org,True,downloaded,200.0,https://endhomelessness.org/resources/research-and-analysis/housing-instability-among-gender-expansive-people-and-paths-forward,355427.0,success,9317,1314,html,text/html; charset=UTF-8,Housing Instability Among Gender-Expansive People and Paths Forward,Daniel Soucy,2025-06-03,National Alliance to End Homelessness,https://endhomelessness.org/resources/research-and-analysis/housing-instability-among-gender-expansive-people-and-paths-forward/,0.0,ce5ff1a3c2f8b5f18a9c.txt,838cc3efa87c01f108aa80c84fcdf11938eb9e5739bb19b3c5432b897b88a190
ceaae4f8b0c7affb4b99,https://onlinelibrary.wiley.com/doi/10.1111/puar.13497,2026-10-04T02:49:04.935568+00:00,wiley.com,False,http_error,403.0,https://onlinelibrary.wiley.com/doi/10.1111/puar.13497,5765.0,not_extracted,0,0,,text/html; charset=UTF-8,,,,,,0.0,,
ceed92ed77c30d9ea473,https://patientsafetylearning.org/blog/womens-health-and-patient-safety-accelerating-action-in-four-key-areas,2026-10-04T02:49:04.987454+00:00,patientsafetylearning.org,True,downloaded,200.0,https://www.patientsafetylearning.org/blog/womens-health-and-patient-safety-accelerating-action-in-four-key-areas,49139.0,success,12409,1955,html,text/html; charset=UTF-8,Women's health and patient safety: accelerating action,,2025-03-03,Patient Safety Learning,https://www.patientsafetylearning.org/blog/womens-health-and-patient-safety-accelerating-action-in-four-key-areas,0.0,ceed92ed77c30d9ea473.txt,72a9ecd5a43132df4b9d49d27267a71c337520070e22e3393176660272be635c
cef035ad45aaba1c01db,https://mayfieldis.com/blogs/factors-that-influence-health-insurance-premiums,2026-10-04T02:49:05.151421+00:00,mayfieldis.com,True,downloaded,200.0,https://www.mayfieldis.com/blogs/factors-that-influence-health-insurance-premiums,117283.0,success,4023,587,html,text/html;charset=utf-8,Mayfield & Associates | Gulfport Insurance & Benefits,,2025-02-19,mayfieldis.com,https://www.mayfieldis.com/blogs/factors-that-influence-health-insurance-premiums,0.0,cef035ad45aaba1c01db.txt,6795313d779aa327de7b66cb5158bf6972e0e7cc220bf9bf727dbfb7a15ff612
cf1fe57adb31f65a2c38,https://census.gov/newsroom/blogs/random-samplings/2015/09/another-difference-between-the-sexes-health-insurance-coverage-3.html,2026-10-04T02:49:05.805564+00:00,census.gov,True,downloaded,200.0,https://www.census.gov/newsroom/blogs/random-samplings/2015/09/another-difference-between-the-sexes-health-insurance-coverage-3.html,345518.0,success,2143,349,html,text/html; charset=UTF-8,Another Difference Between the Sexes - Health Insurance Coverage,US Census Bureau,2015-09-16,Census.gov,https://www.census.gov/newsroom/blogs/random-samplings/2015/09/another-difference-between-the-sexes-health-insurance-coverage-3.html,0.0,cf1fe57adb31f65a2c38.txt,d79ae6b42c3b50f2af7f6f21357e276f62f010050e2aadcc072562a958bac386
cf4634cb4263facaa3e2,https://kff.org/uninsured/characteristics-of-remaining-uninsured-men-and-potential-strategies-to-reach-and-enroll-them-in-health-coverage,2026-10-04T02:49:05.813611+00:00,kff.org,True,downloaded,200.0,https://www.kff.org/uninsured/characteristics-of-remaining-uninsured-men-and-potential-strategies-to-reach-and-enroll-them-in-health-coverage/,155187.0,success,22344,3624,html,text/html; charset=UTF-8,Characteristics of Remaining Uninsured Men and Potential Strategies to Reach and Enroll them in Health Coverage | KFF,Elizabeth Hinton; Samantha Artiga,2016-04-14,"KFF - The independent source for health policy research, polling, and news",https://www.kff.org/uninsured/characteristics-of-remaining-uninsured-men-and-potential-strategies-to-reach-and-enroll-them-in-health-coverage/,0.0,cf4634cb4263facaa3e2.txt,83587b9e5b679a972c2300e66aea49c8c19a737a9ab558e269c39ad1f67ad50a
cf6e50ed8ab733829e10,https://digitalcommons.liberty.edu/cgi/viewcontent.cgi?article=8700&context=doctoral,2026-10-04T02:49:05.934062+00:00,liberty.edu,False,http_error,403.0,https://digitalcommons.liberty.edu/cgi/viewcontent.cgi?article=8700&context=doctoral,5807.0,not_extracted,0,0,,text/html; charset=UTF-8,,,,,,0.0,,
cfa5b8762afbcf250fc8,https://tcf.org/content/report/advancing-health-equity-for-black-communities-through-insurance-reform,2026-10-04T02:49:07.097547+00:00,tcf.org,False,http_error,403.0,https://tcf.org/content/report/advancing-health-equity-for-black-communities-through-insurance-reform,4857.0,not_extracted,0,0,,text/html; charset=UTF-8,,,,,,0.0,,
cfac0b7c1daa05d5c865,https://pmc.ncbi.nlm.nih.gov/articles/PMC11196069,2026-10-04T02:49:07.154406+00:00,nih.gov,True,downloaded,200.0,https://pmc.ncbi.nlm.nih.gov/articles/PMC11196069/,195124.0,success,31550,5444,html,text/html; charset=utf-8,"Police and Transgender and Gender Diverse People in the United States: A Brief Note on Interaction, Harassment, and Violence",Madeline R Stenersen; Kathryn Thomas; Sherry McKee,2022-02-08,Journal of interpersonal violence,https://pmc.ncbi.nlm.nih.gov/articles/PMC11196069/,0.0,cfac0b7c1daa05d5c865.txt,a8e86f4f9936b496a9d0b6f695d7a65e309e5a311c92a8466c83cc4467cd1a5f
d02fec0d45ede1aebf9b,https://cbpp.org/research/health/using-snap-data-for-medicaid-renewals-can-keep-eligible-beneficiaries-enrolled,2026-10-04T02:49:08.509802+00:00,cbpp.org,False,http_error,403.0,https://cbpp.org/research/health/using-snap-data-for-medicaid-renewals-can-keep-eligible-beneficiaries-enrolled,6158.0,not_extracted,0,0,,text/html; charset=UTF-8,,,,,,0.0,,
d0535f747cd36a56b206,https://psnet.ahrq.gov/perspective/ensuring-patient-and-workforce-safety-culture-healthcare,2026-10-04T02:49:09.485269+00:00,ahrq.gov,False,http_error,403.0,https://psnet.ahrq.gov/perspective/ensuring-patient-and-workforce-safety-culture-healthcare,986.0,not_extracted,0,0,,text/html,,,,,,0.0,,
d07b1dc58fe64c76c317,https://csgjusticecenter.org/2021/10/12/how-are-hispanic-individuals-represented-in-the-criminal-justice-system,2026-10-04T02:49:10.827940+00:00,csgjusticecenter.org,True,downloaded,200.0,https://csgjusticecenter.org/2021/10/12/how-are-hispanic-individuals-represented-in-the-criminal-justice-system/,286010.0,success,4797,715,html,text/html; charset=UTF-8,How Are Hispanic Individuals Represented in the Criminal Justice System?,Amelia Vorpahl,2021-10-12,CSG Justice Center,https://csgjusticecenter.org/2021/10/12/how-are-hispanic-individuals-represented-in-the-criminal-justice-system/,0.0,d07b1dc58fe64c76c317.txt,47fdb83fb97a47fe53d45202dc6df9a95126c920bacb99bf09327632ed1900e0
d08871979fe50398d067,https://digitalcommons.calpoly.edu/cgi/viewcontent.cgi?article=1010&context=coe_dean,2026-10-04T02:49:11.584803+00:00,calpoly.edu,False,http_error,403.0,https://digitalcommons.calpoly.edu/cgi/viewcontent.cgi?article=1010&context=coe_dean,5807.0,not_extracted,0,0,,text/html; charset=UTF-8,,,,,,0.0,,
d0a2e47b781a5510d7c7,https://sentencingproject.org/policy-brief/incarcerated-lgbtq-adults-and-youth,2026-10-04T02:49:11.587673+00:00,sentencingproject.org,True,downloaded,200.0,https://www.sentencingproject.org/policy-brief/incarcerated-lgbtq-adults-and-youth/,83150.0,success,2725,378,html,text/html; charset=UTF-8,Incarcerated LGBTQ+ Adults and Youth – The Sentencing Project,Nazgol Ghandnoosh; Ph D; Emma Stammen,2022-06-09,The Sentencing Project,https://www.sentencingproject.org/policy-brief/incarcerated-lgbtq-adults-and-youth/,0.0,d0a2e47b781a5510d7c7.txt,2b42784ede3e4e22b06344e9800a8842ff84ae779df42b1aef7a14dd21509759
d0a550a68fecf7fca168,https://journals.sagepub.com/doi/10.1177/02724316221142247,2026-10-04T02:49:12.814632+00:00,sagepub.com,False,http_error,403.0,https://journals.sagepub.com/doi/10.1177/02724316221142247,5762.0,not_extracted,0,0,,text/html; charset=UTF-8,,,,,,0.0,,
d0c113489cd66524d2ab,https://floridacollegeaccess.org/research-and-policy/targeted-supports-help-latino-students-in-college-according-to-new-report-from-unidos-us,2026-10-04T02:49:13.471151+00:00,floridacollegeaccess.org,True,downloaded,200.0,https://floridacollegeaccess.org/research-and-policy/targeted-supports-help-latino-students-in-college-according-to-new-report-from-unidos-us/,283095.0,success,7313,1116,html,text/html; charset=UTF-8,"Targeted supports help Latino students in college, according to new report from UNIDOS US - Florida College Access Network",Admin,2020-09-29,Florida College Access Network,https://floridacollegeaccess.org/research-and-policy/targeted-supports-help-latino-students-in-college-according-to-new-report-from-unidos-us/,0.0,d0c113489cd66524d2ab.txt,043a6c44195abd8c6d54ab79931b2f611685fcf84363a0c5ca9df48a0063f3fb
d10e720158b5e90d7a3f,https://pmc.ncbi.nlm.nih.gov/articles/PMC6290583,2026-10-04T02:49:13.525092+00:00,nih.gov,True,downloaded,200.0,https://pmc.ncbi.nlm.nih.gov/articles/PMC6290583,21367.0,success,131,18,html,text/html; charset=utf-8,Checking your browser,,2026-09-11,google.com,https://www.google.com/recaptcha/challengepage,0.0,d10e720158b5e90d7a3f.txt,a29166d0eaaa418bd5af61a282f1183a46c84c4d5e4c90689b1b452d230d05cc
d113853cc47464af7204,https://williamsinstitute.law.ucla.edu/press/latinx-workplace-press-release,2026-10-04T02:49:13.882042+00:00,ucla.edu,True,downloaded,200.0,https://williamsinstitute.law.ucla.edu/press/latinx-workplace-press-release/,103736.0,success,3341,514,html,text/html; charset=UTF-8,More than half of Latinx LGBTQ employees in the US have experienced discrimination or harassment at work,Loyal; Thisisloyal Com,2024-10-10,The Williams Institute at UCLA School of Law,https://williamsinstitute.law.ucla.edu/press/latinx-workplace-press-release/,0.0,d113853cc47464af7204.txt,15c02da440a0fba9d85065063918537bb660affcfd40710a16f1ae66097e6a7e
d12390b1f7670e51c087,https://pmc.ncbi.nlm.nih.gov/articles/PMC12274773,2026-10-04T02:49:14.856782+00:00,nih.gov,True,downloaded,200.0,https://pmc.ncbi.nlm.nih.gov/articles/PMC12274773,21371.0,success,131,18,html,text/html; charset=utf-8,Checking your browser,,2026-09-11,google.com,https://www.google.com/recaptcha/challengepage,0.0,d12390b1f7670e51c087.txt,a29166d0eaaa418bd5af61a282f1183a46c84c4d5e4c90689b1b452d230d05cc
d172ba666565b5ea7b41,https://aclrc.com/education-programs/resources-for-teachers/bullying/bullying-and-lgbt-students,2026-10-04T02:49:14.956681+00:00,aclrc.com,True,downloaded,200.0,https://www.aclrc.com/education-programs/resources-for-teachers/bullying/bullying-and-lgbt-students,27709.0,success,23098,930,html,text/html; charset=UTF-8,,,,,,0.0,d172ba666565b5ea7b41.txt,d4ee09527eb5426d0447cdf118954e485ae79a8342fc718cd1f691d23159c43b
d1890756a60b73ad1abd,https://ama-assn.org/system/files/transgender-coverage-issue-brief.pdf,2026-10-04T02:49:15.069099+00:00,ama-assn.org,False,http_error,403.0,https://www.ama-assn.org/system/files/transgender-coverage-issue-brief.pdf,4549.0,not_extracted,0,0,,text/html; charset=UTF-8,,,,,,0.0,,
d18a130a1e025c5d6ac2,https://jennifertardy.com/linkedin-newsletter-articles/four-barriers-to-equal-representation-for-hispanic-workers-in-us,2026-10-04T02:49:15.128902+00:00,jennifertardy.com,True,downloaded,200.0,https://www.jennifertardy.com/linkedin-newsletter-articles/four-barriers-to-equal-representation-for-hispanic-workers-in-us,166259.0,success,7705,1162,html,text/html;charset=utf-8,Four Barriers to Equal Representation for Hispanic Workers in the US — Jennifer Tardy Consulting - Diversity Recruiting Expert + Career Coach,Jennifer Tardy,2023-09-14,Jennifer Tardy Consulting - Diversity Recruiting Expert + Career Coach,https://www.jennifertardy.com/linkedin-newsletter-articles/four-barriers-to-equal-representation-for-hispanic-workers-in-us,0.0,d18a130a1e025c5d6ac2.txt,a106c5fb5822f3579ee82d130fe0860b83e592a245337c5b88a4e20f18c73d92
d1a1e7ff99a19c783f27,https://hrc.org/resources/transitioning-in-the-workplace-a-guide-for-trans-employees,2026-10-04T02:49:15.495287+00:00,hrc.org,True,downloaded,200.0,https://www.hrc.org/resources/transitioning-in-the-workplace-a-guide-for-trans-employees,120578.0,success,9981,1415,html,text/html; charset=UTF-8,Transitioning in the Workplace: A Guide for Trans Employees,,2023-05-01,Transitioning in the Workplace: A Guide for Trans Employees,https://www.hrc.org/resources/transitioning-in-the-workplace-a-guide-for-trans-employees,0.0,d1a1e7ff99a19c783f27.txt,0fb6faf5a2af01804076dc7e1856260d98f4f9424c4ce7ed925f7b1e63c93add
d1ab963fa1d1040ccb20,https://cbpp.org/research/streamlining-and-coordinating-benefit-programs-application-procedures,2026-10-04T02:49:15.868996+00:00,cbpp.org,False,http_error,403.0,https://cbpp.org/research/streamlining-and-coordinating-benefit-programs-application-procedures,6157.0,not_extracted,0,0,,text/html; charset=UTF-8,,,,,,0.0,,
d238c748ad89db5af572,https://sjcexchange.org/HigherLogic/Security/ScheduledForDeletion.aspx,2026-10-04T02:49:15.927756+00:00,sjcexchange.org,False,robots_disallowed,,https://sjcexchange.org/HigherLogic/Security/ScheduledForDeletion.aspx,,not_extracted,0,0,,,,,,,,,,
d27c8750ae3d8e513f78,https://fahe.org/the-benefits-cliff-eliminating-barriers-to-transitioning-off-public-benefits,2026-10-04T02:49:16.750687+00:00,fahe.org,False,http_error,403.0,https://fahe.org/the-benefits-cliff-eliminating-barriers-to-transitioning-off-public-benefits,5861.0,not_extracted,0,0,,text/html; charset=UTF-8,,,,,,0.0,,
d2954b9ed58d0f0ff7db,https://mapresearch.org/equality-map/medicaid-coverage-of-transgender-related-health-care,2026-10-04T02:49:18.172908+00:00,mapresearch.org,True,downloaded,200.0,https://mapresearch.org/equality-map/medicaid-coverage-of-transgender-related-health-care,458379.0,success,14237,1107,html,text/html; charset=UTF-8,Medicaid Coverage of Transgender-Related Health Care - Movement Advancement Project,,2026-07-13,Movement Advancement Project,https://mapresearch.org/equality-map/medicaid-coverage-of-transgender-related-health-care/,0.0,d2954b9ed58d0f0ff7db.txt,5855025f38fbe6b9c7a6819a6dd03617f17bb3cb50f74cffcc7a72b60ce50149
d2b0472c079a116df699,https://housingup.org/2025/02/26/racism-and-homelessness,2026-10-04T02:49:19.102515+00:00,housingup.org,True,downloaded,200.0,http://housingup.org/2025/02/26/racism-and-homelessness/,63482.0,success,9907,1453,html,text/html; charset=UTF-8,Racism and Homelessness - Housing Up,Sarah Jaleel,2025-02-26,Housing Up,https://housingup.org/2025/02/26/racism-and-homelessness/,0.0,d2b0472c079a116df699.txt,69d8cdb1e2212cf5050a9adf941227a4bc3685dcc9e0a03d9c1b11b5496b3879
d2ca68f23ead6fa5fb5b,https://aecf.org/resources/improving-access-to-public-benefits,2026-10-04T02:49:19.689082+00:00,aecf.org,False,http_error,403.0,https://www.aecf.org/resources/improving-access-to-public-benefits,5708.0,not_extracted,0,0,,text/html; charset=UTF-8,,,,,,0.0,,
d2d2f98d9fee8c4598fb,https://pmc.ncbi.nlm.nih.gov/articles/PMC10953678,2026-10-04T02:49:19.906674+00:00,nih.gov,True,downloaded,200.0,https://pmc.ncbi.nlm.nih.gov/articles/PMC10953678,21367.0,success,131,18,html,text/html; charset=utf-8,Checking your browser,,2026-09-11,google.com,https://www.google.com/recaptcha/challengepage,0.0,d2d2f98d9fee8c4598fb.txt,a29166d0eaaa418bd5af61a282f1183a46c84c4d5e4c90689b1b452d230d05cc
d2df805a2e846a8b0ce0,https://naacp.org/resources/criminal-justice-fact-sheet,2026-10-04T02:49:22.475935+00:00,naacp.org,True,downloaded,200.0,https://naacp.org/resources/criminal-justice-fact-sheet,144328.0,success,15053,2474,html,text/html; charset=utf-8,Criminal Justice Fact Sheet,,2021-05-24,NAACP,https://naacp.org/resources/criminal-justice-fact-sheet,0.0,d2df805a2e846a8b0ce0.txt,8c076f070299ce67a654c2d165613b91a8550cb973de087b85c7e1362898b5d7
d2fd709bf244948dae97,https://worldebhcday.org/blog/2023/ethnic-and-racial-disparities-and-patient-safety,2026-10-04T02:49:23.144814+00:00,worldebhcday.org,True,downloaded,200.0,https://worldebhcday.org/blog/2023/ethnic-and-racial-disparities-and-patient-safety,31582.0,success,6841,992,html,text/html; charset=utf-8,Ethnic and racial disparities and patient safety,Prof Maristela Martins,2023-10-10,worldebhcday.org,https://worldebhcday.org/blog/2023/ethnic-and-racial-disparities-and-patient-safety,0.0,d2fd709bf244948dae97.txt,f0bcdf713a54a13c662b9755b698b6970045dc51cab1f59c61662b86745c1440
d37c184949d55e0901a1,https://pmc.ncbi.nlm.nih.gov/articles/PMC11148781,2026-10-04T02:49:23.727386+00:00,nih.gov,True,downloaded,200.0,https://pmc.ncbi.nlm.nih.gov/articles/PMC11148781,21371.0,success,131,18,html,text/html; charset=utf-8,Checking your browser,,2026-09-11,google.com,https://www.google.com/recaptcha/challengepage,0.0,d37c184949d55e0901a1.txt,a29166d0eaaa418bd5af61a282f1183a46c84c4d5e4c90689b1b452d230d05cc
d3957e808a99d7ffee84,https://homelesshub.ca/blog/2023/five-arguments-trans-inclusion-homelessness-sector,2026-10-04T02:49:23.840189+00:00,homelesshub.ca,False,http_error,403.0,https://homelesshub.ca/blog/2023/five-arguments-trans-inclusion-homelessness-sector,52.0,not_extracted,0,0,,text/html,,,,,,0.0,,
d39f83c7a4b080199cc1,https://en.wikipedia.org/wiki/Unbanked,2026-10-04T02:49:25.068167+00:00,wikipedia.org,True,downloaded,200.0,https://en.wikipedia.org/wiki/Unbanked,134195.0,success,9984,1641,html,text/html; charset=UTF-8,Unbanked - Wikipedia,,2009-02-22,"Wikimedia Foundation, Inc.",https://en.wikipedia.org/wiki/Unbanked,0.0,d39f83c7a4b080199cc1.txt,2444007749fe97523dbf9afeeef1b08fd2c3fe3a5e025c00a55ac8da0a3d4985
d3b551b592df7267acb4,https://bofcu.com/unlocking-opportunities-understanding-the-impact-of-credit-scores-on-loan-approvals,2026-10-04T02:49:25.567661+00:00,bofcu.com,True,downloaded,200.0,https://www.bofcu.com/unlocking-opportunities-understanding-the-impact-of-credit-scores-on-loan-approvals/,168373.0,success,3193,493,html,text/html; charset=UTF-8,Unlocking Opportunities: Understanding the Impact of Credit Scores on Loan Approvals - Bridgeton Onized Federal Credit Union,Dexter Ochoa,2024-04-22,Bridgeton Onized Federal Credit Union,https://www.bofcu.com/unlocking-opportunities-understanding-the-impact-of-credit-scores-on-loan-approvals/,0.0,d3b551b592df7267acb4.txt,eba9db7ace3136d65b4d805113118e6e9e4b86958dc1a11767e6ae8231340101
d43d78784f177271346d,https://researchgate.net/publication/247748498_Predictors_of_the_Police_Use_of_Force_The_Application_of_a_Continuum_Perspective_in_Phoenix,2026-10-04T02:49:26.650440+00:00,researchgate.net,False,http_error,403.0,https://www.researchgate.net/publication/247748498_Predictors_of_the_Police_Use_of_Force_The_Application_of_a_Continuum_Perspective_in_Phoenix,21138.0,not_extracted,0,0,,text/html; charset=UTF-8,,,,,,0.0,,
d44c7238be804aad7a7c,https://housingvisions.org/lgbtq-and-fair-housing,2026-10-04T02:49:26.963593+00:00,housingvisions.org,True,downloaded,200.0,https://www.housingvisions.org/lgbtq-and-fair-housing/,57274.0,success,4106,639,html,text/html; charset=UTF-8,LGBTQ+ and Fair Housing | Housing Visions,,2023-06-20,Housing Visions,https://www.housingvisions.org/lgbtq-and-fair-housing/,0.0,d44c7238be804aad7a7c.txt,559915bba337b73f33e2e1a4ef1d02810fc9a54b6d1665257a057336c23b8f0c
d4517863e07a363b01fe,https://otda.ny.gov/programs/snap,2026-10-04T02:49:27.465148+00:00,ny.gov,False,curl_error,0.0,https://otda.ny.gov/programs/snap,,not_extracted,0,0,,,,,,,,56.0,,
d494cc4b4b8944d9ac6c,https://pmc.ncbi.nlm.nih.gov/articles/PMC10820636,2026-10-04T02:49:28.989071+00:00,nih.gov,True,downloaded,200.0,https://pmc.ncbi.nlm.nih.gov/articles/PMC10820636/,224880.0,success,52287,8013,html,text/html; charset=utf-8,How economic development affects healthcare access for people with disabilities: A multilevel study in China,Hongchuan Wang; Zhe Chen; Zhihui Li; Xiaofeng He; SV Subramanian,2023-12-28,SSM - Population Health,https://pmc.ncbi.nlm.nih.gov/articles/PMC10820636/,0.0,d494cc4b4b8944d9ac6c.txt,c04487e365956a87c040144b41700c8d05be9bfbda9737b2e604d4d410d3565d
d4b2ed9143a0c4445638,https://sciencedirect.com/science/article/abs/pii/S0149718918303823,2026-10-04T02:49:29.730102+00:00,sciencedirect.com,False,http_error,403.0,https://www.sciencedirect.com/science/article/abs/pii/S0149718918303823,1207905.0,not_extracted,0,0,,text/html; charset=UTF-8,,,,,,0.0,,
d4ba29bad9fb86cb87fd,https://tandfonline.com/doi/abs/10.2147/RMHP.S497337,2026-10-04T02:49:29.803699+00:00,tandfonline.com,False,http_error,403.0,https://tandfonline.com/doi/abs/10.2147/RMHP.S497337,5753.0,not_extracted,0,0,,text/html; charset=UTF-8,,,,,,0.0,,
d4ea576f15f77f11d140,https://share.google/mjqnOrCFpIb7oft39,2026-10-04T02:49:29.877393+00:00,share.google,True,downloaded,200.0,https://www.ncbi.nlm.nih.gov/sites/books/NBK19909/,183595.0,success,85652,12512,html,text/html; charset=UTF-8,Barriers to Educational Opportunities for Hispanics in the United States,Barbara Schhneider; Sylvia Martinez; Ann Ownes,2004-03-15,National Academies Press (US),https://www.ncbi.nlm.nih.gov/sites/books/NBK19909/,0.0,d4ea576f15f77f11d140.txt,5ba6081bd3e2d7566966db89e62c5aa28e759150978b8384446d31333fd0369f
d4f5913412b9f4dd4108,https://sciencedirect.com/science/article/abs/pii/S1359178920301452,2026-10-04T02:49:30.651266+00:00,sciencedirect.com,False,http_error,403.0,https://www.sciencedirect.com/science/article/abs/pii/S1359178920301452,1207905.0,not_extracted,0,0,,text/html; charset=UTF-8,,,,,,0.0,,
d54c153228ecf66fdb6e,https://applerouth.com/blog/troubling-gender-gaps-in-education,2026-10-04T02:49:31.883045+00:00,applerouth.com,True,downloaded,200.0,https://www.applerouth.com/blog/troubling-gender-gaps-in-education,128686.0,success,13249,2034,html,text/html; charset=utf-8,Troubling Gender Gaps in Education,Jed Applerouth; PhD,2024-04-29,applerouth.com,https://www.applerouth.com/blog/troubling-gender-gaps-in-education,0.0,d54c153228ecf66fdb6e.txt,ef06e39f7bc1192c47465698fcdc412417ad87d1d5b9705d25604f7f61d4bc06
d5535efa852f5ee7e3ea,https://hope.temple.edu/newsroom/hope-blog/securing-basic-needs-transgender-students,2026-10-04T02:49:31.928040+00:00,temple.edu,True,downloaded,200.0,https://hope.temple.edu/newsroom/hope-blog/securing-basic-needs-transgender-students,84425.0,success,12428,1871,html,text/html; charset=UTF-8,Securing the Basic Needs of Transgender Students,,2023-03-13,The Hope Center for Student Basic Needs,https://hope.temple.edu/newsroom/hope-blog/securing-basic-needs-transgender-students,0.0,d5535efa852f5ee7e3ea.txt,82854f52180fbebbc154b6e9049f1ff704a1eba6d5b3212885802342507fb8af
d5698368efb41b6e0130,https://prostaffworkforce.com/8-influences-that-impact-a-candidates-decision-to-accept-a-job,2026-10-04T02:49:32.860830+00:00,prostaffworkforce.com,True,downloaded,200.0,https://www.prostaffworkforce.com/8-influences-that-impact-a-candidates-decision-to-accept-a-job/,98573.0,success,3366,560,html,text/html; charset=UTF-8,News,,2025-02-24,prostaffworkforce.com,https://www.prostaffworkforce.com/8-influences-that-impact-a-candidates-decision-to-accept-a-job/,0.0,d5698368efb41b6e0130.txt,3d691dd8bcca423813e9124a8219403ab0fc914ee67547f88f8a2a901e9ed4e2
d5ee37fe532b36f64d5d,https://pmc.ncbi.nlm.nih.gov/articles/PMC7842519,2026-10-04T02:49:35.929532+00:00,nih.gov,True,downloaded,200.0,https://pmc.ncbi.nlm.nih.gov/articles/PMC7842519,21366.0,success,131,18,html,text/html; charset=utf-8,Checking your browser,,2026-09-11,google.com,https://www.google.com/recaptcha/challengepage,0.0,d5ee37fe532b36f64d5d.txt,a29166d0eaaa418bd5af61a282f1183a46c84c4d5e4c90689b1b452d230d05cc
d5f6cf0f22e13a5ff8e6,https://ivypanda.com/essays/racist-bullying-among-black-students-in-us-universities,2026-10-04T02:49:36.170259+00:00,ivypanda.com,True,downloaded,200.0,https://ivypanda.com/essays/racist-bullying-among-black-students-in-us-universities/,114984.0,success,22476,3257,html,text/html; charset=utf-8,Racist Bullying Among Black University Students - 2987 Words | Research Paper Example,,2023-05-08,IvyPanda,https://ivypanda.com/essays/racist-bullying-among-black-students-in-us-universities/,0.0,d5f6cf0f22e13a5ff8e6.txt,666eb6a97117f8d6dd93420cc8c71450936a7b8de7b05eab2db38503c5c615a3
d624741168d773cb2241,https://ojp.gov/library/publications/understanding-police-decisions-arrest-impact-situational-officer-and,2026-10-04T02:49:36.442845+00:00,ojp.gov,True,downloaded,200.0,https://www.ojp.gov/library/publications/understanding-police-decisions-arrest-impact-situational-officer-and,55883.0,success,1593,218,html,text/html; charset=UTF-8,"Understanding police decisions to arrest: The impact of situational, officer, and neighborhood characteristics on police discretion | Office of Justice Programs",Author Jessica Huff,2021-01-01,Office of Justice Programs,https://www.ojp.gov/library/publications/understanding-police-decisions-arrest-impact-situational-officer-and,0.0,d624741168d773cb2241.txt,8be00374ba00da875d23edfcf4ca2fc794f3c368916eb629c275532da5ef71cc
d6a78993b72d9f769fbd,https://usich.gov/guidance-reports-data/data-trends,2026-10-04T02:49:36.826917+00:00,usich.gov,True,downloaded,200.0,https://usich.gov/guidance-reports-data/data-trends,56060.0,success,8214,1234,html,text/html; charset=UTF-8,Homelessness Data & Trends,United States Interagency Council,2022-08-05,United States Interagency Council on Homelessness,https://usich.gov/guidance-reports-data/data-trends,0.0,d6a78993b72d9f769fbd.txt,f4c2518f0297f6ef10f32cef6955cba04a2486c451a2ff44631570ef8f7cd9e4
d6b6d3f9857de00d81ec,https://acl.gov/HousingAndServices/Homelessness,2026-10-04T02:49:37.717510+00:00,acl.gov,False,http_error,403.0,https://acl.gov/HousingAndServices/Homelessness,179.0,not_extracted,0,0,,text/html,,,,,,0.0,,
d6e1b149ae6c80ad7ea0,https://pmc.ncbi.nlm.nih.gov/articles/PMC5943618,2026-10-04T02:49:40.186086+00:00,nih.gov,True,downloaded,200.0,https://pmc.ncbi.nlm.nih.gov/articles/PMC5943618,21367.0,success,131,18,html,text/html; charset=utf-8,Checking your browser,,2026-09-11,google.com,https://www.google.com/recaptcha/challengepage,0.0,d6e1b149ae6c80ad7ea0.txt,a29166d0eaaa418bd5af61a282f1183a46c84c4d5e4c90689b1b452d230d05cc
d6f4bf28dede22e5df27,https://pmc.ncbi.nlm.nih.gov/articles/PMC6502664,2026-10-04T02:49:40.564907+00:00,nih.gov,True,downloaded,200.0,https://pmc.ncbi.nlm.nih.gov/articles/PMC6502664,21367.0,success,131,18,html,text/html; charset=utf-8,Checking your browser,,2026-09-11,google.com,https://www.google.com/recaptcha/challengepage,0.0,d6f4bf28dede22e5df27.txt,a29166d0eaaa418bd5af61a282f1183a46c84c4d5e4c90689b1b452d230d05cc
d7865049ad6250b15f14,https://pmc.ncbi.nlm.nih.gov/articles/PMC12836853,2026-10-04T02:49:40.581987+00:00,nih.gov,True,downloaded,200.0,https://pmc.ncbi.nlm.nih.gov/articles/PMC12836853/,210001.0,success,52166,8276,html,text/html; charset=utf-8,Identifying gaps in women’s preventive health services for women living with HIV in Vermont,Elizabeth Hahn; Jennifer Monroe Zakaras; Anupama Balasubramanian; Angela Russo; Yu Ting He; Bradley Tompkins; Devika Singh,2025-12-22,Reproductive Health,https://pmc.ncbi.nlm.nih.gov/articles/PMC12836853/,0.0,d7865049ad6250b15f14.txt,18aa499f16a539f325c8aa533e593d53db64b6780c1f81d0bf78d874641f0fbd
d78733a179c389b1d590,https://bostonindicators.org/article-pages/2025/july/black-male-workforce,2026-10-04T02:49:41.685935+00:00,bostonindicators.org,True,downloaded,200.0,https://www.bostonindicators.org/article-pages/2025/july/black-male-workforce,34045.0,success,8290,1320,html,text/html; charset=utf-8,From School to the Labor Market: Identifying Workforce Inequities for Black Men,,2025-07-11,bostonindicators.org,https://www.bostonindicators.org/article-pages/2025/july/black-male-workforce,0.0,d78733a179c389b1d590.txt,cad3b1c2d8f1a245efc9841d954ff22c25ec2c53f4886734d953158a40e4bf63
d7f71d4c1fdbca8349b7,https://pmc.ncbi.nlm.nih.gov/articles/PMC12371776,2026-10-04T02:49:41.785799+00:00,nih.gov,True,downloaded,200.0,https://pmc.ncbi.nlm.nih.gov/articles/PMC12371776,21371.0,success,131,18,html,text/html; charset=utf-8,Checking your browser,,2026-09-11,google.com,https://www.google.com/recaptcha/challengepage,0.0,d7f71d4c1fdbca8349b7.txt,a29166d0eaaa418bd5af61a282f1183a46c84c4d5e4c90689b1b452d230d05cc
d80838d7354c1c72515a,https://finance.yahoo.com/news/establish-credit-adults-disabilities-203405315.html,2026-10-04T02:49:42.533494+00:00,yahoo.com,True,downloaded,200.0,https://finance.yahoo.com/news/establish-credit-adults-disabilities-203405315.html,1175144.0,success,2865,442,html,text/html; charset=utf-8,How to establish credit for adults with disabilities,Katie Kelton,2024-05-31,Yahoo! Finance,https://finance.yahoo.com/news/establish-credit-adults-disabilities-203405315.html,0.0,d80838d7354c1c72515a.txt,b3b7d6cefcdf5a912ecbc8bf53302ff2c0b3a309f4e1c566f367be055e688e78
d81a2a09aa46bb4da7f7,https://adata.org/research-brief/digital-access-students-higher-education-and-ada,2026-10-04T02:49:43.432819+00:00,adata.org,True,downloaded,200.0,https://adata.org/research-brief/digital-access-students-higher-education-and-ada/,73288.0,success,34097,4749,html,text/html; charset=UTF-8,Digital Access for Students in Higher Education and the ADA,An ADA Knowledge Translation Center Research Brief,2017-02-01,ADATA.org,https://adata.org/research-brief/digital-access-students-higher-education-and-ada/,0.0,d81a2a09aa46bb4da7f7.txt,e423a28ad850844e23e00c25d26eb3e0bda5aaad0ba5967a73c3093ac2f9fc8a
d86bd6c43b4125585739,https://youtube.com/watch?t=54s&v=LSyQuO_7i04,2026-10-04T02:49:43.860315+00:00,youtube.com,True,downloaded,200.0,https://www.youtube.com/watch?t=54s&v=LSyQuO_7i04,1211351.0,success,146,23,html,text/html; charset=utf-8,Use of force: The training behind the action,,2025-09-02,YouTube,https://www.youtube.com/watch?v=LSyQuO_7i04,0.0,d86bd6c43b4125585739.txt,8dbba17988e385133ba8f51d76cde1fc2c859262b666cb848e9cfe2478fd5e71
d8b424e3f0d73bd09c89,https://afi-global.org/opinion/financially-including-people-with-disabilities-is-possible-heres-how,2026-10-04T02:49:43.918567+00:00,afi-global.org,True,downloaded,200.0,https://afi-global.org/opinion/financially-including-people-with-disabilities-is-possible-heres-how/,1512082.0,success,5750,853,html,text/html; charset=UTF-8,Financially including people with disabilities is possible – here’s how - Alliance for Financial Inclusion,Dougal Thomson,2024-09-23,Alliance for Financial Inclusion - Bringing smart policies to life,https://afi-global.org/opinion/financially-including-people-with-disabilities-is-possible-heres-how/,0.0,d8b424e3f0d73bd09c89.txt,c9c3bd756c31dc9de38fbd5baee8a65da7c7770d68accf5e199ae754a490e3fe
d8e45e89443f3c519c56,https://online.campbellsville.edu/social-work/factors-that-cause-homelessness,2026-10-04T02:49:44.182284+00:00,campbellsville.edu,True,downloaded,200.0,https://online.campbellsville.edu/social-work/factors-that-cause-homelessness/,72456.0,success,16685,2386,html,text/html; charset=UTF-8,Causes of Homelessness: Main Factors Explained,Admin-Risepoint,2026-08-28,CU Online,https://online.campbellsville.edu/social-work/factors-that-cause-homelessness/,0.0,d8e45e89443f3c519c56.txt,10e1b9d68f6ebe40c0bffc2d2ea99e080ddf03e063f6c00179f98d40b7f74e4f
d9325276a793e3ff026f,https://economyleague.org/resources/color-inequality-part-4-barriers-sustainable-employment-workers-color,2026-10-04T02:49:44.737997+00:00,economyleague.org,True,downloaded,200.0,https://www.economyleague.org/resources/color-inequality-part-4-barriers-sustainable-employment-workers-color,94383.0,success,19621,2559,html,text/html; charset=UTF-8,The Color of Inequality Part 4: Barriers to Sustainable Employment for Workers of Color | Economy League of Greater Philadelphia,,2020-06-24,Economy League of Greater Philadelphia,https://www.economyleague.org/resources/color-inequality-part-4-barriers-sustainable-employment-workers-color,0.0,d9325276a793e3ff026f.txt,8ff8cc292a1f95280cd421b1162ed649346af5b794a0d1d09c455b3dbf12f325
d97ee289690dc6168e75,https://includedhealth.com/blog/health/types-of-preventive-care-for-black-health,2026-10-04T02:49:44.994951+00:00,includedhealth.com,True,downloaded,200.0,https://includedhealth.com/blog/health/types-of-preventive-care-for-black-health/,201944.0,success,5583,793,html,text/html; charset=UTF-8,Best Defense is Good Offense: Types of Preventive Care for Black Health,Sasha Charlemagne she; They,2023-09-07,Included Health,https://includedhealth.com/blog/health/types-of-preventive-care-for-black-health/,0.0,d97ee289690dc6168e75.txt,f9a3b217ae39d391e1e83428388eac29083e1838573b74e571d6f8704be91aa6
d9b9b8161b63f799a895,https://pmc.ncbi.nlm.nih.gov/articles/PMC11188510,2026-10-04T02:49:45.080222+00:00,nih.gov,True,downloaded,200.0,https://pmc.ncbi.nlm.nih.gov/articles/PMC11188510/,210734.0,success,72895,10699,html,text/html; charset=utf-8,Exploring drivers of women’s well-being in hospitals: mapping the landscape,Mitra Faghihi; Aliasghar Farshad; Nasim Salehi; Dean Whitehead; Masoud Motalebi Ghayen; Bahar Izadi; Morteza Mansourian,2024-06-20,BMC Women's Health,https://pmc.ncbi.nlm.nih.gov/articles/PMC11188510/,0.0,d9b9b8161b63f799a895.txt,2f40e990c8cea2d0b78203d8ba956a4743853949b813c186acba97da9c060d54
d9e0b48aa427e28c276e,https://google.com/goto?url=CAESvwEB6zswFYOnKcjBcxXIYQO4Gz6GSU6dZ69EGs523IdwCoAODo7rDGd0mzbVSz7qwq3GSQ_gIj02_109G72IdC24lbwlWHjQ-CbkJtJhUJFFI881A1vWPis34mYEF3SOnSqL7jaXoTUYtIk2-cHVwYHmjn4yUPYmkMJm6dRiCucGa_BQbD0g8AIwvfUNGCwgdMd3wrGu8fCn8Nq-Vbs5aLrv5Y4KiIQMmZbPpZDwXZbgOQjeyNRW28N31wPtX2Xkuw,2026-10-04T02:49:45.538330+00:00,google.com,False,robots_disallowed,,https://google.com/goto?url=CAESvwEB6zswFYOnKcjBcxXIYQO4Gz6GSU6dZ69EGs523IdwCoAODo7rDGd0mzbVSz7qwq3GSQ_gIj02_109G72IdC24lbwlWHjQ-CbkJtJhUJFFI881A1vWPis34mYEF3SOnSqL7jaXoTUYtIk2-cHVwYHmjn4yUPYmkMJm6dRiCucGa_BQbD0g8AIwvfUNGCwgdMd3wrGu8fCn8Nq-Vbs5aLrv5Y4KiIQMmZbPpZDwXZbgOQjeyNRW28N31wPtX2Xkuw,,not_extracted,0,0,,,,,,,,,,
da025fc3fb4e84ef3e4b,https://medium.com/@jeankquam/falling-behind-understanding-the-challenges-facing-latino-education-in-the-u-s-f92bd776110b,2026-10-04T02:49:45.538572+00:00,medium.com,False,http_error,403.0,https://medium.com/@jeankquam/falling-behind-understanding-the-challenges-facing-latino-education-in-the-u-s-f92bd776110b,5402.0,not_extracted,0,0,,text/html; charset=UTF-8,,,,,,0.0,,
da814da11949efab1489,https://prisonpolicy.org/research/disability,2026-10-04T02:49:47.873291+00:00,prisonpolicy.org,True,downloaded,200.0,https://www.prisonpolicy.org/research/disability/,49778.0,success,6316,924,html,text/html; charset=UTF-8,Disability,Prison Policy Initiative,2026-01-01,PrisonPolicy,https://www.prisonpolicy.org/research/disability/,0.0,da814da11949efab1489.txt,d057295e3dad1edff416205b6120a46c76e16883b682b621d8c55e8f9e05ce8c
dad16c733db39ad5b509,https://eeoc.gov/youth/racecolor-discrimination,2026-10-04T02:49:48.703490+00:00,eeoc.gov,True,downloaded,200.0,https://www.eeoc.gov/youth/racecolor-discrimination,74375.0,success,566,56,html,text/html; charset=utf-8,Race/Color Discrimination,,2000-01-01,U.S. Equal Employment Opportunity Commission,https://www.eeoc.gov/youth/racecolor-discrimination,0.0,dad16c733db39ad5b509.txt,fe89d1b1a6a4aadca10dbce1e1754f60c55aac9aba8cef1ddb9c278197f9a345
dae3d5821652ad770851,https://hrw.org/report/2016/12/07/walking-through-hailstorm/discrimination-against-lgbt-youth-us-schools,2026-10-04T02:49:48.818032+00:00,hrw.org,True,downloaded,200.0,https://www.hrw.org/report/2016/12/07/walking-through-hailstorm/discrimination-against-lgbt-youth-us-schools,529274.0,success,173060,27464,html,text/html; charset=utf-8,“Like Walking Through a Hailstorm”,Ryan Thoreson,2016-12-07,Human Rights Watch,https://www.hrw.org/report/2016/12/07/walking-through-hailstorm/discrimination-against-lgbt-youth-us-schools,0.0,dae3d5821652ad770851.txt,7fdd1261c8927f7c5020579e5663bd475ba43282bc319c12f3dd2264bb30b820
db2914011cc6308b52db,https://pmc.ncbi.nlm.nih.gov/articles/PMC9723913,2026-10-04T02:49:48.933917+00:00,nih.gov,True,downloaded,200.0,https://pmc.ncbi.nlm.nih.gov/articles/PMC9723913/,21367.0,success,131,18,html,text/html; charset=utf-8,Checking your browser,,2026-09-11,google.com,https://www.google.com/recaptcha/challengepage,0.0,db2914011cc6308b52db.txt,a29166d0eaaa418bd5af61a282f1183a46c84c4d5e4c90689b1b452d230d05cc
db388feb9f7eab1a232d,https://centerforfinancialinclusion.org/article/financial-inclusion-must-address-restrictive-social-and-gender-norms,2026-10-04T02:49:52.033832+00:00,centerforfinancialinclusion.org,True,downloaded,200.0,https://www.centerforfinancialinclusion.org/article/financial-inclusion-must-address-restrictive-social-and-gender-norms/,211871.0,success,7751,1218,html,text/html; charset=UTF-8,Financial Inclusion Must Address Restrictive Social and Gender Norms - Center for Financial Inclusion,Alex Kessler; Julia Arnold; Migrate,2021-08-17,Center for Financial Inclusion,https://www.centerforfinancialinclusion.org/article/financial-inclusion-must-address-restrictive-social-and-gender-norms/,0.0,db388feb9f7eab1a232d.txt,a8c186d73eb8efaf5f7dc9eab151317054e7e443c959df868a675b04f34f8a2c
db4c53c3b77066bb6b6d,https://pmc.ncbi.nlm.nih.gov/articles/PMC5798675,2026-10-04T02:49:52.272301+00:00,nih.gov,True,downloaded,200.0,https://pmc.ncbi.nlm.nih.gov/articles/PMC5798675,21367.0,success,131,18,html,text/html; charset=utf-8,Checking your browser,,2026-09-11,google.com,https://www.google.com/recaptcha/challengepage,0.0,db4c53c3b77066bb6b6d.txt,a29166d0eaaa418bd5af61a282f1183a46c84c4d5e4c90689b1b452d230d05cc
db5e25af6b32a2dc326c,https://housingmatterssc.org/rise-in-latinx-and-hispanic-homelessness,2026-10-04T02:49:52.298862+00:00,housingmatterssc.org,False,http_error,403.0,https://housingmatterssc.org/rise-in-latinx-and-hispanic-homelessness,52.0,not_extracted,0,0,,text/html,,,,,,0.0,,
dba99833696bf86ca0b4,https://hks.harvard.edu/centers/mrcbg/programs/growthpolicy/reducing-administrative-burdens-increase-access-safety-net,2026-10-04T02:49:55.087657+00:00,harvard.edu,True,downloaded,200.0,https://www.hks.harvard.edu/centers/mrcbg/programs/growthpolicy/reducing-administrative-burdens-increase-access-safety-net,50112.0,success,879,127,html,text/html; charset=utf-8,Reducing Administrative Burdens To Increase Access To Safety Net Programs,,2023-11-22,Kennedy_School,https://www.hks.harvard.edu/centers/mrcbg/programs/growthpolicy/reducing-administrative-burdens-increase-access-safety-net,0.0,dba99833696bf86ca0b4.txt,d73b845731732aef50903122361c726bd494cdf2e7f9d684e68ae679ca23ffe2
dbb46f6fb0dd0fec94af,https://motherjones.com/criminal-justice/2016/02/why-are-lgbt-people-overrepresented-prisons-and-jails,2026-10-04T02:49:55.509897+00:00,motherjones.com,True,downloaded,200.0,https://www.motherjones.com/criminal-justice/2016/02/why-are-lgbt-people-overrepresented-prisons-and-jails/,215469.0,success,1949,303,html,text/html; charset=UTF-8,These Charts Show How the Criminal Justice System Targets Sexual Minorities,Samantha Michaels,2016-02-23,Mother Jones,https://www.motherjones.com/criminal-justice/2016/02/why-are-lgbt-people-overrepresented-prisons-and-jails/,0.0,dbb46f6fb0dd0fec94af.txt,062ba326ca6b2cdaca980c39b67999efb233c0607a451f676e5eda1f530d6103
dbdcbdda8be5a21e11da,https://cgap.org/research/publication/invisible-barriers-how-gender-norms-impact-financial-inclusion,2026-10-04T02:49:55.889473+00:00,cgap.org,True,downloaded,200.0,https://www.cgap.org/research/publication/invisible-barriers-how-gender-norms-impact-financial-inclusion,79255.0,success,8201,1086,html,text/html; charset=utf-8,Invisible Barriers: How Gender Norms Impact Financial Inclusion,Nisha Singh Senior Financial Sector Specialist,2025-05-29,CGAP,https://www.cgap.org/research/publication/invisible-barriers-how-gender-norms-impact-financial-inclusion,0.0,dbdcbdda8be5a21e11da.txt,28f9973c7d8ab5ee8c3679cdcf0df1fb85dbeec553a6125cd97156dbbfe64c0c
dc05deba6bab0f20134b,https://sussex.ac.uk/broadcast/read/39309,2026-10-04T02:49:56.174691+00:00,sussex.ac.uk,True,downloaded,200.0,https://www.sussex.ac.uk/broadcast/read/39309,28750.0,success,2855,436,html,text/html; charset=UTF-8,"Female bosses favour gay and lesbian job-seekers, research finds",James Hakner,2017-02-23,The University of Sussex,https://www.sussex.ac.uk/broadcast/read/39309,0.0,dc05deba6bab0f20134b.txt,9e551d65a8a7ee85d9ab1dc69bf704dbffa408b38222112d9c69ec106084140e
dc27239cce404dc77ebd,https://pmc.ncbi.nlm.nih.gov/articles/PMC10501741,2026-10-04T02:49:57.032140+00:00,nih.gov,True,downloaded,200.0,https://pmc.ncbi.nlm.nih.gov/articles/PMC10501741,21368.0,success,131,18,html,text/html; charset=utf-8,Checking your browser,,2026-09-11,google.com,https://www.google.com/recaptcha/challengepage,0.0,dc27239cce404dc77ebd.txt,a29166d0eaaa418bd5af61a282f1183a46c84c4d5e4c90689b1b452d230d05cc
dc61533cd26ded404d10,https://yahoo.com/news/us/article/most-disability-claims-get-denied-heres-why--and-what-social-security-is-actually-looking-for-145517804.html,2026-10-04T02:49:57.284680+00:00,yahoo.com,True,downloaded,200.0,https://www.yahoo.com/news/us/article/most-disability-claims-get-denied-heres-why--and-what-social-security-is-actually-looking-for-145517804.html,675657.0,success,7614,1190,html,text/html; charset=utf-8,Most disability claims get denied. Here's why — and what Social Security is actually looking for.,Jasmine Andersson,2026-09-17,Yahoo News,https://www.yahoo.com/news/us/article/most-disability-claims-get-denied-heres-why--and-what-social-security-is-actually-looking-for-145517804.html,0.0,dc61533cd26ded404d10.txt,fc1488f2e890b14e0685671a6784d36e012922d7b0a32e7cd75a549b976555fb
dc6bb918e51085766cbe,https://ebsco.com/research-starters/womens-studies-and-feminism/gender-and-welfare-policy,2026-10-04T02:49:58.668066+00:00,ebsco.com,True,downloaded,200.0,https://www.ebsco.com/research-starters/womens-studies-and-feminism/gender-and-welfare-policy,192429.0,success,42896,6287,html,text/html,Gender and Welfare Policy | Women's Studies and Feminism | Research Starters | EBSCOhost,,2021-02-15,EBSCO,https://www.ebsco.com/,0.0,dc6bb918e51085766cbe.txt,c6d585355c1a6bf17d723f5ec4cc2c0f94186bc217f77071ae3a0d1ed2d0780e
dc9f31c4aa97bb7221e0,https://michiganmedicine.org/health-lab/health-care-access-gaps-people-disabilities,2026-10-04T02:49:59.348367+00:00,michiganmedicine.org,False,http_error,403.0,https://michiganmedicine.org/health-lab/health-care-access-gaps-people-disabilities,5764.0,not_extracted,0,0,,text/html; charset=UTF-8,,,,,,0.0,,
dca2f3ad6bdbfce53a65,https://maineemployeerights.com/practice-areas/sex-gender-discrimination-and-harassment-including-sexual-harass,2026-10-04T02:49:59.600223+00:00,maineemployeerights.com,True,downloaded,200.0,https://www.maineemployeerights.com/practice-areas/sex-gender-discrimination-and-harassment-including-sexual-harass/,88138.0,success,3937,622,html,text/html,Sex (Gender) Discrimination and Harassment (Including Sexual Harassment),,2026-05-20,Peter Thompson & Associates,https://www.maineemployeerights.com/practice-areas/sex-gender-discrimination-and-harassment-including-sexual-harass/,0.0,dca2f3ad6bdbfce53a65.txt,c333e3b43b063980a24ff234299e67327fb4b25272c87c996ce3a0bae5d4d82d
dcb63be64b3ec7af1b56,https://digitalcommons.odu.edu/cgi/viewcontent.cgi?article=1023&context=sociology_criminaljustice_etds,2026-10-04T02:49:59.691015+00:00,odu.edu,False,http_error,403.0,https://digitalcommons.odu.edu/cgi/viewcontent.cgi?article=1023&context=sociology_criminaljustice_etds,5912.0,not_extracted,0,0,,text/html; charset=UTF-8,,,,,,0.0,,
dcba3e81a56ea824eb1f,https://pmc.ncbi.nlm.nih.gov/articles/PMC10167762,2026-10-04T02:49:59.897726+00:00,nih.gov,True,downloaded,200.0,https://pmc.ncbi.nlm.nih.gov/articles/PMC10167762,21368.0,success,131,18,html,text/html; charset=utf-8,Checking your browser,,2026-09-11,google.com,https://www.google.com/recaptcha/challengepage,0.0,dcba3e81a56ea824eb1f.txt,a29166d0eaaa418bd5af61a282f1183a46c84c4d5e4c90689b1b452d230d05cc
dcf76c7d7d301b525a65,https://cunninghampllc.com/blog/when-does-disability-discrimination-cross-into-harassment,2026-10-04T02:50:00.106213+00:00,cunninghampllc.com,True,downloaded,200.0,https://cunninghampllc.com/blog/when-does-disability-discrimination-cross-into-harassment/,61689.0,success,9141,1314,html,text/html,"When Does Disability Discrimination Cross Into Harassment? | J. Courtney Cunningham, PLLC",J Courtney Cunningham Attorney,2025-08-23,"J. Courtney Cunningham, PLLC",http://cunninghampllc.com/blog/when-does-disability-discrimination-cross-into-harassment/,0.0,dcf76c7d7d301b525a65.txt,5b0f9eb62ff41c83249f0d60a4ad41d5352a8671fbaeb11b38244826a65ac448
dd2ce6ed461a25f1c071,https://gylawny.com/dont-let-dac-benefits-disrupt-medicaid-and-ssi,2026-10-04T02:50:03.123001+00:00,gylawny.com,True,downloaded,200.0,https://gylawny.com/dont-let-dac-benefits-disrupt-medicaid-and-ssi/,416949.0,success,6117,1016,html,text/html; charset=UTF-8,Don't Let DAC Benefits Disrupt Medicaid and SSI - Grimaldi Yeung Law Group,Judith,2026-06-02,Grimaldi Yeung Law Group,https://gylawny.com/dont-let-dac-benefits-disrupt-medicaid-and-ssi/,0.0,dd2ce6ed461a25f1c071.txt,feaf436c912c8db2f919cc17a23574a2fb8f9477b6779347af52aeb191dfc800
dd3a3796bc25c285c683,https://tandfonline.com/doi/abs/10.1300/J012v16n04_05,2026-10-04T02:50:05.018639+00:00,tandfonline.com,False,http_error,403.0,https://tandfonline.com/doi/abs/10.1300/J012v16n04_05,5756.0,not_extracted,0,0,,text/html; charset=UTF-8,,,,,,0.0,,
dd5570a4169dbd34a2fc,https://chenmed.com/blog/understanding-healthcare-hesitancy-black-patients-historical-perspective,2026-10-04T02:50:05.137593+00:00,chenmed.com,True,downloaded,200.0,https://www.chenmed.com/blog/understanding-healthcare-hesitancy-black-patients-historical-perspective,98963.0,success,8711,1225,html,text/html; charset=UTF-8,Understanding Healthcare Hesitancy in Black Patients: A,,2024-02-01,ChenMed LLC,https://www.chenmed.com/blog/understanding-healthcare-hesitancy-black-patients-historical-perspective,0.0,dd5570a4169dbd34a2fc.txt,0338fc643224e7b51aac8103ffa9d88cdec718b4d5e38b37d5300d575338fa16
dd9497a3bf45be87dcad,https://tylerclementi.org/why-do-students-bully,2026-10-04T02:50:05.632032+00:00,tylerclementi.org,True,downloaded,200.0,https://tylerclementi.org/why-do-students-bully/,116020.0,success,6122,961,html,text/html; charset=UTF-8,Why Do Students Bully? • Tyler Clementi Foundation,Mary Margaret Baker,2021-03-29,Tyler Clementi Foundation,https://tylerclementi.org/why-do-students-bully/,0.0,dd9497a3bf45be87dcad.txt,acdfcaf29d0d2f47bf19ca7c8a1cc4195f56066145867e1dc33e12fb4d2927b0
dd9c53a2881ab7c865da,https://thetrevorproject.org/research-briefs/anti-bullying-policies-in-school-and-lgbtq-young-people,2026-10-04T02:50:06.043807+00:00,thetrevorproject.org,True,downloaded,200.0,https://www.thetrevorproject.org/research-briefs/anti-bullying-policies-in-school-and-lgbtq-young-people/,124458.0,success,11161,1629,html,text/html; charset=UTF-8,Anti-Bullying Policies in School and LGBTQ+ Young People,,2025-10-17,The Trevor Project,https://www.thetrevorproject.org/research-briefs/anti-bullying-policies-in-school-and-lgbtq-young-people/,0.0,dd9c53a2881ab7c865da.txt,cf780966ec93aa07ea8b8b9f07061eb793d0eb3e134d279e4a87c876d650a6d3
ddae8711636264112ac5,https://link.springer.com/article/10.1057/s41261-026-00344-y,2026-10-04T02:50:06.525740+00:00,springer.com,False,robots_disallowed,,https://link.springer.com/article/10.1057/s41261-026-00344-y,,not_extracted,0,0,,,,,,,,,,
de1ede878e878af760d3,https://google.com/goto?url=CAESYAHrOzAV1-FsdU-iSDYU7z5lPElpnx4yLgmisnuafmyiYwA7yHAvISG6-KzGujdRpbEqZntDqWosgd8z2Mj7OPugwr3WRBfcshyya8a4Qob3lGgpn0QIlpN0NQJRe3xnzQ,2026-10-04T02:50:06.525932+00:00,google.com,False,robots_disallowed,,https://google.com/goto?url=CAESYAHrOzAV1-FsdU-iSDYU7z5lPElpnx4yLgmisnuafmyiYwA7yHAvISG6-KzGujdRpbEqZntDqWosgd8z2Mj7OPugwr3WRBfcshyya8a4Qob3lGgpn0QIlpN0NQJRe3xnzQ,,not_extracted,0,0,,,,,,,,,,
de2bdeb1657c83f766b3,https://borgenproject.org/lack-of-access-to-education?ki-cf-botcl=1,2026-10-04T02:50:06.526071+00:00,borgenproject.org,False,http_error,403.0,https://borgenproject.org/lack-of-access-to-education?ki-cf-botcl=1,5695.0,not_extracted,0,0,,text/html; charset=UTF-8,,,,,,0.0,,
de2f27bcbfe86a77a8a9,https://cgap.org/research/publication/gender-intentional-credit-scoring,2026-10-04T02:50:08.229247+00:00,cgap.org,True,downloaded,200.0,https://www.cgap.org/research/publication/gender-intentional-credit-scoring,67359.0,success,3973,601,html,text/html; charset=utf-8,Gender-Intentional Credit Scoring,Authors Maria Fernandez Vidal Senior Financial Sector Specialist Dean Caire Credit Scoring Specialist,2026-09-29,CGAP,https://www.cgap.org/research/publication/gender-intentional-credit-scoring,0.0,de2f27bcbfe86a77a8a9.txt,c2522d1c10ee17542bb9e08f5f969d903de78795eb00f497dacdded7c46fceb4
de477ec7b006fabcc3e9,https://aeaweb.org/articles?id=10.1257%2Fjep.20231394,2026-10-04T02:50:10.080684+00:00,aeaweb.org,True,downloaded,200.0,https://www.aeaweb.org/articles?id=10.1257%2Fjep.20231394,30355.0,success,1958,264,html,text/html; charset=UTF-8,Administrative Burdens in the Social Safety Net,Herd; Pamela; Moynihan; Donald,2025-02-03,Journal of Economic Perspectives,https://www.aeaweb.org/articles?id=10.1257%2Fjep.20231394,0.0,de477ec7b006fabcc3e9.txt,175f2d9faf89232a9950977a7a5cd6247b4b217d92ae1dea38797b4f3fc58246
de6290d9810d603eb58b,https://prisonpolicy.org/research/racial_and_ethnic_disparities,2026-10-04T02:50:10.395035+00:00,prisonpolicy.org,True,downloaded,200.0,https://www.prisonpolicy.org/research/racial_and_ethnic_disparities/,127594.0,success,26814,4023,html,text/html; charset=UTF-8,Racial and ethnic disparities,Prison Policy Initiative,2026-01-01,PrisonPolicy,https://www.prisonpolicy.org/research/racial_and_ethnic_disparities/,0.0,de6290d9810d603eb58b.txt,cdd96259aad2a9a0313bd146bc3259ade4e5b2465f8cc8389e3c43ada5020447
de878ec6e15882cf332e,https://archive-housingmatters.urban.org/articles/how-can-we-advance-latino-homeownership-and-housing-stability,2026-10-04T02:50:10.981688+00:00,urban.org,False,http_error,403.0,https://archive-housingmatters.urban.org/articles/how-can-we-advance-latino-homeownership-and-housing-stability,5974.0,not_extracted,0,0,,text/html; charset=UTF-8,,,,,,0.0,,
de8cfcf24ef311d16a5a,https://eab.com/resources/blog/student-success-blog/how-to-navigate-policy-challenges-and-show-support-for-your-trans-students,2026-10-04T02:50:11.327043+00:00,eab.com,True,downloaded,200.0,https://eab.com/resources/blog/student-success-blog/how-to-navigate-policy-challenges-and-show-support-for-your-trans-students/,326334.0,success,10867,1547,html,text/html; charset=UTF-8,Navigate and Support Transgender Students in Higher Ed | EAB,Alessandra Falconer,2026-03-30,EAB,https://eab.com/resources/blog/student-success-blog/how-to-navigate-policy-challenges-and-show-support-for-your-trans-students/,0.0,de8cfcf24ef311d16a5a.txt,70f3a297082064d3c8fce069b0f9c5140e2d84285e482f572544b1544326914e
de90b927059280f16ca1,https://ballardbrief.byu.edu/issue-briefs/racial-inequality-in-public-school-discipline-for-black-students-in-the-united-states,2026-10-04T02:50:12.579562+00:00,byu.edu,True,downloaded,200.0,https://ballardbrief.byu.edu/issue-briefs/racial-inequality-in-public-school-discipline-for-black-students-in-the-united-states,314527.0,success,41449,6075,html,text/html;charset=utf-8,Racial Inequality in Public School Discipline for Black Students in the United States - Ballard Brief,Emily Peterson,2021-09-11,The Ballard Center for Social Impact,https://ballardbrief.byu.edu/issue-briefs/racial-inequality-in-public-school-discipline-for-black-students-in-the-united-states,0.0,de90b927059280f16ca1.txt,063990b43138e9d3e136ef4898688893b36cf7a9f01270bff2afaf023ce29ab4
de9bac4695b80d4bda3f,https://nlihc.org/resource/study-finds-significant-racial-disparities-homelessness-rates,2026-10-04T02:50:12.861266+00:00,nlihc.org,True,downloaded,200.0,https://nlihc.org/resource/study-finds-significant-racial-disparities-homelessness-rates,56104.0,success,1964,266,html,text/html; charset=UTF-8,Study Finds Significant Racial Disparities in Homelessness Rates,,2019-04-30,National Low Income Housing Coalition,https://nlihc.org/resource/study-finds-significant-racial-disparities-homelessness-rates,0.0,de9bac4695b80d4bda3f.txt,eaba329e19e76f1ee1aa4b0d026dfcb5b0fc11034d4d5d089f51a2a80fa4b768
dec1fa9e0df83862a6e9,https://icjia.illinois.gov/researchhub/articles/an-overview-of-police-use-of-force-policies-and-research,2026-10-04T02:50:13.360509+00:00,illinois.gov,True,downloaded,200.0,https://icjia.illinois.gov/researchhub/articles/an-overview-of-police-use-of-force-policies-and-research,7228.0,success,103,12,html,text/html; charset=UTF-8,ICJIA | Illinois Criminal Justice Information Authority,Illinois Criminal Justice Information Authority,2026-03-26,Illinois Criminal Justice Information Authority,https://icjia.illinois.gov/,0.0,dec1fa9e0df83862a6e9.txt,8e35ee16474d22607869f210da31ff01edaea6d51ee7deee1694dd156ff192ba
def99d1099c5b6eb8c19,https://cbpp.org/research/poverty-and-inequality/for-lgbtq-people-recent-anti-discrimination-advances-could-lessen,2026-10-04T02:50:13.668140+00:00,cbpp.org,False,http_error,403.0,https://cbpp.org/research/poverty-and-inequality/for-lgbtq-people-recent-anti-discrimination-advances-could-lessen,6157.0,not_extracted,0,0,,text/html; charset=UTF-8,,,,,,0.0,,
df138a449aa14d845450,https://journals.sagepub.com/doi/full/10.1177/00131245261436401,2026-10-04T02:50:13.809925+00:00,sagepub.com,False,http_error,403.0,https://journals.sagepub.com/doi/full/10.1177/00131245261436401,5777.0,not_extracted,0,0,,text/html; charset=UTF-8,,,,,,0.0,,
df368a14deec19a7b09c,https://link.springer.com/article/10.1007/s40847-024-00346-4,2026-10-04T02:50:14.572616+00:00,springer.com,False,robots_disallowed,,https://link.springer.com/article/10.1007/s40847-024-00346-4,,not_extracted,0,0,,,,,,,,,,
df3c34440d516d698c4e,https://latinoslead.org/the-growing-influence-of-latino-millennials-in-todays-workplace,2026-10-04T02:50:14.573009+00:00,latinoslead.org,True,downloaded,200.0,https://latinoslead.org/the-growing-influence-of-latino-millennials-in-todays-workplace/,142157.0,success,1400,209,html,text/html; charset=UTF-8,The Growing Influence of Latino Millennials in Today’s Workplace,Latino Leadership Institute,2024-03-12,Latino Leadership Institute,https://latinoslead.org/the-growing-influence-of-latino-millennials-in-todays-workplace/,0.0,df3c34440d516d698c4e.txt,e138e6fcc2584d4f55594bda9c4f6b2722bc166bd70f9a976c4d085b7c71a584
df463b9cd8ea5a163548,https://aecf.org/blog/prioritizing-housing-security-for-young-people-and-families-during-the-pand,2026-10-04T02:50:14.632806+00:00,aecf.org,False,http_error,403.0,https://www.aecf.org/blog/prioritizing-housing-security-for-young-people-and-families-during-the-pand,5877.0,not_extracted,0,0,,text/html; charset=UTF-8,,,,,,0.0,,
df5d9e4b5db44408734b,https://probonoinst.org/2023/07/13/race-income-and-the-effect-on-educational-opportunity,2026-10-04T02:50:16.889006+00:00,probonoinst.org,True,downloaded,200.0,https://www.probonoinst.org/,266646.0,success,3530,538,html,text/html; charset=UTF-8,Home - Pro Bono Institute,,2026-08-04,Pro Bono Institute,https://www.probonoinst.org/,0.0,df5d9e4b5db44408734b.txt,4541ad5148d94fe50bcf4e0c5d4f268494fdba32259c05a98cdae72db800c213
df70163691fb0e7ae261,https://diversitybuilder.com/sexual-harassment-training-women,2026-10-04T02:50:16.982742+00:00,diversitybuilder.com,True,downloaded,200.0,https://diversitybuilder.com/sexual-harassment-training-women/,111168.0,success,18218,2589,html,text/html; charset=UTF-8,Sexual Harassment Training Women Male-Dominated,,2026-03-20,Diversity Builder,https://diversitybuilder.com/sexual-harassment-training-women/,0.0,df70163691fb0e7ae261.txt,12c2eb0d48424c775aca083127968583fedd89444ab82902be3ea98ccb2b1275
df76840f6bd299c78b9a,https://americanprogress.org/article/discrimination-prevents-lgbtq-people-accessing-health-care,2026-10-04T02:50:17.815542+00:00,americanprogress.org,False,http_error,403.0,https://www.americanprogress.org/article/discrimination-prevents-lgbtq-people-accessing-health-care,5869.0,not_extracted,0,0,,text/html; charset=UTF-8,,,,,,0.0,,
df9bbbe0d31db75f7381,https://steinhardt.nyu.edu/metrocenter/research-evaluation/section-2-higher-education-context-and-barriers-equitable-college,2026-10-04T02:50:18.049172+00:00,nyu.edu,True,downloaded,200.0,https://steinhardt.nyu.edu/metrocenter/research-evaluation/section-2-higher-education-context-and-barriers-equitable-college,118869.0,success,42341,6194,html,text/html; charset=UTF-8,Section 2 - A Literature Review,,2021-11-02,NYU Steinhardt,https://steinhardt.nyu.edu/metrocenter/research-evaluation/section-2-higher-education-context-and-barriers-equitable-college,0.0,df9bbbe0d31db75f7381.txt,7d23a34163dd64ddc4bad4caf2ed72fe24f9a2a1e9cdcafdc4b94d1b1c41ab66
dfcf20de8631d5542ed9,https://ideas.repec.org/p/soa/wpaper/265.html,2026-10-04T02:50:18.523072+00:00,repec.org,True,downloaded,200.0,https://ideas.repec.org/p/soa/wpaper/265.html,57353.0,success,15700,2291,html,text/html; charset=UTF-8,Why Do Eligible Individuals Fail to Enrol in Government Soci,Mariona Tres Vilanova,2024-02-02,Working Papers,https://ideas.repec.org//p/soa/wpaper/265.html,0.0,dfcf20de8631d5542ed9.txt,52a689905ba7118b01f35e88c39833bec275327ec24ce293be9c751ec6350712
dfd30eb3cca420073bbd,https://williamsinstitute.law.ucla.edu/press/lgbt-housing-press-release,2026-10-04T02:50:21.075919+00:00,ucla.edu,True,downloaded,200.0,https://williamsinstitute.law.ucla.edu/press/lgbt-housing-press-release/,102760.0,success,2972,447,html,text/html; charset=UTF-8,LGBT people are more likely than non-LGBT people to face housing instability,Loyal; Thisisloyal Com,2020-04-02,The Williams Institute at UCLA School of Law,https://williamsinstitute.law.ucla.edu/press/lgbt-housing-press-release/,0.0,dfd30eb3cca420073bbd.txt,a067f46563123460eaa7ea992b2db53b418ba79e6e6f8c1a76350283a19cbd28
dffd4aa0b0cd4865855d,https://proquest.com/openview/8111229575801516f615926b47af752b/1?cbl=18750&diss=y&pq-origsite=gscholar,2026-10-04T02:50:21.234056+00:00,proquest.com,False,curl_error,302.0,https://www.proquest.com/intermediateredirectforezproxy,,not_extracted,0,0,,text/html,,,,,,47.0,,
e0386888a711d7c65a88,https://kff.org/racial-equity-and-health-policy/how-history-has-shaped-racial-and-ethnic-health-disparities-a-timeline-of-policies-and-events?entry=1808-to-1890-alaska-purchase,2026-10-04T02:50:22.274708+00:00,kff.org,True,downloaded,200.0,https://www.kff.org/racial-equity-and-health-policy/how-history-has-shaped-racial-and-ethnic-health-disparities-a-timeline-of-policies-and-events/?entry=1808-to-1890-alaska-purchase,530598.0,success,74120,11055,html,text/html; charset=UTF-8,How History Has Shaped Racial and Ethnic Health Disparities: A Timeline of Policies and Events | KFF,Kffmichaelp,2024-01-11,"KFF - The independent source for health policy research, polling, and news",https://www.kff.org/racial-equity-and-health-policy/how-history-has-shaped-racial-and-ethnic-health-disparities-a-timeline-of-policies-and-events/,0.0,e0386888a711d7c65a88.txt,4bdaf41503069b9ca0e39cf956d81bccfdafce928e986931040bce6c639360e8
e084a327a48bb17dfb1d,https://gao.gov/products/gao-22-104468,2026-10-04T02:50:22.675899+00:00,gao.gov,False,http_error,403.0,https://www.gao.gov/products/gao-22-104468,399.0,not_extracted,0,0,,text/html,,,,,,0.0,,
e09e5b8dea5977b88b68,https://library.hbs.edu/working-knowledge/why-employers-favor-men,2026-10-04T02:50:24.589076+00:00,hbs.edu,True,downloaded,200.0,https://www.library.hbs.edu/working-knowledge/why-employers-favor-men,495185.0,success,8031,1280,html,text/html; charset=utf-8,Why Employers Favor Men | Working Knowledge,Dina Gerdeman,2017-09-11,Harvard Business School,https://www.library.hbs.edu/working-knowledge/why-employers-favor-men,0.0,e09e5b8dea5977b88b68.txt,c99154f005d9dda50270c5ec843c35a51c8cb2401df0481a7349f028cfddb73e
e0a950ff7a1d8aaef6c1,https://pmc.ncbi.nlm.nih.gov/articles/PMC9963383,2026-10-04T02:50:25.379956+00:00,nih.gov,True,downloaded,200.0,https://pmc.ncbi.nlm.nih.gov/articles/PMC9963383,21368.0,success,131,18,html,text/html; charset=utf-8,Checking your browser,,2026-09-11,google.com,https://www.google.com/recaptcha/challengepage,0.0,e0a950ff7a1d8aaef6c1.txt,a29166d0eaaa418bd5af61a282f1183a46c84c4d5e4c90689b1b452d230d05cc
e0ae07bcb8895df89073,https://online.uncp.edu/degrees/business/mba/healthcare-administration/insurance-influence-on-policy,2026-10-04T02:50:25.611781+00:00,uncp.edu,True,downloaded,200.0,https://online.uncp.edu/degrees/business/mba/healthcare-administration/insurance-influence-on-policy/,162016.0,success,4772,677,html,text/html; charset=UTF-8,Discover How Insurance Companies Influence Healthcare Policies,Cpatete,2024-07-01,UNCP,https://online.uncp.edu/degrees/business/mba/healthcare-administration/insurance-influence-on-policy/,0.0,e0ae07bcb8895df89073.txt,2dc9100bbceb711a8855f5d872e57685c60e224f00902d9cdc7ad4a4022c9ad6
e0af4cf7ec02a0ad16e7,https://endhomelessness.org/marginalized-groups-subject-to-systemic-disinvestment-and-discrimination,2026-10-04T02:50:26.959636+00:00,endhomelessness.org,True,downloaded,200.0,https://endhomelessness.org/marginalized-groups-subject-to-systemic-disinvestment-and-discrimination,350157.0,success,4841,700,html,text/html; charset=UTF-8,Who Experiences Homelessness: Marginalized Groups Subject to Systemic Disinvestment and Discrimination,,2026-07-15,National Alliance to End Homelessness,https://endhomelessness.org/marginalized-groups-subject-to-systemic-disinvestment-and-discrimination/,0.0,e0af4cf7ec02a0ad16e7.txt,1b22a70f955db28a96ebbaedbd24dd300871f77054f0cd56604e99770c555bf6
e0b700d82d3b8f6ed153,https://pmc.ncbi.nlm.nih.gov/articles/PMC4560686,2026-10-04T02:50:27.257782+00:00,nih.gov,True,downloaded,200.0,https://pmc.ncbi.nlm.nih.gov/articles/PMC4560686/,165421.0,success,49415,7693,html,text/html; charset=utf-8,Work Experiences of Latina Immigrants: A Qualitative Study,Donald E Eggerth; Sheli C DeLaney; Michael A Flynn; C Jeff Jacobson,2010-01-12,Journal of career development,https://pmc.ncbi.nlm.nih.gov/articles/PMC4560686/,0.0,e0b700d82d3b8f6ed153.txt,ad42df9549c04dd94b89faffc40633964177743d4fb0c16ceb84bbaabe512b0f
e0c65d4f69652e22eb99,https://ahcstaff.com/nursing-best-practices-caring-for-disabled-patients,2026-10-04T02:50:28.577089+00:00,ahcstaff.com,True,downloaded,200.0,https://www.ahcstaff.com/nursing-best-practices-caring-for-disabled-patients/,70351.0,success,4880,681,html,text/html; charset=UTF-8,Nursing Best Practices: Caring for Disabled Patients - Accountable Healthcare,Duy Ton,2023-07-28,Accountable Healthcare,https://www.ahcstaff.com/nursing-best-practices-caring-for-disabled-patients/,0.0,e0c65d4f69652e22eb99.txt,ec6782c39c102a39d18b7bb5a74ef339a9dc0dd15481f9b747326704aca6289f
e0e6223014726e96be38,https://pmc.ncbi.nlm.nih.gov/articles/PMC6234844,2026-10-04T02:50:29.830558+00:00,nih.gov,True,downloaded,200.0,https://pmc.ncbi.nlm.nih.gov/articles/PMC6234844/,329470.0,success,97173,14804,html,text/html; charset=utf-8,Educational Attainment of Transgender Adults: Does the Timing of Transgender Identity Milestones Matter?,Lindsey Wilkinson; Jennifer Pearson; Hui Liu,2018-05-03,Social science research,https://pmc.ncbi.nlm.nih.gov/articles/PMC6234844/,0.0,e0e6223014726e96be38.txt,21fddfad778d2736df6c250e53ada91523bab83a7095ca8bbf7b81352c525b04
e100485c5eeb9b2c92ca,https://scholarworks.sjsu.edu/cgi/viewcontent.cgi?article=1061&context=themis,2026-10-04T02:50:30.076615+00:00,sjsu.edu,False,http_error,403.0,https://scholarworks.sjsu.edu/cgi/viewcontent.cgi?article=1061&context=themis,5774.0,not_extracted,0,0,,text/html; charset=UTF-8,,,,,,0.0,,
e10f01d0aa6426d9b7f0,https://ssa.gov/disability/step4and5.htm,2026-10-04T02:50:30.845760+00:00,ssa.gov,False,curl_error,0.0,https://ssa.gov/disability/step4and5.htm,,not_extracted,0,0,,,,,,,,60.0,,
e17947afab94b93e7d0b,https://pmc.ncbi.nlm.nih.gov/articles/PMC12412225,2026-10-04T02:50:31.014487+00:00,nih.gov,True,downloaded,200.0,https://pmc.ncbi.nlm.nih.gov/articles/PMC12412225,21367.0,success,131,18,html,text/html; charset=utf-8,Checking your browser,,2026-09-11,google.com,https://www.google.com/recaptcha/challengepage,0.0,e17947afab94b93e7d0b.txt,a29166d0eaaa418bd5af61a282f1183a46c84c4d5e4c90689b1b452d230d05cc
e1cad6122fdb16efa41a,https://academic.oup.com/epirev/article/48/1/mxag004/8512140,2026-10-04T02:50:31.263541+00:00,oup.com,False,http_error,403.0,https://academic.oup.com/epirev/article/48/1/mxag004/8512140,5661.0,not_extracted,0,0,,text/html; charset=UTF-8,,,,,,0.0,,
e1d7bdde0d1c4f4659e4,https://williamsinstitute.law.ucla.edu/wp-content/uploads/Trans-Higher-Ed-Apr-2022.pdf,2026-10-04T02:50:32.424462+00:00,ucla.edu,True,downloaded,200.0,https://williamsinstitute.law.ucla.edu/wp-content/uploads/Trans-Higher-Ed-Apr-2022.pdf,3117468.0,success,53842,7543,pdf,application/pdf,,,,,,0.0,e1d7bdde0d1c4f4659e4.txt,f4af933d7d087d241482e0fc9929b5ee51ce6447f5b28bd53a3d0f3cee36de61
e1ffd6e81d62496a7658,https://phreesia.com/resources/infographic-lgbtq-preventive-health,2026-10-04T02:50:33.457480+00:00,phreesia.com,True,downloaded,200.0,https://www.phreesia.com/resources/infographic-lgbtq-preventive-health/,99026.0,success,5246,756,html,text/html; charset=UTF-8,Supporting Access to LGBTQ Preventive Care | Infographic,,2026-08-25,Phreesia,https://www.phreesia.com/resources/infographic-lgbtq-preventive-health/,0.0,e1ffd6e81d62496a7658.txt,357496c9fd686e0f7182eb306608337650370653199c76072ee7172e0b884d7d
e21a587a24777d4af041,https://chegg.com/homework-help/questions-and-answers/factors-play-significant-role-influencing-officers-arrest-decisions-even-police-officer-pc-q93538296,2026-10-04T02:50:33.565637+00:00,chegg.com,True,downloaded,200.0,https://www.chegg.com:443/homework-help/questions-and-answers/factors-play-significant-role-influencing-officers-arrest-decisions-even-police-officer-pc-q93538296,306228.0,success,1717,275,html,text/html; charset=utf-8,"Question: What factors play the most significant role in influencing officers' arrest decisions? Even if a police officer has PC, do they have to arrest someone just because they can? Discuss why or why not? Regarding police discretion, what is a decision? Discuss what factors are considered in the decision-making process.",,2022-03-05,Chegg.com,https://www.chegg.com:443/homework-help/questions-and-answers/factors-play-significant-role-influencing-officers-arrest-decisions-even-police-officer-pc-q93538296,0.0,e21a587a24777d4af041.txt,196eed1d3cfee67eac85da2c3cde6226a6ef8f6c500cc768e24f8be12052b1c2
e22550b87fa0d381558d,https://humanrights.unsw.edu.au/research/commentary/social-determinants-justice-increase-risk-prison,2026-10-04T02:50:34.065114+00:00,unsw.edu.au,True,downloaded,200.0,https://www.humanrights.unsw.edu.au/research/commentary/social-determinants-justice-increase-risk-prison,44665.0,success,6628,1043,html,text/html; charset=UTF-8,The social determinants of justice: 8 factors that increase your risk of imprisonment,,2023-05-16,Australian Human Rights Institute,https://www.humanrights.unsw.edu.au/research/commentary/social-determinants-justice-increase-risk-prison,0.0,e22550b87fa0d381558d.txt,a71600becd4b677f11e1441cdf5f890f3a2bf8d4b9ba640728c125dde35875d3
e22b7ac323103b11e6c9,https://healthcare.gov/people-with-disabilities,2026-10-04T02:50:34.224559+00:00,healthcare.gov,True,downloaded,200.0,https://www.healthcare.gov/people-with-disabilities/,420999.0,success,929,159,html,text/html,"Health coverage options for people with disabilities in the Health Insurance Marketplace®, HealthCare.gov.",,2026-01-01,HealthCare.gov,https://www.healthcare.gov/people-with-disabilities/,0.0,e22b7ac323103b11e6c9.txt,d2f11025adb721a130139eca62938fdf28cd9345fa176dcbc2a48bd72a5142ba
e25abebd5d11ea66462a,https://pmc.ncbi.nlm.nih.gov/articles/PMC10525602,2026-10-04T02:50:34.332536+00:00,nih.gov,True,downloaded,200.0,https://pmc.ncbi.nlm.nih.gov/articles/PMC10525602,21371.0,success,131,18,html,text/html; charset=utf-8,Checking your browser,,2026-09-11,google.com,https://www.google.com/recaptcha/challengepage,0.0,e25abebd5d11ea66462a.txt,a29166d0eaaa418bd5af61a282f1183a46c84c4d5e4c90689b1b452d230d05cc
e2aaa44dbdf03dfcca87,https://pmc.ncbi.nlm.nih.gov/articles/PMC11024909,2026-10-04T02:50:37.069054+00:00,nih.gov,True,downloaded,200.0,https://pmc.ncbi.nlm.nih.gov/articles/PMC11024909/,178706.0,success,37774,5218,html,text/html; charset=utf-8,Understanding Multiprogram Take-Up of Safety Net Programs Among California Families,Marisa M Tsai; Joseph A Yeb; Kaitlyn E Jackson; Wendi Gosliner; Lia CH Fernald; Rita Hamad,2024-02-28,AJPM Focus,https://pmc.ncbi.nlm.nih.gov/articles/PMC11024909/,0.0,e2aaa44dbdf03dfcca87.txt,3b122afb96336296d37e61f1fc77e498af957d85e35da9741695be5d1f7ccad1
e2c8ac2c91f69e498f42,https://cambercollective.com/2024/01/04/public-benefit-disparities,2026-10-04T02:50:37.104905+00:00,cambercollective.com,True,downloaded,200.0,https://cambercollective.com/2024/01/04/public-benefit-disparities/,245783.0,success,28323,4102,html,text/html; charset=UTF-8,How Disparities in Public Benefit Access can be Addressed at the State Level,Manali Kulkarni,2024-01-04,cambercollective.com,https://cambercollective.com/2024/01/04/public-benefit-disparities/,0.0,e2c8ac2c91f69e498f42.txt,04288d9e2dc689b480915ea2a83b292227179df9331578734037e07963855a64
e2ed1e61fb969c56cbe9,https://americanprogress.org/article/5-reasons-support-affirmative-action-college-admissions,2026-10-04T02:50:37.552281+00:00,americanprogress.org,False,http_error,403.0,https://www.americanprogress.org/article/5-reasons-support-affirmative-action-college-admissions,5839.0,not_extracted,0,0,,text/html; charset=UTF-8,,,,,,0.0,,
e30d3062e0bbbfdecd26,https://experian.com/blogs/ask-experian/women-and-credit,2026-10-04T02:50:40.774933+00:00,experian.com,True,downloaded,200.0,https://www.experian.com/blogs/ask-experian/women-and-credit,227533.0,success,10452,1724,html,text/html,"Women and Credit 2020: What the Past Looked Like, What the Future Holds - Experian",Brianna McGurran,2020-02-28,Experian,https://www.experian.com/blogs/ask-experian/women-and-credit/,0.0,e30d3062e0bbbfdecd26.txt,066e030d10e3ddb44854cf982a9df6c587867673bad04d37628e74f696bdbe39
e3150dc8f93248f29d4f,https://redbanklegal.com/2026/01/15/disability-discrimination-law-firm,2026-10-04T02:50:41.812176+00:00,redbanklegal.com,False,http_error,403.0,http://www.redbanklegal.com/2026/01/15/disability-discrimination-law-firm,5717.0,not_extracted,0,0,,text/html; charset=UTF-8,,,,,,0.0,,
e37cad46c3bfc4ec1492,https://minneapolisfed.org/article/2024/lender-reported-reasons-for-mortgage-denials-dont-explain-racial-disparities,2026-10-04T02:50:42.444150+00:00,minneapolisfed.org,True,downloaded,200.0,https://www.minneapolisfed.org/article/2024/lender-reported-reasons-for-mortgage-denials-dont-explain-racial-disparities,246797.0,success,21197,3187,html,text/html; charset=utf-8,Lender-reported reasons for mortgage denials don’t explain racial disparities | Federal Reserve Bank of Minneapolis,,2024-01-18,minneapolisfed.org,https://www.minneapolisfed.org/article/2024/lender-reported-reasons-for-mortgage-denials-dont-explain-racial-disparities,0.0,e37cad46c3bfc4ec1492.txt,f91c9ab86f4f9b4e700b15241654baaff0884fdf8e06dd05f390c098a9990024
e3a89ec43be81f48c72f,https://disability-benefits-help.org/blog/gender-and-social-security-disability-benefits,2026-10-04T02:50:42.455174+00:00,disability-benefits-help.org,True,downloaded,200.0,https://www.disability-benefits-help.org/blog/gender-and-social-security-disability-benefits,41314.0,success,2427,387,html,text/html; charset=UTF-8,Does my gender affect my eligibility for disability benefits or the amount that I will be paid?,,2013-12-16,disability-benefits-help.org,https://www.disability-benefits-help.org/blog/gender-and-social-security-disability-benefits,0.0,e3a89ec43be81f48c72f.txt,352a6e270e71f7a21ea587eca4981b0eea0f597180e3e03f7b944f9105f34c8d
e3ce18f84c506fd95d7f,https://linkedin.com/pulse/50-key-factors-influencing-hiring-decisions-shailesh-kumar-mehta-sqthf,2026-10-04T02:50:43.938420+00:00,linkedin.com,False,robots_disallowed,,https://linkedin.com/pulse/50-key-factors-influencing-hiring-decisions-shailesh-kumar-mehta-sqthf,,not_extracted,0,0,,,,,,,,,,
e3e140b40c2eb058683f,https://medium.com/@ucgeorge/the-hidden-factors-that-impact-your-career-growth-0792e5210f18,2026-10-04T02:50:43.939013+00:00,medium.com,False,http_error,403.0,https://medium.com/@ucgeorge/the-hidden-factors-that-impact-your-career-growth-0792e5210f18,5402.0,not_extracted,0,0,,text/html; charset=UTF-8,,,,,,0.0,,
e4070c292d221e1580ab,https://link.springer.com/article/10.1007/s13178-025-01182-9,2026-10-04T02:50:45.705935+00:00,springer.com,False,robots_disallowed,,https://link.springer.com/article/10.1007/s13178-025-01182-9,,not_extracted,0,0,,,,,,,,,,
e44728089487fd06fde7,https://edsource.org/updates/more-black-and-latino-students-are-applying-for-colleges-but-fewer-are-getting-in,2026-10-04T02:50:45.706128+00:00,edsource.org,False,http_error,403.0,https://edsource.org/updates/more-black-and-latino-students-are-applying-for-colleges-but-fewer-are-getting-in,103.0,not_extracted,0,0,,text/html,,,,,,0.0,,
e4526c64ef16f0f9d447,https://meps.ahrq.gov/mepsweb/data_files/publications/rf17/rf17.shtml,2026-10-04T02:50:47.059481+00:00,ahrq.gov,True,downloaded,200.0,https://meps.ahrq.gov/mepsweb/data_files/publications/rf17/rf17.shtml,578950.0,success,120083,22108,html,text/html; charset=windows-1252,"Research Findings #17: Women in the Health Care System: Health Status, Insurance, and Access to Care",,1996-01-01,meps.ahrq.gov,https://meps.ahrq.gov/mepsweb/data_files/publications/rf17/rf17.shtml,0.0,e4526c64ef16f0f9d447.txt,886a8bbbc4f0f7723b47789bf673d1e942ccb7e136e2c7263f25897933ed75d6
e4611b486758bcaf966e,https://cbpp.org/research/geographic-pattern-of-disability-receipt-largely-reflects-economic-and-demographic-factors,2026-10-04T02:50:48.376165+00:00,cbpp.org,False,http_error,403.0,https://cbpp.org/research/geographic-pattern-of-disability-receipt-largely-reflects-economic-and-demographic-factors,6158.0,not_extracted,0,0,,text/html; charset=UTF-8,,,,,,0.0,,
e48dbddb4595b8194e4f,https://habitatcltregion.org/blog/homeownership-in-latino-and-hispanic-communities,2026-10-04T02:50:49.202842+00:00,habitatcltregion.org,True,downloaded,200.0,https://www.habitatcltregion.org/blog/homeownership-in-latino-and-hispanic-communities,446049.0,success,6490,951,html,text/html; charset=utf-8,Homeownership in Latino and Hispanic Communities | Habitat Charlotte Region,,2025-08-13,Habitat for Humanity of the Charlotte Region,https://www.habitatcltregion.org/blog/homeownership-in-latino-and-hispanic-communities,0.0,e48dbddb4595b8194e4f.txt,52130bd4581e3b9c65fb1f77b0684a6c1c9d210b5881bbb4bbca50f4e8fea3ab
e4af7af00e6ddb6f72bd,https://dwd.wisconsin.gov/er/digest/125.3.htm,2026-10-04T02:50:49.387689+00:00,wisconsin.gov,True,downloaded,200.0,https://dwd.wisconsin.gov/er/digest/125.3.htm,96686.0,success,9046,1439,html,text/html,"125.3 Conditions of employment, harassment because of race",,2014-03-06,dwd.wisconsin.gov,https://dwd.wisconsin.gov/er/digest/125.3.htm,0.0,e4af7af00e6ddb6f72bd.txt,b1134a650e11d25baf8434f62dd5fe8be33b149bca4dc081d9ed45f7001df1c0
e4c343dbfd5521214647,https://kff.org/affordable-care-act/health-care-access-and-coverage-for-the-lesbian-gay-bisexual-and-transgender-lgbt-community-in-the-united-states-opportunities-and-challenges-in-a-new-era,2026-10-04T02:50:49.675528+00:00,kff.org,True,downloaded,200.0,https://www.kff.org/affordable-care-act/health-care-access-and-coverage-for-the-lesbian-gay-bisexual-and-transgender-lgbt-community-in-the-united-states-opportunities-and-challenges-in-a-new-era/,119746.0,success,8914,1372,html,text/html; charset=UTF-8,"Health Care Access and Coverage for the Lesbian, Gay, Bisexual, and Transgender (LGBT) Community in the United States: Opportunities and Challenges in a New Era | KFF",Jennifer Kates; Usha Ranji,2014-02-21,"KFF - The independent source for health policy research, polling, and news",https://www.kff.org/affordable-care-act/health-care-access-and-coverage-for-the-lesbian-gay-bisexual-and-transgender-lgbt-community-in-the-united-states-opportunities-and-challenges-in-a-new-era/,0.0,e4c343dbfd5521214647.txt,67d849d0dd41ff49f5a8740b46868c5584d0eb71f1147661a7aa57a89d5021a5
e4ef4d139e689c7b78ef,https://pmc.ncbi.nlm.nih.gov/articles/PMC11782051,2026-10-04T02:50:51.431234+00:00,nih.gov,True,downloaded,200.0,https://pmc.ncbi.nlm.nih.gov/articles/PMC11782051/,171944.0,success,42562,5984,html,text/html; charset=utf-8,Barriers to quality healthcare among transgender and gender nonconforming adults,Kedryn Berrian; Marci D Exsted; Nik M Lampe; Sayer L Pease; Ellesse‐Roselee L Akré,2024-07-10,Health Services Research,https://pmc.ncbi.nlm.nih.gov/articles/PMC11782051/,0.0,e4ef4d139e689c7b78ef.txt,fafb9aa014c0906c13558b0b6ea35c4a52cc7ab1176304cab69906f12138e4f6
e54df6359994b4c428fb,http://nami.org/advocacy-at-nami/policy-positions/supporting-community-inclusion-and-non-discrimination/social-determinants-of-health-housing,2026-10-04T02:50:51.557733+00:00,nami.org,False,http_error,403.0,https://nami.org/advocacy-at-nami/policy-positions/supporting-community-inclusion-and-non-discrimination/social-determinants-of-health-housing,6072.0,not_extracted,0,0,,text/html; charset=UTF-8,,,,,,0.0,,
e5517fd19286703fa11f,https://finovate.com/fintech-and-the-lgbtq-community-3-resources-for-banking-and-financial-wellness,2026-10-04T02:50:51.891928+00:00,finovate.com,True,downloaded,200.0,https://finovate.com/fintech-and-the-lgbtq-community-3-resources-for-banking-and-financial-wellness/,116323.0,success,5588,846,html,text/html; charset=UTF-8,Fintech and the LGBTQ Community: 3 Resources for Banking and Financial Wellness - Finovate,David Penn,2022-06-01,Finovate.com,https://finovate.com/fintech-and-the-lgbtq-community-3-resources-for-banking-and-financial-wellness/,0.0,e5517fd19286703fa11f.txt,d3df015435530ffbc8fa51b30ff5c75db7be8665fbc2cb019a216a380f74d9c1
e55c1ef739b07c74ad84,https://wol.iza.org/articles/sexual-orientation-and-labor-market-outcomes/long,2026-10-04T02:50:52.194861+00:00,iza.org,False,robots_disallowed,,https://wol.iza.org/articles/sexual-orientation-and-labor-market-outcomes/long,,not_extracted,0,0,,,,,,,,,,
e57b55d6f8be5ad173cc,https://journals.uchicago.edu/doi/full/10.1086%2F701423,2026-10-04T02:50:52.195057+00:00,uchicago.edu,False,http_error,403.0,https://journals.uchicago.edu/doi/full/10.1086%2F701423,5750.0,not_extracted,0,0,,text/html; charset=UTF-8,,,,,,0.0,,
e57e47dd6ee9b35ba01a,https://lundelllawfirm.com/post/common-sources-of-workplace-harassment,2026-10-04T02:50:52.431371+00:00,lundelllawfirm.com,True,downloaded,200.0,https://www.lundelllawfirm.com/post/common-sources-of-workplace-harassment,841625.0,success,4131,651,html,text/html; charset=UTF-8,COMMON SOURCES OF WORKPLACE HARASSMENT,LUNDELL LAW,2021-05-23,Lundell Law Firm,https://www.lundelllawfirm.com/post/common-sources-of-workplace-harassment,0.0,e57e47dd6ee9b35ba01a.txt,67e4cf1a9cbbe89590ed6cfa9cfca221e074b9f01cb069119410416a254ac779
e585bc2eb81abb760dfc,https://youtube.com/watch?v=SxOD7cBDoxM,2026-10-04T02:50:53.231242+00:00,youtube.com,True,downloaded,200.0,https://www.youtube.com/watch?v=SxOD7cBDoxM,1175177.0,success,146,23,html,text/html; charset=utf-8,"Workplace Harassment Based on Sexual Orientation -- ""When Can I Sue My Boss?""",,2025-11-21,YouTube,https://www.youtube.com/watch?v=SxOD7cBDoxM,0.0,e585bc2eb81abb760dfc.txt,8dbba17988e385133ba8f51d76cde1fc2c859262b666cb848e9cfe2478fd5e71
e5d1b70b8330a164f383,https://scholarworks.calstate.edu/downloads/bv73c633w,2026-10-04T02:50:54.527076+00:00,calstate.edu,False,http_error,403.0,https://scholarworks.calstate.edu/downloads/bv73c633w,4910.0,not_extracted,0,0,,text/html; charset=UTF-8,,,,,,0.0,,
e5d3c951d63debf7d855,https://pointfoundation.org/hubfs/Research%20Reports/2111-Trans-Higher-Ed-FINAL.pdf,2026-10-04T02:50:55.349207+00:00,pointfoundation.org,True,downloaded,200.0,https://pointfoundation.org/hubfs/Research%20Reports/2111-Trans-Higher-Ed-FINAL.pdf,2976634.0,success,53649,7510,pdf,application/pdf,,,,,,0.0,e5d3c951d63debf7d855.txt,c6bac78c0d1207ce274e4764fd0e921bfcbeea8d832c87386fd37a133b3f5adb
e5ee56ed37d8b4c34dd4,https://studentscholarships.org/articles/856/education-and-equity-bridging-the-opportunity-gap,2026-10-04T02:50:56.040959+00:00,studentscholarships.org,False,http_error,403.0,https://studentscholarships.org/articles/856/education-and-equity-bridging-the-opportunity-gap,5835.0,not_extracted,0,0,,text/html; charset=UTF-8,,,,,,0.0,,
e5f919c4da68f6c89e9d,https://pmc.ncbi.nlm.nih.gov/articles/PMC5370590,2026-10-04T02:50:56.181065+00:00,nih.gov,True,downloaded,200.0,https://pmc.ncbi.nlm.nih.gov/articles/PMC5370590/,184139.0,success,51473,7765,html,text/html; charset=utf-8,Racial and Ethnic Disparities in Health Insurance Coverage: Dynamics of Gaining and Losing Coverage over the Life-Course,Heeju Sohn,2016-10-15,Population research and policy review,https://pmc.ncbi.nlm.nih.gov/articles/PMC5370590/,0.0,e5f919c4da68f6c89e9d.txt,1411efe0cd50c9dd444d6e48fe6e9efcad3d6f5889f4f12dd214768d52c6d025
e63e646c68042089a365,https://jec.senate.gov/public/_cache/files/2756e78d-cd64-4413-8d26-a4f9c2756947/banking-and-financial-exclusion-final.pdf,2026-10-04T02:50:57.079650+00:00,senate.gov,False,http_error,403.0,https://www.jec.senate.gov/public/_cache/files/2756e78d-cd64-4413-8d26-a4f9c2756947/banking-and-financial-exclusion-final.pdf,566.0,not_extracted,0,0,,text/html,,,,,,0.0,,
e6834740e8a7bf5c9b9e,https://healthaffairs.org/doi/10.1377/hlthaff.2024.00672,2026-10-04T02:50:58.080768+00:00,healthaffairs.org,False,http_error,403.0,https://healthaffairs.org/doi/10.1377/hlthaff.2024.00672,5719.0,not_extracted,0,0,,text/html; charset=UTF-8,,,,,,0.0,,
e6e6bd74c1e8f1785dfb,https://homelesshub.ca/collection/homelessness-101/what-are-the-causes-of-homelessness,2026-10-04T02:50:58.174347+00:00,homelesshub.ca,False,http_error,403.0,https://homelesshub.ca/collection/homelessness-101/what-are-the-causes-of-homelessness,52.0,not_extracted,0,0,,text/html,,,,,,0.0,,
e74c8efcab93c137640a,https://bestcolleges.com/resources/history-women-higher-education,2026-10-04T02:50:59.213173+00:00,bestcolleges.com,True,downloaded,200.0,https://www.bestcolleges.com/resources/history-women-higher-education/,396934.0,success,13454,2092,html,text/html; charset=utf-8,A History of Women in Higher Education | BestColleges,Margaret Attridge,2021-03-15,bestcolleges.com,https://www.bestcolleges.com/resources/history-women-higher-education/,0.0,e74c8efcab93c137640a.txt,22fe8f51a720104b497b176c2b324181ed773616f51217e9fa5d96161ba20a6b
e763956ae024abb886de,https://researchforaction.org/research-resources/k-12/unequal-access-to-educational-opportunity-in-the-united-states,2026-10-04T02:50:59.725114+00:00,researchforaction.org,True,downloaded,200.0,https://www.researchforaction.org/research-resources/k-12/unequal-access-to-educational-opportunity-in-the-united-states/,104855.0,success,1810,278,html,text/html; charset=UTF-8,Unequal Access to Educational Opportunity in the United States - Research for Action,Anna Shaw-Amoah; David Lapp,2022-10-06,Research for Action,https://www.researchforaction.org/research-resources/k-12/unequal-access-to-educational-opportunity-in-the-united-states/,0.0,e763956ae024abb886de.txt,aa15e097ce5ab955f2d62e1832b95403d6962e0050b110046b81e076ffe27563
e77257feb1f66a9e3cd6,https://youtube.com/watch?t=100s&v=OQr00k_iJ3k,2026-10-04T02:51:00.215363+00:00,youtube.com,True,downloaded,200.0,https://www.youtube.com/watch?t=100s&v=OQr00k_iJ3k,1255978.0,success,146,23,html,text/html; charset=utf-8,Understanding School Bullying: Why It Happens & How to Prevent It | S5E2,,2024-11-21,YouTube,https://www.youtube.com/watch?v=OQr00k_iJ3k,0.0,e77257feb1f66a9e3cd6.txt,8dbba17988e385133ba8f51d76cde1fc2c859262b666cb848e9cfe2478fd5e71
e792e5f8024dbb33ba8f,https://pmc.ncbi.nlm.nih.gov/articles/PMC4554714,2026-10-04T02:51:00.962201+00:00,nih.gov,True,downloaded,200.0,https://pmc.ncbi.nlm.nih.gov/articles/PMC4554714,21366.0,success,131,18,html,text/html; charset=utf-8,Checking your browser,,2026-09-11,google.com,https://www.google.com/recaptcha/challengepage,0.0,e792e5f8024dbb33ba8f.txt,a29166d0eaaa418bd5af61a282f1183a46c84c4d5e4c90689b1b452d230d05cc
e7ee35e8768cc98b3be8,https://urban.org/urban-wire/improving-homebuying-opportunities-latino-families-would-benefit-entire-housing-market,2026-10-04T02:51:01.057525+00:00,urban.org,False,http_error,403.0,https://www.urban.org/urban-wire/improving-homebuying-opportunities-latino-families-would-benefit-entire-housing-market,6014.0,not_extracted,0,0,,text/html; charset=UTF-8,,,,,,0.0,,
e8047f942e7e8872da20,https://poverty.ucdavis.edu/post/safety-net-programs-underused-eligible-hispanic-families,2026-10-04T02:51:01.788749+00:00,ucdavis.edu,True,downloaded,200.0,https://poverty.ucdavis.edu/post/safety-net-programs-underused-eligible-hispanic-families,159283.0,success,12933,1900,html,text/html; charset=utf-8,Safety-Net Programs Underused by Eligible Hispanic Families - Center for Poverty and Inequality Research,,2012-09-12,Center for Poverty and Inequality Research,https://poverty.ucdavis.edu/post/safety-net-programs-underused-eligible-hispanic-families,0.0,e8047f942e7e8872da20.txt,700da1729fcf54d9f92582acfbf290236a6457e6daa0e17f9a7f76d343775040
e816143f36909595c6cc,https://naceweb.org/job-market/trends-and-predictions/early-career-talent-and-the-effects-of--gender,2026-10-04T02:51:02.614119+00:00,naceweb.org,True,downloaded,200.0,https://naceweb.org/job-market/trends-and-predictions/early-career-talent-and-the-effects-of--gender,70647.0,success,9320,1489,html,text/html; charset=utf-8,Early Career Talent and the Effects of Gender,Mary Gatta; Sasha Patil,2025-05-05,Default,https://naceweb.org/job-market/trends-and-predictions/07f1b4cf-1f61-4693-9410-c74cd22c80c0,0.0,e816143f36909595c6cc.txt,0f00e951ccc30c8d55f6346427a18a3ac12c0dab8109545698bcc68ca250c61d
e8790a9a9837dd8876a5,https://freopp.org/whitepapers/fixing-the-broken-incentives-in-the-u-s-welfare-system,2026-10-04T02:51:03.504781+00:00,freopp.org,True,downloaded,200.0,https://freopp.org/whitepapers/fixing-the-broken-incentives-in-the-u-s-welfare-system/,118946.0,success,38058,5942,html,text/html; charset=UTF-8,Fixing the Broken Incentives in the U.S. Welfare System - FREOPP,Michael Tanner “I feel that the purpose,2026-07-23,The Foundation for Research on Equal Opportunity,https://freopp.org/whitepapers/fixing-the-broken-incentives-in-the-u-s-welfare-system/,0.0,e8790a9a9837dd8876a5.txt,9ff39db985cdb0bdf97af7dec065d7b80406d0ead1b98edfe04aacfddac6eb50
e8e4f30441bc3743c7b9,https://nefe.org/news/2022/06/lgbtqia-discrimination-in-financial-services.aspx,2026-10-04T02:51:04.194245+00:00,nefe.org,True,downloaded,200.0,https://www.nefe.org/news/2022/06/lgbtqia-discrimination-in-financial-services.aspx,80154.0,success,5813,855,html,text/html; charset=utf-8,"Nearly 1 in 3 LGBTQIA+ Respondents Say They’ve Experienced Discrimination, Bias in Financial Services",Beth Bean; Senior Vice President; Research; Policy,2022-06-24,NEFE_org,https://www.nefe.org/news/2022/06/lgbtqia-discrimination-in-financial-services,0.0,e8e4f30441bc3743c7b9.txt,3e5745bb978ef7b6f2e0266029abd8b22bf9c01cac5e1cb22a094e63044cba8f
e9123aab8fc77dc6fb16,https://pn3policy.org/blog/administrative-burden-blog,2026-10-04T02:51:04.224475+00:00,pn3policy.org,True,downloaded,200.0,https://pn3policy.org/blog/administrative-burden-blog,332540.0,success,7800,1153,html,text/html; charset=UTF-8,Administrative Burden: Everyone Pays when Eligible Families Can't Access Public Assistance - Prenatal-to-3 Policy Impact Center,PN,2023-07-17,Prenatal-to-3 Policy Impact Center,https://pn3policy.org/blog/administrative-burden-blog/,0.0,e9123aab8fc77dc6fb16.txt,4c82f8ee746ffae6641cc8d23aa343f2a6cec4238dcd5f797ded4344db58fef7
e922c65ee544c22db507,https://unidosus.org/higher-ed,2026-10-04T02:51:04.995898+00:00,unidosus.org,True,downloaded,200.0,https://unidosus.org/higher-ed/,175881.0,success,8237,1256,html,text/html; charset=UTF-8,Higher Ed,,2026-10-01,UnidosUS,https://unidosus.org/higher-ed/,0.0,e922c65ee544c22db507.txt,59969e97c4bf60b7414a354976388a3ba45ed0bcdfb66b2b0c4afce2ba0ea88f
e925e6983272dcb10680,https://unidosus.org/blog/2022/09/28/latinos-remain-disproportionately-impacted-by-food-insecurity-usda-can-make-progress-on-equity-and-racial-justice,2026-10-04T02:51:06.327738+00:00,unidosus.org,True,downloaded,200.0,https://unidosus.org/blog/2022/09/28/latinos-remain-disproportionately-impacted-by-food-insecurity-usda-can-make-progress-on-equity-and-racial-justice/,102722.0,success,8450,1200,html,text/html; charset=UTF-8,Latinos remain disproportionately impacted by food insecurity. USDA can make progress on equity and racial justice.,John Vergara; UnidosUS,2022-09-28,UnidosUS,https://unidosus.org/blog/2022/09/28/latinos-remain-disproportionately-impacted-by-food-insecurity-usda-can-make-progress-on-equity-and-racial-justice/,0.0,e925e6983272dcb10680.txt,26084ca1c26d9ee664524f84368c531c55ab5d342f10c01ccba9f4e66319c2a3
e94101cef2dd037141fd,https://youtube.com/shorts/bma-nImTFsQ,2026-10-04T02:51:07.079554+00:00,youtube.com,True,downloaded,200.0,https://www.youtube.com/shorts/bma-nImTFsQ,1663108.0,success,146,23,html,text/html; charset=utf-8,Who Gets Welfare | Demographics of Welfare #SOC119 #Welfare,,2025-09-29,YouTube,https://www.youtube.com/shorts/bma-nImTFsQ,0.0,e94101cef2dd037141fd.txt,8dbba17988e385133ba8f51d76cde1fc2c859262b666cb848e9cfe2478fd5e71
e94d3e3e9b396dc106dd,https://ed.gov/laws-and-policy/civil-rights-laws/ensuring-equal-access,2026-10-04T02:51:08.768220+00:00,ed.gov,False,http_error,403.0,https://www.ed.gov/laws-and-policy/civil-rights-laws/ensuring-equal-access,11706.0,not_extracted,0,0,,text/html,,,,,,0.0,,
e9623891f87255ed53a8,https://additionsolutions.co.uk/the-psychology-of-hiring-what-makes-a-great-candidate-stand-out,2026-10-04T02:51:09.218890+00:00,additionsolutions.co.uk,True,downloaded,200.0,https://www.additionsolutions.co.uk/the-psychology-of-hiring-what-makes-a-great-candidate-stand-out,255027.0,success,3315,456,html,text/html;charset=utf-8,THE PSYCHOLOGY OF HIRING: WHAT MAKES A GREAT CANDIDATE STAND OUT?,Shazamme System User • August,2025-03-17,additionsolutions.co.uk,https://www.additionsolutions.co.uk/the-psychology-of-hiring-what-makes-a-great-candidate-stand-out,0.0,e9623891f87255ed53a8.txt,b8abad5472463288024cd7e1937fc53a8068444c55bad11e78a94f984aa06f36
e9718c8d61bc478e8ab2,https://apps.urban.org/features/latino-criminal-justice-data,2026-10-04T02:51:09.942352+00:00,urban.org,True,downloaded,200.0,https://apps.urban.org/features/latino-criminal-justice-data/,18042.0,success,129,21,html,text/html; charset=UTF-8,The Alarming Lack of Data on Latinos in the Criminal Justice System,,2016-12-14,Urbaninstitute,http://urbn.is/cjdata,0.0,e9718c8d61bc478e8ab2.txt,f28d65aa0622f15656b0d3ec515c6fe7534cbefb28834f1c07e479f466313230
e971ba7c6e8e610c6260,https://opportunityhome.org/resources/disability-rights-advocates-and-housing-fact-sheet,2026-10-04T02:51:10.521516+00:00,opportunityhome.org,False,http_error,404.0,https://opportunityhome.org/resources/disability-rights-advocates-and-housing-fact-sheet,10.0,not_extracted,0,0,,text/plain; charset=utf-8,,,,,,0.0,,
e98593ff158abb7d736f,https://prisonpolicy.org/blog/2019/05/14/policingwomen,2026-10-04T02:51:10.547520+00:00,prisonpolicy.org,True,downloaded,200.0,https://www.prisonpolicy.org/blog/2019/05/14/policingwomen/,80778.0,success,29403,4996,html,text/html; charset=UTF-8,"Policing Women: Race and gender disparities in police stops, searches, and use of force",Prison Policy Initiative,2019-05-14,PrisonPolicy,https://www.prisonpolicy.org/blog/2019/05/14/policingwomen/,0.0,e98593ff158abb7d736f.txt,be1ea6d37bd8558c82531d1f10c086e29e41ab8870f99d157d697665c5451ad8
e98a6da886be611ccf38,https://pubmed.ncbi.nlm.nih.gov/39780193,2026-10-04T02:51:11.167023+00:00,nih.gov,True,downloaded,203.0,https://pubmed.ncbi.nlm.nih.gov/39780193/,5590.0,success,100,14,html,text/html; charset=utf-8,Cookies must be enabled,,,pubmed.ncbi.nlm.nih.gov,https://pubmed.ncbi.nlm.nih.gov/39780193/,0.0,e98a6da886be611ccf38.txt,f193d0de906419650acf171625dbd67f88f297290893b5473e1d8365c03d4b59
e99073fdf7eb4aff8fdb,https://highereddive.com/news/transgender-college-student-supports-trump/746381,2026-10-04T02:51:11.491080+00:00,highereddive.com,True,downloaded,200.0,https://www.highereddive.com/news/transgender-college-student-supports-trump/746381/,234480.0,success,12727,1940,html,text/html; charset=utf-8,How colleges can support transgender students amid the Trump administration,Danielle McLean,2025-04-28,Higher Ed Dive,https://www.highereddive.com/news/transgender-college-student-supports-trump/746381/,0.0,e99073fdf7eb4aff8fdb.txt,ed1d3891eb86a0b8f051a7db4a7ec119b1f80d0c0ecc54df5df734a1dcd11625
e9a242209192007679de,https://justice.gc.ca/socjs-esjp/en/women-femmes/ao-ad,2026-10-04T02:51:13.612611+00:00,justice.gc.ca,True,downloaded,200.0,https://justice.gc.ca/socjs-esjp/en/women-femmes/ao-ad,35543.0,success,5777,816,html,text/html; charset=utf-8,Content page - Web Experience Toolkit,French name; Nom en français de l'auteur du contenu,2025-11-25,justice.gc.ca,https://justice.gc.ca/socjs-esjp/en/women-femmes/ao-ad,0.0,e9a242209192007679de.txt,8bdfaa59e52b235354a81c93bd55d565010df93ed965d7feec7251c3c573afd5
ea09a7afcf87a62cdf50,https://apa.org/topics/healthy-workplaces/growth-opportunities,2026-10-04T02:51:13.907840+00:00,apa.org,True,downloaded,200.0,https://www.apa.org/topics/healthy-workplaces/growth-opportunities,212.0,empty_text,0,0,html,text/html,,,,apa.org,https://www.apa.org/topics/healthy-workplaces/growth-opportunities,0.0,ea09a7afcf87a62cdf50.txt,e3b0c44298fc1c149afbf4c8996fb92427ae41e4649b934ca495991b7852b855
ea20398a95be00073735,https://cepr.org/voxeu/columns/gender-bias-access-finance-and-implications-capital-misallocation,2026-10-04T02:51:14.551230+00:00,cepr.org,False,http_error,403.0,https://cepr.org/voxeu/columns/gender-bias-access-finance-and-implications-capital-misallocation,5797.0,not_extracted,0,0,,text/html; charset=UTF-8,,,,,,0.0,,
ea3324a819c614b0ba12,https://eprints.leedsbeckett.ac.uk/id/eprint/1648/2/Revised%20Manuscript%20.pdf,2026-10-04T02:51:14.967444+00:00,leedsbeckett.ac.uk,True,downloaded,200.0,https://eprints.leedsbeckett.ac.uk/id/eprint/1648/2/Revised%20Manuscript%20.pdf,115031.0,success,38679,5828,pdf,application/pdf,,,,,,0.0,ea3324a819c614b0ba12.txt,df4a015589edf6997ca318f3b54c8bea56fb62cd2a43ad95e3a23907987f003e
ea566f4b31de68c6db97,https://unidosus.org/wp-content/uploads/2021/07/27583file_congressionalbriefing.pdf,2026-10-04T02:51:16.664915+00:00,unidosus.org,True,downloaded,200.0,https://unidosus.org/wp-content/uploads/2021/07/27583file_congressionalbriefing.pdf,458065.0,success,6983,922,pdf,application/pdf,,,,,,0.0,ea566f4b31de68c6db97.txt,4689445f46fce0e4da7da1350db918c622a297f6944042cb12a4579454d2fd61
ea59cd6ef55d261386f1,https://pubmed.ncbi.nlm.nih.gov/37782861,2026-10-04T02:51:17.659191+00:00,nih.gov,True,downloaded,203.0,https://pubmed.ncbi.nlm.nih.gov/37782861/,5590.0,success,100,14,html,text/html; charset=utf-8,Cookies must be enabled,,,pubmed.ncbi.nlm.nih.gov,https://pubmed.ncbi.nlm.nih.gov/37782861/,0.0,ea59cd6ef55d261386f1.txt,f193d0de906419650acf171625dbd67f88f297290893b5473e1d8365c03d4b59
eaf961400280cf40c99a,https://scholarworks.wmich.edu/cgi/viewcontent.cgi?article=3024&context=jssw,2026-10-04T02:51:17.694832+00:00,wmich.edu,False,http_error,403.0,https://scholarworks.wmich.edu/cgi/viewcontent.cgi?article=3024&context=jssw,5791.0,not_extracted,0,0,,text/html; charset=UTF-8,,,,,,0.0,,
eafe430211e10444eea7,https://minneapolisfed.org/-/media/assets/events/2025/2025-institute-research-conference/the-determinants-of-credit-access-in-the-united-states.pdf,2026-10-04T02:51:17.779359+00:00,minneapolisfed.org,True,downloaded,200.0,https://www.minneapolisfed.org/-/media/assets/events/2025/2025-institute-research-conference/the-determinants-of-credit-access-in-the-united-states.pdf,3924807.0,success,139091,21859,pdf,application/pdf,,,,,,0.0,eafe430211e10444eea7.txt,611567462a67405f0bc18345da52a21f85050f3860bf8a851930cb120c9e10e0
eb1c571f7cc9642b549b,https://sciencedirect.com/science/article/abs/pii/S1544612316300459,2026-10-04T02:51:17.982576+00:00,sciencedirect.com,False,http_error,403.0,https://www.sciencedirect.com/science/article/abs/pii/S1544612316300459,1207905.0,not_extracted,0,0,,text/html; charset=UTF-8,,,,,,0.0,,
eb29811d3b0faf0a7fdc,https://transgenderlawcenter.org/resources/law-enforcement-interactions-rights-and-realities,2026-10-04T02:51:18.055192+00:00,transgenderlawcenter.org,True,downloaded,200.0,https://transgenderlawcenter.org/resources/law-enforcement-interactions-rights-and-realities/,182515.0,success,30126,4880,html,text/html; charset=UTF-8,Transgender people and law enforcement interactions: Rights and Realities - Transgender Law Center,,2026-09-08,Transgender Law Center,https://transgenderlawcenter.org/resources/law-enforcement-interactions-rights-and-realities/,0.0,eb29811d3b0faf0a7fdc.txt,0a08884491769e7ba11506d2eac85de156bd2244400612d900f8071b9c1445d2
eb536516942e3c316472,https://ussc.gov/sites/default/files/pdf/research-and-publications/research-publications/2023/20231114_Demographic-Differences.pdf,2026-10-04T02:51:19.960234+00:00,ussc.gov,False,curl_error,0.0,https://ussc.gov/sites/default/files/pdf/research-and-publications/research-publications/2023/20231114_Demographic-Differences.pdf,,not_extracted,0,0,,,,,,,,6.0,,
eb6baecc3a704fa8554b,https://nmmc.org/mens-health-and-preventive-care-why-routine-checkups-matter,2026-10-04T02:51:21.032166+00:00,nmmc.org,True,downloaded,200.0,https://nmmc.org/mens-health-and-preventive-care-why-routine-checkups-matter/,224201.0,success,3122,459,html,text/html; charset=UTF-8,Men’s Health and Preventive Care: Why Routine Checkups Matter - Northern Maine Medical Center,Lindsay Crampton,2026-06-04,Northern Maine Medical Center,https://nmmc.org/mens-health-and-preventive-care-why-routine-checkups-matter/,0.0,eb6baecc3a704fa8554b.txt,3a8a9d07eac91f453dd6e0008d59364b30627fcfee46e863af1f4917346c7291
ebcb0c2c35c0eeeb5c23,https://psnet.ahrq.gov/perspective/equity-patient-safety,2026-10-04T02:51:21.180868+00:00,ahrq.gov,False,http_error,403.0,https://psnet.ahrq.gov/perspective/equity-patient-safety,986.0,not_extracted,0,0,,text/html,,,,,,0.0,,
ec26790291d393dae7d6,https://compass.onlinelibrary.wiley.com/doi/10.1111/j.1751-9020.2012.00459.x,2026-10-04T02:51:21.301766+00:00,wiley.com,False,http_error,403.0,https://compass.onlinelibrary.wiley.com/doi/10.1111/j.1751-9020.2012.00459.x,5837.0,not_extracted,0,0,,text/html; charset=UTF-8,,,,,,0.0,,
ec6cfa598c1cb6ab0699,https://facebook.com/wqad8/posts/a-first-of-its-kind-report-was-released-earlier-this-year-examining-the-structur/1639230681123662,2026-10-04T02:51:21.730092+00:00,facebook.com,False,robots_disallowed,,https://facebook.com/wqad8/posts/a-first-of-its-kind-report-was-released-earlier-this-year-examining-the-structur/1639230681123662,,not_extracted,0,0,,,,,,,,,,
ec7b44c925312f6e6a62,https://gao.gov/women-and-gender-public-policy,2026-10-04T02:51:21.730386+00:00,gao.gov,False,http_error,403.0,https://www.gao.gov/women-and-gender-public-policy,411.0,not_extracted,0,0,,text/html,,,,,,0.0,,
ec7d704bca1818930516,https://sciencedirect.com/science/article/pii/S0929119920302261,2026-10-04T02:51:22.567888+00:00,sciencedirect.com,False,http_error,403.0,https://www.sciencedirect.com/science/article/pii/S0929119920302261,1207849.0,not_extracted,0,0,,text/html; charset=UTF-8,,,,,,0.0,,
eccb5c4868c6a3d40dab,https://bettercarenetwork.org/library/particular-threats-to-childrens-care-and-protection/effects-of-institutional-care/beyond-the-walls-systemic-barriers-to-education-in-institutional-care-and-the-role-of-social-work,2026-10-04T02:51:24.233142+00:00,bettercarenetwork.org,True,downloaded,200.0,https://bettercarenetwork.org/library/particular-threats-to-childrens-care-and-protection/effects-of-institutional-care/beyond-the-walls-systemic-barriers-to-education-in-institutional-care-and-the-role-of-social-work,86703.0,success,1594,196,html,text/html; charset=UTF-8,Beyond the Walls: Systemic Barriers to Education in Institutional Care and the Role of Social Work,Abdul Rasheed K M; Dr Noor Mubashir,2025-12-01,bettercarenetwork.org,https://bettercarenetwork.org/library/particular-threats-to-childrens-care-and-protection/effects-of-institutional-care/beyond-the-walls-systemic-barriers-to-education-in-institutional-care-and-the-role-of-social-work,0.0,eccb5c4868c6a3d40dab.txt,aad80853bbf501ee1da4115f62c591a8b91ad40d9f68e548ed3aa0341929ebaa
ece66012aac19a1e8b86,https://naacpldf.org/pride-history-police-violence,2026-10-04T02:51:24.495265+00:00,naacpldf.org,True,downloaded,200.0,https://www.naacpldf.org/pride-history-police-violence,161638.0,success,7370,1084,html,text/html; charset=UTF-8,"Stonewall, Rebellion and Pride: How Police Fail LGBTQ+ Communities",Mariel Fernandez,2025-05-22,Legal Defense Fund,https://www.naacpldf.org/pride-history-police-violence/,0.0,ece66012aac19a1e8b86.txt,c0d4f889603c8482bb0ee7a489633f819f77966d0a3e6b501400cbcb7483d7e3
ed19e9cbb61aa338feb4,https://voxdev.org/voxdevlit/female-labour-force-participation-issue-2/factors-affect-employers-decision-hire-female,2026-10-04T02:51:24.523989+00:00,voxdev.org,False,http_error,403.0,https://voxdev.org/voxdevlit/female-labour-force-participation-issue-2/factors-affect-employers-decision-hire-female,5947.0,not_extracted,0,0,,text/html; charset=UTF-8,,,,,,0.0,,
ed24b348dd5d600518dd,https://pmc.ncbi.nlm.nih.gov/articles/PMC9707003,2026-10-04T02:51:25.339211+00:00,nih.gov,True,downloaded,200.0,https://pmc.ncbi.nlm.nih.gov/articles/PMC9707003/,245168.0,success,68432,10053,html,text/html; charset=utf-8,"Policing sexuality: Sexual minority youth, police contact, and health inequity",Gabriel L Schwartz; Jaquelyn L Jahn; Amanda Geller,2022-11-17,SSM - Population Health,https://pmc.ncbi.nlm.nih.gov/articles/PMC9707003/,0.0,ed24b348dd5d600518dd.txt,bac2afb8ca42cc1e586e9af4f794c09c44668f44a55cd6a0e5fd672a9c551454
ed69912f1fd695863966,https://normtherapy.com/blog/examining-the-disparities-in-assistance-for-homeless-men,2026-10-04T02:51:25.723573+00:00,normtherapy.com,True,downloaded,200.0,https://normtherapy.com/blog/examining-the-disparities-in-assistance-for-homeless-men/,85513.0,success,7817,1040,html,text/html; charset=UTF-8,Examining the Disparities in Assistance for Homeless Men,,2025-03-07,normtherapy.com,https://normtherapy.com/blog/examining-the-disparities-in-assistance-for-homeless-men/,0.0,ed69912f1fd695863966.txt,8d30f2fd136afaac65250ef3167ecb09a38a7bd20771397c5e65d5c907750189
ed7084f25bfef33be953,https://pmc.ncbi.nlm.nih.gov/articles/PMC2764043,2026-10-04T02:51:27.024272+00:00,nih.gov,True,downloaded,200.0,https://pmc.ncbi.nlm.nih.gov/articles/PMC2764043,21365.0,success,131,18,html,text/html; charset=utf-8,Checking your browser,,2026-09-11,google.com,https://www.google.com/recaptcha/challengepage,0.0,ed7084f25bfef33be953.txt,a29166d0eaaa418bd5af61a282f1183a46c84c4d5e4c90689b1b452d230d05cc
edcdc6b4ab2c9fa30cea,https://nlihc.org/resource/transgender-individuals-experience-homelessness-eight-times-rate-general-us-population,2026-10-04T02:51:27.744616+00:00,nlihc.org,True,downloaded,200.0,https://nlihc.org/resource/transgender-individuals-experience-homelessness-eight-times-rate-general-us-population,57545.0,success,3476,505,html,text/html; charset=UTF-8,Transgender Individuals Experience Homelessness at Eight Times the Rate of the General U.S. Population,,2026-08-06,National Low Income Housing Coalition,https://nlihc.org/resource/transgender-individuals-experience-homelessness-eight-times-rate-general-us-population,0.0,edcdc6b4ab2c9fa30cea.txt,7eacff9df78124190a91b3e955b634dea0c48978e5eb0310ae5b3d7f7a6f1604
edecf6db877cd8e55ff2,https://linkedin.com/top-content/career/barriers-to-career-growth/overlooked-factors-in-women-s-career-success,2026-10-04T02:51:28.437997+00:00,linkedin.com,False,robots_disallowed,,https://linkedin.com/top-content/career/barriers-to-career-growth/overlooked-factors-in-women-s-career-success,,not_extracted,0,0,,,,,,,,,,
ee03c8a3d2da9f4ad4f1,https://sepsis.org/news/how-does-lgbtq-identity-impact-healthcare-experiences,2026-10-04T02:51:28.438312+00:00,sepsis.org,True,downloaded,200.0,https://www.sepsis.org/news/how-does-lgbtq-identity-impact-healthcare-experiences/,180756.0,success,10038,1614,html,text/html; charset=UTF-8,How Does LGBTQ+ Identity Impact Healthcare Experiences?,,2022-06-28,Sepsis Alliance,https://www.sepsis.org/news/how-does-lgbtq-identity-impact-healthcare-experiences/,0.0,ee03c8a3d2da9f4ad4f1.txt,f11d9d162d85ce4c936dddf981f4e95165a75a59045d4fa676a213f0824e2e46
ee2967260d0a0201b12b,https://disabilityhelpline.com/ssi-denial-reasons,2026-10-04T02:51:28.618416+00:00,disabilityhelpline.com,True,downloaded,200.0,https://disabilityhelpline.com/ssi-denial-reasons/,145386.0,success,6115,979,html,text/html; charset=UTF-8,7 Reasons SSI Claims Get Denied and How to Avoid Them - Burgess & Christensen,Anjel F Burgess,2025-01-08,Burgess & Christensen,https://disabilityhelpline.com/ssi-denial-reasons/,0.0,ee2967260d0a0201b12b.txt,dbd1895b779c87099937569504a21fa0f840eb5628d03c0825a0df3ffebb06cb
ee665a75b0f8497a9bd7,https://heraldopenaccess.us/openaccess/the-effect-of-housing-instability-on-risky-sexual-behavior-and-hiv-and-stis-for-a-sample-of-african-american-sero-discordant-couples,2026-10-04T02:51:29.055670+00:00,heraldopenaccess.us,True,downloaded,200.0,https://heraldopenaccess.us/openaccess/the-effect-of-housing-instability-on-risky-sexual-behavior-and-hiv-and-stis-for-a-sample-of-african-american-sero-discordant-couples,81925.0,success,26707,4433,html,text/html; charset=UTF-8,The Effect of Housing Instability on Risky Sexual Behavior and HIV and STIs for a Sample of African American Sero-Discordant Couples,,2018-01-16,heraldopenaccess.us,https://heraldopenaccess.us/openaccess/the-effect-of-housing-instability-on-risky-sexual-behavior-and-hiv-and-stis-for-a-sample-of-african-american-sero-discordant-couples,0.0,ee665a75b0f8497a9bd7.txt,1cdaf8509356667d3bbe3e718f5b83777a7a5d8d71ef18488136f389b8f8706b
ee881b80a2ffa0e2ade3,https://onlinelibrary.wiley.com/doi/10.1111/joca.12343,2026-10-04T02:51:30.252457+00:00,wiley.com,False,http_error,403.0,https://onlinelibrary.wiley.com/doi/10.1111/joca.12343,5765.0,not_extracted,0,0,,text/html; charset=UTF-8,,,,,,0.0,,
ee94f3eb0168dbcacc11,https://grundydisabilitygroup.com/social-security-disability-insurance-supplemental-security-income-blogs/what-are-non-medical-requirements-for-ssdi,2026-10-04T02:51:31.264110+00:00,grundydisabilitygroup.com,True,downloaded,200.0,https://grundydisabilitygroup.com/social-security-disability-insurance-supplemental-security-income-blogs/what-are-non-medical-requirements-for-ssdi/,191642.0,success,5660,907,html,text/html; charset=UTF-8,Non-Medical Requirements for SSDI Benefits,Matt Grundy,2025-09-23,Grundy Disability Group,https://grundydisabilitygroup.com/social-security-disability-insurance-supplemental-security-income-blogs/what-are-non-medical-requirements-for-ssdi/,0.0,ee94f3eb0168dbcacc11.txt,37e7a0f837a7128e10e896703d669470cafb163f95b3546cee050e7567245132
ee969f9fa9c701090f50,https://pubmed.ncbi.nlm.nih.gov/37926958,2026-10-04T02:51:31.447383+00:00,nih.gov,True,downloaded,203.0,https://pubmed.ncbi.nlm.nih.gov/37926958/,5590.0,success,100,14,html,text/html; charset=utf-8,Cookies must be enabled,,,pubmed.ncbi.nlm.nih.gov,https://pubmed.ncbi.nlm.nih.gov/37926958/,0.0,ee969f9fa9c701090f50.txt,f193d0de906419650acf171625dbd67f88f297290893b5473e1d8365c03d4b59
eee1f674780ef1f1ed0e,https://google.com/goto?url=CAESjwEB6zswFQ00gO8lp1jRc6zlL6bBJRAQ6TyNSANaYltnumSBcm3Bbqb2MEhPX9Me6jakvtq9u0QC2tiTnQjJKu1vfq74TUUfQvzwgUzaA_UWedaOCJr-PLCwZyL7nxZYlo79U8oXM4K2XpcaTqxGB5mq74fVK4KyzyDdzpcH77k8MMTT_8dzwITjGcb3eP8RNA,2026-10-04T02:51:32.731454+00:00,google.com,False,robots_disallowed,,https://google.com/goto?url=CAESjwEB6zswFQ00gO8lp1jRc6zlL6bBJRAQ6TyNSANaYltnumSBcm3Bbqb2MEhPX9Me6jakvtq9u0QC2tiTnQjJKu1vfq74TUUfQvzwgUzaA_UWedaOCJr-PLCwZyL7nxZYlo79U8oXM4K2XpcaTqxGB5mq74fVK4KyzyDdzpcH77k8MMTT_8dzwITjGcb3eP8RNA,,not_extracted,0,0,,,,,,,,,,
eeeb01c5f98c311eb587,https://sciencedirect.com/science/article/pii/S0929119922001584,2026-10-04T02:51:32.731718+00:00,sciencedirect.com,False,http_error,403.0,https://www.sciencedirect.com/science/article/pii/S0929119922001584,1207871.0,not_extracted,0,0,,text/html; charset=UTF-8,,,,,,0.0,,
ef082e4b61d3ecbd2ed7,https://serottelaw.com/articles/congress-further-limits-immigrants-access-to-public-benefits,2026-10-04T02:51:33.306812+00:00,serottelaw.com,True,downloaded,200.0,https://serottelaw.com/articles/congress-further-limits-immigrants-access-to-public-benefits,163791.0,success,6085,874,html,text/html; charset=utf-8,Congress Further Limits Immigrants’ Access to Public Benefits,Katja Frommer,2025-07-16,Serotte Immigration Partners,https://serottelaw.com/articles/congress-further-limits-immigrants-access-to-public-benefits,0.0,ef082e4b61d3ecbd2ed7.txt,badf32d375d77851434851f2255cc9eb64d88e02dc5adec8aa95b8dd503a0b9c
ef0fccbe8b397fd5725e,https://nytimes.com/2024/06/03/us/politics/medicaid-reenrollment-black-hispanic.html,2026-10-04T02:51:34.822372+00:00,nytimes.com,False,http_error,403.0,https://www.nytimes.com/2024/06/03/us/politics/medicaid-reenrollment-black-hispanic.html,771.0,not_extracted,0,0,,text/html;charset=utf-8,,,,,,0.0,,
efc02c1c87a01abeb879,https://idbinvest.org/en/blog/gender/uncovering-hidden-cost-gender-biases-lending-women,2026-10-04T02:51:35.563878+00:00,idbinvest.org,True,downloaded,200.0,https://idbinvest.org/en/blog/gender/uncovering-hidden-cost-gender-biases-lending-women,87780.0,success,5094,834,html,text/html; charset=UTF-8,Uncovering the Hidden Cost of Gender Biases in Lending to Women,Irani Arraiz,2026-01-01,idbinvest.org,https://idbinvest.org/en/blog/gender/uncovering-hidden-cost-gender-biases-lending-women,0.0,efc02c1c87a01abeb879.txt,a5d754fb30c8344e3b1c4e407645fdf650fd89fe23d1683919a6600d16f49ed2
efc44c610595bff9fe1d,https://endhomelessness.org/people-with-unaddressed-health-conditions,2026-10-04T02:51:36.268372+00:00,endhomelessness.org,True,downloaded,200.0,https://endhomelessness.org/people-with-unaddressed-health-conditions,321054.0,success,5512,845,html,text/html; charset=UTF-8,Who Experiences Homelessness: People with Unaddressed Health Conditions,,2026-07-23,National Alliance to End Homelessness,https://endhomelessness.org/people-with-unaddressed-health-conditions/,0.0,efc44c610595bff9fe1d.txt,5203a9509362b6202f06d5f4346c6cba0294f9ad07a6fd904e8c10cbd4230c51
efc5a4e461dc64825498,https://betterangels.la/halo/preventions/why-are-people-homeless,2026-10-04T02:51:36.276788+00:00,betterangels.la,True,downloaded,200.0,https://betterangels.la/halo/preventions/why-are-people-homeless,96713.0,success,4705,709,html,text/html; charset=utf-8,Why are people homeless?,Melissa Amour,2024-04-01,betterangels.la,https://betterangels.la/halo/preventions/why-are-people-homeless,0.0,efc5a4e461dc64825498.txt,b3ecd14a3ea767ab28a0a99ea2b716eb2c02b7c7c641e135f44918102a2bf1a7
f0037c0c116c4780f122,https://aft.org/ae/spring2017/gandara,2026-10-04T02:51:36.556795+00:00,aft.org,True,downloaded,200.0,https://www.aft.org/ae/spring2017/gandara,142575.0,success,53588,8004,html,text/html; charset=UTF-8,The Potential and Promise of Latino Students,Patricia Gándara,2023-08-21,American Federation of Teachers,https://www.aft.org/ae/spring2017/gandara,0.0,f0037c0c116c4780f122.txt,68b9ba1dd4088119c0560836f1ee75e7f2f60ba74f7ffe4d2dd9a968e99150d9
f008806b3cdf4b7af519,https://prisonpolicy.org/blog/2020/06/05/policingfacts,2026-10-04T02:51:36.868957+00:00,prisonpolicy.org,True,downloaded,200.0,https://www.prisonpolicy.org/blog/2020/06/05/policingfacts/,56623.0,success,10068,1580,html,text/html; charset=UTF-8,Ten key facts about policing: Highlights from our work,Prison Policy Initiative,2020-06-05,PrisonPolicy,https://www.prisonpolicy.org/blog/2020/06/05/policingfacts/,0.0,f008806b3cdf4b7af519.txt,f5c4b1c8c85335e32b13fb3fbd7cd7bef1f91e2626bbb056b034b13e5910b6aa
f04bf4494ddee03d85e0,https://pmc.ncbi.nlm.nih.gov/articles/PMC5493509,2026-10-04T02:51:38.911981+00:00,nih.gov,True,downloaded,200.0,https://pmc.ncbi.nlm.nih.gov/articles/PMC5493509/,276755.0,success,66176,11407,html,text/html; charset=utf-8,"The effects of housing status, stability and the social contexts of housing on drug and sexual risk behaviors",Julia Dickson-Gomez; Timothy McAuliffe; Katherine Quinn,2004-02-01,AIDS and behavior,https://pmc.ncbi.nlm.nih.gov/articles/PMC5493509/,0.0,f04bf4494ddee03d85e0.txt,a931a518480c99f55e2e9f0e74f266b0af3142fb9aea879f09109e21d13a8d65
f0a17de66346b422c1d0,https://urban.org/research/publication/people-disabilities-living-us-face-urgent-barriers-housing,2026-10-04T02:51:39.066691+00:00,urban.org,False,http_error,403.0,https://www.urban.org/research/publication/people-disabilities-living-us-face-urgent-barriers-housing,5939.0,not_extracted,0,0,,text/html; charset=UTF-8,,,,,,0.0,,
f0cb68bf408cbd5346c7,https://hispanicresearchcenter.org/hisp-family-facts/hispanic-family-facts-low-income-hispanics-may-have-misconceptions-about-eligibility-for-government-assistance-programs,2026-10-04T02:51:39.692491+00:00,hispanicresearchcenter.org,True,downloaded,200.0,https://www.hispanicresearchcenter.org/hisp-family-facts/hispanic-family-facts-low-income-hispanics-may-have-misconceptions-about-eligibility-for-government-assistance-programs/,255591.0,success,999,141,html,text/html; charset=UTF-8,Hispanic Family Facts: Low-income Hispanics may have misconceptions about eligibility for government assistance programs - Hispanic Research Center,,2025-10-09,Hispanic Research Center,https://www.hispanicresearchcenter.org/hisp-family-facts/hispanic-family-facts-low-income-hispanics-may-have-misconceptions-about-eligibility-for-government-assistance-programs/,0.0,f0cb68bf408cbd5346c7.txt,31879ec4ba6c9e45964b4eacfc486867f6bf134366e4cfe26837b21416669604
f0db666701ff351ea267,https://preprints.org/manuscript/202410.0403/v1,2026-10-04T02:51:39.851647+00:00,preprints.org,False,http_error,403.0,https://preprints.org/manuscript/202410.0403/v1,398.0,not_extracted,0,0,,text/html,,,,,,0.0,,
f1ba26b69f35f1e19686,https://pmc.ncbi.nlm.nih.gov/articles/PMC10251765,2026-10-04T02:51:39.899467+00:00,nih.gov,True,downloaded,200.0,https://pmc.ncbi.nlm.nih.gov/articles/PMC10251765,21367.0,success,131,18,html,text/html; charset=utf-8,Checking your browser,,2026-09-11,google.com,https://www.google.com/recaptcha/challengepage,0.0,f1ba26b69f35f1e19686.txt,a29166d0eaaa418bd5af61a282f1183a46c84c4d5e4c90689b1b452d230d05cc
f1f322951bb563e6320a,https://researchgate.net/publication/372905281_Administrative_Burdens_and_Economic_Insecurity_Among_Black_Latino_and_White_Families,2026-10-04T02:51:40.970121+00:00,researchgate.net,False,http_error,403.0,https://www.researchgate.net/publication/372905281_Administrative_Burdens_and_Economic_Insecurity_Among_Black_Latino_and_White_Families,21138.0,not_extracted,0,0,,text/html; charset=UTF-8,,,,,,0.0,,
f207cfdba70c76b9c8a6,https://researchgate.net/publication/391420316_Access_Denied_Enrollment_and_Retention_Challenges_for_Transgender_Students,2026-10-04T02:51:42.688705+00:00,researchgate.net,False,http_error,403.0,https://www.researchgate.net/publication/391420316_Access_Denied_Enrollment_and_Retention_Challenges_for_Transgender_Students,21138.0,not_extracted,0,0,,text/html; charset=UTF-8,,,,,,0.0,,
f24de4e8f7cf0034609c,https://pmc.ncbi.nlm.nih.gov/articles/PMC9744995,2026-10-04T02:51:43.128688+00:00,nih.gov,True,downloaded,200.0,https://pmc.ncbi.nlm.nih.gov/articles/PMC9744995,21365.0,success,131,18,html,text/html; charset=utf-8,Checking your browser,,2026-09-11,google.com,https://www.google.com/recaptcha/challengepage,0.0,f24de4e8f7cf0034609c.txt,a29166d0eaaa418bd5af61a282f1183a46c84c4d5e4c90689b1b452d230d05cc
f252962e9f65eefd1e5a,https://pmc.ncbi.nlm.nih.gov/articles/PMC6002151,2026-10-04T02:51:43.751843+00:00,nih.gov,True,downloaded,200.0,https://pmc.ncbi.nlm.nih.gov/articles/PMC6002151,21367.0,success,131,18,html,text/html; charset=utf-8,Checking your browser,,2026-09-11,google.com,https://www.google.com/recaptcha/challengepage,0.0,f252962e9f65eefd1e5a.txt,a29166d0eaaa418bd5af61a282f1183a46c84c4d5e4c90689b1b452d230d05cc
f2997420597fea53f7fb,https://pmc.ncbi.nlm.nih.gov/articles/PMC12135156,2026-10-04T02:51:44.243101+00:00,nih.gov,True,downloaded,200.0,https://pmc.ncbi.nlm.nih.gov/articles/PMC12135156,21372.0,success,131,18,html,text/html; charset=utf-8,Checking your browser,,2026-09-11,google.com,https://www.google.com/recaptcha/challengepage,0.0,f2997420597fea53f7fb.txt,a29166d0eaaa418bd5af61a282f1183a46c84c4d5e4c90689b1b452d230d05cc
f2d3c4371b58eddbf702,https://pmc.ncbi.nlm.nih.gov/articles/PMC7376301,2026-10-04T02:51:44.263976+00:00,nih.gov,True,downloaded,200.0,https://pmc.ncbi.nlm.nih.gov/articles/PMC7376301,21368.0,success,131,18,html,text/html; charset=utf-8,Checking your browser,,2026-09-11,google.com,https://www.google.com/recaptcha/challengepage,0.0,f2d3c4371b58eddbf702.txt,a29166d0eaaa418bd5af61a282f1183a46c84c4d5e4c90689b1b452d230d05cc
f2d7ffde1279575a8220,https://nsuworks.nova.edu/fse_etd/1194,2026-10-04T02:51:44.743777+00:00,nova.edu,True,downloaded,200.0,https://nsuworks.nova.edu/fse_etd/1194/,44410.0,success,3948,520,html,text/html; charset=UTF-8,"Predicting Use of Force: An Intersectional Analysis of Age, Race and Gender",India L Hall,2026-08-05,NSUWorks,https://nsuworks.nova.edu/fse_etd/1194,0.0,f2d7ffde1279575a8220.txt,0efbb4166db07776ecdb051bf50f2a457906806c89233288d31ea5ea14773e73
f354d0e216bfca988dd4,https://nwlc.org/resource/by-the-numbers-data-on-key-programs-for-the-well-being-of-women-lgbtqi-people-and-their-families,2026-10-04T02:51:45.563847+00:00,nwlc.org,True,downloaded,200.0,https://nwlc.org/resource/by-the-numbers-data-on-key-programs-for-the-well-being-of-women-lgbtqi-people-and-their-families/,350376.0,success,21761,3238,html,text/html; charset=UTF-8,"BY THE NUMBERS: Data on Key Programs for the Well-Being of Women, LGBTQI+ People, and Their Families - National Women's Law Center",,2026-03-09,National Women's Law Center,https://nwlc.org/resource/by-the-numbers-data-on-key-programs-for-the-well-being-of-women-lgbtqi-people-and-their-families/,0.0,f354d0e216bfca988dd4.txt,a0b2a57e49847cf5bd9741aa87ffd4a0469cda812bc8272fadec122ee13411d2
f35e4b41f9770a9690f3,https://eric.ed.gov/?id=EJ1129434,2026-10-04T02:51:46.351377+00:00,ed.gov,True,downloaded,200.0,https://eric.ed.gov/?id=EJ1129434,13981.0,success,2184,289,html,text/html; charset=utf-8,"Social Reproduction and College Access: Current Evidence, Context, and Potential Alternatives.",Serna; Gabriel R; Woulfe; Rebecca,2017-01-01,Critical Questions in Education,https://eric.ed.gov/?id=EJ1129434,0.0,f35e4b41f9770a9690f3.txt,c94b5d442d916ae7f358276177bd8eb77207b7e4e095bbb715c95e0258f4b555
f38d3ed1d8e210956d2f,https://thetrevorproject.org/research-briefs/bullying-and-suicide-risk-among-lgbtq-youth,2026-10-04T02:51:46.991020+00:00,thetrevorproject.org,True,downloaded,200.0,https://www.thetrevorproject.org/research-briefs/bullying-and-suicide-risk-among-lgbtq-youth/,92343.0,success,9748,1490,html,text/html; charset=UTF-8,Bullying and Suicide Risk among LGBTQ Youth,,2025-10-08,The Trevor Project,https://www.thetrevorproject.org/research-briefs/bullying-and-suicide-risk-among-lgbtq-youth/,0.0,f38d3ed1d8e210956d2f.txt,069aa5a8acc156a195ec9165e8fa594ec53d3733a54414deb20aa4314391547e
f3cf6770f761e4fa5a5e,https://williamsinstitute.law.ucla.edu/press/lgbt-snap-benefits-press-release,2026-10-04T02:51:47.467835+00:00,ucla.edu,True,downloaded,200.0,https://williamsinstitute.law.ucla.edu/press/lgbt-snap-benefits-press-release/,101257.0,success,1588,239,html,text/html; charset=UTF-8,More than 2 million LGBT adults in the US rely on SNAP benefits,Loyal; Thisisloyal Com,2025-07-03,The Williams Institute at UCLA School of Law,https://williamsinstitute.law.ucla.edu/press/lgbt-snap-benefits-press-release/,0.0,f3cf6770f761e4fa5a5e.txt,2e8dcc5901821aab17fef643e0e66cdfdd8c2508fd67e733bd34f08b2cd062e3
f3e946ea8ac048e2a62d,https://pmc.ncbi.nlm.nih.gov/articles/PMC11523499,2026-10-04T02:51:47.997130+00:00,nih.gov,True,downloaded,200.0,https://pmc.ncbi.nlm.nih.gov/articles/PMC11523499/,187759.0,success,35419,4948,html,text/html; charset=utf-8,Factors for the integration of prevention in primary care: an overview of reviews,Estelle Clet; Pierre Leblanc; François Alla; Christine Cohidon,2024-08-21,BJGP Open,https://pmc.ncbi.nlm.nih.gov/articles/PMC11523499/,0.0,f3e946ea8ac048e2a62d.txt,3742242591e9e025482ca1b62a1ab0d2e0426bc90296082b8b8177cd7db9d6ef
f445de95ace940fe9789,https://theconversation.com/the-disturbing-connection-between-bullying-and-sexual-harassment-68033,2026-10-04T02:51:48.487983+00:00,theconversation.com,True,downloaded,200.0,https://theconversation.com/the-disturbing-connection-between-bullying-and-sexual-harassment-68033,178469.0,success,6126,954,html,text/html; charset=utf-8,The disturbing connection between bullying and sexual harassment,Dorothy Espelage,2016-11-30,The Conversation,https://theconversation.com/the-disturbing-connection-between-bullying-and-sexual-harassment-68033,0.0,f445de95ace940fe9789.txt,1247d3894c8ba756677d3534638c798d3bafd8a78c66079431690a584ec6e1a4
f456c2e05709aa038238,https://repositories.lib.utexas.edu/items/17ba30b4-025e-4d71-af1c-6f1d988445d1,2026-10-04T02:51:48.895146+00:00,utexas.edu,False,http_error,403.0,https://repositories.lib.utexas.edu/items/17ba30b4-025e-4d71-af1c-6f1d988445d1,919.0,not_extracted,0,0,,text/html,,,,,,0.0,,
f497b1c93274e3fb3f4a,https://tuc.org.uk/research-analysis/reports/bullying-harassment-and-discrimination-lgbt-people-workplace,2026-10-04T02:51:48.982002+00:00,tuc.org.uk,False,http_error,403.0,https://www.tuc.org.uk/research-analysis/reports/bullying-harassment-and-discrimination-lgbt-people-workplace,5897.0,not_extracted,0,0,,text/html; charset=UTF-8,,,,,,0.0,,
f4ed77128ae6a6f08b44,https://epi.org/unequalpower/publications/understanding-black-white-disparities-in-labor-market-outcomes,2026-10-04T02:51:49.226764+00:00,epi.org,False,http_error,403.0,https://epi.org/unequalpower/publications/understanding-black-white-disparities-in-labor-market-outcomes,5864.0,not_extracted,0,0,,text/html; charset=UTF-8,,,,,,0.0,,
f5022541018ac45c65da,https://pmc.ncbi.nlm.nih.gov/articles/PMC10431638,2026-10-04T02:51:50.865370+00:00,nih.gov,True,downloaded,200.0,https://pmc.ncbi.nlm.nih.gov/articles/PMC10431638/,222478.0,success,67133,9798,html,text/html; charset=utf-8,"“If he has education, there will not be any problem”: Factors affecting access to education for children with disabilities in Tamil Nadu, India",Kumudha Aruldas; Lena Morgon Banks; Guru Nagarajan; Reeba Roshan; Jabaselvi Johnson; David Musendo; Isaac Arpudharangam; Judd L Walson; Tom Shakespeare; Sitara S R Ajjampur,2023-08-16,PLOS ONE,https://pmc.ncbi.nlm.nih.gov/articles/PMC10431638/,0.0,f5022541018ac45c65da.txt,f4c0ca3450136d76c6968b34731af0ab6b707598eb7cf79b73d3cd2bfa40cc09
f50c2056208064c7c952,https://cdc.gov/places/measure-definitions/prevention.html,2026-10-04T02:51:51.645440+00:00,cdc.gov,False,http_error,403.0,https://cdc.gov/places/measure-definitions/prevention.html,413.0,not_extracted,0,0,,text/html,,,,,,0.0,,
f51f32a07d76c3952854,https://cluballiance.aaa.com/the-extra-mile/advice/budget/factors-lenders-consider-for-credit-approval,2026-10-04T02:51:51.649405+00:00,aaa.com,True,downloaded,200.0,https://cluballiance.aaa.com/the-extra-mile/advice/budget/factors-lenders-consider-for-credit-approval,80714.0,success,4132,688,html,text/html; charset=utf-8,5 Factors Lenders Consider for Credit Approval | AAA Club Alliance,,2025-01-09,edge.sitecorecloud.io,https://edge.sitecorecloud.io/the-extra-mile/advice/budget/factors-lenders-consider-for-credit-approval,0.0,f51f32a07d76c3952854.txt,be01544980b519df4baaff27164678a0cda0396cddb50b6715ebe2d23bc36dc0
f5229c2773fea0403baa,https://unesco.org/en/health-education/safe-learning-environments,2026-10-04T02:51:51.897111+00:00,unesco.org,True,downloaded,200.0,https://www.unesco.org/en/health-education/safe-learning-environments,288948.0,success,9204,1364,html,text/html; charset=utf-8,Safe learning environments: Preventing and addressing violence in and,,2026-08-25,unesco.org,https://www.unesco.org/en/health-education/safe-learning-environments,0.0,f5229c2773fea0403baa.txt,78497b52e8e1cd90f1c7738e9a22b5b6c186cb39f1b4d0d40d41be3c9c157bbf
f552be868377ebcb3e62,https://aecf.org/blog/racial-inequality-in-education,2026-10-04T02:51:51.951095+00:00,aecf.org,False,http_error,403.0,https://www.aecf.org/blog/racial-inequality-in-education,5678.0,not_extracted,0,0,,text/html; charset=UTF-8,,,,,,0.0,,
f585b2e536da81d51522,https://csd.wustl.edu/26-30,2026-10-04T02:51:52.412574+00:00,wustl.edu,True,downloaded,200.0,https://csd.wustl.edu/26-30/,78171.0,success,1056,156,html,text/html; charset=UTF-8,When the Safety Net Becomes a Barrier: Administrative Burdens in SNAP and Medicaid,CSD,2026-06-17,Center for Social Development,https://csd.wustl.edu/26-30/,0.0,f585b2e536da81d51522.txt,4027a7c290397046884451a915956c3deb0746617d4f33cea2462351ab891ce3
f58ceb907d706868c38b,https://right-to-education.org/girlswomen,2026-10-04T02:51:52.445226+00:00,right-to-education.org,True,downloaded,200.0,https://www.right-to-education.org/girlswomen,148265.0,success,61440,9393,html,text/html; charset=utf-8,Women and girls,,2025-07-28,Right to Education Initiative,https://www.right-to-education.org/girlswomen,0.0,f58ceb907d706868c38b.txt,58338490dac559b1d48c2dad7bfa96d2deb3bdcd18d4fd7b6db2d2430934d301
f58f2ccb07f62e438e0d,https://vera.org/news/mass-incarceration-is-a-public-health-crisis,2026-10-04T02:51:52.549270+00:00,vera.org,True,downloaded,200.0,https://www.vera.org/news/mass-incarceration-is-a-public-health-crisis,83229.0,success,5785,854,html,text/html; charset=UTF-8,Mass Incarceration Is a Public Health Crisis,Nazish Dholakia Senior Writer,2025-06-17,Vera Institute of Justice,https://www.vera.org/news/mass-incarceration-is-a-public-health-crisis,0.0,f58f2ccb07f62e438e0d.txt,ac8017342c042f394b0b4ecd1e4ec0da9813e838a45280797218ed6341437bd0
f59887fad6a0e592b422,https://betsylehmancenterma.gov/news/racial-bias-can-affect-how-patient-safety-events-are-reported,2026-10-04T02:51:53.304175+00:00,betsylehmancenterma.gov,True,downloaded,200.0,https://betsylehmancenterma.gov/news/racial-bias-can-affect-how-patient-safety-events-are-reported,241002.0,success,4520,696,html,text/html; charset=UTF-8,Racial bias can affect how patient safety events are reported,,2022-04-20,Betsy Lehman Center,https://betsylehmancenterma.gov/news/racial-bias-can-affect-how-patient-safety-events-are-reported,0.0,f59887fad6a0e592b422.txt,e3a8cad249bb542741efb492bf672f27a3533a0fe2dfd51f8e5563f38a3e5da9
f5c71ec54aa51bf31802,https://ojp.gov/ncjrs/virtual-library/abstracts/understanding-police-decisions-arrest-impact-situational-officer,2026-10-04T02:51:55.346330+00:00,ojp.gov,True,downloaded,200.0,https://www.ojp.gov/ncjrs/virtual-library/abstracts/understanding-police-decisions-arrest-impact-situational-officer,56700.0,success,1593,218,html,text/html; charset=UTF-8,Understanding police decisions to arrest: The impact of situational officer and neighborhood characteristics on police discretion | Office of Justice Programs,Author Jessica Huff,2020-02-01,Office of Justice Programs,https://www.ojp.gov/ncjrs/virtual-library/abstracts/understanding-police-decisions-arrest-impact-situational-officer,0.0,f5c71ec54aa51bf31802.txt,8be00374ba00da875d23edfcf4ca2fc794f3c368916eb629c275532da5ef71cc
f5ed8d1862e97b6d9f81,https://pmc.ncbi.nlm.nih.gov/articles/PMC4651212,2026-10-04T02:51:55.643656+00:00,nih.gov,True,downloaded,200.0,https://pmc.ncbi.nlm.nih.gov/articles/PMC4651212/,335547.0,success,138401,21396,html,text/html; charset=utf-8,"Race, Self-Selection, and the Job Search Process",Devah Pager; David S Pedulla,2000-11-01,AJS; American journal of sociology,https://pmc.ncbi.nlm.nih.gov/articles/PMC4651212/,0.0,f5ed8d1862e97b6d9f81.txt,660ac0a7fceca63dee635fb6405aaecc45a3938efe54fc91c4898b834f993373
f5f04319ebded9af5ba3,https://pmc.ncbi.nlm.nih.gov/articles/PMC9636806,2026-10-04T02:51:56.272656+00:00,nih.gov,True,downloaded,200.0,https://pmc.ncbi.nlm.nih.gov/articles/PMC9636806/,134575.0,success,22196,3227,html,text/html; charset=utf-8,Structural racism and the impact on incarcerated midlife women,Juana Hutchinson-Colas; Mary Cathryn Earnhardt; Afsara Mannan; James McGreevy; Gloria A Bachmann,2022-11-05,Women's Midlife Health,https://pmc.ncbi.nlm.nih.gov/articles/PMC9636806/,0.0,f5f04319ebded9af5ba3.txt,abd440fb38623c828195a28b112952a2ecd38b9c81b15077027c514b80831cc0
f62ef303d6874e05ede7,https://americanprogress.org/article/lgbtqi-people-are-underinsured-and-experience-health-insurance-discrimination-in-key-areas,2026-10-04T02:51:57.878407+00:00,americanprogress.org,False,http_error,403.0,https://www.americanprogress.org/article/lgbtqi-people-are-underinsured-and-experience-health-insurance-discrimination-in-key-areas,6008.0,not_extracted,0,0,,text/html; charset=UTF-8,,,,,,0.0,,
f66dfe263cf857f43052,https://pmc.ncbi.nlm.nih.gov/articles/PMC1495054,2026-10-04T02:51:57.927754+00:00,nih.gov,True,downloaded,200.0,https://pmc.ncbi.nlm.nih.gov/articles/PMC1495054,21365.0,success,131,18,html,text/html; charset=utf-8,Checking your browser,,2026-09-11,google.com,https://www.google.com/recaptcha/challengepage,0.0,f66dfe263cf857f43052.txt,a29166d0eaaa418bd5af61a282f1183a46c84c4d5e4c90689b1b452d230d05cc
f6806790825a3acc0974,https://nces.ed.gov/programs/coe/indicator/a10/bullying-electronic-bullying,2026-10-04T02:51:59.509510+00:00,ed.gov,True,downloaded,200.0,https://nces.ed.gov/programs/coe/indicator/a10/bullying-electronic-bullying,407854.0,success,31462,4276,html,text/html; charset=utf-8,Student Bullying,,2026-03-10,nces.ed.gov,https://nces.ed.gov/programs/coe/indicator/a10/bullying-electronic-bullying,0.0,f6806790825a3acc0974.txt,c9ab79a41b9a6ddb71d45786ff55dc0a30dd3ecd5c0291904510faccd6028a16
f6894e6336bab15580f5,https://corescholar.libraries.wright.edu/cgi/viewcontent.cgi?article=2710&context=etd_all,2026-10-04T02:51:59.972103+00:00,wright.edu,False,http_error,403.0,https://corescholar.libraries.wright.edu/cgi/viewcontent.cgi?article=2710&context=etd_all,5832.0,not_extracted,0,0,,text/html; charset=UTF-8,,,,,,0.0,,
f68fae81696e5183ceac,https://wcnc.com/article/life/holidays/black-history-month/investopedia-report-financial-disparities-credit-scores-black-hispanic-native-communities/275-4f317033-2a1d-459a-b38c-1e9e43860e1e,2026-10-04T02:52:00.000093+00:00,wcnc.com,False,http_error,403.0,https://www.wcnc.com/article/life/holidays/black-history-month/investopedia-report-financial-disparities-credit-scores-black-hispanic-native-communities/275-4f317033-2a1d-459a-b38c-1e9e43860e1e,620.0,not_extracted,0,0,,text/html,,,,,,0.0,,
f6af88bbf431c831beb1,https://scholarcommons.sc.edu/cgi/viewcontent.cgi?article=1006&context=crim_facpub,2026-10-04T02:52:00.010739+00:00,sc.edu,False,http_error,403.0,https://scholarcommons.sc.edu/cgi/viewcontent.cgi?article=1006&context=crim_facpub,5811.0,not_extracted,0,0,,text/html; charset=UTF-8,,,,,,0.0,,
f6f5d499b2b633a608f7,https://epgn.com/2020/10/28/new-study-shows-roots-of-lgbtq-poverty-and-need-for-government-data,2026-10-04T02:52:00.893259+00:00,epgn.com,True,downloaded,200.0,https://epgn.com/2020/10/28/new-study-shows-roots-of-lgbtq-poverty-and-need-for-government-data/,193230.0,success,7209,1119,html,text/html; charset=UTF-8,New study shows roots of LGBTQ poverty and need for government data - Philadelphia Gay News,Victoria A Brownworth,2020-10-28,Philadelphia Gay News,https://epgn.com/2020/10/28/new-study-shows-roots-of-lgbtq-poverty-and-need-for-government-data/,0.0,f6f5d499b2b633a608f7.txt,d54706a0697704fcd1ca885fe2370de5ee8e4130ae03d0591ebfda84798f3dc4
f70b8298fc944a353a19,https://sciencedirect.com/science/article/abs/pii/S0047235220300684,2026-10-04T02:52:01.141523+00:00,sciencedirect.com,False,http_error,403.0,https://www.sciencedirect.com/science/article/abs/pii/S0047235220300684,1207905.0,not_extracted,0,0,,text/html; charset=UTF-8,,,,,,0.0,,
f70cef7ae2fc815b85e6,https://a816-dohbesp.nyc.gov/IndicatorPublic/data-stories/housing-creates-health,2026-10-04T02:52:01.180833+00:00,nyc.gov,True,downloaded,200.0,https://a816-dohbesp.nyc.gov/IndicatorPublic/data-stories/housing-creates-health/,70677.0,success,6696,1014,html,text/html,Housing creates health – Environment & Health Data Portal,,2024-03-05,Environment & Health Data Portal,https://a816-dohbesp.nyc.gov/IndicatorPublic/data-stories/housing-creates-health/,0.0,f70cef7ae2fc815b85e6.txt,6e404e77f869475750391acdaf26cd32dd8a394b4f534dc0d61b5d8e5ccf03ba
f71a506c545f5836eabb,https://policingequity.org/resource-library/use-of-force,2026-10-04T02:52:02.240011+00:00,policingequity.org,True,downloaded,200.0,https://policingequity.org/resource-library/use-of-force/,320584.0,success,1954,303,html,text/html; charset=UTF-8,Use of Force - Policing Equity,,2026-01-13,Policing Equity,https://policingequity.org/resource-library/use-of-force/,0.0,f71a506c545f5836eabb.txt,d7618e825d2da683060456850c9432e4297ea949ae4aa59fc04ee001de673196
f738451ab7946b42ebc6,https://rudermanfoundation.org/white_papers/media-coverage-of-law-enforcement-use-of-force-and-disability,2026-10-04T02:52:03.193667+00:00,rudermanfoundation.org,True,downloaded,200.0,https://rudermanfoundation.org/white_papers/media-coverage-of-law-enforcement-use-of-force-and-disability/,92774.0,success,5209,803,html,text/html; charset=UTF-8,Media coverage of law enforcement use of force and disability,,2017-08-23,Ruderman Family Foundation,https://rudermanfoundation.org/white_papers/media-coverage-of-law-enforcement-use-of-force-and-disability/,0.0,f738451ab7946b42ebc6.txt,25644096ac59f850901019f4f4d100315f31c086b42b3f500bf4bf3c06195870
f7618c663e12a3e7225d,https://offitkurman.com/offit-kurman-blogs/essential-legal-documents-transpeople-must-update-for-protection,2026-10-04T02:52:03.993763+00:00,offitkurman.com,False,http_error,403.0,https://www.offitkurman.com/offit-kurman-blogs/essential-legal-documents-transpeople-must-update-for-protection,5893.0,not_extracted,0,0,,text/html; charset=UTF-8,,,,,,0.0,,
f7651059ee321a0fa4e6,https://americanprogress.org/article/advancing-economic-security-people-disabilities,2026-10-04T02:52:07.185221+00:00,americanprogress.org,False,http_error,403.0,https://www.americanprogress.org/article/advancing-economic-security-people-disabilities,5815.0,not_extracted,0,0,,text/html; charset=UTF-8,,,,,,0.0,,
f7ffe58e56617333d73e,https://endhomelessness.org/overview,2026-10-04T02:52:07.329918+00:00,endhomelessness.org,True,downloaded,200.0,https://endhomelessness.org/overview,353444.0,success,4475,661,html,text/html; charset=UTF-8,What Is Homelessness in America?,,2026-06-29,National Alliance to End Homelessness,https://endhomelessness.org/overview/,0.0,f7ffe58e56617333d73e.txt,88db6e27371f9ed18cbc7356a6d401a2f32498fab687a6c56d5a69511ed470bd
f80a3040fe0bf24209a0,https://patientsafetylearning.org/blog/dangerous-exclusions-the-risk-to-patient-safety-of-sex-and-gender-bias,2026-10-04T02:52:08.161909+00:00,patientsafetylearning.org,True,downloaded,200.0,https://www.patientsafetylearning.org/blog/dangerous-exclusions-the-risk-to-patient-safety-of-sex-and-gender-bias,62334.0,success,21079,3275,html,text/html; charset=UTF-8,The risk to patient safety of sex and gender bias,,2020-07-08,Patient Safety Learning,https://www.patientsafetylearning.org/blog/dangerous-exclusions-the-risk-to-patient-safety-of-sex-and-gender-bias,0.0,f80a3040fe0bf24209a0.txt,0d38096c3039edf11f0ae68c26f3d5e812129caa5bd57592c326c5c30659c5ed
f84eef3dc4845cd8d901,https://accessiblelaw.untdallas.edu/post/when-algorithms-judge-your-credit-understanding-ai-bias-in-lending-decisions,2026-10-04T02:52:09.659817+00:00,untdallas.edu,True,downloaded,200.0,https://www.accessiblelaw.untdallas.edu/post/when-algorithms-judge-your-credit-understanding-ai-bias-in-lending-decisions,953715.0,success,50388,7003,html,text/html; charset=UTF-8,When Algorithms Judge Your Credit: Understanding AI Bias in Lending Decisions,Masonwimberley,2025-05-09,Accessible Law,https://www.accessiblelaw.untdallas.edu/post/when-algorithms-judge-your-credit-understanding-ai-bias-in-lending-decisions,0.0,f84eef3dc4845cd8d901.txt,959f58b6831b6110f2e327b59fc1ddca7f298b68740c04ab7ec64ef983bf2ddb
f899bc13d8b9a7c65c86,https://news-medical.net/news/20260923/Socioeconomic-factors-explain-racial-differences-in-disability-insurance-approvals.aspx,2026-10-04T02:52:10.276569+00:00,news-medical.net,True,downloaded,200.0,https://www.news-medical.net/news/20260923/Socioeconomic-factors-explain-racial-differences-in-disability-insurance-approvals.aspx,168149.0,success,1109,137,html,text/html; charset=utf-8,Socioeconomic factors explain racial differences in disability insurance approvals,Wiley Reviewed,2026-09-23,News-Medical,https://www.news-medical.net/news/20260923/Socioeconomic-factors-explain-racial-differences-in-disability-insurance-approvals.aspx,0.0,f899bc13d8b9a7c65c86.txt,535d86684ee9af03da8ce7189c9157bf2ee92d4e3bb74c1ae2346b1c684224a1
f8b26819ab2201b319a0,https://williamsinstitute.law.ucla.edu/publications/lgbtq-colleges-grad-school,2026-10-04T02:52:10.361826+00:00,ucla.edu,True,downloaded,200.0,https://williamsinstitute.law.ucla.edu/publications/lgbtq-colleges-grad-school/,132785.0,success,2697,389,html,text/html; charset=UTF-8,Experiences of LGBTQ People in Four-Year Colleges and Graduate Programs,Loyal; Thisisloyal Com,2023-02-17,The Williams Institute at UCLA School of Law,https://williamsinstitute.law.ucla.edu/publications/lgbtq-colleges-grad-school/,0.0,f8b26819ab2201b319a0.txt,664ae848fe15cb4b2457601fd5aee4623d1bb0526230de763a25a70c2e237334
f8da42d42df89f65688b,https://americanbar.org/groups/diversity/sexual_orientation/publications/equalizer/2019-july/impact-of-incarceration-and-policing-in-our-community,2026-10-04T02:52:10.663777+00:00,americanbar.org,False,http_error,403.0,https://americanbar.org/groups/diversity/sexual_orientation/publications/equalizer/2019-july/impact-of-incarceration-and-policing-in-our-community,6092.0,not_extracted,0,0,,text/html; charset=UTF-8,,,,,,0.0,,
f94026562c806f8a34b9,https://stpaulscenter.com/racial-inequities,2026-10-04T02:52:11.356983+00:00,stpaulscenter.com,True,downloaded,200.0,https://stpaulscenter.com/racial-inequities/,558041.0,success,5406,855,html,text/html; charset=UTF-8,Homelessness in America: Racial Inequities and the Black Community - St. Paul's Center,Mmeyerson,2020-07-21,St. Paul's Center,https://stpaulscenter.com/racial-inequities/,0.0,f94026562c806f8a34b9.txt,aa344729df022302315a7d6d1e9c30d28bb5639eb20abfeadbf946419ca74de4
f9a04b1ac569dcdba52f,https://mdpi.com/1660-4601/19/8/4502,2026-10-04T02:52:12.248749+00:00,mdpi.com,False,http_error,403.0,https://mdpi.com/1660-4601/19/8/4502,391.0,not_extracted,0,0,,text/html,,,,,,0.0,,
f9c520094deddc3dee5f,https://prisonpolicy.org/blog/2022/03/31/transgender_incarceration,2026-10-04T02:52:13.821375+00:00,prisonpolicy.org,True,downloaded,200.0,https://www.prisonpolicy.org/blog/2022/03/31/transgender_incarceration/,61199.0,success,12950,2006,html,text/html; charset=UTF-8,What the Survey of Prison Inmates tells us about trans people in state prison,Prison Policy Initiative,2022-03-31,PrisonPolicy,https://www.prisonpolicy.org/blog/2022/03/31/transgender_incarceration/,0.0,f9c520094deddc3dee5f.txt,f4b6ef9cd4563a5e4cc98a91abb1b946ccc55eee165e76fdbe81fb5c57b5c409
fa51c6c99aa0429d37ca,https://greatplacetowork.com/resources/blog/hiring-employees-with-disabilities,2026-10-04T02:52:13.825401+00:00,greatplacetowork.com,True,downloaded,200.0,https://www.greatplacetowork.com/resources/blog/hiring-employees-with-disabilities,112091.0,success,12171,1838,html,text/html; charset=utf-8,Hiring People with Disabilities: Why It Matters & How to Do It Right,Ruby Storm Green,2025-01-02,Great Place To Work®,https://www.greatplacetowork.com/resources/blog/hiring-employees-with-disabilities,0.0,fa51c6c99aa0429d37ca.txt,06bb7aeee4a0e1257b65fd4669bd46ce7a44d2f97b82f55f7221278e31029b06
fa7c21ebc9a5f7e0ba8f,https://latino.ucla.edu/research/redefine-latinx-homelessness,2026-10-04T02:52:14.287682+00:00,ucla.edu,True,downloaded,200.0,https://latino.ucla.edu/research/redefine-latinx-homelessness/,168580.0,success,5630,779,html,text/html; charset=UTF-8,The Full Spectrum of Latinx Homelessness: Understanding and Addressing Doubling Up,,2023-12-14,Latino Policy & Politics Institute,https://latino.ucla.edu/research/redefine-latinx-homelessness/,0.0,fa7c21ebc9a5f7e0ba8f.txt,fd7df91eace2aa563654d61ca9a4b94b3d29ae3820d235a68e36413e272ca89c
fa826f7b52a5840332f9,https://foxrothschild.com/publications/the-eeocs-enforcement-guidance-on-harassment-in-the-workplace-what-employers-need-to-know,2026-10-04T02:52:14.693717+00:00,foxrothschild.com,False,http_error,403.0,https://www.foxrothschild.com/publications/the-eeocs-enforcement-guidance-on-harassment-in-the-workplace-what-employers-need-to-know,6017.0,not_extracted,0,0,,text/html; charset=UTF-8,,,,,,0.0,,
faaf6ee34b43ee3962e3,https://tandfonline.com/doi/full/10.1080/15348431.2024.2333885,2026-10-04T02:52:14.739887+00:00,tandfonline.com,False,http_error,403.0,https://tandfonline.com/doi/full/10.1080/15348431.2024.2333885,5805.0,not_extracted,0,0,,text/html; charset=UTF-8,,,,,,0.0,,
fae834cfbefcbd5521c4,https://nhchc.org/wp-content/uploads/2019/08/in-focus_transgender_sep2014_final.pdf,2026-10-04T02:52:15.688634+00:00,nhchc.org,False,http_error,403.0,https://nhchc.org/wp-content/uploads/2019/08/in-focus_transgender_sep2014_final.pdf,52.0,not_extracted,0,0,,text/html,,,,,,0.0,,
fb0dfff5ec86ba8d6cd1,https://cato.org/sites/cato.org/files/serials/files/cato-journal/1995/11/cj15n2-3-5.pdf,2026-10-04T02:52:16.934628+00:00,cato.org,False,http_error,403.0,https://www.cato.org/sites/cato.org/files/serials/files/cato-journal/1995/11/cj15n2-3-5.pdf,884.0,not_extracted,0,0,,text/html,,,,,,0.0,,
fb8b1f823b432a9f612a,https://scholars.org/brief/how-federal-government-policies-have-helped-women-earn-college-degrees,2026-10-04T02:52:17.901387+00:00,scholars.org,False,http_error,403.0,https://scholars.org/brief/how-federal-government-policies-have-helped-women-earn-college-degrees,5844.0,not_extracted,0,0,,text/html; charset=UTF-8,,,,,,0.0,,
fbcb33505aa0787bf0ff,https://pmc.ncbi.nlm.nih.gov/articles/PMC7794398,2026-10-04T02:52:18.002542+00:00,nih.gov,True,downloaded,200.0,https://pmc.ncbi.nlm.nih.gov/articles/PMC7794398/,242348.0,success,55122,8346,html,text/html; charset=utf-8,"The Confluence of Housing Instability and Psychosocial, Mental, and Physical Health in Sexual Minority Young Adults: The P18 Cohort Study",Caleb LoSchiavo; Kristen D Krause; Stuart N Singer; Perry N Halkitis,2005-02-01,Journal of health care for the poor and underserved,https://pmc.ncbi.nlm.nih.gov/articles/PMC7794398/,0.0,fbcb33505aa0787bf0ff.txt,2171aa38860514261f349478eaf4211fb7274e4fd39f360b6291305285ce3fe1
fbe40da610701a77acf3,https://digitalgovernmenthub.org/library/fewer-burdens-but-greater-inequality-reevaluating-the-safety-net-through-the-lens-of-administrative-burden,2026-10-04T02:52:19.047293+00:00,digitalgovernmenthub.org,False,robots_disallowed,,https://digitalgovernmenthub.org/library/fewer-burdens-but-greater-inequality-reevaluating-the-safety-net-through-the-lens-of-administrative-burden,,not_extracted,0,0,,,,,,,,,,
fc1b74f597b0241a8f8d,https://hiplatina.com/snap-benefits-latine-community,2026-10-04T02:52:19.047594+00:00,hiplatina.com,True,downloaded,200.0,https://hiplatina.com/snap-benefits-latine-community/,150584.0,success,5303,840,html,text/html; charset=UTF-8,How cuts to SNAP Benefits Affected the Latine Community - HipLatina,Karla Montalvan,2025-11-18,HipLatina,https://hiplatina.com/snap-benefits-latine-community/,0.0,fc1b74f597b0241a8f8d.txt,42927838e0f2433503c2da165fecdbc386008d3a4012e9c3839bf35749010c49
fc2e4afd5a9dce32a1fc,https://files.crisesnotes.com/article/navigating-the-complete-guide-to-snap-benefits-applications,2026-10-04T02:52:20.916786+00:00,crisesnotes.com,True,downloaded,200.0,https://files.crisesnotes.com/article/navigating-the-complete-guide-to-snap-benefits-applications,33110.0,success,11460,1728,html,text/html; charset=UTF-8,Navigating the Complete Guide to SNAP Benefits Applications — Networth Hub,,2026-09-17,Networth Hub,https://files.crisesnotes.com/article/navigating-the-complete-guide-to-snap-benefits-applications,0.0,fc2e4afd5a9dce32a1fc.txt,2983ffc969c9885e6390390f66b07d3e3c3a6cd670a5cb4ff6e7fe26edb61bc5
fc2fa9ff1769607a6439,https://eeoc.gov/youth/disability-discrimination,2026-10-04T02:52:21.022982+00:00,eeoc.gov,True,downloaded,200.0,https://www.eeoc.gov/youth/disability-discrimination,89123.0,success,566,56,html,text/html; charset=utf-8,Disability Discrimination,,2000-01-01,U.S. Equal Employment Opportunity Commission,https://www.eeoc.gov/youth/disability-discrimination,0.0,fc2fa9ff1769607a6439.txt,fe89d1b1a6a4aadca10dbce1e1754f60c55aac9aba8cef1ddb9c278197f9a345
fc70e208d3414b099a87,https://merckmanuals.com/home/special-subjects/prevention/overview-of-preventive-care,2026-10-04T02:52:21.923229+00:00,merckmanuals.com,True,downloaded,200.0,https://www.merckmanuals.com/home/special-subjects/prevention/overview-of-preventive-care,270429.0,success,4235,637,html,text/html; charset=utf-8,Overview of Preventive Care - Special Subjects - Merck Manual Consumer Version,LENARTOWICZ MAGDA,2025-07-01,Merck Manual Consumer Version,https://www.merckmanuals.com/home/special-subjects/prevention/overview-of-preventive-care,0.0,fc70e208d3414b099a87.txt,459dac1eb2e76b29c78720b8f32b93b4345b9752c62489e8118bde4d9410be5c
fcbdc4c9097da4271034,https://pmc.ncbi.nlm.nih.gov/articles/PMC8252906,2026-10-04T02:52:21.928089+00:00,nih.gov,True,downloaded,200.0,https://pmc.ncbi.nlm.nih.gov/articles/PMC8252906,21364.0,success,131,18,html,text/html; charset=utf-8,Checking your browser,,2026-09-11,google.com,https://www.google.com/recaptcha/challengepage,0.0,fcbdc4c9097da4271034.txt,a29166d0eaaa418bd5af61a282f1183a46c84c4d5e4c90689b1b452d230d05cc
fcdd4e6b283defe7def0,https://comptroller.nyc.gov/reports/access-to-banking-credit-in-new-york-city,2026-10-04T02:52:22.771126+00:00,nyc.gov,True,downloaded,200.0,https://comptroller.nyc.gov/reports/access-to-banking-credit-in-new-york-city/,145855.0,success,28685,4532,html,text/html; charset=UTF-8,Access to Banking & Credit in New York City,,2026-09-30,Office of the New York City Comptroller Mark Levine,https://comptroller.nyc.gov/reports/access-to-banking-credit-in-new-york-city/,0.0,fcdd4e6b283defe7def0.txt,956f91f665045f34bd01887093f036831cf5d56d15870ba2f9bfa59d1290d3f6
fcf0a7f74a9480f63a6d,https://triagecancer.org/financial-assistance-can-impact-your-government-benefits,2026-10-04T02:52:23.497437+00:00,triagecancer.org,True,downloaded,200.0,https://triagecancer.org/financial-assistance-can-impact-your-government-benefits,162680.0,success,7923,1246,html,text/html; charset=UTF-8,How Financial Assistance Can Impact Your Government Benefits,Triage Cancer,2024-07-09,Triage Cancer | Finances-Work-Insurance,https://triagecancer.org/financial-assistance-can-impact-your-government-benefits,0.0,fcf0a7f74a9480f63a6d.txt,4255cbd2023d0551f9088be7d0f43e3666afe9c7d450da448fd8dee44185543a
fd1740f02c5e15ade32a,https://pmc.ncbi.nlm.nih.gov/articles/PMC10174265,2026-10-04T02:52:24.668673+00:00,nih.gov,True,downloaded,200.0,https://pmc.ncbi.nlm.nih.gov/articles/PMC10174265,21372.0,success,131,18,html,text/html; charset=utf-8,Checking your browser,,2026-09-11,google.com,https://www.google.com/recaptcha/challengepage,0.0,fd1740f02c5e15ade32a.txt,a29166d0eaaa418bd5af61a282f1183a46c84c4d5e4c90689b1b452d230d05cc
fd61e46f745008a055e0,https://prisonpolicy.org/research/women_and_gender,2026-10-04T02:52:25.158022+00:00,prisonpolicy.org,True,downloaded,200.0,https://www.prisonpolicy.org/research/women_and_gender/,119181.0,success,24590,3738,html,text/html; charset=UTF-8,Women and gender,Prison Policy Initiative,2026-01-01,PrisonPolicy,https://www.prisonpolicy.org/research/women_and_gender/,0.0,fd61e46f745008a055e0.txt,759370ba244ea21dc9f1a225d0df12a1142e6c4229f3d99d803ee03bec45380e
fd671b6e0608b9cf2e0b,https://urban.org/urban-wire/how-can-we-reduce-housing-instability-among-lgbtq-americans,2026-10-04T02:52:27.344468+00:00,urban.org,False,http_error,403.0,https://www.urban.org/urban-wire/how-can-we-reduce-housing-instability-among-lgbtq-americans,5891.0,not_extracted,0,0,,text/html; charset=UTF-8,,,,,,0.0,,
fdc0935d622d821f9d9c,https://equineteurope.org/wp-content/uploads/2021/01/Women-in-Poverty_-Access-to-Education.pdf,2026-10-04T02:52:27.902178+00:00,equineteurope.org,False,http_error,403.0,https://equineteurope.org/wp-content/uploads/2021/01/Women-in-Poverty_-Access-to-Education.pdf,5718.0,not_extracted,0,0,,text/html; charset=UTF-8,,,,,,0.0,,
fdc342e38be260a4af8d,https://jff.org/blog/how-employers-can-address-social-determinants-work,2026-10-04T02:52:28.309173+00:00,jff.org,True,downloaded,200.0,https://www.jff.org/blog/how-employers-can-address-social-determinants-work,193096.0,success,13937,2089,html,text/html; charset=UTF-8,How Employers Can Address the Social Determinants of Work,Jessica Rood; Nano Moussa,2023-05-24,Jobs for the Future (JFF),https://www.jff.org/blog/how-employers-can-address-social-determinants-work/,0.0,fdc342e38be260a4af8d.txt,f508723a01e89a915d0e4fb13a2606acc52678c73da866462af654712ac49b69
fdef0ff68550ff94af47,https://sciencedirect.com/science/article/abs/pii/S1053482213000648,2026-10-04T02:52:28.673594+00:00,sciencedirect.com,False,http_error,403.0,https://www.sciencedirect.com/science/article/abs/pii/S1053482213000648,1207883.0,not_extracted,0,0,,text/html; charset=UTF-8,,,,,,0.0,,
fe42ab0966b745db0060,https://pmc.ncbi.nlm.nih.gov/articles/PMC3375851,2026-10-04T02:52:29.599079+00:00,nih.gov,True,downloaded,200.0,https://pmc.ncbi.nlm.nih.gov/articles/PMC3375851/,303529.0,success,71733,12217,html,text/html; charset=utf-8,Low Income Families’ Utilization of the Federal “Safety Net”: Individual and State-Level Predictors of TANF and Food Stamp Receipt,Kelly M Purtell; Elizabeth T Gershoff; J Lawrence Aber,2012-04-01,Children and youth services review,https://pmc.ncbi.nlm.nih.gov/articles/PMC3375851/,0.0,fe42ab0966b745db0060.txt,8d21e5c5bb4b18f068b8fc1d080fbc0fa96eebb7a09e1a0563d46c60a0aab941
fe689e17c7a06f8c444e,https://pmc.ncbi.nlm.nih.gov/articles/PMC8848989,2026-10-04T02:52:29.732123+00:00,nih.gov,True,downloaded,200.0,https://pmc.ncbi.nlm.nih.gov/articles/PMC8848989,21365.0,success,131,18,html,text/html; charset=utf-8,Checking your browser,,2026-09-11,google.com,https://www.google.com/recaptcha/challengepage,0.0,fe689e17c7a06f8c444e.txt,a29166d0eaaa418bd5af61a282f1183a46c84c4d5e4c90689b1b452d230d05cc
fe8f9a51884018eef3b1,https://arlingtonlifeshelter.org/how-we-help/resources/causes-of-homelessness.html,2026-10-04T02:52:29.908985+00:00,arlingtonlifeshelter.org,True,downloaded,200.0,https://arlingtonlifeshelter.org/how-we-help/resources/causes-of-homelessness.html,57473.0,success,4496,730,html,text/html; charset=UTF-8,Causes of Homelessness : Resources : How We Help : Arlington Life Shelter,,2026-01-01,Arlington Life Shelter,https://arlingtonlifeshelter.org/how-we-help/resources/causes-of-homelessness.html,0.0,fe8f9a51884018eef3b1.txt,b27637c946b3e0e5a4ffa2a42fb63531e19238c4e590c9898dea8fc9de9dcfbf
feccf3fc5115122827e1,https://pmc.ncbi.nlm.nih.gov/articles/PMC13252812,2026-10-04T02:52:30.468666+00:00,nih.gov,True,downloaded,200.0,https://pmc.ncbi.nlm.nih.gov/articles/PMC13252812,21372.0,success,131,18,html,text/html; charset=utf-8,Checking your browser,,2026-09-11,google.com,https://www.google.com/recaptcha/challengepage,0.0,feccf3fc5115122827e1.txt,a29166d0eaaa418bd5af61a282f1183a46c84c4d5e4c90689b1b452d230d05cc
fefb43cfbc966d91f8bd,https://naspa.org/blog/supporting-queer-and-trans-college-students-amidst-political-turmoil,2026-10-04T02:52:31.462813+00:00,naspa.org,False,http_error,403.0,https://www.naspa.org/blog/supporting-queer-and-trans-college-students-amidst-political-turmoil,10153.0,not_extracted,0,0,,text/html; charset=UTF-8,,,,,,0.0,,
ff37434021ea46b94344,https://study.com/academy/lesson/video/factors-that-affect-credit-worthiness.html,2026-10-04T02:52:32.617728+00:00,study.com,True,downloaded,200.0,https://study.com/academy/lesson/video/factors-that-affect-credit-worthiness.html,141257.0,success,1260,189,html,text/html;charset=UTF-8,Factors That Affect Credit Worthiness - Video | Study.com,,2017-03-20,study.com,https://study.com/academy/lesson/video/factors-that-affect-credit-worthiness.html,0.0,ff37434021ea46b94344.txt,7d70d67dffca8d9164470b8e0e2f8ad3340818dfa42980599b1fe7d24265718b
ff3f182ece559b784817,https://youtube.com/watch?t=136s&v=duCGAeNglcw,2026-10-04T02:52:32.727986+00:00,youtube.com,True,downloaded,200.0,https://www.youtube.com/watch?t=136s&v=duCGAeNglcw,1442356.0,success,146,23,html,text/html; charset=utf-8,"Highly Selective College Admissions: Myths, Facts, and What Really Matters",,2025-07-21,YouTube,https://www.youtube.com/watch?v=duCGAeNglcw,0.0,ff3f182ece559b784817.txt,8dbba17988e385133ba8f51d76cde1fc2c859262b666cb848e9cfe2478fd5e71
ff80a8bc1c518e0eee36,https://ewa.org/data-research-tips/how-black-girls-are-harmed-in-schools,2026-10-04T02:52:33.331390+00:00,ewa.org,True,downloaded,200.0,https://ewa.org/data-research-tips/how-black-girls-are-harmed-in-schools,185675.0,success,9732,1542,html,text/html; charset=UTF-8,How Black Girls Are Harmed in Schools,Krissy,2024-08-13,ewa.org,https://ewa.org/data-research-tips/how-black-girls-are-harmed-in-schools,0.0,ff80a8bc1c518e0eee36.txt,84e5afbf74123b9d9f8af8473d574d6735d1e42ecc14c2e2bd9376d2d40d1081
ffad66be1cd04074d5dd,https://stopbullying.gov/sites/default/files/2017-09/lgbtyouthtipsheet.pdf,2026-10-04T02:52:33.708013+00:00,stopbullying.gov,False,http_error,403.0,https://www.stopbullying.gov/sites/default/files/2017-09/lgbtyouthtipsheet.pdf,447.0,not_extracted,0,0,,text/html,,,,,,0.0,,
ffc995d1bb8c677952c9,https://hispanicresearchcenter.org/research-resources/national-profile-of-latino-parents-education-attainment-underscores-the-diverse-educational-needs-of-a-fast-growing-population?print=print,2026-10-04T02:52:33.867195+00:00,hispanicresearchcenter.org,True,downloaded,200.0,https://www.hispanicresearchcenter.org/research-resources/national-profile-of-latino-parents-education-attainment-underscores-the-diverse-educational-needs-of-a-fast-growing-population?print=print,219188.0,success,50041,7471,html,text/html; charset=UTF-8,National Profile of Latino Parents’ Educational Attainment Underscores the Diverse Educational Needs of a Fast-growing Population,Author,2023-11-08,hispanicresearchcenter.org,https://www.hispanicresearchcenter.org/research-resources/national-profile-of-latino-parents-education-attainment-underscores-the-diverse-educational-needs-of-a-fast-growing-population?print=print,0.0,ffc995d1bb8c677952c9.txt,b4189080fe9c7e0442a07846c78ef198f136934af10645afd59222f92d9d90a5
