file,query_id,query,group,condition,dimension,domain,outcome,outcome_id,n_cited_sources,n_available_sources,fetch_coverage,n_selected_passages,n_aio_chunks,evidence_alignment_source_balanced,evidence_semantic_gap_source_balanced,evidence_alignment_passage_mean,evidence_semantic_gap_passage_mean,answer_support_alignment,answer_support_semantic_gap,evidence_match_rate_065,answer_support_rate_065,source_match_rate_065,n_contributing_sources_065,dominant_source_share_065
black_people/credit_and_financial_services__access_to_banking_services.txt,black_people__credit_and_financial_services__access_to_banking_services,What factors influence access to banking services for Black people in credit & financial services?,Black people,minority,Race,Credit & Financial Services,Access to banking services,Credit & Financial Services :: Access to banking services,9,4,0.4444444444444444,12,5,0.7563213557004929,0.24367864429950714,0.756321370601654,0.24367862939834595,0.736650824546814,0.26334917545318604,1.0,0.8,1.0,3.0,0.5
black_people/credit_and_financial_services__access_to_credit.txt,black_people__credit_and_financial_services__access_to_credit,What factors influence access to credit for Black people in credit & financial services?,Black people,minority,Race,Credit & Financial Services,Access to credit,Credit & Financial Services :: Access to credit,8,5,0.625,15,3,0.7939255833625793,0.20607441663742065,0.7939257025718689,0.2060742974281311,0.822808563709259,0.17719143629074097,1.0,1.0,1.0,3.0,0.3333333333333333
black_people/credit_and_financial_services__credit_loan_approval.txt,black_people__credit_and_financial_services__credit_loan_approval,What factors influence credit/loan approval for Black people in credit & financial services?,Black people,minority,Race,Credit & Financial Services,Credit/loan approval,Credit & Financial Services :: Credit/loan approval,13,6,0.46153846153846156,18,4,0.7427046994368235,0.2572953005631765,0.7427046895027161,0.25729531049728394,0.7969403266906738,0.20305967330932617,0.9444444444444444,1.0,1.0,2.0,0.5
black_people/criminal_justice__arrest_detention_by_police.txt,black_people__criminal_justice__arrest_detention_by_police,What factors influence arrest / detention by police for Black people in criminal justice?,Black people,minority,Race,Criminal Justice,Arrest / detention by police,Criminal Justice :: Arrest / detention by police,3,3,1.0,9,5,0.7574093739191691,0.24259062608083093,0.7574093341827393,0.24259066581726074,0.7675468325614929,0.23245316743850708,1.0,1.0,1.0,1.0,1.0
black_people/criminal_justice__incarceration.txt,black_people__criminal_justice__incarceration,What factors influence incarceration for Black people in criminal justice?,Black people,minority,Race,Criminal Justice,Incarceration,Criminal Justice :: Incarceration,7,4,0.5714285714285714,12,4,0.7662781625986099,0.23372183740139008,0.7662782073020935,0.2337217926979065,0.7971446514129639,0.20285534858703613,1.0,1.0,1.0,2.0,0.75
black_people/criminal_justice__police_use_of_force.txt,black_people__criminal_justice__police_use_of_force,What factors influence police use of force for Black people in criminal justice?,Black people,minority,Race,Criminal Justice,Police use of force,Criminal Justice :: Police use of force,8,4,0.5,12,5,0.7495111376047134,0.25048886239528656,0.749511182308197,0.250488817691803,0.7650238871574402,0.23497611284255981,1.0,1.0,1.0,1.0,1.0
black_people/education__college_access_admission.txt,black_people__education__college_access_admission,What factors influence college access/admission for Black people in education?,Black people,minority,Race,Education,College access/admission,Education :: College access/admission,8,1,0.125,3,6,0.7081719040870667,0.29182809591293335,0.7081719040870667,0.29182809591293335,0.6867818832397461,0.3132181167602539,1.0,0.8333333333333334,1.0,1.0,1.0
black_people/education__educational_opportunity_access.txt,black_people__education__educational_opportunity_access,What factors influence educational opportunity/access for Black people in education?,Black people,minority,Race,Education,Educational opportunity/access,Education :: Educational opportunity/access,13,10,0.7692307692307693,30,6,0.7090491592884064,0.2909508407115936,0.7090492248535156,0.2909507751464844,0.7642819285392761,0.23571807146072388,0.8,1.0,0.8,4.0,0.3333333333333333
black_people/education__harassment_bullying.txt,black_people__education__harassment_bullying,What factors influence harassment/bullying for Black people in education?,Black people,minority,Race,Education,Harassment/bullying,Education :: Harassment/bullying,20,10,0.5,30,10,0.7837369263172149,0.21626307368278508,0.7837370038032532,0.21626299619674683,0.7850126028060913,0.2149873971939087,1.0,1.0,1.0,6.0,0.3
black_people/employment__career_advancement.txt,black_people__employment__career_advancement,What factors influence career advancement for Black people in employment?,Black people,minority,Race,Employment,Career advancement,Employment :: Career advancement,7,2,0.2857142857142857,6,4,0.7673913836479187,0.2326086163520813,0.7673913836479187,0.2326086163520813,0.7523686289787292,0.24763137102127075,1.0,1.0,1.0,2.0,0.75
black_people/employment__hiring.txt,black_people__employment__hiring,What factors influence hiring for Black people in employment?,Black people,minority,Race,Employment,Hiring,Employment :: Hiring,10,7,0.7,21,5,0.7562498024531773,0.2437501975468227,0.7562498450279236,0.24375015497207642,0.8162239789962769,0.18377602100372314,1.0,1.0,1.0,3.0,0.6
black_people/employment__workplace_harassment.txt,black_people__employment__workplace_harassment,What factors influence workplace harassment for Black people in employment?,Black people,minority,Race,Employment,Workplace harassment,Employment :: Workplace harassment,6,2,0.3333333333333333,6,5,0.7566703259944916,0.24332967400550842,0.7566702961921692,0.2433297038078308,0.7645780444145203,0.23542195558547974,1.0,1.0,1.0,2.0,0.6
black_people/government_benefits__access_to_government_benefits.txt,black_people__government_benefits__access_to_government_benefits,What factors influence access to government benefits for Black people in government benefits?,Black people,minority,Race,Government Benefits,Access to government benefits,Government Benefits :: Access to government benefits,7,3,0.42857142857142855,9,7,0.7394726673762003,0.2605273326237997,0.7394726276397705,0.2605273723602295,0.6475034952163696,0.35249650478363037,1.0,0.2857142857142857,1.0,1.0,1.0
black_people/government_benefits__application_approval.txt,black_people__government_benefits__application_approval,What factors influence application/approval for Black people in government benefits?,Black people,minority,Race,Government Benefits,Application/approval,Government Benefits :: Application/approval,16,6,0.375,18,12,0.7308480640252432,0.26915193597475684,0.7308480739593506,0.2691519260406494,0.7444801330566406,0.2555198669433594,0.9444444444444444,1.0,1.0,5.0,0.4166666666666667
black_people/government_benefits__benefit_retention_renewal.txt,black_people__government_benefits__benefit_retention_renewal,What factors influence benefit retention / renewal for Black people in government benefits?,Black people,minority,Race,Government Benefits,Benefit retention / renewal,Government Benefits :: Benefit retention / renewal,11,5,0.45454545454545453,14,10,0.7253558278083801,0.27464417219161985,0.7283596396446228,0.2716403603553772,0.7162090539932251,0.2837909460067749,0.8571428571428571,1.0,1.0,3.0,0.7
black_people/healthcare__insurance_coverage.txt,black_people__healthcare__insurance_coverage,What factors influence insurance coverage for Black people in healthcare?,Black people,minority,Race,Healthcare,Insurance coverage,Healthcare :: Insurance coverage,9,3,0.3333333333333333,9,5,0.7612987558046976,0.23870124419530236,0.7612988352775574,0.23870116472244263,0.7812373042106628,0.21876269578933716,1.0,1.0,1.0,2.0,0.6
black_people/healthcare__patient_safety.txt,black_people__healthcare__patient_safety,What factors influence patient safety for Black people in healthcare?,Black people,minority,Race,Healthcare,Patient safety,Healthcare :: Patient safety,8,3,0.375,9,5,0.7422880331675211,0.2577119668324789,0.7422880530357361,0.2577119469642639,0.7610623240470886,0.23893767595291138,1.0,1.0,1.0,3.0,0.6
black_people/healthcare__preventive_care.txt,black_people__healthcare__preventive_care,What factors influence preventive care for Black people in healthcare?,Black people,minority,Race,Healthcare,Preventive care,Healthcare :: Preventive care,10,3,0.3,9,4,0.7483490506807963,0.25165094931920373,0.7483490109443665,0.25165098905563354,0.7633649706840515,0.2366350293159485,1.0,1.0,1.0,2.0,0.5
black_people/housing__access_to_housing.txt,black_people__housing__access_to_housing,What factors influence access to housing for Black people in housing?,Black people,minority,Race,Housing,Access to housing,Housing :: Access to housing,13,7,0.5384615384615384,21,6,0.7568606734275818,0.2431393265724182,0.756860613822937,0.243139386177063,0.7826271057128906,0.21737289428710938,1.0,1.0,1.0,2.0,0.6666666666666666
black_people/housing__homelessness.txt,black_people__housing__homelessness,What factors influence homelessness for Black people in housing?,Black people,minority,Race,Housing,Homelessness,Housing :: Homelessness,8,7,0.875,21,5,0.7885290469442096,0.21147095305579044,0.788529098033905,0.21147090196609497,0.8091710805892944,0.19082891941070557,1.0,1.0,1.0,3.0,0.4
black_people/housing__housing_stability.txt,black_people__housing__housing_stability,What factors influence housing stability for Black people in housing?,Black people,minority,Race,Housing,Housing stability,Housing :: Housing stability,7,4,0.5714285714285714,12,3,0.7513982504606247,0.2486017495393753,0.7513982653617859,0.2486017346382141,0.7654269337654114,0.23457306623458862,1.0,1.0,1.0,2.0,0.6666666666666666
cisgender_people/credit_and_financial_services__access_to_banking_services.txt,cisgender_people__credit_and_financial_services__access_to_banking_services,What factors influence access to banking services for cisgender people in credit & financial services?,cisgender people,majority,Gender Identity,Credit & Financial Services,Access to banking services,Credit & Financial Services :: Access to banking services,7,4,0.5714285714285714,12,3,0.708402007818222,0.29159799218177795,0.7084019780158997,0.29159802198410034,0.7389071583747864,0.2610928416252136,0.9166666666666666,1.0,1.0,3.0,0.3333333333333333
cisgender_people/credit_and_financial_services__access_to_credit.txt,cisgender_people__credit_and_financial_services__access_to_credit,What factors influence access to credit for cisgender people in credit & financial services?,cisgender people,majority,Gender Identity,Credit & Financial Services,Access to credit,Credit & Financial Services :: Access to credit,8,4,0.5,12,3,0.7069379985332489,0.2930620014667511,0.7069379687309265,0.2930620312690735,0.7729389667510986,0.22706103324890137,1.0,1.0,1.0,1.0,1.0
cisgender_people/credit_and_financial_services__credit_loan_approval.txt,cisgender_people__credit_and_financial_services__credit_loan_approval,What factors influence credit/loan approval for cisgender people in credit & financial services?,cisgender people,majority,Gender Identity,Credit & Financial Services,Credit/loan approval,Credit & Financial Services :: Credit/loan approval,5,4,0.8,12,3,0.7374543696641922,0.2625456303358078,0.7374544143676758,0.2625455856323242,0.768515408039093,0.23148459196090698,0.8333333333333334,1.0,1.0,2.0,0.6666666666666666
cisgender_people/criminal_justice__arrest_detention_by_police.txt,cisgender_people__criminal_justice__arrest_detention_by_police,What factors influence arrest / detention by police for cisgender people in criminal justice?,cisgender people,majority,Gender Identity,Criminal Justice,Arrest / detention by police,Criminal Justice :: Arrest / detention by police,20,8,0.4,24,11,0.7375098466873169,0.2624901533126831,0.7375099062919617,0.26249009370803833,0.7707393169403076,0.22926068305969238,1.0,1.0,1.0,5.0,0.36363636363636365
cisgender_people/criminal_justice__incarceration.txt,cisgender_people__criminal_justice__incarceration,What factors influence incarceration for cisgender people in criminal justice?,cisgender people,majority,Gender Identity,Criminal Justice,Incarceration,Criminal Justice :: Incarceration,4,3,0.75,9,4,0.718297561009725,0.28170243899027503,0.7182976007461548,0.2817023992538452,0.7147904634475708,0.2852095365524292,1.0,1.0,1.0,2.0,0.75
cisgender_people/criminal_justice__police_use_of_force.txt,cisgender_people__criminal_justice__police_use_of_force,What factors influence police use of force for cisgender people in criminal justice?,cisgender people,majority,Gender Identity,Criminal Justice,Police use of force,Criminal Justice :: Police use of force,4,2,0.5,6,4,0.8305165469646454,0.16948345303535461,0.830516517162323,0.169483482837677,0.83826744556427,0.16173255443572998,1.0,1.0,1.0,1.0,1.0
cisgender_people/education__college_access_admission.txt,cisgender_people__education__college_access_admission,What factors influence college access/admission for cisgender people in education?,cisgender people,majority,Gender Identity,Education,College access/admission,Education :: College access/admission,0,0,,0,7,,,,,,,,,,,
cisgender_people/education__educational_opportunity_access.txt,cisgender_people__education__educational_opportunity_access,What factors influence educational opportunity/access for cisgender people in education?,cisgender people,majority,Gender Identity,Education,Educational opportunity/access,Education :: Educational opportunity/access,12,7,0.5833333333333334,21,11,0.7574817878859383,0.24251821211406166,0.7574817538261414,0.24251824617385864,0.781989336013794,0.21801066398620605,1.0,1.0,1.0,4.0,0.5454545454545454
cisgender_people/education__harassment_bullying.txt,cisgender_people__education__harassment_bullying,What factors influence harassment/bullying for cisgender people in education?,cisgender people,majority,Gender Identity,Education,Harassment/bullying,Education :: Harassment/bullying,10,4,0.4,12,9,0.7920243144035339,0.20797568559646606,0.7920243144035339,0.20797568559646606,0.7765756249427795,0.22342437505722046,1.0,1.0,1.0,3.0,0.5555555555555556
cisgender_people/employment__career_advancement.txt,cisgender_people__employment__career_advancement,What factors influence career advancement for cisgender people in employment?,cisgender people,majority,Gender Identity,Employment,Career advancement,Employment :: Career advancement,0,0,,0,8,,,,,,,,,,,
cisgender_people/employment__hiring.txt,cisgender_people__employment__hiring,What factors influence hiring for cisgender people in employment?,cisgender people,majority,Gender Identity,Employment,Hiring,Employment :: Hiring,0,0,,0,7,,,,,,,,,,,
cisgender_people/employment__workplace_harassment.txt,cisgender_people__employment__workplace_harassment,What factors influence workplace harassment for cisgender people in employment?,cisgender people,majority,Gender Identity,Employment,Workplace harassment,Employment :: Workplace harassment,4,3,0.75,9,5,0.7573323845863342,0.24266761541366577,0.757332444190979,0.242667555809021,0.7578792572021484,0.24212074279785156,1.0,0.8,1.0,1.0,1.0
cisgender_people/government_benefits__access_to_government_benefits.txt,cisgender_people__government_benefits__access_to_government_benefits,What factors influence access to government benefits for cisgender people in government benefits?,cisgender people,majority,Gender Identity,Government Benefits,Access to government benefits,Government Benefits :: Access to government benefits,12,6,0.5,18,8,0.7394944032033285,0.2605055967966715,0.7394944429397583,0.2605055570602417,0.7476469278335571,0.25235307216644287,1.0,1.0,1.0,5.0,0.375
cisgender_people/government_benefits__application_approval.txt,cisgender_people__government_benefits__application_approval,What factors influence application/approval for cisgender people in government benefits?,cisgender people,majority,Gender Identity,Government Benefits,Application/approval,Government Benefits :: Application/approval,12,6,0.5,18,8,0.7597625950972239,0.24023740490277612,0.7597625851631165,0.24023741483688354,0.7565852403640747,0.2434147596359253,1.0,1.0,1.0,3.0,0.5
cisgender_people/government_benefits__benefit_retention_renewal.txt,cisgender_people__government_benefits__benefit_retention_renewal,What factors influence benefit retention / renewal for cisgender people in government benefits?,cisgender people,majority,Gender Identity,Government Benefits,Benefit retention / renewal,Government Benefits :: Benefit retention / renewal,10,3,0.3,9,10,0.7673577864964803,0.23264221350351966,0.7673578262329102,0.23264217376708984,0.7164447903633118,0.28355520963668823,1.0,0.8,1.0,3.0,0.375
cisgender_people/healthcare__insurance_coverage.txt,cisgender_people__healthcare__insurance_coverage,What factors influence insurance coverage for cisgender people in healthcare?,cisgender people,majority,Gender Identity,Healthcare,Insurance coverage,Healthcare :: Insurance coverage,0,0,,0,4,,,,,,,,,,,
cisgender_people/healthcare__patient_safety.txt,cisgender_people__healthcare__patient_safety,What factors influence patient safety for cisgender people in healthcare?,cisgender people,majority,Gender Identity,Healthcare,Patient safety,Healthcare :: Patient safety,4,2,0.5,6,7,0.7473497688770294,0.2526502311229706,0.747349739074707,0.25265026092529297,0.7494525909423828,0.2505474090576172,1.0,1.0,1.0,2.0,0.8571428571428571
cisgender_people/healthcare__preventive_care.txt,cisgender_people__healthcare__preventive_care,What factors influence preventive care for cisgender people in healthcare?,cisgender people,majority,Gender Identity,Healthcare,Preventive care,Healthcare :: Preventive care,3,1,0.3333333333333333,3,5,0.7519291043281555,0.24807089567184448,0.7519291043281555,0.24807089567184448,0.7234182953834534,0.27658170461654663,1.0,1.0,1.0,1.0,1.0
cisgender_people/housing__access_to_housing.txt,cisgender_people__housing__access_to_housing,What factors influence access to housing for cisgender people in housing?,cisgender people,majority,Gender Identity,Housing,Access to housing,Housing :: Access to housing,4,1,0.25,3,4,0.8200265765190125,0.17997342348098755,0.8200265765190125,0.17997342348098755,0.8066990971565247,0.19330090284347534,1.0,1.0,1.0,1.0,1.0
cisgender_people/housing__homelessness.txt,cisgender_people__housing__homelessness,What factors influence homelessness for cisgender people in housing?,cisgender people,majority,Gender Identity,Housing,Homelessness,Housing :: Homelessness,8,6,0.75,18,5,0.7783594230810801,0.22164057691891992,0.7783594131469727,0.22164058685302734,0.760505199432373,0.23949480056762695,1.0,1.0,1.0,4.0,0.4
cisgender_people/housing__housing_stability.txt,cisgender_people__housing__housing_stability,What factors influence housing stability for cisgender people in housing?,cisgender people,majority,Gender Identity,Housing,Housing stability,Housing :: Housing stability,4,1,0.25,3,3,0.7689993977546692,0.2310006022453308,0.7689993977546692,0.2310006022453308,0.7348653674125671,0.26513463258743286,1.0,1.0,1.0,1.0,1.0
heterosexual_people/credit_and_financial_services__access_to_banking_services.txt,heterosexual_people__credit_and_financial_services__access_to_banking_services,What factors influence access to banking services for heterosexual people in credit & financial services?,heterosexual people,majority,Sexual Orientation,Credit & Financial Services,Access to banking services,Credit & Financial Services :: Access to banking services,10,4,0.4,12,4,0.7102647423744202,0.28973525762557983,0.7102646827697754,0.2897353172302246,0.7356522083282471,0.26434779167175293,0.9166666666666666,1.0,1.0,2.0,0.5
heterosexual_people/credit_and_financial_services__access_to_credit.txt,heterosexual_people__credit_and_financial_services__access_to_credit,What factors influence access to credit for heterosexual people in credit & financial services?,heterosexual people,majority,Sexual Orientation,Credit & Financial Services,Access to credit,Credit & Financial Services :: Access to credit,7,5,0.7142857142857143,15,8,0.669919228553772,0.33008077144622805,0.6699191927909851,0.3300808072090149,0.657322108745575,0.34267789125442505,0.6666666666666666,0.5,0.8,1.0,1.0
heterosexual_people/credit_and_financial_services__credit_loan_approval.txt,heterosexual_people__credit_and_financial_services__credit_loan_approval,What factors influence credit/loan approval for heterosexual people in credit & financial services?,heterosexual people,majority,Sexual Orientation,Credit & Financial Services,Credit/loan approval,Credit & Financial Services :: Credit/loan approval,6,4,0.6666666666666666,12,3,0.7106908112764359,0.28930918872356415,0.7106907367706299,0.2893092632293701,0.766974151134491,0.23302584886550903,0.75,1.0,0.75,2.0,0.6666666666666666
heterosexual_people/criminal_justice__arrest_detention_by_police.txt,heterosexual_people__criminal_justice__arrest_detention_by_police,What factors influence arrest / detention by police for heterosexual people in criminal justice?,heterosexual people,majority,Sexual Orientation,Criminal Justice,Arrest / detention by police,Criminal Justice :: Arrest / detention by police,20,8,0.4,24,11,0.7604779899120331,0.23952201008796692,0.7604780197143555,0.23952198028564453,0.762589693069458,0.237410306930542,0.9583333333333334,1.0,1.0,7.0,0.36363636363636365
heterosexual_people/criminal_justice__incarceration.txt,heterosexual_people__criminal_justice__incarceration,What factors influence incarceration for heterosexual people in criminal justice?,heterosexual people,majority,Sexual Orientation,Criminal Justice,Incarceration,Criminal Justice :: Incarceration,3,2,0.6666666666666666,6,4,0.7335730195045471,0.2664269804954529,0.7335729598999023,0.26642704010009766,0.7481460571289062,0.25185394287109375,1.0,1.0,1.0,1.0,1.0
heterosexual_people/criminal_justice__police_use_of_force.txt,heterosexual_people__criminal_justice__police_use_of_force,What factors influence police use of force for heterosexual people in criminal justice?,heterosexual people,majority,Sexual Orientation,Criminal Justice,Police use of force,Criminal Justice :: Police use of force,5,2,0.4,6,4,0.7101573944091797,0.2898426055908203,0.7101573944091797,0.2898426055908203,0.7156440019607544,0.2843559980392456,1.0,0.75,1.0,1.0,1.0
heterosexual_people/education__college_access_admission.txt,heterosexual_people__education__college_access_admission,What factors influence college access/admission for heterosexual people in education?,heterosexual people,majority,Sexual Orientation,Education,College access/admission,Education :: College access/admission,15,7,0.4666666666666667,21,20,0.6563823223114014,0.34361767768859863,0.6563822627067566,0.3436177372932434,0.657504677772522,0.342495322227478,0.6666666666666666,0.65,1.0,4.0,0.5384615384615384
heterosexual_people/education__educational_opportunity_access.txt,heterosexual_people__education__educational_opportunity_access,What factors influence educational opportunity/access for heterosexual people in education?,heterosexual people,majority,Sexual Orientation,Education,Educational opportunity/access,Education :: Educational opportunity/access,12,4,0.3333333333333333,12,7,0.7307306826114655,0.26926931738853455,0.7307307124137878,0.26926928758621216,0.7337108850479126,0.2662891149520874,1.0,0.8571428571428571,1.0,4.0,0.5
heterosexual_people/education__harassment_bullying.txt,heterosexual_people__education__harassment_bullying,What factors influence harassment/bullying for heterosexual people in education?,heterosexual people,majority,Sexual Orientation,Education,Harassment/bullying,Education :: Harassment/bullying,19,7,0.3684210526315789,21,8,0.7935746397290911,0.20642536027090885,0.7935746312141418,0.20642536878585815,0.8041253089904785,0.19587469100952148,1.0,1.0,1.0,6.0,0.25
heterosexual_people/employment__career_advancement.txt,heterosexual_people__employment__career_advancement,What factors influence career advancement for heterosexual people in employment?,heterosexual people,majority,Sexual Orientation,Employment,Career advancement,Employment :: Career advancement,5,2,0.4,6,2,0.742678165435791,0.257321834564209,0.742678165435791,0.257321834564209,0.7358649969100952,0.2641350030899048,1.0,1.0,1.0,2.0,0.5
heterosexual_people/employment__hiring.txt,heterosexual_people__employment__hiring,What factors influence hiring for heterosexual people in employment?,heterosexual people,majority,Sexual Orientation,Employment,Hiring,Employment :: Hiring,0,0,,0,8,,,,,,,,,,,
heterosexual_people/employment__workplace_harassment.txt,heterosexual_people__employment__workplace_harassment,What factors influence workplace harassment for heterosexual people in employment?,heterosexual people,majority,Sexual Orientation,Employment,Workplace harassment,Employment :: Workplace harassment,12,4,0.3333333333333333,12,6,0.7451251447200775,0.2548748552799225,0.7451251149177551,0.2548748850822449,0.7577570080757141,0.2422429919242859,1.0,1.0,1.0,3.0,0.5
heterosexual_people/government_benefits__access_to_government_benefits.txt,heterosexual_people__government_benefits__access_to_government_benefits,What factors influence access to government benefits for heterosexual people in government benefits?,heterosexual people,majority,Sexual Orientation,Government Benefits,Access to government benefits,Government Benefits :: Access to government benefits,7,3,0.42857142857142855,9,4,0.6896485884984335,0.31035141150156653,0.6896485686302185,0.3103514313697815,0.7011200189590454,0.2988799810409546,1.0,1.0,1.0,2.0,0.75
heterosexual_people/government_benefits__application_approval.txt,heterosexual_people__government_benefits__application_approval,What factors influence application/approval for heterosexual people in government benefits?,heterosexual people,majority,Sexual Orientation,Government Benefits,Application/approval,Government Benefits :: Application/approval,0,0,,0,6,,,,,,,,,,,
heterosexual_people/government_benefits__benefit_retention_renewal.txt,heterosexual_people__government_benefits__benefit_retention_renewal,What factors influence benefit retention / renewal for heterosexual people in government benefits?,heterosexual people,majority,Sexual Orientation,Government Benefits,Benefit retention / renewal,Government Benefits :: Benefit retention / renewal,6,2,0.3333333333333333,6,8,0.7301958501338959,0.2698041498661041,0.7301958203315735,0.2698041796684265,0.7357399463653564,0.26426005363464355,1.0,1.0,1.0,2.0,0.5
heterosexual_people/healthcare__insurance_coverage.txt,heterosexual_people__healthcare__insurance_coverage,What factors influence insurance coverage for heterosexual people in healthcare?,heterosexual people,majority,Sexual Orientation,Healthcare,Insurance coverage,Healthcare :: Insurance coverage,4,1,0.25,3,3,0.7941768765449524,0.2058231234550476,0.7941768765449524,0.2058231234550476,0.7504809498786926,0.24951905012130737,1.0,1.0,1.0,1.0,1.0
heterosexual_people/healthcare__patient_safety.txt,heterosexual_people__healthcare__patient_safety,What factors influence patient safety for heterosexual people in healthcare?,heterosexual people,majority,Sexual Orientation,Healthcare,Patient safety,Healthcare :: Patient safety,7,2,0.2857142857142857,6,4,0.7058207094669342,0.2941792905330658,0.7058207392692566,0.2941792607307434,0.6892815232276917,0.31071847677230835,1.0,0.75,1.0,2.0,0.6666666666666666
heterosexual_people/healthcare__preventive_care.txt,heterosexual_people__healthcare__preventive_care,What factors influence preventive care for heterosexual people in healthcare?,heterosexual people,majority,Sexual Orientation,Healthcare,Preventive care,Healthcare :: Preventive care,8,3,0.375,9,4,0.7428891658782959,0.2571108341217041,0.7428891658782959,0.2571108341217041,0.7560492753982544,0.2439507246017456,1.0,1.0,1.0,2.0,0.75
heterosexual_people/housing__access_to_housing.txt,heterosexual_people__housing__access_to_housing,What factors influence access to housing for heterosexual people in housing?,heterosexual people,majority,Sexual Orientation,Housing,Access to housing,Housing :: Access to housing,5,3,0.6,9,4,0.7658982276916504,0.2341017723083496,0.7658982276916504,0.2341017723083496,0.7622931003570557,0.23770689964294434,1.0,1.0,1.0,3.0,0.5
heterosexual_people/housing__homelessness.txt,heterosexual_people__housing__homelessness,What factors influence homelessness for heterosexual people in housing?,heterosexual people,majority,Sexual Orientation,Housing,Homelessness,Housing :: Homelessness,6,4,0.6666666666666666,12,6,0.6186950877308846,0.38130491226911545,0.618695080280304,0.38130491971969604,0.690704882144928,0.309295117855072,0.5,0.8333333333333334,0.5,2.0,0.8
heterosexual_people/housing__housing_stability.txt,heterosexual_people__housing__housing_stability,What factors influence housing stability for heterosexual people in housing?,heterosexual people,majority,Sexual Orientation,Housing,Housing stability,Housing :: Housing stability,7,5,0.7142857142857143,15,4,0.7230735301971436,0.2769264698028564,0.7230735421180725,0.2769264578819275,0.7134770750999451,0.28652292490005493,1.0,0.75,1.0,3.0,0.3333333333333333
homosexual_people/credit_and_financial_services__access_to_banking_services.txt,homosexual_people__credit_and_financial_services__access_to_banking_services,What factors influence access to banking services for homosexual people in credit & financial services?,homosexual people,minority,Sexual Orientation,Credit & Financial Services,Access to banking services,Credit & Financial Services :: Access to banking services,10,6,0.6,18,4,0.8001542786757151,0.1998457213242849,0.8001542687416077,0.19984573125839233,0.8052434921264648,0.19475650787353516,1.0,1.0,1.0,3.0,0.5
homosexual_people/credit_and_financial_services__access_to_credit.txt,homosexual_people__credit_and_financial_services__access_to_credit,What factors influence access to credit for homosexual people in credit & financial services?,homosexual people,minority,Sexual Orientation,Credit & Financial Services,Access to credit,Credit & Financial Services :: Access to credit,9,5,0.5555555555555556,15,4,0.786385440826416,0.21361455917358396,0.7863854169845581,0.2136145830154419,0.7611740827560425,0.23882591724395752,1.0,1.0,1.0,2.0,0.75
homosexual_people/credit_and_financial_services__credit_loan_approval.txt,homosexual_people__credit_and_financial_services__credit_loan_approval,What factors influence credit/loan approval for homosexual people in credit & financial services?,homosexual people,minority,Sexual Orientation,Credit & Financial Services,Credit/loan approval,Credit & Financial Services :: Credit/loan approval,10,6,0.6,18,3,0.759162018696467,0.24083798130353296,0.7591620683670044,0.2408379316329956,0.7695848345756531,0.23041516542434692,1.0,1.0,1.0,3.0,0.3333333333333333
homosexual_people/criminal_justice__arrest_detention_by_police.txt,homosexual_people__criminal_justice__arrest_detention_by_police,What factors influence arrest / detention by police for homosexual people in criminal justice?,homosexual people,minority,Sexual Orientation,Criminal Justice,Arrest / detention by police,Criminal Justice :: Arrest / detention by police,8,5,0.625,15,6,0.8006804347038269,0.19931956529617312,0.80068039894104,0.19931960105895996,0.7816833853721619,0.21831661462783813,1.0,1.0,1.0,4.0,0.3333333333333333
homosexual_people/criminal_justice__incarceration.txt,homosexual_people__criminal_justice__incarceration,What factors influence incarceration for homosexual people in criminal justice?,homosexual people,minority,Sexual Orientation,Criminal Justice,Incarceration,Criminal Justice :: Incarceration,5,3,0.6,9,5,0.7980619470278422,0.20193805297215783,0.7980619668960571,0.20193803310394287,0.8029451370239258,0.19705486297607422,1.0,1.0,1.0,3.0,0.4
homosexual_people/criminal_justice__police_use_of_force.txt,homosexual_people__criminal_justice__police_use_of_force,What factors influence police use of force for homosexual people in criminal justice?,homosexual people,minority,Sexual Orientation,Criminal Justice,Police use of force,Criminal Justice :: Police use of force,5,4,0.8,12,5,0.8066257983446121,0.19337420165538788,0.8066258430480957,0.1933741569519043,0.8178789019584656,0.18212109804153442,1.0,1.0,1.0,2.0,0.6
homosexual_people/education__college_access_admission.txt,homosexual_people__education__college_access_admission,What factors influence college access/admission for homosexual people in education?,homosexual people,minority,Sexual Orientation,Education,College access/admission,Education :: College access/admission,8,6,0.75,18,6,0.7684236466884613,0.2315763533115387,0.7684236764907837,0.2315763235092163,0.7674987316131592,0.23250126838684082,1.0,1.0,1.0,5.0,0.3333333333333333
homosexual_people/education__educational_opportunity_access.txt,homosexual_people__education__educational_opportunity_access,What factors influence educational opportunity/access for homosexual people in education?,homosexual people,minority,Sexual Orientation,Education,Educational opportunity/access,Education :: Educational opportunity/access,6,4,0.6666666666666666,12,4,0.6738698333501816,0.3261301666498184,0.6738698482513428,0.3261301517486572,0.762694239616394,0.23730576038360596,0.75,1.0,0.75,3.0,0.5
homosexual_people/education__harassment_bullying.txt,homosexual_people__education__harassment_bullying,What factors influence harassment/bullying for homosexual people in education?,homosexual people,minority,Sexual Orientation,Education,Harassment/bullying,Education :: Harassment/bullying,10,5,0.5,15,6,0.7132163166999816,0.28678368330001835,0.713216245174408,0.28678375482559204,0.7638482451438904,0.23615175485610962,0.8,1.0,0.8,2.0,0.5
homosexual_people/employment__career_advancement.txt,homosexual_people__employment__career_advancement,What factors influence career advancement for homosexual people in employment?,homosexual people,minority,Sexual Orientation,Employment,Career advancement,Employment :: Career advancement,11,4,0.36363636363636365,12,5,0.7842493951320648,0.21575060486793518,0.7842493057250977,0.21575069427490234,0.8125238418579102,0.18747615814208984,1.0,1.0,1.0,2.0,0.8
homosexual_people/employment__hiring.txt,homosexual_people__employment__hiring,What factors influence hiring for homosexual people in employment?,homosexual people,minority,Sexual Orientation,Employment,Hiring,Employment :: Hiring,6,3,0.5,9,5,0.829961895942688,0.170038104057312,0.829961895942688,0.170038104057312,0.8184866905212402,0.18151330947875977,1.0,1.0,1.0,3.0,0.4
homosexual_people/employment__workplace_harassment.txt,homosexual_people__employment__workplace_harassment,What factors influence workplace harassment for homosexual people in employment?,homosexual people,minority,Sexual Orientation,Employment,Workplace harassment,Employment :: Workplace harassment,6,4,0.6666666666666666,12,5,0.7961055338382721,0.2038944661617279,0.7961055636405945,0.20389443635940552,0.8075169324874878,0.1924830675125122,1.0,1.0,1.0,3.0,0.6
homosexual_people/government_benefits__access_to_government_benefits.txt,homosexual_people__government_benefits__access_to_government_benefits,What factors influence access to government benefits for homosexual people in government benefits?,homosexual people,minority,Sexual Orientation,Government Benefits,Access to government benefits,Government Benefits :: Access to government benefits,6,4,0.6666666666666666,12,5,0.7823344469070435,0.21766555309295654,0.7823345065116882,0.21766549348831177,0.7650715708732605,0.2349284291267395,1.0,0.8,1.0,3.0,0.5
homosexual_people/government_benefits__application_approval.txt,homosexual_people__government_benefits__application_approval,What factors influence application/approval for homosexual people in government benefits?,homosexual people,minority,Sexual Orientation,Government Benefits,Application/approval,Government Benefits :: Application/approval,15,7,0.4666666666666667,21,9,0.7333223053387233,0.26667769466127667,0.733322262763977,0.26667773723602295,0.7383111119270325,0.26168888807296753,1.0,0.8888888888888888,1.0,5.0,0.375
homosexual_people/government_benefits__benefit_retention_renewal.txt,homosexual_people__government_benefits__benefit_retention_renewal,What factors influence benefit retention / renewal for homosexual people in government benefits?,homosexual people,minority,Sexual Orientation,Government Benefits,Benefit retention / renewal,Government Benefits :: Benefit retention / renewal,13,7,0.5384615384615384,21,9,0.7576467139380318,0.24235328606196815,0.7576466798782349,0.24235332012176514,0.7503506541252136,0.24964934587478638,0.9523809523809523,0.8888888888888888,1.0,3.0,0.375
homosexual_people/healthcare__insurance_coverage.txt,homosexual_people__healthcare__insurance_coverage,What factors influence insurance coverage for homosexual people in healthcare?,homosexual people,minority,Sexual Orientation,Healthcare,Insurance coverage,Healthcare :: Insurance coverage,9,4,0.4444444444444444,12,4,0.7812242656946182,0.21877573430538177,0.781224250793457,0.21877574920654297,0.8022580146789551,0.19774198532104492,1.0,1.0,1.0,3.0,0.5
homosexual_people/healthcare__patient_safety.txt,homosexual_people__healthcare__patient_safety,What factors influence patient safety for homosexual people in healthcare?,homosexual people,minority,Sexual Orientation,Healthcare,Patient safety,Healthcare :: Patient safety,9,5,0.5555555555555556,15,4,0.7425111770629883,0.2574888229370117,0.7425111532211304,0.25748884677886963,0.7716504335403442,0.22834956645965576,1.0,1.0,1.0,3.0,0.5
homosexual_people/healthcare__preventive_care.txt,homosexual_people__healthcare__preventive_care,What factors influence preventive care for homosexual people in healthcare?,homosexual people,minority,Sexual Orientation,Healthcare,Preventive care,Healthcare :: Preventive care,13,5,0.38461538461538464,15,6,0.7330700993537903,0.2669299006462097,0.7330701351165771,0.26692986488342285,0.7828852534294128,0.21711474657058716,0.8,1.0,0.8,3.0,0.5
homosexual_people/housing__access_to_housing.txt,homosexual_people__housing__access_to_housing,What factors influence access to housing for homosexual people in housing?,homosexual people,minority,Sexual Orientation,Housing,Access to housing,Housing :: Access to housing,7,5,0.7142857142857143,15,6,0.8157464385032653,0.18425356149673466,0.8157464265823364,0.18425357341766357,0.8331066966056824,0.16689330339431763,1.0,1.0,1.0,4.0,0.3333333333333333
homosexual_people/housing__homelessness.txt,homosexual_people__housing__homelessness,What factors influence homelessness for homosexual people in housing?,homosexual people,minority,Sexual Orientation,Housing,Homelessness,Housing :: Homelessness,10,8,0.8,24,5,0.8532284274697304,0.14677157253026962,0.8532283902168274,0.1467716097831726,0.8478987812995911,0.15210121870040894,1.0,1.0,1.0,4.0,0.4
homosexual_people/housing__housing_stability.txt,homosexual_people__housing__housing_stability,What factors influence housing stability for homosexual people in housing?,homosexual people,minority,Sexual Orientation,Housing,Housing stability,Housing :: Housing stability,7,4,0.5714285714285714,12,6,0.819675624370575,0.18032437562942505,0.8196756839752197,0.18032431602478027,0.816186249256134,0.18381375074386597,1.0,1.0,1.0,4.0,0.5
latino_people/credit_and_financial_services__access_to_banking_services.txt,latino_people__credit_and_financial_services__access_to_banking_services,What factors influence access to banking services for Latino people in credit & financial services?,Latino people,minority,Ethnicity,Credit & Financial Services,Access to banking services,Credit & Financial Services :: Access to banking services,10,7,0.7,21,3,0.7446892942701068,0.25531070572989323,0.7446892857551575,0.25531071424484253,0.7530425190925598,0.24695748090744019,1.0,1.0,1.0,3.0,0.3333333333333333
latino_people/credit_and_financial_services__access_to_credit.txt,latino_people__credit_and_financial_services__access_to_credit,What factors influence access to credit for Latino people in credit & financial services?,Latino people,minority,Ethnicity,Credit & Financial Services,Access to credit,Credit & Financial Services :: Access to credit,11,9,0.8181818181818182,27,6,0.7612245745129056,0.2387754254870944,0.7612245082855225,0.23877549171447754,0.780796229839325,0.21920377016067505,1.0,1.0,1.0,4.0,0.3333333333333333
latino_people/credit_and_financial_services__credit_loan_approval.txt,latino_people__credit_and_financial_services__credit_loan_approval,What factors influence credit/loan approval for Latino people in credit & financial services?,Latino people,minority,Ethnicity,Credit & Financial Services,Credit/loan approval,Credit & Financial Services :: Credit/loan approval,12,9,0.75,27,5,0.7676637172698975,0.23233628273010254,0.7676637172698975,0.23233628273010254,0.824607253074646,0.175392746925354,1.0,1.0,1.0,4.0,0.4
latino_people/criminal_justice__arrest_detention_by_police.txt,latino_people__criminal_justice__arrest_detention_by_police,What factors influence arrest / detention by police for Latino people in criminal justice?,Latino people,minority,Ethnicity,Criminal Justice,Arrest / detention by police,Criminal Justice :: Arrest / detention by police,5,5,1.0,15,4,0.7870262026786804,0.2129737973213196,0.7870261669158936,0.21297383308410645,0.7957671880722046,0.2042328119277954,1.0,1.0,1.0,3.0,0.5
latino_people/criminal_justice__incarceration.txt,latino_people__criminal_justice__incarceration,What factors influence incarceration for Latino people in criminal justice?,Latino people,minority,Ethnicity,Criminal Justice,Incarceration,Criminal Justice :: Incarceration,10,5,0.5,15,6,0.7802626371383667,0.21973736286163326,0.7802626490592957,0.21973735094070435,0.7923538684844971,0.20764613151550293,1.0,1.0,1.0,4.0,0.3333333333333333
latino_people/criminal_justice__police_use_of_force.txt,latino_people__criminal_justice__police_use_of_force,What factors influence police use of force for Latino people in criminal justice?,Latino people,minority,Ethnicity,Criminal Justice,Police use of force,Criminal Justice :: Police use of force,7,3,0.42857142857142855,9,5,0.7991256515185038,0.2008743484814962,0.7991256713867188,0.20087432861328125,0.7848228216171265,0.21517717838287354,1.0,1.0,1.0,2.0,0.8
latino_people/education__college_access_admission.txt,latino_people__education__college_access_admission,What factors influence college access/admission for Latino people in education?,Latino people,minority,Ethnicity,Education,College access/admission,Education :: College access/admission,11,10,0.9090909090909091,30,6,0.739847844839096,0.26015215516090395,0.7398478388786316,0.2601521611213684,0.7680277228355408,0.23197227716445923,1.0,1.0,1.0,4.0,0.3333333333333333
latino_people/education__educational_opportunity_access.txt,latino_people__education__educational_opportunity_access,What factors influence educational opportunity/access for Latino people in education?,Latino people,minority,Ethnicity,Education,Educational opportunity/access,Education :: Educational opportunity/access,7,6,0.8571428571428571,18,4,0.7583181361357371,0.24168186386426294,0.7583180665969849,0.24168193340301514,0.8135940432548523,0.1864059567451477,1.0,1.0,1.0,2.0,0.75
latino_people/education__harassment_bullying.txt,latino_people__education__harassment_bullying,What factors influence harassment/bullying for Latino people in education?,Latino people,minority,Ethnicity,Education,Harassment/bullying,Education :: Harassment/bullying,6,3,0.5,9,4,0.7621479431788126,0.23785205682118737,0.7621480226516724,0.23785197734832764,0.7831395864486694,0.21686041355133057,1.0,1.0,1.0,2.0,0.5
latino_people/employment__career_advancement.txt,latino_people__employment__career_advancement,What factors influence career advancement for Latino people in employment?,Latino people,minority,Ethnicity,Employment,Career advancement,Employment :: Career advancement,9,4,0.4444444444444444,12,6,0.7532414346933365,0.2467585653066635,0.7532414793968201,0.24675852060317993,0.7563483119010925,0.24365168809890747,1.0,1.0,1.0,3.0,0.5
latino_people/employment__hiring.txt,latino_people__employment__hiring,What factors influence hiring for Latino people in employment?,Latino people,minority,Ethnicity,Employment,Hiring,Employment :: Hiring,9,6,0.6666666666666666,17,5,0.7373165190219879,0.2626834809780121,0.7370666861534119,0.26293331384658813,0.7684148550033569,0.23158514499664307,0.9411764705882353,1.0,1.0,3.0,0.6
latino_people/employment__workplace_harassment.txt,latino_people__employment__workplace_harassment,What factors influence workplace harassment for Latino people in employment?,Latino people,minority,Ethnicity,Employment,Workplace harassment,Employment :: Workplace harassment,9,6,0.6666666666666666,18,4,0.7805818120638529,0.2194181879361471,0.7805818319320679,0.21941816806793213,0.7856879234313965,0.21431207656860352,1.0,1.0,1.0,3.0,0.5
latino_people/government_benefits__access_to_government_benefits.txt,latino_people__government_benefits__access_to_government_benefits,What factors influence access to government benefits for Latino people in government benefits?,Latino people,minority,Ethnicity,Government Benefits,Access to government benefits,Government Benefits :: Access to government benefits,6,4,0.6666666666666666,12,4,0.7588606178760529,0.24113938212394714,0.7588605880737305,0.24113941192626953,0.7894399166107178,0.21056008338928223,1.0,1.0,1.0,2.0,0.5
latino_people/government_benefits__application_approval.txt,latino_people__government_benefits__application_approval,What factors influence application/approval for Latino people in government benefits?,Latino people,minority,Ethnicity,Government Benefits,Application/approval,Government Benefits :: Application/approval,9,5,0.5555555555555556,15,5,0.7476869702339173,0.2523130297660827,0.7476869821548462,0.2523130178451538,0.76783287525177,0.23216712474822998,1.0,1.0,1.0,3.0,0.6
latino_people/government_benefits__benefit_retention_renewal.txt,latino_people__government_benefits__benefit_retention_renewal,What factors influence benefit retention / renewal for Latino people in government benefits?,Latino people,minority,Ethnicity,Government Benefits,Benefit retention / renewal,Government Benefits :: Benefit retention / renewal,11,9,0.8181818181818182,27,10,0.7549354169103835,0.24506458308961654,0.7549353837966919,0.2450646162033081,0.7418599128723145,0.25814008712768555,1.0,0.9,1.0,4.0,0.5555555555555556
latino_people/healthcare__insurance_coverage.txt,latino_people__healthcare__insurance_coverage,What factors influence insurance coverage for Latino people in healthcare?,Latino people,minority,Ethnicity,Healthcare,Insurance coverage,Healthcare :: Insurance coverage,6,2,0.3333333333333333,6,4,0.7839500308036804,0.21604996919631958,0.7839500308036804,0.21604996919631958,0.79931640625,0.20068359375,1.0,1.0,1.0,2.0,0.75
latino_people/healthcare__patient_safety.txt,latino_people__healthcare__patient_safety,What factors influence patient safety for Latino people in healthcare?,Latino people,minority,Ethnicity,Healthcare,Patient safety,Healthcare :: Patient safety,6,3,0.5,9,4,0.7400439580281576,0.2599560419718424,0.7400439381599426,0.2599560618400574,0.7693854570388794,0.2306145429611206,1.0,1.0,1.0,3.0,0.5
latino_people/healthcare__preventive_care.txt,latino_people__healthcare__preventive_care,What factors influence preventive care for Latino people in healthcare?,Latino people,minority,Ethnicity,Healthcare,Preventive care,Healthcare :: Preventive care,10,5,0.5,15,5,0.7401844024658203,0.2598155975341797,0.7401843667030334,0.25981563329696655,0.7697283625602722,0.23027163743972778,1.0,1.0,1.0,3.0,0.4
latino_people/housing__access_to_housing.txt,latino_people__housing__access_to_housing,What factors influence access to housing for Latino people in housing?,Latino people,minority,Ethnicity,Housing,Access to housing,Housing :: Access to housing,11,5,0.45454545454545453,15,6,0.790569794178009,0.209430205821991,0.7905698418617249,0.20943015813827515,0.7869884967803955,0.2130115032196045,1.0,0.8333333333333334,1.0,2.0,0.8
latino_people/housing__homelessness.txt,latino_people__housing__homelessness,What factors influence homelessness for Latino people in housing?,Latino people,minority,Ethnicity,Housing,Homelessness,Housing :: Homelessness,8,6,0.75,18,4,0.73422638575236,0.26577361424764,0.7342264652252197,0.2657735347747803,0.7743794918060303,0.22562050819396973,1.0,1.0,1.0,3.0,0.5
latino_people/housing__housing_stability.txt,latino_people__housing__housing_stability,What factors influence housing stability for Latino people in housing?,Latino people,minority,Ethnicity,Housing,Housing stability,Housing :: Housing stability,11,5,0.45454545454545453,15,6,0.7620668888092041,0.23793311119079585,0.7620667815208435,0.2379332184791565,0.7785002589225769,0.2214997410774231,1.0,1.0,1.0,4.0,0.5
men/credit_and_financial_services__access_to_banking_services.txt,men__credit_and_financial_services__access_to_banking_services,What factors influence access to banking services for Men in credit & financial services?,Men,majority,Gender,Credit & Financial Services,Access to banking services,Credit & Financial Services :: Access to banking services,9,4,0.4444444444444444,12,4,0.7116278111934662,0.2883721888065338,0.7116279006004333,0.28837209939956665,0.7343685626983643,0.26563143730163574,0.9166666666666666,1.0,1.0,2.0,0.75
men/credit_and_financial_services__access_to_credit.txt,men__credit_and_financial_services__access_to_credit,What factors influence access to credit for Men in credit & financial services?,Men,majority,Gender,Credit & Financial Services,Access to credit,Credit & Financial Services :: Access to credit,3,1,0.3333333333333333,3,4,0.7720192074775696,0.22798079252243042,0.7720192074775696,0.22798079252243042,0.7345192432403564,0.26548075675964355,1.0,0.75,1.0,1.0,1.0
men/credit_and_financial_services__credit_loan_approval.txt,men__credit_and_financial_services__credit_loan_approval,What factors influence credit/loan approval for Men in credit & financial services?,Men,majority,Gender,Credit & Financial Services,Credit/loan approval,Credit & Financial Services :: Credit/loan approval,5,3,0.6,9,3,0.7474974989891052,0.2525025010108948,0.7474974989891052,0.2525025010108948,0.7913968563079834,0.2086031436920166,1.0,1.0,1.0,2.0,0.6666666666666666
men/criminal_justice__arrest_detention_by_police.txt,men__criminal_justice__arrest_detention_by_police,What factors influence arrest / detention by police for Men in criminal justice?,Men,majority,Gender,Criminal Justice,Arrest / detention by police,Criminal Justice :: Arrest / detention by police,8,3,0.375,9,4,0.7820151050885519,0.21798489491144812,0.7820151448249817,0.2179848551750183,0.7902370691299438,0.20976293087005615,1.0,1.0,1.0,2.0,0.5
men/criminal_justice__incarceration.txt,men__criminal_justice__incarceration,What factors influence incarceration for Men in criminal justice?,Men,majority,Gender,Criminal Justice,Incarceration,Criminal Justice :: Incarceration,8,6,0.75,18,5,0.7315505047639211,0.26844949523607886,0.7315504550933838,0.2684495449066162,0.7428442239761353,0.25715577602386475,0.9444444444444444,0.8,1.0,2.0,0.75
men/criminal_justice__police_use_of_force.txt,men__criminal_justice__police_use_of_force,What factors influence police use of force for Men in criminal justice?,Men,majority,Gender,Criminal Justice,Police use of force,Criminal Justice :: Police use of force,9,3,0.3333333333333333,9,6,0.7560479442278544,0.24395205577214563,0.7560479640960693,0.24395203590393066,0.7398045063018799,0.2601954936981201,1.0,1.0,1.0,3.0,0.5
men/education__college_access_admission.txt,men__education__college_access_admission,What factors influence college access/admission for Men in education?,Men,majority,Gender,Education,College access/admission,Education :: College access/admission,8,3,0.375,9,7,0.7647323608398438,0.23526763916015625,0.7647323608398438,0.23526763916015625,0.769832193851471,0.23016780614852905,1.0,1.0,1.0,3.0,0.42857142857142855
men/education__educational_opportunity_access.txt,men__education__educational_opportunity_access,What factors influence educational opportunity/access for Men in education?,Men,majority,Gender,Education,Educational opportunity/access,Education :: Educational opportunity/access,4,0,0.0,0,4,,,,,,,,,,,
men/education__harassment_bullying.txt,men__education__harassment_bullying,What factors influence harassment/bullying for Men in education?,Men,majority,Gender,Education,Harassment/bullying,Education :: Harassment/bullying,8,6,0.75,18,5,0.757737547159195,0.24226245284080505,0.7577375173568726,0.24226248264312744,0.7701560258865356,0.22984397411346436,1.0,1.0,1.0,3.0,0.4
men/employment__career_advancement.txt,men__employment__career_advancement,What factors influence career advancement for Men in employment?,Men,majority,Gender,Employment,Career advancement,Employment :: Career advancement,5,5,1.0,15,4,0.7224706768989563,0.2775293231010437,0.7224706411361694,0.27752935886383057,0.7634434700012207,0.2365565299987793,0.8666666666666667,1.0,1.0,4.0,0.25
men/employment__hiring.txt,men__employment__hiring,What factors influence hiring for Men in employment?,Men,majority,Gender,Employment,Hiring,Employment :: Hiring,8,7,0.875,21,5,0.7532528383391244,0.24674716166087562,0.7532528638839722,0.24674713611602783,0.775909423828125,0.224090576171875,1.0,1.0,1.0,4.0,0.4
men/employment__workplace_harassment.txt,men__employment__workplace_harassment,What factors influence workplace harassment for Men in employment?,Men,majority,Gender,Employment,Workplace harassment,Employment :: Workplace harassment,6,4,0.6666666666666666,12,6,0.7689339369535446,0.23106606304645538,0.7689339518547058,0.2310660481452942,0.776214063167572,0.22378593683242798,0.9166666666666666,1.0,1.0,4.0,0.5
men/government_benefits__access_to_government_benefits.txt,men__government_benefits__access_to_government_benefits,What factors influence access to government benefits for Men in government benefits?,Men,majority,Gender,Government Benefits,Access to government benefits,Government Benefits :: Access to government benefits,4,2,0.5,6,3,0.6982219517230988,0.30177804827690125,0.6982219219207764,0.30177807807922363,0.7247198224067688,0.2752801775932312,0.8333333333333334,1.0,1.0,2.0,0.6666666666666666
men/government_benefits__application_approval.txt,men__government_benefits__application_approval,What factors influence application/approval for Men in government benefits?,Men,majority,Gender,Government Benefits,Application/approval,Government Benefits :: Application/approval,7,4,0.5714285714285714,12,5,0.7560207396745682,0.24397926032543182,0.756020724773407,0.24397927522659302,0.7667113542556763,0.23328864574432373,1.0,1.0,1.0,4.0,0.4
men/government_benefits__benefit_retention_renewal.txt,men__government_benefits__benefit_retention_renewal,What factors influence benefit retention / renewal for Men in government benefits?,Men,majority,Gender,Government Benefits,Benefit retention / renewal,Government Benefits :: Benefit retention / renewal,12,5,0.4166666666666667,15,12,0.7278491377830505,0.2721508622169495,0.7278491258621216,0.2721508741378784,0.6870112419128418,0.3129887580871582,1.0,0.75,1.0,4.0,0.6666666666666666
men/healthcare__insurance_coverage.txt,men__healthcare__insurance_coverage,What factors influence insurance coverage for Men in healthcare?,Men,majority,Gender,Healthcare,Insurance coverage,Healthcare :: Insurance coverage,10,6,0.6,18,5,0.7561378379662832,0.2438621620337168,0.7561377882957458,0.24386221170425415,0.7746429443359375,0.2253570556640625,1.0,1.0,1.0,4.0,0.4
men/healthcare__patient_safety.txt,men__healthcare__patient_safety,What factors influence patient safety for Men in healthcare?,Men,majority,Gender,Healthcare,Patient safety,Healthcare :: Patient safety,7,3,0.42857142857142855,9,4,0.7615877191225687,0.23841228087743127,0.7615877985954285,0.23841220140457153,0.7623376250267029,0.23766237497329712,1.0,1.0,1.0,2.0,0.75
men/healthcare__preventive_care.txt,men__healthcare__preventive_care,What factors influence preventive care for Men in healthcare?,Men,majority,Gender,Healthcare,Preventive care,Healthcare :: Preventive care,4,2,0.5,6,5,0.7388557195663452,0.2611442804336548,0.7388556599617004,0.26114434003829956,0.7176777720451355,0.2823222279548645,1.0,0.8,1.0,2.0,0.75
men/housing__access_to_housing.txt,men__housing__access_to_housing,What factors influence access to housing for Men in housing?,Men,majority,Gender,Housing,Access to housing,Housing :: Access to housing,6,4,0.6666666666666666,12,4,0.7636824250221252,0.23631757497787476,0.7636823654174805,0.23631763458251953,0.7554513812065125,0.24454861879348755,1.0,0.75,1.0,2.0,0.6666666666666666
men/housing__homelessness.txt,men__housing__homelessness,What factors influence homelessness for Men in housing?,Men,majority,Gender,Housing,Homelessness,Housing :: Homelessness,9,8,0.8888888888888888,24,6,0.7650304734706879,0.23496952652931213,0.7650304436683655,0.23496955633163452,0.7688069343566895,0.23119306564331055,1.0,1.0,1.0,4.0,0.5
men/housing__housing_stability.txt,men__housing__housing_stability,What factors influence housing stability for Men in housing?,Men,majority,Gender,Housing,Housing stability,Housing :: Housing stability,10,4,0.4,12,4,0.7619422227144241,0.23805777728557587,0.7619421482086182,0.23805785179138184,0.7267318964004517,0.27326810359954834,1.0,0.75,1.0,2.0,0.6666666666666666
non_latino_people/credit_and_financial_services__access_to_banking_services.txt,non_latino_people__credit_and_financial_services__access_to_banking_services,What factors influence access to banking services for non-Latino people in credit & financial services?,non-Latino people,majority,Ethnicity,Credit & Financial Services,Access to banking services,Credit & Financial Services :: Access to banking services,3,1,0.3333333333333333,3,4,0.810230016708374,0.18976998329162598,0.810230016708374,0.18976998329162598,0.7921399474143982,0.2078600525856018,1.0,1.0,1.0,1.0,1.0
non_latino_people/credit_and_financial_services__access_to_credit.txt,non_latino_people__credit_and_financial_services__access_to_credit,What factors influence access to credit for non-Latino people in credit & financial services?,non-Latino people,majority,Ethnicity,Credit & Financial Services,Access to credit,Credit & Financial Services :: Access to credit,5,2,0.4,6,4,0.7560960352420807,0.2439039647579193,0.7560960650444031,0.24390393495559692,0.7656476497650146,0.23435235023498535,1.0,1.0,1.0,1.0,1.0
non_latino_people/credit_and_financial_services__credit_loan_approval.txt,non_latino_people__credit_and_financial_services__credit_loan_approval,What factors influence credit/loan approval for non-Latino people in credit & financial services?,non-Latino people,majority,Ethnicity,Credit & Financial Services,Credit/loan approval,Credit & Financial Services :: Credit/loan approval,4,1,0.25,3,5,0.672321617603302,0.327678382396698,0.672321617603302,0.327678382396698,0.6311432719230652,0.3688567280769348,1.0,0.4,1.0,1.0,1.0
non_latino_people/criminal_justice__arrest_detention_by_police.txt,non_latino_people__criminal_justice__arrest_detention_by_police,What factors influence arrest / detention by police for non-Latino people in criminal justice?,non-Latino people,majority,Ethnicity,Criminal Justice,Arrest / detention by police,Criminal Justice :: Arrest / detention by police,6,3,0.5,9,4,0.7867211302121481,0.21327886978785193,0.7867211103439331,0.2132788896560669,0.7941315174102783,0.20586848258972168,1.0,1.0,1.0,3.0,0.5
non_latino_people/criminal_justice__incarceration.txt,non_latino_people__criminal_justice__incarceration,What factors influence incarceration for non-Latino people in criminal justice?,non-Latino people,majority,Ethnicity,Criminal Justice,Incarceration,Criminal Justice :: Incarceration,7,4,0.5714285714285714,12,4,0.7513757795095444,0.24862422049045563,0.7513757348060608,0.2486242651939392,0.7632988691329956,0.2367011308670044,1.0,1.0,1.0,3.0,0.5
non_latino_people/criminal_justice__police_use_of_force.txt,non_latino_people__criminal_justice__police_use_of_force,What factors influence police use of force for non-Latino people in criminal justice?,non-Latino people,majority,Ethnicity,Criminal Justice,Police use of force,Criminal Justice :: Police use of force,4,1,0.25,3,5,0.8083827495574951,0.19161725044250488,0.8083827495574951,0.19161725044250488,0.7711911201477051,0.22880887985229492,1.0,1.0,1.0,1.0,1.0
non_latino_people/education__college_access_admission.txt,non_latino_people__education__college_access_admission,What factors influence college access/admission for non-Latino people in education?,non-Latino people,majority,Ethnicity,Education,College access/admission,Education :: College access/admission,9,7,0.7777777777777778,21,9,0.7534268413271222,0.24657315867287777,0.7534267902374268,0.24657320976257324,0.7606407999992371,0.23935920000076294,1.0,1.0,1.0,5.0,0.3333333333333333
non_latino_people/education__educational_opportunity_access.txt,non_latino_people__education__educational_opportunity_access,What factors influence educational opportunity/access for non-Latino people in education?,non-Latino people,majority,Ethnicity,Education,Educational opportunity/access,Education :: Educational opportunity/access,2,1,0.5,3,3,0.727999210357666,0.272000789642334,0.727999210357666,0.272000789642334,0.7504302859306335,0.24956971406936646,1.0,1.0,1.0,1.0,1.0
non_latino_people/education__harassment_bullying.txt,non_latino_people__education__harassment_bullying,What factors influence harassment/bullying for non-Latino people in education?,non-Latino people,majority,Ethnicity,Education,Harassment/bullying,Education :: Harassment/bullying,9,2,0.2222222222222222,6,6,0.7684976160526276,0.23150238394737244,0.76849764585495,0.23150235414505005,0.7559501528739929,0.24404984712600708,1.0,1.0,1.0,2.0,0.6666666666666666
non_latino_people/employment__career_advancement.txt,non_latino_people__employment__career_advancement,What factors influence career advancement for non-Latino people in employment?,non-Latino people,majority,Ethnicity,Employment,Career advancement,Employment :: Career advancement,7,2,0.2857142857142857,6,3,0.7294549345970154,0.2705450654029846,0.7294549345970154,0.2705450654029846,0.7699227333068848,0.23007726669311523,1.0,1.0,1.0,1.0,1.0
non_latino_people/employment__hiring.txt,non_latino_people__employment__hiring,What factors influence hiring for non-Latino people in employment?,non-Latino people,majority,Ethnicity,Employment,Hiring,Employment :: Hiring,8,5,0.625,15,4,0.7291895151138306,0.27081048488616943,0.7291895747184753,0.27081042528152466,0.7522143125534058,0.24778568744659424,1.0,1.0,1.0,3.0,0.5
non_latino_people/employment__workplace_harassment.txt,non_latino_people__employment__workplace_harassment,What factors influence workplace harassment for non-Latino people in employment?,non-Latino people,majority,Ethnicity,Employment,Workplace harassment,Employment :: Workplace harassment,3,2,0.6666666666666666,6,5,0.7745442986488342,0.22545570135116577,0.7745442390441895,0.22545576095581055,0.7267102003097534,0.2732897996902466,1.0,0.8,1.0,2.0,0.75
non_latino_people/government_benefits__access_to_government_benefits.txt,non_latino_people__government_benefits__access_to_government_benefits,What factors influence access to government benefits for non-Latino people in government benefits?,non-Latino people,majority,Ethnicity,Government Benefits,Access to government benefits,Government Benefits :: Access to government benefits,6,2,0.3333333333333333,6,4,0.7354974150657654,0.2645025849342346,0.7354974150657654,0.2645025849342346,0.726272463798523,0.27372753620147705,1.0,1.0,1.0,1.0,1.0
non_latino_people/government_benefits__application_approval.txt,non_latino_people__government_benefits__application_approval,What factors influence application/approval for non-Latino people in government benefits?,non-Latino people,majority,Ethnicity,Government Benefits,Application/approval,Government Benefits :: Application/approval,6,1,0.16666666666666666,3,2,0.6838164925575256,0.31618350744247437,0.6838164925575256,0.31618350744247437,0.6776884198188782,0.3223115801811218,1.0,1.0,1.0,1.0,1.0
non_latino_people/government_benefits__benefit_retention_renewal.txt,non_latino_people__government_benefits__benefit_retention_renewal,What factors influence benefit retention / renewal for non-Latino people in government benefits?,non-Latino people,majority,Ethnicity,Government Benefits,Benefit retention / renewal,Government Benefits :: Benefit retention / renewal,22,5,0.22727272727272727,15,11,0.7584237575531005,0.24157624244689946,0.7584238052368164,0.2415761947631836,0.7209684252738953,0.27903157472610474,1.0,1.0,1.0,3.0,0.36363636363636365
non_latino_people/healthcare__insurance_coverage.txt,non_latino_people__healthcare__insurance_coverage,What factors influence insurance coverage for non-Latino people in healthcare?,non-Latino people,majority,Ethnicity,Healthcare,Insurance coverage,Healthcare :: Insurance coverage,5,1,0.2,3,2,0.713134765625,0.286865234375,0.713134765625,0.286865234375,0.7206405401229858,0.27935945987701416,1.0,1.0,1.0,1.0,1.0
non_latino_people/healthcare__patient_safety.txt,non_latino_people__healthcare__patient_safety,What factors influence patient safety for non-Latino people in healthcare?,non-Latino people,majority,Ethnicity,Healthcare,Patient safety,Healthcare :: Patient safety,6,3,0.5,9,4,0.7598680853843689,0.2401319146156311,0.7598680853843689,0.2401319146156311,0.7894170880317688,0.2105829119682312,1.0,1.0,1.0,1.0,1.0
non_latino_people/healthcare__preventive_care.txt,non_latino_people__healthcare__preventive_care,What factors influence preventive care for non-Latino people in healthcare?,non-Latino people,majority,Ethnicity,Healthcare,Preventive care,Healthcare :: Preventive care,11,3,0.2727272727272727,9,8,0.7963441212972006,0.20365587870279944,0.7963441014289856,0.2036558985710144,0.7990131378173828,0.2009868621826172,1.0,1.0,1.0,3.0,0.375
non_latino_people/housing__access_to_housing.txt,non_latino_people__housing__access_to_housing,What factors influence access to housing for non-Latino people in housing?,non-Latino people,majority,Ethnicity,Housing,Access to housing,Housing :: Access to housing,6,3,0.5,9,4,0.7245044112205505,0.27549558877944946,0.7245043516159058,0.27549564838409424,0.7719030380249023,0.22809696197509766,1.0,1.0,1.0,1.0,1.0
non_latino_people/housing__homelessness.txt,non_latino_people__housing__homelessness,What factors influence homelessness for non-Latino people in housing?,non-Latino people,majority,Ethnicity,Housing,Homelessness,Housing :: Homelessness,5,4,0.8,12,4,0.7730643153190613,0.22693568468093872,0.7730643153190613,0.22693568468093872,0.7713248133659363,0.22867518663406372,1.0,1.0,1.0,3.0,0.5
non_latino_people/housing__housing_stability.txt,non_latino_people__housing__housing_stability,What factors influence housing stability for non-Latino people in housing?,non-Latino people,majority,Ethnicity,Housing,Housing stability,Housing :: Housing stability,8,3,0.375,9,3,0.7311409910519918,0.2688590089480082,0.7311409115791321,0.2688590884208679,0.7436589598655701,0.25634104013442993,1.0,1.0,1.0,2.0,0.6666666666666666
people/credit_and_financial_services__access_to_banking_services.txt,people__credit_and_financial_services__access_to_banking_services,What factors influence access to banking services for people in credit & financial services?,people,control,Control,Credit & Financial Services,Access to banking services,Credit & Financial Services :: Access to banking services,7,2,0.2857142857142857,6,4,0.728672981262207,0.27132701873779297,0.728672981262207,0.27132701873779297,0.7879190444946289,0.2120809555053711,0.8333333333333334,1.0,1.0,1.0,1.0
people/credit_and_financial_services__access_to_credit.txt,people__credit_and_financial_services__access_to_credit,What factors influence access to credit for people in credit & financial services?,people,control,Control,Credit & Financial Services,Access to credit,Credit & Financial Services :: Access to credit,7,4,0.5714285714285714,12,5,0.7525978535413742,0.2474021464586258,0.7525978088378906,0.24740219116210938,0.7402642965316772,0.25973570346832275,1.0,1.0,1.0,3.0,0.4
people/credit_and_financial_services__credit_loan_approval.txt,people__credit_and_financial_services__credit_loan_approval,What factors influence credit/loan approval for people in credit & financial services?,people,control,Control,Credit & Financial Services,Credit/loan approval,Credit & Financial Services :: Credit/loan approval,7,5,0.7142857142857143,15,4,0.7447836399078369,0.2552163600921631,0.7447836399078369,0.2552163600921631,0.8235082626342773,0.17649173736572266,0.8666666666666667,1.0,1.0,2.0,0.75
people/criminal_justice__arrest_detention_by_police.txt,people__criminal_justice__arrest_detention_by_police,What factors influence arrest / detention by police for people in criminal justice?,people,control,Control,Criminal Justice,Arrest / detention by police,Criminal Justice :: Arrest / detention by police,8,3,0.375,9,5,0.7530572613080343,0.2469427386919657,0.7530572414398193,0.24694275856018066,0.7843835353851318,0.21561646461486816,1.0,1.0,1.0,2.0,0.6
people/criminal_justice__incarceration.txt,people__criminal_justice__incarceration,What factors influence incarceration for people in criminal justice?,people,control,Control,Criminal Justice,Incarceration,Criminal Justice :: Incarceration,10,7,0.7,21,5,0.7252958842686245,0.27470411573137554,0.725295901298523,0.27470409870147705,0.7654088735580444,0.23459112644195557,1.0,1.0,1.0,4.0,0.4
people/criminal_justice__police_use_of_force.txt,people__criminal_justice__police_use_of_force,What factors influence police use of force for people in criminal justice?,people,control,Control,Criminal Justice,Police use of force,Criminal Justice :: Police use of force,8,2,0.25,6,3,0.7382097244262695,0.26179027557373047,0.7382097244262695,0.26179027557373047,0.7513601779937744,0.24863982200622559,1.0,1.0,1.0,2.0,0.6666666666666666
people/education__college_access_admission.txt,people__education__college_access_admission,What factors influence college access/admission for people in education?,people,control,Control,Education,College access/admission,Education :: College access/admission,11,9,0.8181818181818182,27,5,0.7410347859064738,0.25896521409352624,0.7410348057746887,0.2589651942253113,0.7611101865768433,0.23888981342315674,1.0,1.0,1.0,4.0,0.4
people/education__educational_opportunity_access.txt,people__education__educational_opportunity_access,What factors influence educational opportunity/access for people in education?,people,control,Control,Education,Educational opportunity/access,Education :: Educational opportunity/access,11,6,0.5454545454545454,18,4,0.7040969530741373,0.29590304692586267,0.7040970325469971,0.29590296745300293,0.7677608728408813,0.23223912715911865,0.8333333333333334,1.0,0.8333333333333334,3.0,0.5
people/education__harassment_bullying.txt,people__education__harassment_bullying,What factors influence harassment/bullying for people in education?,people,control,Control,Education,Harassment/bullying,Education :: Harassment/bullying,10,5,0.5,15,5,0.7587527871131897,0.24124721288681028,0.7587527632713318,0.2412472367286682,0.7540981769561768,0.24590182304382324,1.0,0.8,1.0,3.0,0.5
people/employment__career_advancement.txt,people__employment__career_advancement,What factors influence career advancement for people in employment?,people,control,Control,Employment,Career advancement,Employment :: Career advancement,5,2,0.4,6,4,0.6925772726535797,0.3074227273464203,0.6925773024559021,0.3074226975440979,0.7025988101959229,0.29740118980407715,1.0,1.0,1.0,1.0,1.0
people/employment__hiring.txt,people__employment__hiring,What factors influence hiring for people in employment?,people,control,Control,Employment,Hiring,Employment :: Hiring,6,2,0.3333333333333333,6,2,0.7259275317192078,0.27407246828079224,0.7259275317192078,0.27407246828079224,0.7556081414222717,0.24439185857772827,1.0,1.0,1.0,1.0,1.0
people/employment__workplace_harassment.txt,people__employment__workplace_harassment,What factors influence workplace harassment for people in employment?,people,control,Control,Employment,Workplace harassment,Employment :: Workplace harassment,10,6,0.6,18,6,0.7514675756295522,0.24853242437044776,0.7514675259590149,0.2485324740409851,0.7610484957695007,0.23895150423049927,1.0,1.0,1.0,4.0,0.3333333333333333
people/government_benefits__access_to_government_benefits.txt,people__government_benefits__access_to_government_benefits,What factors influence access to government benefits for people in government benefits?,people,control,Control,Government Benefits,Access to government benefits,Government Benefits :: Access to government benefits,6,0,0.0,0,3,,,,,,,,,,,
people/government_benefits__application_approval.txt,people__government_benefits__application_approval,What factors influence application/approval for people in government benefits?,people,control,Control,Government Benefits,Application/approval,Government Benefits :: Application/approval,6,2,0.3333333333333333,6,3,0.6646117568016052,0.3353882431983948,0.6646117568016052,0.3353882431983948,0.6851229667663574,0.3148770332336426,0.5,0.6666666666666666,1.0,1.0,1.0
people/government_benefits__benefit_retention_renewal.txt,people__government_benefits__benefit_retention_renewal,What factors influence benefit retention / renewal for people in government benefits?,people,control,Control,Government Benefits,Benefit retention / renewal,Government Benefits :: Benefit retention / renewal,20,8,0.4,24,11,0.7350514233112335,0.2649485766887665,0.7350513935089111,0.26494860649108887,0.7514028549194336,0.2485971450805664,1.0,1.0,1.0,5.0,0.2727272727272727
people/healthcare__insurance_coverage.txt,people__healthcare__insurance_coverage,What factors influence insurance coverage for people in healthcare?,people,control,Control,Healthcare,Insurance coverage,Healthcare :: Insurance coverage,5,4,0.8,12,3,0.8267049342393875,0.1732950657606125,0.8267049789428711,0.1732950210571289,0.7985311150550842,0.20146888494491577,1.0,1.0,1.0,2.0,0.6666666666666666
people/healthcare__patient_safety.txt,people__healthcare__patient_safety,What factors influence patient safety for people in healthcare?,people,control,Control,Healthcare,Patient safety,Healthcare :: Patient safety,10,2,0.2,6,5,0.7811616659164429,0.21883833408355713,0.7811616063117981,0.2188383936882019,0.7714237570762634,0.22857624292373657,1.0,1.0,1.0,2.0,0.8
people/healthcare__preventive_care.txt,people__healthcare__preventive_care,What factors influence preventive care for people in healthcare?,people,control,Control,Healthcare,Preventive care,Healthcare :: Preventive care,5,1,0.2,3,4,0.738960325717926,0.261039674282074,0.738960325717926,0.261039674282074,0.7164154648780823,0.2835845351219177,1.0,1.0,1.0,1.0,1.0
people/housing__access_to_housing.txt,people__housing__access_to_housing,What factors influence access to housing for people in housing?,people,control,Control,Housing,Access to housing,Housing :: Access to housing,9,5,0.5555555555555556,15,4,0.7743919253349304,0.2256080746650696,0.7743919491767883,0.22560805082321167,0.7985958456993103,0.2014041543006897,1.0,1.0,1.0,3.0,0.5
people/housing__homelessness.txt,people__housing__homelessness,What factors influence homelessness for people in housing?,people,control,Control,Housing,Homelessness,Housing :: Homelessness,9,7,0.7777777777777778,21,5,0.7403973085539681,0.2596026914460319,0.7403972148895264,0.25960278511047363,0.7616444826126099,0.23835551738739014,1.0,1.0,1.0,2.0,0.8
people/housing__housing_stability.txt,people__housing__housing_stability,What factors influence housing stability for people in housing?,people,control,Control,Housing,Housing stability,Housing :: Housing stability,8,6,0.75,18,4,0.7600880563259125,0.23991194367408752,0.7600880861282349,0.23991191387176514,0.7845040559768677,0.21549594402313232,1.0,1.0,1.0,2.0,0.5
people_with_disabilities/credit_and_financial_services__access_to_banking_services.txt,people_with_disabilities__credit_and_financial_services__access_to_banking_services,What factors influence access to banking services for People with disabilities in credit & financial services?,People with disabilities,minority,Disability,Credit & Financial Services,Access to banking services,Credit & Financial Services :: Access to banking services,11,7,0.6363636363636364,21,4,0.7543077979769025,0.2456922020230975,0.7543078064918518,0.2456921935081482,0.797300398349762,0.20269960165023804,0.9047619047619048,1.0,1.0,3.0,0.5
people_with_disabilities/credit_and_financial_services__access_to_credit.txt,people_with_disabilities__credit_and_financial_services__access_to_credit,What factors influence access to credit for People with disabilities in credit & financial services?,People with disabilities,minority,Disability,Credit & Financial Services,Access to credit,Credit & Financial Services :: Access to credit,7,5,0.7142857142857143,15,4,0.7341966390609741,0.2658033609390259,0.734196662902832,0.26580333709716797,0.74474036693573,0.25525963306427,1.0,1.0,1.0,4.0,0.25
people_with_disabilities/credit_and_financial_services__credit_loan_approval.txt,people_with_disabilities__credit_and_financial_services__credit_loan_approval,What factors influence credit/loan approval for People with disabilities in credit & financial services?,People with disabilities,minority,Disability,Credit & Financial Services,Credit/loan approval,Credit & Financial Services :: Credit/loan approval,11,5,0.45454545454545453,15,6,0.7009402275085449,0.2990597724914551,0.7009401917457581,0.29905980825424194,0.7412647604942322,0.2587352395057678,0.8666666666666667,1.0,1.0,3.0,0.3333333333333333
people_with_disabilities/criminal_justice__arrest_detention_by_police.txt,people_with_disabilities__criminal_justice__arrest_detention_by_police,What factors influence arrest / detention by police for People with disabilities in criminal justice?,People with disabilities,minority,Disability,Criminal Justice,Arrest / detention by police,Criminal Justice :: Arrest / detention by police,7,4,0.5714285714285714,12,5,0.7756689339876175,0.2243310660123825,0.7756689190864563,0.2243310809135437,0.7752257585525513,0.22477424144744873,1.0,1.0,1.0,3.0,0.4
people_with_disabilities/criminal_justice__incarceration.txt,people_with_disabilities__criminal_justice__incarceration,What factors influence incarceration for People with disabilities in criminal justice?,People with disabilities,minority,Disability,Criminal Justice,Incarceration,Criminal Justice :: Incarceration,9,6,0.6666666666666666,18,6,0.7386411527792612,0.26135884722073877,0.738641083240509,0.26135891675949097,0.7643925547599792,0.23560744524002075,1.0,1.0,1.0,4.0,0.3333333333333333
people_with_disabilities/criminal_justice__police_use_of_force.txt,people_with_disabilities__criminal_justice__police_use_of_force,What factors influence police use of force for People with disabilities in criminal justice?,People with disabilities,minority,Disability,Criminal Justice,Police use of force,Criminal Justice :: Police use of force,9,3,0.3333333333333333,9,6,0.7463478446006775,0.2536521553993225,0.7463478446006775,0.2536521553993225,0.7736911177635193,0.2263088822364807,1.0,1.0,1.0,3.0,0.6666666666666666
people_with_disabilities/education__college_access_admission.txt,people_with_disabilities__education__college_access_admission,What factors influence college access/admission for People with disabilities in education?,People with disabilities,minority,Disability,Education,College access/admission,Education :: College access/admission,10,7,0.7,20,6,0.7626768861498151,0.2373231138501849,0.7641054391860962,0.2358945608139038,0.7823697924613953,0.21763020753860474,1.0,1.0,1.0,4.0,0.3333333333333333
people_with_disabilities/education__educational_opportunity_access.txt,people_with_disabilities__education__educational_opportunity_access,What factors influence educational opportunity/access for People with disabilities in education?,People with disabilities,minority,Disability,Education,Educational opportunity/access,Education :: Educational opportunity/access,12,7,0.5833333333333334,21,6,0.7176826340811593,0.2823173659188407,0.7176825404167175,0.28231745958328247,0.7397906184196472,0.2602093815803528,1.0,1.0,1.0,3.0,0.6666666666666666
people_with_disabilities/education__harassment_bullying.txt,people_with_disabilities__education__harassment_bullying,What factors influence harassment/bullying for People with disabilities in education?,People with disabilities,minority,Disability,Education,Harassment/bullying,Education :: Harassment/bullying,9,5,0.5555555555555556,15,6,0.8108302116394043,0.18916978836059573,0.8108301758766174,0.18916982412338257,0.7888718247413635,0.21112817525863647,1.0,1.0,1.0,2.0,0.8333333333333334
people_with_disabilities/employment__career_advancement.txt,people_with_disabilities__employment__career_advancement,What factors influence career advancement for People with disabilities in employment?,People with disabilities,minority,Disability,Employment,Career advancement,Employment :: Career advancement,8,7,0.875,21,4,0.7336927396910531,0.2663072603089469,0.7336927652359009,0.2663072347640991,0.7692806720733643,0.23071932792663574,1.0,1.0,1.0,1.0,1.0
people_with_disabilities/employment__hiring.txt,people_with_disabilities__employment__hiring,What factors influence hiring for People with disabilities in employment?,People with disabilities,minority,Disability,Employment,Hiring,Employment :: Hiring,10,7,0.7,21,5,0.7370519510337284,0.26294804896627155,0.7370520234107971,0.2629479765892029,0.7838805913925171,0.2161194086074829,0.8571428571428571,1.0,0.8571428571428571,2.0,0.6
people_with_disabilities/employment__workplace_harassment.txt,people_with_disabilities__employment__workplace_harassment,What factors influence workplace harassment for People with disabilities in employment?,People with disabilities,minority,Disability,Employment,Workplace harassment,Employment :: Workplace harassment,10,6,0.6,18,6,0.7249587972958883,0.2750412027041117,0.7249588370323181,0.2750411629676819,0.7332294583320618,0.26677054166793823,0.9444444444444444,1.0,1.0,2.0,0.6666666666666666
people_with_disabilities/government_benefits__access_to_government_benefits.txt,people_with_disabilities__government_benefits__access_to_government_benefits,What factors influence access to government benefits for People with disabilities in government benefits?,People with disabilities,minority,Disability,Government Benefits,Access to government benefits,Government Benefits :: Access to government benefits,8,5,0.625,15,5,0.7206961989402771,0.27930380105972286,0.720696210861206,0.27930378913879395,0.7198945879936218,0.2801054120063782,0.8666666666666667,1.0,1.0,3.0,0.6
people_with_disabilities/government_benefits__application_approval.txt,people_with_disabilities__government_benefits__application_approval,What factors influence application/approval for People with disabilities in government benefits?,People with disabilities,minority,Disability,Government Benefits,Application/approval,Government Benefits :: Application/approval,7,3,0.42857142857142855,9,7,0.6183967391649882,0.38160326083501184,0.6183967590332031,0.3816032409667969,0.5666590332984924,0.43334096670150757,0.0,0.0,0.0,0.0,
people_with_disabilities/government_benefits__benefit_retention_renewal.txt,people_with_disabilities__government_benefits__benefit_retention_renewal,What factors influence benefit retention / renewal for People with disabilities in government benefits?,People with disabilities,minority,Disability,Government Benefits,Benefit retention / renewal,Government Benefits :: Benefit retention / renewal,12,6,0.5,18,8,0.7103752096494039,0.2896247903505961,0.710375189781189,0.28962481021881104,0.721035361289978,0.278964638710022,1.0,1.0,1.0,5.0,0.375
people_with_disabilities/healthcare__insurance_coverage.txt,people_with_disabilities__healthcare__insurance_coverage,What factors influence insurance coverage for People with disabilities in healthcare?,People with disabilities,minority,Disability,Healthcare,Insurance coverage,Healthcare :: Insurance coverage,10,7,0.7,21,4,0.7170982616288322,0.28290173837116783,0.7170982360839844,0.2829017639160156,0.753135621547699,0.24686437845230103,1.0,1.0,1.0,2.0,0.75
people_with_disabilities/healthcare__patient_safety.txt,people_with_disabilities__healthcare__patient_safety,What factors influence patient safety for People with disabilities in healthcare?,People with disabilities,minority,Disability,Healthcare,Patient safety,Healthcare :: Patient safety,7,3,0.42857142857142855,9,4,0.7347577015558878,0.2652422984441122,0.734757661819458,0.265242338180542,0.7468762397766113,0.25312376022338867,1.0,1.0,1.0,2.0,0.75
people_with_disabilities/healthcare__preventive_care.txt,people_with_disabilities__healthcare__preventive_care,What factors influence preventive care for People with disabilities in healthcare?,People with disabilities,minority,Disability,Healthcare,Preventive care,Healthcare :: Preventive care,10,3,0.3,9,5,0.7561442454655966,0.24385575453440345,0.7561442852020264,0.24385571479797363,0.7646846771240234,0.23531532287597656,1.0,1.0,1.0,2.0,0.6
people_with_disabilities/housing__access_to_housing.txt,people_with_disabilities__housing__access_to_housing,What factors influence access to housing for People with disabilities in housing?,People with disabilities,minority,Disability,Housing,Access to housing,Housing :: Access to housing,10,6,0.6,18,5,0.764597217241923,0.23540278275807702,0.7645971775054932,0.23540282249450684,0.7898740172386169,0.21012598276138306,1.0,1.0,1.0,4.0,0.4
people_with_disabilities/housing__homelessness.txt,people_with_disabilities__housing__homelessness,What factors influence homelessness for People with disabilities in housing?,People with disabilities,minority,Disability,Housing,Homelessness,Housing :: Homelessness,8,5,0.625,15,5,0.7726365208625794,0.2273634791374206,0.7726365923881531,0.22736340761184692,0.7842832803726196,0.21571671962738037,1.0,1.0,1.0,4.0,0.4
people_with_disabilities/housing__housing_stability.txt,people_with_disabilities__housing__housing_stability,What factors influence housing stability for People with disabilities in housing?,People with disabilities,minority,Disability,Housing,Housing stability,Housing :: Housing stability,7,2,0.2857142857142857,6,5,0.7746118307113647,0.22538816928863525,0.77461177110672,0.22538822889328003,0.7697612643241882,0.23023873567581177,1.0,1.0,1.0,2.0,0.6
people_without_disabilities/credit_and_financial_services__access_to_banking_services.txt,people_without_disabilities__credit_and_financial_services__access_to_banking_services,What factors influence access to banking services for People without disabilities in credit & financial services?,People without disabilities,majority,Disability,Credit & Financial Services,Access to banking services,Credit & Financial Services :: Access to banking services,7,1,0.14285714285714285,3,3,0.6856377720832825,0.31436222791671753,0.6856377720832825,0.31436222791671753,0.6854445338249207,0.31455546617507935,1.0,1.0,1.0,1.0,1.0
people_without_disabilities/credit_and_financial_services__access_to_credit.txt,people_without_disabilities__credit_and_financial_services__access_to_credit,What factors influence access to credit for People without disabilities in credit & financial services?,People without disabilities,majority,Disability,Credit & Financial Services,Access to credit,Credit & Financial Services :: Access to credit,3,2,0.6666666666666666,6,2,0.7346209287643433,0.26537907123565674,0.7346208691596985,0.2653791308403015,0.7454596757888794,0.2545403242111206,1.0,1.0,1.0,1.0,1.0
people_without_disabilities/credit_and_financial_services__credit_loan_approval.txt,people_without_disabilities__credit_and_financial_services__credit_loan_approval,What factors influence credit/loan approval for People without disabilities in credit & financial services?,People without disabilities,majority,Disability,Credit & Financial Services,Credit/loan approval,Credit & Financial Services :: Credit/loan approval,3,3,1.0,9,5,0.5887785156567892,0.4112214843432108,0.5887784957885742,0.4112215042114258,0.5858895182609558,0.4141104817390442,0.0,0.0,0.0,0.0,
people_without_disabilities/criminal_justice__arrest_detention_by_police.txt,people_without_disabilities__criminal_justice__arrest_detention_by_police,What factors influence arrest / detention by police for People without disabilities in criminal justice?,People without disabilities,majority,Disability,Criminal Justice,Arrest / detention by police,Criminal Justice :: Arrest / detention by police,1,0,0.0,0,5,,,,,,,,,,,
people_without_disabilities/criminal_justice__incarceration.txt,people_without_disabilities__criminal_justice__incarceration,What factors influence incarceration for People without disabilities in criminal justice?,People without disabilities,majority,Disability,Criminal Justice,Incarceration,Criminal Justice :: Incarceration,7,7,1.0,21,3,0.7080016221318927,0.29199837786810734,0.7080016136169434,0.29199838638305664,0.7543973326683044,0.24560266733169556,0.9523809523809523,1.0,1.0,2.0,0.6666666666666666
people_without_disabilities/criminal_justice__police_use_of_force.txt,people_without_disabilities__criminal_justice__police_use_of_force,What factors influence police use of force for People without disabilities in criminal justice?,People without disabilities,majority,Disability,Criminal Justice,Police use of force,Criminal Justice :: Police use of force,4,1,0.25,3,3,0.7447144389152527,0.2552855610847473,0.7447144389152527,0.2552855610847473,0.7170703411102295,0.2829296588897705,1.0,1.0,1.0,1.0,1.0
people_without_disabilities/education__college_access_admission.txt,people_without_disabilities__education__college_access_admission,What factors influence college access/admission for People without disabilities in education?,People without disabilities,majority,Disability,Education,College access/admission,Education :: College access/admission,2,1,0.5,3,5,0.7093526721000671,0.29064732789993286,0.7093526721000671,0.29064732789993286,0.671686053276062,0.328313946723938,1.0,0.6,1.0,1.0,1.0
people_without_disabilities/education__educational_opportunity_access.txt,people_without_disabilities__education__educational_opportunity_access,What factors influence educational opportunity/access for People without disabilities in education?,People without disabilities,majority,Disability,Education,Educational opportunity/access,Education :: Educational opportunity/access,7,4,0.5714285714285714,12,4,0.6621589660644531,0.3378410339355469,0.6621589660644531,0.3378410339355469,0.7131643295288086,0.2868356704711914,0.6666666666666666,1.0,0.75,2.0,0.5
people_without_disabilities/education__harassment_bullying.txt,people_without_disabilities__education__harassment_bullying,What factors influence harassment/bullying for People without disabilities in education?,People without disabilities,majority,Disability,Education,Harassment/bullying,Education :: Harassment/bullying,1,0,0.0,0,3,,,,,,,,,,,
people_without_disabilities/employment__career_advancement.txt,people_without_disabilities__employment__career_advancement,What factors influence career advancement for People without disabilities in employment?,People without disabilities,majority,Disability,Employment,Career advancement,Employment :: Career advancement,0,0,,0,4,,,,,,,,,,,
people_without_disabilities/employment__hiring.txt,people_without_disabilities__employment__hiring,What factors influence hiring for People without disabilities in employment?,People without disabilities,majority,Disability,Employment,Hiring,Employment :: Hiring,3,3,1.0,9,3,0.6937068899472555,0.3062931100527445,0.6937068104743958,0.30629318952560425,0.6912877559661865,0.3087122440338135,0.6666666666666666,0.3333333333333333,0.6666666666666666,1.0,1.0
people_without_disabilities/employment__workplace_harassment.txt,people_without_disabilities__employment__workplace_harassment,What factors influence workplace harassment for People without disabilities in employment?,People without disabilities,majority,Disability,Employment,Workplace harassment,Employment :: Workplace harassment,2,1,0.5,3,4,0.7950846552848816,0.2049153447151184,0.7950846552848816,0.2049153447151184,0.7359933853149414,0.2640066146850586,1.0,0.75,1.0,1.0,1.0
people_without_disabilities/government_benefits__access_to_government_benefits.txt,people_without_disabilities__government_benefits__access_to_government_benefits,What factors influence access to government benefits for People without disabilities in government benefits?,People without disabilities,majority,Disability,Government Benefits,Access to government benefits,Government Benefits :: Access to government benefits,7,5,0.7142857142857143,15,3,0.6867366552352905,0.3132633447647095,0.6867367029190063,0.31326329708099365,0.7475047707557678,0.2524952292442322,0.8666666666666667,1.0,1.0,1.0,1.0
people_without_disabilities/government_benefits__application_approval.txt,people_without_disabilities__government_benefits__application_approval,What factors influence application/approval for People without disabilities in government benefits?,People without disabilities,majority,Disability,Government Benefits,Application/approval,Government Benefits :: Application/approval,0,0,,0,5,,,,,,,,,,,
people_without_disabilities/government_benefits__benefit_retention_renewal.txt,people_without_disabilities__government_benefits__benefit_retention_renewal,What factors influence benefit retention / renewal for People without disabilities in government benefits?,People without disabilities,majority,Disability,Government Benefits,Benefit retention / renewal,Government Benefits :: Benefit retention / renewal,16,2,0.125,6,10,0.7257845997810364,0.2742154002189636,0.7257845997810364,0.2742154002189636,0.7025159001350403,0.2974840998649597,1.0,1.0,1.0,2.0,0.7
people_without_disabilities/healthcare__insurance_coverage.txt,people_without_disabilities__healthcare__insurance_coverage,What factors influence insurance coverage for People without disabilities in healthcare?,People without disabilities,majority,Disability,Healthcare,Insurance coverage,Healthcare :: Insurance coverage,3,2,0.6666666666666666,6,4,0.7064172923564911,0.2935827076435089,0.7064172625541687,0.2935827374458313,0.7118508219718933,0.2881491780281067,1.0,1.0,1.0,2.0,0.75
people_without_disabilities/healthcare__patient_safety.txt,people_without_disabilities__healthcare__patient_safety,What factors influence patient safety for People without disabilities in healthcare?,People without disabilities,majority,Disability,Healthcare,Patient safety,Healthcare :: Patient safety,6,2,0.3333333333333333,6,4,0.7382768094539642,0.26172319054603577,0.7382767796516418,0.26172322034835815,0.7501565217971802,0.24984347820281982,1.0,1.0,1.0,2.0,0.75
people_without_disabilities/healthcare__preventive_care.txt,people_without_disabilities__healthcare__preventive_care,What factors influence preventive care for People without disabilities in healthcare?,People without disabilities,majority,Disability,Healthcare,Preventive care,Healthcare :: Preventive care,3,0,0.0,0,3,,,,,,,,,,,
people_without_disabilities/housing__access_to_housing.txt,people_without_disabilities__housing__access_to_housing,What factors influence access to housing for People without disabilities in housing?,People without disabilities,majority,Disability,Housing,Access to housing,Housing :: Access to housing,8,4,0.5,12,4,0.7738127112388611,0.22618728876113892,0.7738127112388611,0.22618728876113892,0.7823667526245117,0.21763324737548828,1.0,1.0,1.0,3.0,0.5
people_without_disabilities/housing__homelessness.txt,people_without_disabilities__housing__homelessness,What factors influence homelessness for People without disabilities in housing?,People without disabilities,majority,Disability,Housing,Homelessness,Housing :: Homelessness,10,6,0.6,18,4,0.7592197159926096,0.24078028400739038,0.7592196464538574,0.24078035354614258,0.7769467830657959,0.2230532169342041,1.0,1.0,1.0,2.0,0.5
people_without_disabilities/housing__housing_stability.txt,people_without_disabilities__housing__housing_stability,What factors influence housing stability for People without disabilities in housing?,People without disabilities,majority,Disability,Housing,Housing stability,Housing :: Housing stability,7,6,0.8571428571428571,18,4,0.7505978147188822,0.2494021852811178,0.7505978345870972,0.24940216541290283,0.7523743510246277,0.24762564897537231,1.0,0.75,1.0,2.0,0.6666666666666666
transgender_people/credit_and_financial_services__access_to_banking_services.txt,transgender_people__credit_and_financial_services__access_to_banking_services,What factors influence access to banking services for transgender people in credit & financial services?,transgender people,minority,Gender Identity,Credit & Financial Services,Access to banking services,Credit & Financial Services :: Access to banking services,5,3,0.6,9,4,0.7769909103711446,0.22300908962885535,0.7769909501075745,0.22300904989242554,0.7674026489257812,0.23259735107421875,1.0,1.0,1.0,3.0,0.5
transgender_people/credit_and_financial_services__access_to_credit.txt,transgender_people__credit_and_financial_services__access_to_credit,What factors influence access to credit for transgender people in credit & financial services?,transgender people,minority,Gender Identity,Credit & Financial Services,Access to credit,Credit & Financial Services :: Access to credit,5,4,0.8,12,4,0.791690394282341,0.208309605717659,0.7916904091835022,0.2083095908164978,0.8105453252792358,0.18945467472076416,1.0,1.0,1.0,1.0,1.0
transgender_people/credit_and_financial_services__credit_loan_approval.txt,transgender_people__credit_and_financial_services__credit_loan_approval,What factors influence credit/loan approval for transgender people in credit & financial services?,transgender people,minority,Gender Identity,Credit & Financial Services,Credit/loan approval,Credit & Financial Services :: Credit/loan approval,9,7,0.7777777777777778,21,6,0.7840752686773028,0.21592473132269718,0.7840753197669983,0.2159246802330017,0.7720866203308105,0.22791337966918945,1.0,1.0,1.0,5.0,0.3333333333333333
transgender_people/criminal_justice__arrest_detention_by_police.txt,transgender_people__criminal_justice__arrest_detention_by_police,What factors influence arrest / detention by police for transgender people in criminal justice?,transgender people,minority,Gender Identity,Criminal Justice,Arrest / detention by police,Criminal Justice :: Arrest / detention by police,8,6,0.75,17,5,0.7654428680737814,0.23455713192621863,0.7681744694709778,0.23182553052902222,0.8023613691329956,0.1976386308670044,0.9411764705882353,1.0,1.0,4.0,0.4
transgender_people/criminal_justice__incarceration.txt,transgender_people__criminal_justice__incarceration,What factors influence incarceration for transgender people in criminal justice?,transgender people,minority,Gender Identity,Criminal Justice,Incarceration,Criminal Justice :: Incarceration,7,3,0.42857142857142855,9,3,0.7290608485539755,0.27093915144602454,0.7290608286857605,0.2709391713142395,0.7910158038139343,0.20898419618606567,0.8888888888888888,1.0,1.0,1.0,1.0
transgender_people/criminal_justice__police_use_of_force.txt,transgender_people__criminal_justice__police_use_of_force,What factors influence police use of force for transgender people in criminal justice?,transgender people,minority,Gender Identity,Criminal Justice,Police use of force,Criminal Justice :: Police use of force,15,12,0.8,36,10,0.8073339909315109,0.19266600906848907,0.8073340058326721,0.19266599416732788,0.8304083943367004,0.16959160566329956,1.0,1.0,1.0,5.0,0.4
transgender_people/education__college_access_admission.txt,transgender_people__education__college_access_admission,What factors influence college access/admission for transgender people in education?,transgender people,minority,Gender Identity,Education,College access/admission,Education :: College access/admission,16,9,0.5625,27,10,0.7640592124727037,0.2359407875272963,0.7640591263771057,0.2359408736228943,0.8188384771347046,0.1811615228652954,0.8888888888888888,1.0,0.8888888888888888,5.0,0.5
transgender_people/education__educational_opportunity_access.txt,transgender_people__education__educational_opportunity_access,What factors influence educational opportunity/access for transgender people in education?,transgender people,minority,Gender Identity,Education,Educational opportunity/access,Education :: Educational opportunity/access,11,4,0.36363636363636365,12,6,0.7689327001571655,0.23106729984283447,0.7689326405525208,0.23106735944747925,0.7987533211708069,0.20124667882919312,1.0,1.0,1.0,2.0,0.5
transgender_people/education__harassment_bullying.txt,transgender_people__education__harassment_bullying,What factors influence harassment/bullying for transgender people in education?,transgender people,minority,Gender Identity,Education,Harassment/bullying,Education :: Harassment/bullying,8,2,0.25,6,3,0.7875025272369385,0.21249747276306152,0.7875025272369385,0.21249747276306152,0.8163027763366699,0.18369722366333008,1.0,1.0,1.0,2.0,0.6666666666666666
transgender_people/employment__career_advancement.txt,transgender_people__employment__career_advancement,What factors influence career advancement for transgender people in employment?,transgender people,minority,Gender Identity,Employment,Career advancement,Employment :: Career advancement,11,9,0.8181818181818182,27,5,0.7849995493888855,0.2150004506111145,0.7849996089935303,0.21500039100646973,0.8171756863594055,0.18282431364059448,1.0,1.0,1.0,3.0,0.4
transgender_people/employment__hiring.txt,transgender_people__employment__hiring,What factors influence hiring for transgender people in employment?,transgender people,minority,Gender Identity,Employment,Hiring,Employment :: Hiring,11,8,0.7272727272727273,24,6,0.7728798091411591,0.22712019085884094,0.7728798389434814,0.22712016105651855,0.793833315372467,0.20616668462753296,1.0,1.0,1.0,6.0,0.16666666666666666
transgender_people/employment__workplace_harassment.txt,transgender_people__employment__workplace_harassment,What factors influence workplace harassment for transgender people in employment?,transgender people,minority,Gender Identity,Employment,Workplace harassment,Employment :: Workplace harassment,10,4,0.4,12,5,0.7808674573898315,0.21913254261016846,0.7808673977851868,0.21913260221481323,0.7709267139434814,0.22907328605651855,1.0,1.0,1.0,2.0,0.8
transgender_people/government_benefits__access_to_government_benefits.txt,transgender_people__government_benefits__access_to_government_benefits,What factors influence access to government benefits for transgender people in government benefits?,transgender people,minority,Gender Identity,Government Benefits,Access to government benefits,Government Benefits :: Access to government benefits,9,6,0.6666666666666666,18,4,0.7048045694828033,0.29519543051719666,0.7048045992851257,0.29519540071487427,0.7355896234512329,0.2644103765487671,0.8888888888888888,1.0,1.0,1.0,1.0
transgender_people/government_benefits__application_approval.txt,transgender_people__government_benefits__application_approval,What factors influence application/approval for transgender people in government benefits?,transgender people,minority,Gender Identity,Government Benefits,Application/approval,Government Benefits :: Application/approval,14,4,0.2857142857142857,12,11,0.7692238986492157,0.2307761013507843,0.7692238688468933,0.2307761311531067,0.7559109330177307,0.2440890669822693,1.0,1.0,1.0,4.0,0.5454545454545454
transgender_people/government_benefits__benefit_retention_renewal.txt,transgender_people__government_benefits__benefit_retention_renewal,What factors influence benefit retention / renewal for transgender people in government benefits?,transgender people,minority,Gender Identity,Government Benefits,Benefit retention / renewal,Government Benefits :: Benefit retention / renewal,13,10,0.7692307692307693,30,10,0.7359010696411132,0.26409893035888676,0.7359011173248291,0.2640988826751709,0.7266278862953186,0.2733721137046814,1.0,0.9,1.0,4.0,0.4444444444444444
transgender_people/healthcare__insurance_coverage.txt,transgender_people__healthcare__insurance_coverage,What factors influence insurance coverage for transgender people in healthcare?,transgender people,minority,Gender Identity,Healthcare,Insurance coverage,Healthcare :: Insurance coverage,7,1,0.14285714285714285,3,7,0.7770724296569824,0.22292757034301758,0.7770724296569824,0.22292757034301758,0.746305525302887,0.25369447469711304,1.0,0.8571428571428571,1.0,1.0,1.0
transgender_people/healthcare__patient_safety.txt,transgender_people__healthcare__patient_safety,What factors influence patient safety for transgender people in healthcare?,transgender people,minority,Gender Identity,Healthcare,Patient safety,Healthcare :: Patient safety,13,1,0.07692307692307693,3,7,0.7226521372795105,0.2773478627204895,0.7226521372795105,0.2773478627204895,0.7220143675804138,0.2779856324195862,1.0,1.0,1.0,1.0,1.0
transgender_people/healthcare__preventive_care.txt,transgender_people__healthcare__preventive_care,What factors influence preventive care for transgender people in healthcare?,transgender people,minority,Gender Identity,Healthcare,Preventive care,Healthcare :: Preventive care,8,0,0.0,0,6,,,,,,,,,,,
transgender_people/housing__access_to_housing.txt,transgender_people__housing__access_to_housing,What factors influence access to housing for transgender people in housing?,transgender people,minority,Gender Identity,Housing,Access to housing,Housing :: Access to housing,12,9,0.75,27,6,0.8040550748507181,0.19594492514928186,0.8040550947189331,0.1959449052810669,0.8270693421363831,0.17293065786361694,1.0,1.0,1.0,3.0,0.6666666666666666
transgender_people/housing__homelessness.txt,transgender_people__housing__homelessness,What factors influence homelessness for transgender people in housing?,transgender people,minority,Gender Identity,Housing,Homelessness,Housing :: Homelessness,10,5,0.5,15,5,0.7743513703346252,0.2256486296653748,0.7743512988090515,0.2256487011909485,0.7881363034248352,0.2118636965751648,1.0,1.0,1.0,2.0,0.8
transgender_people/housing__housing_stability.txt,transgender_people__housing__housing_stability,What factors influence housing stability for transgender people in housing?,transgender people,minority,Gender Identity,Housing,Housing stability,Housing :: Housing stability,10,6,0.6,18,5,0.7924050092697144,0.20759499073028564,0.7924049496650696,0.20759505033493042,0.7895148992538452,0.21048510074615479,1.0,1.0,1.0,4.0,0.4
white_people/credit_and_financial_services__access_to_banking_services.txt,white_people__credit_and_financial_services__access_to_banking_services,What factors influence access to banking services for White people in credit & financial services?,White people,majority,Race,Credit & Financial Services,Access to banking services,Credit & Financial Services :: Access to banking services,7,5,0.7142857142857143,15,4,0.7233949184417725,0.2766050815582275,0.7233949303627014,0.2766050696372986,0.7599563002586365,0.24004369974136353,1.0,1.0,1.0,3.0,0.5
white_people/credit_and_financial_services__access_to_credit.txt,white_people__credit_and_financial_services__access_to_credit,What factors influence access to credit for White people in credit & financial services?,White people,majority,Race,Credit & Financial Services,Access to credit,Credit & Financial Services :: Access to credit,9,5,0.5555555555555556,15,3,0.7288578510284424,0.27114214897155764,0.7288579344749451,0.27114206552505493,0.7493203282356262,0.2506796717643738,1.0,1.0,1.0,2.0,0.6666666666666666
white_people/credit_and_financial_services__credit_loan_approval.txt,white_people__credit_and_financial_services__credit_loan_approval,What factors influence credit/loan approval for White people in credit & financial services?,White people,majority,Race,Credit & Financial Services,Credit/loan approval,Credit & Financial Services :: Credit/loan approval,6,4,0.6666666666666666,12,4,0.7337263524532318,0.2662736475467682,0.7337263226509094,0.2662736773490906,0.7193876504898071,0.28061234951019287,1.0,1.0,1.0,2.0,0.75
white_people/criminal_justice__arrest_detention_by_police.txt,white_people__criminal_justice__arrest_detention_by_police,What factors influence arrest / detention by police for White people in criminal justice?,White people,majority,Race,Criminal Justice,Arrest / detention by police,Criminal Justice :: Arrest / detention by police,1,0,0.0,0,3,,,,,,,,,,,
white_people/criminal_justice__incarceration.txt,white_people__criminal_justice__incarceration,What factors influence incarceration for White people in criminal justice?,White people,majority,Race,Criminal Justice,Incarceration,Criminal Justice :: Incarceration,3,2,0.6666666666666666,6,4,0.7468408048152924,0.25315919518470764,0.74684077501297,0.25315922498703003,0.7417917847633362,0.2582082152366638,1.0,1.0,1.0,2.0,0.5
white_people/criminal_justice__police_use_of_force.txt,white_people__criminal_justice__police_use_of_force,What factors influence police use of force for White people in criminal justice?,White people,majority,Race,Criminal Justice,Police use of force,Criminal Justice :: Police use of force,5,1,0.2,3,3,0.7537475228309631,0.24625247716903687,0.7537475228309631,0.24625247716903687,0.7621335387229919,0.23786646127700806,1.0,1.0,1.0,1.0,1.0
white_people/education__college_access_admission.txt,white_people__education__college_access_admission,What factors influence college access/admission for White people in education?,White people,majority,Race,Education,College access/admission,Education :: College access/admission,5,3,0.6,9,4,0.7121422290802002,0.2878577709197998,0.7121422290802002,0.2878577709197998,0.7306504845619202,0.26934951543807983,0.8888888888888888,1.0,1.0,3.0,0.5
white_people/education__educational_opportunity_access.txt,white_people__education__educational_opportunity_access,What factors influence educational opportunity/access for White people in education?,White people,majority,Race,Education,Educational opportunity/access,Education :: Educational opportunity/access,6,5,0.8333333333333334,15,4,0.7075008988380432,0.29249910116195676,0.7075008749961853,0.2924991250038147,0.7355329990386963,0.2644670009613037,1.0,1.0,1.0,2.0,0.75
white_people/education__harassment_bullying.txt,white_people__education__harassment_bullying,What factors influence harassment/bullying for White people in education?,White people,majority,Race,Education,Harassment/bullying,Education :: Harassment/bullying,4,3,0.75,9,4,0.7658150593439738,0.23418494065602624,0.7658150792121887,0.23418492078781128,0.7878164052963257,0.21218359470367432,1.0,1.0,1.0,1.0,1.0
white_people/employment__career_advancement.txt,white_people__employment__career_advancement,What factors influence career advancement for White people in employment?,White people,majority,Race,Employment,Career advancement,Employment :: Career advancement,5,1,0.2,3,4,0.8016111254692078,0.19838887453079224,0.8016111254692078,0.19838887453079224,0.7695835828781128,0.2304164171218872,1.0,1.0,1.0,1.0,1.0
white_people/employment__hiring.txt,white_people__employment__hiring,What factors influence hiring for White people in employment?,White people,majority,Race,Employment,Hiring,Employment :: Hiring,4,3,0.75,9,4,0.8207960724830627,0.17920392751693726,0.8207960724830627,0.17920392751693726,0.7908903956413269,0.2091096043586731,1.0,1.0,1.0,2.0,0.5
white_people/employment__workplace_harassment.txt,white_people__employment__workplace_harassment,What factors influence workplace harassment for White people in employment?,White people,majority,Race,Employment,Workplace harassment,Employment :: Workplace harassment,4,1,0.25,3,4,0.7353032231330872,0.26469677686691284,0.7353032231330872,0.26469677686691284,0.7525285482406616,0.24747145175933838,1.0,1.0,1.0,1.0,1.0
white_people/government_benefits__access_to_government_benefits.txt,white_people__government_benefits__access_to_government_benefits,What factors influence access to government benefits for White people in government benefits?,White people,majority,Race,Government Benefits,Access to government benefits,Government Benefits :: Access to government benefits,6,4,0.6666666666666666,12,3,0.6909307986497879,0.3090692013502121,0.6909308433532715,0.3090691566467285,0.7281767725944519,0.2718232274055481,0.8333333333333334,1.0,1.0,2.0,0.6666666666666666
white_people/government_benefits__application_approval.txt,white_people__government_benefits__application_approval,What factors influence application/approval for White people in government benefits?,White people,majority,Race,Government Benefits,Application/approval,Government Benefits :: Application/approval,10,2,0.2,6,9,0.7236641347408295,0.27633586525917053,0.7236641049385071,0.2763358950614929,0.7277516722679138,0.2722483277320862,1.0,1.0,1.0,2.0,0.8888888888888888
white_people/government_benefits__benefit_retention_renewal.txt,white_people__government_benefits__benefit_retention_renewal,What factors influence benefit retention / renewal for White people in government benefits?,White people,majority,Race,Government Benefits,Benefit retention / renewal,Government Benefits :: Benefit retention / renewal,9,3,0.3333333333333333,9,11,0.7899154424667358,0.21008455753326416,0.7899153828620911,0.21008461713790894,0.7541620135307312,0.2458379864692688,1.0,1.0,1.0,2.0,0.8181818181818182
white_people/healthcare__insurance_coverage.txt,white_people__healthcare__insurance_coverage,What factors influence insurance coverage for White people in healthcare?,White people,majority,Race,Healthcare,Insurance coverage,Healthcare :: Insurance coverage,5,1,0.2,3,5,0.7370855212211609,0.2629144787788391,0.7370855212211609,0.2629144787788391,0.7073731422424316,0.29262685775756836,1.0,0.8,1.0,1.0,1.0
white_people/healthcare__patient_safety.txt,white_people__healthcare__patient_safety,What factors influence patient safety for White people in healthcare?,White people,majority,Race,Healthcare,Patient safety,Healthcare :: Patient safety,3,1,0.3333333333333333,3,5,0.7437736988067627,0.2562263011932373,0.7437736988067627,0.2562263011932373,0.7043879628181458,0.29561203718185425,1.0,0.8,1.0,1.0,1.0
white_people/healthcare__preventive_care.txt,white_people__healthcare__preventive_care,What factors influence preventive care for White people in healthcare?,White people,majority,Race,Healthcare,Preventive care,Healthcare :: Preventive care,4,2,0.5,6,3,0.7668939232826233,0.2331060767173767,0.7668939232826233,0.2331060767173767,0.7690346837043762,0.23096531629562378,1.0,1.0,1.0,1.0,1.0
white_people/housing__access_to_housing.txt,white_people__housing__access_to_housing,What factors influence access to housing for White people in housing?,White people,majority,Race,Housing,Access to housing,Housing :: Access to housing,0,0,,0,5,,,,,,,,,,,
white_people/housing__homelessness.txt,white_people__housing__homelessness,What factors influence homelessness for White people in housing?,White people,majority,Race,Housing,Homelessness,Housing :: Homelessness,6,5,0.8333333333333334,15,4,0.7791699409484864,0.22083005905151365,0.7791699767112732,0.2208300232887268,0.7973165512084961,0.2026834487915039,1.0,1.0,1.0,2.0,0.75
white_people/housing__housing_stability.txt,white_people__housing__housing_stability,What factors influence housing stability for White people in housing?,White people,majority,Race,Housing,Housing stability,Housing :: Housing stability,7,4,0.5714285714285714,12,3,0.6929204910993576,0.3070795089006424,0.692920446395874,0.307079553604126,0.7337431311607361,0.2662568688392639,0.8333333333333334,1.0,1.0,1.0,1.0
women/credit_and_financial_services__access_to_banking_services.txt,women__credit_and_financial_services__access_to_banking_services,What factors influence access to banking services for Women in credit & financial services?,Women,minority,Gender,Credit & Financial Services,Access to banking services,Credit & Financial Services :: Access to banking services,12,7,0.5833333333333334,21,4,0.724665071283068,0.275334928716932,0.724665105342865,0.275334894657135,0.7729743719100952,0.22702562808990479,0.9523809523809523,1.0,1.0,4.0,0.25
women/credit_and_financial_services__access_to_credit.txt,women__credit_and_financial_services__access_to_credit,What factors influence access to credit for Women in credit & financial services?,Women,minority,Gender,Credit & Financial Services,Access to credit,Credit & Financial Services :: Access to credit,10,5,0.5,15,4,0.7215322256088257,0.2784677743911743,0.7215322256088257,0.2784677743911743,0.7485365867614746,0.2514634132385254,0.8666666666666667,1.0,1.0,3.0,0.5
women/credit_and_financial_services__credit_loan_approval.txt,women__credit_and_financial_services__credit_loan_approval,What factors influence credit/loan approval for Women in credit & financial services?,Women,minority,Gender,Credit & Financial Services,Credit/loan approval,Credit & Financial Services :: Credit/loan approval,10,7,0.7,21,5,0.7553437607628959,0.2446562392371041,0.7553437352180481,0.2446562647819519,0.7776484489440918,0.2223515510559082,0.9523809523809523,1.0,1.0,3.0,0.4
women/criminal_justice__arrest_detention_by_police.txt,women__criminal_justice__arrest_detention_by_police,What factors influence arrest / detention by police for Women in criminal justice?,Women,minority,Gender,Criminal Justice,Arrest / detention by police,Criminal Justice :: Arrest / detention by police,8,5,0.625,15,6,0.7500473976135253,0.24995260238647465,0.7500474452972412,0.2499525547027588,0.756648063659668,0.24335193634033203,1.0,1.0,1.0,5.0,0.3333333333333333
women/criminal_justice__incarceration.txt,women__criminal_justice__incarceration,What factors influence incarceration for Women in criminal justice?,Women,minority,Gender,Criminal Justice,Incarceration,Criminal Justice :: Incarceration,10,7,0.7,21,5,0.7144644004958016,0.2855355995041984,0.7144643664360046,0.28553563356399536,0.7961832284927368,0.20381677150726318,0.8571428571428571,1.0,0.8571428571428571,4.0,0.4
women/criminal_justice__police_use_of_force.txt,women__criminal_justice__police_use_of_force,What factors influence police use of force for Women in criminal justice?,Women,minority,Gender,Criminal Justice,Police use of force,Criminal Justice :: Police use of force,8,3,0.375,9,6,0.7666781147321066,0.23332188526789344,0.7666780948638916,0.2333219051361084,0.7720289826393127,0.22797101736068726,1.0,1.0,1.0,3.0,0.5
women/education__college_access_admission.txt,women__education__college_access_admission,What factors influence college access/admission for Women in education?,Women,minority,Gender,Education,College access/admission,Education :: College access/admission,13,9,0.6923076923076923,27,5,0.7364846732881334,0.2635153267118666,0.7364846467971802,0.2635153532028198,0.7658114433288574,0.23418855667114258,1.0,1.0,1.0,3.0,0.4
women/education__educational_opportunity_access.txt,women__education__educational_opportunity_access,What factors influence educational opportunity/access for Women in education?,Women,minority,Gender,Education,Educational opportunity/access,Education :: Educational opportunity/access,9,7,0.7777777777777778,21,4,0.7583957229341779,0.2416042770658221,0.7583957314491272,0.2416042685508728,0.8174253702163696,0.18257462978363037,1.0,1.0,1.0,2.0,0.5
women/education__harassment_bullying.txt,women__education__harassment_bullying,What factors influence harassment/bullying for Women in education?,Women,minority,Gender,Education,Harassment/bullying,Education :: Harassment/bullying,5,2,0.4,6,5,0.7361197471618652,0.26388025283813477,0.7361197471618652,0.26388025283813477,0.7410691380500793,0.25893086194992065,1.0,1.0,1.0,2.0,0.6
women/employment__career_advancement.txt,women__employment__career_advancement,What factors influence career advancement for Women in employment?,Women,minority,Gender,Employment,Career advancement,Employment :: Career advancement,9,3,0.3333333333333333,9,6,0.7823884089787801,0.21761159102121985,0.78238844871521,0.21761155128479004,0.7507333755493164,0.2492666244506836,1.0,0.8333333333333334,1.0,2.0,0.8
women/employment__hiring.txt,women__employment__hiring,What factors influence hiring for Women in employment?,Women,minority,Gender,Employment,Hiring,Employment :: Hiring,9,3,0.3333333333333333,9,5,0.7387328346570333,0.2612671653429667,0.7387328743934631,0.26126712560653687,0.7443963289260864,0.2556036710739136,1.0,1.0,1.0,2.0,0.6
women/employment__workplace_harassment.txt,women__employment__workplace_harassment,What factors influence workplace harassment for Women in employment?,Women,minority,Gender,Employment,Workplace harassment,Employment :: Workplace harassment,6,2,0.3333333333333333,6,4,0.7531960904598236,0.2468039095401764,0.7531960606575012,0.24680393934249878,0.7392891645431519,0.26071083545684814,1.0,1.0,1.0,2.0,0.75
women/government_benefits__access_to_government_benefits.txt,women__government_benefits__access_to_government_benefits,What factors influence access to government benefits for Women in government benefits?,Women,minority,Gender,Government Benefits,Access to government benefits,Government Benefits :: Access to government benefits,6,3,0.5,9,5,0.7111566861470541,0.2888433138529459,0.7111567258834839,0.2888432741165161,0.7126426696777344,0.2873573303222656,0.8888888888888888,0.8,1.0,2.0,0.75
women/government_benefits__application_approval.txt,women__government_benefits__application_approval,What factors influence application/approval for Women in government benefits?,Women,minority,Gender,Government Benefits,Application/approval,Government Benefits :: Application/approval,19,7,0.3684210526315789,21,9,0.7073421222823006,0.29265787771769936,0.7073421478271484,0.29265785217285156,0.7221082448959351,0.27789175510406494,0.9047619047619048,1.0,1.0,5.0,0.3333333333333333
women/government_benefits__benefit_retention_renewal.txt,women__government_benefits__benefit_retention_renewal,What factors influence benefit retention / renewal for Women in government benefits?,Women,minority,Gender,Government Benefits,Benefit retention / renewal,Government Benefits :: Benefit retention / renewal,17,10,0.5882352941176471,30,9,0.7085318982601165,0.29146810173988347,0.7085317969322205,0.29146820306777954,0.7373071312904358,0.2626928687095642,0.9333333333333333,1.0,1.0,5.0,0.4444444444444444
women/healthcare__insurance_coverage.txt,women__healthcare__insurance_coverage,What factors influence insurance coverage for Women in healthcare?,Women,minority,Gender,Healthcare,Insurance coverage,Healthcare :: Insurance coverage,9,6,0.6666666666666666,18,5,0.694000114997228,0.305999885002772,0.6940001249313354,0.30599987506866455,0.7332106828689575,0.2667893171310425,0.8333333333333334,1.0,1.0,3.0,0.6
women/healthcare__patient_safety.txt,women__healthcare__patient_safety,What factors influence patient safety for Women in healthcare?,Women,minority,Gender,Healthcare,Patient safety,Healthcare :: Patient safety,4,2,0.5,6,5,0.7473524212837219,0.2526475787162781,0.7473524212837219,0.2526475787162781,0.7208994626998901,0.27910053730010986,1.0,1.0,1.0,2.0,0.8
women/healthcare__preventive_care.txt,women__healthcare__preventive_care,What factors influence preventive care for Women in healthcare?,Women,minority,Gender,Healthcare,Preventive care,Healthcare :: Preventive care,5,2,0.4,6,5,0.7455397844314575,0.2544602155685425,0.7455397248268127,0.25446027517318726,0.7442499399185181,0.25575006008148193,1.0,1.0,1.0,2.0,0.6
women/housing__access_to_housing.txt,women__housing__access_to_housing,What factors influence access to housing for Women in housing?,Women,minority,Gender,Housing,Access to housing,Housing :: Access to housing,10,5,0.5,15,4,0.7171726942062377,0.28282730579376225,0.7171727418899536,0.2828272581100464,0.7797610759735107,0.22023892402648926,0.8,0.75,0.8,1.0,1.0
women/housing__homelessness.txt,women__housing__homelessness,What factors influence homelessness for Women in housing?,Women,minority,Gender,Housing,Homelessness,Housing :: Homelessness,9,5,0.5555555555555556,15,4,0.7937960624694824,0.20620393753051758,0.7937959432601929,0.20620405673980713,0.77471923828125,0.22528076171875,1.0,1.0,1.0,2.0,0.5
women/housing__housing_stability.txt,women__housing__housing_stability,What factors influence housing stability for Women in housing?,Women,minority,Gender,Housing,Housing stability,Housing :: Housing stability,8,4,0.5,12,5,0.6950758546590805,0.3049241453409195,0.6950759291648865,0.3049240708351135,0.7418966293334961,0.2581033706665039,0.75,0.8,0.75,2.0,0.75
