source_id,normalized_url,fetch_timestamp_utc,registrable_domain,success,status,http_status,final_url,downloaded_bytes,extraction_status,text_chars,text_words,content_kind,content_type,page_title,page_author,page_date,site_name,canonical_url,curl_returncode,text_filename,text_sha256
000f8ac50fe9744330fb,https://mckinsey.com/featured-insights/diversity-and-inclusion/being-transgender-at-work,2026-10-04T03:30:36.452229+00:00,mckinsey.com,False,curl_error,0.0,https://mckinsey.com/featured-insights/diversity-and-inclusion/being-transgender-at-work,,not_extracted,0,0,,,,,,,,60.0,,
004f51a8d161449532a6,https://pmc.ncbi.nlm.nih.gov/articles/PMC11044716,2026-10-04T03:30:36.452657+00:00,nih.gov,True,downloaded,200.0,https://pmc.ncbi.nlm.nih.gov/articles/PMC11044716,21371.0,success,131,18,html,text/html; charset=utf-8,Checking your browser,,2026-09-11,google.com,https://www.google.com/recaptcha/challengepage,0.0,004f51a8d161449532a6.txt,a29166d0eaaa418bd5af61a282f1183a46c84c4d5e4c90689b1b452d230d05cc
006e7f06cb87878206de,https://weforum.org/stories/2015/08/why-lgbti-people-face-barriers-to-education-and-employment,2026-10-04T03:30:36.453199+00:00,weforum.org,False,http_error,403.0,https://www.weforum.org:443/stories/2015/08/why-lgbti-people-face-barriers-to-education-and-employment,485.0,not_extracted,0,0,,text/html,,,,,,0.0,,
0083125adb5af11831f3,https://americanprogress.org/article/understanding-policing-black-disabled-bodies,2026-10-04T03:30:36.454444+00:00,americanprogress.org,False,http_error,403.0,https://www.americanprogress.org/article/understanding-policing-black-disabled-bodies,5806.0,not_extracted,0,0,,text/html; charset=UTF-8,,,,,,0.0,,
0088ecd4a35cd52671bb,https://pmc.ncbi.nlm.nih.gov/articles/PMC6612316,2026-10-04T03:30:36.454737+00:00,nih.gov,True,downloaded,200.0,https://pmc.ncbi.nlm.nih.gov/articles/PMC6612316,21366.0,success,131,18,html,text/html; charset=utf-8,Checking your browser,,2026-09-11,google.com,https://www.google.com/recaptcha/challengepage,0.0,0088ecd4a35cd52671bb.txt,a29166d0eaaa418bd5af61a282f1183a46c84c4d5e4c90689b1b452d230d05cc
00cd8bf9b831c3df6bca,https://lulac.org/advocacy/issues/criminal_justice_reform,2026-10-04T03:30:36.468330+00:00,lulac.org,False,http_error,403.0,https://lulac.org/advocacy/issues/criminal_justice_reform,118.0,not_extracted,0,0,,text/html,,,,,,0.0,,
00d2e70f80bb40cec88c,https://advocacysnt.org/articles/avoiding-benefits-trap-special-needs-planning,2026-10-04T03:30:36.468939+00:00,advocacysnt.org,True,downloaded,200.0,https://www.advocacysnt.org/articles/avoiding-benefits-trap-special-needs-planning,29644.0,success,5322,839,html,text/html; charset=utf-8,Avoiding the Benefits Trap in Special Needs Planning,,2025-04-14,advocacysnt.org,https://www.advocacysnt.org/articles/avoiding-benefits-trap-special-needs-planning,0.0,00d2e70f80bb40cec88c.txt,d7325ccb063f768e60687aa80153d3ed17438d7bf3b71b721bbec4f7bfebd4aa
00ff7c3c23b1876cb251,https://npr.org/2025/04/08/nx-s1-5354914/some-colleges-recruiting-latino-students,2026-10-04T03:30:36.470043+00:00,npr.org,True,downloaded,200.0,https://www.npr.org/2025/04/08/nx-s1-5354914/some-colleges-recruiting-latino-students,152386.0,success,10635,1686,html,text/html;charset=UTF-8,Bienvenidos! Some colleges are targeting a long-neglected group: Hispanic students,Jon Marcus,2025-04-08,NPR,https://www.npr.org/2025/04/08/nx-s1-5354914/some-colleges-recruiting-latino-students,0.0,00ff7c3c23b1876cb251.txt,b5d944b434a62c054655e53c2078a44569b4da262659a56cc0ac7f18d9fe71e4
0160efba3cb39e900e90,https://urban.org/research/publication/improving-health-coverage-working-people-disabilities,2026-10-04T03:30:40.226393+00:00,urban.org,False,http_error,403.0,https://www.urban.org/research/publication/improving-health-coverage-working-people-disabilities,5924.0,not_extracted,0,0,,text/html; charset=UTF-8,,,,,,0.0,,
018464c007493881db30,https://rsfjournal.org/content/11/1/224,2026-10-04T03:30:43.035411+00:00,rsfjournal.org,False,curl_error,0.0,https://rsfjournal.org/content/11/1/224,,not_extracted,0,0,,,,,,,,6.0,,
01c51fe4d5d1fa636c9d,https://youtube.com/watch?t=121&v=n0urFzhWTZ4,2026-10-04T03:30:43.532219+00:00,youtube.com,True,downloaded,200.0,https://www.youtube.com/watch?t=121&v=n0urFzhWTZ4,1260786.0,success,146,23,html,text/html; charset=utf-8,How policewomen make communities safer | Ivonne Roman,,2019-09-09,YouTube,https://www.youtube.com/watch?v=n0urFzhWTZ4,0.0,01c51fe4d5d1fa636c9d.txt,8dbba17988e385133ba8f51d76cde1fc2c859262b666cb848e9cfe2478fd5e71
01c8a7dfd0d57b3c0346,https://healthaffairs.org/doi/abs/10.1377/hlthaff.2022.01493,2026-10-04T03:30:43.619610+00:00,healthaffairs.org,False,http_error,403.0,https://healthaffairs.org/doi/abs/10.1377/hlthaff.2022.01493,5752.0,not_extracted,0,0,,text/html; charset=UTF-8,,,,,,0.0,,
01d9b28157b26a093247,https://thetrevorproject.org/wp-content/uploads/2022/02/Trevor-Project-Homelessness-Report.pdf,2026-10-04T03:30:44.058583+00:00,thetrevorproject.org,True,downloaded,200.0,https://www.thetrevorproject.org/wp-content/uploads/2022/02/Trevor-Project-Homelessness-Report.pdf,880596.0,success,60782,9171,pdf,application/pdf,,,,,,0.0,01d9b28157b26a093247.txt,1222cc85f0cea5212bc91d14885d60cbfcab25242152891f4addc7ad01371815
01e803968456fd7ed9aa,https://urban.org/urban-wire/policing-killing-black-disabled-people-centering-intersectionality-critical-reducing-harm,2026-10-04T03:30:44.816599+00:00,urban.org,False,http_error,403.0,https://www.urban.org/urban-wire/policing-killing-black-disabled-people-centering-intersectionality-critical-reducing-harm,6023.0,not_extracted,0,0,,text/html; charset=UTF-8,,,,,,0.0,,
0254033b9417c666a1fa,https://chiefhealthcareexecutive.com/view/patients-with-disabilities-are-more-vulnerable-to-safety-concerns,2026-10-04T03:30:46.481598+00:00,chiefhealthcareexecutive.com,True,downloaded,200.0,https://www.chiefhealthcareexecutive.com/view/patients-with-disabilities-are-more-vulnerable-to-safety-concerns,459738.0,success,6744,1005,html,text/html; charset=utf-8,Patients with disabilities are more vulnerable to safety concerns | Chief Healthcare Executive,Ron Southwick,2024-06-17,Chief Healthcare Executive - Hospital & Health System Leader Insights,https://www.chiefhealthcareexecutive.com/view/patients-with-disabilities-are-more-vulnerable-to-safety-concerns,0.0,0254033b9417c666a1fa.txt,a462fd54db98e1d5cffd3c35dca076e5a497ab4a61b75933ff0f714f0e8dc325
0272804ac71652e3d4c8,https://hracuity.com/blog/female-workplace-harassment,2026-10-04T03:30:48.642274+00:00,hracuity.com,True,downloaded,200.0,https://www.hracuity.com/blog/female-workplace-harassment/,140118.0,success,8166,1219,html,text/html; charset=UTF-8,"Female Harassment in the Workplace: Trends, Stats & What Still Needs to Change",Deb Muller; Deborah Muller,2025-11-18,HR Acuity,https://www.hracuity.com/blog/female-workplace-harassment/,0.0,0272804ac71652e3d4c8.txt,0f8c56dec5f66a3152a62e180839bd16056e22eb2972e6c8379bae7801c2c395
02b103afba40aa5a8301,https://nasfaa.org/news-item/34147/Report_The_Biggest_Barriers_to_Higher_Ed_Enrollment_Are_Cost_and_Lack_of_Financial_Aid,2026-10-04T03:30:50.048295+00:00,nasfaa.org,False,http_error,403.0,https://nasfaa.org/news-item/34147/Report_The_Biggest_Barriers_to_Higher_Ed_Enrollment_Are_Cost_and_Lack_of_Financial_Aid,4929.0,not_extracted,0,0,,text/html; charset=UTF-8,,,,,,0.0,,
03306ce64dffbb25ac8b,https://researchgate.net/publication/225650664_Men_accessing_education_Masculinities_class_and_choice,2026-10-04T03:30:50.828066+00:00,researchgate.net,False,http_error,403.0,https://www.researchgate.net/publication/225650664_Men_accessing_education_Masculinities_class_and_choice,21138.0,not_extracted,0,0,,text/html; charset=UTF-8,,,,,,0.0,,
03361f844d7b821c1054,https://scholarworks.gvsu.edu/cgi/viewcontent.cgi?article=1135&context=gradprojects,2026-10-04T03:30:53.552038+00:00,gvsu.edu,False,http_error,403.0,https://scholarworks.gvsu.edu/cgi/viewcontent.cgi?article=1135&context=gradprojects,5792.0,not_extracted,0,0,,text/html; charset=UTF-8,,,,,,0.0,,
03e1023fb714f77185c7,https://researchgate.net/publication/230566333_What_Do_Women_Know_about_Government_Services_and_Benefits,2026-10-04T03:30:53.831281+00:00,researchgate.net,False,http_error,403.0,https://www.researchgate.net/publication/230566333_What_Do_Women_Know_about_Government_Services_and_Benefits,21138.0,not_extracted,0,0,,text/html; charset=UTF-8,,,,,,0.0,,
04983a549c468b656571,https://experian.com/blogs/ask-experian/why-credit-is-important-people-with-disabilities,2026-10-04T03:30:55.680181+00:00,experian.com,True,downloaded,200.0,https://www.experian.com/blogs/ask-experian/why-credit-is-important-people-with-disabilities,228843.0,success,7572,1228,html,text/html,Why Credit Is Important for People With Disabilities - Experian,Louis DeNicola,2021-10-25,Experian,https://www.experian.com/blogs/ask-experian/why-credit-is-important-people-with-disabilities/,0.0,04983a549c468b656571.txt,06b8741a588dd3f43d1d66f9862fc66f3f70ad866cbad0cd82028d1e15b0ac68
049e7a5b07692900726c,https://ne-arc.org/2025/04/25/housing-the-overlooked-crisis-for-disabled-people,2026-10-04T03:30:56.455634+00:00,ne-arc.org,False,http_error,403.0,https://ne-arc.org/2025/04/25/housing-the-overlooked-crisis-for-disabled-people,1084.0,not_extracted,0,0,,text/html,,,,,,0.0,,
053b6422c28516259bb0,https://dispartilaw.com/8-signs-you-will-be-approved-for-social-security,2026-10-04T03:30:57.020646+00:00,dispartilaw.com,True,downloaded,200.0,https://www.dispartilaw.com/8-signs-you-will-be-approved-for-social-security,702302.0,success,11966,1918,html,text/html; charset=UTF-8,8 Signs That You Will Be Approved for Disability,,2025-09-04,"Personal Injury, Employment Law & Disability Attorneys Chicago, IL - Disparti Law Group Accident & Injury Lawyers | Disparti Law Group",https://www.dispartilaw.com/8-signs-you-will-be-approved-for-social-security/,0.0,053b6422c28516259bb0.txt,e382fb4ff64d140db9a3da5e819e5caa020fd420d92fc29fc798ceac42788bbf
0592be68edb49e271b98,https://unidosus.org/wp-content/uploads/2021/07/IB17_CreditCardTrap.pdf,2026-10-04T03:30:57.154164+00:00,unidosus.org,True,downloaded,200.0,https://unidosus.org/wp-content/uploads/2021/07/IB17_CreditCardTrap.pdf,234823.0,success,62214,9546,pdf,application/pdf,,,,,,0.0,0592be68edb49e271b98.txt,45674e789c9e08e201c449c52998ee459fb13a32f330e7a74f9d5ec5f3c93ed2
0599f10f02e80cc0fb82,https://prisonpolicy.org/reports/pretrial_racial_disparities_sources.html,2026-10-04T03:31:00.716006+00:00,prisonpolicy.org,True,downloaded,200.0,https://www.prisonpolicy.org/reports/pretrial_racial_disparities_sources.html,52491.0,success,24291,3795,html,text/html; charset=UTF-8,Pretrial detention racial disparities: Research Appendix,Prison Policy Initiative,2026-01-01,PrisonPolicy,https://www.prisonpolicy.org/reports/pretrial_racial_disparities_sources.html,0.0,0599f10f02e80cc0fb82.txt,4c6b33aa14a58ee7aab3232efb4906f19dad14ca832a7d3d58707e5a00e056cd
05d39d0fe0b3688e9adc,https://pubmed.ncbi.nlm.nih.gov/40458769,2026-10-04T03:31:00.826286+00:00,nih.gov,True,downloaded,203.0,https://pubmed.ncbi.nlm.nih.gov/40458769/,5590.0,success,100,14,html,text/html; charset=utf-8,Cookies must be enabled,,,pubmed.ncbi.nlm.nih.gov,https://pubmed.ncbi.nlm.nih.gov/40458769/,0.0,05d39d0fe0b3688e9adc.txt,f193d0de906419650acf171625dbd67f88f297290893b5473e1d8365c03d4b59
05f8e03b620bd3af890b,https://scarleteen.com/read/identity/understanding-lgbtq-youth-homelessness,2026-10-04T03:31:03.130722+00:00,scarleteen.com,True,downloaded,200.0,https://www.scarleteen.com/read/identity/understanding-lgbtq-youth-homelessness,75752.0,success,7051,1146,html,text/html; charset=UTF-8,Understanding LGBTQ+ Youth Homelessness,Sassafras Patterdale,2025-05-05,Scarleteen,https://www.scarleteen.com/read/identity/understanding-lgbtq-youth-homelessness,0.0,05f8e03b620bd3af890b.txt,0eedb895dbd1fa1c4792c4df7277532bf732349fcfc3afbcb430fd6b8f0a34ed
060c6ceb7f9542e6900f,https://cnbc.com/2021/01/28/black-and-hispanic-americans-often-have-lower-credit-scores.html,2026-10-04T03:31:03.284714+00:00,cnbc.com,True,downloaded,200.0,https://www.cnbc.com/2021/01/28/black-and-hispanic-americans-often-have-lower-credit-scores.html,665097.0,success,3666,609,html,text/html; charset=utf-8,Black and Hispanic Americans often have lower credit scores—here's why they're hit harder,Megan Leonhardt,2021-01-28,CNBC,https://www.cnbc.com/2021/01/28/black-and-hispanic-americans-often-have-lower-credit-scores.html,0.0,060c6ceb7f9542e6900f.txt,d12b94fa158575dc6cc630e12dbf0e0385219c0c328410fd715f832d86a41fdd
062950d57cb9f45d64f0,https://nlc.org/article/2020/07/09/embedding-racial-equity-in-housing,2026-10-04T03:31:03.717237+00:00,nlc.org,True,downloaded,200.0,https://www.nlc.org/article/2020/07/09/embedding-racial-equity-in-housing,133121.0,success,9552,1391,html,text/html; charset=UTF-8,Embedding Racial Equity in Housing,,2020-07-09,National League of Cities,https://www.nlc.org/article/2020/07/09/embedding-racial-equity-in-housing/,0.0,062950d57cb9f45d64f0.txt,5914d67527f2e8779700245e6347ac2b8366b615a76426c1104037533a301eb9
06582bbd68942112cd27,https://stopbullying.gov/bullying/groups,2026-10-04T03:31:07.210373+00:00,stopbullying.gov,False,http_error,403.0,https://www.stopbullying.gov/bullying/groups,393.0,not_extracted,0,0,,text/html,,,,,,0.0,,
0667d44231fe6e3ed12b,https://diversityjobs.com/career-advice/team-building/should-employers-give-hiring-preference-to-hispanic-job-candidates,2026-10-04T03:31:07.361351+00:00,diversityjobs.com,True,downloaded,200.0,https://www.diversityjobs.com/,320696.0,success,21761,1459,html,text/html; charset=UTF-8,Diversity Job Board - Uniting DEI-Focused Employers With Diverse Candidates | DiversityJobs,,2023-12-05,Diversity Jobs,https://www.diversityjobs.com/,0.0,0667d44231fe6e3ed12b.txt,6aeb6a96f4aa17904b7c2242888739974e19dcefab0a5ebe14ed0c19ce3db4bb
0679c0707f83a0cb6e50,https://scholarworks.umt.edu/cgi/viewcontent.cgi?article=13174&context=etd,2026-10-04T03:31:07.789042+00:00,umt.edu,False,http_error,403.0,https://scholarworks.umt.edu/cgi/viewcontent.cgi?article=13174&context=etd,5767.0,not_extracted,0,0,,text/html; charset=UTF-8,,,,,,0.0,,
068b0fdcfa40e7da62d9,https://ebsco.com/research-starters/education/inequality-and-access-higher-education,2026-10-04T03:31:08.706598+00:00,ebsco.com,True,downloaded,200.0,https://www.ebsco.com/research-starters/education/inequality-and-access-higher-education,223658.0,success,60146,8600,html,text/html,Inequality and Access to Higher Education | Education | Research Starters | EBSCOhost,,2019-05-01,EBSCO,https://www.ebsco.com/,0.0,068b0fdcfa40e7da62d9.txt,3d4f9e68a8f72cd55e44dc565293635f752a157bc379c2f0fef0166dab1a64b8
069c35bc91e15b240741,https://tandfonline.com/doi/full/10.1080/13613324.2017.1343294,2026-10-04T03:31:10.231819+00:00,tandfonline.com,False,http_error,403.0,https://tandfonline.com/doi/full/10.1080/13613324.2017.1343294,5805.0,not_extracted,0,0,,text/html; charset=UTF-8,,,,,,0.0,,
06e6b73a0f99f7fdb046,https://shrm.org/topics-tools/news/talent-acquisition/hiring-hispanics-requires-awareness-differences,2026-10-04T03:31:13.155968+00:00,shrm.org,True,downloaded,200.0,https://www.shrm.org/topics-tools/news/talent-acquisition/hiring-hispanics-requires-awareness-differences,574210.0,success,7382,1084,html,text/html;charset=utf-8,Hiring Hispanics Requires Awareness of Differences,Theresa Minton-Eversole,2014-10-09,SHRM,https://www.shrm.org/topics-tools/news/talent-acquisition/hiring-hispanics-requires-awareness-differences,0.0,06e6b73a0f99f7fdb046.txt,e7a51a2e11eca87ea75931aeb73e650587b728aa272b267681691fc4b434ad08
06e704b2cceffeac24f0,http://opwdd.ny.gov/,2026-10-04T03:31:13.962945+00:00,ny.gov,True,downloaded,200.0,https://opwdd.ny.gov/,53440.0,success,2233,223,html,text/html; charset=UTF-8,Office for People With Developmental Disabilities,,2026-09-30,Office for People With Developmental Disabilities,https://opwdd.ny.gov/,0.0,06e704b2cceffeac24f0.txt,98a6a4913db6393142f5a254e2cdcd878933f22410bd293bfbb84fbd19f78eb8
07536d083b6b422772ae,https://stlouisfed.org/community-development/publications/access-credit-financial-services-bridge-financial-well-being,2026-10-04T03:31:15.080088+00:00,stlouisfed.org,False,curl_error,0.0,https://stlouisfed.org/community-development/publications/access-credit-financial-services-bridge-financial-well-being,,not_extracted,0,0,,,,,,,,92.0,,
0776149e26e5a0752d72,https://pmc.ncbi.nlm.nih.gov/articles/PMC11543415,2026-10-04T03:31:15.855062+00:00,nih.gov,True,downloaded,200.0,https://pmc.ncbi.nlm.nih.gov/articles/PMC11543415,21371.0,success,131,18,html,text/html; charset=utf-8,Checking your browser,,2026-09-11,google.com,https://www.google.com/recaptcha/challengepage,0.0,0776149e26e5a0752d72.txt,a29166d0eaaa418bd5af61a282f1183a46c84c4d5e4c90689b1b452d230d05cc
0779fe2c96edab85c775,https://ssa.gov/benefits/disability/work.html,2026-10-04T03:31:16.081261+00:00,ssa.gov,False,curl_error,0.0,https://ssa.gov/benefits/disability/work.html,,not_extracted,0,0,,,,,,,,60.0,,
07f365dab35a937791bf,https://digitalgovernmenthub.org/library/racial-and-ethnic-differences-in-experiencing-administrative-burdens-in-public-benefit-programs,2026-10-04T03:31:17.402372+00:00,digitalgovernmenthub.org,False,robots_disallowed,,https://digitalgovernmenthub.org/library/racial-and-ethnic-differences-in-experiencing-administrative-burdens-in-public-benefit-programs,,not_extracted,0,0,,,,,,,,,,
080a6a53989313c96275,https://pmc.ncbi.nlm.nih.gov/articles/PMC7678806,2026-10-04T03:31:17.528001+00:00,nih.gov,True,downloaded,200.0,https://pmc.ncbi.nlm.nih.gov/articles/PMC7678806,21367.0,success,131,18,html,text/html; charset=utf-8,Checking your browser,,2026-09-11,google.com,https://www.google.com/recaptcha/challengepage,0.0,080a6a53989313c96275.txt,a29166d0eaaa418bd5af61a282f1183a46c84c4d5e4c90689b1b452d230d05cc
080e0c4974bd53e47412,https://pmc.ncbi.nlm.nih.gov/articles/PMC11507352,2026-10-04T03:31:17.757091+00:00,nih.gov,True,downloaded,200.0,https://pmc.ncbi.nlm.nih.gov/articles/PMC11507352,21367.0,success,131,18,html,text/html; charset=utf-8,Checking your browser,,2026-09-11,google.com,https://www.google.com/recaptcha/challengepage,0.0,080e0c4974bd53e47412.txt,a29166d0eaaa418bd5af61a282f1183a46c84c4d5e4c90689b1b452d230d05cc
082256847a9dfc55ede5,https://urban.org/urban-wire/how-can-we-advance-latino-homeownership-and-housing-stability,2026-10-04T03:31:18.279381+00:00,urban.org,False,http_error,403.0,https://www.urban.org/urban-wire/how-can-we-advance-latino-homeownership-and-housing-stability,5897.0,not_extracted,0,0,,text/html; charset=UTF-8,,,,,,0.0,,
0866091b33bf40c2a7af,https://housingsolutionstulsa.org/spotlight-on-disability-and-homelessness,2026-10-04T03:31:19.772636+00:00,housingsolutionstulsa.org,True,downloaded,200.0,https://www.housingsolutionstulsa.org/spotlight-on-disability-and-homelessness/,80679.0,success,6726,881,html,text/html; charset=UTF-8,Spotlight on disability and homelessness | Housing Solutions Tulsa,Erin Velez,2023-08-28,Housing Solutions Tulsa,https://www.housingsolutionstulsa.org/spotlight-on-disability-and-homelessness/,0.0,0866091b33bf40c2a7af.txt,7e1bafced79a15fdbd6c99d9ff1cc46b32d387881c1d5701f7ef30ad89b63a28
087155da2e23b5a4d006,https://ovid.com/00011272-201741020-00001,2026-10-04T03:31:20.645465+00:00,ovid.com,True,downloaded,200.0,https://www.ovid.com/journals/lhub/abstract/10.1037/lhb0000218~how-suspect-race-affects-police-use-of-force-in-an?redirectionsource=fulltextview,143281.0,success,1561,236,html,text/html; charset=utf-8,How Suspect Race Affects Police Use of Force in... : Law & Human Behavior,Authors; Affiliations,2020-10-08,Ovid,https://www.ovid.com/journals/lhub/fulltext/10.1037/lhb0000218~how-suspect-race-affects-police-use-of-force-in-an,0.0,087155da2e23b5a4d006.txt,9cbf1e594bbf40921e693345b7ccba54e2eadaf5dda13a12c6222cfd33c2ace2
0878eb8525e2cea01264,https://urban.org/urban-wire/how-local-differences-race-and-place-affect-mortgage-lending,2026-10-04T03:31:20.676790+00:00,urban.org,False,http_error,403.0,https://www.urban.org/urban-wire/how-local-differences-race-and-place-affect-mortgage-lending,5894.0,not_extracted,0,0,,text/html; charset=UTF-8,,,,,,0.0,,
088117956d66b5af3943,https://pmc.ncbi.nlm.nih.gov/articles/PMC12071379,2026-10-04T03:31:21.246262+00:00,nih.gov,True,downloaded,200.0,https://pmc.ncbi.nlm.nih.gov/articles/PMC12071379,21371.0,success,131,18,html,text/html; charset=utf-8,Checking your browser,,2026-09-11,google.com,https://www.google.com/recaptcha/challengepage,0.0,088117956d66b5af3943.txt,a29166d0eaaa418bd5af61a282f1183a46c84c4d5e4c90689b1b452d230d05cc
089e8e67966bcb37af36,https://lawreview.uchicago.edu/print-archive/empirical-analysis-sexual-orientation-discrimination,2026-10-04T03:31:21.254878+00:00,uchicago.edu,True,downloaded,200.0,https://lawreview.uchicago.edu/print-archive/empirical-analysis-sexual-orientation-discrimination,418696.0,success,179472,28505,html,text/html; charset=utf-8,An Empirical Analysis of Sexual Orientation Discrimination,J Shahar Dillbary,2019-02-11,lawreview.uchicago.edu,https://lawreview.uchicago.edu/print-archive/empirical-analysis-sexual-orientation-discrimination,0.0,089e8e67966bcb37af36.txt,e280fe895fdd14e09be7d9e73d54c96b985866cfc95c03f0f1fec30cf76575b0
09679ff687f1d0811e12,https://nationalhomeless.org/lgbtq-homelessness,2026-10-04T03:31:23.668487+00:00,nationalhomeless.org,True,downloaded,200.0,https://nationalhomeless.org/lgbtq-homelessness/,135459.0,success,3762,616,html,text/html; charset=UTF-8,LGBTQ Homelessness - National Coalition for the Homeless,,2022-12-28,National Coalition for the Homeless - Building a movement to End Homelessness,https://nationalhomeless.org/lgbtq-homelessness/,0.0,09679ff687f1d0811e12.txt,9972ba46790c9609557c50aa15f79ee7d968d6c0b6f44b3a2c7b11df3c4496df
0968fd7ef3728b59ebe1,https://borgenproject.org/lack-of-access-to-education,2026-10-04T03:31:24.461874+00:00,borgenproject.org,False,http_error,403.0,https://borgenproject.org/lack-of-access-to-education,103.0,not_extracted,0,0,,text/html,,,,,,0.0,,
0970e72ef8142a7022a2,https://aspe.hhs.gov/sites/default/files/documents/4fc0ddbcee8d583d57e399dad6201536/aspe-coverage-access-black-americans-ib.pdf,2026-10-04T03:31:24.645600+00:00,hhs.gov,True,downloaded,200.0,https://aspe.hhs.gov/sites/default/files/documents/4fc0ddbcee8d583d57e399dad6201536/aspe-coverage-access-black-americans-ib.pdf,469340.0,success,42853,5769,pdf,application/pdf,,,,,,0.0,0970e72ef8142a7022a2.txt,ae1166bb5064a055bb091d7ac95fb4d230b4513d6b95e35084b206a967bce6c4
0974d13171b129645682,https://forbes.com/sites/kimelsesser/2026/05/06/education-dept-challenges-smith-colleges-transgender-admissions-policy,2026-10-04T03:31:24.741893+00:00,forbes.com,False,http_error,403.0,https://forbes.com/sites/kimelsesser/2026/05/06/education-dept-challenges-smith-colleges-transgender-admissions-policy,773.0,not_extracted,0,0,,text/html;charset=utf-8,,,,,,0.0,,
0979fc2c476bb0879759,https://mdpi.com/2673-995X/5/4/128,2026-10-04T03:31:24.967995+00:00,mdpi.com,False,http_error,403.0,https://mdpi.com/2673-995X/5/4/128,389.0,not_extracted,0,0,,text/html,,,,,,0.0,,
097e7732c75e23e66808,https://collegecampaign.org/publication/ensuring-college-access-and-success-for-black-students-in-higher-education,2026-10-04T03:31:27.039877+00:00,collegecampaign.org,True,downloaded,200.0,https://collegecampaign.org/publication/ensuring-college-access-and-success-for-black-students-in-higher-education,158974.0,success,2357,339,html,text/html; charset=UTF-8,Ensuring College Access and Success for Black Students in Higher Education | The Campaign for College Opportunity,,2025-04-17,The Campaign for College Opportunity,https://collegecampaign.org/publication/ensuring-college-access-and-success-for-black-students-in-higher-education,0.0,097e7732c75e23e66808.txt,a9321cb4bfa4a8d145da60fcbe79b17c826c2df87c8f316293aa1ab243e2550b
098940caf98752eb321f,https://medium.com/commonfuture/why-credit-scores-are-racist-da109fcfb300,2026-10-04T03:31:28.622892+00:00,medium.com,False,http_error,403.0,https://medium.com/commonfuture/why-credit-scores-are-racist-da109fcfb300,5402.0,not_extracted,0,0,,text/html; charset=UTF-8,,,,,,0.0,,
09b9b72061a5bfd8ed88,https://stacks.cdc.gov/view/cdc/248736,2026-10-04T03:31:31.038823+00:00,cdc.gov,False,http_error,403.0,https://stacks.cdc.gov/view/cdc/248736,391.0,not_extracted,0,0,,text/html,,,,,,0.0,,
09ddc2eccbb4e8940510,https://cis.org/Report/Welfare-Use-Immigrants-and-USBorn-2024,2026-10-04T03:31:31.045443+00:00,cis.org,False,http_error,403.0,https://cis.org/Report/Welfare-Use-Immigrants-and-USBorn-2024,5703.0,not_extracted,0,0,,text/html; charset=UTF-8,,,,,,0.0,,
0a1adb13676b56c95b82,https://worldatwork.org/publications/workspan-daily/how-organizations-can-remove-career-development-barriers-for-women,2026-10-04T03:31:31.336095+00:00,worldatwork.org,True,downloaded,200.0,https://worldatwork.org/publications/workspan-daily/how-organizations-can-remove-career-development-barriers-for-women,137100.0,success,12936,1901,html,text/html; charset=utf-8,How Organizations Can Remove Career Development Barriers for Women | WorldatWork,Nu Yang,2025-03-24,WorldatWork,https://worldatwork.org/publications/workspan-daily/how-organizations-can-remove-career-development-barriers-for-women,0.0,0a1adb13676b56c95b82.txt,4bf871c29e361b267c32097f4778aac2cf6ae418ea26db4825202e19ad544b15
0a1f5c9f366bc259cfdb,https://educationaladvocates.com/college-student-with-learning-disabilities,2026-10-04T03:31:31.598538+00:00,educationaladvocates.com,True,downloaded,200.0,https://www.educationaladvocates.com/college-student-with-learning-disabilities/,320495.0,success,18639,2716,html,text/html; charset=UTF-8,College Admissions Planning for Students With Learning Disabilities - Educational Advocates | Galin Education,Educational Advocates,2025-05-09,Educational Advocates | Galin Education -,https://www.educationaladvocates.com/college-student-with-learning-disabilities/,0.0,0a1f5c9f366bc259cfdb.txt,d2ccb446e665424272e56e465850c75844d15954cf28934a19e47c6366bfa109
0a4054d42f284ee36412,https://huduser.gov/portal/periodicals/cityscpe/vol23num2/ch7.pdf,2026-10-04T03:31:31.917894+00:00,huduser.gov,True,downloaded,202.0,https://huduser.gov/portal/periodicals/cityscpe/vol23num2/ch7.pdf,2407.0,success,157,26,html,text/html; charset=UTF-8,JavaScript is disabled,,,huduser.gov,https://huduser.gov/portal/periodicals/cityscpe/vol23num2/ch7.pdf,0.0,0a4054d42f284ee36412.txt,ebccbd5922b41e48d556f96420b77b24fb66ddfe709666bb5b22acc99765c63f
0a56f5a052156cb8abc9,https://penalreform.org/issues/lgbtq-people/the-issue,2026-10-04T03:31:32.241234+00:00,penalreform.org,False,curl_error,0.0,https://penalreform.org/issues/lgbtq-people/the-issue,,not_extracted,0,0,,,,,,,,35.0,,
0a64df876264ff3ad37e,https://pmc.ncbi.nlm.nih.gov/articles/PMC11567148,2026-10-04T03:31:32.724921+00:00,nih.gov,True,downloaded,200.0,https://pmc.ncbi.nlm.nih.gov/articles/PMC11567148,21372.0,success,131,18,html,text/html; charset=utf-8,Checking your browser,,2026-09-11,google.com,https://www.google.com/recaptcha/challengepage,0.0,0a64df876264ff3ad37e.txt,a29166d0eaaa418bd5af61a282f1183a46c84c4d5e4c90689b1b452d230d05cc
0a6568a928299b17638e,https://pubmed.ncbi.nlm.nih.gov/39935449,2026-10-04T03:31:32.979411+00:00,nih.gov,True,downloaded,203.0,https://pubmed.ncbi.nlm.nih.gov/39935449/,5590.0,success,100,14,html,text/html; charset=utf-8,Cookies must be enabled,,,pubmed.ncbi.nlm.nih.gov,https://pubmed.ncbi.nlm.nih.gov/39935449/,0.0,0a6568a928299b17638e.txt,f193d0de906419650acf171625dbd67f88f297290893b5473e1d8365c03d4b59
0a76b3f3589420022d2e,https://pfizer.com/news/articles/health_disparities_among_african_americans,2026-10-04T03:31:33.272481+00:00,pfizer.com,False,http_error,403.0,https://www.pfizer.com/news/articles/health_disparities_among_african_americans,5743.0,not_extracted,0,0,,text/html; charset=UTF-8,,,,,,0.0,,
0a816f83daddf6c98cb8,https://nerdwallet.com/credit-cards/learn/how-lgbtq-americans-can-build-credit,2026-10-04T03:31:34.180792+00:00,nerdwallet.com,False,http_error,403.0,https://www.nerdwallet.com/credit-cards/learn/how-lgbtq-americans-can-build-credit,5787.0,not_extracted,0,0,,text/html; charset=UTF-8,,,,,,0.0,,
0a99fc26f38d78231ead,https://onemainfinancial.com/personal-loans/resources/credit-score-for-personal-loan,2026-10-04T03:31:36.169656+00:00,onemainfinancial.com,False,http_error,403.0,https://onemainfinancial.com/personal-loans/resources/credit-score-for-personal-loan,55.0,not_extracted,0,0,,application/json,,,,,,0.0,,
0abc9bfcd7acd1242c01,https://wmnf.org/research-shows-government-benefits-help-low%E2%80%91income-people-find-jobs-news,2026-10-04T03:31:36.354392+00:00,wmnf.org,True,downloaded,200.0,https://www.wmnf.org/research-shows-government-benefits-help-low%E2%80%91income-people-find-jobs-news/,216412.0,success,6790,1140,html,text/html; charset=utf-8,Research shows that government benefits help low‑income people find jobs,Staff,2026-03-27,WMNF 88.5 FM Community Conscious Radio,https://www.wmnf.org/research-shows-government-benefits-help-low‑income-people-find-jobs-news/,0.0,0abc9bfcd7acd1242c01.txt,688f1a7cbab92be2374fe5c72dc2d928bf6598c9b12510d219a1f5ad04340302
0ae0445c50ef0df83ede,https://smhp.psych.ucla.edu/pdfdocs/harass.pdf,2026-10-04T03:31:36.375839+00:00,ucla.edu,True,downloaded,200.0,https://smhp.psych.ucla.edu/pdfdocs/harass.pdf,47046.0,success,23343,3286,pdf,application/pdf,,,,,,0.0,0ae0445c50ef0df83ede.txt,54a2e2904af7f2347cfdc97795762726723312cce893ed80cc7b9930b90a0ce2
0ae5d4039bd549482c70,https://federalreserve.gov/newsevents/speech/brainard20200921a.htm,2026-10-04T03:31:37.422260+00:00,federalreserve.gov,True,downloaded,200.0,https://www.federalreserve.gov/newsevents/speech/brainard20200921a.htm,115284.0,success,26767,4050,html,text/html,Speech by Governor Brainard on strengthening the CRA to meet the challenges of our time,,2020-09-21,Board of Governors of the Federal Reserve System,https://www.federalreserve.gov/newsevents/speech/brainard20200921a.htm,0.0,0ae5d4039bd549482c70.txt,2bc5a242ef237010dffcecf5b8688465715eb657ba25e8cc2493a0b1884589e0
0af4f0fcbcb5ee733041,https://wellsfargo.com/financial-education/credit-management/five-c,2026-10-04T03:31:38.755986+00:00,wellsfargo.com,True,downloaded,200.0,https://www.wellsfargo.com/financial-education/credit-management/five-c/?utm_medium=www-redirect&utm_source=financial-education--credit-management--five-c,28101.0,success,3816,623,html,text/html;charset=UTF-8,Find a Location,,1999-01-01,wellsfargo.com,https://www.wellsfargo.com/financial-education/credit-management/five-c/,0.0,0af4f0fcbcb5ee733041.txt,aba99d714e745b2b0018b87121fb0f71baa4df473bd48e98680f82b338337c4c
0b4ad2c8420ef8fc0c4e,https://youtube.com/watch?v=5K3uoHsaxmc,2026-10-04T03:31:39.832767+00:00,youtube.com,True,downloaded,200.0,https://www.youtube.com/watch?v=5K3uoHsaxmc,1200804.0,success,146,23,html,text/html; charset=utf-8,"Blacks receive longer prison sentences than Whites who commit the same crimes, research shows",,2025-11-19,YouTube,https://www.youtube.com/watch?v=5K3uoHsaxmc,0.0,0b4ad2c8420ef8fc0c4e.txt,8dbba17988e385133ba8f51d76cde1fc2c859262b666cb848e9cfe2478fd5e71
0b5cbdc06e51b1d59120,https://la.myneighborhooddata.org/2021/07/latino-representation-in-the-criminal-justice-system,2026-10-04T03:31:42.374749+00:00,myneighborhooddata.org,True,downloaded,200.0,https://la.myneighborhooddata.org/2021/07/latino-representation-in-the-criminal-justice-system/,172610.0,success,8832,1344,html,text/html; charset=UTF-8,Latino Representation in the Criminal Justice System,Aileen Qin,2026-01-01,la.myneighborhooddata.org,https://la.myneighborhooddata.org/2021/07/latino-representation-in-the-criminal-justice-system/,0.0,0b5cbdc06e51b1d59120.txt,c391688a4b7bcf9282f3b16886e6173935d9a10d168f568a0942feb4135ca901
0b88429e3799aee3456a,https://eeoc.gov/fact-sheet/facts-about-racecolor-discrimination,2026-10-04T03:31:44.431059+00:00,eeoc.gov,True,downloaded,200.0,https://www.eeoc.gov/fact-sheet/facts-about-racecolor-discrimination,74767.0,success,566,56,html,text/html; charset=utf-8,Facts About Race/Color Discrimination,,2000-01-01,U.S. Equal Employment Opportunity Commission,https://www.eeoc.gov/fact-sheet/facts-about-racecolor-discrimination,0.0,0b88429e3799aee3456a.txt,fe89d1b1a6a4aadca10dbce1e1754f60c55aac9aba8cef1ddb9c278197f9a345
0b8bf133f5476baf7e07,https://odphp.health.gov/healthypeople/priority-areas/social-determinants-health/literature-summaries/incarceration,2026-10-04T03:31:44.535400+00:00,health.gov,True,downloaded,200.0,https://odphp.health.gov/healthypeople/priority-areas/social-determinants-health/literature-summaries/incarceration,60233.0,success,16185,2342,html,text/html; charset=UTF-8,Incarceration,,2022-03-09,odphp.health.gov,https://odphp.health.gov/healthypeople/priority-areas/social-determinants-health/literature-summaries/incarceration,0.0,0b8bf133f5476baf7e07.txt,15a9961a59a5b37259d27057f7e5099b25665f73b2f95cac00d7eeba43f47aed
0bb4d8f545322db8f827,https://unidosus.org/press-releases/new-survey-shows-latinos-are-struggling-with-high-debt-burdens-low-savings-rates-and-a-lack-of-access-to-affordable-bank-products,2026-10-04T03:31:45.271325+00:00,unidosus.org,True,downloaded,200.0,https://unidosus.org/press-releases/new-survey-shows-latinos-are-struggling-with-high-debt-burdens-low-savings-rates-and-a-lack-of-access-to-affordable-bank-products/,130893.0,success,5161,820,html,text/html; charset=UTF-8,"New Survey Shows Latinos Are Struggling with High Debt Burdens, Low Savings Rates, and a Lack of Access to Affordable Bank Products",,2022-09-28,UnidosUS,https://unidosus.org/press-releases/new-survey-shows-latinos-are-struggling-with-high-debt-burdens-low-savings-rates-and-a-lack-of-access-to-affordable-bank-products/,0.0,0bb4d8f545322db8f827.txt,dcbf31d19fd7d07b32dc824f3723377d1d0889e50cd956a9d22c237ae62b0f48
0bc63fc4090645f28c9f,https://odphp.health.gov/healthypeople/priority-areas/social-determinants-health/literature-summaries/housing-instability,2026-10-04T03:31:46.222837+00:00,health.gov,True,downloaded,200.0,https://odphp.health.gov/healthypeople/priority-areas/social-determinants-health/literature-summaries/housing-instability,59609.0,success,14725,2118,html,text/html; charset=UTF-8,Housing Instability,,2011-03-01,odphp.health.gov,https://odphp.health.gov/healthypeople/priority-areas/social-determinants-health/literature-summaries/housing-instability,0.0,0bc63fc4090645f28c9f.txt,bd32967973c18dd4eea448a3c051b2e440ce335875ecb97c39cb2ce73f225585
0bdf997cb9fa5ae03b86,https://pmc.ncbi.nlm.nih.gov/articles/PMC11089913,2026-10-04T03:31:46.739706+00:00,nih.gov,True,downloaded,200.0,https://pmc.ncbi.nlm.nih.gov/articles/PMC11089913,21372.0,success,131,18,html,text/html; charset=utf-8,Checking your browser,,2026-09-11,google.com,https://www.google.com/recaptcha/challengepage,0.0,0bdf997cb9fa5ae03b86.txt,a29166d0eaaa418bd5af61a282f1183a46c84c4d5e4c90689b1b452d230d05cc
0c0ae1677a894f6a65ea,https://pmc.ncbi.nlm.nih.gov/articles/PMC12295307,2026-10-04T03:31:46.947068+00:00,nih.gov,True,downloaded,200.0,https://pmc.ncbi.nlm.nih.gov/articles/PMC12295307,21371.0,success,131,18,html,text/html; charset=utf-8,Checking your browser,,2026-09-11,google.com,https://www.google.com/recaptcha/challengepage,0.0,0c0ae1677a894f6a65ea.txt,a29166d0eaaa418bd5af61a282f1183a46c84c4d5e4c90689b1b452d230d05cc
0c55a513766c080a8ac5,https://osmosis.org/blog/preventive-health-screenings-for-lgbtq-patients-what-you-need-to-know,2026-10-04T03:31:47.109671+00:00,osmosis.org,False,http_error,403.0,https://osmosis.org/blog/preventive-health-screenings-for-lgbtq-patients-what-you-need-to-know,5837.0,not_extracted,0,0,,text/html; charset=UTF-8,,,,,,0.0,,
0cddeb593865510a8c02,https://cepr.net/publications/the-continuing-power-of-white-preferences-in-employment,2026-10-04T03:31:48.386512+00:00,cepr.net,False,http_error,403.0,https://cepr.net/publications/the-continuing-power-of-white-preferences-in-employment,5773.0,not_extracted,0,0,,text/html; charset=UTF-8,,,,,,0.0,,
0d0be27037e5237e4fc6,https://loans-4-u.com/the-impact-of-gender-and-race-on-mortgage-approval-rates,2026-10-04T03:31:48.988271+00:00,loans-4-u.com,True,downloaded,200.0,https://loans-4-u.com/the-impact-of-gender-and-race-on-mortgage-approval-rates/,158244.0,success,3731,539,html,text/html; charset=UTF-8,The Impact of Gender and Race on Mortgage Approval Rates - Racheli Refael,Angel Leon; Racheli Refael,2025-07-01,Racheli Mortgage Team,https://loans-4-u.com/the-impact-of-gender-and-race-on-mortgage-approval-rates/,0.0,0d0be27037e5237e4fc6.txt,532ea61e7b215a2732ce25c2258fd32811eddd99c884beee890099722e9d1154
0d52312915a2b828074f,https://researchgate.net/publication/361396815_Bullying_and_Harassment_Prevention_in_the_Lives_of_Latina_and_Latino_Students,2026-10-04T03:31:49.770116+00:00,researchgate.net,False,http_error,403.0,https://www.researchgate.net/publication/361396815_Bullying_and_Harassment_Prevention_in_the_Lives_of_Latina_and_Latino_Students,21138.0,not_extracted,0,0,,text/html; charset=UTF-8,,,,,,0.0,,
0d6f2ca9f69550a82a37,https://cnbc.com/2022/06/21/transgender-people-still-face-a-significant-wage-gap-in-the-us.html,2026-10-04T03:31:49.852609+00:00,cnbc.com,True,downloaded,200.0,https://www.cnbc.com/2022/06/21/transgender-people-still-face-a-significant-wage-gap-in-the-us.html,672073.0,success,6737,1036,html,text/html; charset=utf-8,Transgender people still face a sizeable wage and employment gap in the U.S.—how companies can help,Morgan Smith,2022-06-21,CNBC,https://www.cnbc.com/2022/06/21/transgender-people-still-face-a-significant-wage-gap-in-the-us.html,0.0,0d6f2ca9f69550a82a37.txt,b00d8a2b395d13af716301d367cd4486a3106e4caf7d1c03e27ffd90edcc174e
0d70bcbcd337063a9a35,https://vera.org/publications/overlooked-women-and-jails-report,2026-10-04T03:31:50.007272+00:00,vera.org,True,downloaded,200.0,https://www.vera.org/publications/overlooked-women-and-jails-report,76393.0,success,1953,305,html,text/html; charset=UTF-8,Overlooked: Women and Jails in an Era of Reform,,2016-08-15,Vera Institute of Justice,https://www.vera.org/publications/overlooked-women-and-jails-report,0.0,0d70bcbcd337063a9a35.txt,2f0dc7477ff1f3c196d55c9ac941f39e240674a8ababffffa6920a0afc273e04
0dae4b3b5ea1d1dd4717,https://rsfjournal.org/content/11/3/22,2026-10-04T03:31:50.503783+00:00,rsfjournal.org,False,curl_error,0.0,https://rsfjournal.org/content/11/3/22,,not_extracted,0,0,,,,,,,,6.0,,
0dae55ec233e53df2535,https://forumtogether.org/article/fact-sheet-immigrants-and-public-benefits,2026-10-04T03:31:51.641994+00:00,forumtogether.org,True,downloaded,200.0,https://forumtogether.org/article/fact-sheet-immigrants-and-public-benefits/,87374.0,success,5657,844,html,text/html; charset=UTF-8,Fact Sheet: Immigrants and Public Benefits - National Immigration Forum,,2026-03-31,National Immigration Forum,https://forumtogether.org/article/fact-sheet-immigrants-and-public-benefits/,0.0,0dae55ec233e53df2535.txt,48da7743073d2c10a3e2b109790c3c40b42c023c7d0159f2ea406aae6150745b
0dc9517f66061f2f53ca,https://youtube.com/watch?t=1419&v=EYnXTuHdOEk,2026-10-04T03:31:52.832571+00:00,youtube.com,True,downloaded,200.0,https://www.youtube.com/watch?t=1419&v=EYnXTuHdOEk,1362354.0,success,146,23,html,text/html; charset=utf-8,Academic Training Webinar: Policing and People with Developmental Disabilities,,2022-05-08,YouTube,https://www.youtube.com/watch?v=EYnXTuHdOEk,0.0,0dc9517f66061f2f53ca.txt,8dbba17988e385133ba8f51d76cde1fc2c859262b666cb848e9cfe2478fd5e71
0e092b38b987575bf4f3,https://endhomelessness.org/blog/how-the-equal-access-rule-can-protect-trans-people-and-sex-workers,2026-10-04T03:31:52.991104+00:00,endhomelessness.org,True,downloaded,200.0,https://endhomelessness.org/blog/how-the-equal-access-rule-can-protect-trans-people-and-sex-workers,347027.0,success,7082,1030,html,text/html; charset=UTF-8,How the Equal Access Rule Can Protect Trans People and Sex Workers,Maddie Harris,2025-04-22,National Alliance to End Homelessness,https://endhomelessness.org/blog/how-the-equal-access-rule-can-protect-trans-people-and-sex-workers/,0.0,0e092b38b987575bf4f3.txt,b86863aff189ae6975001ec99331817eab5ea538ea42479a83240a2b37e8ba90
0e14209ce63cc9cfc1be,https://feminist.org/news/millions-lose-snap-benefits-as-new-federal-law-tightens-access-to-food-assistance,2026-10-04T03:31:54.936481+00:00,feminist.org,True,downloaded,200.0,https://feminist.org/news/millions-lose-snap-benefits-as-new-federal-law-tightens-access-to-food-assistance/,118514.0,success,2736,401,html,text/html; charset=UTF-8,Millions Lose SNAP Benefits as New Federal Law Tightens Access to Food Assistance - Feminist Majority Foundation,Madelyn Amos,2026-07-23,Feminist Majority Foundation,https://feminist.org/news/millions-lose-snap-benefits-as-new-federal-law-tightens-access-to-food-assistance/,0.0,0e14209ce63cc9cfc1be.txt,0ceb939548076f2eedb16a21b66ed39f23757376f93ded32de4e0451470d7aca
0e203e0e7777ecd53672,https://pmc.ncbi.nlm.nih.gov/articles/PMC6603461,2026-10-04T03:31:56.614774+00:00,nih.gov,True,downloaded,200.0,https://pmc.ncbi.nlm.nih.gov/articles/PMC6603461/,106096.0,success,10188,1463,html,text/html; charset=utf-8,Drilling Deeper on the Impact of the Affordable Care Act on Disability-Related Health Care Access Disparities,Gloria L Krahn,2019-04-03,American Journal of Public Health,https://pmc.ncbi.nlm.nih.gov/articles/PMC6603461/,0.0,0e203e0e7777ecd53672.txt,d1a70f598225b1897be0e3824a93d1f3e278232300ac1bc1f6a64db60c76ce72
0e51aecba22fdc4e1bd4,https://youtube.com/watch?t=698s&v=AST6-FCnRnc,2026-10-04T03:31:56.647707+00:00,youtube.com,True,downloaded,200.0,https://www.youtube.com/watch?t=698s&v=AST6-FCnRnc,1311122.0,success,146,23,html,text/html; charset=utf-8,Why Black Students Need Education Coaches | The Agenda,,2023-02-21,YouTube,https://www.youtube.com/watch?v=AST6-FCnRnc,0.0,0e51aecba22fdc4e1bd4.txt,8dbba17988e385133ba8f51d76cde1fc2c859262b666cb848e9cfe2478fd5e71
0f17405e5758e87df3eb,https://pmc.ncbi.nlm.nih.gov/articles/PMC12193340,2026-10-04T03:31:58.162271+00:00,nih.gov,True,downloaded,200.0,https://pmc.ncbi.nlm.nih.gov/articles/PMC12193340,21371.0,success,131,18,html,text/html; charset=utf-8,Checking your browser,,2026-09-11,google.com,https://www.google.com/recaptcha/challengepage,0.0,0f17405e5758e87df3eb.txt,a29166d0eaaa418bd5af61a282f1183a46c84c4d5e4c90689b1b452d230d05cc
0f236ecbb6636f2dfe88,https://newswise.com/articles/people-in-need-of-disability-benefits-are-facing-new-barriers-and-government-cuts-and-overhauls-are-to-blame,2026-10-04T03:31:58.412620+00:00,newswise.com,True,downloaded,200.0,https://www.newswise.com/articles/people-in-need-of-disability-benefits-are-facing-new-barriers-and-government-cuts-and-overhauls-are-to-blame,110734.0,success,5061,769,html,text/html; charset=utf-8,People in Need of Disability Benefits Are Facing New Barriers – and Government Cuts and Overhauls Are to Blame | Newswise,Binghamton University; State University,2026-03-09,Newswise,https://www.newswise.com/articles/people-in-need-of-disability-benefits-are-facing-new-barriers-and-government-cuts-and-overhauls-are-to-blame,0.0,0f236ecbb6636f2dfe88.txt,af761e450d16dddae81daff25ceb2222186855705786728240a0517bc2ca33b2
0fa1472e4226e287fc66,https://cis.org/Report/Welfare-Use-Immigrants-and-USBorn-2022,2026-10-04T03:31:59.318017+00:00,cis.org,False,http_error,403.0,https://cis.org/Report/Welfare-Use-Immigrants-and-USBorn-2022,5703.0,not_extracted,0,0,,text/html; charset=UTF-8,,,,,,0.0,,
0ffcaa1fcf43455ac986,https://pmc.ncbi.nlm.nih.gov/articles/PMC12488902,2026-10-04T03:31:59.634584+00:00,nih.gov,True,downloaded,200.0,https://pmc.ncbi.nlm.nih.gov/articles/PMC12488902/,199991.0,success,58226,8069,html,text/html; charset=utf-8,Breaking barriers: ten essential steps to achieve gender equality in academia through scientific societies,Ana Genua-Olmedo; Sílvia Poblador; Judit Lecina-Diaz; María Mar Sánchez-Montoya; Pablo Rodríguez-Lozano; Mireia Bartrons; Elena Hernández-del Amo; María Anton-Pardo; Núria Catalán; Ada Pastor; Miguel Cañedo-Argüelles; Anna Freixa; Susana Bernal,2025-10-01,Npj Biodiversity,https://pmc.ncbi.nlm.nih.gov/articles/PMC12488902/,0.0,0ffcaa1fcf43455ac986.txt,346645ed8a4dcb8004f5258df337bc774592fc02e8eb098a97a6e161c6baba7a
102e55f31e6a78b3f125,https://openurl.ebsco.com/EPDB%3Agcd%3A11%3A28339387/detailv2?crl=f&id=ebsco%3Agcd%3A119538269&link_origin=www.google.com&sid=ebsco%3Aplink%3Ascholar,2026-10-04T03:32:00.239398+00:00,ebsco.com,False,robots_disallowed,,https://openurl.ebsco.com/EPDB%3Agcd%3A11%3A28339387/detailv2?crl=f&id=ebsco%3Agcd%3A119538269&link_origin=www.google.com&sid=ebsco%3Aplink%3Ascholar,,not_extracted,0,0,,,,,,,,,,
1067a4d23be8e77593fa,https://pmc.ncbi.nlm.nih.gov/articles/PMC12622254,2026-10-04T03:32:00.259799+00:00,nih.gov,True,downloaded,200.0,https://pmc.ncbi.nlm.nih.gov/articles/PMC12622254,21372.0,success,131,18,html,text/html; charset=utf-8,Checking your browser,,2026-09-11,google.com,https://www.google.com/recaptcha/challengepage,0.0,1067a4d23be8e77593fa.txt,a29166d0eaaa418bd5af61a282f1183a46c84c4d5e4c90689b1b452d230d05cc
106b0fe63a30b516b0bb,https://bestcolleges.com/resources/credit-literacy-black-hispanic-students,2026-10-04T03:32:00.562770+00:00,bestcolleges.com,True,downloaded,200.0,https://www.bestcolleges.com/resources/credit-literacy-black-hispanic-students/,411367.0,success,11360,1769,html,text/html; charset=utf-8,Why Credit Literacy Is Important for Black and Hispanic Students | BestColleges,Ciera Graham; Ph D,2022-02-10,bestcolleges.com,https://www.bestcolleges.com/resources/credit-literacy-black-hispanic-students/,0.0,106b0fe63a30b516b0bb.txt,60daeda064b6c0e629741ba72748703600b9cd8799d4b3fe1d72df68c69025a0
1092b86fcd899a7e3adc,https://scarincihollenbeck.com/law-firm-insights/workplace-sexual-harassment-claims,2026-10-04T03:32:01.215883+00:00,scarincihollenbeck.com,False,robots_disallowed,,https://scarincihollenbeck.com/law-firm-insights/workplace-sexual-harassment-claims,,not_extracted,0,0,,,,,,,,,,
10a626d0d09e85c52599,https://pewresearch.org/short-reads/2022/10/07/hispanic-enrollment-reaches-new-high-at-four-year-colleges-in-the-u-s-but-affordability-remains-an-obstacle,2026-10-04T03:32:01.395026+00:00,pewresearch.org,True,downloaded,200.0,https://www.pewresearch.org/short-reads/2022/10/07/hispanic-enrollment-reaches-new-high-at-four-year-colleges-in-the-u-s-but-affordability-remains-an-obstacle/,366674.0,success,6412,1057,html,text/html; charset=UTF-8,"Hispanic enrollment reaches new high at four-year colleges in the U.S., but affordability remains an obstacle",Lauren Mora,2022-10-07,Pew Research Center,https://www.pewresearch.org/short-reads/2022/10/07/hispanic-enrollment-reaches-new-high-at-four-year-colleges-in-the-u-s-but-affordability-remains-an-obstacle/,0.0,10a626d0d09e85c52599.txt,912951f103f580d8fbe1ddd42d9ea441e59e74d45ae1890a539044e63f530db9
10cee10e3b890b7de5c3,https://nami.org/advocacy-at-nami/policy-positions/supporting-community-inclusion-and-non-discrimination/social-determinants-of-health-housing,2026-10-04T03:32:03.486097+00:00,nami.org,False,http_error,403.0,https://nami.org/advocacy-at-nami/policy-positions/supporting-community-inclusion-and-non-discrimination/social-determinants-of-health-housing,6072.0,not_extracted,0,0,,text/html; charset=UTF-8,,,,,,0.0,,
10fe52480c8b8907b96a,https://pmc.ncbi.nlm.nih.gov/articles/PMC12051801,2026-10-04T03:32:03.533533+00:00,nih.gov,True,downloaded,200.0,https://pmc.ncbi.nlm.nih.gov/articles/PMC12051801,21372.0,success,131,18,html,text/html; charset=utf-8,Checking your browser,,2026-09-11,google.com,https://www.google.com/recaptcha/challengepage,0.0,10fe52480c8b8907b96a.txt,a29166d0eaaa418bd5af61a282f1183a46c84c4d5e4c90689b1b452d230d05cc
11450d2c66cedd40e33e,https://nacacnet.org/resources/barriers-to-successfully-financing-a-college-education/student-access-to-college-counseling,2026-10-04T03:32:03.774518+00:00,nacacnet.org,True,downloaded,200.0,https://www.nacacnet.org/resources/barriers-to-successfully-financing-a-college-education/student-access-to-college-counseling/,250653.0,success,6468,925,html,text/html; charset=UTF-8,Student Access to College Counseling - National Association for College Admission Counseling (NACAC),Michelle Lucas,2022-10-07,National Association for College Admission Counseling (NACAC),https://www.nacacnet.org/resources/barriers-to-successfully-financing-a-college-education/student-access-to-college-counseling/,0.0,11450d2c66cedd40e33e.txt,f73a7680f8ed3dc58fe5539b79587d79af0bb4dd62000092d144358ec158eb56
1168c6a531a39de19ccf,https://ihep.org/press/new-report-higher-education-opportunities-for-students-with-disabilities-a-primer-for-policymakers,2026-10-04T03:32:03.905894+00:00,ihep.org,True,downloaded,200.0,https://www.ihep.org/press/new-report-higher-education-opportunities-for-students-with-disabilities-a-primer-for-policymakers/,61607.0,success,5247,754,html,text/html; charset=UTF-8,"New Report: ""Higher Education Opportunities for Students With Disabilities: A Primer for Policymakers""",,2023-01-30,IHEP,http://www.ihep.org/press/new-report-higher-education-opportunities-for-students-with-disabilities-a-primer-for-policymakers/,0.0,1168c6a531a39de19ccf.txt,77382504f80af765bdcfb710fa9edeb032ae468b82e19bb9a770cf2c8c5bf0fc
118003e321aa210c8edb,https://urban.org/urban-wire/what-will-it-take-help-latina-moms-hold-homeownership-gains,2026-10-04T03:32:03.931955+00:00,urban.org,False,http_error,403.0,https://www.urban.org/urban-wire/what-will-it-take-help-latina-moms-hold-homeownership-gains,5891.0,not_extracted,0,0,,text/html; charset=UTF-8,,,,,,0.0,,
1242d8d7be328cbd3b29,https://home.treasury.gov/news/featured-stories/racial-differences-in-economic-security-housing,2026-10-04T03:32:04.572776+00:00,treasury.gov,True,downloaded,200.0,https://home.treasury.gov/news/featured-stories/racial-differences-in-economic-security-housing,92587.0,success,17707,2541,html,text/html; charset=utf-8,Racial Differences in Economic Security: Housing,,2022-11-04,U.S. Department of the Treasury,https://home.treasury.gov/news/featured-stories/racial-differences-in-economic-security-housing,0.0,1242d8d7be328cbd3b29.txt,f9cd59d2742788287cb745cf4693f16080cc6bea29c6320567e31449840566d3
12a20a88371ad7614f10,https://williamsinstitute.law.ucla.edu/wp-content/uploads/Impact-SS-Partners-Retire-Plan-Oct-2009.pdf,2026-10-04T03:32:06.877798+00:00,ucla.edu,True,downloaded,200.0,https://williamsinstitute.law.ucla.edu/wp-content/uploads/Impact-SS-Partners-Retire-Plan-Oct-2009.pdf,497425.0,success,81118,11824,pdf,application/pdf,,,,,,0.0,12a20a88371ad7614f10.txt,befd274e4a3734e0d441e8021b295072c8721cf3ad531ffe8769aa22fc65107b
12f4b00f004c1ca82368,https://gethelp.shegerianlaw.com/blog/5-examples-of-disability-discrimination-in-the-workplace,2026-10-04T03:32:07.919917+00:00,shegerianlaw.com,False,http_error,403.0,https://gethelp.shegerianlaw.com/blog/5-examples-of-disability-discrimination-in-the-workplace,52.0,not_extracted,0,0,,text/html,,,,,,0.0,,
13102169fdbf1093ca52,https://ncsl.org/civil-and-criminal-justice/racial-and-ethnic-disparities-in-the-criminal-justice-system,2026-10-04T03:32:08.663680+00:00,ncsl.org,False,http_error,403.0,https://ncsl.org/civil-and-criminal-justice/racial-and-ethnic-disparities-in-the-criminal-justice-system,5915.0,not_extracted,0,0,,text/html; charset=UTF-8,,,,,,0.0,,
13123e88c82b0967ac2e,https://digitalcommons.library.uab.edu/cgi/viewcontent.cgi?article=1613&context=etd-collection,2026-10-04T03:32:10.550272+00:00,uab.edu,False,http_error,403.0,https://digitalcommons.library.uab.edu/cgi/viewcontent.cgi?article=1613&context=etd-collection,5851.0,not_extracted,0,0,,text/html; charset=UTF-8,,,,,,0.0,,
13124df66a011cdd5b0e,https://investopedia.com/terms/f/five-c-credit.asp,2026-10-04T03:32:11.894168+00:00,investopedia.com,False,http_error,402.0,https://www.investopedia.com/terms/f/five-c-credit.asp,612.0,not_extracted,0,0,,text/html,,,,,,0.0,,
1326f57925dc05788d0d,https://pmc.ncbi.nlm.nih.gov/articles/PMC12962465,2026-10-04T03:32:12.354570+00:00,nih.gov,True,downloaded,200.0,https://pmc.ncbi.nlm.nih.gov/articles/PMC12962465,21371.0,success,131,18,html,text/html; charset=utf-8,Checking your browser,,2026-09-11,google.com,https://www.google.com/recaptcha/challengepage,0.0,1326f57925dc05788d0d.txt,a29166d0eaaa418bd5af61a282f1183a46c84c4d5e4c90689b1b452d230d05cc
1329ff148461994b165b,https://uscis.gov/policy-manual/volume-8-part-g-chapter-7,2026-10-04T03:32:12.485575+00:00,uscis.gov,False,http_error,403.0,https://uscis.gov/policy-manual/volume-8-part-g-chapter-7,426.0,not_extracted,0,0,,text/html,,,,,,0.0,,
13845643f23f18aad6f3,https://pn3policy.org/race-and-racial-perceptions-shape-burden-tolerance-for-medicaid-and-the-supplemental-nutrition-assistance-program,2026-10-04T03:32:13.375141+00:00,pn3policy.org,True,downloaded,200.0,https://pn3policy.org/race-and-racial-perceptions-shape-burden-tolerance-for-medicaid-and-the-supplemental-nutrition-assistance-program,333605.0,success,684,104,html,text/html; charset=UTF-8,Race And Racial Perceptions Shape Burden Tolerance For Medicaid And The Supplemental Nutrition Assistance Program - Prenatal-to-3 Policy Impact Center,PN,2023-10-01,Prenatal-to-3 Policy Impact Center,https://pn3policy.org/race-and-racial-perceptions-shape-burden-tolerance-for-medicaid-and-the-supplemental-nutrition-assistance-program/,0.0,13845643f23f18aad6f3.txt,ee370a097ae73fb0328f168d0b93a09673850d7ce6433f12140decd301ec0055
13c8dd3dfb30bd964e02,https://theatlantavoice.com/education/black-students-bullied-more-than-other-races-according-to-u-s-department-of-education-report-fd0bbab4,2026-10-04T03:32:13.615928+00:00,theatlantavoice.com,False,http_error,403.0,https://www.theatlantavoice.com/education/black-students-bullied-more-than-other-races-according-to-u-s-department-of-education-report-fd0bbab4,919.0,not_extracted,0,0,,text/html,,,,,,0.0,,
13d6cf4b07f62ebe6b53,https://pewresearch.org/short-reads/2021/11/08/whats-behind-the-growing-gap-between-men-and-women-in-college-completion,2026-10-04T03:32:14.234957+00:00,pewresearch.org,True,downloaded,200.0,https://www.pewresearch.org/short-reads/2021/11/08/whats-behind-the-growing-gap-between-men-and-women-in-college-completion/,364185.0,success,7289,1220,html,text/html; charset=UTF-8,What’s behind the growing gap between men and women in college completion?,Kim Parker,2021-11-08,Pew Research Center,https://www.pewresearch.org/short-reads/2021/11/08/whats-behind-the-growing-gap-between-men-and-women-in-college-completion/,0.0,13d6cf4b07f62ebe6b53.txt,2c3e7f8506ef15b97be9d20d60ea3eda8069468e87b1ad3091a30ee21984c424
13f8ab0775dda71d94ee,https://thehrcfoundation.org/professional-resources/discrimination-against-transgender-workers,2026-10-04T03:32:14.902300+00:00,thehrcfoundation.org,True,downloaded,200.0,https://www.hrc.org:443/,103195.0,success,531,46,html,text/html; charset=UTF-8,The Human Rights Campaign | 4 Million Members Strong,,2020-06-02,HRC,https://www.hrc.org/,0.0,13f8ab0775dda71d94ee.txt,a38addee2332a072712ca4e1c92d94521598aedcb06d08eaa910a057febc3093
140a5a1860d9434be5b7,https://shapetalent.com/the-three-barriers-to-lgbtq-career-progression,2026-10-04T03:32:15.577780+00:00,shapetalent.com,True,downloaded,200.0,https://shapetalent.com/the-three-barriers-to-lgbtq-career-progression/,102980.0,success,11178,1669,html,text/html; charset=UTF-8,The Three Barriers to LGBTQ+ career progression - Shape Talent,Sharon Peake,2023-06-01,Shape Talent,https://shapetalent.com/the-three-barriers-to-lgbtq-career-progression/,0.0,140a5a1860d9434be5b7.txt,2dd63fa84571df2191722ec78342a2f55ec6004dd2cc1b9e790f292a32a4efbb
145808ef415e04529608,https://sciencedirect.com/science/article/pii/S2590291126002494,2026-10-04T03:32:18.132787+00:00,sciencedirect.com,False,http_error,403.0,https://www.sciencedirect.com/science/article/pii/S2590291126002494,1207871.0,not_extracted,0,0,,text/html; charset=UTF-8,,,,,,0.0,,
1460345eb59d8d0ee6fb,https://unwomen.org/en/what-we-do/economic-empowerment/facts-and-figures,2026-10-04T03:32:18.562729+00:00,unwomen.org,True,downloaded,200.0,https://www.unwomen.org/en/what-we-do/economic-empowerment/facts-and-figures,781352.0,success,25580,3386,html,text/html; charset=UTF-8,Facts and Figures: Economic Empowerment,,2018-05-31,UN Women – Headquarters,https://www.unwomen.org/en/what-we-do/economic-empowerment/facts-and-figures,0.0,1460345eb59d8d0ee6fb.txt,6775364a32675c0b33456508a5eb713743e39d89b6796c9fbf541d07cadb7927
1498feb07652571de5fc,https://nationalhomeless.org/homelessness-in-the-us,2026-10-04T03:32:18.681768+00:00,nationalhomeless.org,True,downloaded,200.0,https://nationalhomeless.org/homelessness-in-the-us/,117831.0,success,3393,528,html,text/html; charset=UTF-8,Homelessness in the US - National Coalition for the Homeless,,2022-12-26,National Coalition for the Homeless - Building a movement to End Homelessness,https://nationalhomeless.org/homelessness-in-the-us/,0.0,1498feb07652571de5fc.txt,a0e2d75c3e1a0fd362c2b3905022af2c249c9e6acf68c31bfecdc8cca6b2c097
14f95c75dfed774b533c,https://link.springer.com/article/10.1007/s00148-024-01031-w,2026-10-04T03:32:21.380690+00:00,springer.com,False,robots_disallowed,,https://link.springer.com/article/10.1007/s00148-024-01031-w,,not_extracted,0,0,,,,,,,,,,
152be612e99c07929e10,https://mhanational.org/resources/bullying-lgbt-youth,2026-10-04T03:32:21.510830+00:00,mhanational.org,True,downloaded,200.0,https://mhanational.org/resources/bullying-lgbt-youth/,138729.0,success,4925,750,html,text/html; charset=UTF-8,Bullying: LGBT youth | Mental Health America,,2026-05-15,Mental Health America,https://mhanational.org/resources/bullying-lgbt-youth/,0.0,152be612e99c07929e10.txt,1c4c88cd19795e58a0ae7593dca87f103b31939a9cac9d6cadea14566c81388a
154272747796726b15c8,https://ukessays.com/essays/criminology/identifying-and-describing-the-factors-of-discretion-criminology-essay.php,2026-10-04T03:32:22.000972+00:00,ukessays.com,True,downloaded,200.0,https://www.ukessays.com/essays/criminology/identifying-and-describing-the-factors-of-discretion-criminology-essay.php,170026.0,success,11607,1879,html,text/html; charset=UTF-8,Factors that Influence Police Discretion | UKEssays.com,UK Essays,2024-11-01,UKEssays.com,https://www.ukessays.com/essays/criminology/identifying-and-describing-the-factors-of-discretion-criminology-essay.php,0.0,154272747796726b15c8.txt,6ab4df5a174ffe24460750781ca21169c3056faf809c47d8ea74ef5a981ceeab
157418f58b510c892e3c,https://youtube.com/watch?t=23s&v=cNF5csMWnsA,2026-10-04T03:32:23.100495+00:00,youtube.com,True,downloaded,200.0,https://www.youtube.com/watch?t=23s&v=cNF5csMWnsA,1261618.0,success,146,23,html,text/html; charset=utf-8,Why is it so hard for trans people to get healthcare? | Enea Venegoni | TEDxDonauinselSalon,,2023-10-10,YouTube,https://www.youtube.com/watch?v=cNF5csMWnsA,0.0,157418f58b510c892e3c.txt,8dbba17988e385133ba8f51d76cde1fc2c859262b666cb848e9cfe2478fd5e71
1583345617804066ec3f,https://hrlibrary.umn.edu/svaw/harassment/explore/3causes.htm,2026-10-04T03:32:23.396367+00:00,umn.edu,True,downloaded,200.0,https://hrlibrary.umn.edu/svaw/harassment/explore/3causes.htm,18376.0,success,6366,1011,html,text/html,Sexual Harassment,,2023-02-01,hrlibrary.umn.edu,https://hrlibrary.umn.edu/svaw/harassment/explore/3causes.htm,0.0,1583345617804066ec3f.txt,39c332ce289a675c04fd9444d5db4fa131ee9a7919228eb25258dcbe1f9c64b1
160dbc535498d926a571,https://higheredtoday.org/2017/04/10/lgbtq-students-higher-education,2026-10-04T03:32:24.250806+00:00,higheredtoday.org,True,downloaded,200.0,https://www.higheredtoday.org/2017/04/10/lgbtq-students-higher-education/,78207.0,success,12738,1789,html,text/html; charset=UTF-8,LGBTQ Students on Campus: Issues and Opportunities for Higher Education Leaders,Laurie Arnston,2017-04-10,Higher Education Today,https://www.higheredtoday.org/2017/04/10/lgbtq-students-higher-education/,0.0,160dbc535498d926a571.txt,2d7ff04151debaa0411f3058ae4fa9023b03a41985fc1277ca37316cd66d9af6
16211cac20555924afe2,https://census.gov/library/stories/2022/05/who-is-receiving-social-safety-net-benefits.html,2026-10-04T03:32:24.826474+00:00,census.gov,True,downloaded,200.0,https://www.census.gov/library/stories/2022/05/who-is-receiving-social-safety-net-benefits.html,364018.0,success,7065,949,html,text/html; charset=UTF-8,New Interactive Data Tool Shows Characteristics of Those Who Receive Assistance From Government Programs,US Census Bureau; U S Census Bureau,2022-05-24,Census.gov,https://www.census.gov/library/stories/2022/05/who-is-receiving-social-safety-net-benefits.html,0.0,16211cac20555924afe2.txt,ec918e6799127663014250511ed18a8079f1c4265bd404fe0c2066d4f654cc33
1634f35e739b61af2842,https://careervillage.org/questions/704467/what-are-the-key-factors-that-employers-look-for-when-hiring-people,2026-10-04T03:32:25.838344+00:00,careervillage.org,False,http_error,403.0,https://careervillage.org/questions/704467/what-are-the-key-factors-that-employers-look-for-when-hiring-people,5894.0,not_extracted,0,0,,text/html; charset=UTF-8,,,,,,0.0,,
163d1081bfe29fc99fb6,http://openscholarship.wustl.edu/cgi/viewcontent.cgi?article=1978&context=csd_research,2026-10-04T03:32:26.882865+00:00,wustl.edu,False,http_error,403.0,https://openscholarship.wustl.edu/cgi/viewcontent.cgi?article=1978&context=csd_research,5840.0,not_extracted,0,0,,text/html; charset=UTF-8,,,,,,0.0,,
167f3a975696cae08691,https://crosslawfirm.com/blog/2025/06/how-does-discrimination-affect-workers-with-disabilities-2,2026-10-04T03:32:29.310723+00:00,crosslawfirm.com,False,http_error,403.0,https://crosslawfirm.com/blog/2025/06/how-does-discrimination-affect-workers-with-disabilities-2,17.0,not_extracted,0,0,,text/plain; charset=UTF-8,,,,,,0.0,,
169f12c9d5db181767b3,https://pmc.ncbi.nlm.nih.gov/articles/PMC5758340,2026-10-04T03:32:30.571084+00:00,nih.gov,True,downloaded,200.0,https://pmc.ncbi.nlm.nih.gov/articles/PMC5758340,21368.0,success,131,18,html,text/html; charset=utf-8,Checking your browser,,2026-09-11,google.com,https://www.google.com/recaptcha/challengepage,0.0,169f12c9d5db181767b3.txt,a29166d0eaaa418bd5af61a282f1183a46c84c4d5e4c90689b1b452d230d05cc
16a8459868b3debbe4f2,https://dpeaflcio.org/factsheets/racial-representation-in-professional-occupations-by-the-numbers,2026-10-04T03:32:30.807582+00:00,dpeaflcio.org,True,downloaded,200.0,https://www.dpeaflcio.org/factsheets/racial-representation-in-professional-occupations-by-the-numbers,281993.0,success,19336,2798,html,text/html;charset=utf-8,"Racial Representation in Professional Occupations: By the Numbers — Department for Professional Employees, AFL-CIO",Department; AFL-CIO,2021-06-08,"Department for Professional Employees, AFL-CIO",https://www.dpeaflcio.org/factsheets/racial-representation-in-professional-occupations-by-the-numbers,0.0,16a8459868b3debbe4f2.txt,09511f6c2d802ffed69a8a952d27364412ebd41ed313377811542e171688e833
1760483afe70176c1873,https://healthaffairs.org/content/briefs/administrative-burdens-can-harm-health-1773889203949,2026-10-04T03:32:32.461464+00:00,healthaffairs.org,False,http_error,403.0,https://healthaffairs.org/content/briefs/administrative-burdens-can-harm-health-1773889203949,5894.0,not_extracted,0,0,,text/html; charset=UTF-8,,,,,,0.0,,
17c34ca721abd856ceee,https://pmc.ncbi.nlm.nih.gov/articles/PMC11762843,2026-10-04T03:32:32.660642+00:00,nih.gov,True,downloaded,200.0,https://pmc.ncbi.nlm.nih.gov/articles/PMC11762843,21372.0,success,131,18,html,text/html; charset=utf-8,Checking your browser,,2026-09-11,google.com,https://www.google.com/recaptcha/challengepage,0.0,17c34ca721abd856ceee.txt,a29166d0eaaa418bd5af61a282f1183a46c84c4d5e4c90689b1b452d230d05cc
17c76296235699517c10,https://pmc.ncbi.nlm.nih.gov/articles/PMC2844864,2026-10-04T03:32:32.768711+00:00,nih.gov,True,downloaded,200.0,https://pmc.ncbi.nlm.nih.gov/articles/PMC2844864,21368.0,success,131,18,html,text/html; charset=utf-8,Checking your browser,,2026-09-11,google.com,https://www.google.com/recaptcha/challengepage,0.0,17c76296235699517c10.txt,a29166d0eaaa418bd5af61a282f1183a46c84c4d5e4c90689b1b452d230d05cc
17cc8e725b989ea2cabd,https://vera.org/ending-mass-incarceration/causes-of-mass-incarceration,2026-10-04T03:32:32.933319+00:00,vera.org,True,downloaded,200.0,https://www.vera.org/ending-mass-incarceration/causes-of-mass-incarceration,74816.0,success,2483,385,html,text/html; charset=UTF-8,Causes of Mass Incarceration,,2022-03-22,Vera Institute of Justice,https://www.vera.org/ending-mass-incarceration/causes-of-mass-incarceration,0.0,17cc8e725b989ea2cabd.txt,04c4c53787612a0fd8cd750bb4cca1602e2c86e4c01821bad765e6a76590dc38
17fcd05f5e69d8ccd805,https://pmc.ncbi.nlm.nih.gov/articles/PMC13384522,2026-10-04T03:32:33.856697+00:00,nih.gov,True,downloaded,200.0,https://pmc.ncbi.nlm.nih.gov/articles/PMC13384522,21372.0,success,131,18,html,text/html; charset=utf-8,Checking your browser,,2026-09-11,google.com,https://www.google.com/recaptcha/challengepage,0.0,17fcd05f5e69d8ccd805.txt,a29166d0eaaa418bd5af61a282f1183a46c84c4d5e4c90689b1b452d230d05cc
180b73be227f45ef8bbf,https://vera.org/advancing-transgender-justice,2026-10-04T03:32:35.543274+00:00,vera.org,True,downloaded,200.0,https://www.vera.org/advancing-transgender-justice,118139.0,success,27365,3903,html,text/html; charset=UTF-8,Advancing Transgender Justice,,2024-02-20,Vera Institute of Justice,https://www.vera.org/advancing-transgender-justice,0.0,180b73be227f45ef8bbf.txt,020b73398f8596e26622d8d5f8756b338666b01fa5f0ae0e3904b36a4b5cc943
18269a108978bb8f017f,https://youtube.com/shorts/eDNFOyAXt7Q,2026-10-04T03:32:35.907352+00:00,youtube.com,True,downloaded,200.0,https://www.youtube.com/shorts/eDNFOyAXt7Q,1406863.0,success,146,23,html,text/html; charset=utf-8,How the housing crisis is increasing safety concerns for women | ABC NEWS,,2026-08-03,YouTube,https://www.youtube.com/shorts/eDNFOyAXt7Q,0.0,18269a108978bb8f017f.txt,8dbba17988e385133ba8f51d76cde1fc2c859262b666cb848e9cfe2478fd5e71
184b4e391a34d511b03a,https://pmc.ncbi.nlm.nih.gov/articles/PMC12234507,2026-10-04T03:32:36.413494+00:00,nih.gov,True,downloaded,200.0,https://pmc.ncbi.nlm.nih.gov/articles/PMC12234507/,21373.0,success,131,18,html,text/html; charset=utf-8,Checking your browser,,2026-09-11,google.com,https://www.google.com/recaptcha/challengepage,0.0,184b4e391a34d511b03a.txt,a29166d0eaaa418bd5af61a282f1183a46c84c4d5e4c90689b1b452d230d05cc
18cd0ba70472721e523e,https://onlinelibrary.wiley.com/doi/full/10.1111/1744-7941.12377,2026-10-04T03:32:37.122412+00:00,wiley.com,False,http_error,403.0,https://onlinelibrary.wiley.com/doi/full/10.1111/1744-7941.12377,5817.0,not_extracted,0,0,,text/html; charset=UTF-8,,,,,,0.0,,
18e24d0af5393925d591,https://sajhrm.co.za/index.php/sajhrm/article/view/2985/4971,2026-10-04T03:32:37.373674+00:00,sajhrm.co.za,True,downloaded,200.0,https://sajhrm.co.za/index.php/sajhrm/article/view/2985/4971,105563.0,success,47485,6405,html,text/html; charset=utf-8,Factors affecting the retention of male administrative employees,Karabo M Moepja; Sharol S Mkhomazi,2025-08-08,SA Journal of Human Resource Management,https://sajhrm.co.za/index.php/sajhrm/article/view/2985/4971,0.0,18e24d0af5393925d591.txt,2aa0076f407b5d0f40c548bf829c4d77f9d3d68f9a9d1e7aa11179b1b4fac070
19034c7a6ae5b1080827,https://aacn.org/blog/caring-for-lgbtq-patients-in-critical-and-progressive-care,2026-10-04T03:32:39.465093+00:00,aacn.org,True,downloaded,200.0,https://www.aacn.org/blog/caring-for-lgbtq-patients-in-critical-and-progressive-care,76810.0,success,9647,1397,html,text/html; charset=utf-8,Caring for LGBTQ+ Patients in Critical and Progressive Care,Luis E Caso Vega He; Him; Él; MBA; BSN; CEN; CPEN; NE-BC; TCRN,2025-01-13,AACN,https://www.aacn.org/blog/caring-for-lgbtq-patients-in-critical-and-progressive-care,0.0,19034c7a6ae5b1080827.txt,9561e9a7d2e0f668604f7c40a415bcc209adccc2f9d8d1dc7021085d9816e4d2
199ce25cee1b3a1eb1ad,https://youtube.com/watch?t=68s&v=_X1Yd5UFUvk,2026-10-04T03:32:39.493993+00:00,youtube.com,True,downloaded,200.0,https://www.youtube.com/watch?t=68s&v=_X1Yd5UFUvk,1217917.0,success,146,23,html,text/html; charset=utf-8,Report finds racial disparities in police use of force,,2016-07-09,YouTube,https://www.youtube.com/watch?v=_X1Yd5UFUvk,0.0,199ce25cee1b3a1eb1ad.txt,8dbba17988e385133ba8f51d76cde1fc2c859262b666cb848e9cfe2478fd5e71
19aa49b1826facf247a8,https://oapub.org/edu/index.php/ejes/article/download/6220/8844,2026-10-04T03:32:39.551222+00:00,oapub.org,True,downloaded,200.0,https://oapub.org/edu/index.php/ejes/article/download/6220/8844,485881.0,success,41878,5695,pdf,application/pdf,,,,,,0.0,19aa49b1826facf247a8.txt,b28ddf1110155bfc1728cc85291653eb24db07a07090def68aa711223b6b6c51
19b1ef342b1b2dcf6ebf,https://sgp.jhu.edu/research/credit-access-in-the-united-states,2026-10-04T03:32:39.767737+00:00,jhu.edu,False,http_error,403.0,https://sgp.jhu.edu/research/credit-access-in-the-united-states,5503.0,not_extracted,0,0,,text/html; charset=UTF-8,,,,,,0.0,,
19d0c6cccdac61ea50b6,https://omahawomensfund.org/the-impact-of-housing-justice-on-gender-equity,2026-10-04T03:32:39.970248+00:00,omahawomensfund.org,False,http_error,403.0,https://omahawomensfund.org/the-impact-of-housing-justice-on-gender-equity,5782.0,not_extracted,0,0,,text/html; charset=UTF-8,,,,,,0.0,,
19f282224aefaa139100,https://cbpp.org/research/facts-about-african-americans-in-the-food-stamp-program,2026-10-04T03:32:43.133885+00:00,cbpp.org,False,http_error,403.0,https://cbpp.org/research/facts-about-african-americans-in-the-food-stamp-program,6158.0,not_extracted,0,0,,text/html; charset=UTF-8,,,,,,0.0,,
19fc7aad91f00c411575,http://lundelllawfirm.com/post/common-sources-of-workplace-harassment,2026-10-04T03:32:43.413162+00:00,lundelllawfirm.com,True,downloaded,200.0,https://www.lundelllawfirm.com/post/common-sources-of-workplace-harassment,841625.0,success,4131,651,html,text/html; charset=UTF-8,COMMON SOURCES OF WORKPLACE HARASSMENT,LUNDELL LAW,2021-05-23,Lundell Law Firm,https://www.lundelllawfirm.com/post/common-sources-of-workplace-harassment,0.0,19fc7aad91f00c411575.txt,67e4cf1a9cbbe89590ed6cfa9cfca221e074b9f01cb069119410416a254ac779
19fdfb66682fd45b9bf3,https://outandequal.org/resource/3insights-financialservicessector,2026-10-04T03:32:43.463058+00:00,outandequal.org,True,downloaded,200.0,https://outandequal.org/resource/3insights-financialservicessector/,188987.0,success,15137,2291,html,text/html; charset=UTF-8,From Knowledge to Action: How the Financial Services Sector Can Better Serve the LGBTQ+ Community | Out & Equal,,2026-01-05,Out & Equal,https://outandequal.org/resource/3insights-financialservicessector/,0.0,19fdfb66682fd45b9bf3.txt,2463a2c5cdaecacb87e135a8f31e6192b3fb44df5415d0e5330ab6692942ce45
1a891f5bf0848c83b9b6,https://journals.sagepub.com/doi/10.1089/cyber.2012.0132?cf-mal-redirected=true,2026-10-04T03:32:44.077179+00:00,sagepub.com,False,http_error,403.0,https://journals.sagepub.com/doi/10.1089/cyber.2012.0132?cf-mal-redirected=true,5861.0,not_extracted,0,0,,text/html; charset=UTF-8,,,,,,0.0,,
1aa870782b985e03ce10,https://pmc.ncbi.nlm.nih.gov/articles/PMC12009860,2026-10-04T03:32:44.936458+00:00,nih.gov,True,downloaded,200.0,https://pmc.ncbi.nlm.nih.gov/articles/PMC12009860/,234232.0,success,73526,10781,html,text/html; charset=utf-8,Protected grounds of discrimination and the risk of workplace bullying,Michael Rosander; Helge Hoel; Stefan Blomberg,2025-04-07,Frontiers in Psychology,https://pmc.ncbi.nlm.nih.gov/articles/PMC12009860/,0.0,1aa870782b985e03ce10.txt,e75c7655fa0d9abcaf95e6d1e364cf76b05bcbebba27cc3b69221e4c4b69c957
1adf43ea3fc1026a818f,https://pmc.ncbi.nlm.nih.gov/articles/PMC9989558,2026-10-04T03:32:46.186635+00:00,nih.gov,True,downloaded,200.0,https://pmc.ncbi.nlm.nih.gov/articles/PMC9989558/,317830.0,success,92437,14460,html,text/html; charset=utf-8,College Choice Revisited: Socioeconomic Differences in College Transfer Destinations Among Four-Year College Entrants,George Spencer; Amy Stich,2023-03-07,Research in Higher Education,https://pmc.ncbi.nlm.nih.gov/articles/PMC9989558/,0.0,1adf43ea3fc1026a818f.txt,20e58b9509217ddbfefb9438a678f3c45bbcb2c056278cd52543ff19a9d8a774
1af1dea5d9abf73eba30,https://pmc.ncbi.nlm.nih.gov/articles/PMC10726945,2026-10-04T03:32:46.382737+00:00,nih.gov,True,downloaded,200.0,https://pmc.ncbi.nlm.nih.gov/articles/PMC10726945,21372.0,success,131,18,html,text/html; charset=utf-8,Checking your browser,,2026-09-11,google.com,https://www.google.com/recaptcha/challengepage,0.0,1af1dea5d9abf73eba30.txt,a29166d0eaaa418bd5af61a282f1183a46c84c4d5e4c90689b1b452d230d05cc
1b31769d6c8b36a28885,https://williamsinstitute.law.ucla.edu/wp-content/uploads/LGBT-Violence-Law-Enforce-Mar-2020.pdf,2026-10-04T03:32:47.646107+00:00,ucla.edu,True,downloaded,200.0,https://williamsinstitute.law.ucla.edu/wp-content/uploads/LGBT-Violence-Law-Enforce-Mar-2020.pdf,161557.0,success,5766,793,pdf,application/pdf,,,,,,0.0,1b31769d6c8b36a28885.txt,c799a42e81da575e0114d3e92f3eeb82774988f861e9685e0e851d536ac6256b
1bab3ea6e789ba1317b1,https://pmc.ncbi.nlm.nih.gov/articles/PMC2231829,2026-10-04T03:32:48.668975+00:00,nih.gov,True,downloaded,200.0,https://pmc.ncbi.nlm.nih.gov/articles/PMC2231829/,135341.0,success,24066,3690,html,text/html; charset=utf-8,Housing Patterns and Correlates of Homelessness Differ by Gender among Individuals Using San Francisco Free Food Programs,Elise D Riley; Sheri D Weiser; James L Sorensen; Samantha Dilworth; Jennifer Cohen; Torsten B Neilands,2007-01-30,Journal of Urban Health,https://pmc.ncbi.nlm.nih.gov/articles/PMC2231829/,0.0,1bab3ea6e789ba1317b1.txt,1a64548b3176b1889508674812a601371f999b72c9ef48fa6428bdeb7a38e125
1bdead8962485530244f,https://urban.org/research/publication/racial-and-ethnic-representation-postsecondary-education,2026-10-04T03:32:48.811851+00:00,urban.org,False,http_error,403.0,https://www.urban.org/research/publication/racial-and-ethnic-representation-postsecondary-education,5933.0,not_extracted,0,0,,text/html; charset=UTF-8,,,,,,0.0,,
1c598ce41cb4f17ada73,https://pmc.ncbi.nlm.nih.gov/articles/PMC9931624,2026-10-04T03:32:49.298578+00:00,nih.gov,True,downloaded,200.0,https://pmc.ncbi.nlm.nih.gov/articles/PMC9931624,21368.0,success,131,18,html,text/html; charset=utf-8,Checking your browser,,2026-09-11,google.com,https://www.google.com/recaptcha/challengepage,0.0,1c598ce41cb4f17ada73.txt,a29166d0eaaa418bd5af61a282f1183a46c84c4d5e4c90689b1b452d230d05cc
1c5b27d8a944d3ad338f,https://transcanwork.org/news/mental-health-and-the-workplace-how-discrimination-impacts-noncisgender-employees,2026-10-04T03:32:49.561087+00:00,transcanwork.org,True,downloaded,200.0,https://www.transcanwork.org/news/mental-health-and-the-workplace-how-discrimination-impacts-noncisgender-employees,379535.0,success,8507,1174,html,text/html;charset=utf-8,Mental Health and the Workplace: How Discrimination Impacts Noncisgender Employees — Trans Can Work,Jerome Trammel,2026-02-26,Trans Can Work,https://www.transcanwork.org/news/mental-health-and-the-workplace-how-discrimination-impacts-noncisgender-employees,0.0,1c5b27d8a944d3ad338f.txt,43b023065028eb119488c0e8bfebe0cff79389820f2d5dc157e56db726ef6a94
1c6aa6ac9d8f736aea5c,https://pmc.ncbi.nlm.nih.gov/articles/PMC8536312,2026-10-04T03:32:49.915208+00:00,nih.gov,True,downloaded,200.0,https://pmc.ncbi.nlm.nih.gov/articles/PMC8536312,21365.0,success,131,18,html,text/html; charset=utf-8,Checking your browser,,2026-09-11,google.com,https://www.google.com/recaptcha/challengepage,0.0,1c6aa6ac9d8f736aea5c.txt,a29166d0eaaa418bd5af61a282f1183a46c84c4d5e4c90689b1b452d230d05cc
1cbe5434214cbdb77b60,https://pmc.ncbi.nlm.nih.gov/articles/PMC9017075,2026-10-04T03:32:50.112801+00:00,nih.gov,True,downloaded,200.0,https://pmc.ncbi.nlm.nih.gov/articles/PMC9017075,21368.0,success,131,18,html,text/html; charset=utf-8,Checking your browser,,2026-09-11,google.com,https://www.google.com/recaptcha/challengepage,0.0,1cbe5434214cbdb77b60.txt,a29166d0eaaa418bd5af61a282f1183a46c84c4d5e4c90689b1b452d230d05cc
1cdd1802832231fb1c7c,https://rfi.global/unlocking-the-hispanic-opportunity-overcoming-the-barriers-to-wealth-creation,2026-10-04T03:32:51.539597+00:00,rfi.global,True,downloaded,200.0,https://rfi.global/unlocking-the-hispanic-opportunity-overcoming-the-barriers-to-wealth-creation/,420289.0,success,10578,1527,html,text/html; charset=UTF-8,Unlocking the Hispanic opportunity: overcoming the barriers to wealth creation,Edward Smith,2026-03-23,RFI Global,https://rfi.global/unlocking-the-hispanic-opportunity-overcoming-the-barriers-to-wealth-creation/,0.0,1cdd1802832231fb1c7c.txt,1263881353253b70ce8a669f7c483ea0021d4ba596c2bf62b48e74956e1f5261
1cf8b4ac2e46d00fad7f,https://eastersealsar.com/the-effectiveness-of-inclusive-education-for-children-with-disabilities,2026-10-04T03:32:52.156880+00:00,eastersealsar.com,True,downloaded,200.0,https://eastersealsar.com/the-effectiveness-of-inclusive-education-for-children-with-disabilities/,127717.0,success,12591,1790,html,text/html; charset=UTF-8,Inclusive Education: Proven Benefits Backed by Research,Jillian Jacuzzi,2024-12-10,Easterseals Arkansas,https://eastersealsar.com/the-effectiveness-of-inclusive-education-for-children-with-disabilities/,0.0,1cf8b4ac2e46d00fad7f.txt,a67c255873693e5919f6e0386ecf6971b0204277a510adf08b63afb3589e730c
1d2b82d6d89594b2e30a,https://pmc.ncbi.nlm.nih.gov/articles/PMC12303088,2026-10-04T03:32:52.547202+00:00,nih.gov,True,downloaded,200.0,https://pmc.ncbi.nlm.nih.gov/articles/PMC12303088,21371.0,success,131,18,html,text/html; charset=utf-8,Checking your browser,,2026-09-11,google.com,https://www.google.com/recaptcha/challengepage,0.0,1d2b82d6d89594b2e30a.txt,a29166d0eaaa418bd5af61a282f1183a46c84c4d5e4c90689b1b452d230d05cc
1d38a983ed3b9a3748c2,https://pmc.ncbi.nlm.nih.gov/articles/PMC11069080,2026-10-04T03:32:52.753933+00:00,nih.gov,True,downloaded,200.0,https://pmc.ncbi.nlm.nih.gov/articles/PMC11069080,21367.0,success,131,18,html,text/html; charset=utf-8,Checking your browser,,2026-09-11,google.com,https://www.google.com/recaptcha/challengepage,0.0,1d38a983ed3b9a3748c2.txt,a29166d0eaaa418bd5af61a282f1183a46c84c4d5e4c90689b1b452d230d05cc
1d4c9a69ffbbacba1841,https://pmc.ncbi.nlm.nih.gov/articles/PMC3279927,2026-10-04T03:32:53.158707+00:00,nih.gov,True,downloaded,200.0,https://pmc.ncbi.nlm.nih.gov/articles/PMC3279927,21367.0,success,131,18,html,text/html; charset=utf-8,Checking your browser,,2026-09-11,google.com,https://www.google.com/recaptcha/challengepage,0.0,1d4c9a69ffbbacba1841.txt,a29166d0eaaa418bd5af61a282f1183a46c84c4d5e4c90689b1b452d230d05cc
1dab3943e6bb4f8e5829,https://pubmed.ncbi.nlm.nih.gov/12529892,2026-10-04T03:32:53.618032+00:00,nih.gov,True,downloaded,203.0,https://pubmed.ncbi.nlm.nih.gov/12529892/,5590.0,success,100,14,html,text/html; charset=utf-8,Cookies must be enabled,,,pubmed.ncbi.nlm.nih.gov,https://pubmed.ncbi.nlm.nih.gov/12529892/,0.0,1dab3943e6bb4f8e5829.txt,f193d0de906419650acf171625dbd67f88f297290893b5473e1d8365c03d4b59
1db8d3eaf5eb6c72fd49,https://newamerica.org/insights/racialized-costs-banking/the-racialized-costs-of-banking,2026-10-04T03:32:53.802318+00:00,newamerica.org,True,downloaded,200.0,https://www.newamerica.org/insights/racialized-costs-banking/the-racialized-costs-of-banking/,106299.0,success,24810,3247,html,text/html; charset=UTF-8,The Racialized Costs of Banking,,2026-01-25,New America - Big Ideas and Bold Solutions,https://www.newamerica.org/insights/racialized-costs-banking/the-racialized-costs-of-banking/,0.0,1db8d3eaf5eb6c72fd49.txt,2334c303fbe078a0954090e7d4d963475ba2f98913be295b8166b3e82935c525
1dcba4b0ba73d6e86789,https://pmc.ncbi.nlm.nih.gov/articles/PMC1495328,2026-10-04T03:32:55.173020+00:00,nih.gov,True,downloaded,200.0,https://pmc.ncbi.nlm.nih.gov/articles/PMC1495328,21367.0,success,131,18,html,text/html; charset=utf-8,Checking your browser,,2026-09-11,google.com,https://www.google.com/recaptcha/challengepage,0.0,1dcba4b0ba73d6e86789.txt,a29166d0eaaa418bd5af61a282f1183a46c84c4d5e4c90689b1b452d230d05cc
1de646775400355ce27b,https://nationaldisabilitycenter.org/resources/the-current-status-of-accessibility-in-american-higher-education,2026-10-04T03:32:55.372175+00:00,nationaldisabilitycenter.org,True,downloaded,200.0,https://nationaldisabilitycenter.org/resources/the-current-status-of-accessibility-in-american-higher-education/,224945.0,success,734,109,html,text/html; charset=UTF-8,The Current Status of Accessibility in American Higher Education - National Disability Center for Student Success,,2025-09-24,National Disability Center for Student Success,https://nationaldisabilitycenter.org/resources/the-current-status-of-accessibility-in-american-higher-education/,0.0,1de646775400355ce27b.txt,b9f7971d56a61090144e79a449a4e511099f7691f9a26526e61c7b94e5b9c8d7
1de776efc17523c0ac4c,https://fkc.bank/blog/serving-customers-with-disabilities-is-vital-for-financial-inclusion,2026-10-04T03:32:56.262834+00:00,fkc.bank,True,downloaded,200.0,https://www.fkc.bank/blog/serving-customers-with-disabilities-is-vital-for-financial-inclusion/,550300.0,success,3234,492,html,text/html; charset=UTF-8,Financial Inclusion is Vital for Success - First Keystone Community Bank,Amanda Jarski,2024-07-23,First Keystone Community Bank,https://www.fkc.bank/blog/serving-customers-with-disabilities-is-vital-for-financial-inclusion/,0.0,1de776efc17523c0ac4c.txt,fdbc927026ca1d7fdb426fb22fea243722adbe3d83a71bad86596377c9925a8b
1e4321a8c4eb0a18a69e,https://finca.org/5-reasons-why-more-women-need-financial-services,2026-10-04T03:32:56.982223+00:00,finca.org,False,http_error,403.0,https://finca.org/5-reasons-why-more-women-need-financial-services,5693.0,not_extracted,0,0,,text/html; charset=UTF-8,,,,,,0.0,,
1e6802e9522233a6052d,https://nlihc.org/resource/hispanic-households-face-systemic-barriers-housing,2026-10-04T03:32:57.670486+00:00,nlihc.org,True,downloaded,200.0,https://nlihc.org/resource/hispanic-households-face-systemic-barriers-housing,59172.0,success,4096,569,html,text/html; charset=UTF-8,Hispanic Households Face Systemic Barriers to Housing,,2021-08-11,National Low Income Housing Coalition,https://nlihc.org/resource/hispanic-households-face-systemic-barriers-housing,0.0,1e6802e9522233a6052d.txt,edc69f9c5467891436dfcf7afdface1ed76d29340b26c0863769fe42fb445e83
1e724c3f2a7aced6d8c3,https://hrc.org/press-releases/new-data-lgbtq-community-continues-to-face-financial-challenges-compared-to-peers,2026-10-04T03:32:58.243803+00:00,hrc.org,True,downloaded,200.0,https://www.hrc.org/press-releases/new-data-lgbtq-community-continues-to-face-financial-challenges-compared-to-peers,112556.0,success,4626,503,html,text/html; charset=UTF-8,NEW DATA: LGBTQ+ Community Continues to Face Financial Challenges…,,2024-04-03,NEW DATA: LGBTQ+ Community Continues to Face Financial Challenges Compared to Peers,https://www.hrc.org/press-releases/new-data-lgbtq-community-continues-to-face-financial-challenges-compared-to-peers,0.0,1e724c3f2a7aced6d8c3.txt,08acd29679f27ff706856a9287d8ee37dcf643afe92c9d54e63d0b25d2ca0db9
1eb43003f45146f8981f,https://psycnet.apa.org/record/2008-08288-003,2026-10-04T03:32:59.722345+00:00,apa.org,False,robots_disallowed,,https://psycnet.apa.org/record/2008-08288-003,,not_extracted,0,0,,,,,,,,,,
1ebe65fff073a04e76e8,https://safetyandjusticechallenge.org/blog/focusing-on-latinos-in-the-u-s-criminal-justice-system,2026-10-04T03:32:59.960085+00:00,safetyandjusticechallenge.org,True,downloaded,200.0,https://safetyandjusticechallenge.org/blog/focusing-on-latinos-in-the-u-s-criminal-justice-system/,85722.0,success,9282,1344,html,text/html; charset=UTF-8,Focusing on Latinos in the U.S. Criminal Justice System - Safety and Justice Challenge,Matt Davis,2023-06-12,Safety and Justice Challenge,https://safetyandjusticechallenge.org/blog/focusing-on-latinos-in-the-u-s-criminal-justice-system/,0.0,1ebe65fff073a04e76e8.txt,f305d7fc7b31a82c21136ffbfcd10075da26f7f3178f83b76aa3a31ca30dc1f3
1edd9fa05ac71e54ccbe,https://apps.urban.org/features/latino-financial-needs-community-lending,2026-10-04T03:33:00.130621+00:00,urban.org,True,downloaded,200.0,https://apps.urban.org/features/latino-financial-needs-community-lending/,79183.0,success,21537,3194,html,text/html; charset=UTF-8,How Latino-Serving CDFIs Can Shape a Thriving American Economy,,2025-03-13,Urban Institute,https://apps.urban.org/features/latino-financial-needs-community-lending/,0.0,1edd9fa05ac71e54ccbe.txt,f88ec1c9b7167e2e59221d4ce586b487dbbabda796f9809c141d042ae1f1d219
1f027b6ba41cd0ca5c28,https://insidehighered.com/admissions/article/2021/12/06/study-shows-ways-white-students-have-advantages-admissions,2026-10-04T03:33:00.604656+00:00,insidehighered.com,True,downloaded,200.0,https://www.insidehighered.com/admissions/article/2021/12/06/study-shows-ways-white-students-have-advantages-admissions,143722.0,success,5674,933,html,text/html; charset=UTF-8,Study shows ways white students have advantages in admissions,Scott Jaschik,2021-12-06,"Inside Higher Ed | Higher Education News, Events and Jobs",https://www.insidehighered.com/admissions/article/2021/12/06/study-shows-ways-white-students-have-advantages-admissions,0.0,1f027b6ba41cd0ca5c28.txt,201c6f36a2c2decff44e8b3106a8d6c643da53c1bb7017d0c4a56d27d3b1e257
1f290f60181c6c632f95,https://nature.com/articles/s41598-026-56768-z,2026-10-04T03:33:01.648667+00:00,nature.com,True,downloaded,200.0,https://www.nature.com/articles/s41598-026-56768-z?error=cookies_not_supported&code=b97a9a64-47ea-448d-b764-23d180fe651e,338254.0,success,35507,5057,html,text/html; charset=utf-8,"Patient safety practices and associated factors among healthcare providers at South Wollo Zone primary hospitals, Northeast Ethiopia, 2025. A facility-based cross-sectional study - Scientific Reports",Derib; Fisiha; Yasine; Toyeb; Geto; Abebe Kassa; Adem; Yonas Fissha; Yemane; Tesfalem Tilahun; Tadesse; Nigusie,2026-06-15,Nature,https://www.nature.com/articles/s41598-026-56768-z,0.0,1f290f60181c6c632f95.txt,a46932c77d8a7236181670c32d854f72298c4a4e08bd7865f795f26c2b06f405
1fb8ec9c0e7c6efcba1a,https://experian.com/blogs/ask-experian/how-to-increase-your-chances-of-getting-approved-for-new-credit,2026-10-04T03:33:03.550040+00:00,experian.com,True,downloaded,200.0,https://www.experian.com/blogs/ask-experian/how-to-increase-your-chances-of-getting-approved-for-new-credit,238418.0,success,10364,1728,html,text/html,How to Increase Your Credit Approval Odds,Ben Luthi,2026-09-24,Experian,https://www.experian.com/blogs/ask-experian/how-to-increase-your-chances-of-getting-approved-for-new-credit/,0.0,1fb8ec9c0e7c6efcba1a.txt,ec33c4a61e88fcbafaae7a5c13c9e83a5c3e56a72c91490a74b68f578a167afb
206b6395f06dd583d365,https://sentencingproject.org/reports/one-in-five-racial-disparity-in-imprisonment-causes-and-remedies,2026-10-04T03:33:07.510127+00:00,sentencingproject.org,True,downloaded,200.0,https://www.sentencingproject.org/reports/one-in-five-racial-disparity-in-imprisonment-causes-and-remedies/,369352.0,success,111213,16523,html,text/html; charset=UTF-8,One in Five: Racial Disparity in Imprisonment — Causes and Remedies – The Sentencing Project,Nazgol Ghandnoosh; Ph D,2023-12-07,The Sentencing Project,https://www.sentencingproject.org/reports/one-in-five-racial-disparity-in-imprisonment-causes-and-remedies/,0.0,206b6395f06dd583d365.txt,51915521d99b456c5feb6c37d8acfa29f61e87e1fca60ee97005e90d691210c3
20960c4a92bae39fa389,https://ivywise.com/ivywise-knowledgebase/the-truth-about-the-gender-gap-on-college-campuses,2026-10-04T03:33:08.422161+00:00,ivywise.com,True,downloaded,200.0,https://www.ivywise.com/ivywise-knowledgebase/the-truth-about-the-gender-gap-on-college-campuses/,131497.0,success,4284,663,html,text/html; charset=UTF-8,The Truth About the Gender Gap on College Campuses,Karyn Johnson,2016-02-11,IvyWise,https://www.ivywise.com/ivywise-knowledgebase/the-truth-about-the-gender-gap-on-college-campuses/,0.0,20960c4a92bae39fa389.txt,6b8c9d89e9ab9241f398bf2edfd0df44b0c79b1a6959adf784b84721337a38ea
20c50707e77233cf5c5c,https://aclu.org/press-releases/new-report-finds-harassment-mistreatment-fuels-mistrust-among-lgbtq-people-towards-police,2026-10-04T03:33:08.465514+00:00,aclu.org,True,downloaded,200.0,https://www.aclu.org/press-releases/new-report-finds-harassment-mistreatment-fuels-mistrust-among-lgbtq-people-towards-police,68519.0,success,6544,988,html,text/html; charset=UTF-8,New Report Finds Harassment & Mistreatment Fuels Mistrust Among LGBTQ People Towards Police | American Civil Liberties Union,,2024-04-30,American Civil Liberties Union,https://www.aclu.org/press-releases/new-report-finds-harassment-mistreatment-fuels-mistrust-among-lgbtq-people-towards-police,0.0,20c50707e77233cf5c5c.txt,e2710d96adc57e0c792abf378ba9da07a44a646f23cc03f54db1a18ac448d03a
20fea155030c599d9d04,https://actuary.org/women-and-social-security,2026-10-04T03:33:08.489537+00:00,actuary.org,True,downloaded,200.0,https://actuary.org/women-and-social-security/,95167.0,success,12628,2038,html,text/html; charset=UTF-8,Women and Social Security - Actuary.org,,2017-05-15,Actuary.org,https://actuary.org/women-and-social-security/,0.0,20fea155030c599d9d04.txt,478fcc894d2a78b9667a3b20c1d6e9bc15cd72e2d4246d480d5a71d4f02d9933
212349a672b8abaf61c6,https://pmc.ncbi.nlm.nih.gov/articles/PMC4721598,2026-10-04T03:33:08.708282+00:00,nih.gov,True,downloaded,200.0,https://pmc.ncbi.nlm.nih.gov/articles/PMC4721598,21365.0,success,131,18,html,text/html; charset=utf-8,Checking your browser,,2026-09-11,google.com,https://www.google.com/recaptcha/challengepage,0.0,212349a672b8abaf61c6.txt,a29166d0eaaa418bd5af61a282f1183a46c84c4d5e4c90689b1b452d230d05cc
214e5deb435ba5be9386,https://endhomelessness.org/wp-content/uploads/2019/07/3rd-Demo-Brief-Race.pdf,2026-10-04T03:33:10.371704+00:00,endhomelessness.org,True,downloaded,200.0,https://endhomelessness.org/wp-content/uploads/2019/07/3rd-Demo-Brief-Race.pdf,242283.0,success,18868,2712,pdf,application/pdf,,,,,,0.0,214e5deb435ba5be9386.txt,48531b4774bd90213aba7fcca36c0ce39e0a0496b3014c098c077105c51a1208
218366a66886c3090887,https://habitat.org/stories/research-series-how-do-racial-inequities-limit-homeownership-opportunities,2026-10-04T03:33:10.506387+00:00,habitat.org,True,downloaded,200.0,https://www.habitat.org/stories/research-series-how-do-racial-inequities-limit-homeownership-opportunities,94414.0,success,4758,677,html,text/html; charset=utf-8,Research series: How do racial inequities limit homeownership opportunities?,,2024-07-01,Habitat for Humanity,https://www.habitat.org/stories/research-series-how-do-racial-inequities-limit-homeownership-opportunities,0.0,218366a66886c3090887.txt,8836a59f816f0950c168549348ad70a1e0dde9cf5034e1d5e42d8ef4af8e1031
218ee53b53f75c8d623e,https://allianceforhousingjustice.org/post/27-ways-racism-and-white-supremacy-impact-housing,2026-10-04T03:33:11.124964+00:00,allianceforhousingjustice.org,True,downloaded,200.0,https://www.allianceforhousingjustice.org/post/27-ways-racism-and-white-supremacy-impact-housing,901492.0,success,13040,2048,html,text/html; charset=UTF-8,27 Ways Racism and White Supremacy Impact Housing | Alliance for Housing Justice | Alliance for Housing Justice,,2020-06-19,AHJ,https://www.allianceforhousingjustice.org/post/27-ways-racism-and-white-supremacy-impact-housing,0.0,218ee53b53f75c8d623e.txt,224066507d4fc0fedd145b6186928c21f284311d7b371b39fbe41e8783edbb45
220e00577d250f592d8b,https://link.springer.com/article/10.1186/s12885-025-14380-w,2026-10-04T03:33:11.943922+00:00,springer.com,False,robots_disallowed,,https://link.springer.com/article/10.1186/s12885-025-14380-w,,not_extracted,0,0,,,,,,,,,,
221a758858d9ea3cf51f,https://cameron-deal.github.io/files/gov_assistance_wp.pdf,2026-10-04T03:33:11.944154+00:00,github.io,True,downloaded,200.0,https://cameron-deal.github.io/files/gov_assistance_wp.pdf,481762.0,success,98080,13481,pdf,application/pdf,,,,,,0.0,221a758858d9ea3cf51f.txt,1ac087749f7a9a96b3d2a4db2a296c5536f52a7a7360404f32257e1be1d3b1d8
222772a62d62b7e8ba6a,https://movingdots.com/news-insights/barriers-that-hinder-womens-career-advancement,2026-10-04T03:33:13.634561+00:00,movingdots.com,True,downloaded,200.0,https://www.movingdots.com/news-insights/barriers-that-hinder-womens-career-advancement,35574.0,success,5850,935,html,text/html; charset=utf-8,Barriers that hinder women's career advancement,,2023-03-08,movingdots.com,https://www.movingdots.com/news-insights/barriers-that-hinder-womens-career-advancement,0.0,222772a62d62b7e8ba6a.txt,5f3584d7ad82302492fdb81e2ea9c411593f1310610a726e54c87f8bea9ff1bb
222c9cca9b0f5897cd1d,https://transcare.ucsf.edu/guidelines/insurance,2026-10-04T03:33:15.140769+00:00,ucsf.edu,False,http_error,403.0,https://transcare.ucsf.edu/guidelines/insurance,5622.0,not_extracted,0,0,,text/html; charset=UTF-8,,,,,,0.0,,
2237e1bb57982dbe1a69,https://researchgate.net/publication/400917685_Unequal_Access_Disability_and_Socioeconomic_Inequality_in_College_Enrollment,2026-10-04T03:33:15.601682+00:00,researchgate.net,False,http_error,403.0,https://www.researchgate.net/publication/400917685_Unequal_Access_Disability_and_Socioeconomic_Inequality_in_College_Enrollment,21138.0,not_extracted,0,0,,text/html; charset=UTF-8,,,,,,0.0,,
22933b1af75620729ec7,https://gendergp.com/blog/being-trans-and-gender-diverse-at-the-workplace-discrimination,2026-10-04T03:33:15.721221+00:00,gendergp.com,True,downloaded,200.0,https://www.gendergp.com/blog/being-trans-and-gender-diverse-at-the-workplace-discrimination/,743006.0,success,8107,1277,html,text/html; charset=UTF-8,Trans and Gender-Diverse People Experience More Discrimination in the Workplace,GenderGP,2022-09-28,GenderGP,https://www.gendergp.com/blog/being-trans-and-gender-diverse-at-the-workplace-discrimination/,0.0,22933b1af75620729ec7.txt,f54f57c81415310205c537ff299a817e5df331d459e7f5a34c3e0b01d0a77f1a
22ab20355e00520e497f,https://cew.georgetown.edu/cew-reports/raceandgoodjobs,2026-10-04T03:33:17.743649+00:00,georgetown.edu,True,downloaded,200.0,https://cew.georgetown.edu/cew-reports/raceandgoodjobs/,438693.0,success,468,79,html,text/html; charset=UTF-8,The Unequal Race for Good Jobs: How Whites Made Outsized Gains in Education and Good Jobs Compared to Blacks and Latinos - CEW Georgetown,,2024-08-13,CEW Georgetown,https://cew.georgetown.edu/cew-reports/raceandgoodjobs/,0.0,22ab20355e00520e497f.txt,b52dc8479e39e239390b023fefdbe8a2d822953fcb342af8445ebeed4fc1ed59
22b999c62b4a6dd90ac3,https://youtube.com/watch?t=23&v=09Ks_25Saao,2026-10-04T03:33:18.514420+00:00,youtube.com,True,downloaded,200.0,https://www.youtube.com/watch?t=23&v=09Ks_25Saao,1312497.0,success,146,23,html,text/html; charset=utf-8,The Sociology of Sexual Harassment: Gender Dynamics at Work,,2024-08-20,YouTube,https://www.youtube.com/watch?v=09Ks_25Saao,0.0,22b999c62b4a6dd90ac3.txt,8dbba17988e385133ba8f51d76cde1fc2c859262b666cb848e9cfe2478fd5e71
22ce3cec7e6ee88a3409,https://pmc.ncbi.nlm.nih.gov/articles/PMC7322061,2026-10-04T03:33:18.807047+00:00,nih.gov,True,downloaded,200.0,https://pmc.ncbi.nlm.nih.gov/articles/PMC7322061,21368.0,success,131,18,html,text/html; charset=utf-8,Checking your browser,,2026-09-11,google.com,https://www.google.com/recaptcha/challengepage,0.0,22ce3cec7e6ee88a3409.txt,a29166d0eaaa418bd5af61a282f1183a46c84c4d5e4c90689b1b452d230d05cc
22dbf73ed9b575b454a2,https://linkedin.com/top-content/recruitment-hr/importance-of-hiring-practices/how-job-postings-impact-female-hiring-rates,2026-10-04T03:33:20.881755+00:00,linkedin.com,False,robots_disallowed,,https://linkedin.com/top-content/recruitment-hr/importance-of-hiring-practices/how-job-postings-impact-female-hiring-rates,,not_extracted,0,0,,,,,,,,,,
231f5f3d9b3eb4ee1001,https://frontiersin.org/journals/psychology/articles/10.3389/fpsyg.2025.1664252/full,2026-10-04T03:33:20.882729+00:00,frontiersin.org,True,downloaded,200.0,https://www.frontiersin.org/journals/psychology/articles/10.3389/fpsyg.2025.1664252/full,782545.0,success,42801,6027,html,text/html;charset=utf-8,Frontiers | Influential factors of school bullying among junior high school students: an analysis based on hierarchical linear models,Yingying Wang; Xingyu Li; Nianhao Song; Changhao Jiang; Pei Liu,2026-01-05,Frontiers,https://www.frontiersin.org/journals/psychology/articles/10.3389/fpsyg.2025.1664252/full,0.0,231f5f3d9b3eb4ee1001.txt,5cb631d8aa1b5f7a7f72d02e265c2403f76965ab8370f7865daa530452df1952
232adb63d9c78d29d59b,https://journals.sagepub.com/doi/10.1177/21533687251314137,2026-10-04T03:33:21.398285+00:00,sagepub.com,False,http_error,403.0,https://journals.sagepub.com/doi/10.1177/21533687251314137,5762.0,not_extracted,0,0,,text/html; charset=UTF-8,,,,,,0.0,,
2342cd071d90b51f381b,https://equityinhighered.org/wp-content/uploads/2019/02/REHE-Exec-Summary-FINAL.pdf,2026-10-04T03:33:21.505538+00:00,equityinhighered.org,True,downloaded,200.0,https://www.equityinhighered.org/wp-content/uploads/2019/02/REHE-Exec-Summary-FINAL.pdf,5398761.0,success,29654,4420,pdf,application/pdf,,,,,,0.0,2342cd071d90b51f381b.txt,395ec0e091801103d72ee5e3fb88cab93521c4b89029540f19f2f2d25e044435
2394d2c43c36e5f0b17f,https://pmc.ncbi.nlm.nih.gov/articles/PMC10081699,2026-10-04T03:33:22.022024+00:00,nih.gov,True,downloaded,200.0,https://pmc.ncbi.nlm.nih.gov/articles/PMC10081699,21366.0,success,131,18,html,text/html; charset=utf-8,Checking your browser,,2026-09-11,google.com,https://www.google.com/recaptcha/challengepage,0.0,2394d2c43c36e5f0b17f.txt,a29166d0eaaa418bd5af61a282f1183a46c84c4d5e4c90689b1b452d230d05cc
23a3a3ea97f97b68665e,https://facebook.com/linerlegal/posts/top-5%EF%B8%8F%E2%83%A3-conditions-that-automatically-qualify-for-ssd-share-with-someone-you-thi/1654968493303972,2026-10-04T03:33:22.334564+00:00,facebook.com,False,robots_disallowed,,https://facebook.com/linerlegal/posts/top-5%EF%B8%8F%E2%83%A3-conditions-that-automatically-qualify-for-ssd-share-with-someone-you-thi/1654968493303972,,not_extracted,0,0,,,,,,,,,,
23a7e135f89232ea38c9,https://journals.calstate.edu/arcjs/article/download/4048/3532/12477,2026-10-04T03:33:24.448587+00:00,calstate.edu,False,http_error,403.0,https://journals.calstate.edu/arcjs/article/download/4048/3532/12477,815626.0,not_extracted,0,0,,text/html; charset=UTF-8,,,,,,0.0,,
23c76c786cea87dd5925,https://crr.bc.edu/many-barriers-hinder-rural-use-of-government-programs,2026-10-04T03:33:24.556894+00:00,bc.edu,True,downloaded,200.0,https://crr.bc.edu/many-barriers-hinder-rural-use-of-government-programs/,133546.0,success,5215,779,html,text/html; charset=UTF-8,Many Barriers Hinder Rural Use of Government Programs,Kimberly Blanton,2024-01-16,crr.bc.edu,https://crr.bc.edu/many-barriers-hinder-rural-use-of-government-programs/,0.0,23c76c786cea87dd5925.txt,b7b387cdedae3541aad11fa129146fbce5a07b5ae5a7afc7a3d799135d7d59f8
23d3afad0cc8e07757a7,https://kff.org/affordable-care-act/demographics-insurance-coverage-and-access-to-care-among-transgender-adults,2026-10-04T03:33:24.796765+00:00,kff.org,True,downloaded,200.0,https://www.kff.org/affordable-care-act/demographics-insurance-coverage-and-access-to-care-among-transgender-adults/,123858.0,success,8271,1262,html,text/html; charset=UTF-8,"Demographics, Insurance Coverage, and Access to Care Among Transgender Adults | KFF",Wyatt Koma; Matthew Rae; Amrutha Ramaswamy; Tricia Neuman; Jennifer Kates; Lindsey Dawson,2020-10-21,"KFF - The independent source for health policy research, polling, and news",https://www.kff.org/affordable-care-act/demographics-insurance-coverage-and-access-to-care-among-transgender-adults/,0.0,23d3afad0cc8e07757a7.txt,45b616e9bd68520d0e629b95334afa5997f64a36f336a8cf12d8514257cd59cc
2415e9b0d198ee12c665,https://safetyandjusticechallenge.org/blog/reshaping-the-justice-system-for-people-with-disabilities,2026-10-04T03:33:25.236063+00:00,safetyandjusticechallenge.org,True,downloaded,200.0,https://safetyandjusticechallenge.org/blog/reshaping-the-justice-system-for-people-with-disabilities/,93168.0,success,16316,2220,html,text/html; charset=UTF-8,Reshaping the Justice System for People with Disabilities - Safety and Justice Challenge,Matt Davis,2025-07-22,Safety and Justice Challenge,https://safetyandjusticechallenge.org/blog/reshaping-the-justice-system-for-people-with-disabilities/,0.0,2415e9b0d198ee12c665.txt,220b81ccd6e267671a49c67d378bf2a1fcb9cd1e511cca4d1bf5c2e69af49645
2429d224b10f3e0ab64c,https://nsvrc.org/blog_post/what-connection-between-housing-inequality-sexual-violence-and-white-supremacy,2026-10-04T03:33:25.289168+00:00,nsvrc.org,True,downloaded,200.0,https://nsvrc.org/blog_post/what-connection-between-housing-inequality-sexual-violence-and-white-supremacy/,219978.0,success,19102,2968,html,text/html; charset=UTF-8,"What is the connection between Housing Inequality, Sexual Violence, and White Supremacy? - National Sexual Violence Resource Center (NSVRC)",,2025-12-17,National Sexual Violence Resource Center (NSVRC),https://nsvrc.org/blog_post/what-connection-between-housing-inequality-sexual-violence-and-white-supremacy/,0.0,2429d224b10f3e0ab64c.txt,5ed478c141f1d526c5ece3efbbc14d5234afa6476780348a244c3cec9a3da9cd
2481dfd0352f9313c61f,https://frontiersin.org/journals/public-health/articles/10.3389/fpubh.2026.1765145/full,2026-10-04T03:33:25.573028+00:00,frontiersin.org,True,downloaded,200.0,https://www.frontiersin.org/journals/public-health/articles/10.3389/fpubh.2026.1765145/full,1433980.0,success,70715,9312,html,text/html;charset=utf-8,Frontiers | Barriers to accessing healthcare for people with disabilities:a systematic review,M Chimienti; G Morlino; D Ndreca; K Stefanidhi; O Zerellari; R Shkreli; S Gjergji; F Leonforte; V Nicosia; A Mistretta; E Buonomo; G Liotta; L Palombi,2026-02-19,Frontiers,https://www.frontiersin.org/journals/public-health/articles/10.3389/fpubh.2026.1765145/full,0.0,2481dfd0352f9313c61f.txt,e1c646727fe75c5ba5a818c98f2f8fff2085e2f44cb1f2aca049a61e3585341e
24ca1d8b00691565dfee,https://healthaffairs.org/doi/abs/10.1377/hlthaff.2025.00375,2026-10-04T03:33:27.699062+00:00,healthaffairs.org,False,http_error,403.0,https://healthaffairs.org/doi/abs/10.1377/hlthaff.2025.00375,5752.0,not_extracted,0,0,,text/html; charset=UTF-8,,,,,,0.0,,
24ffeef294948986a2a5,https://sentencingproject.org/reports/mass-incarceration-trends,2026-10-04T03:33:29.921441+00:00,sentencingproject.org,True,downloaded,200.0,https://www.sentencingproject.org/reports/mass-incarceration-trends/,153154.0,success,29018,4468,html,text/html; charset=UTF-8,Mass Incarceration Trends – The Sentencing Project,Ashley Nellis; Sabrina C Pearce,2026-04-09,The Sentencing Project,https://www.sentencingproject.org/reports/mass-incarceration-trends/,0.0,24ffeef294948986a2a5.txt,152752d5d1b5d144c2036978a40b1a0e516631eaef3b02aac3e8dfab48d1ae9b
2512d209e8135ffdd345,https://pmc.ncbi.nlm.nih.gov/articles/PMC4802845,2026-10-04T03:33:30.763967+00:00,nih.gov,True,downloaded,200.0,https://pmc.ncbi.nlm.nih.gov/articles/PMC4802845,21368.0,success,131,18,html,text/html; charset=utf-8,Checking your browser,,2026-09-11,google.com,https://www.google.com/recaptcha/challengepage,0.0,2512d209e8135ffdd345.txt,a29166d0eaaa418bd5af61a282f1183a46c84c4d5e4c90689b1b452d230d05cc
2551bfc004272cf41d72,https://bankrate.com/,2026-10-04T03:33:30.892845+00:00,bankrate.com,True,downloaded,200.0,https://www.bankrate.com/,1288123.0,success,3044,524,html,text/html; charset=utf-8,9 out of 10 homebuyers overpay for their mortgage. You don't have to.,,2026-08-24,Bankrate — Compare Mortgage Rates & Financial Products,https://www.bankrate.com/,0.0,2551bfc004272cf41d72.txt,bf31284940d4c540cd5dfaeba01038b5cfcf6b5c528cba875813aad6c114439c
259d454d45824073697e,https://dev.cjcenter.org/_files/apcj/1_1_homophobia.pdf,2026-10-04T03:33:31.000871+00:00,cjcenter.org,True,downloaded,200.0,https://dev.cjcenter.org/_files/apcj/1_1_homophobia.pdf,145468.0,success,32400,4856,pdf,application/pdf,,,,,,0.0,259d454d45824073697e.txt,f8fb2eff8eb732726bc6bf797ed20971eedf7dc9832bb8b671f062328e9851cc
268cc0a2adbd302f5ea1,https://ncsl.org/human-services/introduction-to-benefits-cliffs-and-public-assistance-programs,2026-10-04T03:33:32.110411+00:00,ncsl.org,False,http_error,403.0,https://ncsl.org/human-services/introduction-to-benefits-cliffs-and-public-assistance-programs,5864.0,not_extracted,0,0,,text/html; charset=UTF-8,,,,,,0.0,,
26b123cf52f9cf82773d,https://news.cornell.edu/stories/2017/11/people-disabilities-more-likely-be-arrested,2026-10-04T03:33:33.084704+00:00,cornell.edu,True,downloaded,200.0,https://news.cornell.edu/stories/2017/11/people-disabilities-more-likely-be-arrested,45023.0,success,3296,519,html,text/html; charset=utf-8,People with disabilities more likely to be arrested | Cornell Chronicle,Susan Kelley,2017-11-30,Cornell Chronicle,https://news.cornell.edu/stories/2017/11/people-disabilities-more-likely-be-arrested,0.0,26b123cf52f9cf82773d.txt,9c52e1f9efc8c761ea704b27ef26693d3aef369ff1029cdde468232ebf61122a
26c02486301836775dfa,https://womensworldbanking.org/insights/policy-handbook-for-womens-financial-inclusion,2026-10-04T03:33:33.147347+00:00,womensworldbanking.org,True,downloaded,200.0,https://www.womensworldbanking.org/insights/policy-handbook-for-womens-financial-inclusion/,184835.0,success,4518,566,html,text/html; charset=UTF-8,Policy Handbook for Women's Financial Inclusion - Women's World Banking,Women's World Banking,2026-03-05,Women's World Banking,https://www.womensworldbanking.org/insights/policy-handbook-for-womens-financial-inclusion/,0.0,26c02486301836775dfa.txt,c0720c8e1d66ca42584e82e315ebac3c95e25ae041917ca4306124c898fa0180
26f0bae4f3a078f5f7ba,https://researchberg.com/index.php/rcba/article/view/116/112,2026-10-04T03:33:33.857083+00:00,researchberg.com,True,downloaded,200.0,https://researchberg.com/index.php/rcba/article/download/116/112,327954.0,success,49753,7237,pdf,application/pdf,,,,,,0.0,26f0bae4f3a078f5f7ba.txt,aa2db8d62b92fac7abc9cdd233eac54a9ddd3f01b5a3ed4904af93e2e3999a21
270a677bb049664d4c89,https://academic.oup.com/socpro/article/29/2/167/1674620,2026-10-04T03:33:33.888109+00:00,oup.com,False,http_error,403.0,https://academic.oup.com/socpro/article/29/2/167/1674620,5649.0,not_extracted,0,0,,text/html; charset=UTF-8,,,,,,0.0,,
27dcc110165c384e5a4b,https://cdc.gov/mmwr/volumes/73/su/su7301a5.htm,2026-10-04T03:33:34.438446+00:00,cdc.gov,False,http_error,403.0,https://cdc.gov/mmwr/volumes/73/su/su7301a5.htm,406.0,not_extracted,0,0,,text/html,,,,,,0.0,,
27ebba74a46aef5b9374,https://pmc.ncbi.nlm.nih.gov/articles/PMC7173312,2026-10-04T03:33:35.429631+00:00,nih.gov,True,downloaded,200.0,https://pmc.ncbi.nlm.nih.gov/articles/PMC7173312/,307820.0,success,79585,12552,html,text/html; charset=utf-8,Understanding the Racial/Ethnic Gap in Bank Account Ownership among Older Adults,LUISA R BLANCO; MARCO ANGRISANI; EMMA AGUILA; MEI LENG,2018-04-14,The Journal of consumer affairs,https://pmc.ncbi.nlm.nih.gov/articles/PMC7173312/,0.0,27ebba74a46aef5b9374.txt,83d9067d7d3a34245183f564f10689f7b34abdfb97960d4341d071e5a0c3b6a3
2838794d951da931a51a,https://pmc.ncbi.nlm.nih.gov/articles/PMC5227943,2026-10-04T03:33:36.109012+00:00,nih.gov,True,downloaded,200.0,https://pmc.ncbi.nlm.nih.gov/articles/PMC5227943,21365.0,success,131,18,html,text/html; charset=utf-8,Checking your browser,,2026-09-11,google.com,https://www.google.com/recaptcha/challengepage,0.0,2838794d951da931a51a.txt,a29166d0eaaa418bd5af61a282f1183a46c84c4d5e4c90689b1b452d230d05cc
2883a219cd6564834a3e,http://americanprogress.org/article/african-americans-face-systematic-obstacles-getting-good-jobs,2026-10-04T03:33:36.344963+00:00,americanprogress.org,False,http_error,403.0,https://www.americanprogress.org/article/african-americans-face-systematic-obstacles-getting-good-jobs,5878.0,not_extracted,0,0,,text/html; charset=UTF-8,,,,,,0.0,,
2896830521a231f3769d,https://uncdf.org/article/9264/access-to-finance-alone-is-not-enough-women-entrepreneurs-need-a-level-playing-field,2026-10-04T03:33:37.147738+00:00,uncdf.org,False,hard_timeout,0.0,https://uncdf.org/article/9264/access-to-finance-alone-is-not-enough-women-entrepreneurs-need-a-level-playing-field,,not_extracted,0,0,,,,,,,,28.0,,
292465a4ef9ac6543a50,https://chir.georgetown.edu/health-policy-pride-an-overview-of-private-coverage-issues-impacting-the-lgbtq-community,2026-10-04T03:33:38.202542+00:00,georgetown.edu,True,downloaded,200.0,https://chir.georgetown.edu/health-policy-pride-an-overview-of-private-coverage-issues-impacting-the-lgbtq-community/,55016.0,success,9223,1317,html,text/html; charset=UTF-8,Health Policy Pride: An Overview of Private Coverage Issues Impacting the LGBTQ+ Community,Emma WalshAlker,2023-06-26,chir.georgetown.edu,https://chir.georgetown.edu/health-policy-pride-an-overview-of-private-coverage-issues-impacting-the-lgbtq-community/,0.0,292465a4ef9ac6543a50.txt,db1824f193052b9b02646ce4af40a5d9d1272be5999f3b4e6ef593489e12d7ed
2935b2a3da70bbfc9027,https://bls.gov/blog/2024/employment-trends-of-hispanics-in-the-us-labor-force.htm,2026-10-04T03:33:39.227120+00:00,bls.gov,False,http_error,403.0,https://www.bls.gov/,1325.0,not_extracted,0,0,,text/html,,,,,,0.0,,
2968b809f664f799b973,https://nlihc.org/resource/latino-households-face-challenges-accessing-housing-assistance-programs,2026-10-04T03:33:41.115913+00:00,nlihc.org,True,downloaded,200.0,https://nlihc.org/resource/latino-households-face-challenges-accessing-housing-assistance-programs,59156.0,success,3870,560,html,text/html; charset=UTF-8,Latino Households Face Challenges in Accessing Housing Assistance Programs,,2021-10-08,National Low Income Housing Coalition,https://nlihc.org/resource/latino-households-face-challenges-accessing-housing-assistance-programs,0.0,2968b809f664f799b973.txt,90d9b6ab8c48409f1a86aa87f8a0fdc27dc39140d42978d62d741b655c75bff8
29878dce40e2ac8255d5,https://medstarhealth.org/blog/patient-safety-racism,2026-10-04T03:33:41.374917+00:00,medstarhealth.org,False,http_error,403.0,https://medstarhealth.org/blog/patient-safety-racism,17.0,not_extracted,0,0,,text/plain; charset=UTF-8,,,,,,0.0,,
29a121babeb71c858188,https://thearc.org/blog/medicaid-and-snap-cuts-whats-happening-and-what-you-can-do,2026-10-04T03:33:42.948813+00:00,thearc.org,True,downloaded,200.0,https://thearc.org/blog/medicaid-and-snap-cuts-whats-happening-and-what-you-can-do,181763.0,success,5082,836,html,text/html; charset=UTF-8,Medicaid and SNAP Cuts: What’s Happening and What You Can Do - The Arc,The Arc,2026-10-01,The Arc of the United States,https://thearc.org/blog/medicaid-and-snap-cuts-whats-happening-and-what-you-can-do/,0.0,29a121babeb71c858188.txt,5c60c38f58fdef3cb1de73e87cad1996508dd50f9848f0f3287d93dc9b3de293
29c188e797ebdc187db5,https://journalistsresource.org/politics-and-government/disabilities-insurance-affordable-care-act,2026-10-04T03:33:44.632445+00:00,journalistsresource.org,True,downloaded,200.0,https://journalistsresource.org/politics-and-government/disabilities-insurance-affordable-care-act/,303317.0,success,8003,1219,html,text/html; charset=UTF-8,How people with disabilities benefited from the ACA,Chloe Reichel,2019-06-18,The Journalist's Resource,https://journalistsresource.org/politics-and-government/disabilities-insurance-affordable-care-act/,0.0,29c188e797ebdc187db5.txt,4936cc7cca85e72f954d977942021e7ffc3df178c481dc7d735374cd9720a7d0
29cbf66fad9d61074133,https://emerald.com/sc/article/14/4/183/342705/Policing-uncontrollable-banshees-factors,2026-10-04T03:33:45.837616+00:00,emerald.com,False,http_error,403.0,https://www.emerald.com/sc/article/14/4/183/342705/Policing-uncontrollable-banshees-factors,5841.0,not_extracted,0,0,,text/html; charset=UTF-8,,,,,,0.0,,
29febc26811223ac56a8,https://commons.library.stonybrook.edu/cgi/viewcontent.cgi?article=1092&context=nyjsa,2026-10-04T03:33:46.286518+00:00,stonybrook.edu,False,http_error,403.0,https://commons.library.stonybrook.edu/cgi/viewcontent.cgi?article=1092&context=nyjsa,5802.0,not_extracted,0,0,,text/html; charset=UTF-8,,,,,,0.0,,
2a614817cfa2a8d08525,https://linkedin.com/pulse/when-skills-equal-hidden-factors-influence-hiring-decisions-fwjyf,2026-10-04T03:33:47.401973+00:00,linkedin.com,False,robots_disallowed,,https://linkedin.com/pulse/when-skills-equal-hidden-factors-influence-hiring-decisions-fwjyf,,not_extracted,0,0,,,,,,,,,,
2a64e71f5811714eb6b5,https://univ-tours.hal.science/hal-03375121/document,2026-10-04T03:33:47.402290+00:00,hal.science,True,downloaded,200.0,https://univ-tours.hal.science/hal-03375121/document,480526.0,success,87376,13386,pdf,application/pdf,,,,,,0.0,2a64e71f5811714eb6b5.txt,e3aea0b3502f8d7b8fbc4cf2f6c6e505ad8de1f33150f4e8610bae5f87eb81bf
2a86ad1f96770d49f384,https://frontiersin.org/journals/education/articles/10.3389/feduc.2025.1750921/full,2026-10-04T03:33:47.551552+00:00,frontiersin.org,True,downloaded,200.0,https://www.frontiersin.org/journals/education/articles/10.3389/feduc.2025.1750921/full,675958.0,success,26438,3219,html,text/html;charset=utf-8,Frontiers | Racist bullying and childhood marginalization in multicultural school settings: evidence-based and resilience-oriented interventions in primary education,Vassiliki Pliogou; Sophia Tromara,2026-01-16,Frontiers,https://www.frontiersin.org/journals/education/articles/10.3389/feduc.2025.1750921/full,0.0,2a86ad1f96770d49f384.txt,2aaec8d67146a7c359f99c6b1f818f109430687bbd13f6ce7818b8cfe2e4fe68
2a89c1d37d47555b9aeb,https://jaramilla.com/blog/understanding-systemic-discrimination-in-corporate-hiring-practices,2026-10-04T03:33:47.678973+00:00,jaramilla.com,True,downloaded,200.0,https://www.jaramilla.com/blog/understanding-systemic-discrimination-in-corporate-hiring-practices/,66287.0,success,9691,1286,html,text/html,Understanding Systemic Discrimination in Corporate Hiring Practices | Toni Jaramilla,Toni Jaramilla,2025-07-18,jaramilla.com,http://www.jaramilla.com/blog/understanding-systemic-discrimination-in-corporate-hiring-practices/,0.0,2a89c1d37d47555b9aeb.txt,7652e13152d648e710702f9c98271b1204121562973c693ad00a5fcd5ab81244
2acb88989e1b34071cae,https://cis.org/Report/NonCitizen-Use-Welfare-Region-and-Country-Birth,2026-10-04T03:33:49.632617+00:00,cis.org,False,http_error,403.0,https://cis.org/Report/NonCitizen-Use-Welfare-Region-and-Country-Birth,5751.0,not_extracted,0,0,,text/html; charset=UTF-8,,,,,,0.0,,
2ad7ccce0599a020aafe,https://link.springer.com/article/10.1007/s12111-015-9295-z,2026-10-04T03:33:52.482534+00:00,springer.com,False,robots_disallowed,,https://link.springer.com/article/10.1007/s12111-015-9295-z,,not_extracted,0,0,,,,,,,,,,
2b00f95eec22ebeef439,https://sites.uab.edu/humanrights/2022/01/17/injustice-in-the-justice-system-disability-schools-and-incarceration,2026-10-04T03:33:52.482748+00:00,uab.edu,True,downloaded,200.0,https://sites.uab.edu/humanrights/2022/01/17/injustice-in-the-justice-system-disability-schools-and-incarceration/,70261.0,success,8890,1344,html,text/html; charset=UTF-8,"Injustice in the Justice System: Disability, Schools, and Incarceration",Author Suhas Kellampalli,2022-01-17,sites.uab.edu,https://sites.uab.edu/humanrights/2022/01/17/injustice-in-the-justice-system-disability-schools-and-incarceration/,0.0,2b00f95eec22ebeef439.txt,8aa15cdf40686d89acf25582a34d63520a21ea55547533fbdfb032eb36da0dd0
2b1cf811e3c0a8d58940,https://ppic.org/publication/police-use-of-force-and-misconduct-in-california,2026-10-04T03:33:52.735291+00:00,ppic.org,False,http_error,403.0,https://ppic.org/publication/police-use-of-force-and-misconduct-in-california,5770.0,not_extracted,0,0,,text/html; charset=UTF-8,,,,,,0.0,,
2b638174afc1a24bd8b1,https://pmc.ncbi.nlm.nih.gov/articles/PMC10276116,2026-10-04T03:33:52.976969+00:00,nih.gov,True,downloaded,200.0,https://pmc.ncbi.nlm.nih.gov/articles/PMC10276116,21368.0,success,131,18,html,text/html; charset=utf-8,Checking your browser,,2026-09-11,google.com,https://www.google.com/recaptcha/challengepage,0.0,2b638174afc1a24bd8b1.txt,a29166d0eaaa418bd5af61a282f1183a46c84c4d5e4c90689b1b452d230d05cc
2ba23ab986b52b803ed7,https://researchwithrowan.com/en/publications/an-exploration-of-officer-gender-and-use-of-force-incidents-in-a-,2026-10-04T03:33:53.037473+00:00,researchwithrowan.com,True,downloaded,200.0,https://www.researchwithrowan.com/en/publications/an-exploration-of-officer-gender-and-use-of-force-incidents-in-a-/,46918.0,success,2445,392,html,text/html;charset=UTF-8,An Exploration of Officer Gender and Use of Force Incidents in a Transit Police Department,Natalie Schell-Busey; Carla Lewandowski; Kimberly Houser; Evan Sorg,2024-11-01,Rowan University,https://www.researchwithrowan.com/en/publications/an-exploration-of-officer-gender-and-use-of-force-incidents-in-a-/,0.0,2ba23ab986b52b803ed7.txt,8fba8520de8cbe57dcf6c01a3a189cc4cb4b28695f327f142b1af0e09c417319
2bddea9b1b426ebf6578,https://pioneerpublisher.com/slj/article/view/1108,2026-10-04T03:33:53.477869+00:00,pioneerpublisher.com,False,curl_error,0.0,https://pioneerpublisher.com/slj/article/view/1108,,not_extracted,0,0,,,,,,,,6.0,,
2c03a46630219fb22868,https://emerald.com/jsm/article-split/39/5/531/1254237/Unveiling-barriers-and-opportunities-for-LGBTQIA,2026-10-04T03:33:55.653265+00:00,emerald.com,False,http_error,403.0,https://www.emerald.com/jsm/article-split/39/5/531/1254237/Unveiling-barriers-and-opportunities-for-LGBTQIA,5910.0,not_extracted,0,0,,text/html; charset=UTF-8,,,,,,0.0,,
2c19f6ba2cd43bfa0a3b,https://wiserwomen.org/resources/social-security-resources/social-security-what-every-woman-needs-to-know,2026-10-04T03:33:56.234413+00:00,wiserwomen.org,False,http_error,403.0,https://wiserwomen.org/resources/social-security-resources/social-security-what-every-woman-needs-to-know,2422.0,not_extracted,0,0,,text/html,,,,,,0.0,,
2c2120c760b75987d4d4,https://facebook.com/groups/uclablackalumni/posts/10162083971079837,2026-10-04T03:33:56.552951+00:00,facebook.com,False,robots_disallowed,,https://facebook.com/groups/uclablackalumni/posts/10162083971079837,,not_extracted,0,0,,,,,,,,,,
2d0e51a381c2c84580f2,https://studyonline.ecu.edu.au/blog/how-does-gender-affect-educational-opportunity,2026-10-04T03:33:56.553185+00:00,ecu.edu.au,True,downloaded,200.0,https://studyonline.ecu.edu.au/blog/how-does-gender-affect-educational-opportunity,249901.0,success,6956,1104,html,text/html; charset=UTF-8,How Does Gender Affect Educational Opportunity?,,2026-02-18,studyonline.ecu.edu.au,https://studyonline.ecu.edu.au/blog/how-does-gender-affect-educational-opportunity,0.0,2d0e51a381c2c84580f2.txt,50522d76c553efbd530941f0f1d5a777f07721e80e8532ea137ac3d77e18cbdd
2d886c9239454f4fad85,https://sciencedirect.com/science/article/pii/S0927537120300646,2026-10-04T03:33:59.013312+00:00,sciencedirect.com,False,http_error,403.0,https://www.sciencedirect.com/science/article/pii/S0927537120300646,1207871.0,not_extracted,0,0,,text/html; charset=UTF-8,,,,,,0.0,,
2d8fe4d1558378f10d08,https://youtube.com/shorts/_DAJugTozQs,2026-10-04T03:33:59.834547+00:00,youtube.com,True,downloaded,200.0,https://www.youtube.com/shorts/_DAJugTozQs,1610144.0,success,146,23,html,text/html; charset=utf-8,Detained vs Arrested: Learn the Key Differences in Two Minutes,,2025-05-07,YouTube,https://www.youtube.com/shorts/_DAJugTozQs,0.0,2d8fe4d1558378f10d08.txt,8dbba17988e385133ba8f51d76cde1fc2c859262b666cb848e9cfe2478fd5e71
2da3ec729f57ef914e8c,https://americanprogress.org/article/lgbtqi-nondiscrimination-laws-improve-economic-physical-and-mental-well-being,2026-10-04T03:34:02.447696+00:00,americanprogress.org,False,http_error,403.0,https://www.americanprogress.org/article/lgbtqi-nondiscrimination-laws-improve-economic-physical-and-mental-well-being,5947.0,not_extracted,0,0,,text/html; charset=UTF-8,,,,,,0.0,,
2db28efb47b99329f09e,https://cgap.org/blog/banking-on-change-enabling-womens-access-to-financial-services,2026-10-04T03:34:02.931977+00:00,cgap.org,True,downloaded,200.0,https://www.cgap.org/blog/banking-on-change-enabling-womens-access-to-financial-services,73264.0,success,6717,1060,html,text/html; charset=utf-8,Banking on Change: Enabling Women’s Access to Financial Services,Rebecca Mann,2015-11-18,CGAP,https://www.cgap.org/blog/banking-on-change-enabling-womens-access-to-financial-services,0.0,2db28efb47b99329f09e.txt,b3f79c8ecc5ed3b7d794075ed4ebdec452ed6d8df4195459d14d20890b507a9d
2db9edddc23043569ad5,https://pmc.ncbi.nlm.nih.gov/articles/PMC9891494,2026-10-04T03:34:03.645289+00:00,nih.gov,True,downloaded,200.0,https://pmc.ncbi.nlm.nih.gov/articles/PMC9891494,21367.0,success,131,18,html,text/html; charset=utf-8,Checking your browser,,2026-09-11,google.com,https://www.google.com/recaptcha/challengepage,0.0,2db9edddc23043569ad5.txt,a29166d0eaaa418bd5af61a282f1183a46c84c4d5e4c90689b1b452d230d05cc
2dca9844cab0c0f14bea,https://cnbc.com/2024/02/02/men-benefit-more-from-their-looks-at-work-than-women-do-new-research-shows.html,2026-10-04T03:34:03.884494+00:00,cnbc.com,True,downloaded,200.0,https://www.cnbc.com/2024/02/02/men-benefit-more-from-their-looks-at-work-than-women-do-new-research-shows.html,677247.0,success,6195,969,html,text/html; charset=utf-8,"Men benefit more from their looks at work than women do, new research shows",Morgan Smith,2024-02-02,CNBC,https://www.cnbc.com/2024/02/02/men-benefit-more-from-their-looks-at-work-than-women-do-new-research-shows.html,0.0,2dca9844cab0c0f14bea.txt,3af2c68c26ef5250324d35ece75bee20687330954020d0ad5203acf5221b754c
2e0abf8174615ebf0011,https://lapdonline.org/newsroom/policy-on-the-use-of-force-revised,2026-10-04T03:34:03.970878+00:00,lapdonline.org,False,http_error,403.0,https://lapdonline.org/newsroom/policy-on-the-use-of-force-revised,435.0,not_extracted,0,0,,text/html,,,,,,0.0,,
2e30ddfcb514080c694a,https://tandfonline.com/doi/full/10.1080/07294360.2025.2526806,2026-10-04T03:34:05.311424+00:00,tandfonline.com,False,http_error,403.0,https://tandfonline.com/doi/full/10.1080/07294360.2025.2526806,5805.0,not_extracted,0,0,,text/html; charset=UTF-8,,,,,,0.0,,
2e8decd38e852efff426,https://williamsinstitute.law.ucla.edu/publications/latinx-lgbt-workplace-experiences,2026-10-04T03:34:05.577490+00:00,ucla.edu,True,downloaded,200.0,https://williamsinstitute.law.ucla.edu/publications/latinx-lgbt-workplace-experiences/,128492.0,success,13433,2063,html,text/html; charset=UTF-8,Workplace Experiences of Latinx LGBTQ Employees,Loyal; Thisisloyal Com,2026-05-15,The Williams Institute at UCLA School of Law,https://williamsinstitute.law.ucla.edu/publications/latinx-lgbt-workplace-experiences/,0.0,2e8decd38e852efff426.txt,7767ea1584ff7d77df4a7a0943c4233041c41a0017ea4bec62a2ef981d288c86
2e975caaf193511c373d,https://unidosus.org/progress-report/exploring-opportunities-for-and-barriers-to-latino-participation-in-the-modern-workforce,2026-10-04T03:34:06.379036+00:00,unidosus.org,True,downloaded,200.0,https://unidosus.org/progress-report/exploring-opportunities-for-and-barriers-to-latino-participation-in-the-modern-workforce/,89025.0,success,6134,911,html,text/html; charset=UTF-8,Exploring opportunities for — and barriers to — Latino participation in the modern workforce,On,2025-11-05,UnidosUS,https://unidosus.org/progress-report/exploring-opportunities-for-and-barriers-to-latino-participation-in-the-modern-workforce/,0.0,2e975caaf193511c373d.txt,7a8203117a810e6ecd4f3e48734ccd4d8029c7fb1192365f1ea92bcb17386bab
2eabc6c6e9222aa34431,https://bankrate.com/banking/banks-that-are-lgbtq-friendly,2026-10-04T03:34:08.427491+00:00,bankrate.com,False,http_error,405.0,https://www.bankrate.com/banking/banks-that-are-lgbtq-friendly,2111.0,not_extracted,0,0,,text/html; charset=UTF-8,,,,,,0.0,,
2ef614697ef626a43819,https://pmc.ncbi.nlm.nih.gov/articles/PMC11363849,2026-10-04T03:34:09.765493+00:00,nih.gov,True,downloaded,200.0,https://pmc.ncbi.nlm.nih.gov/articles/PMC11363849/,215939.0,success,78487,10971,html,text/html; charset=utf-8,Challenges of achieving financial inclusion for individuals with visual impairments,Mahmoud Fayyad; Abdel Raouf Al-Sinnawi,2024-08-07,Heliyon,https://pmc.ncbi.nlm.nih.gov/articles/PMC11363849/,0.0,2ef614697ef626a43819.txt,e698e371ad57cae3037da2ec389d2c08c4f7d1f4d83b80e91729a77caeeb9583
2ef9a609d128dc686def,https://ccmh.psu.edu/index.php?day=29&id=26%3Aexploring-collegiate-trends-in-diverse-sexual-orientation-the-view-from-above&month=06&option=com_dailyplanetblog&view=entry&year=2022,2026-10-04T03:34:09.837688+00:00,psu.edu,True,downloaded,200.0,https://ccmh.psu.edu/index.php?day=29&id=26%3Aexploring-collegiate-trends-in-diverse-sexual-orientation-the-view-from-above&month=06&option=com_dailyplanetblog&view=entry&year=2022,39119.0,success,10540,1532,html,text/html; charset=utf-8,Exploring Collegiate Trends in Diverse Sexual Orientation: The View from Above,Katie Davis,2026-01-01,ccmh.psu.edu,https://ccmh.psu.edu/index.php?day=29&id=26%3Aexploring-collegiate-trends-in-diverse-sexual-orientation-the-view-from-above&month=06&option=com_dailyplanetblog&view=entry&year=2022,0.0,2ef9a609d128dc686def.txt,697c715130314acecbfb67376be1bf2b6b8fdfff200c7f83bc0853dd1dbe24b1
2faa5423b0ef0b1013d9,https://pmc.ncbi.nlm.nih.gov/articles/PMC7893374,2026-10-04T03:34:10.149385+00:00,nih.gov,True,downloaded,200.0,https://pmc.ncbi.nlm.nih.gov/articles/PMC7893374,21367.0,success,131,18,html,text/html; charset=utf-8,Checking your browser,,2026-09-11,google.com,https://www.google.com/recaptcha/challengepage,0.0,2faa5423b0ef0b1013d9.txt,a29166d0eaaa418bd5af61a282f1183a46c84c4d5e4c90689b1b452d230d05cc
2ff71daf72bc8ed5d8cd,https://academic.oup.com/icon/article/21/2/649/7175197,2026-10-04T03:34:10.420954+00:00,oup.com,False,http_error,403.0,https://academic.oup.com/icon/article/21/2/649/7175197,5621.0,not_extracted,0,0,,text/html; charset=UTF-8,,,,,,0.0,,
2ffdfb1f8d4ac49efce3,https://pmc.ncbi.nlm.nih.gov/articles/PMC5106500,2026-10-04T03:34:11.172798+00:00,nih.gov,True,downloaded,200.0,https://pmc.ncbi.nlm.nih.gov/articles/PMC5106500,21368.0,success,131,18,html,text/html; charset=utf-8,Checking your browser,,2026-09-11,google.com,https://www.google.com/recaptcha/challengepage,0.0,2ffdfb1f8d4ac49efce3.txt,a29166d0eaaa418bd5af61a282f1183a46c84c4d5e4c90689b1b452d230d05cc
3024b43fe551a9e66cfd,https://eeoc.gov/federal-sector/report/eeoc-african-american-workgroup-report,2026-10-04T03:34:11.260119+00:00,eeoc.gov,True,downloaded,200.0,https://www.eeoc.gov/federal-sector/report/eeoc-african-american-workgroup-report,115439.0,success,566,56,html,text/html; charset=utf-8,EEOC African American Workgroup Report,,2012-12-14,U.S. Equal Employment Opportunity Commission,https://www.eeoc.gov/federal-sector/report/eeoc-african-american-workgroup-report,0.0,3024b43fe551a9e66cfd.txt,fe89d1b1a6a4aadca10dbce1e1754f60c55aac9aba8cef1ddb9c278197f9a345
3032e60263ea262264c7,https://hispanicresearchcenter.org/research-resources/highlights-decade-research-supports-economic-self-sufficiency-latino-families-children?print=print,2026-10-04T03:34:11.436221+00:00,hispanicresearchcenter.org,True,downloaded,200.0,https://www.hispanicresearchcenter.org/research-resources/highlights-decade-research-supports-economic-self-sufficiency-latino-families-children?print=print,173472.0,success,15452,2191,html,text/html; charset=UTF-8,Highlights From a Decade of the Center’s Research on Supports for Economic Self-sufficiency Among Latino Families With Children,Author,2025-03-20,hispanicresearchcenter.org,https://www.hispanicresearchcenter.org/research-resources/highlights-decade-research-supports-economic-self-sufficiency-latino-families-children?print=print,0.0,3032e60263ea262264c7.txt,2f88684d309fa76eaa9619fa80e9732af26189e0ed0cc9c2c370cc9df9e855b4
305757b2b9757a973d3d,https://journals.sagepub.com/doi/abs/10.1177/10986111251372007,2026-10-04T03:34:11.722553+00:00,sagepub.com,False,http_error,403.0,https://journals.sagepub.com/doi/abs/10.1177/10986111251372007,5774.0,not_extracted,0,0,,text/html; charset=UTF-8,,,,,,0.0,,
30e3af1b20ad69a5ad7e,https://ama-assn.org/about/leadership/maintaining-preventive-coverage-vital-public-health,2026-10-04T03:34:11.790254+00:00,ama-assn.org,False,http_error,403.0,https://www.ama-assn.org/about/leadership/maintaining-preventive-coverage-vital-public-health,5487.0,not_extracted,0,0,,text/html; charset=UTF-8,,,,,,0.0,,
3105df47fea25f808baf,https://pathways.gseis.ucla.edu/publications/201307_HSConditionsRB.pdf,2026-10-04T03:34:13.477167+00:00,ucla.edu,True,downloaded,200.0,https://pathways.gseis.ucla.edu/publications/201307_HSConditionsRB.pdf,305914.0,success,74151,10358,pdf,application/pdf,,,,,,0.0,3105df47fea25f808baf.txt,ae975ef27330460be1c0bb5a0639adf37b6697c7b522e2c257c77b870b574a04
313429e6f57d22dbd2d3,https://salud-america.org/what-do-latinos-think-about-preventative-care,2026-10-04T03:34:13.509192+00:00,salud-america.org,True,downloaded,200.0,https://salud-america.org/what-do-latinos-think-about-preventative-care/,79729.0,success,7304,1157,html,text/html; charset=UTF-8,What Do Latinos Think about Preventative Care? - Salud America,Catherine Stewart,2024-08-07,Salud America!,https://salud-america.org/what-do-latinos-think-about-preventative-care/,0.0,313429e6f57d22dbd2d3.txt,53ae260527ba511115eb7f885b2a031a4dddce3554d4285cb789a189f7157b4f
31645ab9347ac8fff821,https://pubmed.ncbi.nlm.nih.gov/27473922,2026-10-04T03:34:14.297561+00:00,nih.gov,True,downloaded,203.0,https://pubmed.ncbi.nlm.nih.gov/27473922/,5590.0,success,100,14,html,text/html; charset=utf-8,Cookies must be enabled,,,pubmed.ncbi.nlm.nih.gov,https://pubmed.ncbi.nlm.nih.gov/27473922/,0.0,31645ab9347ac8fff821.txt,f193d0de906419650acf171625dbd67f88f297290893b5473e1d8365c03d4b59
3175b4102a7b8b4425cf,https://ssa.gov/policy/docs/ssb/v67n2/v67n2p73.html,2026-10-04T03:34:14.672524+00:00,ssa.gov,False,curl_error,0.0,https://ssa.gov/policy/docs/ssb/v67n2/v67n2p73.html,,not_extracted,0,0,,,,,,,,60.0,,
31cd2793962f291f824c,https://cbcfinc.org/blog/five-key-policy-issues-for-black-americans-in-2026,2026-10-04T03:34:14.771193+00:00,cbcfinc.org,True,downloaded,200.0,https://www.cbcfinc.org/blog/five-key-policy-issues-for-black-americans-in-2026/,112615.0,success,6141,913,html,text/html; charset=UTF-8,Five Key Policy Issues for Black Americans in 2026 » Congressional Black Caucus Foundation » Advancing the Global Black Community by Developing Leaders Informing Policy and Educating the Public,Congressional Black Caucus Foundation,2026-01-29,"Congressional Black Caucus Foundation, Inc.",https://www.cbcfinc.org/blog/five-key-policy-issues-for-black-americans-in-2026/,0.0,31cd2793962f291f824c.txt,4ed7331a9f6d1a31b2bcd6562aee117ad9477e9da1ca9d74b5997be97394a05c
31ebfda1414824ccb781,https://ajph.aphapublications.org/doi/full/10.2105/AJPH.2007.123927,2026-10-04T03:34:14.941683+00:00,aphapublications.org,False,http_error,403.0,https://ajph.aphapublications.org/doi/full/10.2105/AJPH.2007.123927,5779.0,not_extracted,0,0,,text/html; charset=UTF-8,,,,,,0.0,,
3201bf4b3cc778c01acc,https://annuities.pacificlife.com/home/resources/retirement-landscape/blog/2025/three-retirement-planning-opportunities-for-hispanic-clients.html,2026-10-04T03:34:17.700393+00:00,pacificlife.com,True,downloaded,200.0,https://www.annuities.pacificlife.com/home/resources/retirement-landscape/blog/2025/three-retirement-planning-opportunities-for-hispanic-clients.html,74951.0,success,7491,1073,html,text/html;charset=utf-8,Three Retirement Planning Strategies for Hispanic Clients,Pacific Life Annuities,2025-09-10,annuities.pacificlife.com,https://www.annuities.pacificlife.com/home/resources/retirement-landscape/blog/2025/three-retirement-planning-opportunities-for-hispanic-clients.html,0.0,3201bf4b3cc778c01acc.txt,896028d47fc2f70078e5218f5441f4aaffea9d30b2b1649b65d6c501a0275393
32071746a95da5bc9476,https://ojp.gov/ncjrs/virtual-library/abstracts/investigative-detention-constitutional-constraints-police-use-force,2026-10-04T03:34:18.814700+00:00,ojp.gov,True,downloaded,200.0,https://www.ojp.gov/ncjrs/virtual-library/abstracts/investigative-detention-constitutional-constraints-police-use-force,55699.0,success,2612,403,html,text/html; charset=UTF-8,NCJRS Virtual Library,Author J C Hall,1996-01-01,ojp.gov,https://www.ojp.gov/ncjrs/virtual-library/abstracts/investigative-detention-constitutional-constraints-police-use-force,0.0,32071746a95da5bc9476.txt,07e2b165cd9c1e6e1674e0b0bf1bfffbe220b6ddc2ebb6f0eb48ec642c6d1a1b
3264383bc930bdb312b6,https://sciencedirect.com/science/article/pii/S2590291125006060,2026-10-04T03:34:18.904366+00:00,sciencedirect.com,False,http_error,403.0,https://www.sciencedirect.com/science/article/pii/S2590291125006060,1207871.0,not_extracted,0,0,,text/html; charset=UTF-8,,,,,,0.0,,
3292cafe98f4046dd22d,https://pmc.ncbi.nlm.nih.gov/articles/PMC12228652,2026-10-04T03:34:20.657893+00:00,nih.gov,True,downloaded,200.0,https://pmc.ncbi.nlm.nih.gov/articles/PMC12228652,21371.0,success,131,18,html,text/html; charset=utf-8,Checking your browser,,2026-09-11,google.com,https://www.google.com/recaptcha/challengepage,0.0,3292cafe98f4046dd22d.txt,a29166d0eaaa418bd5af61a282f1183a46c84c4d5e4c90689b1b452d230d05cc
32ad32380ce4b97b571e,https://sciencedirect.com/science/article/abs/pii/S0047235221000490,2026-10-04T03:34:20.878846+00:00,sciencedirect.com,False,http_error,403.0,https://www.sciencedirect.com/science/article/abs/pii/S0047235221000490,1207883.0,not_extracted,0,0,,text/html; charset=UTF-8,,,,,,0.0,,
32b8a7928dc7bf520524,https://humanrights.gov.au/resource-hub/disability-rights/access-education-students-disability,2026-10-04T03:34:21.828673+00:00,humanrights.gov.au,False,http_error,403.0,https://humanrights.gov.au/resource-hub/disability-rights/access-education-students-disability,5844.0,not_extracted,0,0,,text/html; charset=UTF-8,,,,,,0.0,,
32c8544576c473a2201d,https://pmc.ncbi.nlm.nih.gov/articles/PMC6309763,2026-10-04T03:34:24.033279+00:00,nih.gov,True,downloaded,200.0,https://pmc.ncbi.nlm.nih.gov/articles/PMC6309763,21365.0,success,131,18,html,text/html; charset=utf-8,Checking your browser,,2026-09-11,google.com,https://www.google.com/recaptcha/challengepage,0.0,32c8544576c473a2201d.txt,a29166d0eaaa418bd5af61a282f1183a46c84c4d5e4c90689b1b452d230d05cc
32cc5980a89e0abd4bb7,https://academicworks.cuny.edu/cgi/viewcontent.cgi?article=6918&context=gc_etds,2026-10-04T03:34:24.499988+00:00,cuny.edu,False,http_error,403.0,https://academicworks.cuny.edu/cgi/viewcontent.cgi?article=6918&context=gc_etds,5778.0,not_extracted,0,0,,text/html; charset=UTF-8,,,,,,0.0,,
336ffc72af7d3cc839bb,https://unidosus.org/blog/2026/06/16/federal-snap-cuts-have-denied-millions-of-latinos-and-other-americans-help-paying-for-food,2026-10-04T03:34:25.060853+00:00,unidosus.org,True,downloaded,200.0,https://unidosus.org/blog/2026/06/16/federal-snap-cuts-have-denied-millions-of-latinos-and-other-americans-help-paying-for-food/,197325.0,success,19941,3973,html,text/html; charset=UTF-8,Federal SNAP cuts have denied millions of Latinos and other Americans help paying for food,Alessandra Cespedes; UnidosUS,2026-06-16,UnidosUS,https://unidosus.org/blog/2026/06/16/federal-snap-cuts-have-denied-millions-of-latinos-and-other-americans-help-paying-for-food/,0.0,336ffc72af7d3cc839bb.txt,61390706a17da110728822524cc863211fb4e7414c0bdcedc0f6587fafd0c7c1
33746694a7aefbf498ac,https://stephaniehahn.com/blog/2023/03/3-factors-that-increase-the-risk-of-workplace-sexual-harassment,2026-10-04T03:34:27.049464+00:00,stephaniehahn.com,False,http_error,403.0,https://stephaniehahn.com/blog/2023/03/3-factors-that-increase-the-risk-of-workplace-sexual-harassment,5827.0,not_extracted,0,0,,text/html; charset=UTF-8,,,,,,0.0,,
33968ea5339bef3befa1,https://nlc.org/article/2022/10/28/barriers-existing-practices-recommendations-in-housing-for-hispanic-latinx-latinoa-residents,2026-10-04T03:34:27.122565+00:00,nlc.org,True,downloaded,200.0,https://www.nlc.org/article/2022/10/28/barriers-existing-practices-recommendations-in-housing-for-hispanic-latinx-latinoa-residents,145053.0,success,10387,1411,html,text/html; charset=UTF-8,"Barriers, Existing Practices & Recommendations in Housing for Hispanic, Latinx/Latino(a)* Residents",About the Authors,2022-10-28,National League of Cities,https://www.nlc.org/article/2022/10/28/barriers-existing-practices-recommendations-in-housing-for-hispanic-latinx-latinoa-residents/,0.0,33968ea5339bef3befa1.txt,5b3030125343661414090ba862b15aa0703acf1a1e65f5e9cf14a493172c747d
33c754c0e264fe2c55c8,https://rasmussen.edu/degrees/health-sciences/blog/patient-safety-in-hospitals,2026-10-04T03:34:27.280853+00:00,rasmussen.edu,True,downloaded,200.0,https://www.rasmussen.edu/degrees/health-sciences/blog/patient-safety-in-hospitals/,342049.0,success,6994,1120,html,text/html; charset=utf-8,5 Factors that Can Improve Patient Safety in Hospitals | Rasmussen University,Ashley Brooks,2018-08-22,Rasmussen University,https://www.rasmussen.edu/degrees/health-sciences/blog/patient-safety-in-hospitals/,0.0,33c754c0e264fe2c55c8.txt,ad27fd9043ebebd0e8156a5410eda704bebd632e5d858a379d17312a8143e7a0
33d5a2463b5d66f100cd,https://cbpp.org/research/poverty-and-inequality/expanding-work-requirements-would-make-it-harder-for-people-to-meet,2026-10-04T03:34:27.974320+00:00,cbpp.org,False,http_error,403.0,https://cbpp.org/research/poverty-and-inequality/expanding-work-requirements-would-make-it-harder-for-people-to-meet,6158.0,not_extracted,0,0,,text/html; charset=UTF-8,,,,,,0.0,,
33f7534926f2acebe58d,https://americanprogress.org/article/protecting-basic-living-standards-lgbtq-people,2026-10-04T03:34:29.175638+00:00,americanprogress.org,False,http_error,403.0,https://www.americanprogress.org/article/protecting-basic-living-standards-lgbtq-people,5812.0,not_extracted,0,0,,text/html; charset=UTF-8,,,,,,0.0,,
3402c00745aaeed3bf0b,https://stacks.cdc.gov/view/cdc/128469,2026-10-04T03:34:29.668630+00:00,cdc.gov,False,http_error,403.0,https://stacks.cdc.gov/view/cdc/128469,389.0,not_extracted,0,0,,text/html,,,,,,0.0,,
3431f8b30ac8939d3772,https://aspe.hhs.gov/sites/default/files/documents/125e672c9d7b9fa620ec62afe0435160/ASPE_Latino_Health_Coverage_IB.pdf,2026-10-04T03:34:30.103228+00:00,hhs.gov,True,downloaded,200.0,https://aspe.hhs.gov/sites/default/files/documents/125e672c9d7b9fa620ec62afe0435160/ASPE_Latino_Health_Coverage_IB.pdf,852111.0,success,46670,6616,pdf,application/pdf,,,,,,0.0,3431f8b30ac8939d3772.txt,9fe669360c907e824bfa86a0f1a46b3944b2c24dded3923024d9aaaf769f94ba
353bd50c40575108b73f,https://linkedin.com/posts/madelinemann_recruiting-career-lookingforjob-activity-7397665485141524480-26hi,2026-10-04T03:34:31.029903+00:00,linkedin.com,False,robots_disallowed,,https://linkedin.com/posts/madelinemann_recruiting-career-lookingforjob-activity-7397665485141524480-26hi,,not_extracted,0,0,,,,,,,,,,
354ced46cedfd302117d,https://pmc.ncbi.nlm.nih.gov/articles/PMC11195964,2026-10-04T03:34:31.030131+00:00,nih.gov,True,downloaded,200.0,https://pmc.ncbi.nlm.nih.gov/articles/PMC11195964,21368.0,success,131,18,html,text/html; charset=utf-8,Checking your browser,,2026-09-11,google.com,https://www.google.com/recaptcha/challengepage,0.0,354ced46cedfd302117d.txt,a29166d0eaaa418bd5af61a282f1183a46c84c4d5e4c90689b1b452d230d05cc
356ef631d65260b12137,https://federalreserve.gov/econres/feds/how-much-does-racial-bias-affect-mortgage-lending.htm,2026-10-04T03:34:31.274186+00:00,federalreserve.gov,True,downloaded,200.0,https://www.federalreserve.gov/econres/feds/how-much-does-racial-bias-affect-mortgage-lending.htm,87816.0,success,1802,259,html,text/html,How Much Does Racial Bias Affect Mortgage Lending? Evidence from Human and Algorithmic Credit Decisions,Neil Bhutta; Aurel Hizmo; Daniel Ringo,2022-10-18,federalreserve.gov,https://www.federalreserve.gov/econres/feds/how-much-does-racial-bias-affect-mortgage-lending.htm,0.0,356ef631d65260b12137.txt,b706ecd756ac04e73b0427db49ff529f22e71b38a97de50de5bd2eee9b2e6ba6
3570c7ef5743f0852744,https://kff.org/medicaid/medicaid-and-chip-eligibility-enrollment-and-renewal-policies-as-states-prepare-for-major-medicaid-policy-changes,2026-10-04T03:34:32.569059+00:00,kff.org,True,downloaded,200.0,https://www.kff.org/medicaid/medicaid-and-chip-eligibility-enrollment-and-renewal-policies-as-states-prepare-for-major-medicaid-policy-changes/,609824.0,success,42295,6424,html,text/html; charset=UTF-8,"Medicaid and CHIP Eligibility, Enrollment, and Renewal Policies as States Prepare for Major Medicaid Policy Changes | KFF",Tricia Brooks; Jennifer Tolbert; Anna Mudumala; Amaya Diana; Yuliya Yafimenka; Antony Lin,2026-04-30,"KFF - The independent source for health policy research, polling, and news",https://www.kff.org/medicaid/medicaid-and-chip-eligibility-enrollment-and-renewal-policies-as-states-prepare-for-major-medicaid-policy-changes/,0.0,3570c7ef5743f0852744.txt,ed68e9e47e8227a7223115d92c18cd278ff85ab69b86acd81e5c5a2b6bad03b7
35bf709073e53235f5d2,https://wbur.org/cognoscenti/2023/10/19/racial-bullying-george-floyd-alexis-rickmers-oren-sellstrom,2026-10-04T03:34:33.338055+00:00,wbur.org,True,downloaded,200.0,https://www.wbur.org/cognoscenti/2023/10/19/racial-bullying-george-floyd-alexis-rickmers-oren-sellstrom,411046.0,success,5394,847,html,text/html; charset=utf-8,Racial bullying in schools is on the rise — including here in Mass.,Alexis Rickmers; Oren Sellstrom,2023-10-19,Wbur,https://www.wbur.org/cognoscenti/2023/10/19/racial-bullying-george-floyd-alexis-rickmers-oren-sellstrom,0.0,35bf709073e53235f5d2.txt,11359eb076f1fa99ec273770f7afad4ddb5b00a5f091be67b342c3bf195f1e9b
35d6d9433bc74045f18a,https://commonwealthfund.org/publications/issue-briefs/2018/apr/how-affordable-care-act-has-affected-health-coverage-young-men,2026-10-04T03:34:33.513238+00:00,commonwealthfund.org,False,http_error,403.0,https://commonwealthfund.org/publications/issue-briefs/2018/apr/how-affordable-care-act-has-affected-health-coverage-young-men,5979.0,not_extracted,0,0,,text/html; charset=UTF-8,,,,,,0.0,,
360493589d75bee01904,https://health-access.org/federal-impacts-medicaid-renewals,2026-10-04T03:34:33.907929+00:00,health-access.org,True,downloaded,200.0,https://health-access.org/federal-impacts-medicaid-renewals/,91127.0,success,7609,1133,html,text/html; charset=UTF-8,Federal Impacts: Medicaid Renewals,Kit Bear,2025-05-19,Health Access California,https://health-access.org/federal-impacts-medicaid-renewals/,0.0,360493589d75bee01904.txt,5a49b761b52d9722e0822d02122b7e4608f027c5ff2ff9078d09514dd870eadf
360e245835bf5a865c6c,https://ebsco.com/research-starters/history/welfares-impact-racialethnic-relations,2026-10-04T03:34:34.283900+00:00,ebsco.com,True,downloaded,200.0,https://www.ebsco.com/research-starters/history/welfares-impact-racialethnic-relations,125401.0,success,16640,2487,html,text/html,Welfare's impact on racial/ethnic relations | History | Research Starters | EBSCOhost,,2022-05-01,EBSCO,https://www.ebsco.com/,0.0,360e245835bf5a865c6c.txt,b89733a05edc0a8d3a95ed12ebdd0c7392896dbbd2b350cee82f481bb4c04c7d
36673977a3f2f5d42e65,https://endhomelessness.org/resources/research-and-analysis/demographic-data-project-geography,2026-10-04T03:34:34.820239+00:00,endhomelessness.org,True,downloaded,200.0,https://endhomelessness.org/resources/research-and-analysis/demographic-data-project-geography,347169.0,success,8392,1273,html,text/html; charset=UTF-8,Demographic Data Project: Geography,Joy Moses,2025-03-10,National Alliance to End Homelessness,https://endhomelessness.org/resources/research-and-analysis/demographic-data-project-geography/,0.0,36673977a3f2f5d42e65.txt,12db705f84fa078f0427ad2cf280f7c6b31178c6310979e4bd702fe647672107
36a834dfe056a5ab922f,https://eeoc.gov/laws/guidance/section-15-race-and-color-discrimination,2026-10-04T03:34:36.056382+00:00,eeoc.gov,True,downloaded,200.0,https://www.eeoc.gov/laws/guidance/section-15-race-and-color-discrimination,287305.0,success,566,56,html,text/html; charset=utf-8,Section 15 Race and Color Discrimination,This guidance document was issued upon approval by vote,2006-04-19,U.S. Equal Employment Opportunity Commission,https://www.eeoc.gov/laws/guidance/section-15-race-and-color-discrimination,0.0,36a834dfe056a5ab922f.txt,fe89d1b1a6a4aadca10dbce1e1754f60c55aac9aba8cef1ddb9c278197f9a345
36b15a67627803b4b59e,https://ehdinsurance.com/deep-dive-understanding-and-reducing-harassment-risk-factors,2026-10-04T03:34:36.900405+00:00,ehdinsurance.com,True,downloaded,200.0,https://ehdinsurance.com/deep-dive-understanding-and-reducing-harassment-risk-factors/,243491.0,success,7317,1067,html,text/html; charset=UTF-8,Deep Dive: Understanding and Reducing Harassment Risk Factors - EHD Insurance,VeloCap,2023-08-30,EHD Insurance,https://ehdinsurance.com/deep-dive-understanding-and-reducing-harassment-risk-factors/,0.0,36b15a67627803b4b59e.txt,7876983be92e3f15ca1273713796d24beb00f5a57e166f565f5f31622b51afb0
36cf4c5819386d13cebd,https://commonwealthfund.org/blog/2023/state-health-equity-initiatives-confront-decades-racism-insurance-industry,2026-10-04T03:34:37.639443+00:00,commonwealthfund.org,False,http_error,403.0,https://commonwealthfund.org/blog/2023/state-health-equity-initiatives-confront-decades-racism-insurance-industry,5919.0,not_extracted,0,0,,text/html; charset=UTF-8,,,,,,0.0,,
36d5c174c4479cdb20e7,https://pmc.ncbi.nlm.nih.gov/articles/PMC2690299,2026-10-04T03:34:37.693251+00:00,nih.gov,True,downloaded,200.0,https://pmc.ncbi.nlm.nih.gov/articles/PMC2690299,21368.0,success,131,18,html,text/html; charset=utf-8,Checking your browser,,2026-09-11,google.com,https://www.google.com/recaptcha/challengepage,0.0,36d5c174c4479cdb20e7.txt,a29166d0eaaa418bd5af61a282f1183a46c84c4d5e4c90689b1b452d230d05cc
373f4291d085e19978e6,https://ajpmonline.org/article/S0749-3797(25)00724-X/fulltext,2026-10-04T03:34:37.693662+00:00,ajpmonline.org,False,http_error,403.0,https://ajpmonline.org/article/S0749-3797(25)00724-X/fulltext,5761.0,not_extracted,0,0,,text/html; charset=UTF-8,,,,,,0.0,,
374e2d8a949b8ec0b5dc,https://unwomen.org/en/articles/facts-and-figures/facts-and-figures-economic-empowerment,2026-10-04T03:34:40.184005+00:00,unwomen.org,True,downloaded,200.0,https://www.unwomen.org/en/articles/facts-and-figures/facts-and-figures-economic-empowerment,787571.0,success,25605,3388,html,text/html; charset=UTF-8,Facts and figures: Economic empowerment | UN Women – Headquarters,,2024-06-28,UN Women – Headquarters,https://www.unwomen.org/en/articles/facts-and-figures/facts-and-figures-economic-empowerment,0.0,374e2d8a949b8ec0b5dc.txt,47a4ff247a5d33196244fdc311f910e57e6c20bc45554075eb242db5e8cb6541
37844408c2855aec8c95,https://sciencedirect.com/science/article/abs/pii/S0190740909001819,2026-10-04T03:34:40.934007+00:00,sciencedirect.com,False,http_error,403.0,https://www.sciencedirect.com/science/article/abs/pii/S0190740909001819,1207905.0,not_extracted,0,0,,text/html; charset=UTF-8,,,,,,0.0,,
37c38b7f648527b3cc8e,https://abilitykc.org/5-commonly-faced-barriers-to-employment-that-persons-with-disabilities-often-face,2026-10-04T03:34:41.124051+00:00,abilitykc.org,True,downloaded,200.0,https://abilitykc.org/5-commonly-faced-barriers-to-employment-that-persons-with-disabilities-often-face/,220829.0,success,4679,725,html,text/html; charset=UTF-8,5 Barriers to Employment Faced by Persons With Disabilities,Ll Abilitykc,2025-03-15,Ability KC,https://abilitykc.org/5-commonly-faced-barriers-to-employment-that-persons-with-disabilities-often-face/,0.0,37c38b7f648527b3cc8e.txt,5bb18f79d1e653e7df9dcf3bb24d0904ec72b49adffdb76eb822317e329c7781
3888bbf50f0a95385be7,https://pewresearch.org/social-trends/2013/12/11/chapter-3-what-men-women-value-in-a-job,2026-10-04T03:34:41.840624+00:00,pewresearch.org,True,downloaded,200.0,https://www.pewresearch.org/social-trends/2013/12/11/chapter-3-what-men-women-value-in-a-job/,439742.0,success,13725,2399,html,text/html; charset=UTF-8,"Chapter 3: What Men, Women Value in a Job",No Author,2013-12-11,Pew Research Center,https://www.pewresearch.org/social-trends/2013/12/11/chapter-3-what-men-women-value-in-a-job/,0.0,3888bbf50f0a95385be7.txt,fef534859e965b92c40456f9934a73acef7b89653a78b97bfd631e108673d769
38b05133ffef29d3cd1e,https://nacacnet.org/factors-in-the-admission-decision,2026-10-04T03:34:42.850148+00:00,nacacnet.org,True,downloaded,200.0,https://www.nacacnet.org/factors-in-the-admission-decision/,265028.0,success,4366,932,html,text/html; charset=UTF-8,Factors in the Admission Decision - National Association for College Admission Counseling (NACAC),Michelle Lucas,2023-08-23,National Association for College Admission Counseling (NACAC),https://www.nacacnet.org/factors-in-the-admission-decision/,0.0,38b05133ffef29d3cd1e.txt,520522031153642e0be08bf330e242c160c58458696bccacea6badd718e89ba2
38f3493e6a8492913407,https://link.springer.com/article/10.1186/s12939-025-02603-2,2026-10-04T03:34:44.109020+00:00,springer.com,False,robots_disallowed,,https://link.springer.com/article/10.1186/s12939-025-02603-2,,not_extracted,0,0,,,,,,,,,,
390c270b97b0fd0522ae,https://healthaffairs.org/content/briefs/implications-public-policies-lgbtqi-population-health-us,2026-10-04T03:34:44.109224+00:00,healthaffairs.org,False,http_error,403.0,https://healthaffairs.org/content/briefs/implications-public-policies-lgbtqi-population-health-us,5906.0,not_extracted,0,0,,text/html; charset=UTF-8,,,,,,0.0,,
3952700851987a1de36e,https://who.int/news-room/fact-sheets/detail/patient-safety,2026-10-04T03:34:44.397898+00:00,who.int,True,downloaded,200.0,https://www.who.int/news-room/fact-sheets/detail/patient-safety,124898.0,success,13968,2022,html,text/html; charset=utf-8,Patient safety,,2023-09-11,World Health Organization: WHO,https://www.who.int/news-room/fact-sheets/detail/patient-safety,0.0,3952700851987a1de36e.txt,b27cbbbe172fb0666f574ab96239d2d3ec360913648b088189ffb16f254bf443
3966d4cfa437893f7de1,https://williamsinstitute.law.ucla.edu/wp-content/uploads/Trans-Workplace-Discrimination-Nov-2024.pdf,2026-10-04T03:34:45.316646+00:00,ucla.edu,True,downloaded,200.0,https://williamsinstitute.law.ucla.edu/wp-content/uploads/Trans-Workplace-Discrimination-Nov-2024.pdf,2588530.0,success,84981,12501,pdf,application/pdf,,,,,,0.0,3966d4cfa437893f7de1.txt,a7d074969e87ecefc4be6766ac5147861468fb75bc91717e19392052175b6a29
397cf5e43effd5aa7a2a,https://inc.com/replacemeplease1456157247.html,2026-10-04T03:34:46.574029+00:00,inc.com,False,http_error,403.0,https://www.inc.com/replacemeplease1456157247.html,767.0,not_extracted,0,0,,text/html;charset=utf-8,,,,,,0.0,,
39afce3abce3083d0afd,https://generations.asaging.org/supporting-lgbtq-older-adults-in-retirement-through-research-and-advocacy,2026-10-04T03:34:46.769232+00:00,asaging.org,True,downloaded,200.0,https://generations.asaging.org/supporting-lgbtq-older-adults-in-retirement-through-research-and-advocacy/,189396.0,success,27232,3868,html,text/html; charset=UTF-8,Supporting LGBTQ Older Adults in Retirement Through Research and Advocacy - ASA Generations,ASA Generations; Abiggar,2025-10-22,ASA Generations,https://generations.asaging.org/supporting-lgbtq-older-adults-in-retirement-through-research-and-advocacy/,0.0,39afce3abce3083d0afd.txt,949d582bd1fd9624380756d202c48793f6b6ae4ccbf19449af79386c9bf65da4
39bb5e0953ca4d525125,https://transequality.org/news/new-report-details-failure-of-nation-s-police-departments-to-protect-and-serve-transgender,2026-10-04T03:34:46.779041+00:00,transequality.org,True,downloaded,200.0,https://transequality.org/news/new-report-details-failure-of-nation-s-police-departments-to-protect-and-serve-transgender,95995.0,success,3366,519,html,text/html; charset=UTF-8,New Report Details Failure of Nation’s Police Departments to Protect and Serve Transgender People | A4TE,,2019-06-14,A4TE,https://transequality.org/news/new-report-details-failure-of-nation-s-police-departments-to-protect-and-serve-transgender,0.0,39bb5e0953ca4d525125.txt,4d9ba41d9b06e69ad5a0767f7f9afeb624026500fab54d0d22890748003e5fad
39c5fac8bd8e2440f0cc,https://familypromiseanoka.org/blog/disproportionate-homelessness,2026-10-04T03:34:47.157910+00:00,familypromiseanoka.org,True,downloaded,200.0,https://www.familypromiseanoka.org/blog/disproportionate-homelessness,401014.0,success,8163,1185,html,text/html;charset=UTF-8,Homelessness disproportionately effects people of color.,Gwen Campbell,2022-06-21,Family Promise in Anoka County,https://www.familypromiseanoka.org/blog/disproportionate-homelessness,0.0,39c5fac8bd8e2440f0cc.txt,27385293a0935abfcef47bc9a292575b7a7e576de7fc032ed4cb89eab216d15c
39cc59d2c9d1bdd21d47,https://healthaffairs.org/doi/10.1377/hlthaff.2019.01361,2026-10-04T03:34:47.500939+00:00,healthaffairs.org,False,http_error,403.0,https://healthaffairs.org/doi/10.1377/hlthaff.2019.01361,5719.0,not_extracted,0,0,,text/html; charset=UTF-8,,,,,,0.0,,
3a2b96127bd5f75f0665,https://unitedwayplains.org/what-are-the-root-causes-of-homelessness,2026-10-04T03:34:48.474699+00:00,unitedwayplains.org,True,downloaded,200.0,https://unitedwayplains.org/what-are-the-root-causes-of-homelessness/,161160.0,success,5769,891,html,text/html; charset=UTF-8,What are the root causes of homelessness?,,2023-06-13,United Way of the Plains,https://unitedwayplains.org/what-are-the-root-causes-of-homelessness/,0.0,3a2b96127bd5f75f0665.txt,6829960244ce933386b0cd16064eb75ff1e6fef701f2e5cf2de653b4aaa4df7b
3a4d275d43cc15b7de29,https://pmc.ncbi.nlm.nih.gov/articles/PMC4438581,2026-10-04T03:34:49.816515+00:00,nih.gov,True,downloaded,200.0,https://pmc.ncbi.nlm.nih.gov/articles/PMC4438581,21367.0,success,131,18,html,text/html; charset=utf-8,Checking your browser,,2026-09-11,google.com,https://www.google.com/recaptcha/challengepage,0.0,3a4d275d43cc15b7de29.txt,a29166d0eaaa418bd5af61a282f1183a46c84c4d5e4c90689b1b452d230d05cc
3a50ae6d476153df4d42,https://prisonpolicy.org/blog/2017/08/23/disability,2026-10-04T03:34:50.552643+00:00,prisonpolicy.org,True,downloaded,200.0,https://www.prisonpolicy.org/blog/2017/08/23/disability/,59257.0,success,12062,1847,html,text/html; charset=UTF-8,"Police, courts, jails, and prisons all fail disabled people",Prison Policy Initiative,2017-08-23,PrisonPolicy,https://www.prisonpolicy.org/blog/2017/08/23/disability/,0.0,3a50ae6d476153df4d42.txt,953a5603c85c111a771539861ea1940e39a16ffb7cc84f0e8d95fe27249ac98f
3a8ad4f5086878af4aef,https://pmc.ncbi.nlm.nih.gov/articles/PMC10937783,2026-10-04T03:34:52.932117+00:00,nih.gov,True,downloaded,200.0,https://pmc.ncbi.nlm.nih.gov/articles/PMC10937783,21368.0,success,131,18,html,text/html; charset=utf-8,Checking your browser,,2026-09-11,google.com,https://www.google.com/recaptcha/challengepage,0.0,3a8ad4f5086878af4aef.txt,a29166d0eaaa418bd5af61a282f1183a46c84c4d5e4c90689b1b452d230d05cc
3aa6be39d8e294dab5a0,https://policingproject.org/news-main/2019/11/27/the-importance-of-trans-sensitive-police-policies,2026-10-04T03:34:53.042446+00:00,policingproject.org,True,downloaded,200.0,https://www.policingproject.org/news-main/2019/11/27/the-importance-of-trans-sensitive-police-policies,127095.0,success,8099,1205,html,text/html;charset=utf-8,The Importance of Trans-sensitive Police Policies and Practices — The Policing Project,Policing Project,2019-11-27,The Policing Project,https://www.policingproject.org/news-main/2019/11/27/the-importance-of-trans-sensitive-police-policies,0.0,3aa6be39d8e294dab5a0.txt,f8fe94c13493367d5bd7939f98731beb9f8ed629b40a36274748bcb48811da99
3aa79b393381ef3638af,https://pmc.ncbi.nlm.nih.gov/articles/PMC12614286,2026-10-04T03:34:53.144783+00:00,nih.gov,True,downloaded,200.0,https://pmc.ncbi.nlm.nih.gov/articles/PMC12614286,21372.0,success,131,18,html,text/html; charset=utf-8,Checking your browser,,2026-09-11,google.com,https://www.google.com/recaptcha/challengepage,0.0,3aa79b393381ef3638af.txt,a29166d0eaaa418bd5af61a282f1183a46c84c4d5e4c90689b1b452d230d05cc
3ab2c9e0cad5c30257b8,https://unesco.org/en/articles/what-you-need-know-about-school-violence-and-bullying,2026-10-04T03:34:53.919495+00:00,unesco.org,True,downloaded,200.0,https://www.unesco.org/en/articles/what-you-need-know-about-school-violence-and-bullying,79423.0,success,7846,1154,html,text/html; charset=utf-8,What you need to know about school violence and bullying,,2020-11-03,UNESCO,https://www.unesco.org/en/articles/what-you-need-know-about-school-violence-and-bullying,0.0,3ab2c9e0cad5c30257b8.txt,f6a61588b1fde686891aaa963f9fbc6ee9bdf1d6f11d52a14eb5e987023a4314
3aef06da92fb4ab78593,https://endhomelessness.org/blog/increases-in-individual-homelessness-a-gender-analysis,2026-10-04T03:34:54.076606+00:00,endhomelessness.org,True,downloaded,200.0,https://endhomelessness.org/blog/increases-in-individual-homelessness-a-gender-analysis,347895.0,success,5522,820,html,text/html; charset=UTF-8,Increases in Individual Homelessness: A Gender Analysis,NAEH,2024-11-01,National Alliance to End Homelessness,https://endhomelessness.org/blog/increases-in-individual-homelessness-a-gender-analysis/,0.0,3aef06da92fb4ab78593.txt,ea9e9a143a0e82e3d15d0826063e93c0fad4cbe0013370f2c6673d742e4bfd02
3afcc56e22742afe274e,https://cangrade.com/blog/talent-acquisition/6-science-backed-ways-to-prioritize-hiring-women,2026-10-04T03:34:54.301514+00:00,cangrade.com,False,http_error,404.0,https://cangrade.com/blog/talent-acquisition/6-science-backed-ways-to-prioritize-hiring-women,10.0,not_extracted,0,0,,text/plain; charset=utf-8,,,,,,0.0,,
3b0935f3835d8b80ef37,https://endhomelessness.org/blog/examining-latino-homelessness,2026-10-04T03:34:54.797601+00:00,endhomelessness.org,True,downloaded,200.0,https://endhomelessness.org/blog/examining-latino-homelessness,344404.0,success,3860,572,html,text/html; charset=UTF-8,Examining Latino Homelessness,Andres Orejuela,2025-03-05,National Alliance to End Homelessness,https://endhomelessness.org/blog/examining-latino-homelessness/,0.0,3b0935f3835d8b80ef37.txt,29dbbd146772dc106606a2be741b2ad1cf8660a751ed33e01244f2075f671169
3b3f76e315bf22373a9e,https://pewresearch.org/social-trends/2012/12/18/a-bipartisan-nation-of-beneficiaries,2026-10-04T03:34:55.093720+00:00,pewresearch.org,True,downloaded,200.0,https://www.pewresearch.org/social-trends/2012/12/18/a-bipartisan-nation-of-beneficiaries/,422738.0,success,16002,2556,html,text/html; charset=UTF-8,A Bipartisan Nation of Beneficiaries,Rich Morin; Paul Taylor; Eileen Patten,2012-12-18,Pew Research Center,https://www.pewresearch.org/social-trends/2012/12/18/a-bipartisan-nation-of-beneficiaries/,0.0,3b3f76e315bf22373a9e.txt,4d5b8444d3ef91d833a5524188e38f53ad83444d40dc75575b1eefd55d6aebbd
3b45e3a3595e9dff08c7,https://emerald.com/edi/article/34/6/510/42368/The-impact-of-gay-friendly-recruitment-statements,2026-10-04T03:34:55.904422+00:00,emerald.com,False,http_error,403.0,https://www.emerald.com/edi/article/34/6/510/42368/The-impact-of-gay-friendly-recruitment-statements,5868.0,not_extracted,0,0,,text/html; charset=UTF-8,,,,,,0.0,,
3b4e0315f5a1474a7160,https://healthcare.gov/how-plans-set-your-premiums,2026-10-04T03:34:56.660184+00:00,healthcare.gov,True,downloaded,200.0,https://www.healthcare.gov/how-plans-set-your-premiums/,416704.0,success,1584,255,html,text/html,How Health Insurance Marketplace® Plans Set Your Premiums,,2026-01-01,HealthCare.gov,https://www.healthcare.gov/how-plans-set-your-premiums,0.0,3b4e0315f5a1474a7160.txt,856d47029edbda2f98b2ef71383722cd2e2f3d386e34ac24edd511e591770c38
3b95d31b802cfdcb021d,https://brookings.edu/articles/an-analysis-of-financial-institutions-in-black-majority-communities-black-borrowers-and-depositors-face-considerable-challenges-in-accessing-banking-services,2026-10-04T03:34:58.036730+00:00,brookings.edu,True,downloaded,200.0,https://www.brookings.edu/articles/an-analysis-of-financial-institutions-in-black-majority-communities-black-borrowers-and-depositors-face-considerable-challenges-in-accessing-banking-services/,284588.0,success,41267,6200,html,text/html; charset=UTF-8,An analysis of financial institutions in Black-majority communities: Black borrowers and depositors face considerable challenges in accessing banking services | Brookings,James C Benton,2022-03-09,Brookings,https://www.brookings.edu/articles/an-analysis-of-financial-institutions-in-black-majority-communities-black-borrowers-and-depositors-face-considerable-challenges-in-accessing-banking-services/,0.0,3b95d31b802cfdcb021d.txt,201afb8195de0df4e5ed41ee54169c5603443c8a952448c60aac52df7422bf21
3ba524b9ce68d9d17b14,https://northeastada.org/blog/workplace-bullying-harassment-and-disability,2026-10-04T03:34:58.800272+00:00,northeastada.org,True,downloaded,200.0,https://northeastada.org/blog/workplace-bullying-harassment-and-disability,48115.0,success,9628,1396,html,text/html; charset=utf-8,The,Northeast ADA Center Staff,2020-04-26,NortheastADA,https://northeastada.org/blog/workplace-bullying-harassment-and-disability,0.0,3ba524b9ce68d9d17b14.txt,cf5fd09b617bac0f8d54e5eba03c525bfd048b506e6bfda5ff3546a9b34cdbef
3c1ab936db939e36f0c4,https://americanbar.org/groups/domestic_violence/Initiatives/five-for-five/five-facts-homelessness,2026-10-04T03:34:59.310600+00:00,americanbar.org,False,http_error,403.0,https://americanbar.org/groups/domestic_violence/Initiatives/five-for-five/five-facts-homelessness,5884.0,not_extracted,0,0,,text/html; charset=UTF-8,,,,,,0.0,,
3c66325a54031e952f6c,https://nlihc.org/resource/research-finds-patterns-racial-inequality-housing-subsidy-programs,2026-10-04T03:35:01.042653+00:00,nlihc.org,True,downloaded,200.0,https://nlihc.org/resource/research-finds-patterns-racial-inequality-housing-subsidy-programs,59219.0,success,4003,565,html,text/html; charset=UTF-8,Research Finds Patterns of Racial Inequality in Housing Subsidy Programs,,2023-11-09,National Low Income Housing Coalition,https://nlihc.org/resource/research-finds-patterns-racial-inequality-housing-subsidy-programs,0.0,3c66325a54031e952f6c.txt,952e623d42af03101ffa60987bbda09308e78bc9c614966008df9606c27fb416
3cddef3a39cba22de7bc,https://specialneedsalliance.org/special-needs-101/government-benefits,2026-10-04T03:35:01.219674+00:00,specialneedsalliance.org,True,downloaded,200.0,https://www.specialneedsalliance.org/special-needs-101/government-benefits/,145298.0,success,3895,582,html,text/html; charset=UTF-8,Government Benefits Programs Special Needs Alliance,,2023-08-31,Special Needs Alliance,https://www.specialneedsalliance.org/special-needs-101/government-benefits/,0.0,3cddef3a39cba22de7bc.txt,c400b12f7d582a4568c26e6fda7adbd09e1e046a141f641181d6d32685c3490a
3d44a8dda0e57fbc5a26,https://pmc.ncbi.nlm.nih.gov/articles/PMC9662773,2026-10-04T03:35:02.526726+00:00,nih.gov,True,downloaded,200.0,https://pmc.ncbi.nlm.nih.gov/articles/PMC9662773,21368.0,success,131,18,html,text/html; charset=utf-8,Checking your browser,,2026-09-11,google.com,https://www.google.com/recaptcha/challengepage,0.0,3d44a8dda0e57fbc5a26.txt,a29166d0eaaa418bd5af61a282f1183a46c84c4d5e4c90689b1b452d230d05cc
3d5cf76c81aeb7a197f9,https://ncbi.nlm.nih.gov/books/NBK220738,2026-10-04T03:35:02.771537+00:00,nih.gov,True,downloaded,200.0,https://ncbi.nlm.nih.gov/books/NBK220738,21333.0,success,127,18,html,text/html; charset=utf-8,Checking your browser,,2026-09-11,google.com,https://www.google.com/recaptcha/challengepage,0.0,3d5cf76c81aeb7a197f9.txt,a6950382e9f383805d5cb88eee7bb6dbb9f70bf9f328b964221d52761db4cd7b
3d6d8da4adca8cf836a9,https://mhanational.org/blog/challenges-being-lgbtq-workplace,2026-10-04T03:35:03.331901+00:00,mhanational.org,True,downloaded,200.0,https://mhanational.org/blog/challenges-being-lgbtq-workplace/,136758.0,success,3891,662,html,text/html; charset=UTF-8,The challenges of being LGBTQ in the workplace | Mental Health America,,2025-02-21,Mental Health America,https://mhanational.org/blog/challenges-being-lgbtq-workplace/,0.0,3d6d8da4adca8cf836a9.txt,8104f29608e6adba6acf51a477e0d948c1e320e0fd4d6148084a6f5a0c07ac90
3d9ccd872dc043080400,https://aibm.org/research/jobs-by-gender,2026-10-04T03:35:03.893370+00:00,aibm.org,True,downloaded,200.0,https://aibm.org/research/jobs-by-gender/,102795.0,success,8874,1397,html,text/html; charset=UTF-8,Occupations by gender: The facts,Ravan Hawrami; Alanna Williams,2025-11-03,American Institute for Boys and Men,https://aibm.org/research/jobs-by-gender/,0.0,3d9ccd872dc043080400.txt,8989d56eefae0c4f97cad2a209ba511a1a62b9ae984bbd9522d36ecc6158b83a
3decabf24afd624461ad,https://sph.umn.edu/news/7-factors-of-career-success,2026-10-04T03:35:04.513280+00:00,umn.edu,True,downloaded,200.0,https://www.sph.umn.edu/news/7-factors-of-career-success/,84121.0,success,3861,625,html,text/html; charset=UTF-8,7 Factors of Career Success - School of Public Health - University of Minnesota,Tom Stanoch,2021-07-10,University of Minnesota School of Public Health,https://www.sph.umn.edu/news/7-factors-of-career-success/,0.0,3decabf24afd624461ad.txt,c67974990e103cb66d925e9d702b3ca63cd59045dc537479fe3626280432e5cf
3df5b39ec9750776d537,https://williamsinstitute.law.ucla.edu/publications/medicaid-trans-health-care,2026-10-04T03:35:06.082678+00:00,ucla.edu,True,downloaded,200.0,https://williamsinstitute.law.ucla.edu/publications/medicaid-trans-health-care/,113499.0,success,2354,341,html,text/html; charset=UTF-8,Medicaid Coverage for Gender-Affirming Care,Loyal; Thisisloyal Com,2025-02-04,The Williams Institute at UCLA School of Law,https://williamsinstitute.law.ucla.edu/publications/medicaid-trans-health-care/,0.0,3df5b39ec9750776d537.txt,06c7d2ac58c8a58fd1f33d6e4277553b29ea33c3c6609b70401bcae14310419e
3e74166602cbcdbd9f60,https://williamsinstitute.law.ucla.edu/press/lgbtq-college-decisions,2026-10-04T03:35:08.247163+00:00,ucla.edu,True,downloaded,200.0,https://williamsinstitute.law.ucla.edu/press/lgbtq-college-decisions/,109089.0,success,4301,664,html,text/html; charset=UTF-8,LGBTQ people four times more likely than non-LGBTQ peers to choose a college away from home to find acceptance,Loyal; Thisisloyal Com,2022-05-13,The Williams Institute at UCLA School of Law,https://williamsinstitute.law.ucla.edu/press/lgbtq-college-decisions/,0.0,3e74166602cbcdbd9f60.txt,36027cf7f6fd7ca80915c102798e54cd164d7e9fa8607dc22a7c28811cb5c524
3e823021c0e3a6e02a57,https://archive-housingmatters.urban.org/articles/five-facts-about-housing-access-lgbt-people,2026-10-04T03:35:08.722525+00:00,urban.org,False,http_error,403.0,https://archive-housingmatters.urban.org/articles/five-facts-about-housing-access-lgbt-people,5878.0,not_extracted,0,0,,text/html; charset=UTF-8,,,,,,0.0,,
3e8a2d1948dc8d4ce8a0,https://pmc.ncbi.nlm.nih.gov/articles/PMC5763841,2026-10-04T03:35:09.973187+00:00,nih.gov,True,downloaded,200.0,https://pmc.ncbi.nlm.nih.gov/articles/PMC5763841/,21368.0,success,131,18,html,text/html; charset=utf-8,Checking your browser,,2026-09-11,google.com,https://www.google.com/recaptcha/challengepage,0.0,3e8a2d1948dc8d4ce8a0.txt,a29166d0eaaa418bd5af61a282f1183a46c84c4d5e4c90689b1b452d230d05cc
3eabb7d679a1823d4f26,https://futureofhousing.aarp.org/systemic-barriers,2026-10-04T03:35:10.274037+00:00,aarp.org,True,downloaded,200.0,https://futureofhousing.aarp.org/systemic-barriers/,690633.0,success,1455,206,html,text/html; charset=UTF-8,Systemic Barriers,AARP,2022-11-01,futureofhousing.aarp.org,https://futureofhousing.aarp.org/systemic-barriers/,0.0,3eabb7d679a1823d4f26.txt,0dfadaeb74e7a88a380965aa3446c42c552568695631f88c13aa6a38dbad50b1
3edfaded8bfafbcbf2ef,https://milbank.org/quarterly/opinions/the-confusing-landscape-of-gender-affirming-care-for-transgender-medicaid-patients,2026-10-04T03:35:10.382353+00:00,milbank.org,True,downloaded,200.0,https://www.milbank.org/quarterly/opinions/the-confusing-landscape-of-gender-affirming-care-for-transgender-medicaid-patients/,126289.0,success,7676,1110,html,text/html; charset=UTF-8,The Confusing Landscape of Gender-Affirming Care for Transgender Medicaid Patients | Milbank Memorial Fund,Heidi L Allen,2023-07-25,Milbank Memorial Fund,https://www.milbank.org/quarterly/opinions/the-confusing-landscape-of-gender-affirming-care-for-transgender-medicaid-patients/,0.0,3edfaded8bfafbcbf2ef.txt,873075f51e554dc499285ae22ea2b0aeccf2382068800f736bd43373eaace66d
3f6db0d15eb34b14a51a,https://nlc.org/article/2023/08/17/housing-for-individuals-with-disabilities,2026-10-04T03:35:11.273826+00:00,nlc.org,True,downloaded,200.0,https://www.nlc.org/article/2023/08/17/housing-for-individuals-with-disabilities,135883.0,success,4729,692,html,text/html; charset=UTF-8,Housing for Individuals with Disabilities,About the Author,2023-08-17,National League of Cities,https://www.nlc.org/article/2023/08/17/housing-for-individuals-with-disabilities/,0.0,3f6db0d15eb34b14a51a.txt,8a88b8400ac8ec928ab4f49fbe62ecc45337045e7c29b0ca61a207e15461a0ea
3fbfd36d6925238ba67f,https://latino.ucla.edu/press/ucla-lppi-study-reveals-housing-challenges-for-latino-renters-in-los-angeles,2026-10-04T03:35:11.779399+00:00,ucla.edu,True,downloaded,200.0,https://latino.ucla.edu/press/ucla-lppi-study-reveals-housing-challenges-for-latino-renters-in-los-angeles/,148524.0,success,4516,694,html,text/html; charset=UTF-8,UCLA LPPI Study Reveals Housing Challenges for Latino Renters in Los Angeles,,2024-01-30,Latino Policy & Politics Institute,https://latino.ucla.edu/press/ucla-lppi-study-reveals-housing-challenges-for-latino-renters-in-los-angeles/,0.0,3fbfd36d6925238ba67f.txt,90d58eec6d0c2c379ccb23b6943fa51dd1392a14a626009e7f373fd8c9775ccd
3fe5dce9ee5ccd21f65d,https://irp.wisc.edu/resource/connections-among-poverty-incarceration-and-inequality,2026-10-04T03:35:12.433868+00:00,wisc.edu,True,downloaded,200.0,https://www.irp.wisc.edu/resource/connections-among-poverty-incarceration-and-inequality/,80561.0,success,13532,2002,html,text/html; charset=UTF-8,"Connections Among Poverty, Incarceration, and Inequality",,2020-06-17,INSTITUTE FOR RESEARCH ON POVERTY,https://www.irp.wisc.edu/resource/connections-among-poverty-incarceration-and-inequality/,0.0,3fe5dce9ee5ccd21f65d.txt,f6597e1ebc9f8a6b85bea7a44e9730ff0c6ec56d07e9c76ce13423b48e99c131
4008d3a7e5894a0bf318,https://faireconomy.org/11_ways_the_federal_government_contributed_to_the_racial_wealth_divide,2026-10-04T03:35:12.546042+00:00,faireconomy.org,False,curl_error,0.0,https://faireconomy.org/11_ways_the_federal_government_contributed_to_the_racial_wealth_divide,,not_extracted,0,0,,,,,,,,6.0,,
40661386893a266bd584,https://mapresearch.org/press-release/protecting-our-lgbt-elders-an-overview-of-lgbt-aging-issues,2026-10-04T03:35:13.520658+00:00,mapresearch.org,True,downloaded,200.0,https://mapresearch.org/press-release/protecting-our-lgbt-elders-an-overview-of-lgbt-aging-issues,331187.0,success,9816,1519,html,text/html; charset=UTF-8,Protecting Our LGBT Elders - An Overview of LGBT Aging Issues - Movement Advancement Project,,2026-03-25,Movement Advancement Project,https://mapresearch.org/press-release/protecting-our-lgbt-elders-an-overview-of-lgbt-aging-issues/,0.0,40661386893a266bd584.txt,14138ac9405b7d61b3bf754d16110b2467e0c17fdd6ad83fb3532a69f5bedd68
407b96961292962a2fcd,https://pmc.ncbi.nlm.nih.gov/articles/PMC7384261,2026-10-04T03:35:14.020789+00:00,nih.gov,True,downloaded,200.0,https://pmc.ncbi.nlm.nih.gov/articles/PMC7384261,21365.0,success,131,18,html,text/html; charset=utf-8,Checking your browser,,2026-09-11,google.com,https://www.google.com/recaptcha/challengepage,0.0,407b96961292962a2fcd.txt,a29166d0eaaa418bd5af61a282f1183a46c84c4d5e4c90689b1b452d230d05cc
40a2de42c847330ffdc3,https://disabilityrightsflorida.org/blog/entry/5_reasons_to_hire_people_with_disabilities,2026-10-04T03:35:15.807640+00:00,disabilityrightsflorida.org,True,downloaded,200.0,https://disabilityrightsflorida.org/blog/entry/5_reasons_to_hire_people_with_disabilities,40607.0,success,5021,723,html,text/html; charset=UTF-8,5 Reasons to Hire People with Disabilities,Disability Rights Florida,2023-10-09,disabilityrightsflorida.org,https://disabilityrightsflorida.org/blog/entry/5_reasons_to_hire_people_with_disabilities,0.0,40a2de42c847330ffdc3.txt,a04a07de99db7d198bf42b631818ed36aa21c7b1cbcc7cd9bf36dbd7a2db6da2
40acd8b57d345627c6f6,https://pmc.ncbi.nlm.nih.gov/articles/PMC4718646,2026-10-04T03:35:17.279345+00:00,nih.gov,True,downloaded,200.0,https://pmc.ncbi.nlm.nih.gov/articles/PMC4718646,21368.0,success,131,18,html,text/html; charset=utf-8,Checking your browser,,2026-09-11,google.com,https://www.google.com/recaptcha/challengepage,0.0,40acd8b57d345627c6f6.txt,a29166d0eaaa418bd5af61a282f1183a46c84c4d5e4c90689b1b452d230d05cc
40bc376c9e74dc4ddbe8,https://worksupport.com/research/documents/pdf/jablonskietal2024employmentbarriersexperiencedatdifferentjobacquisitionstagesbypeoplewithandwithout.pdf,2026-10-04T03:35:17.493802+00:00,worksupport.com,True,downloaded,200.0,https://worksupport.com/research/documents/pdf/jablonskietal2024employmentbarriersexperiencedatdifferentjobacquisitionstagesbypeoplewithandwithout.pdf,115769.0,success,79024,11323,pdf,application/pdf,,,,,,0.0,40bc376c9e74dc4ddbe8.txt,e44786bc351fdb1b64f8ee830b8de5660fb7dc621a208ad2c069c936788a269f
40c5ca92c47a726c8fb9,https://cbpp.org/research/poverty-and-inequality/a-frayed-and-fragmented-system-of-supports-for-low-income-adults,2026-10-04T03:35:17.672137+00:00,cbpp.org,False,http_error,403.0,https://cbpp.org/research/poverty-and-inequality/a-frayed-and-fragmented-system-of-supports-for-low-income-adults,6158.0,not_extracted,0,0,,text/html; charset=UTF-8,,,,,,0.0,,
411bf8df2751eb768ea6,https://sofi.com/learn/content/disability-loan,2026-10-04T03:35:17.984997+00:00,sofi.com,False,http_error,403.0,https://sofi.com/learn/content/disability-loan,483669.0,not_extracted,0,0,,text/html; charset=UTF-8,,,,,,0.0,,
413141d3634b8de01064,https://pewresearch.org/short-reads/2023/08/31/black-workers-views-and-experiences-in-the-us-labor-force-stand-out-in-key-ways,2026-10-04T03:35:18.858040+00:00,pewresearch.org,True,downloaded,200.0,https://www.pewresearch.org/short-reads/2023/08/31/black-workers-views-and-experiences-in-the-us-labor-force-stand-out-in-key-ways/,369329.0,success,8405,1390,html,text/html; charset=UTF-8,Black workers’ views and experiences in the U.S. labor force stand out in key ways,Katherine Schaeffer,2023-08-31,Pew Research Center,https://www.pewresearch.org/short-reads/2023/08/31/black-workers-views-and-experiences-in-the-us-labor-force-stand-out-in-key-ways/,0.0,413141d3634b8de01064.txt,6e747cd523940acc0d9bdf3d7cf108073e87586d14871ba8891f7425a1038063
41656393e8c2e0b68c5b,https://brookings.edu/articles/the-male-college-crisis-is-not-just-in-enrollment-but-completion,2026-10-04T03:35:20.942522+00:00,brookings.edu,True,downloaded,200.0,https://www.brookings.edu/articles/the-male-college-crisis-is-not-just-in-enrollment-but-completion/,201176.0,success,9306,1548,html,text/html; charset=UTF-8,"The male college crisis is not just in enrollment, but completion | Brookings",Ted Piccone; Diana Paz García; Bruce Jones; Valerie Wirtschafter; Emily Markovich Morris; Carolina Campos,2022-03-09,Brookings,https://www.brookings.edu/articles/the-male-college-crisis-is-not-just-in-enrollment-but-completion/,0.0,41656393e8c2e0b68c5b.txt,75002fc58f533ab75841f1b508385d8c1c78038009ba323db1b0c71ea32b05e2
416587a0336b5ed3ef6b,https://pmc.ncbi.nlm.nih.gov/articles/PMC11055463,2026-10-04T03:35:22.989810+00:00,nih.gov,True,downloaded,200.0,https://pmc.ncbi.nlm.nih.gov/articles/PMC11055463,21368.0,success,131,18,html,text/html; charset=utf-8,Checking your browser,,2026-09-11,google.com,https://www.google.com/recaptcha/challengepage,0.0,416587a0336b5ed3ef6b.txt,a29166d0eaaa418bd5af61a282f1183a46c84c4d5e4c90689b1b452d230d05cc
4188c262ce50ed033a83,https://solutionsfdl.org/homelessness-fond-du-lac/what-causes-homelessness,2026-10-04T03:35:23.736145+00:00,solutionsfdl.org,True,downloaded,200.0,https://solutionsfdl.org/homelessness-fond-du-lac/what-causes-homelessness/,69950.0,success,4095,613,html,text/html; charset=UTF-8,What causes homelessness? - Solutions Center Fond du Lac,Solutions Center,2023-07-13,"Solutions Center Shelter & Support Services, Inc.",https://solutionsfdl.org/homelessness-fond-du-lac/what-causes-homelessness/,0.0,4188c262ce50ed033a83.txt,f93e34c4e9e2128159f2712880f620388d33ae4806e54fcae2f5be623a63f19f
41a9fe70f79684c008b1,https://mx.com/research/what-influences-where-consumers-choose-to-bank,2026-10-04T03:35:24.179081+00:00,mx.com,True,downloaded,200.0,https://www.mx.com:443/research/what-influences-where-consumers-choose-to-bank/,113365.0,success,14674,2395,html,text/html,What Influences Where Consumers Choose to Bank | MX Research,,2023-12-08,mx.com,https://www.mx.com/research/what-influences-where-consumers-choose-to-bank/,0.0,41a9fe70f79684c008b1.txt,de74d9a59f4f88b11b27a8c368ae644e314b452216b7eaaa4cec8498b3c11b0e
41b868eba3c26d58735a,https://connective.medium.com/public-benefits-are-so-tough-to-navigate-that-people-dont-use-them-5f7c3a1f02cd,2026-10-04T03:35:24.645772+00:00,medium.com,False,http_error,403.0,https://connective.medium.com/public-benefits-are-so-tough-to-navigate-that-people-dont-use-them-5f7c3a1f02cd,5402.0,not_extracted,0,0,,text/html; charset=UTF-8,,,,,,0.0,,
41c057c28d38c453d69b,https://ncan.org/Web/News/Race-Conscious-Admissions-and-Black-Students-The-Past-Present-and-Future.aspx,2026-10-04T03:35:25.225055+00:00,ncan.org,True,downloaded,200.0,https://ncan.org/Web/News/Race-Conscious-Admissions-and-Black-Students-The-Past-Present-and-Future.aspx,125868.0,success,6883,935,html,text/html; charset=utf-8,"Race-Conscious Admissions and Black Students: The Past, Present, and Future",,2025-07-02,ncan.org,https://www.ncan.org/Web/Web/News/Race-Conscious-Admissions-and-Black-Students-The-Past-Present-and-Future.aspx,0.0,41c057c28d38c453d69b.txt,0131b5e55f819b98526c832d01cc2cea96654e4b3655a4f50dc988b52c283587
41c412deb0fae9a3b128,https://endhomelessness.org/resources/research-and-analysis/demographic-data-project-race,2026-10-04T03:35:25.991073+00:00,endhomelessness.org,True,downloaded,200.0,https://endhomelessness.org/resources/research-and-analysis/demographic-data-project-race,365917.0,success,18032,2722,html,text/html; charset=UTF-8,Demographic Data Project: Race,Joy Moses,2025-03-10,National Alliance to End Homelessness,https://endhomelessness.org/resources/research-and-analysis/demographic-data-project-race/,0.0,41c412deb0fae9a3b128.txt,db305240390ff3ebe13cf90e79ee74a3d9e91cca503c28a8a32d58936d6ab7bf
41cf4f047eac9291aa74,https://abi.org/feed-item/factors-that-threaten-your-social-security-disability-benefits,2026-10-04T03:35:26.222224+00:00,abi.org,False,http_error,403.0,https://abi.org/feed-item/factors-that-threaten-your-social-security-disability-benefits,5835.0,not_extracted,0,0,,text/html; charset=UTF-8,,,,,,0.0,,
42115681a4b01413e560,https://pmc.ncbi.nlm.nih.gov/articles/PMC3669464,2026-10-04T03:35:27.570398+00:00,nih.gov,True,downloaded,200.0,https://pmc.ncbi.nlm.nih.gov/articles/PMC3669464,21367.0,success,131,18,html,text/html; charset=utf-8,Checking your browser,,2026-09-11,google.com,https://www.google.com/recaptcha/challengepage,0.0,42115681a4b01413e560.txt,a29166d0eaaa418bd5af61a282f1183a46c84c4d5e4c90689b1b452d230d05cc
42157260c827e979dba5,https://vitalrecord.tamu.edu/how-race-and-racial-perceptions-shape-public-assistance-policy-opinions,2026-10-04T03:35:27.810755+00:00,tamu.edu,False,http_error,403.0,https://vitalrecord.tamu.edu/how-race-and-racial-perceptions-shape-public-assistance-policy-opinions,5516.0,not_extracted,0,0,,text/html; charset=UTF-8,,,,,,0.0,,
42159b54457cb5368e7b,https://aahd.us/2025/03/dhjo-disability-benefits-decision-making,2026-10-04T03:35:29.283470+00:00,aahd.us,True,downloaded,200.0,https://aahd.us/2025/03/dhjo-disability-benefits-decision-making/,91236.0,success,6815,1028,html,text/html; charset=UTF-8,Research on Disability Benefits Decision-Making - AAHD,Michelle Sayles,2025-03-18,AAHD,https://aahd.us/2025/03/dhjo-disability-benefits-decision-making/,0.0,42159b54457cb5368e7b.txt,c3352f1fed90bbf12cd073eda0bb8eb9d7e8c5d9147d52bd0c3f08b5cd5adbdc
42990a6fc370788c101b,https://vermontpublic.org/2013-10-22/getting-federal-benefits-to-gay-couples-its-complicated,2026-10-04T03:35:30.905870+00:00,vermontpublic.org,True,downloaded,200.0,https://www.vermontpublic.org/2013-10-22/getting-federal-benefits-to-gay-couples-its-complicated,208605.0,success,4649,772,html,text/html;charset=UTF-8,Getting Federal Benefits To Gay Couples: It's Complicated,Carrie Johnson,2013-10-22,Vermont Public,https://www.vermontpublic.org/2013-10-22/getting-federal-benefits-to-gay-couples-its-complicated,0.0,42990a6fc370788c101b.txt,9a318f3ef9ce4c5dee38e29d5981d880286b4b231fc5d53996a91aeba3d15084
42f714cc4d4281466dde,https://mapresearch.org/report/unjust-how-the-broken-criminal-justice-system-fails-transgender-people,2026-10-04T03:35:31.996602+00:00,mapresearch.org,True,downloaded,200.0,https://mapresearch.org/report/unjust-how-the-broken-criminal-justice-system-fails-transgender-people,345937.0,success,2340,343,html,text/html; charset=UTF-8,Unjust: How the Broken Criminal Justice System Fails Transgender People - Movement Advancement Project,,2026-03-25,Movement Advancement Project,https://mapresearch.org/report/unjust-how-the-broken-criminal-justice-system-fails-transgender-people/,0.0,42f714cc4d4281466dde.txt,dd924cd76c1e512e37b2d3d74c4b9c99e0c86032ace1df6bd3cdc74427053d8f
430f8b43b38b4d624c90,https://pmc.ncbi.nlm.nih.gov/articles/PMC10811440,2026-10-04T03:35:32.353193+00:00,nih.gov,True,downloaded,200.0,https://pmc.ncbi.nlm.nih.gov/articles/PMC10811440,21372.0,success,131,18,html,text/html; charset=utf-8,Checking your browser,,2026-09-11,google.com,https://www.google.com/recaptcha/challengepage,0.0,430f8b43b38b4d624c90.txt,a29166d0eaaa418bd5af61a282f1183a46c84c4d5e4c90689b1b452d230d05cc
4331a6442333a9aa4fac,https://pmc.ncbi.nlm.nih.gov/articles/PMC2712944,2026-10-04T03:35:32.773991+00:00,nih.gov,True,downloaded,200.0,https://pmc.ncbi.nlm.nih.gov/articles/PMC2712944,21367.0,success,131,18,html,text/html; charset=utf-8,Checking your browser,,2026-09-11,google.com,https://www.google.com/recaptcha/challengepage,0.0,4331a6442333a9aa4fac.txt,a29166d0eaaa418bd5af61a282f1183a46c84c4d5e4c90689b1b452d230d05cc
435d8547cfe28641f3d9,https://scielo.org.za/scielo.php?pid=S0256-01002025000600013&script=sci_arttext,2026-10-04T03:35:33.151326+00:00,scielo.org.za,True,downloaded,200.0,https://scielo.org.za/scielo.php?pid=S0256-01002025000600013&script=sci_arttext,103085.0,success,55920,7541,html,text/html,Addressing barriers preventing girls and women from accessing education,Du Plessis; Pierre,2025-11-01,South African Journal of Education,http://www.scielo.org.za/scielo.php?pid=S0256-01002025000600013&script=sci_arttext,0.0,435d8547cfe28641f3d9.txt,cf2fd278947efe30580b27404839cfd6756ab654601942e64d6307feadbc9d6c
439458c01d9f32548949,https://pmc.ncbi.nlm.nih.gov/articles/PMC2811044,2026-10-04T03:35:34.660978+00:00,nih.gov,True,downloaded,200.0,https://pmc.ncbi.nlm.nih.gov/articles/PMC2811044,21368.0,success,131,18,html,text/html; charset=utf-8,Checking your browser,,2026-09-11,google.com,https://www.google.com/recaptcha/challengepage,0.0,439458c01d9f32548949.txt,a29166d0eaaa418bd5af61a282f1183a46c84c4d5e4c90689b1b452d230d05cc
43baddc9a3adb4f406b4,https://pmc.ncbi.nlm.nih.gov/articles/PMC4764796,2026-10-04T03:35:34.869493+00:00,nih.gov,True,downloaded,200.0,https://pmc.ncbi.nlm.nih.gov/articles/PMC4764796/,219267.0,success,46159,7043,html,text/html; charset=utf-8,Bullying Victimization among School-Aged Immigrant Youth in the United States,Brandy R Maynard; Michael G Vaughn; Christopher P Salas-Wright; Sharon R Vaughn,2023-08-12,The Journal of adolescent health : official publication of the Society for Adolescent Medicine,https://pmc.ncbi.nlm.nih.gov/articles/PMC4764796/,0.0,43baddc9a3adb4f406b4.txt,f52aa0252193151667099c4b54f98a46c19cb0fca5c50453401adc15c5b23ff4
43be404366d720c41ad9,https://home.ecri.org/blogs/guidance-insights-tools/enhancing-patient-safety-through-systems-thinking-in-healthcare,2026-10-04T03:35:35.396824+00:00,ecri.org,True,downloaded,200.0,https://home.ecri.org/blogs/guidance-insights-tools/enhancing-patient-safety-through-systems-thinking-in-healthcare,125003.0,success,4949,682,html,text/html; charset=utf-8,Enhancing Patient Safety through Systems Thinking in Healthcare,,2025-01-28,ECRI and ISMP,https://home.ecri.org/blogs/guidance-insights-tools/enhancing-patient-safety-through-systems-thinking-in-healthcare,0.0,43be404366d720c41ad9.txt,1aa7f4bce95237cd5949b1cbb2fe928e4ce53892fb1797effb48d467bf8163a9
43c208334aa18c2ee9db,https://transequality.org/news/act-now-protect-our-healthcare,2026-10-04T03:35:35.592056+00:00,transequality.org,True,downloaded,200.0,https://transequality.org/news/act-now-protect-our-healthcare,103947.0,success,6170,967,html,text/html; charset=UTF-8,Act Now to Protect Our Healthcare | A4TE,,2025-03-27,A4TE,https://transequality.org/news/act-now-protect-our-healthcare,0.0,43c208334aa18c2ee9db.txt,d88df50489229d26b058e914a3b6bc9e43220d2a6a79398ea656684e93dd85a9
43d0098e3fb65ccc418b,https://usdigitalresponse.org/resources/the-stories-of-medicaid-renewal-insights-from-those-experiencing-it,2026-10-04T03:35:36.081148+00:00,usdigitalresponse.org,True,downloaded,200.0,https://www.usdigitalresponse.org/resources/the-stories-of-medicaid-renewal-insights-from-those-experiencing-it,57714.0,success,8064,1263,html,text/html; charset=utf-8,The Stories of Medicaid Renewal: Insights from Those Experiencing It,,2023-01-01,usdigitalresponse.org,https://www.usdigitalresponse.org/resources/the-stories-of-medicaid-renewal-insights-from-those-experiencing-it,0.0,43d0098e3fb65ccc418b.txt,1b38bb8ad934bface2f9278151e2baf6c4baf760aa1fa5e7913b951def16df8c
43f2c6a52b936c54a574,https://pmc.ncbi.nlm.nih.gov/articles/PMC13253046,2026-10-04T03:35:36.398717+00:00,nih.gov,True,downloaded,200.0,https://pmc.ncbi.nlm.nih.gov/articles/PMC13253046/,176084.0,success,41192,5736,html,text/html; charset=utf-8,Racial Disparities and Personal Responsibility Incentives in Medicaid,David M Craig; Elaine M Hernandez; Elizabeth M Anderson; Yvette H Tran; Erik S Parker; Justin Blackburn; Sumedha Gupta,2026-06-10,Health Services Research,https://pmc.ncbi.nlm.nih.gov/articles/PMC13253046/,0.0,43f2c6a52b936c54a574.txt,8cc982675686a137f28aa3438e7f8d200833346d8d15b38f1a4665f054845f7b
4415869a17e9d4d14388,https://jhmhp.amegroups.org/article/view/9170/html,2026-10-04T03:35:36.552869+00:00,amegroups.org,True,downloaded,200.0,https://jhmhp.amegroups.org/article/view/9170/html,64623.0,success,13730,1970,html,text/html; charset=utf-8,"Access to health care among gay, lesbian, bisexual, and transgender persons in the United States",Steven S Coughlin; Biplab Datta,2024-11-26,Journal of Hospital Management and Health Policy,https://jhmhp.amegroups.org/article/view/9170/html,0.0,4415869a17e9d4d14388.txt,b93228c554ee8cc977734151859994f6975b230a4354591e0ae702e7175add97
4416a77e050f3085759d,https://pewresearch.org/short-reads/2025/11/14/what-the-data-says-about-food-stamps-in-the-us,2026-10-04T03:35:37.312422+00:00,pewresearch.org,True,downloaded,200.0,https://www.pewresearch.org/short-reads/2025/11/14/what-the-data-says-about-food-stamps-in-the-us/,580600.0,success,24477,4308,html,text/html; charset=UTF-8,What the data says about food stamps in the U.S.,Drew DeSilver,2025-11-14,Pew Research Center,https://www.pewresearch.org/short-reads/2025/11/14/what-the-data-says-about-food-stamps-in-the-us/,0.0,4416a77e050f3085759d.txt,7b7bc0146d9f53c2ef9475c295472e4faded788b5a0b76adf991554352f91936
443a80bb342860c3b7f8,https://latino.ucla.edu/research/hr1-medi-cal-cal-fresh-beneficiaries,2026-10-04T03:35:38.828403+00:00,ucla.edu,True,downloaded,200.0,https://latino.ucla.edu/research/hr1-medi-cal-cal-fresh-beneficiaries/,263990.0,success,60356,8618,html,text/html; charset=UTF-8,"When Eligibility, Paperwork, and Fear Converge: H.R. 1, Public Charge, and Latino Families in California",,2026-09-28,Latino Policy & Politics Institute,https://latino.ucla.edu/research/hr1-medi-cal-cal-fresh-beneficiaries/,0.0,443a80bb342860c3b7f8.txt,60b8f1d06d44fab28d2c0011f3b5a63d1f61330d3bc116c21715a12f9642a7b9
443c554c6f09ecf2c9a9,https://home.treasury.gov/news/featured-stories/racial-inequality-in-the-united-states,2026-10-04T03:35:38.950027+00:00,treasury.gov,True,downloaded,200.0,https://home.treasury.gov/news/featured-stories/racial-inequality-in-the-united-states,100648.0,success,19028,2720,html,text/html; charset=utf-8,Racial Inequality in the United States,,2022-07-21,U.S. Department of the Treasury,https://home.treasury.gov/news/featured-stories/racial-inequality-in-the-united-states,0.0,443c554c6f09ecf2c9a9.txt,1524846a2ed31973c581cc4b238b83a1b48ac006ee85978a22da5815ba259332
447055f3c78d8ef01597,https://phys.org/news/2026-09-analysis-socioeconomic-health-factors-disability.html,2026-10-04T03:35:40.138314+00:00,phys.org,False,http_error,403.0,https://phys.org/news/2026-09-analysis-socioeconomic-health-factors-disability.html,17730.0,not_extracted,0,0,,text/html; charset=utf-8,,,,,,0.0,,
448f991285087c223303,https://in.gov/icrc/enforcement/credit/disability-and-access-to-credit,2026-10-04T03:35:40.827920+00:00,in.gov,False,hard_timeout,0.0,https://in.gov/icrc/enforcement/credit/disability-and-access-to-credit,,not_extracted,0,0,,,,,,,,28.0,,
4493ff8cdeff90b85f7f,https://pmc.ncbi.nlm.nih.gov/articles/PMC12241181,2026-10-04T03:35:42.315585+00:00,nih.gov,True,downloaded,200.0,https://pmc.ncbi.nlm.nih.gov/articles/PMC12241181,21372.0,success,131,18,html,text/html; charset=utf-8,Checking your browser,,2026-09-11,google.com,https://www.google.com/recaptcha/challengepage,0.0,4493ff8cdeff90b85f7f.txt,a29166d0eaaa418bd5af61a282f1183a46c84c4d5e4c90689b1b452d230d05cc
44b11bface04879b26c3,https://williamsinstitute.law.ucla.edu/publications/police-public-arrests-trans-people,2026-10-04T03:35:42.466529+00:00,ucla.edu,True,downloaded,200.0,https://williamsinstitute.law.ucla.edu/publications/police-public-arrests-trans-people/,109996.0,success,1105,129,html,text/html; charset=UTF-8,The Effect of Police and Public Entanglements on Arrests of Transgender People,Loyal; Thisisloyal Com,2026-08-17,The Williams Institute at UCLA School of Law,https://williamsinstitute.law.ucla.edu/publications/police-public-arrests-trans-people/,0.0,44b11bface04879b26c3.txt,326892836d05365396bd9df0be3a6403fa8d0b75a9f3f22df41a4fae596acd74
44b427d69ece22b7ea4a,https://blog.csba.org/majority-report,2026-10-04T03:35:42.534711+00:00,csba.org,True,downloaded,200.0,https://blog.csba.org/majority-report/,125725.0,success,4108,610,html,text/html; charset=UTF-8,Recent report highlights opportunity gaps for Latino students – CSBA Blog,Kerry Macklin,2017-12-13,California School Boards Association,https://blog.csba.org/majority-report/,0.0,44b427d69ece22b7ea4a.txt,4bfe16c76b0ac9b41fad0074b8d084d3398885139499f9dce0fe1eeaa2a3f669
44bf7b9210777a05848c,https://sciencedirect.com/science/article/abs/pii/S0047235210000218,2026-10-04T03:35:44.139405+00:00,sciencedirect.com,False,http_error,403.0,https://www.sciencedirect.com/science/article/abs/pii/S0047235210000218,1207905.0,not_extracted,0,0,,text/html; charset=UTF-8,,,,,,0.0,,
44f3dae70a755aafdc02,https://crimrxiv.com/pub/spfg4hk6/release/1,2026-10-04T03:35:44.196893+00:00,crimrxiv.com,False,http_error,403.0,https://www.crimrxiv.com/pub/spfg4hk6/release/1,5811.0,not_extracted,0,0,,text/html; charset=UTF-8,,,,,,0.0,,
4511eeb570fbe1d1742e,https://immigrantjustice.org/sites/default/files/INSECURE_COMMUNITIES_REPORT_FINAL.PDF,2026-10-04T03:35:44.329760+00:00,immigrantjustice.org,False,http_error,403.0,https://immigrantjustice.org/sites/default/files/INSECURE_COMMUNITIES_REPORT_FINAL.PDF,52.0,not_extracted,0,0,,text/html,,,,,,0.0,,
4533ca532dd5e30cbe34,https://iopscience.iop.org/article/10.1088/1757-899X/390/1/012021/pdf,2026-10-04T03:35:44.355379+00:00,iop.org,False,robots_disallowed,,https://iopscience.iop.org/article/10.1088/1757-899X/390/1/012021/pdf,,not_extracted,0,0,,,,,,,,,,
456d830df3f34dade47a,https://scholarlycommons.law.emory.edu/elj/vol70/iss7/7,2026-10-04T03:35:45.660733+00:00,emory.edu,True,downloaded,200.0,https://scholarlycommons.law.emory.edu/elj/vol70/iss7/7/,51280.0,success,2309,334,html,text/html; charset=UTF-8,Advertising Injustices: Marketing Race and Credit in America,Jim Hawkins; Tiffany C Penner,2021-09-14,Emory Law Scholarly Commons,https://scholarlycommons.law.emory.edu/elj/vol70/iss7/7,0.0,456d830df3f34dade47a.txt,0c40396c9608a8e32631c3f03c9200265bfa3c0483be85d064ee4df39323347e
45bfc3b39d5be768e2e9,https://azcentralcu.org/blog/latinos-build-credit,2026-10-04T03:35:46.678170+00:00,azcentralcu.org,True,downloaded,200.0,https://www.azcentralcu.org/blog/latinos-build-credit/,1495951.0,success,6888,1043,html,text/html; charset=UTF-8,Credit Building for Latinos: Establishing a Strong Financial Foundation,Ralph Zubiate,2025-04-08,Arizona Central Credit Union,https://www.azcentralcu.org/blog/latinos-build-credit/,0.0,45bfc3b39d5be768e2e9.txt,43053906581f54b81aa4340b26fe8427d9452f4b6002af03bf3c463844442f88
45c5c25e374508e154eb,https://fiveable.me/sociology-of-education/unit-2/gender-educational-opportunities/study-guide/xfDWjXtpSezzdYpg,2026-10-04T03:35:47.317748+00:00,fiveable.me,True,downloaded,200.0,https://fiveable.me/sociology-of-education/unit-2/gender-educational-opportunities/study-guide/xfDWjXtpSezzdYpg,331405.0,success,12495,1698,html,text/html; charset=utf-8,Gender and educational opportunities | Sociology of Education Class Notes | Fiveable,,2024-08-20,Fiveable,https://fiveable.me/sociology-of-education/unit-2/gender-educational-opportunities/study-guide/xfDWjXtpSezzdYpg,0.0,45c5c25e374508e154eb.txt,fc65a4598298920b34cf0ff8ed82127ea03bdb3741c3c1a6b8a8befd8433544d
4605280859752feda93d,https://usafacts.org/articles/what-the-data-shows-about-police-use-of-force-by-race,2026-10-04T03:35:48.189239+00:00,usafacts.org,True,downloaded,200.0,https://usafacts.org/articles/what-the-data-shows-about-police-use-of-force-by-race/,173434.0,success,2472,405,html,text/html; charset=utf-8,What the data shows about police use of force by race | USAFacts,,2023-05-08,USAFacts,https://usafacts.org/articles/what-the-data-shows-about-police-use-of-force-by-race/,0.0,4605280859752feda93d.txt,c2f59b72f40bcce69e95b353c79bb27bde44c70b7e1c38aced11a32664f086d5
4618632a37304f1d8821,https://americanprogress.org/article/racial-disparities-home-appreciation,2026-10-04T03:35:48.586195+00:00,americanprogress.org,False,http_error,403.0,https://www.americanprogress.org/article/racial-disparities-home-appreciation,5760.0,not_extracted,0,0,,text/html; charset=UTF-8,,,,,,0.0,,
4633b6501fd5130aa2eb,https://tiogacentral.org/Downloads/Fact%20Sheet%20on%20Students%20with%20Disabilities.pdf,2026-10-04T03:35:50.301155+00:00,tiogacentral.org,False,hard_timeout,0.0,https://tiogacentral.org/Downloads/Fact%20Sheet%20on%20Students%20with%20Disabilities.pdf,,not_extracted,0,0,,,,,,,,28.0,,
4661cbf63a899aca3c11,https://justiceinaging.org/equity-in-aging-public-benefits-and-the-realities-of-black-older-adults,2026-10-04T03:35:50.651612+00:00,justiceinaging.org,True,downloaded,200.0,https://justiceinaging.org/equity-in-aging-public-benefits-and-the-realities-of-black-older-adults/,215566.0,success,22073,3367,html,text/html; charset=UTF-8,Equity in Aging: Public Benefits and the Realities of Black Older Adults - Justice in Aging,Justice,2026-04-14,Justice in Aging,https://justiceinaging.org/equity-in-aging-public-benefits-and-the-realities-of-black-older-adults/,0.0,4661cbf63a899aca3c11.txt,a376bde88762c5519bfcdb0de28420ece2c22ce316b568136b3e98a45b7378fc
468f0c4f07c7d36c1197,https://acpjournals.org/doi/10.7326/ANNALS-24-02446,2026-10-04T03:35:51.792768+00:00,acpjournals.org,False,http_error,403.0,https://acpjournals.org/doi/10.7326/ANNALS-24-02446,5708.0,not_extracted,0,0,,text/html; charset=UTF-8,,,,,,0.0,,
46cd7fdedc162a605abb,https://shine.lab.uconn.edu/wp-content/uploads/sites/3321/2021/06/lessard_watson___puhl_2020.joya_.pdf,2026-10-04T03:35:53.967353+00:00,uconn.edu,True,downloaded,200.0,https://shine.lab.uconn.edu/wp-content/uploads/sites/3321/2021/06/lessard_watson___puhl_2020.joya_.pdf,989445.0,success,77784,11364,pdf,application/pdf,,,,,,0.0,46cd7fdedc162a605abb.txt,c16046490a0777c76af1101c6f220101f21b8ad4d85b2090c9f1f4a67610891f
472564446b9894de525a,https://sites.marsal.umich.edu/mac/research-initiatives/stratification-and-inequality-among-selective-colleges,2026-10-04T03:35:54.607669+00:00,umich.edu,False,http_error,403.0,https://sites.marsal.umich.edu/mac/research-initiatives/stratification-and-inequality-among-selective-colleges,5927.0,not_extracted,0,0,,text/html; charset=UTF-8,,,,,,0.0,,
47487dd3ccfedb341498,https://pmc.ncbi.nlm.nih.gov/articles/PMC10335036,2026-10-04T03:35:55.130051+00:00,nih.gov,True,downloaded,200.0,https://pmc.ncbi.nlm.nih.gov/articles/PMC10335036/,169215.0,success,39098,5463,html,text/html; charset=utf-8,"The Links Between Disability, Incarceration, And Social Exclusion",Laurin Bixby; Stacey Bevan; Courtney Boen,2022-08-06,Health affairs (Project Hope),https://pmc.ncbi.nlm.nih.gov/articles/PMC10335036/,0.0,47487dd3ccfedb341498.txt,664095420f2f15f1344d1c8ca038bc5b66c72e280ba7527788fe85552751e7a6
4784547ca4187b626a93,https://archives.hud.gov/reports/barriers.cfm,2026-10-04T03:35:57.094357+00:00,hud.gov,False,hard_timeout,0.0,https://archives.hud.gov/reports/barriers.cfm,,not_extracted,0,0,,,,,,,,28.0,,
47c74aa7bbc80fe2cc0b,https://pmc.ncbi.nlm.nih.gov/articles/PMC11862866,2026-10-04T03:35:58.281431+00:00,nih.gov,True,downloaded,200.0,https://pmc.ncbi.nlm.nih.gov/articles/PMC11862866,21372.0,success,131,18,html,text/html; charset=utf-8,Checking your browser,,2026-09-11,google.com,https://www.google.com/recaptcha/challengepage,0.0,47c74aa7bbc80fe2cc0b.txt,a29166d0eaaa418bd5af61a282f1183a46c84c4d5e4c90689b1b452d230d05cc
4804741256bb9254ad74,https://americanprogress.org/article/the-facts-about-americans-who-receive-public-benefits,2026-10-04T03:35:58.733879+00:00,americanprogress.org,False,http_error,403.0,https://www.americanprogress.org/article/the-facts-about-americans-who-receive-public-benefits,5833.0,not_extracted,0,0,,text/html; charset=UTF-8,,,,,,0.0,,
4826e2ec9cf11bb1101d,https://theconversation.com/more-americans-of-all-political-stripes-support-government-benefits-for-low-income-people-and-black-lives-matter-could-be-a-big-reason-why-247764,2026-10-04T03:35:58.747135+00:00,theconversation.com,True,downloaded,200.0,https://theconversation.com/more-americans-of-all-political-stripes-support-government-benefits-for-low-income-people-and-black-lives-matter-could-be-a-big-reason-why-247764,183053.0,success,6484,1033,html,text/html; charset=utf-8,More Americans of all political stripes support government benefits for low-income people − and Black Lives Matter could be a big reason why,Karyn Vilbig,2025-02-27,The Conversation,https://theconversation.com/more-americans-of-all-political-stripes-support-government-benefits-for-low-income-people-and-black-lives-matter-could-be-a-big-reason-why-247764,0.0,4826e2ec9cf11bb1101d.txt,3efd153ae49ef46a8f0c4b6cb54f29ef7c228ef9f44d82e29e6de988ab8fd9bd
486bb650eb1c5415d4de,https://action.deloitte.com/insight/3546/creative-with-credit-how-banks-can-assist-people-with-disabilities,2026-10-04T03:35:58.919663+00:00,deloitte.com,True,downloaded,200.0,https://action.deloitte.com/insight/3546/creative-with-credit-how-banks-can-assist-people-with-disabilities,63825.0,success,16,1,html,text/html; charset=utf-8,Creative with credit: How banks can assist people with disabilities,,2023-09-26,action.deloitte.com,https://action.deloitte.com/insight/3546/creative-with-credit-how-banks-can-assist-people-with-disabilities,0.0,486bb650eb1c5415d4de.txt,2faa1118e62a3675ef2f7e3dd183d0fbc3cec2c21854ab02ced460491d18ab70
48ad2b1fc8f2eb9cb283,https://youtube.com/watch?t=41&v=_TUydUMazkc,2026-10-04T03:35:59.607705+00:00,youtube.com,True,downloaded,200.0,https://www.youtube.com/watch?t=41&v=_TUydUMazkc,1296374.0,success,146,23,html,text/html; charset=utf-8,"Trans health care & gender-diverse patient considerations with Kameryn J. Lee, MD",,2023-11-28,YouTube,https://www.youtube.com/watch?v=_TUydUMazkc,0.0,48ad2b1fc8f2eb9cb283.txt,8dbba17988e385133ba8f51d76cde1fc2c859262b666cb848e9cfe2478fd5e71
48bdc8153a8577bce0fa,https://sentencingproject.org/press-releases/new-report-three-causes-of-racial-inequity-in-the-criminal-legal-system,2026-10-04T03:36:01.509261+00:00,sentencingproject.org,True,downloaded,200.0,https://www.sentencingproject.org/press-releases/new-report-three-causes-of-racial-inequity-in-the-criminal-legal-system/,80949.0,success,4193,620,html,text/html; charset=UTF-8,New Report: Three Causes of Racial Inequity in the Criminal Legal System – The Sentencing Project,Breanna Bishop,2023-12-07,The Sentencing Project,https://www.sentencingproject.org/press-releases/new-report-three-causes-of-racial-inequity-in-the-criminal-legal-system/,0.0,48bdc8153a8577bce0fa.txt,2e1692f61565ba066682a0862e90eba2aa0e90633e537d1669d17d724cebf778
48dfc2e373352b20409d,https://southerneducation.org/in-the-news/u-s-still-has-miles-to-go-to-increase-black-students-educational-opportunities,2026-10-04T03:36:02.092800+00:00,southerneducation.org,True,downloaded,200.0,https://southerneducation.org/in-the-news/u-s-still-has-miles-to-go-to-increase-black-students-educational-opportunities/,25689.0,success,19799,797,html,text/html; charset=UTF-8,,,,,,0.0,48dfc2e373352b20409d.txt,aa048b939eac82d9583e31d45bcc5dc75ca66da2064fcdef97242ddf180e3d08
48ee06dad03c5c444dc6,https://cgdev.org/blog/promoting-womens-financial-inclusion-quiet-revolution-taking-place-financial-sector,2026-10-04T03:36:03.378246+00:00,cgdev.org,False,http_error,403.0,https://cgdev.org/blog/promoting-womens-financial-inclusion-quiet-revolution-taking-place-financial-sector,5898.0,not_extracted,0,0,,text/html; charset=UTF-8,,,,,,0.0,,
492169194c20068f84a4,https://voxdev.org/voxdevlit/female-labour-force-participation-issue-2/factors-affecting-womens-decision-participate,2026-10-04T03:36:03.652864+00:00,voxdev.org,False,http_error,403.0,https://voxdev.org/voxdevlit/female-labour-force-participation-issue-2/factors-affecting-womens-decision-participate,5947.0,not_extracted,0,0,,text/html; charset=UTF-8,,,,,,0.0,,
4949460cf0d9d278fb79,https://pmc.ncbi.nlm.nih.gov/articles/PMC7088168,2026-10-04T03:36:05.098474+00:00,nih.gov,True,downloaded,200.0,https://pmc.ncbi.nlm.nih.gov/articles/PMC7088168/,191872.0,success,49386,7629,html,text/html; charset=utf-8,Gender influence on health and risk behavior in primary prevention: a systematic review,Julia Hiller; Kathrina Schatz; Hans Drexler,2017-04-12,Zeitschrift Fur Gesundheitswissenschaften,https://pmc.ncbi.nlm.nih.gov/articles/PMC7088168/,0.0,4949460cf0d9d278fb79.txt,397057eed6efa8ac8f61792d5db0982ddb023f03cd665ecaa7ab99e1021e4f41
499a82ad39a2581d7654,https://askearn.org/page/disability-employment-in-the-workplace,2026-10-04T03:36:05.328829+00:00,askearn.org,True,downloaded,200.0,https://askearn.org/page/disability-employment-in-the-workplace,62121.0,success,2840,403,html,text/html; charset=utf-8,Disability Employment in the Workplace: Why It Matters,,2026-01-01,askearn.org,https://askearn.org/page/disability-employment-in-the-workplace,0.0,499a82ad39a2581d7654.txt,93d79e2d4cc8041b5a4ab6a5c6f87b2a966b78006dfe6ab509550fcc390d6763
49ec94df2803e3fc5419,https://sciencedirect.com/science/article/pii/S2590291126008223,2026-10-04T03:36:07.038455+00:00,sciencedirect.com,False,http_error,403.0,https://www.sciencedirect.com/science/article/pii/S2590291126008223,1207849.0,not_extracted,0,0,,text/html; charset=UTF-8,,,,,,0.0,,
49f5161857535212e276,https://pmc.ncbi.nlm.nih.gov/articles/PMC9291436,2026-10-04T03:36:07.472004+00:00,nih.gov,True,downloaded,200.0,https://pmc.ncbi.nlm.nih.gov/articles/PMC9291436/,169121.0,success,29246,4409,html,text/html; charset=utf-8,Gender Disparities in Difficulty Accessing Healthcare and Cost-Related Medication Non-Adherence: The CDC Behavioral Risk Factor Surveillance System (BRFSS) Survey,Marilyne Daher; Mahmoud Al Rifai; Riyad Y Kherallah; Fatima Rodriguez; Dhruv Mahtta; Erin D Michos; Safi U Khan; Laura A Petersen; Salim S Virani,2021-09-03,Preventive medicine,https://pmc.ncbi.nlm.nih.gov/articles/PMC9291436/,0.0,49f5161857535212e276.txt,ea0694e5b0f4f2ec6974095e949063eca65a9761a81b852dd8fff433f2d82e05
4a008ab06a42fb98a815,https://fedemploylaw.com/lgbtq-harassment-in-the-workplace-how-to-identify-prove-it,2026-10-04T03:36:08.578261+00:00,fedemploylaw.com,True,downloaded,200.0,https://www.fedemploylaw.com/lgbtq-harassment-in-the-workplace-how-to-identify-prove-it/,411314.0,success,5203,777,html,text/html; charset=UTF-8,How to Identify LGBTQ+ Harassment in the Workplace | Solomon Law Firm,Omnizant Support; Solomon Law Firm,2025-11-10,Solomon Law Firm,https://www.fedemploylaw.com/lgbtq-harassment-in-the-workplace-how-to-identify-prove-it/,0.0,4a008ab06a42fb98a815.txt,aa97610c1c35faeb62f21bc25e87d5c23f5d64f2fa161bc3489aca9f742abc1d
4a16dbdaea150ac47f74,https://pacer.org/bullying/info/students-with-disabilities,2026-10-04T03:36:10.154369+00:00,pacer.org,True,downloaded,200.0,https://www.pacer.org/bullying/info/students-with-disabilities/,231194.0,success,36571,5910,html,text/html; charset=UTF-8,Students with Disabilities and Bullying,,2023-12-05,PACER Center,https://www.pacer.org/bullying/info/students-with-disabilities/,0.0,4a16dbdaea150ac47f74.txt,960331e5b55d13db50fc87e78abd169f5207fc3e79ac73bfb45aa45a0ff8c53f
4a1986eac3012c04cef5,https://researchgate.net/publication/247738283_Heterosexism_in_the_Workplace,2026-10-04T03:36:10.231725+00:00,researchgate.net,False,http_error,403.0,https://www.researchgate.net/publication/247738283_Heterosexism_in_the_Workplace,21138.0,not_extracted,0,0,,text/html; charset=UTF-8,,,,,,0.0,,
4a547aa315bd008f1441,https://pmc.ncbi.nlm.nih.gov/articles/PMC10323979,2026-10-04T03:36:10.912345+00:00,nih.gov,True,downloaded,200.0,https://pmc.ncbi.nlm.nih.gov/articles/PMC10323979,21367.0,success,131,18,html,text/html; charset=utf-8,Checking your browser,,2026-09-11,google.com,https://www.google.com/recaptcha/challengepage,0.0,4a547aa315bd008f1441.txt,a29166d0eaaa418bd5af61a282f1183a46c84c4d5e4c90689b1b452d230d05cc
4a68166d86e035a2d320,https://kff.org/womens-health-policy/health-policy-101-health-policy-issues-in-womens-health,2026-10-04T03:36:11.149049+00:00,kff.org,True,downloaded,200.0,https://www.kff.org/womens-health-policy/health-policy-101-health-policy-issues-in-womens-health/,301659.0,success,3967,597,html,text/html; charset=UTF-8,Health Policy Issues in Women’s Health | KFF,Usha Ranji; Karen Diep; Ivette Gomez; Laurie Sobel; Alina Salganicoff,2025-10-03,"KFF - The independent source for health policy research, polling, and news",https://www.kff.org/womens-health-policy/health-policy-101-health-policy-issues-in-womens-health/,0.0,4a68166d86e035a2d320.txt,af03505b4b94a766fdd1aa3084bccceed9c78166a09c9467862bab750a05fb89
4a77abef1bc44745f5bf,https://osha.gov/workplace-violence,2026-10-04T03:36:12.711539+00:00,osha.gov,False,http_error,403.0,https://osha.gov/workplace-violence,919.0,not_extracted,0,0,,text/html,,,,,,0.0,,
4a87b009dad088c335b8,https://library.hbs.edu/working-knowledge/breaking-through-the-self-doubt-that-keeps-talented-women-from-leading,2026-10-04T03:36:14.854617+00:00,hbs.edu,True,downloaded,200.0,https://www.library.hbs.edu/working-knowledge/breaking-through-the-self-doubt-that-keeps-talented-women-from-leading,477024.0,success,9352,1450,html,text/html; charset=utf-8,Breaking Through the Self-Doubt That Keeps Talented Women from Leading | Working Knowledge,Kara Baskin,2024-02-13,Harvard Business School,https://www.library.hbs.edu/working-knowledge/breaking-through-the-self-doubt-that-keeps-talented-women-from-leading,0.0,4a87b009dad088c335b8.txt,6f2110706b77f4aba432005ae9061eacbba2c0d65f265c16d14c7075649e7f89
4a8fb9d9268c8cbea918,https://pmc.ncbi.nlm.nih.gov/articles/PMC5650246,2026-10-04T03:36:16.444638+00:00,nih.gov,True,downloaded,200.0,https://pmc.ncbi.nlm.nih.gov/articles/PMC5650246/,372928.0,success,103930,16355,html,text/html; charset=utf-8,At the intersection of criminal justice involvement and sexual orientation: Dynamic networks and health among a population-based sample of young Black men who have sex with men,JA Schneider; N Lancki; P Schumm,2017-04-25,Social networks,https://pmc.ncbi.nlm.nih.gov/articles/PMC5650246/,0.0,4a8fb9d9268c8cbea918.txt,8b216b11f5d547e623e7d26cb361607a120b13fbcb24b95cbca8a7cf24a5b9ea
4b14eff886e30b0d27e7,https://forbes.com/sites/forbeseq/2025/07/08/the-business-benefits-of-hiring-people-with-disabilities,2026-10-04T03:36:16.520521+00:00,forbes.com,False,http_error,403.0,https://forbes.com/sites/forbeseq/2025/07/08/the-business-benefits-of-hiring-people-with-disabilities,773.0,not_extracted,0,0,,text/html;charset=utf-8,,,,,,0.0,,
4b33747115141b2e08ed,https://pmc.ncbi.nlm.nih.gov/articles/PMC4111266,2026-10-04T03:36:16.716593+00:00,nih.gov,True,downloaded,200.0,https://pmc.ncbi.nlm.nih.gov/articles/PMC4111266/,21368.0,success,131,18,html,text/html; charset=utf-8,Checking your browser,,2026-09-11,google.com,https://www.google.com/recaptcha/challengepage,0.0,4b33747115141b2e08ed.txt,a29166d0eaaa418bd5af61a282f1183a46c84c4d5e4c90689b1b452d230d05cc
4b3e1c58014aab4776d3,https://pmc.ncbi.nlm.nih.gov/articles/PMC9716543,2026-10-04T03:36:19.696384+00:00,nih.gov,True,downloaded,200.0,https://pmc.ncbi.nlm.nih.gov/articles/PMC9716543/,296288.0,success,76049,12215,html,text/html; charset=utf-8,Racial and Ethnic Disparities in Housing Instability During the COVID-19 Pandemic: the Role of Assets and Income Shocks,Yung Chun; Stephen Roll; Selina Miller; Hedwig Lee; Savannah Larimore; Michal Grinstein-Weiss,2022-12-02,"Journal of Economics, Race, and Policy",https://pmc.ncbi.nlm.nih.gov/articles/PMC9716543/,0.0,4b3e1c58014aab4776d3.txt,5206d4e731b4daa3aba25a17fd7766f800739998c62c2f95faf63285942e0eaa
4b5f4c94f823878e32d1,https://youtube.com/watch?t=2&v=bT4TU4Scx7c,2026-10-04T03:36:20.264163+00:00,youtube.com,True,downloaded,200.0,https://www.youtube.com/watch?t=2&v=bT4TU4Scx7c,1216591.0,success,146,23,html,text/html; charset=utf-8,What causes homelessness?,,2025-03-05,YouTube,https://www.youtube.com/watch?v=bT4TU4Scx7c,0.0,4b5f4c94f823878e32d1.txt,8dbba17988e385133ba8f51d76cde1fc2c859262b666cb848e9cfe2478fd5e71
4b8aa2de8b14d4624cdd,https://healthcity.bmc.org/why-safe-housing-pivotal-transgender-womens-health,2026-10-04T03:36:20.370707+00:00,bmc.org,True,downloaded,200.0,https://healthcity.bmc.org/why-safe-housing-pivotal-transgender-womens-health/,197526.0,success,9008,1481,html,text/html; charset=UTF-8,Why Safe Housing Is Pivotal for Transgender Women's Health,Sandra Larson; Caitlin White,2021-06-22,HealthCity,http://healthcity.bmc.org/why-safe-housing-pivotal-transgender-womens-health/,0.0,4b8aa2de8b14d4624cdd.txt,1a2d06c129b8f398678a160871200d1720019fb9a167de597b9a84435cf12c85
4bd83c0ea8fa9c376ef3,https://pmc.ncbi.nlm.nih.gov/articles/PMC7024623,2026-10-04T03:36:20.371836+00:00,nih.gov,True,downloaded,200.0,https://pmc.ncbi.nlm.nih.gov/articles/PMC7024623,21367.0,success,131,18,html,text/html; charset=utf-8,Checking your browser,,2026-09-11,google.com,https://www.google.com/recaptcha/challengepage,0.0,4bd83c0ea8fa9c376ef3.txt,a29166d0eaaa418bd5af61a282f1183a46c84c4d5e4c90689b1b452d230d05cc
4c0830326e4e8d952806,https://odphp.health.gov/healthypeople/priority-areas/social-determinants-health/literature-summaries/access-health-services,2026-10-04T03:36:20.567081+00:00,health.gov,True,downloaded,200.0,https://odphp.health.gov/healthypeople/priority-areas/social-determinants-health/literature-summaries/access-health-services,51425.0,success,10300,1467,html,text/html; charset=UTF-8,Access to Health Services,,2010-06-01,odphp.health.gov,https://odphp.health.gov/healthypeople/priority-areas/social-determinants-health/literature-summaries/access-health-services,0.0,4c0830326e4e8d952806.txt,e40fb52f456703d66c432b7aaf7b408fdc210f7d004e65e83552a18b21555123
4c2d8142ac2244820f49,https://pmc.ncbi.nlm.nih.gov/articles/PMC6511003,2026-10-04T03:36:21.339115+00:00,nih.gov,True,downloaded,200.0,https://pmc.ncbi.nlm.nih.gov/articles/PMC6511003,21367.0,success,131,18,html,text/html; charset=utf-8,Checking your browser,,2026-09-11,google.com,https://www.google.com/recaptcha/challengepage,0.0,4c2d8142ac2244820f49.txt,a29166d0eaaa418bd5af61a282f1183a46c84c4d5e4c90689b1b452d230d05cc
4ca41a34c0035487d941,https://ofboysandmen.substack.com/p/how-colleges-turned-pink,2026-10-04T03:36:23.614255+00:00,substack.com,True,downloaded,200.0,https://ofboysandmen.substack.com/p/how-colleges-turned-pink,227203.0,success,8309,1445,html,text/html; charset=utf-8,How colleges turned pink,Richard V Reeves,2024-04-01,Of Boys and Men,https://ofboysandmen.substack.com/p/how-colleges-turned-pink,0.0,4ca41a34c0035487d941.txt,fa8740b7f34ac4d9da5d7b9fb924642eab17a849f506a9b0ff23eec97842abf6
4cace9bbd18a76f5110c,https://home.treasury.gov/news/featured-stories/racial-equity-benefits-all-americans,2026-10-04T03:36:23.644796+00:00,treasury.gov,True,downloaded,200.0,https://home.treasury.gov/news/featured-stories/racial-equity-benefits-all-americans,88118.0,success,15529,2258,html,text/html; charset=utf-8,Racial Equity Benefits All Americans,,2023-06-07,U.S. Department of the Treasury,https://home.treasury.gov/news/featured-stories/racial-equity-benefits-all-americans,0.0,4cace9bbd18a76f5110c.txt,7675e2009dfbf1551eb5d5915a59fc9cb3d52de2072b540d6c22d8979b16c1b7
4cb66278eb838b17b425,https://sentencingproject.org/reports/one-in-five-disparities-in-crime-and-policing,2026-10-04T03:36:24.064373+00:00,sentencingproject.org,True,downloaded,200.0,https://www.sentencingproject.org/reports/one-in-five-disparities-in-crime-and-policing/,292838.0,success,78449,11865,html,text/html; charset=UTF-8,One in Five: Disparities in Crime and Policing – The Sentencing Project,Nazgol Ghandnoosh; Ph D,2023-11-02,The Sentencing Project,https://www.sentencingproject.org/reports/one-in-five-disparities-in-crime-and-policing/,0.0,4cb66278eb838b17b425.txt,c41471570382ab83fcfc8266ffdf1750cc8590e88da0583f39e03a5f3adcf5b2
4cbff952bd49eaf22ee1,https://yesmagazine.org/issue/a-new-social-justice/2021/11/15/banking-bipoc-businesses,2026-10-04T03:36:24.190221+00:00,yesmagazine.org,False,http_error,403.0,https://yesmagazine.org/issue/a-new-social-justice/2021/11/15/banking-bipoc-businesses,5805.0,not_extracted,0,0,,text/html; charset=UTF-8,,,,,,0.0,,
4ce8684a722e22a39e4c,https://pmc.ncbi.nlm.nih.gov/articles/PMC9028848,2026-10-04T03:36:24.327998+00:00,nih.gov,True,downloaded,200.0,https://pmc.ncbi.nlm.nih.gov/articles/PMC9028848,21368.0,success,131,18,html,text/html; charset=utf-8,Checking your browser,,2026-09-11,google.com,https://www.google.com/recaptcha/challengepage,0.0,4ce8684a722e22a39e4c.txt,a29166d0eaaa418bd5af61a282f1183a46c84c4d5e4c90689b1b452d230d05cc
4d22274831e76539b591,https://facebook.com/lalgbtcenter/posts/a-new-study-found-that-lgbtq-people-experience-housing-insecurity-at-a-higher-ra/10158858422451429,2026-10-04T03:36:24.559719+00:00,facebook.com,False,robots_disallowed,,https://facebook.com/lalgbtcenter/posts/a-new-study-found-that-lgbtq-people-experience-housing-insecurity-at-a-higher-ra/10158858422451429,,not_extracted,0,0,,,,,,,,,,
4da37dad02be321fd017,https://youtube.com/watch?v=vTBF_-gfT-o,2026-10-04T03:36:24.559950+00:00,youtube.com,True,downloaded,200.0,https://www.youtube.com/watch?v=vTBF_-gfT-o,1432809.0,success,146,23,html,text/html; charset=utf-8,Getting bullied at school? LGBTQ+ youth share their experiences + what you can do to help!,,2026-06-29,YouTube,https://www.youtube.com/watch?v=vTBF_-gfT-o,0.0,4da37dad02be321fd017.txt,8dbba17988e385133ba8f51d76cde1fc2c859262b666cb848e9cfe2478fd5e71
4e1c32056b4e23b8b0c8,https://prisonpolicy.org/reports/pie2024women.html,2026-10-04T03:36:27.086561+00:00,prisonpolicy.org,True,downloaded,200.0,https://www.prisonpolicy.org/reports/pie2024women.html,114037.0,success,53276,8614,html,text/html; charset=UTF-8,Women's Mass Incarceration: The Whole Pie 2024,Prison Policy Initiative; Aleks Kajstura; Wendy Sawyer,2022-06-30,PrisonPolicy,https://www.prisonpolicy.org/reports/pie2024women.html,0.0,4e1c32056b4e23b8b0c8.txt,0e5f6d01ac6572e151c8520c18071a6ccb3d446adba478776e3f0074686d312f
4e474dcf718835e1c64e,https://consumerfinance.gov/archive/newsroom/consumer-financial-protection-bureau-study-finds-consumers-lower-income-areas-are-more-likely-become-credit-visible-due-negative-records,2026-10-04T03:36:27.353518+00:00,consumerfinance.gov,False,http_error,403.0,https://www.consumerfinance.gov/archive/newsroom/consumer-financial-protection-bureau-study-finds-consumers-lower-income-areas-are-more-likely-become-credit-visible-due-negative-records,606.0,not_extracted,0,0,,text/html,,,,,,0.0,,
4e7930ac225c06aad373,https://williamsinstitute.law.ucla.edu/wp-content/uploads/Trans-Higher-Ed-Aug-2018.pdf,2026-10-04T03:36:27.537890+00:00,ucla.edu,True,downloaded,200.0,https://williamsinstitute.law.ucla.edu/wp-content/uploads/Trans-Higher-Ed-Aug-2018.pdf,426092.0,success,59727,8429,pdf,application/pdf,,,,,,0.0,4e7930ac225c06aad373.txt,acf6d31512b58d91bcc2c6389fc1abc1f9d81fd9e89b90e1283a198f91906834
4e84bcb9cb51bbe014ef,https://ilo.org/resource/other/gender-and-financial-inclusion,2026-10-04T03:36:28.442041+00:00,ilo.org,True,downloaded,200.0,https://www.ilo.org/resource/other/gender-and-financial-inclusion,67469.0,success,9558,1426,html,text/html; charset=utf-8,Gender and financial inclusion,,2025-02-27,International Labour Organization,https://www.ilo.org/resource/other/gender-and-financial-inclusion,0.0,4e84bcb9cb51bbe014ef.txt,2f31d9a058d3dca7eb1f9bba6f2c2daa1ec6142b828dda97a7e825230b2e69f7
4e8e756b4979e895484c,https://siepr.stanford.edu/news/qa-whats-behind-gender-gap-disability-benefits,2026-10-04T03:36:28.712206+00:00,stanford.edu,True,downloaded,200.0,https://siepr.stanford.edu/news/qa-whats-behind-gender-gap-disability-benefits,95216.0,success,9706,1590,html,text/html; charset=UTF-8,Q&A: What's behind the gender gap in disability benefits?,May Wong,2020-04-01,Stanford Institute for Economic Policy Research (SIEPR),https://siepr.stanford.edu/news/qa-whats-behind-gender-gap-disability-benefits,0.0,4e8e756b4979e895484c.txt,6e808c717f8aaae0c1f78287011f45c1877c78e06bee1f186ef64034e94fd087
4eafef307353666daa14,https://pmc.ncbi.nlm.nih.gov/articles/PMC12812978,2026-10-04T03:36:29.457810+00:00,nih.gov,True,downloaded,200.0,https://pmc.ncbi.nlm.nih.gov/articles/PMC12812978/,197490.0,success,43463,6335,html,text/html; charset=utf-8,Influential factors of school bullying among junior high school students: an analysis based on hierarchical linear models,Yingying Wang; Xingyu Li; Nianhao Song; Changhao Jiang; Pei Liu,2026-01-05,Frontiers in Psychology,https://pmc.ncbi.nlm.nih.gov/articles/PMC12812978/,0.0,4eafef307353666daa14.txt,7ce5eaa0607ac02953d83c5efef944bdc006bc5ed6f0fadc71e4c1f906911e23
4ee0a1bdb581e67a4d09,https://justiceinaging.org/policy-reforms-to-better-connect-older-adults-and-individuals-with-disabilities-to-ssi-and-other-benefits,2026-10-04T03:36:30.905376+00:00,justiceinaging.org,True,downloaded,200.0,https://justiceinaging.org/policy-reforms-to-better-connect-older-adults-and-individuals-with-disabilities-to-ssi-and-other-benefits/,196891.0,success,15699,2437,html,text/html; charset=UTF-8,Policy Reforms to Better Connect Older Adults and Individuals with Disabilities to SSI and Other Benefits - Justice in Aging,Justice,2026-04-27,Justice in Aging,https://justiceinaging.org/policy-reforms-to-better-connect-older-adults-and-individuals-with-disabilities-to-ssi-and-other-benefits/,0.0,4ee0a1bdb581e67a4d09.txt,7ab3253190f623f8622a45d99d7d718d2e00c1b8b1a7b851d2871206f1f51da3
4ef0940e8e05dd4baf7d,https://pmc.ncbi.nlm.nih.gov/articles/PMC12311976,2026-10-04T03:36:31.119325+00:00,nih.gov,True,downloaded,200.0,https://pmc.ncbi.nlm.nih.gov/articles/PMC12311976,21368.0,success,131,18,html,text/html; charset=utf-8,Checking your browser,,2026-09-11,google.com,https://www.google.com/recaptcha/challengepage,0.0,4ef0940e8e05dd4baf7d.txt,a29166d0eaaa418bd5af61a282f1183a46c84c4d5e4c90689b1b452d230d05cc
4efbf12cb9bf4be8a09c,https://healthaffairs.org/doi/10.1377/hlthaff.2023.00994,2026-10-04T03:36:31.123747+00:00,healthaffairs.org,False,http_error,403.0,https://healthaffairs.org/doi/10.1377/hlthaff.2023.00994,5719.0,not_extracted,0,0,,text/html; charset=UTF-8,,,,,,0.0,,
4f3562881c9fb3c86ec8,https://defendernetwork.com/news/education/black-youth-bullying-challenges,2026-10-04T03:36:31.772842+00:00,defendernetwork.com,True,downloaded,200.0,https://defendernetwork.com/news/education/black-youth-bullying-challenges/,356021.0,success,5716,861,html,text/html; charset=UTF-8,Addressing Bullying: Challenges Faced by Black Youth and Prevention Strategies,Laura Onyeneho,2024-10-26,DefenderNetwork.com,https://defendernetwork.com/news/education/black-youth-bullying-challenges/,0.0,4f3562881c9fb3c86ec8.txt,50f2b0f0abe0964a3feaea2ef320e92e2869c3c5a97a0a0d76cee0b3e505c013
4f4ad42aab382c89a865,https://study.com/academy/lesson/video/what-is-homelessness-definition-causes-effects.html,2026-10-04T03:36:32.431510+00:00,study.com,True,downloaded,200.0,https://study.com/academy/lesson/video/what-is-homelessness-definition-causes-effects.html,148499.0,success,1255,186,html,text/html;charset=UTF-8,"Homelessness Causes, Effects & Solutions - Video | Study.com",,2016-08-08,study.com,https://study.com/academy/lesson/video/what-is-homelessness-definition-causes-effects.html,0.0,4f4ad42aab382c89a865.txt,946b2adf35a0a6fdff1297d90a6a971321fe4c48c64b948900d9c5e46eef0747
4f4ed14a5cec7b652437,https://evidencebasedmentoring.org/lgbtq-college-student-guide,2026-10-04T03:36:33.138590+00:00,evidencebasedmentoring.org,True,downloaded,200.0,https://www.evidencebasedmentoring.org/lgbtq-college-student-guide/,174484.0,success,21570,3318,html,text/html; charset=UTF-8,“LGBTQ+ Guide for Student Success” – The Chronicle of Evidence-Based Mentoring,,2023-03-28,The Chronicle of Evidence-Based Mentoring,https://www.evidencebasedmentoring.org/lgbtq-college-student-guide/,0.0,4f4ed14a5cec7b652437.txt,92541802278ea1423ffcc56cb291a1321bd6aba801f0fbc6310d94cc95b67e7c
4f56fb2641b96667eb9b,https://youtube.com/watch?t=667s&v=jSqF4hs6910,2026-10-04T03:36:33.263342+00:00,youtube.com,True,downloaded,200.0,https://www.youtube.com/watch?t=667s&v=jSqF4hs6910,1240710.0,success,146,23,html,text/html; charset=utf-8,One in Five: Ending Mass Incarceration and its Racial Disparities,,2024-02-08,YouTube,https://www.youtube.com/watch?v=jSqF4hs6910,0.0,4f56fb2641b96667eb9b.txt,8dbba17988e385133ba8f51d76cde1fc2c859262b666cb848e9cfe2478fd5e71
4f84fb30bf4473321a1a,https://sciencedirect.com/science/article/pii/S1568484926000031,2026-10-04T03:36:34.217441+00:00,sciencedirect.com,False,http_error,403.0,https://www.sciencedirect.com/science/article/pii/S1568484926000031,1207871.0,not_extracted,0,0,,text/html; charset=UTF-8,,,,,,0.0,,
4fea2cbee6c1ea12b062,https://americanprogress.org/article/fact-sheet-lgbt-workers-in-the-labor-market,2026-10-04T03:36:34.353426+00:00,americanprogress.org,False,http_error,403.0,https://www.americanprogress.org/article/fact-sheet-lgbt-workers-in-the-labor-market,5803.0,not_extracted,0,0,,text/html; charset=UTF-8,,,,,,0.0,,
503197299042efabacfe,https://ijetsar.com/index.php/pub/article/view/318,2026-10-04T03:36:34.465088+00:00,ijetsar.com,True,downloaded,200.0,https://ijetsar.com/index.php/pub/article/view/318,40006.0,success,2204,291,html,text/html; charset=utf-8,THE IMPACT OF SOCIOECONOMIC STATUS AND SCHOOL TYPE ON ACCESS TO HIGHER EDUCATION,İsa Bahat,2023-09-01,International Journal of Education Technology and Scientific Researches,https://ijetsar.com/index.php/pub/article/view/318,0.0,503197299042efabacfe.txt,02877c37c9edea3d6f3ade18272105d020964b8d0b526b146acdb0996df1e267
50780ba8e9a418bd88f2,https://harvardfcu.org/blog/the-importance-of-disability-employment,2026-10-04T03:36:34.955675+00:00,harvardfcu.org,True,downloaded,200.0,https://harvardfcu.org/blog/the-importance-of-disability-employment/,193197.0,success,4352,652,html,text/html; charset=UTF-8,The Importance of Disability Employment,,2024-10-24,Harvard Federal Credit Union,https://harvardfcu.org/blog/the-importance-of-disability-employment/,0.0,50780ba8e9a418bd88f2.txt,4a86fb5741530803a7d83c1aedb89fe766fe0b0c84e154d5c1e7061bda1df634
507a02a9f31586055127,https://feed.georgetown.edu/access-affordability/anti-dei-policies-a-threat-to-colleges-recruitment-of-male-applicants,2026-10-04T03:36:36.713952+00:00,georgetown.edu,True,downloaded,200.0,https://feed.georgetown.edu/access-affordability/anti-dei-policies-a-threat-to-colleges-recruitment-of-male-applicants/,166856.0,success,6299,948,html,text/html; charset=UTF-8,Anti-DEI policies a threat to colleges’ recruitment of male applicants? - THE FEED,Kpc8,2025-12-19,THE FEED,https://feed.georgetown.edu/access-affordability/anti-dei-policies-a-threat-to-colleges-recruitment-of-male-applicants/,0.0,507a02a9f31586055127.txt,7941f27b008d4b2b94999625606e775dc1bde9d7a246a162103ebb2492015f73
508c2673cf5dc8b0a70c,https://cbpp.org/research/health/looking-across-the-landscape-state-opportunities-to-increase-access-to-snap,2026-10-04T03:36:38.846782+00:00,cbpp.org,False,http_error,403.0,https://cbpp.org/research/health/looking-across-the-landscape-state-opportunities-to-increase-access-to-snap,6158.0,not_extracted,0,0,,text/html; charset=UTF-8,,,,,,0.0,,
5091ca16b09c59dd4bce,https://kff.org/racial-equity-and-health-policy/how-present-day-health-disparities-for-black-people-are-linked-to-past-policies-and-events,2026-10-04T03:36:39.979588+00:00,kff.org,True,downloaded,200.0,https://www.kff.org/racial-equity-and-health-policy/how-present-day-health-disparities-for-black-people-are-linked-to-past-policies-and-events/,139773.0,success,10313,1590,html,text/html; charset=UTF-8,How Present-Day Health Disparities for Black People Are Linked to Past Policies and Events | KFF,Samantha Artiga; Latoya Hill; Marley Presiado,2024-02-22,"KFF - The independent source for health policy research, polling, and news",https://www.kff.org/racial-equity-and-health-policy/how-present-day-health-disparities-for-black-people-are-linked-to-past-policies-and-events/,0.0,5091ca16b09c59dd4bce.txt,29c034cfe7b53e53e49c95141800594d34c4bc146b7ddb9d73133904fa07366d
50a5f4b0f74719a146b3,https://disabilityin.org/articles-and-updates/talent-on-the-move-professionals-with-disabilities-are-changing-firms-to-get-ahead,2026-10-04T03:36:40.404581+00:00,disabilityin.org,True,downloaded,200.0,https://www.disabilityin.org/articles-and-updates/talent-on-the-move-professionals-with-disabilities-are-changing-firms-to-get-ahead,125326.0,success,5085,706,html,text/html; charset=utf-8,Articles & Updates | Disability:IN - Talent on the Move: Professionals with Disabilities Are Changing Firms to Get Ahead,,2026-01-10,disabilityin.org,https://www.disabilityin.org/articles-and-updates/talent-on-the-move-professionals-with-disabilities-are-changing-firms-to-get-ahead,0.0,50a5f4b0f74719a146b3.txt,f60325130523ff11eaf1593945e39d3cdeb14c0c95cd5403cc395de27ba4914e
50ada82e65495fb88b1c,https://rsisinternational.org/journals/ijriss/articles/structural-inequalities-and-racial-barriers-to-education-attainment-in-u-s-higher-education-challenges-and-policy-interventions,2026-10-04T03:36:40.484737+00:00,rsisinternational.org,True,downloaded,200.0,https://rsisinternational.org/journals/ijriss/articles/structural-inequalities-and-racial-barriers-to-education-attainment-in-u-s-higher-education-challenges-and-policy-interventions,557501.0,success,31899,4599,html,text/html; charset=UTF-8,Structural Inequalities and Racial Barriers to Education Attainment in U.S. Higher Education: Challenges and Policy Interventions,,2025-07-01,Structural Inequalities and Racial Barriers to Education Attainment in U.S. Higher Education: Challenges and Policy Interventions,https://rsisinternational.org/journals/ijriss/articles/structural-inequalities-and-racial-barriers-to-education-attainment-in-u-s-higher-education-challenges-and-policy-interventions/,0.0,50ada82e65495fb88b1c.txt,13c1a4a7092337e11a6e3a471c7d8c4dccd05067062760d96c692e6bc41aabbe
50cb8f8eca0898cd998c,https://budgetandpolicy.org/resources-tools/2020/01/Gender-equity-fact-sheet.pdf,2026-10-04T03:36:40.715073+00:00,budgetandpolicy.org,True,downloaded,200.0,https://budgetandpolicy.org/resources-tools/2020/01/Gender-equity-fact-sheet.pdf,156533.0,success,4377,647,pdf,application/pdf,,,,,,0.0,50cb8f8eca0898cd998c.txt,fadbc80b8b0acd90e6ec3f41cfca2d476b9446d7d73af40acbf09b55df28dd7c
510866a2c7dbbd653a21,https://pmc.ncbi.nlm.nih.gov/articles/PMC10000362,2026-10-04T03:36:41.291468+00:00,nih.gov,True,downloaded,200.0,https://pmc.ncbi.nlm.nih.gov/articles/PMC10000362,21371.0,success,131,18,html,text/html; charset=utf-8,Checking your browser,,2026-09-11,google.com,https://www.google.com/recaptcha/challengepage,0.0,510866a2c7dbbd653a21.txt,a29166d0eaaa418bd5af61a282f1183a46c84c4d5e4c90689b1b452d230d05cc
510f89e4c5d13f09efd6,https://pmc.ncbi.nlm.nih.gov/articles/PMC12117312,2026-10-04T03:36:41.946869+00:00,nih.gov,True,downloaded,200.0,https://pmc.ncbi.nlm.nih.gov/articles/PMC12117312,21368.0,success,131,18,html,text/html; charset=utf-8,Checking your browser,,2026-09-11,google.com,https://www.google.com/recaptcha/challengepage,0.0,510f89e4c5d13f09efd6.txt,a29166d0eaaa418bd5af61a282f1183a46c84c4d5e4c90689b1b452d230d05cc
515f13b234a81d48d2e2,https://jphmpdirect.com/homelessness-among-individuals-with-disabilities,2026-10-04T03:36:42.202372+00:00,jphmpdirect.com,True,downloaded,200.0,https://jphmpdirect.com/homelessness-among-individuals-with-disabilities/,183710.0,success,6244,874,html,text/html; charset=UTF-8,Homelessness Among Individuals with Disabilities: Influential Factors and Scalable Solutions - JPHMP Direct,Jphmpdirect,2019-07-24,JPHMP Direct -,https://jphmpdirect.com/homelessness-among-individuals-with-disabilities/,0.0,515f13b234a81d48d2e2.txt,df5934cb5efc431bbc49422cdef885a83c3616c157b6fc9ecc302d93724c7905
517633b2fe985d5123f4,https://unicef.org/education/girls-education,2026-10-04T03:36:43.914833+00:00,unicef.org,True,downloaded,200.0,https://www.unicef.org/education/girls-education,232718.0,success,6294,928,html,text/html; charset=UTF-8,Girls' education,,2020-01-19,UNICEF Global,https://www.unicef.org/education/girls-education,0.0,517633b2fe985d5123f4.txt,1ffe7c5ea9dc8ca23aaf2a7d0bd448386cd98fe907c02a5e50f37a68057dc473
5190477d35329fc14345,https://apha.org/publications/public-health-newswire/public-health-newswire/articles/women-in-law-enforcement-are-more-likely-to-face-bias-burnout,2026-10-04T03:36:44.244501+00:00,apha.org,True,downloaded,200.0,https://www.apha.org/publications/public-health-newswire/public-health-newswire/articles/women-in-law-enforcement-are-more-likely-to-face-bias-burnout,166649.0,success,3366,539,html,text/html; charset=utf-8,"Women in law enforcement are more likely to face bias, burnout",Mary Stortstrom,2025-11-04,American Public Health Association,https://www.apha.org/publications/public-health-newswire/public-health-newswire/articles/women-in-law-enforcement-are-more-likely-to-face-bias-burnout,0.0,5190477d35329fc14345.txt,decc57d2fab29cc60ae90f4244bc2acfe00add6b1febd189199ea2fcefe302bb
51e39cd7f8747727918d,https://niwr.org/2025/05/20/policy-brief-how-dei-combats-discrimination,2026-10-04T03:36:44.538175+00:00,niwr.org,True,downloaded,200.0,https://niwr.org/2025/05/20/policy-brief-how-dei-combats-discrimination/,167130.0,success,22919,3049,html,text/html; charset=UTF-8,"Making Equal Opportunity Real: How Diversity, Equity, and Inclusion Efforts Combat Workplace Discrimination - National Institute for Workers' Rights",NIWR,2025-05-20,The National Institute for Workers' Rights,https://niwr.org/2025/05/20/policy-brief-how-dei-combats-discrimination/,0.0,51e39cd7f8747727918d.txt,c30e2b572e9c9a83a0ceaa05f89a8ce2e0b48903d10744f0915f67fab87b7458
5255547d9b2e33150967,https://youtube.com/watch?t=8&v=hzWciDUKAPA,2026-10-04T03:36:45.316274+00:00,youtube.com,True,downloaded,200.0,https://www.youtube.com/watch?t=8&v=hzWciDUKAPA,1191291.0,success,146,23,html,text/html; charset=utf-8,Diversity and Inclusion for Gay People at Work,,2023-12-08,YouTube,https://www.youtube.com/watch?v=hzWciDUKAPA,0.0,5255547d9b2e33150967.txt,8dbba17988e385133ba8f51d76cde1fc2c859262b666cb848e9cfe2478fd5e71
5255d236c4d05bb21a4f,https://cawc.org/news/understanding-domestic-violence-and-homelessness,2026-10-04T03:36:46.892826+00:00,cawc.org,True,downloaded,200.0,https://www.cawc.org/news/understanding-domestic-violence-and-homelessness/,69743.0,success,5096,764,html,text/html; charset=UTF-8,Understanding Domestic Violence and Homelessness - CAWC,Sam Graboys,2024-12-03,CAWC,https://www.cawc.org/news/understanding-domestic-violence-and-homelessness/,0.0,5255d236c4d05bb21a4f.txt,be6cadc7d2b29b6f7a1432f2aa0bd1635a4bf8cd5a322fff997384c27f8524b1
527e09711f7e835bc3c6,https://adata.org/research-brief/experience-discrimination-and-ada,2026-10-04T03:36:47.652899+00:00,adata.org,True,downloaded,200.0,https://adata.org/research-brief/experience-discrimination-and-ada/,60641.0,success,23403,3401,html,text/html; charset=UTF-8,Experience of Discrimination and the ADA,An ADA Knowledge Translation Center Research Brief,2019-01-01,ADATA.org,https://adata.org/research-brief/experience-discrimination-and-ada/,0.0,527e09711f7e835bc3c6.txt,938a68f67a43f26aaa347c1b5001b181a7513b726925ef0fa803d21b56ce1088
52ab46bf21eee6094579,https://complyeq.com/resources/articles/transgender-issues-workplace-abuse-hiring-discrimination,2026-10-04T03:36:48.425067+00:00,complyeq.com,True,downloaded,200.0,https://complyeq.com/resources/articles/transgender-issues-workplace-abuse-hiring-discrimination/,137574.0,success,11139,1628,html,text/html; charset=UTF-8,Transgender Issues in the Workplace,Rico Galassi,2018-11-08,Complyeq,https://complyeq.com/resources/articles/transgender-issues-workplace-abuse-hiring-discrimination/,0.0,52ab46bf21eee6094579.txt,b5ecaf66160bc80a5b5347ea3ba1548bb2d8dd0dab7d3a7036b45916d8e621a6
52c8f7fe1a274326b1cf,https://pmc.ncbi.nlm.nih.gov/articles/PMC4643365,2026-10-04T03:36:51.277000+00:00,nih.gov,True,downloaded,200.0,https://pmc.ncbi.nlm.nih.gov/articles/PMC4643365,21367.0,success,131,18,html,text/html; charset=utf-8,Checking your browser,,2026-09-11,google.com,https://www.google.com/recaptcha/challengepage,0.0,52c8f7fe1a274326b1cf.txt,a29166d0eaaa418bd5af61a282f1183a46c84c4d5e4c90689b1b452d230d05cc
52d557ff6e2c7c507d07,https://pmc.ncbi.nlm.nih.gov/articles/PMC8726680,2026-10-04T03:36:52.366473+00:00,nih.gov,True,downloaded,200.0,https://pmc.ncbi.nlm.nih.gov/articles/PMC8726680,21367.0,success,131,18,html,text/html; charset=utf-8,Checking your browser,,2026-09-11,google.com,https://www.google.com/recaptcha/challengepage,0.0,52d557ff6e2c7c507d07.txt,a29166d0eaaa418bd5af61a282f1183a46c84c4d5e4c90689b1b452d230d05cc
530fae2fd0a667784df4,https://pmc.ncbi.nlm.nih.gov/articles/PMC10661442,2026-10-04T03:36:52.711735+00:00,nih.gov,True,downloaded,200.0,https://pmc.ncbi.nlm.nih.gov/articles/PMC10661442,21371.0,success,131,18,html,text/html; charset=utf-8,Checking your browser,,2026-09-11,google.com,https://www.google.com/recaptcha/challengepage,0.0,530fae2fd0a667784df4.txt,a29166d0eaaa418bd5af61a282f1183a46c84c4d5e4c90689b1b452d230d05cc
5319cf6cf17fcc7eee79,https://davisvanguard.org/2026/08/california-police-perceived-transgender-disparities,2026-10-04T03:36:54.310105+00:00,davisvanguard.org,False,http_error,403.0,https://davisvanguard.org/2026/08/california-police-perceived-transgender-disparities,5755.0,not_extracted,0,0,,text/html; charset=UTF-8,,,,,,0.0,,
532e80d1f43361d940ec,https://federalreserve.gov/publications/2024-economic-well-being-of-us-households-in-2023-banking-credit.htm,2026-10-04T03:36:54.482271+00:00,federalreserve.gov,True,downloaded,200.0,https://www.federalreserve.gov/publications/2024-economic-well-being-of-us-households-in-2023-banking-credit.htm,135830.0,success,18381,3348,html,text/html,Banking and Credit,,2024-05-29,federalreserve.gov,https://www.federalreserve.gov/publications/2024-economic-well-being-of-us-households-in-2023-banking-credit.htm,0.0,532e80d1f43361d940ec.txt,5edf82fe3dc2ac3f897c76713d78facadd430540bd564b48ba7de507e60643c0
534fb4d9f9b49b9151e3,https://sciencedirect.com/science/article/abs/pii/S0047235225000017,2026-10-04T03:36:55.373898+00:00,sciencedirect.com,False,http_error,403.0,https://www.sciencedirect.com/science/article/abs/pii/S0047235225000017,1207905.0,not_extracted,0,0,,text/html; charset=UTF-8,,,,,,0.0,,
53579641740771b039d7,https://stopbullying.gov/bullying/at-risk,2026-10-04T03:36:55.627227+00:00,stopbullying.gov,False,http_error,403.0,https://www.stopbullying.gov/bullying/at-risk,398.0,not_extracted,0,0,,text/html,,,,,,0.0,,
5361f95de3c7576ea1c0,https://youtube.com/watch?v=KmfTFZ90zsM,2026-10-04T03:36:56.131396+00:00,youtube.com,True,downloaded,200.0,https://www.youtube.com/watch?v=KmfTFZ90zsM,1260775.0,success,146,23,html,text/html; charset=utf-8,Could having they/them pronouns on your resume hurt your job prospects? | Xtra Magazine,,2024-04-03,YouTube,https://www.youtube.com/watch?v=KmfTFZ90zsM,0.0,5361f95de3c7576ea1c0.txt,8dbba17988e385133ba8f51d76cde1fc2c859262b666cb848e9cfe2478fd5e71
53a6f9bc73887d6471e6,https://pmc.ncbi.nlm.nih.gov/articles/PMC11418443,2026-10-04T03:36:56.132229+00:00,nih.gov,True,downloaded,200.0,https://pmc.ncbi.nlm.nih.gov/articles/PMC11418443/,240371.0,success,55917,8679,html,text/html; charset=utf-8,Racial and Ethnic Disparities in Preventive Service Use Among Adults Before and During the COVID-19 Pandemic,Lisa Dubay; Fredric E Blavin; Laura Barrie Smith; Julianna Carlyn Long,2024-09-20,"Inquiry: A Journal of Medical Care Organization, Provision and Financing",https://pmc.ncbi.nlm.nih.gov/articles/PMC11418443/,0.0,53a6f9bc73887d6471e6.txt,feaf7b5dc9a23ca3f40e63b9ac96a6f6abd3e18f95960505c5f833564b43245d
53b3d4b875acf953b93c,https://finhealthnetwork.org/research/who-trusts-financial-institutions?ki-cf-botcl=1,2026-10-04T03:36:56.647058+00:00,finhealthnetwork.org,False,http_error,403.0,https://finhealthnetwork.org/research/who-trusts-financial-institutions?ki-cf-botcl=1,5764.0,not_extracted,0,0,,text/html; charset=UTF-8,,,,,,0.0,,
53ee37046ef00cb20f75,https://solarisgroup.com/blog/finance-for-everyone,2026-10-04T03:36:57.199042+00:00,solarisgroup.com,True,downloaded,200.0,https://www.solarisgroup.com/blog/finance-for-everyone/,280682.0,success,8404,1322,html,text/html; charset=UTF-8,Breaking down barriers: Creating inclusive financial services | Blog | Solaris,Hülya Buchwitz,2024-02-22,Solaris SE,https://www.solarisgroup.com/blog/finance-for-everyone/,0.0,53ee37046ef00cb20f75.txt,22a7575497c83ea83245141e932153c536da68b27c257ce79528eb513542a9b5
53f543762617e964da96,https://consumerfinance.gov/archive/newsroom/cfpb-provides-guidance-to-help-lenders-avoid-discrimination-against-consumers-receiving-disability-income,2026-10-04T03:36:57.859493+00:00,consumerfinance.gov,False,http_error,403.0,https://www.consumerfinance.gov/archive/newsroom/cfpb-provides-guidance-to-help-lenders-avoid-discrimination-against-consumers-receiving-disability-income,551.0,not_extracted,0,0,,text/html,,,,,,0.0,,
5414ae13d90869405f46,https://ballardbrief.byu.edu/issue-briefs/mass-incarceration-in-the-united-states,2026-10-04T03:36:58.722241+00:00,byu.edu,True,downloaded,200.0,https://ballardbrief.byu.edu/issue-briefs/mass-incarceration-in-the-united-states,335717.0,success,54701,8498,html,text/html;charset=utf-8,Mass Incarceration in the United States - Ballard Brief,Alex Resney,2019-01-08,The Ballard Center for Social Impact,https://ballardbrief.byu.edu/issue-briefs/mass-incarceration-in-the-united-states,0.0,5414ae13d90869405f46.txt,e554ae44e164f0391e22d23e911b1a1b52218329a6506a3d93a4262d78fa7599
542d798f851c1f4d9381,https://williamsinstitute.law.ucla.edu/publications/transgender-higher-ed,2026-10-04T03:36:59.315427+00:00,ucla.edu,True,downloaded,200.0,https://williamsinstitute.law.ucla.edu/publications/transgender-higher-ed/,122150.0,success,4781,725,html,text/html; charset=UTF-8,Educational Experiences of Transgender People,Loyal; Thisisloyal Com,2023-02-16,The Williams Institute at UCLA School of Law,https://williamsinstitute.law.ucla.edu/publications/transgender-higher-ed/,0.0,542d798f851c1f4d9381.txt,f9903f7fa93da4decfa3c63b82f95f03215cc705d896acab79ff57a5acb2dbfe
5487551662c8d3b64353,https://pmc.ncbi.nlm.nih.gov/articles/PMC5494033,2026-10-04T03:36:59.907281+00:00,nih.gov,True,downloaded,200.0,https://pmc.ncbi.nlm.nih.gov/articles/PMC5494033/,197003.0,success,41059,6500,html,text/html; charset=utf-8,Cervical Cancer Screening Barriers and Risk Factor Knowledge Among Uninsured Women,Marvellous Akinlotan; Jane N Bolin; Janet Helduser; Chinedum Ojinnaka; Anna Lichorad; David McClellan,2017-02-02,Journal of Community Health,https://pmc.ncbi.nlm.nih.gov/articles/PMC5494033/,0.0,5487551662c8d3b64353.txt,9a457a50c73adc78c3b030cd2fefd5740c1d7f134b6b8ed6b950365573e57214
548e29b964394debac77,https://digitalgovernmenthub.org/library/using-snap-data-for-medicaid-renewals-can-keep-eligible-beneficiaries-enrolled,2026-10-04T03:37:00.006346+00:00,digitalgovernmenthub.org,False,robots_disallowed,,https://digitalgovernmenthub.org/library/using-snap-data-for-medicaid-renewals-can-keep-eligible-beneficiaries-enrolled,,not_extracted,0,0,,,,,,,,,,
549dd9724f1860e0b3fb,https://pmc.ncbi.nlm.nih.gov/articles/PMC8606364,2026-10-04T03:37:00.006562+00:00,nih.gov,True,downloaded,200.0,https://pmc.ncbi.nlm.nih.gov/articles/PMC8606364,21367.0,success,131,18,html,text/html; charset=utf-8,Checking your browser,,2026-09-11,google.com,https://www.google.com/recaptcha/challengepage,0.0,549dd9724f1860e0b3fb.txt,a29166d0eaaa418bd5af61a282f1183a46c84c4d5e4c90689b1b452d230d05cc
54a0a89226664ce0c0d1,https://changingperspectivesnow.org/2024/07/10/disability-inclusion-in-education-the-benefits-importance-for-all-students,2026-10-04T03:37:00.549377+00:00,changingperspectivesnow.org,True,downloaded,200.0,https://changingperspectivesnow.org/2024/07/10/disability-inclusion-in-education-the-benefits-importance-for-all-students/,411686.0,success,6519,914,html,text/html; charset=UTF-8,Disability Inclusion in Education: The Benefits & Importance for All Students,Jean Alexander,2024-07-10,Disability Inclusion in Education: The Benefits & Importance for All Students - Changing Perspectives,https://changingperspectivesnow.org/2024/07/10/disability-inclusion-in-education-the-benefits-importance-for-all-students/,0.0,54a0a89226664ce0c0d1.txt,63f10a09001288055377263141920a2d3b7202b058a3e451137737cccba69329
54ee8a88aca2093ea4a1,https://latino.ucla.edu/debunking-myths-about-latinos-and-medicaid,2026-10-04T03:37:01.077825+00:00,ucla.edu,True,downloaded,200.0,https://latino.ucla.edu/debunking-myths-about-latinos-and-medicaid/,163458.0,success,5146,746,html,text/html; charset=UTF-8,Debunking Myths About Latinos and Medicaid,,2025-03-05,Latino Policy & Politics Institute,https://latino.ucla.edu/debunking-myths-about-latinos-and-medicaid/,0.0,54ee8a88aca2093ea4a1.txt,3eaae1b5bc503154d741e88c62d45f37764a4d43148bbc53a94ba41c7c569a5a
554a4020e8f1d4f3a2f4,https://youtube.com/watch?t=466&v=vK11Srr1vSE,2026-10-04T03:37:01.403195+00:00,youtube.com,True,downloaded,200.0,https://www.youtube.com/watch?t=466&v=vK11Srr1vSE,1385478.0,success,146,23,html,text/html; charset=utf-8,Trans Experience in Health Care,,2023-11-20,YouTube,https://www.youtube.com/watch?v=vK11Srr1vSE,0.0,554a4020e8f1d4f3a2f4.txt,8dbba17988e385133ba8f51d76cde1fc2c859262b666cb848e9cfe2478fd5e71
55791d2443e36e2372e2,https://tuc.org.uk/research-analysis/reports/bullying-harassment-and-discrimination-disabled-people-workplace,2026-10-04T03:37:02.789434+00:00,tuc.org.uk,False,http_error,403.0,https://www.tuc.org.uk/research-analysis/reports/bullying-harassment-and-discrimination-disabled-people-workplace,5909.0,not_extracted,0,0,,text/html; charset=UTF-8,,,,,,0.0,,
558090b9b36be3914046,https://cbpp.org/research/health/opportunities-for-states-to-coordinate-medicaid-and-snap-renewals,2026-10-04T03:37:03.385350+00:00,cbpp.org,False,http_error,403.0,https://cbpp.org/research/health/opportunities-for-states-to-coordinate-medicaid-and-snap-renewals,6158.0,not_extracted,0,0,,text/html; charset=UTF-8,,,,,,0.0,,
558b43650331b41f126e,https://federalreserve.gov/econres/notes/feds-notes/gender-related-differences-in-credit-use-and-credit-scores-20180622.html,2026-10-04T03:37:03.442627+00:00,federalreserve.gov,True,downloaded,200.0,https://www.federalreserve.gov/econres/notes/feds-notes/gender-related-differences-in-credit-use-and-credit-scores-20180622.html,124746.0,success,21781,3498,html,text/html,Gender-Related Differences in Credit Use and Credit Scores,Geng Li,2018-06-22,federalreserve.gov,https://www.federalreserve.gov/econres/notes/feds-notes/gender-related-differences-in-credit-use-and-credit-scores-20180622.html,0.0,558b43650331b41f126e.txt,a5e43c96d717d856a91ff13e08c9bedbad9751cd27f3d684f9c527ad91001eb8
55d705efcdb3358821e6,https://publications.csba.org/california-school-news/february-2022/latino-student-participation-success-in-college-can-be-improved-with-supports,2026-10-04T03:37:03.647670+00:00,csba.org,True,downloaded,200.0,https://publications.csba.org/california-school-news/february-2022/latino-student-participation-success-in-college-can-be-improved-with-supports/,231858.0,success,4058,630,html,text/html; charset=UTF-8,"Latino student participation, success in college can be improved with supports",,2022-02-10,California School Boards Association,https://publications.csba.org/california-school-news/february-2022/latino-student-participation-success-in-college-can-be-improved-with-supports/,0.0,55d705efcdb3358821e6.txt,eb59974c690d4316a4afe87d37ba58b0d6a11723905a85ba05689773840d6de1
55d9c17247e80834f5a2,https://digitalgovernmenthub.org/wp-content/uploads/2023/08/adminburden_differential.pdf,2026-10-04T03:37:03.806309+00:00,digitalgovernmenthub.org,True,downloaded,200.0,https://digitalgovernmenthub.org/wp-content/uploads/2023/08/adminburden_differential.pdf,5176418.0,success,74155,11796,pdf,application/pdf,,,,,,0.0,55d9c17247e80834f5a2.txt,f83b9e52628c20f5c207efcd0185ce020eba3ff89d7e75a15e91d0d8b9c74a29
55f98443b21072d7ea45,https://files.eric.ed.gov/fulltext/EJ962511.pdf,2026-10-04T03:37:05.166594+00:00,ed.gov,True,downloaded,200.0,https://files.eric.ed.gov/fulltext/EJ962511.pdf,2115754.0,success,25248,3516,pdf,application/pdf,,,,,,0.0,55f98443b21072d7ea45.txt,b9c84e5be38fd353ddffd1f9c6f1cc777eac02fa7e4655f31348ead21ceea917
5694135bfac27c3e11c2,https://americanprogress.org/article/occupational-segregation-in-america,2026-10-04T03:37:06.131790+00:00,americanprogress.org,False,http_error,403.0,https://www.americanprogress.org/article/occupational-segregation-in-america,5757.0,not_extracted,0,0,,text/html; charset=UTF-8,,,,,,0.0,,
569513ab11de7bbc2083,https://academic.oup.com/gerontologist/article/65/8/gnaf163/8186160,2026-10-04T03:37:07.561948+00:00,oup.com,False,http_error,403.0,https://academic.oup.com/gerontologist/article/65/8/gnaf163/8186160,5682.0,not_extracted,0,0,,text/html; charset=UTF-8,,,,,,0.0,,
579985eb4f773cb30a5d,https://pmc.ncbi.nlm.nih.gov/articles/PMC12449720,2026-10-04T03:37:08.171945+00:00,nih.gov,True,downloaded,200.0,https://pmc.ncbi.nlm.nih.gov/articles/PMC12449720/,138544.0,success,24357,3563,html,text/html; charset=utf-8,Health Insurance Coverage Among Same-Sex vs Different-Sex Couples,Benjamin J Harrell; Nicole E Jones; Gabe H Miller,2025-09-19,JAMA Network Open,https://pmc.ncbi.nlm.nih.gov/articles/PMC12449720/,0.0,579985eb4f773cb30a5d.txt,6aef1b2bfdde6ff5430e4ea05957ed8c967add2e38340a4701e63763374686d6
57a7d60cc7bcd4ab462c,https://mercatus.org/research/data-visualizations/more-americans-dependent-disability-longer,2026-10-04T03:37:08.673113+00:00,mercatus.org,False,http_error,403.0,https://mercatus.org/research/data-visualizations/more-americans-dependent-disability-longer,5869.0,not_extracted,0,0,,text/html; charset=UTF-8,,,,,,0.0,,
57cdad7ce7f05a906637,https://jbhe.com/2024/08/racial-differences-in-victims-of-school-crime-and-bullying,2026-10-04T03:37:09.774594+00:00,jbhe.com,True,downloaded,200.0,https://jbhe.com/2024/08/racial-differences-in-victims-of-school-crime-and-bullying/,374982.0,success,1970,306,html,text/html; charset=UTF-8,Racial Differences in Victims of School Crime and Bullying | The Journal of Blacks in Higher Education,Associate Editor,2024-08-05,The Journal of Blacks in Higher Education,https://jbhe.com/2024/08/racial-differences-in-victims-of-school-crime-and-bullying/,0.0,57cdad7ce7f05a906637.txt,eeb0576074ea0263cd9af51d08d04ea3beccbca6afe027a765209e4b1558c419
57d38676838f932a35ef,https://finmkt.io/blog-posts/how-creditworthiness-determines-consumer-approval-rates,2026-10-04T03:37:10.141295+00:00,finmkt.io,True,downloaded,200.0,https://www.finmkt.io/blog-posts/how-creditworthiness-determines-consumer-approval-rates,41884.0,success,4944,752,html,text/html; charset=utf-8,How Creditworthiness Affects the Loan Approval Rate,,2023-04-11,finmkt.io,https://www.finmkt.io/blog-posts/how-creditworthiness-determines-consumer-approval-rates,0.0,57d38676838f932a35ef.txt,fe131aecf971e00377fa76400b27cc0ed45e365752961c7c50b8bf1f1b4e6b79
57d96aa5469e9a0d0e4a,https://careercenter.fresnostate.edu/blog/2024/06/14/trans-and-non-binary-career-advancement-how-to-overcome-challenges-at-work,2026-10-04T03:37:10.652063+00:00,fresnostate.edu,True,downloaded,200.0,https://careercenter.fresnostate.edu/blog/2024/06/14/trans-and-non-binary-career-advancement-how-to-overcome-challenges-at-work/,223352.0,success,6021,848,html,text/html; charset=UTF-8,Trans and Non-Binary Career Advancement: How to Overcome Challenges at Work,Nora Diaz-Vasquez,2024-06-14,"Career Development Center | California State University, Fresno",https://careercenter.fresnostate.edu/blog/2024/06/14/trans-and-non-binary-career-advancement-how-to-overcome-challenges-at-work/,0.0,57d96aa5469e9a0d0e4a.txt,64d9acb9c0e6adfeba4b72b6f72535063f9693add265264ba90a86d7de42f68d
57eacdfe1f3f2cd4778b,https://cms.gov/newsroom/fact-sheets/how-affordable-care-act-helping-men-lead-healthier-lives-afford-health-insurance,2026-10-04T03:37:10.919382+00:00,cms.gov,True,downloaded,200.0,https://www.cms.gov/newsroom/fact-sheets/how-affordable-care-act-helping-men-lead-healthier-lives-afford-health-insurance,57944.0,success,6859,1095,html,text/html; charset=utf-8,How the Affordable Care Act Is Helping Men Lead Healthier Lives & Afford Health Insurance,,2013-06-14,Centers for Medicare and Medicaid Services,https://www.cms.gov/newsroom/fact-sheets/how-affordable-care-act-helping-men-lead-healthier-lives-afford-health-insurance,0.0,57eacdfe1f3f2cd4778b.txt,4de16ba03e2e773a9ba023c59514b42713621667605d77e72045f72abcc8331b
5806639cda450b38ad99,https://npr.org/2024/04/11/1243713272/resume-bias-study-white-names-black-names,2026-10-04T03:37:11.012194+00:00,npr.org,True,downloaded,200.0,https://www.npr.org/2024/04/11/1243713272/resume-bias-study-white-names-black-names,147025.0,success,5742,917,html,text/html;charset=UTF-8,"White-sounding names get called back for jobs more than Black ones, a new study finds",Joe Hernandez,2024-04-11,NPR,https://www.npr.org/2024/04/11/1243713272/resume-bias-study-white-names-black-names,0.0,5806639cda450b38ad99.txt,598e25d482a0d1b54e42b892141c782b2c5f2561c2e184527e0e6d0eaa16e683
58425b2cdafc73f78093,https://experian.com/blogs/ask-experian/credit-education/score-basics/what-affects-your-credit-scores,2026-10-04T03:37:12.556501+00:00,experian.com,True,downloaded,200.0,https://www.experian.com/blogs/ask-experian/credit-education/score-basics/what-affects-your-credit-scores,283779.0,success,10531,1778,html,text/html,What Affects Your Credit Scores?,Jim Akin,2026-09-22,Experian,https://www.experian.com/blogs/ask-experian/credit-education/score-basics/what-affects-your-credit-scores/,0.0,58425b2cdafc73f78093.txt,a80cb6a13fa4ed8cb6b87a89db2379433012a43f13511afb1d9173e2c922edaa
5842e1554cd5d46b9aba,https://nnedv.org/spotlight_on/impact-safe-housing-survivors,2026-10-04T03:37:14.241133+00:00,nnedv.org,True,downloaded,200.0,https://nnedv.org/spotlight_on/impact-safe-housing-survivors/,105067.0,success,7273,1065,html,text/html; charset=UTF-8,The Impact of Safe Housing on Survivors of Domestic Violence - NNEDV,,2026-02-13,National Network to End Domestic Violence,https://nnedv.org/spotlight_on/impact-safe-housing-survivors/,0.0,5842e1554cd5d46b9aba.txt,004fcf472d84383a18b3427f4339b9deab4aa686f00e92c140e2c5ec632a0b57
58509264051bab46810a,https://voxdev.org/topic/firms/expanding-credit-access-women-entrepreneurs,2026-10-04T03:37:15.543739+00:00,voxdev.org,False,http_error,403.0,https://voxdev.org/topic/firms/expanding-credit-access-women-entrepreneurs,5757.0,not_extracted,0,0,,text/html; charset=UTF-8,,,,,,0.0,,
5879a3f56bbea3ecc54f,https://pubmed.ncbi.nlm.nih.gov/36931857,2026-10-04T03:37:15.661065+00:00,nih.gov,True,downloaded,203.0,https://pubmed.ncbi.nlm.nih.gov/36931857/,5590.0,success,100,14,html,text/html; charset=utf-8,Cookies must be enabled,,,pubmed.ncbi.nlm.nih.gov,https://pubmed.ncbi.nlm.nih.gov/36931857/,0.0,5879a3f56bbea3ecc54f.txt,f193d0de906419650acf171625dbd67f88f297290893b5473e1d8365c03d4b59
58c2273d36096f902eb2,https://digitalgovernmenthub.org/wp-content/uploads/2025/12/Racial-and-Ethnic-Differences-in-Experiencing-Administrative-Burd.pdf,2026-10-04T03:37:15.862876+00:00,digitalgovernmenthub.org,True,downloaded,200.0,https://digitalgovernmenthub.org/wp-content/uploads/2025/12/Racial-and-Ethnic-Differences-in-Experiencing-Administrative-Burd.pdf,695196.0,success,30529,4233,pdf,application/pdf,,,,,,0.0,58c2273d36096f902eb2.txt,089b0cb32c31f8844f40678c0d73494a56c5434e644cb3d6086a4395ecff5d84
58d91898e31f8a3952e1,https://thearc.org/policy-advocacy/housing,2026-10-04T03:37:17.530927+00:00,thearc.org,True,downloaded,200.0,https://thearc.org/policy-advocacy/housing,202218.0,success,3769,561,html,text/html; charset=UTF-8,Housing for People With Disabilities & Their Families | The Arc,,2026-09-30,The Arc of the United States,https://thearc.org/policy-advocacy/housing/,0.0,58d91898e31f8a3952e1.txt,6c521291c44342ce243901afc62b154f437ee609eabee2188faacf73227f4b1b
58dba5dbe2aeb74b9d0e,https://law.georgetown.edu/gender-journal/in-print/volume-xxvi-issue-1-fall-2024/unforgetting-latinas-in-american-prisons-addressing-rising-numbers-and-reduction-strategies,2026-10-04T03:37:18.097831+00:00,georgetown.edu,False,curl_error,0.0,https://law.georgetown.edu/gender-journal/in-print/volume-xxvi-issue-1-fall-2024/unforgetting-latinas-in-american-prisons-addressing-rising-numbers-and-reduction-strategies,,not_extracted,0,0,,,,,,,,6.0,,
590f623cbdc8a7e19ef9,https://disabilityhelpgroup.com/disability-benefits-denied-top-reasons,2026-10-04T03:37:18.436927+00:00,disabilityhelpgroup.com,True,downloaded,200.0,https://disabilityhelpgroup.com/disability-benefits-denied-top-reasons/,381021.0,success,6389,1031,html,text/html; charset=UTF-8,DISABILITY BENEFITS DENIED? - Top 5 Reasons Why,,2023-01-16,Disability Help Group,https://disabilityhelpgroup.com/disability-benefits-denied-top-reasons/,0.0,590f623cbdc8a7e19ef9.txt,a3cbfecd622708d369e92fa3aa9b2f6a5cbf9b1ca38e90d2bdb47dec954ea1a8
59171f14ef8e9d56d410,https://pmc.ncbi.nlm.nih.gov/articles/PMC10824976,2026-10-04T03:37:18.916112+00:00,nih.gov,True,downloaded,200.0,https://pmc.ncbi.nlm.nih.gov/articles/PMC10824976/,348324.0,success,116599,17415,html,text/html; charset=utf-8,"Barriers to, and facilitators of, education for children with disabilities worldwide: a descriptive review",Kifah Bani Odeh; L M Lach,2024-01-16,Frontiers in Public Health,https://pmc.ncbi.nlm.nih.gov/articles/PMC10824976/,0.0,59171f14ef8e9d56d410.txt,8b16aa8e1e0581b735df4b804f7e5760c2592a2eef439e6b200a570c855eb7ac
594b67b5057300e6574b,https://brookings.edu/articles/how-our-education-system-undermines-gender-equity,2026-10-04T03:37:18.987146+00:00,brookings.edu,True,downloaded,200.0,https://www.brookings.edu/articles/how-our-education-system-undermines-gender-equity/,192515.0,success,10865,1688,html,text/html; charset=UTF-8,How our education system undermines gender equity | Brookings,Ted Piccone; Diana Paz García; Bruce Jones; Valerie Wirtschafter; Emily Markovich Morris; Carolina Campos,2023-06-27,Brookings,https://www.brookings.edu/articles/how-our-education-system-undermines-gender-equity/,0.0,594b67b5057300e6574b.txt,c1f3e815864caa1b647df33ac9441e44c8a4cc5754da136eab3d46f2f36c02dd
595d3bec3ccb5e75c801,https://cbpp.org/research/food-assistance/administrative-burden-and-procedural-denials-in-the-supplemental-nutrition,2026-10-04T03:37:19.034981+00:00,cbpp.org,False,http_error,403.0,https://cbpp.org/research/food-assistance/administrative-burden-and-procedural-denials-in-the-supplemental-nutrition,6158.0,not_extracted,0,0,,text/html; charset=UTF-8,,,,,,0.0,,
5961a172741e99884d11,https://prisonpolicy.org/blog/2020/07/27/disparities,2026-10-04T03:37:19.308410+00:00,prisonpolicy.org,True,downloaded,200.0,https://www.prisonpolicy.org/blog/2020/07/27/disparities/,67381.0,success,9657,1345,html,text/html; charset=UTF-8,Visualizing the racial disparities in mass incarceration,Prison Policy Initiative,2020-07-27,PrisonPolicy,https://www.prisonpolicy.org/blog/2020/07/27/disparities/,0.0,5961a172741e99884d11.txt,89557f2304d0cdfd1a96f83776e60203d468f919413ad7ae7a128b26c221a60c
5973a907cc75952018a3,https://lrn.com/blog/being-transgender-at-work-insights-from-mckinsey-dei-report,2026-10-04T03:37:19.724889+00:00,lrn.com,True,downloaded,200.0,https://lrn.com/blog/being-transgender-at-work-insights-from-mckinsey-dei-report,128642.0,success,9442,1428,html,text/html; charset=UTF-8,Being transgender at work: Insights from McKinsey’s DEI report,Carolyn Grace,2023-07-13,LRN,https://lrn.com/blog/being-transgender-at-work-insights-from-mckinsey-dei-report,0.0,5973a907cc75952018a3.txt,6bb0ad18acdd672740547053b8073e2ef599a203974bd07f57dc0e67251f7417
5984e00c3734b55a1bf8,https://pmc.ncbi.nlm.nih.gov/articles/PMC1989108,2026-10-04T03:37:21.165600+00:00,nih.gov,True,downloaded,200.0,https://pmc.ncbi.nlm.nih.gov/articles/PMC1989108,21368.0,success,131,18,html,text/html; charset=utf-8,Checking your browser,,2026-09-11,google.com,https://www.google.com/recaptcha/challengepage,0.0,5984e00c3734b55a1bf8.txt,a29166d0eaaa418bd5af61a282f1183a46c84c4d5e4c90689b1b452d230d05cc
599ec5a5b3cb71d5d66f,https://hls.harvard.edu/bibliography/credit-scores-lending-and-psychosocial-disability,2026-10-04T03:37:21.653786+00:00,harvard.edu,True,downloaded,200.0,https://hls.harvard.edu/bibliography/credit-scores-lending-and-psychosocial-disability/,598736.0,success,2489,354,html,text/html; charset=UTF-8,"Credit Scores, Lending and Psychosocial Disability - Harvard Law School",,2026-08-19,Harvard Law School,https://hls.harvard.edu/bibliography/credit-scores-lending-and-psychosocial-disability/,0.0,599ec5a5b3cb71d5d66f.txt,a5a3a205f07752ba2e47284f81b30d1991c08ab40356c68e3462fb056bad089d
59bc84e08175ec2735ab,https://feed.georgetown.edu/access-affordability/seeking-more-male-students-colleges-tailor-outreach-programming,2026-10-04T03:37:22.355484+00:00,georgetown.edu,True,downloaded,200.0,https://feed.georgetown.edu/access-affordability/seeking-more-male-students-colleges-tailor-outreach-programming/,168235.0,success,6820,1056,html,text/html; charset=UTF-8,"Seeking more male students, colleges tailor outreach, programming - THE FEED",Kpc8,2024-05-10,THE FEED,https://feed.georgetown.edu/access-affordability/seeking-more-male-students-colleges-tailor-outreach-programming/,0.0,59bc84e08175ec2735ab.txt,2d6d44c620b2d403c942cfea652a07822e297d65afce2cf4160a014fd9a5dd60
59e0322e179edc11ffb4,https://pmc.ncbi.nlm.nih.gov/articles/PMC10126970,2026-10-04T03:37:22.641170+00:00,nih.gov,True,downloaded,200.0,https://pmc.ncbi.nlm.nih.gov/articles/PMC10126970,21372.0,success,131,18,html,text/html; charset=utf-8,Checking your browser,,2026-09-11,google.com,https://www.google.com/recaptcha/challengepage,0.0,59e0322e179edc11ffb4.txt,a29166d0eaaa418bd5af61a282f1183a46c84c4d5e4c90689b1b452d230d05cc
5a18eb5ae1f084357f1a,https://census.gov/library/working-papers/2025/adrm/CES-WP-25-45.html,2026-10-04T03:37:23.587827+00:00,census.gov,True,downloaded,200.0,https://www.census.gov/library/working-papers/2025/adrm/CES-WP-25-45.html,346194.0,success,3031,409,html,text/html; charset=UTF-8,Credit Access in the United States,US Census Bureau,2026-02-12,Census.gov,https://www.census.gov/library/working-papers/2025/adrm/CES-WP-25-45.html,0.0,5a18eb5ae1f084357f1a.txt,2c6d2328c7b7ecfce6e6b45417476fc2b4382df8ff1d19f2e4c56b2020f8342c
5a7e6924ddf692d48ddc,https://action4justice.org/legal_areas/detention,2026-10-04T03:37:24.411883+00:00,action4justice.org,True,downloaded,200.0,https://action4justice.org/legal_areas/detention/,103076.0,success,12908,1956,html,text/html; charset=UTF-8,Detention - Action 4 Justice,,2020-07-18,Action 4 Justice,https://action4justice.org/legal_areas/detention/,0.0,5a7e6924ddf692d48ddc.txt,49ee2a8b469d3c43fc237bf6d2cde0f1a1499ffc6467cf028e131150a2429c60
5a81c01abaafdcce2476,https://cbpp.org/research/poverty-and-inequality/2025-budget-stakes-people-with-disabilities-could-lose-vital-health,2026-10-04T03:37:25.748220+00:00,cbpp.org,False,http_error,403.0,https://cbpp.org/research/poverty-and-inequality/2025-budget-stakes-people-with-disabilities-could-lose-vital-health,6158.0,not_extracted,0,0,,text/html; charset=UTF-8,,,,,,0.0,,
5a97ee3ff7e6e6e0e799,https://housingca.org/policy/focus/causes,2026-10-04T03:37:25.908062+00:00,housingca.org,False,http_error,403.0,https://housingca.org/policy/focus/causes,52.0,not_extracted,0,0,,text/html,,,,,,0.0,,
5ad01c1dddc32aeac5d0,https://topcollegeconsultants.com/a-shifting-landscape-whats-changing-in-college-admissions-for-students-with-disabilities,2026-10-04T03:37:26.059760+00:00,topcollegeconsultants.com,True,downloaded,200.0,https://www.topcollegeconsultants.com/a-shifting-landscape-whats-changing-in-college-admissions-for-students-with-disabilities/,315787.0,success,15047,2283,html,text/html; charset=UTF-8,A Shifting Landscape: What’s Changing in College Admissions for Students with Disabilities | College Consultants,Eric Endlich; PhD,2026-05-05,Top College Consultants,https://www.topcollegeconsultants.com/a-shifting-landscape-whats-changing-in-college-admissions-for-students-with-disabilities/,0.0,5ad01c1dddc32aeac5d0.txt,e762206ac9c1d4f4211c011ed75e83b052158eca4be8caf061b3048281fceccc
5ad45e7b4cd0a9871fde,https://pmc.ncbi.nlm.nih.gov/articles/PMC5271590,2026-10-04T03:37:26.249214+00:00,nih.gov,True,downloaded,200.0,https://pmc.ncbi.nlm.nih.gov/articles/PMC5271590/,222372.0,success,56417,8597,html,text/html; charset=utf-8,Improving College Enrollment of At-Risk Students at the School Level,Ryan N Goodwin; Wei Li; Michael Broda; Heather Johnson; Barbara Schneider,2016-06-03,Journal of education for students placed at risk,https://pmc.ncbi.nlm.nih.gov/articles/PMC5271590/,0.0,5ad45e7b4cd0a9871fde.txt,a73466e5abd45def5deefb9cf0289e7a3397e83ba3ec2454b0cb39ba01d2e851
5b60a7aba176e73f0677,https://kff.org/womens-health-policy/womens-health-care-utilization-and-costs-findings-from-the-2020-kff-womens-health-survey,2026-10-04T03:37:29.081790+00:00,kff.org,True,downloaded,200.0,https://www.kff.org/womens-health-policy/womens-health-care-utilization-and-costs-findings-from-the-2020-kff-womens-health-survey/,291499.0,success,39762,6568,html,text/html; charset=UTF-8,Women’s Health Care Utilization and Costs: Findings from the 2020 KFF Women’s Health Survey | KFF,Michelle Long; Brittni Frederiksen; Usha Ranji; Alina Salganicoff,2021-04-21,"KFF - The independent source for health policy research, polling, and news",https://www.kff.org/womens-health-policy/womens-health-care-utilization-and-costs-findings-from-the-2020-kff-womens-health-survey/,0.0,5b60a7aba176e73f0677.txt,618725c48b16233b1679a2d07cc25a505e066a6f907328544475c13d76996ac1
5b8280323ae627ce9cbb,https://justiceinaging.org/newsroom/social-security-opens-to-survivors-of-same-sex-couples-who-could-not-marry,2026-10-04T03:37:29.851870+00:00,justiceinaging.org,True,downloaded,200.0,https://justiceinaging.org/newsroom/social-security-opens-to-survivors-of-same-sex-couples-who-could-not-marry/,151885.0,success,922,142,html,text/html; charset=UTF-8,Social Security Opens to Survivors of Same-Sex Couples Who Could Not Marry - Justice in Aging,,2023-10-19,Justice in Aging,https://justiceinaging.org/newsroom/social-security-opens-to-survivors-of-same-sex-couples-who-could-not-marry/,0.0,5b8280323ae627ce9cbb.txt,63e90a9b064caa321bf74a224e82bb6db1f1982c0a5db0916fad9c0feb2a00cf
5b84022c84fac6ebb243,https://sddirect.org.uk/blog-article/why-lgbtqi-inclusive-education-so-important-and-what-can-be-done,2026-10-04T03:37:30.676118+00:00,sddirect.org.uk,True,downloaded,200.0,https://sddirect.org.uk/blog-article/why-lgbtqi-inclusive-education-so-important-and-what-can-be-done,71110.0,success,9353,1412,html,text/html; charset=UTF-8,Why is LGBTQI+ inclusive education so important and what can be done?,,2022-09-02,sddirect.org.uk,https://sddirect.org.uk/blog-article/why-lgbtqi-inclusive-education-so-important-and-what-can-be-done,0.0,5b84022c84fac6ebb243.txt,3f6d9781445106456bad2b6e6d0a7ca3e7fad67904e047158b371122a0e9b78a
5bd114ec901c806e801e,https://leaders-in-law.com/key-factors-in-getting-approved-for-social-security-disability,2026-10-04T03:37:31.040883+00:00,leaders-in-law.com,False,http_error,403.0,https://leaders-in-law.com/key-factors-in-getting-approved-for-social-security-disability,52.0,not_extracted,0,0,,text/html,,,,,,0.0,,
5cab8ec7438d4264c66d,https://ncbi.nlm.nih.gov/books/NBK24693,2026-10-04T03:37:33.108134+00:00,nih.gov,True,downloaded,200.0,https://ncbi.nlm.nih.gov/books/NBK24693,21325.0,success,127,18,html,text/html; charset=utf-8,Checking your browser,,2026-09-11,google.com,https://www.google.com/recaptcha/challengepage,0.0,5cab8ec7438d4264c66d.txt,a6950382e9f383805d5cb88eee7bb6dbb9f70bf9f328b964221d52761db4cd7b
5cbbb03152da59f8b402,https://latinojustice.org/en/news/national-poll-shows-latinos-are-concerned-about-police-violence-feel-less-safe-under-trump,2026-10-04T03:37:33.703580+00:00,latinojustice.org,True,downloaded,200.0,https://www.latinojustice.org/en/news/national-poll-shows-latinos-are-concerned-about-police-violence-feel-less-safe-under-trump,64897.0,success,5666,885,html,text/html; charset=UTF-8,"National Poll Shows Latinos Are Concerned About Police Violence, Feel Less Safe Under Trump But Insist on Increased Spending on Rehabilitation Instead of More Funding for Prisons or Police",,2017-01-10,latinojustice.org,https://www.latinojustice.org/en/news/national-poll-shows-latinos-are-concerned-about-police-violence-feel-less-safe-under-trump,0.0,5cbbb03152da59f8b402.txt,2dd8c6615064bbc454d8f906982c64291ef2793b4efb3f30917590df6b8c8c55
5cbe4354e967723161ab,https://theundercoverrecruiter.com/do-men-and-women-approach-the-job-hunt-differently,2026-10-04T03:37:34.346565+00:00,theundercoverrecruiter.com,True,downloaded,200.0,https://theundercoverrecruiter.com/do-men-and-women-approach-the-job-hunt-differently/,130333.0,success,2429,407,html,text/html; charset=UTF-8,Surprising Facts About Gender in the Job Search,Sophie Deering,2015-05-06,Undercover Recruiter,https://theundercoverrecruiter.com/do-men-and-women-approach-the-job-hunt-differently/,0.0,5cbe4354e967723161ab.txt,0860d0616248aaad18f64820114ecee3e9692bef5cf8f3237909e093023abf5a
5ccc67f8562848534e99,https://cbpp.org/research/poverty-and-inequality/poverty-reduction-programs-help-adults-lacking-college-degrees-the,2026-10-04T03:37:34.576223+00:00,cbpp.org,False,http_error,403.0,https://cbpp.org/research/poverty-and-inequality/poverty-reduction-programs-help-adults-lacking-college-degrees-the,6158.0,not_extracted,0,0,,text/html; charset=UTF-8,,,,,,0.0,,
5d1471f5d8020140a98c,https://pmc.ncbi.nlm.nih.gov/articles/PMC9565787,2026-10-04T03:37:35.968391+00:00,nih.gov,True,downloaded,200.0,https://pmc.ncbi.nlm.nih.gov/articles/PMC9565787,21365.0,success,131,18,html,text/html; charset=utf-8,Checking your browser,,2026-09-11,google.com,https://www.google.com/recaptcha/challengepage,0.0,5d1471f5d8020140a98c.txt,a29166d0eaaa418bd5af61a282f1183a46c84c4d5e4c90689b1b452d230d05cc
5d922a6d9053657279c0,https://researchgate.net/publication/405278775_Male_and_Female_Youth%27s_Opportunities_to_Attend_Higher_Education_Gender_Equality_Perspective_in_the_Village,2026-10-04T03:37:36.172219+00:00,researchgate.net,False,http_error,403.0,https://www.researchgate.net/publication/405278775_Male_and_Female_Youth%27s_Opportunities_to_Attend_Higher_Education_Gender_Equality_Perspective_in_the_Village,21138.0,not_extracted,0,0,,text/html; charset=UTF-8,,,,,,0.0,,
5d933d32bec15ea05648,https://eml.berkeley.edu/~webfac/cbrown/e251_f03/giuliano.pdf,2026-10-04T03:37:36.188761+00:00,berkeley.edu,True,downloaded,200.0,https://eml.berkeley.edu/~webfac/cbrown/e251_f03/giuliano.pdf,466546.0,success,91225,13637,pdf,application/pdf,,,,,,0.0,5d933d32bec15ea05648.txt,2624bacf1b8e09d392a3f78bd06a2049589e16f581c3336e6020709669692e8e
5db340e7aaed38a61dae,https://ssir.org/articles/entry/trans_forming_the_workplace_to_be_transgender_inclusive,2026-10-04T03:37:36.253019+00:00,ssir.org,True,downloaded,200.0,https://ssir.org/articles/entry/trans_forming_the_workplace_to_be_transgender_inclusive,175890.0,success,9151,1353,html,text/html; charset=UTF-8,‘Trans-forming’ the Workplace to Be Transgender Inclusive (SSIR),Nico Calvo Rosenstone,2019-03-29,Stanford Social Innovation Review,https://ssir.org/articles/entry/trans_forming_the_workplace_to_be_transgender_inclusive,0.0,5db340e7aaed38a61dae.txt,0f15e9b178f0b83ce482b40290ab2e3882b7532c07f8c28f8513f0819ac226d0
5db9a8deb87e6022dced,https://pmc.ncbi.nlm.nih.gov/articles/PMC7820533,2026-10-04T03:37:37.642369+00:00,nih.gov,True,downloaded,200.0,https://pmc.ncbi.nlm.nih.gov/articles/PMC7820533/,188214.0,success,47506,7824,html,text/html; charset=utf-8,Knowledge About Bullying by Young Adults With Special Educational Needs With or Without Disabilities (SEN/D),Víctor González-Calatayud; Marimar Roman-García; Paz Prendes-Espinosa,2021-01-08,Frontiers in Psychology,https://pmc.ncbi.nlm.nih.gov/articles/PMC7820533/,0.0,5db9a8deb87e6022dced.txt,14c137112ca9f91b20e5af89a948a063b946d6818f869ff6eaa408d301116b44
5df0c6f39bc55ae69149,https://pmc.ncbi.nlm.nih.gov/articles/PMC4263117,2026-10-04T03:37:40.106610+00:00,nih.gov,True,downloaded,200.0,https://pmc.ncbi.nlm.nih.gov/articles/PMC4263117/,190074.0,success,60282,9304,html,text/html; charset=utf-8,The challenges in monitoring and preventing patient safety incidents for people with intellectual disabilities in NHS acute hospitals: evidence from a mixed-methods study,Irene Tuffrey-Wijne; Lucy Goulding; Vanessa Gordon; Elisabeth Abraham; Nikoletta Giatras; Christine Edwards; Steve Gillard; Sheila Hollins,2014-09-24,BMC Health Services Research,https://pmc.ncbi.nlm.nih.gov/articles/PMC4263117/,0.0,5df0c6f39bc55ae69149.txt,5fa524d300d7481a9e1563f088ed32b68f6bbf26a2f5086188b215415a69444e
5df33af1bf7af19874d4,https://pmc.ncbi.nlm.nih.gov/articles/PMC5723709,2026-10-04T03:37:40.910156+00:00,nih.gov,True,downloaded,200.0,https://pmc.ncbi.nlm.nih.gov/articles/PMC5723709/,21368.0,success,131,18,html,text/html; charset=utf-8,Checking your browser,,2026-09-11,google.com,https://www.google.com/recaptcha/challengepage,0.0,5df33af1bf7af19874d4.txt,a29166d0eaaa418bd5af61a282f1183a46c84c4d5e4c90689b1b452d230d05cc
5e06dd928725e28c4e07,https://aha-inc.org/blog/common-barriers-to-housing-stabilityand-how-we-can-help-you-overcome-them,2026-10-04T03:37:41.328240+00:00,aha-inc.org,True,downloaded,200.0,https://www.aha-inc.org/blog/common-barriers-to-housing-stabilityand-how-we-can-help-you-overcome-them,176686.0,success,3601,572,html,text/html;charset=utf-8,Common Barriers to Housing Stability—and How We Can Help You Overcome Them — Advanced Healthcare Administration | AHA,Tara Hack,2024-10-21,Advanced Healthcare Administration | AHA,https://www.aha-inc.org/blog/common-barriers-to-housing-stabilityand-how-we-can-help-you-overcome-them,0.0,5e06dd928725e28c4e07.txt,9ab351d4dab6b4e351188943d220d1740be1b6fb3e3ef37a310e6ef5af852c37
5e0931d26e71c73fcc93,https://commonwealthfund.org/publications/2018/sep/focus-reducing-racial-disparities-health-care-confronting-racism,2026-10-04T03:37:41.429739+00:00,commonwealthfund.org,False,http_error,403.0,https://commonwealthfund.org/publications/2018/sep/focus-reducing-racial-disparities-health-care-confronting-racism,5946.0,not_extracted,0,0,,text/html; charset=UTF-8,,,,,,0.0,,
5e3fb806d2fab689e8c0,https://pmc.ncbi.nlm.nih.gov/articles/PMC7453877,2026-10-04T03:37:42.492815+00:00,nih.gov,True,downloaded,200.0,https://pmc.ncbi.nlm.nih.gov/articles/PMC7453877,21367.0,success,131,18,html,text/html; charset=utf-8,Checking your browser,,2026-09-11,google.com,https://www.google.com/recaptcha/challengepage,0.0,5e3fb806d2fab689e8c0.txt,a29166d0eaaa418bd5af61a282f1183a46c84c4d5e4c90689b1b452d230d05cc
5e56ce17fea28e841e8a,https://youtube.com/watch?t=68&v=_X1Yd5UFUvk,2026-10-04T03:37:43.456829+00:00,youtube.com,True,downloaded,200.0,https://www.youtube.com/watch?t=68&v=_X1Yd5UFUvk,1183609.0,success,146,23,html,text/html; charset=utf-8,Report finds racial disparities in police use of force,,2016-07-09,YouTube,https://www.youtube.com/watch?v=_X1Yd5UFUvk,0.0,5e56ce17fea28e841e8a.txt,8dbba17988e385133ba8f51d76cde1fc2c859262b666cb848e9cfe2478fd5e71
5e6599d1e8698f724c53,https://centerforhealthjournalism.org/our-work/reporting/barriers-home-ownership-latinos-california-have-long-lasting-effects-health-and,2026-10-04T03:37:43.602687+00:00,centerforhealthjournalism.org,True,downloaded,200.0,https://centerforhealthjournalism.org/our-work/reporting/barriers-home-ownership-latinos-california-have-long-lasting-effects-health-and,62995.0,success,9515,1520,html,text/html; charset=utf-8,Barriers to Home Ownership for Latinos in California Have Long Lasting Effects on Health and Well-Being,Image by Yarel Ramos,2024-07-30,USC Center for Health Journalism,https://centerforhealthjournalism.org/our-work/reporting/barriers-home-ownership-latinos-california-have-long-lasting-effects-health-and,0.0,5e6599d1e8698f724c53.txt,a46dde71c10209dea40922ef9c627b4297893dfeb707d8a5168260b6d8a008fb
5e6d04855d366a1025c7,https://healthlaw.org/racial-disparities-persist-during-the-unwinding-of-the-medicaid-continuous-coverage-requirement,2026-10-04T03:37:43.876326+00:00,healthlaw.org,True,downloaded,200.0,https://healthlaw.org/racial-disparities-persist-during-the-unwinding-of-the-medicaid-continuous-coverage-requirement/,93854.0,success,7072,973,html,text/html; charset=UTF-8,Racial disparities persist during the unwinding of the Medicaid continuous coverage requirement,Jules Lutaba,2024-08-07,National Health Law Program,https://nhelprestordev.wpenginepowered.com/racial-disparities-persist-during-the-unwinding-of-the-medicaid-continuous-coverage-requirement/,0.0,5e6d04855d366a1025c7.txt,1c718bd89ff9a5e62816257a41bfe481d2acbdd81035c9988ea8dbd479afa626
5ea264224aff995e0c51,https://islg.cuny.edu/blog/complex-reality-women-jails,2026-10-04T03:37:44.488193+00:00,cuny.edu,True,downloaded,200.0,https://islg.cuny.edu/blog/complex-reality-women-jails,191949.0,success,9332,1422,html,text/html;charset=utf-8,The Complex Reality Behind Women’s Rising Jail Populations — CUNY Institute for State & Local Governance (ISLG),Carla Sinclair,2026-07-15,CUNY Institute for State & Local Governance (ISLG),https://islg.cuny.edu/blog/complex-reality-women-jails,0.0,5ea264224aff995e0c51.txt,49c3da6d37ba8d5272e355fa93063c47a6ea02cebaf0a1b39e4cfb3e772976e8
5eadf09c05276fe03458,https://alignplatform.org/gender-norms-and-education/discriminatory-gender-norms-access-and-educational-attainment,2026-10-04T03:37:45.155202+00:00,alignplatform.org,True,downloaded,200.0,https://www.alignplatform.org/gender-norms-and-education/discriminatory-gender-norms-access-and-educational-attainment,75909.0,success,2147,293,html,text/html; charset=UTF-8,2. Gender norms and access to education,Author Rachel Marcus,2026-01-01,Align Platform,https://www.alignplatform.org/gender-norms-and-education/discriminatory-gender-norms-access-and-educational-attainment,0.0,5eadf09c05276fe03458.txt,281cd46592adbcb4d9452fd9c7024966b4e2d2d81d5caf435af84bd2e34bf84c
5eb435b2b5338e18b950,https://pubmed.ncbi.nlm.nih.gov/37782863,2026-10-04T03:37:45.743302+00:00,nih.gov,True,downloaded,203.0,https://pubmed.ncbi.nlm.nih.gov/37782863/,5590.0,success,100,14,html,text/html; charset=utf-8,Cookies must be enabled,,,pubmed.ncbi.nlm.nih.gov,https://pubmed.ncbi.nlm.nih.gov/37782863/,0.0,5eb435b2b5338e18b950.txt,f193d0de906419650acf171625dbd67f88f297290893b5473e1d8365c03d4b59
5ed40f9b12c967df163c,https://nationalacademies.org/read/9719/chapter/8,2026-10-04T03:37:47.167137+00:00,nationalacademies.org,True,downloaded,200.0,https://www.nationalacademies.org/read/9719/chapter/8,705285.0,success,54239,6550,html,text/html; charset=UTF-8,Read,,2001-01-25,The National Academies Press,https://www.nationalacademies.org/read/9719/chapter/8,0.0,5ed40f9b12c967df163c.txt,8e5d2351b082da47c3f488a3981f2081b737e07f69c036cf5e1226763aa6578c
5f064bace74f61b96458,https://indigo.uic.edu/articles/poster/Los_Encarcelados_Assessing_the_Increasing_Rate_of_Latinos_in_American_Prisons/27919005,2026-10-04T03:37:47.661500+00:00,uic.edu,True,downloaded,202.0,https://indigo.uic.edu/articles/poster/Los_Encarcelados_Assessing_the_Increasing_Rate_of_Latinos_in_American_Prisons/27919005,2009.0,success,157,26,html,text/html; charset=UTF-8,JavaScript is disabled,,,indigo.uic.edu,https://indigo.uic.edu/articles/poster/Los_Encarcelados_Assessing_the_Increasing_Rate_of_Latinos_in_American_Prisons/27919005,0.0,5f064bace74f61b96458.txt,ebccbd5922b41e48d556f96420b77b24fb66ddfe709666bb5b22acc99765c63f
5f0a40a0edb11930fddb,https://idra.org/wp-content/uploads/2024/04/Literature-Review-Bullying-and-Harassment-in-Schools-Second-Edition-IDRA-2024.pdf,2026-10-04T03:37:49.391245+00:00,idra.org,False,robots_disallowed,,https://idra.org/wp-content/uploads/2024/04/Literature-Review-Bullying-and-Harassment-in-Schools-Second-Edition-IDRA-2024.pdf,,not_extracted,0,0,,,,,,,,,,
5f0ef8def7f6c7e1d0db,https://wfi-hub.org/resource/barrier/biases-that-center-men-as-financial-customers,2026-10-04T03:37:49.487119+00:00,wfi-hub.org,True,downloaded,200.0,https://wfi-hub.org/resource/barrier/biases-that-center-men-as-financial-customers,2516303.0,success,4456,635,html,text/html; charset=utf-8,Women’s Financial Inclusion Hub,,2024-09-16,GRID IMPACT WFI Website,https://wfi-hub.org/resource/barrier/biases-that-center-men-as-financial-customers,0.0,5f0ef8def7f6c7e1d0db.txt,aedef6a8f53e3820047b0cc1be33be75aee764fc258a8075515546833b997bf5
5f250bd6cecd12f45831,https://americanprogress.org/article/how-to-address-the-administrative-burdens-of-accessing-the-safety-net,2026-10-04T03:37:49.878156+00:00,americanprogress.org,False,http_error,403.0,https://www.americanprogress.org/article/how-to-address-the-administrative-burdens-of-accessing-the-safety-net,5902.0,not_extracted,0,0,,text/html; charset=UTF-8,,,,,,0.0,,
5f3fa12e1232285b75e8,https://cdc.gov/disability-and-health/about/disability-and-health-information-for-healthcare-providers.html,2026-10-04T03:37:51.803401+00:00,cdc.gov,False,http_error,403.0,https://cdc.gov/disability-and-health/about/disability-and-health-information-for-healthcare-providers.html,492.0,not_extracted,0,0,,text/html,,,,,,0.0,,
5f724bc07d49df55375b,https://usa.edu/blog/career-advancement,2026-10-04T03:37:52.190537+00:00,usa.edu,False,http_error,403.0,https://usa.edu/blog/career-advancement,4565.0,not_extracted,0,0,,text/html; charset=UTF-8,,,,,,0.0,,
5f88327efe2ef096a6c5,https://pmc.ncbi.nlm.nih.gov/articles/PMC9599998,2026-10-04T03:37:53.245081+00:00,nih.gov,True,downloaded,200.0,https://pmc.ncbi.nlm.nih.gov/articles/PMC9599998,21367.0,success,131,18,html,text/html; charset=utf-8,Checking your browser,,2026-09-11,google.com,https://www.google.com/recaptcha/challengepage,0.0,5f88327efe2ef096a6c5.txt,a29166d0eaaa418bd5af61a282f1183a46c84c4d5e4c90689b1b452d230d05cc
5f8a729f66b51b0af49f,https://hrc.org/resources/fair-and-equal-housing-act,2026-10-04T03:37:54.576557+00:00,hrc.org,True,downloaded,200.0,https://www.hrc.org/resources/fair-and-equal-housing-act,110443.0,success,3783,396,html,text/html; charset=UTF-8,Fair and Equal Housing Act,,2017-05-31,Fair and Equal Housing Act,https://www.hrc.org/resources/fair-and-equal-housing-act,0.0,5f8a729f66b51b0af49f.txt,9debbf6605cadbe6a0c741398b6b02c76d140f0e56e1667f61b1686196babe13
5ffc4f200aa40b7f92fd,https://pmc.ncbi.nlm.nih.gov/articles/PMC4838486,2026-10-04T03:37:54.922549+00:00,nih.gov,True,downloaded,200.0,https://pmc.ncbi.nlm.nih.gov/articles/PMC4838486,21366.0,success,131,18,html,text/html; charset=utf-8,Checking your browser,,2026-09-11,google.com,https://www.google.com/recaptcha/challengepage,0.0,5ffc4f200aa40b7f92fd.txt,a29166d0eaaa418bd5af61a282f1183a46c84c4d5e4c90689b1b452d230d05cc
600be7b1bf695ee8f57b,https://womenshousingforum.org/our-research-2,2026-10-04T03:37:55.137880+00:00,womenshousingforum.org,True,downloaded,200.0,https://www.womenshousingforum.org/our-research-2,88319.0,success,3826,627,html,text/html;charset=utf-8,Our research — The Women's Housing Forum,,2020-01-01,The Women's Housing Forum,https://www.womenshousingforum.org/our-research-2,0.0,600be7b1bf695ee8f57b.txt,ea647cfa6d243b069d1cb3e7947ada0e7e32261c25ab5b013ab876b938790633
6024c7e5789153d3d772,https://youtube.com/watch?t=38s&v=o7soCyte1RE,2026-10-04T03:37:55.180468+00:00,youtube.com,True,downloaded,200.0,https://www.youtube.com/watch?t=38s&v=o7soCyte1RE,1353694.0,success,146,23,html,text/html; charset=utf-8,Racism In Schools: How Can You Fight It?,,2021-05-12,YouTube,https://www.youtube.com/watch?v=o7soCyte1RE,0.0,6024c7e5789153d3d772.txt,8dbba17988e385133ba8f51d76cde1fc2c859262b666cb848e9cfe2478fd5e71
60684da0c14815da0ff4,https://moonlawgroup.com/faqs/men-as-victims-of-sexual-harassment,2026-10-04T03:37:55.365391+00:00,moonlawgroup.com,True,downloaded,200.0,https://www.moonlawgroup.com/faqs/men-as-victims-of-sexual-harassment/,131196.0,success,1840,299,html,text/html; charset=UTF-8,Men as Victims of Sexual Harassment | Moon Law Group,,2026-01-22,"Moon Law Group, PC",https://www.moonlawgroup.com/faqs/men-as-victims-of-sexual-harassment/,0.0,60684da0c14815da0ff4.txt,b71eedfbdb2904e15717e0f37fcf48a7c80f53cddbe9b4d8406ce10cbfcb8cf4
60dea970b08456876f8f,https://williamsinstitute.law.ucla.edu/publications/trans-students-higher-education,2026-10-04T03:37:55.841143+00:00,ucla.edu,True,downloaded,200.0,https://williamsinstitute.law.ucla.edu/publications/trans-students-higher-education/,120435.0,success,11595,1712,html,text/html; charset=UTF-8,Transgender Students in Higher Education,Loyal; Thisisloyal Com,2023-08-08,The Williams Institute at UCLA School of Law,https://williamsinstitute.law.ucla.edu/publications/trans-students-higher-education/,0.0,60dea970b08456876f8f.txt,792853e58f9567cf21cd62520a57850205f14a6d427479637196a020809906c6
60e61a751662f9dc4660,https://hrc.org/resources/get-the-facts-on-transgender-healthcare,2026-10-04T03:37:56.516252+00:00,hrc.org,True,downloaded,200.0,https://www.hrc.org/resources/get-the-facts-on-transgender-healthcare,186721.0,success,20354,2089,html,text/html; charset=UTF-8,Get the Facts on Transgender Healthcare,,2022-05-31,Get the Facts on Transgender Healthcare,https://www.hrc.org/resources/get-the-facts-on-transgender-healthcare,0.0,60e61a751662f9dc4660.txt,22743857db5aa998225a6f49183a6826e4c1285c958079a8c29cc5c94d3bac63
6106593be06f62631e8f,https://pmc.ncbi.nlm.nih.gov/articles/PMC5172593,2026-10-04T03:37:56.662809+00:00,nih.gov,True,downloaded,200.0,https://pmc.ncbi.nlm.nih.gov/articles/PMC5172593/,237549.0,success,45624,6707,html,text/html; charset=utf-8,Perceived Discrimination and Privilege in Health Care: The Role of Socioeconomic Status and Race,Irena Stepanikova; Gabriela Oates,2013-11-30,American journal of preventive medicine,https://pmc.ncbi.nlm.nih.gov/articles/PMC5172593/,0.0,6106593be06f62631e8f.txt,4e2277f27c76fd4aed7314f54b3a42d603eddf8cb0bfa64af51467b640de0b34
612b7db73f096eeb8516,https://pmc.ncbi.nlm.nih.gov/articles/PMC9173361,2026-10-04T03:37:58.583829+00:00,nih.gov,True,downloaded,200.0,https://pmc.ncbi.nlm.nih.gov/articles/PMC9173361,21368.0,success,131,18,html,text/html; charset=utf-8,Checking your browser,,2026-09-11,google.com,https://www.google.com/recaptcha/challengepage,0.0,612b7db73f096eeb8516.txt,a29166d0eaaa418bd5af61a282f1183a46c84c4d5e4c90689b1b452d230d05cc
613bfb60c81b4348c0b9,https://perigen.com/empowering-patient-safety-in-obstetrics-navigating-human-factors-with-technology,2026-10-04T03:37:58.891915+00:00,perigen.com,True,downloaded,200.0,https://perigen.com/empowering-patient-safety-in-obstetrics-navigating-human-factors-with-technology/,67594.0,success,4899,680,html,text/html; charset=UTF-8,Empowering Patient Safety in Obstetrics: Navigating Human Factors with Technology - PeriGen,Plumb,2023-11-07,PeriGen,https://perigen.com/empowering-patient-safety-in-obstetrics-navigating-human-factors-with-technology/,0.0,613bfb60c81b4348c0b9.txt,73655636954150b686d80091ef295bbaa929500974dc5091052c3c35ce1483c6
619eb5929638344771fd,https://urban.org/urban-wire/three-ways-improving-housing-stability-can-make-long-term-progress-toward-racial-equity,2026-10-04T03:37:59.884654+00:00,urban.org,False,http_error,403.0,https://www.urban.org/urban-wire/three-ways-improving-housing-stability-can-make-long-term-progress-toward-racial-equity,6017.0,not_extracted,0,0,,text/html; charset=UTF-8,,,,,,0.0,,
61d2ef42b15db2f7cfa5,https://americanprogress.org/article/systematic-inequality-economic-opportunity,2026-10-04T03:38:00.030613+00:00,americanprogress.org,False,http_error,403.0,https://www.americanprogress.org/article/systematic-inequality-economic-opportunity,5800.0,not_extracted,0,0,,text/html; charset=UTF-8,,,,,,0.0,,
62575baae600f7c3b2cd,https://pmc.ncbi.nlm.nih.gov/articles/PMC12129408,2026-10-04T03:38:00.413366+00:00,nih.gov,True,downloaded,200.0,https://pmc.ncbi.nlm.nih.gov/articles/PMC12129408,21371.0,success,131,18,html,text/html; charset=utf-8,Checking your browser,,2026-09-11,google.com,https://www.google.com/recaptcha/challengepage,0.0,62575baae600f7c3b2cd.txt,a29166d0eaaa418bd5af61a282f1183a46c84c4d5e4c90689b1b452d230d05cc
628ad9a8cd9289d60233,https://cryamerica.org/blogs/how-womens-empowerment-through-education-creates-generational-change,2026-10-04T03:38:01.841512+00:00,cryamerica.org,True,downloaded,200.0,https://www.cryamerica.org/blogs/how-womens-empowerment-through-education-creates-generational-change/,607005.0,success,14776,2031,html,text/html; charset=UTF-8,Women Empowerment Through Education for Lasting Change,Nispaara Solutions,2025-03-25,CRY America,https://www.cryamerica.org/blogs/how-womens-empowerment-through-education-creates-generational-change/,0.0,628ad9a8cd9289d60233.txt,66847186262eea32880ea9e3bd2d466c932231b9268a8b106951a9677a9bd8b7
62a0217f68f1ad23be8d,https://ohchr.org/en/special-procedures/sr-housing/women-and-right-adequate-housing,2026-10-04T03:38:01.950858+00:00,ohchr.org,True,downloaded,200.0,https://www.ohchr.org:443/en/ohchr_homepage,137487.0,success,3640,545,html,text/html; charset=UTF-8,UN Human Rights Office,,2023-11-29,OHCHR,https://www.ohchr.org/en/ohchr_homepage,0.0,62a0217f68f1ad23be8d.txt,ff5485c877c0aed6b4ee2bf6fc95f8066055efa5d8847fe15b05a04dfe6dda10
62a170a9a412999cb856,https://williamsinstitute.law.ucla.edu/publications/law-enforcement-lgbtq-people,2026-10-04T03:38:03.345236+00:00,ucla.edu,True,downloaded,200.0,https://williamsinstitute.law.ucla.edu/publications/law-enforcement-lgbtq-people/,122633.0,success,14882,2284,html,text/html; charset=UTF-8,Law Enforcement and LGBTQ People,Loyal; Thisisloyal Com,2026-07-16,The Williams Institute at UCLA School of Law,https://williamsinstitute.law.ucla.edu/publications/law-enforcement-lgbtq-people/,0.0,62a170a9a412999cb856.txt,9f7d13d58846ce45bb8746322ac814fddc73d0549878c5e39b8786779585247a
62b874c4f5fba875afb5,https://pmc.ncbi.nlm.nih.gov/articles/PMC11658587,2026-10-04T03:38:03.388515+00:00,nih.gov,True,downloaded,200.0,https://pmc.ncbi.nlm.nih.gov/articles/PMC11658587,21372.0,success,131,18,html,text/html; charset=utf-8,Checking your browser,,2026-09-11,google.com,https://www.google.com/recaptcha/challengepage,0.0,62b874c4f5fba875afb5.txt,a29166d0eaaa418bd5af61a282f1183a46c84c4d5e4c90689b1b452d230d05cc
62d9fd296cefd320db4e,https://investopedia.com/lgbtq-marriage-and-personal-finance-5176477,2026-10-04T03:38:03.677330+00:00,investopedia.com,False,http_error,402.0,https://www.investopedia.com/lgbtq-marriage-and-personal-finance-5176477,612.0,not_extracted,0,0,,text/html,,,,,,0.0,,
62e8bcfc82440b92f0a5,http://aclu.org/issues/racial-justice/race-and-criminal-justice,2026-10-04T03:38:05.816497+00:00,aclu.org,True,downloaded,200.0,https://www.aclu.org/issues/racial-justice/race-and-criminal-justice,67900.0,success,3365,490,html,text/html; charset=UTF-8,Race and Criminal Justice | American Civil Liberties Union,,2025-06-17,American Civil Liberties Union,https://www.aclu.org/issues/racial-justice/race-and-criminal-justice,0.0,62e8bcfc82440b92f0a5.txt,83ddc7bd1af222e0176998f80351ecc701b32b1113f34c5f7e3c640faecc5be9
635c2aecb88a3de31194,https://ncrc.org/lending-and-the-lgbtq-community-creating-a-fair-marketplace-for-queer-borrowers,2026-10-04T03:38:06.013032+00:00,ncrc.org,True,downloaded,200.0,https://ncrc.org/lending-and-the-lgbtq-community-creating-a-fair-marketplace-for-queer-borrowers/,422893.0,success,56316,9756,html,text/html; charset=UTF-8,Lending And The LGBTQ+ Community: Creating A Fair Marketplace For Queer Borrowers,NCRC,2021-05-25,ncrc.org,https://ncrc.org/lending-and-the-lgbtq-community-creating-a-fair-marketplace-for-queer-borrowers/,0.0,635c2aecb88a3de31194.txt,3b21767ce323cc3ad171b52e91755d1d4f3b5ee21fc246e46fc29440f4942e43
639774777d21f3829dbe,https://nationalfairhousing.org/issue/access-to-credit,2026-10-04T03:38:06.132667+00:00,nationalfairhousing.org,True,downloaded,200.0,https://nationalfairhousing.org/issue/access-to-credit/,125542.0,success,6164,918,html,text/html; charset=UTF-8,Access to Credit - NFHA,,2023-01-30,NFHA,https://nationalfairhousing.org/issue/access-to-credit/,0.0,639774777d21f3829dbe.txt,4260a6f26009d851beb7b44c0a69d0735693d524ecb59e2ce9dcab49a251526d
639a602a4ac52159e10b,https://cdc.gov/mmwr/volumes/73/su/su7304a6.htm,2026-10-04T03:38:06.612578+00:00,cdc.gov,False,http_error,403.0,https://cdc.gov/mmwr/volumes/73/su/su7304a6.htm,408.0,not_extracted,0,0,,text/html,,,,,,0.0,,
639bfb488b37b79b0dc4,https://housingsolutionstulsa.org/spotlight-on-lgbtq-homelessness-and-housing-insecurity,2026-10-04T03:38:07.543079+00:00,housingsolutionstulsa.org,True,downloaded,200.0,https://www.housingsolutionstulsa.org/spotlight-on-lgbtq-homelessness-and-housing-insecurity/,70381.0,success,2646,363,html,text/html; charset=UTF-8,Spotlight on LGBTQ+ Homelessness and Housing Insecurity | Housing Solutions Tulsa,Erin Velez,2023-07-20,Housing Solutions Tulsa,https://www.housingsolutionstulsa.org/spotlight-on-lgbtq-homelessness-and-housing-insecurity/,0.0,639bfb488b37b79b0dc4.txt,37f0d429685b8e53b4248b9f897e386132c010a07a188269926bed7ac9255b9c
63abafddfee6fd51fbb9,https://pmc.ncbi.nlm.nih.gov/articles/PMC5367473,2026-10-04T03:38:09.713279+00:00,nih.gov,True,downloaded,200.0,https://pmc.ncbi.nlm.nih.gov/articles/PMC5367473,21367.0,success,131,18,html,text/html; charset=utf-8,Checking your browser,,2026-09-11,google.com,https://www.google.com/recaptcha/challengepage,0.0,63abafddfee6fd51fbb9.txt,a29166d0eaaa418bd5af61a282f1183a46c84c4d5e4c90689b1b452d230d05cc
63b4276651a284a5ea30,https://journals.sagepub.com/doi/10.1177/15365042251386835,2026-10-04T03:38:09.841897+00:00,sagepub.com,False,http_error,403.0,https://journals.sagepub.com/doi/10.1177/15365042251386835,5762.0,not_extracted,0,0,,text/html; charset=UTF-8,,,,,,0.0,,
63ba6a38da79f8959dd5,https://pmc.ncbi.nlm.nih.gov/articles/PMC12481928,2026-10-04T03:38:11.417210+00:00,nih.gov,True,downloaded,200.0,https://pmc.ncbi.nlm.nih.gov/articles/PMC12481928,21371.0,success,131,18,html,text/html; charset=utf-8,Checking your browser,,2026-09-11,google.com,https://www.google.com/recaptcha/challengepage,0.0,63ba6a38da79f8959dd5.txt,a29166d0eaaa418bd5af61a282f1183a46c84c4d5e4c90689b1b452d230d05cc
6421f3c3a592a2ecdbb0,https://cato.org/cato-journal/fall/winter-1995/effect-race-sex-welfare-benefits,2026-10-04T03:38:11.477491+00:00,cato.org,False,http_error,403.0,https://www.cato.org/cato-journal/fall/winter-1995/effect-race-sex-welfare-benefits,880.0,not_extracted,0,0,,text/html,,,,,,0.0,,
64350627d94314c4a11c,https://pmc.ncbi.nlm.nih.gov/articles/PMC5441521,2026-10-04T03:38:12.028166+00:00,nih.gov,True,downloaded,200.0,https://pmc.ncbi.nlm.nih.gov/articles/PMC5441521,21365.0,success,131,18,html,text/html; charset=utf-8,Checking your browser,,2026-09-11,google.com,https://www.google.com/recaptcha/challengepage,0.0,64350627d94314c4a11c.txt,a29166d0eaaa418bd5af61a282f1183a46c84c4d5e4c90689b1b452d230d05cc
6437a95a2f655a6ea80a,https://luminafoundation.org/resource/race-and-ethnicity-in-higher-education,2026-10-04T03:38:12.925686+00:00,luminafoundation.org,True,downloaded,200.0,https://www.luminafoundation.org/resource/race-and-ethnicity-in-higher-education/,120117.0,success,2245,360,html,text/html; charset=UTF-8,"Race and Ethnicity in Higher Education, A Status Report",Author Lorelle L Espinosa; Jonathan M Turk; Morgan Taylor; Hollie M Chessman,2022-05-04,American Council on Education,https://www.luminafoundation.org/resource/race-and-ethnicity-in-higher-education/,0.0,6437a95a2f655a6ea80a.txt,7041594ad90ede0813d8bcd6622d5a746b97b3e348ff496a081b47199fbbf9c2
643849fe8ccb8aa39490,https://nij.ojp.gov/library/publications/understanding-use-force-and-against-police-research-brief,2026-10-04T03:38:12.945381+00:00,ojp.gov,True,downloaded,200.0,https://nij.ojp.gov/library/publications/understanding-use-force-and-against-police-research-brief,61037.0,success,1579,239,html,text/html; charset=UTF-8,"Understanding the Use of Force by and Against the Police, Research in Brief",Author J Garner; J Buchanan; T Schade; J Hepburn,1996-11-01,National Institute of Justice,https://nij.ojp.gov/library/publications/understanding-use-force-and-against-police-research-brief,0.0,643849fe8ccb8aa39490.txt,3e921d5bbc8b242f39022436c773dfba625514368f190adb5af5144b35ff5cb2
64b2a8c14437e1166459,https://disabilityrightsca.org/publications/bullying-and-harassment-of-students-with-disabilities,2026-10-04T03:38:14.227562+00:00,disabilityrightsca.org,False,http_error,404.0,https://disabilityrightsca.org/publications/bullying-and-harassment-of-students-with-disabilities,10.0,not_extracted,0,0,,text/plain; charset=utf-8,,,,,,0.0,,
6550f72882e81d532038,https://pmc.ncbi.nlm.nih.gov/articles/PMC10530172,2026-10-04T03:38:14.630148+00:00,nih.gov,True,downloaded,200.0,https://pmc.ncbi.nlm.nih.gov/articles/PMC10530172,21371.0,success,131,18,html,text/html; charset=utf-8,Checking your browser,,2026-09-11,google.com,https://www.google.com/recaptcha/challengepage,0.0,6550f72882e81d532038.txt,a29166d0eaaa418bd5af61a282f1183a46c84c4d5e4c90689b1b452d230d05cc
657153b90b24515d6079,https://pmc.ncbi.nlm.nih.gov/articles/PMC8903243,2026-10-04T03:38:15.285007+00:00,nih.gov,True,downloaded,200.0,https://pmc.ncbi.nlm.nih.gov/articles/PMC8903243/,262981.0,success,65226,10068,html,text/html; charset=utf-8,Factors predicting incarceration history and incidence among Black and Latino men who have sex with men (MSM) residing in a major urban center,Nina T Harawa; Katrina M Schrode; Joseph Daniels; Marjan Javanbakht; Anna Hotton; Solomon Makgoeng; Amy Ragsdale; John Schneider; Kayo Fujimoto; Robert Bolan; Pamina Gorbach,2022-03-08,PLoS ONE,https://pmc.ncbi.nlm.nih.gov/articles/PMC8903243/,0.0,657153b90b24515d6079.txt,8d2859a8873eeb5cf89331fe21258bfd3d542a8c495c6595bb381fadf9d0a613
659985389d63b0310389,https://pmc.ncbi.nlm.nih.gov/articles/PMC10021551,2026-10-04T03:38:15.945459+00:00,nih.gov,True,downloaded,200.0,https://pmc.ncbi.nlm.nih.gov/articles/PMC10021551,21367.0,success,131,18,html,text/html; charset=utf-8,Checking your browser,,2026-09-11,google.com,https://www.google.com/recaptcha/challengepage,0.0,659985389d63b0310389.txt,a29166d0eaaa418bd5af61a282f1183a46c84c4d5e4c90689b1b452d230d05cc
65a51259ca1fffc2f705,https://cbpp.org/research/easing-benefit-enrollment-and-retention-by-reducing-the-burden-of-providing-verification,2026-10-04T03:38:16.192157+00:00,cbpp.org,False,http_error,403.0,https://cbpp.org/research/easing-benefit-enrollment-and-retention-by-reducing-the-burden-of-providing-verification,6158.0,not_extracted,0,0,,text/html; charset=UTF-8,,,,,,0.0,,
65e0b44f593efeec3e29,https://williamsinstitute.law.ucla.edu/publications/fehb-changes-trans-workers,2026-10-04T03:38:17.862940+00:00,ucla.edu,True,downloaded,200.0,https://williamsinstitute.law.ucla.edu/publications/fehb-changes-trans-workers/,141051.0,success,5771,892,html,text/html; charset=UTF-8,The Impact of Changes to the Federal Employee Health Benefits Program on Transgender People,Loyal; Thisisloyal Com,2026-07-31,The Williams Institute at UCLA School of Law,https://williamsinstitute.law.ucla.edu/publications/fehb-changes-trans-workers/,0.0,65e0b44f593efeec3e29.txt,511954bb12c3e7f95ca91d2e919ba34cc9018d1919e646a8bfe7b12353508f46
6605b075d11360f433e4,https://tandfonline.com/doi/full/10.1080/08974454.2023.2271464,2026-10-04T03:38:18.135483+00:00,tandfonline.com,False,http_error,403.0,https://tandfonline.com/doi/full/10.1080/08974454.2023.2271464,5805.0,not_extracted,0,0,,text/html; charset=UTF-8,,,,,,0.0,,
666fabf27e8d7920eeb2,https://files.kff.org/attachment/womens-health-insurance-coverage-fact-sheet,2026-10-04T03:38:19.176778+00:00,kff.org,True,downloaded,200.0,https://files.kff.org/attachment/womens-health-insurance-coverage-fact-sheet,183110.0,success,12613,1921,pdf,application/pdf,,,,,,0.0,666fabf27e8d7920eeb2.txt,42b303969c5abd26357ccded536198eb7da500cb7ca344d889b0b7aa81025e69
66773a488de7fbecd2fd,https://unfe.org/en/know-the-facts/challenges-solutions/lgbtiq-youth-bullying-and-violence-at-school,2026-10-04T03:38:19.205557+00:00,unfe.org,True,downloaded,200.0,https://www.unfe.org/en/know-the-facts/challenges-solutions/lgbtiq-youth-bullying-and-violence-at-school,1156.0,success,15,4,html,text/html; charset=UTF-8,UN Free & Equal,,,unfe.org,https://www.unfe.org/en/know-the-facts/challenges-solutions/lgbtiq-youth-bullying-and-violence-at-school,0.0,66773a488de7fbecd2fd.txt,7a50eb36da5cd684abf1ba6178406cbe1a4c69073609cce54df3352a0662af9e
669391f18662c52dc0ff,https://urban.org/urban-wire/young-adults-credit-trajectories-vary-widely-race-and-ethnicity,2026-10-04T03:38:19.286370+00:00,urban.org,False,http_error,403.0,https://www.urban.org/urban-wire/young-adults-credit-trajectories-vary-widely-race-and-ethnicity,5924.0,not_extracted,0,0,,text/html; charset=UTF-8,,,,,,0.0,,
6699d0d87e313e9ee06e,https://pmc.ncbi.nlm.nih.gov/articles/PMC10742514,2026-10-04T03:38:19.447835+00:00,nih.gov,True,downloaded,200.0,https://pmc.ncbi.nlm.nih.gov/articles/PMC10742514,21372.0,success,131,18,html,text/html; charset=utf-8,Checking your browser,,2026-09-11,google.com,https://www.google.com/recaptcha/challengepage,0.0,6699d0d87e313e9ee06e.txt,a29166d0eaaa418bd5af61a282f1183a46c84c4d5e4c90689b1b452d230d05cc
669d4fe2699b6497bb22,https://journals.sagepub.com/doi/abs/10.1177/1098611120957767,2026-10-04T03:38:21.315962+00:00,sagepub.com,False,http_error,403.0,https://journals.sagepub.com/doi/abs/10.1177/1098611120957767,5771.0,not_extracted,0,0,,text/html; charset=UTF-8,,,,,,0.0,,
66a64a7ebcadd2568298,https://urban.org/sites/default/files/2023-01/Strategies%20for%20Improving%20Public%20Benefits%20Access%20and%20Retention.pdf,2026-10-04T03:38:21.363071+00:00,urban.org,False,http_error,403.0,https://www.urban.org/sites/default/files/2023-01/Strategies%20for%20Improving%20Public%20Benefits%20Access%20and%20Retention.pdf,6066.0,not_extracted,0,0,,text/html; charset=UTF-8,,,,,,0.0,,
66bfad5e73a9bb975bf7,https://pubmed.ncbi.nlm.nih.gov/24328621,2026-10-04T03:38:22.176281+00:00,nih.gov,True,downloaded,203.0,https://pubmed.ncbi.nlm.nih.gov/24328621/,5590.0,success,100,14,html,text/html; charset=utf-8,Cookies must be enabled,,,pubmed.ncbi.nlm.nih.gov,https://pubmed.ncbi.nlm.nih.gov/24328621/,0.0,66bfad5e73a9bb975bf7.txt,f193d0de906419650acf171625dbd67f88f297290893b5473e1d8365c03d4b59
66c3ca44c4087d837af2,https://sciencedirect.com/science/article/abs/pii/S0743016725003298,2026-10-04T03:38:22.525150+00:00,sciencedirect.com,False,http_error,403.0,https://www.sciencedirect.com/science/article/abs/pii/S0743016725003298,1207905.0,not_extracted,0,0,,text/html; charset=UTF-8,,,,,,0.0,,
66eeab7d9af26329cb3b,https://online.uwsuper.edu/degrees/education/msed/special-education/stop-special-ed-students-being-bullied,2026-10-04T03:38:22.691866+00:00,uwsuper.edu,True,downloaded,200.0,https://online.uwsuper.edu/degrees/education/msed/special-education/stop-special-ed-students-being-bullied/,173355.0,success,5360,847,html,text/html; charset=UTF-8,How Can We Stop Special Ed Students From Being Bullied?,Bvorel,2020-03-10,UWSuper,https://online.uwsuper.edu/degrees/education/msed/special-education/stop-special-ed-students-being-bullied/,0.0,66eeab7d9af26329cb3b.txt,53829b6fc1f263e4f8bb51c84c797db64da2bdb0ecdd25830fd13021926c4222
66f40d07c0c6f62c2f4e,https://experian.com/blogs/ask-experian/how-does-ssi-ssdi-affect-my-credit,2026-10-04T03:38:23.515999+00:00,experian.com,True,downloaded,200.0,https://www.experian.com/blogs/ask-experian/how-does-ssi-ssdi-affect-my-credit,225935.0,success,6267,1048,html,text/html,How Does SSI or SSDI Affect My Credit?,Emily Cahill,2026-07-23,Experian,https://www.experian.com/blogs/ask-experian/how-does-ssi-ssdi-affect-my-credit/,0.0,66f40d07c0c6f62c2f4e.txt,fbfcf9b3e84d73c4e72b14d476613e70d1ed70e0e73dfe4bd22943a665b290c3
67209c6125673801320e,https://taxoutreach.org/outreach-strategies/lgbtq-people,2026-10-04T03:38:24.461740+00:00,taxoutreach.org,True,downloaded,200.0,https://www.taxoutreach.org/outreach-strategies/lgbtq-people/,71290.0,success,3698,568,html,text/html; charset=UTF-8,LGBTQ+ People - Get It Back,,2025-07-14,Get It Back,https://www.taxoutreach.org/outreach-strategies/lgbtq-people/,0.0,67209c6125673801320e.txt,8d182403552855f446adfca1177ce2ef628b84485a04141a67560c692d213a31
677ae22ee8f9a8e0106b,https://tandfonline.com/doi/full/10.1080/01612840.2026.2673376,2026-10-04T03:38:24.615367+00:00,tandfonline.com,False,http_error,403.0,https://tandfonline.com/doi/full/10.1080/01612840.2026.2673376,5805.0,not_extracted,0,0,,text/html; charset=UTF-8,,,,,,0.0,,
677bd0cf0a148a1a1bec,https://saraharberson.com/blog/hidden-factors-that-influence-who-gets-in,2026-10-04T03:38:25.655734+00:00,saraharberson.com,True,downloaded,200.0,https://www.saraharberson.com/blog/hidden-factors-that-influence-who-gets-in,68531.0,success,6128,958,html,text/html; charset=UTF-8,The Hidden Factors That Influence Who Gets In,Sara Harberson,2024-02-29,Sara Harberson,https://www.saraharberson.com/blog/hidden-factors-that-influence-who-gets-in,0.0,677bd0cf0a148a1a1bec.txt,081a2832d3bad24605deb0a1580d43bf9623e22ecad2c11db46d04ba22c92779
67b5248e81474aa78459,https://abc10.com/article/money/nerdwallet/how-latino-credit-unions-clear-banking-barriers/606-3e5fa94f-12aa-4ee5-8395-59a1d175544d,2026-10-04T03:38:27.672303+00:00,abc10.com,False,http_error,403.0,https://www.abc10.com/article/money/nerdwallet/how-latino-credit-unions-clear-banking-barriers/606-3e5fa94f-12aa-4ee5-8395-59a1d175544d,540.0,not_extracted,0,0,,text/html,,,,,,0.0,,
68235c80367aa2dbb685,https://onlinedegrees.sandiego.edu/women-in-law-enforcement,2026-10-04T03:38:27.724952+00:00,sandiego.edu,True,downloaded,200.0,https://onlinedegrees.sandiego.edu/women-in-law-enforcement/,232091.0,success,18635,2949,html,text/html; charset=UTF-8,Why We Need More Women Working in Law Enforcement,Erik Fritsvold; PhD,2017-01-06,University of San Diego Online Degrees,https://onlinedegrees.sandiego.edu/women-in-law-enforcement/,0.0,68235c80367aa2dbb685.txt,4f8a892c585bd50130f80ad9db3abe2ebae122f9d7ac199d2782e4b933038f57
688f1532e5b974614683,https://newsnetwork.mayoclinic.org/discussion/health-disparities-in-preventive-screenings-for-african-americans,2026-10-04T03:38:28.389505+00:00,mayoclinic.org,False,http_error,403.0,https://newsnetwork.mayoclinic.org/discussion/health-disparities-in-preventive-screenings-for-african-americans,488.0,not_extracted,0,0,,text/html,,,,,,0.0,,
68a92c478d43da53a5ba,https://pn3policy.org/pn-3-state-policy-roadmap-2022/us/admin-burden,2026-10-04T03:38:28.726408+00:00,pn3policy.org,True,downloaded,200.0,https://pn3policy.org/pn-3-state-policy-roadmap-2022/us/admin-burden,346138.0,success,11779,1721,html,text/html; charset=UTF-8,Reduced Administrative Burden for SNAP - Prenatal-to-3 Policy Impact Center,,2026-08-15,Prenatal-to-3 Policy Impact Center,https://pn3policy.org/pn-3-state-policy-roadmap-2022/us/admin-burden/,0.0,68a92c478d43da53a5ba.txt,8ec3c69d26d99ba6b3c58a884115b214ec32986e232ca33119a6944d54b81475
68d2bf1aa71ddc5cfea3,https://endhomelessness.org/blog/recognizing-women-experiencing-homelessness-a-womens-history-month-spotlight-on-downtown-womens-center,2026-10-04T03:38:28.951957+00:00,endhomelessness.org,True,downloaded,200.0,https://endhomelessness.org/blog/recognizing-women-experiencing-homelessness-a-womens-history-month-spotlight-on-downtown-womens-center,350935.0,success,8297,1247,html,text/html; charset=UTF-8,Recognizing Women Experiencing Homelessness: A Women’s History Month Spotlight on Downtown Women’s Center,Amy Turk,2025-04-08,National Alliance to End Homelessness,https://endhomelessness.org/blog/recognizing-women-experiencing-homelessness-a-womens-history-month-spotlight-on-downtown-womens-center/,0.0,68d2bf1aa71ddc5cfea3.txt,915255ad1ba00c4c170214f7e529752527f17cf98bd5d9697d4956962168937c
6908d9afa9d60404f378,https://youtube.com/watch?t=215&v=ydooO1jXTuc,2026-10-04T03:38:30.024393+00:00,youtube.com,True,downloaded,200.0,https://www.youtube.com/watch?t=215&v=ydooO1jXTuc,1205123.0,success,146,23,html,text/html; charset=utf-8,"Trans Lives, Criminal Laws: Challenges Facing Trans People in the Criminal Legal System",,2025-11-04,YouTube,https://www.youtube.com/watch?v=ydooO1jXTuc,0.0,6908d9afa9d60404f378.txt,8dbba17988e385133ba8f51d76cde1fc2c859262b666cb848e9cfe2478fd5e71
6941b1f3f5f4fc565c16,https://tgpdenver.org/publications/blog.html/article/2025/08/29/the-overlooked-connection-between-disability-and-homelessness,2026-10-04T03:38:31.483873+00:00,tgpdenver.org,True,downloaded,200.0,https://tgpdenver.org/publications/blog.html/article/2025/08/29/the-overlooked-connection-between-disability-and-homelessness,72232.0,success,3563,536,html,text/html; charset=UTF-8,The Gathering Place Resources and Blog,Jake Wilson,2025-08-29,The Gathering Place,https://tgpdenver.org/publications/blog.html/article/2025/08/29/the-overlooked-connection-between-disability-and-homelessness,0.0,6941b1f3f5f4fc565c16.txt,6c5c6ad61fde45c0ec30b18b667c9f4cff7ef0be0babd0cb6cddeb64f363758b
6942a0dd184d3fcee471,https://equityinhighered.org/resources/ideas-and-insights/segregation-in-higher-education-and-unequal-paths-to-college-completion-implications-for-policy-and-research,2026-10-04T03:38:32.254424+00:00,equityinhighered.org,True,downloaded,200.0,https://www.equityinhighered.org/resources/ideas-and-insights/segregation-in-higher-education-and-unequal-paths-to-college-completion-implications-for-policy-and-research/,129741.0,success,26735,3724,html,text/html; charset=UTF-8,Segregation in Higher Education and Unequal Paths to College Completion: Implications for Policy and Research - Race and Ethnicity in Higher Education,,2023-04-24,Race and Ethnicity in Higher Education,https://www.equityinhighered.org/resources/ideas-and-insights/segregation-in-higher-education-and-unequal-paths-to-college-completion-implications-for-policy-and-research/,0.0,6942a0dd184d3fcee471.txt,00eab010733bf56f67792a7e0ae182707748dc3dd34a5f84882e0f36effff436
6991e6d03e34b43af7cf,https://chcs.org/medicaid-and-sexual-orientation-and-gender-identity-data-key-factors-for-more-equitable-data-collection,2026-10-04T03:38:33.105548+00:00,chcs.org,True,downloaded,200.0,https://www.chcs.org/medicaid-and-sexual-orientation-and-gender-identity-data-key-factors-for-more-equitable-data-collection/,194751.0,success,7636,1134,html,text/html; charset=UTF-8,Medicaid and Sexual Orientation and Gender Identity Data: Key Factors for More Equitable Data Collection - CHCS Blog,Brandon Petit-Homme,2024-02-06,Center for Health Care Strategies,https://www.chcs.org/medicaid-and-sexual-orientation-and-gender-identity-data-key-factors-for-more-equitable-data-collection/,0.0,6991e6d03e34b43af7cf.txt,835032c869097442869e174218f52b5b3e558ebf37a5c865c66d70c9c3122b68
69a692e139e725f059e1,https://pmc.ncbi.nlm.nih.gov/articles/PMC11108055,2026-10-04T03:38:33.981790+00:00,nih.gov,True,downloaded,200.0,https://pmc.ncbi.nlm.nih.gov/articles/PMC11108055,21368.0,success,131,18,html,text/html; charset=utf-8,Checking your browser,,2026-09-11,google.com,https://www.google.com/recaptcha/challengepage,0.0,69a692e139e725f059e1.txt,a29166d0eaaa418bd5af61a282f1183a46c84c4d5e4c90689b1b452d230d05cc
69aa89e265f526daa136,https://pubmed.ncbi.nlm.nih.gov/22081983,2026-10-04T03:38:34.225520+00:00,nih.gov,True,downloaded,203.0,https://pubmed.ncbi.nlm.nih.gov/22081983/,5590.0,success,100,14,html,text/html; charset=utf-8,Cookies must be enabled,,,pubmed.ncbi.nlm.nih.gov,https://pubmed.ncbi.nlm.nih.gov/22081983/,0.0,69aa89e265f526daa136.txt,f193d0de906419650acf171625dbd67f88f297290893b5473e1d8365c03d4b59
69b8d04f81df50ec9165,https://cacp.gatech.edu/sites/default/files/2020-02/Barriers%20to%20Employment.pdf,2026-10-04T03:38:35.122456+00:00,gatech.edu,True,downloaded,200.0,https://cacp.gatech.edu/sites/default/files/2020-02/Barriers%20to%20Employment.pdf,99146.0,success,54439,7122,pdf,application/pdf,,,,,,0.0,69b8d04f81df50ec9165.txt,b003287cd1471c84663876c4622905a335ddb7c267dedee3e657568588cfb159
69d2cb6911a7d386e65c,https://them.us/story/lgbtq-finances-bills-economic-insecurity,2026-10-04T03:38:35.399761+00:00,them.us,True,downloaded,200.0,https://www.them.us/story/lgbtq-finances-bills-economic-insecurity,420394.0,success,6681,1039,html,text/html; charset=utf-8,"Many LGBTQ+ Americans Are Unable to Pay Bills, Keep Savings or Hold Bank Accounts, Survey Shows",Orion Rummler,2023-04-07,Them,https://www.them.us/story/lgbtq-finances-bills-economic-insecurity,0.0,69d2cb6911a7d386e65c.txt,c291daaa06f280e673b14e81c668f314e05413cefe6839f5855b25c8d4977939
69defa686d35ec12ae06,https://pmc.ncbi.nlm.nih.gov/articles/PMC5509345,2026-10-04T03:38:36.733035+00:00,nih.gov,True,downloaded,200.0,https://pmc.ncbi.nlm.nih.gov/articles/PMC5509345/,317144.0,success,75139,12378,html,text/html; charset=utf-8,"Understanding Racial and Ethnic Disparities in Arrest: The Role of Individual, Home, School, and Community Characteristics",Lauren Nichol Gase; Beth A Glenn; Louis M Gomez; Tony Kuo; Moira Inkelas; Ninez A Ponce,2016-11-03,Race and social problems,https://pmc.ncbi.nlm.nih.gov/articles/PMC5509345/,0.0,69defa686d35ec12ae06.txt,9084d8cd379f937b10772a00619210909e80479ebb6dd7336fc5d7556deb8d85
6a0df1d9563533bb4ef7,https://pmc.ncbi.nlm.nih.gov/articles/PMC6927152,2026-10-04T03:38:37.216968+00:00,nih.gov,True,downloaded,200.0,https://pmc.ncbi.nlm.nih.gov/articles/PMC6927152,21367.0,success,131,18,html,text/html; charset=utf-8,Checking your browser,,2026-09-11,google.com,https://www.google.com/recaptcha/challengepage,0.0,6a0df1d9563533bb4ef7.txt,a29166d0eaaa418bd5af61a282f1183a46c84c4d5e4c90689b1b452d230d05cc
6a46f2066f9017c7c919,https://thehrcfoundation.org/professional-resources/transgender-inclusive-benefits-for-employees-and-dependents,2026-10-04T03:38:37.449696+00:00,thehrcfoundation.org,True,downloaded,200.0,https://www.hrc.org:443/,103195.0,success,531,46,html,text/html; charset=UTF-8,The Human Rights Campaign | 4 Million Members Strong,,2020-06-02,HRC,https://www.hrc.org/,0.0,6a46f2066f9017c7c919.txt,a38addee2332a072712ca4e1c92d94521598aedcb06d08eaa910a057febc3093
6a652f7b8673756b6a75,https://unidosus.org/wp-content/uploads/2021/07/latinohomeownership_52118.pdf,2026-10-04T03:38:37.583605+00:00,unidosus.org,True,downloaded,200.0,https://unidosus.org/wp-content/uploads/2021/07/latinohomeownership_52118.pdf,746937.0,success,19842,2594,pdf,application/pdf,,,,,,0.0,6a652f7b8673756b6a75.txt,9f4680ad94e67133e1dbb25e5a1691870ecfa2029a754fa250b33b740fa42686
6a68befd7e40acb7f205,https://prntexas.org/top-10-facts-about-bullying-and-harassment-of-students-with-disabilities,2026-10-04T03:38:38.173774+00:00,prntexas.org,True,downloaded,200.0,https://prntexas.org/top-10-facts-about-bullying-and-harassment-of-students-with-disabilities/,187623.0,success,12314,1947,html,text/html; charset=UTF-8,Top 10 Facts about Bullying and Harassment of Students with Disabilities,,2017-08-18,Partners Resource Network,https://prntexas.org/top-10-facts-about-bullying-and-harassment-of-students-with-disabilities/,0.0,6a68befd7e40acb7f205.txt,5d76fc336d4e026392e1f8c22056f69b02ac9beb17f098b8d226786504596257
6abe171695815811c503,https://sjcexchange.org/blogs/matt-davis/2025/08/01/reshaping-the-justice-system-for-people-with-disab,2026-10-04T03:38:39.122088+00:00,sjcexchange.org,True,downloaded,200.0,https://sjcexchange.org/HigherLogic/Security/ScheduledForDeletion.aspx,952.0,success,158,26,html,text/html; charset=utf-8,This site has been scheduled for deletion.,,2026-01-01,sjcexchange.org,https://sjcexchange.org/HigherLogic/Security/ScheduledForDeletion.aspx,0.0,6abe171695815811c503.txt,619b2407230369d5c5fe0c127e2778d25a5d328573ddaa595a8f3c75c2ad95a1
6ad4c47c11e5511d0fe4,https://transequality.org/issues/health-healthcare,2026-10-04T03:38:40.609153+00:00,transequality.org,True,downloaded,200.0,https://transequality.org/issues/health-healthcare,139536.0,success,4350,634,html,text/html; charset=UTF-8,Health & Healthcare | A4TE,,2026-09-30,A4TE,https://transequality.org/issues/health-healthcare,0.0,6ad4c47c11e5511d0fe4.txt,fda214046caa06f0b3ca72eeb4fe78562f66a530c59d4025125d9395a3f4fdd4
6afa58b00cf362585a0d,https://researchgate.net/publication/336656710_Racial_and_Ethnic_Differences_in_Bullying_Review_and_Implications_for_Intervention,2026-10-04T03:38:40.805461+00:00,researchgate.net,False,http_error,403.0,https://www.researchgate.net/publication/336656710_Racial_and_Ethnic_Differences_in_Bullying_Review_and_Implications_for_Intervention,21138.0,not_extracted,0,0,,text/html; charset=UTF-8,,,,,,0.0,,
6afd5427af2aac11d72f,https://urban.org/urban-wire/creating-avenues-financial-inclusion-latino-families,2026-10-04T03:38:40.838030+00:00,urban.org,False,http_error,403.0,https://www.urban.org/urban-wire/creating-avenues-financial-inclusion-latino-families,5870.0,not_extracted,0,0,,text/html; charset=UTF-8,,,,,,0.0,,
6b26f55a2f3cf46273d7,https://understandinghouston.org/topic/economic-opportunity/access-to-credit-and-household-debt,2026-10-04T03:38:40.899584+00:00,understandinghouston.org,True,downloaded,200.0,https://www.understandinghouston.org/topic/economic-opportunity/access-to-credit-and-household-debt,3099.0,success,46,9,html,text/html; charset=UTF-8,Understanding Houston,,,understandinghouston.org,https://www.understandinghouston.org/topic/economic-opportunity/access-to-credit-and-household-debt,0.0,6b26f55a2f3cf46273d7.txt,69eca09463a751c3ee7f6188f3583eb93a2ba4dcdfa2da29a68c53c6fb4bc954
6b2f7678529a2b8861ed,https://highereddive.com/news/at-womens-colleges-trans-and-nonbinary-applicants-face-inconsistent-rules/567537,2026-10-04T03:38:42.236316+00:00,highereddive.com,True,downloaded,200.0,https://www.highereddive.com/news/at-womens-colleges-trans-and-nonbinary-applicants-face-inconsistent-rules/567537/,199095.0,success,7834,1202,html,text/html; charset=utf-8,"At women’s colleges, rules vary widely for trans and nonbinary students",Jeremy Bauer-Wolf,2019-11-18,Higher Ed Dive,https://www.highereddive.com/news/at-womens-colleges-trans-and-nonbinary-applicants-face-inconsistent-rules/567537/,0.0,6b2f7678529a2b8861ed.txt,56eec2edff2d6defd1be552356705d98907230b6d53b9a729a7c9faad44fc975
6b6f1f00596dcb2f0875,https://urban.org/urban-wire/three-trends-lgbtq-homeownership-gaps-underscore-research-and-policy-needs,2026-10-04T03:38:43.969824+00:00,urban.org,False,http_error,403.0,https://www.urban.org/urban-wire/three-trends-lgbtq-homeownership-gaps-underscore-research-and-policy-needs,5957.0,not_extracted,0,0,,text/html; charset=UTF-8,,,,,,0.0,,
6b6f4553e54464a754b0,https://federalreserve.gov/publications/2022-economic-well-being-of-us-households-in-2021-banking-and-credit.htm,2026-10-04T03:38:44.295407+00:00,federalreserve.gov,True,downloaded,200.0,https://www.federalreserve.gov/publications/2022-economic-well-being-of-us-households-in-2021-banking-and-credit.htm,127148.0,success,18908,3353,html,text/html,Banking and Credit,,2022-05-27,Board of Governors of the Federal Reserve System,https://www.federalreserve.gov/publications/2022-economic-well-being-of-us-households-in-2021-banking-and-credit.htm,0.0,6b6f4553e54464a754b0.txt,4ffe2205e99442e73161aa0a45df312754e1743c0e79ff34de5d8db9e874a8d9
6b866d419ebf63c3a7e6,https://healthaffairs.org/doi/10.1377/hlthaff.2022.01493,2026-10-04T03:38:45.118357+00:00,healthaffairs.org,False,http_error,403.0,https://healthaffairs.org/doi/10.1377/hlthaff.2022.01493,5719.0,not_extracted,0,0,,text/html; charset=UTF-8,,,,,,0.0,,
6b990a507fcf3232c4bd,https://experian.com/blogs/ask-experian/lgbtq-financial-inclusion,2026-10-04T03:38:45.165397+00:00,experian.com,True,downloaded,200.0,https://www.experian.com/blogs/ask-experian/lgbtq-financial-inclusion,227649.0,success,11751,1832,html,text/html,Financial Inclusion and the LGBTQ+ Community - Experian,Emily Starbuck Gerson,2023-06-14,Experian,https://www.experian.com/blogs/ask-experian/lgbtq-financial-inclusion/,0.0,6b990a507fcf3232c4bd.txt,84689bfb07da614ddfcf5226c4b336483b5bfc002b9be762a535b7027dc07e3d
6ba31aea0d1d052d6224,https://valliance.bank/blog/credit-gaps-facing-women-business-owners,2026-10-04T03:38:47.230071+00:00,valliance.bank,True,downloaded,200.0,https://valliance.bank/blog/credit-gaps-facing-women-business-owners,81522.0,success,6247,972,html,text/html; charset=UTF-8,The Credit Gaps Facing Women Business Owners,Valliance Bank,2022-09-28,VallianceBank,https://valliance.bank/blog/credit-gaps-facing-women-business-owners,0.0,6ba31aea0d1d052d6224.txt,d7051d28d243912fd653f09dd653465b657a206197a4fa1ab19ad21d3f63f40c
6bd9339ff4ffd72fcca1,https://pmc.ncbi.nlm.nih.gov/articles/PMC10815774,2026-10-04T03:38:47.351534+00:00,nih.gov,True,downloaded,200.0,https://pmc.ncbi.nlm.nih.gov/articles/PMC10815774/,234693.0,success,50527,7294,html,text/html; charset=utf-8,Risks Associated with Quality Care among Hispanic and White Populations—A Cross-Sectional Comparison Study,Ching-Fang Tiffany Tzeng; Thomas Swoboda; Charles Huggins; James D’Etienne; Hao Wang,2024-01-19,Healthcare,https://pmc.ncbi.nlm.nih.gov/articles/PMC10815774/,0.0,6bd9339ff4ffd72fcca1.txt,defb4a80432e1dcfdd990a2ebffb5d5a2b319cec9c85c02b00065f5c916dd1c3
6c02452fa01801ca2809,https://doi.org/10.15781/T2CK6M,2026-10-04T03:38:47.928217+00:00,doi.org,False,http_error,403.0,https://repositories.lib.utexas.edu/handle/2152/32110,919.0,not_extracted,0,0,,text/html,,,,,,0.0,,
6c1bd05280acf9d1231d,https://careerhub.students.duke.edu/blog/2025/02/03/how-can-i-advance-my-career-as-a-latino-professional,2026-10-04T03:38:48.564896+00:00,duke.edu,True,downloaded,200.0,https://careerhub.students.duke.edu/blog/2025/02/03/how-can-i-advance-my-career-as-a-latino-professional/,170427.0,success,7703,1109,html,text/html; charset=UTF-8,How Can I Advance My Career as a Latino Professional?,Leigh Ann Waring she; Her,2025-02-03,Career Hub | Duke University,https://careerhub.students.duke.edu/blog/2025/02/03/how-can-i-advance-my-career-as-a-latino-professional/,0.0,6c1bd05280acf9d1231d.txt,539b7c43f6ca53c4473fc662b3905545509d5ef01491892427f27e35dd9f2653
6c4b93694bc098c77da8,https://deloitte.com/us/en/insights/industry/financial-services/accessible-banking-for-disabled.html,2026-10-04T03:38:48.805115+00:00,deloitte.com,True,downloaded,200.0,https://www.deloitte.com/us/en/insights/industry/financial-services/accessible-banking-for-disabled.html,285976.0,success,6143,882,html,text/html;charset=utf-8,"How can banks better serve people with disabilities, and why the time is now",Jonathan Valenti; Val Srinivas; Courtney Davis; Richa Wadhwani,2023-04-27,Deloitte Insights,https://www.deloitte.com/us/en/insights/industry/financial-services/accessible-banking-for-disabled.html,0.0,6c4b93694bc098c77da8.txt,ac45cdeb099106c8a83a2d15629bb0dd6e5ad93f3d69c95787e86aad7137ab16
6c6591752cf5316df060,https://ovid.com/jnls/journalpatientsafety/abstract/10.1097/pts.0000000000001578~factors-associated-with-likelihood-of-experiencing-a?redirectionsource=fulltextview,2026-10-04T03:38:50.666187+00:00,ovid.com,True,downloaded,200.0,https://www.ovid.com/jnls/journalpatientsafety/abstract/10.1097/pts.0000000000001578~factors-associated-with-likelihood-of-experiencing-a?redirectionsource=fulltextview,173481.0,success,1978,272,html,text/html; charset=utf-8,Factors Associated With Likelihood of... : Journal of Patient Safety,Authors; Affiliations,2020-02-04,Ovid,https://www.ovid.com/jnls/journalpatientsafety/fulltext/10.1097/pts.0000000000001578~factors-associated-with-likelihood-of-experiencing-a,0.0,6c6591752cf5316df060.txt,7ab9b8de7e6f500c717bb8308d6f583ed5060a105aa9e91bf5dfb2675e5e74fd
6ca719c33fb003e6a5e5,https://tandfonline.com/doi/full/10.1080/02673037.2025.2492781,2026-10-04T03:38:51.111995+00:00,tandfonline.com,False,http_error,403.0,https://tandfonline.com/doi/full/10.1080/02673037.2025.2492781,5805.0,not_extracted,0,0,,text/html; charset=UTF-8,,,,,,0.0,,
6cb218a3b3f50c959e2b,https://endhomelessness.org/blog/homelessness-and-black-history-access-to-housing,2026-10-04T03:38:51.223722+00:00,endhomelessness.org,True,downloaded,200.0,https://endhomelessness.org/blog/homelessness-and-black-history-access-to-housing,343209.0,success,4436,665,html,text/html; charset=UTF-8,Homelessness and Black History: Access to Housing,NAEH,2025-03-05,National Alliance to End Homelessness,https://endhomelessness.org/blog/homelessness-and-black-history-access-to-housing/,0.0,6cb218a3b3f50c959e2b.txt,7482c1cd564f9e7d74b404e5fe9c75339ad2579e8906fb020dddbee98089e177
6cbb226c2690ac0effde,https://weforum.org/stories/financial-and-monetary-systems/women-access-financial-services,2026-10-04T03:38:51.232589+00:00,weforum.org,False,http_error,403.0,https://www.weforum.org:443/stories/financial-and-monetary-systems/women-access-financial-services,469.0,not_extracted,0,0,,text/html,,,,,,0.0,,
6cd4edf075667051948e,https://transcanwork.org/news/span-classsqsrte-text-color-blackwhy-trans-employees-face-barriers-to-career-advancementnbspspan,2026-10-04T03:38:52.846483+00:00,transcanwork.org,True,downloaded,200.0,https://www.transcanwork.org/news/span-classsqsrte-text-color-blackwhy-trans-employees-face-barriers-to-career-advancementnbspspan,266440.0,success,16093,2230,html,text/html;charset=utf-8,Why Trans Employees Face Barriers to Career Advancement — Trans Can Work,Jerome Trammel,2026-04-01,Trans Can Work,https://www.transcanwork.org/news/span-classsqsrte-text-color-blackwhy-trans-employees-face-barriers-to-career-advancementnbspspan,0.0,6cd4edf075667051948e.txt,f8e0cca0032016443b41a15abd2660f522e90c4f18502ffae870a299df489642
6cf074b5d55000c1fb4c,https://opportunityinsights.org/paper/creditaccess,2026-10-04T03:38:53.718523+00:00,opportunityinsights.org,True,downloaded,200.0,https://opportunityinsights.org/paper/creditaccess/,68719.0,success,1382,199,html,text/html; charset=UTF-8,Credit Access in the United States | Opportunity Insights,Nathaniel Hendren; Trevor J Bakker; Stefanie DeLuca; Eric English; Jamie Fogel; Daniel Herbst,2025-07-16,Opportunity Insights,https://opportunityinsights.org/paper/creditaccess/,0.0,6cf074b5d55000c1fb4c.txt,67d147682a4dbf4ba4d1e715806dd91a030f05918a07ff94ac8c0035e0be4029
6cfba1f14fe81a790660,https://news.iastate.edu/news/lower-approval-rates-higher-finance-fees-evidence-discrimination-same-sex-borrowers,2026-10-04T03:38:54.530727+00:00,iastate.edu,True,downloaded,200.0,https://www.news.iastate.edu/news/lower-approval-rates-higher-finance-fees-evidence-discrimination-same-sex-borrowers,26097.0,success,3971,595,html,text/html; charset=UTF-8,"Lower approval rates, higher finance fees evidence of discrimination for same-sex borrowers",,2019-04-16,News Service,https://www.news.iastate.edu/news/lower-approval-rates-higher-finance-fees-evidence-discrimination-same-sex-borrowers,0.0,6cfba1f14fe81a790660.txt,d79bdf3da1facfbc4e205812c5ba79d31281ca4fa7faa6e4f305223f68355421
6d1e433d9309fdcf83c7,https://ticas.org/anti-poverty/reconciliation-2025-snap-and-medicaid,2026-10-04T03:38:54.830140+00:00,ticas.org,False,http_error,403.0,https://ticas.org/anti-poverty/reconciliation-2025-snap-and-medicaid,52.0,not_extracted,0,0,,text/html,,,,,,0.0,,
6d7fc7bd39c6666c48e5,https://tandfonline.com/doi/full/10.1080/26379112.2024.2357996,2026-10-04T03:38:55.205940+00:00,tandfonline.com,False,http_error,403.0,https://tandfonline.com/doi/full/10.1080/26379112.2024.2357996,5805.0,not_extracted,0,0,,text/html; charset=UTF-8,,,,,,0.0,,
6d9ec3856805f2ca023f,https://clasp.org/sites/default/files/Deep%20Dive%20-%20Medicaid%20Renewals%20-%2011-27.pdf,2026-10-04T03:38:55.634083+00:00,clasp.org,True,downloaded,200.0,https://www.clasp.org/sites/default/files/Deep%20Dive%20-%20Medicaid%20Renewals%20-%2011-27.pdf,114181.0,success,7349,1086,pdf,application/pdf,,,,,,0.0,6d9ec3856805f2ca023f.txt,413607cf9c7a370ff45f965881e544a4d0a112e5d5e9cefa8be42727560bd42a
6dad065802e5747bfe76,https://pmc.ncbi.nlm.nih.gov/articles/PMC12691752,2026-10-04T03:38:57.495474+00:00,nih.gov,True,downloaded,200.0,https://pmc.ncbi.nlm.nih.gov/articles/PMC12691752/,368260.0,success,106363,15279,html,text/html; charset=utf-8,"Homophobic Bullying Among Adolescents: Prevalence, Associations with Emotional Factors, Psychopathological Symptoms, and Predictors",Maite Garaigordobil; Juan Pablo Mollo-Torrico; Mónica Rodríguez-Enríquez,2025-12-01,Healthcare,https://pmc.ncbi.nlm.nih.gov/articles/PMC12691752/,0.0,6dad065802e5747bfe76.txt,aa6fbc218e9d8740a07bb78326cb6f6ab137b16bb38ec7ecfc39831d675fead8
6dc4129a249730451afc,https://eeoc.gov/chart-risk-factors-harassment-and-responsive-strategies,2026-10-04T03:38:57.529938+00:00,eeoc.gov,True,downloaded,200.0,https://www.eeoc.gov/chart-risk-factors-harassment-and-responsive-strategies,75996.0,success,566,56,html,text/html; charset=utf-8,Chart of Risk Factors for Harassment and Responsive Strategies,,2000-01-01,U.S. Equal Employment Opportunity Commission,https://www.eeoc.gov/chart-risk-factors-harassment-and-responsive-strategies,0.0,6dc4129a249730451afc.txt,fe89d1b1a6a4aadca10dbce1e1754f60c55aac9aba8cef1ddb9c278197f9a345
6e013b30ac05731da7b1,https://shvs.org/resources/new-federal-rules-affecting-coverage-of-treatment-for-gender-dysphoria-considerations-for-states,2026-10-04T03:38:58.325453+00:00,shvs.org,True,downloaded,200.0,https://shvs.org/resources/new-federal-rules-affecting-coverage-of-treatment-for-gender-dysphoria-considerations-for-states/,158926.0,success,11141,1682,html,text/html; charset=UTF-8,New Federal Rules Affecting Coverage of Treatment for Gender Dysphoria: Considerations for States - State Health and Value Strategies ~ Driving Innovation Across States,Sabrina Corlette; Georgetown Center,2026-07-28,State Health and Value Strategies ~ Driving Innovation Across States,https://shvs.org/resources/new-federal-rules-affecting-coverage-of-treatment-for-gender-dysphoria-considerations-for-states/,0.0,6e013b30ac05731da7b1.txt,176448bde58df02f7e7ff9e68f5100ea23a289a3ffe8be99a3f7d808857a7872
6e3822f3cbb5c496c9e8,http://chci.org/wp-content/uploads/2026/04/2026-Denys-Castillo.pdf,2026-10-04T03:38:58.897486+00:00,chci.org,True,downloaded,200.0,http://chci.org/wp-content/uploads/2026/04/2026-Denys-Castillo.pdf,273820.0,success,24359,2901,pdf,application/pdf,,,,,,0.0,6e3822f3cbb5c496c9e8.txt,c00e508187091d4619d2387f83987ebd5040ffcef4e78732a27d8b6636644f48
6e39cf8a45813c6b916f,https://thetrevorproject.org/research-briefs/homelessness-and-housing-instability-among-lgbtq-youth-feb-2022,2026-10-04T03:39:00.670524+00:00,thetrevorproject.org,True,downloaded,200.0,https://www.thetrevorproject.org/research-briefs/homelessness-and-housing-instability-among-lgbtq-youth-feb-2022/,153283.0,success,59406,9087,html,text/html; charset=UTF-8,Homelessness and Housing Instability Among LGBTQ Youth,,2025-01-31,The Trevor Project,https://www.thetrevorproject.org/research-briefs/homelessness-and-housing-instability-among-lgbtq-youth-feb-2022/,0.0,6e39cf8a45813c6b916f.txt,7f5db320c9baa7273e889d690d3ce084b5cffa1e9471d9a8ffacbba6f7549306
6e5da80710dca82134a2,https://williamsinstitute.law.ucla.edu/wp-content/archive/Impact-LGBT-Support-Workplace-May-2013.pdf,2026-10-04T03:39:00.995264+00:00,ucla.edu,True,downloaded,200.0,https://williamsinstitute.law.ucla.edu/wp-content/archive/Impact-LGBT-Support-Workplace-May-2013.pdf,451651.0,success,101544,14164,pdf,application/pdf,,,,,,0.0,6e5da80710dca82134a2.txt,7a4d147d1a683cd877fc7215e31ac39dd342b5bad3da0cd8833c08e6f27358c6
6e6e211ea551032b3777,https://pmc.ncbi.nlm.nih.gov/articles/PMC9222328,2026-10-04T03:39:02.177542+00:00,nih.gov,True,downloaded,200.0,https://pmc.ncbi.nlm.nih.gov/articles/PMC9222328/,21371.0,success,131,18,html,text/html; charset=utf-8,Checking your browser,,2026-09-11,google.com,https://www.google.com/recaptcha/challengepage,0.0,6e6e211ea551032b3777.txt,a29166d0eaaa418bd5af61a282f1183a46c84c4d5e4c90689b1b452d230d05cc
6e9258a31420e74e5187,https://bestcolleges.com/news/gender-inequity-in-selective-college-admissions,2026-10-04T03:39:02.269439+00:00,bestcolleges.com,True,downloaded,200.0,https://www.bestcolleges.com/news/gender-inequity-in-selective-college-admissions/,416507.0,success,12056,2001,html,text/html; charset=utf-8,Gender Inequity in Elite College Admissions | BestColleges,Mark J Drozdowski; Ed D,2025-02-18,bestcolleges.com,https://www.bestcolleges.com/news/gender-inequity-in-selective-college-admissions/,0.0,6e9258a31420e74e5187.txt,2d939a3658a176149328d651d4f9ffb0c196275ae36ae1099f277f9a63f6e492
6ebb0570c2e90e158080,https://nlc.org/article/2023/06/30/housing-for-lgbtqia,2026-10-04T03:39:02.561246+00:00,nlc.org,True,downloaded,200.0,https://www.nlc.org/article/2023/06/30/housing-for-lgbtqia,135695.0,success,5917,869,html,text/html; charset=UTF-8,Housing For: LGBTQIA+,About the Authors,2023-06-30,National League of Cities,https://www.nlc.org/article/2023/06/30/housing-for-lgbtqia/,0.0,6ebb0570c2e90e158080.txt,a44b670673e947734296c03e431715804f817eff64900f0cbf817163a7f443b4
6ec18e6298f9b7980ba3,https://pmc.ncbi.nlm.nih.gov/articles/PMC5559891,2026-10-04T03:39:02.617901+00:00,nih.gov,True,downloaded,200.0,https://pmc.ncbi.nlm.nih.gov/articles/PMC5559891,21367.0,success,131,18,html,text/html; charset=utf-8,Checking your browser,,2026-09-11,google.com,https://www.google.com/recaptcha/challengepage,0.0,6ec18e6298f9b7980ba3.txt,a29166d0eaaa418bd5af61a282f1183a46c84c4d5e4c90689b1b452d230d05cc
6f62e3b6f9c7eb9d3742,https://pmc.ncbi.nlm.nih.gov/articles/PMC8312312,2026-10-04T03:39:04.921235+00:00,nih.gov,True,downloaded,200.0,https://pmc.ncbi.nlm.nih.gov/articles/PMC8312312,21365.0,success,131,18,html,text/html; charset=utf-8,Checking your browser,,2026-09-11,google.com,https://www.google.com/recaptcha/challengepage,0.0,6f62e3b6f9c7eb9d3742.txt,a29166d0eaaa418bd5af61a282f1183a46c84c4d5e4c90689b1b452d230d05cc
6f86d9a5b2255bd4bcf2,https://youtube.com/watch?t=17s&v=h4JhTOwNq-s,2026-10-04T03:39:05.227992+00:00,youtube.com,True,downloaded,200.0,https://www.youtube.com/watch?t=17s&v=h4JhTOwNq-s,1220275.0,success,146,23,html,text/html; charset=utf-8,How redlining is still impacting Black homebuyers,,2023-10-08,YouTube,https://www.youtube.com/watch?v=h4JhTOwNq-s,0.0,6f86d9a5b2255bd4bcf2.txt,8dbba17988e385133ba8f51d76cde1fc2c859262b666cb848e9cfe2478fd5e71
6f898772d594f3db32a5,https://bannerbank.com/financial-resources/blog/five-things-that-make-up-your-credit-score,2026-10-04T03:39:05.401443+00:00,bannerbank.com,True,downloaded,200.0,https://www.bannerbank.com/financial-resources/blog/five-things-that-make-up-your-credit-score,174122.0,success,3832,671,html,text/html; charset=utf-8,5 things that make up your credit score,Dawn Holden; SVP; Director,2026-01-01,Facebook,https://www.bannerbank.com/financial-resources/blog/five-things-that-make-up-your-credit-score,0.0,6f898772d594f3db32a5.txt,2b1ae8496f84e452f16a9fec38fc7d33308208d11def1f808c4b250fe1bc3751
6f8afea238fc3e87f518,https://comcastnewsmakers.com/Videos/2023/11/30/Disability-Rights-and-the-Criminal-Justice-System,2026-10-04T03:39:05.925933+00:00,comcastnewsmakers.com,False,http_error,403.0,https://comcastnewsmakers.com/Videos/2023/11/30/Disability-Rights-and-the-Criminal-Justice-System,986.0,not_extracted,0,0,,text/html,,,,,,0.0,,
6fe01e1114508e2d06c8,https://tacqe.com/employer-practices-for-hiring-people-with-disabilities-factsheet,2026-10-04T03:39:06.114222+00:00,tacqe.com,True,downloaded,200.0,https://tacqe.com/employer-practices-for-hiring-people-with-disabilities-factsheet/,184738.0,success,1954,272,html,text/html; charset=UTF-8,Employer Practices for Hiring People with Disabilities – Factsheet,Dawn Lalley,2021-07-27,Technical Assistance Center for Quality Employment,http://tacqe.com/employer-practices-for-hiring-people-with-disabilities-factsheet/,0.0,6fe01e1114508e2d06c8.txt,7d36e1ac9376ebdc26f101e9e373cabec340ea26aa5338fd3637fb8918e03b2c
6fedd2c76add6f36ccb1,https://thearc.org/our-initiatives/criminal-justice,2026-10-04T03:39:08.740678+00:00,thearc.org,True,downloaded,200.0,https://thearc.org/our-initiatives/criminal-justice,219488.0,success,4048,581,html,text/html; charset=UTF-8,Disability in the Criminal Justice System | The Arc,,2026-09-28,The Arc of the United States,https://thearc.org/our-initiatives/criminal-justice/,0.0,6fedd2c76add6f36ccb1.txt,e3755aacd6c65f416799673f165005f57e62b9bf3f7b71b39ff99dc4abb80018
700b83abcede3d0dbea8,https://bipartisanpolicy.org/report/understanding-and-addressing-racial-and-ethnic-disparities-in-housing,2026-10-04T03:39:08.778467+00:00,bipartisanpolicy.org,False,http_error,403.0,https://bipartisanpolicy.org/report/understanding-and-addressing-racial-and-ethnic-disparities-in-housing,5873.0,not_extracted,0,0,,text/html; charset=UTF-8,,,,,,0.0,,
706ec4e5055c923e2688,https://afterschoolalliance.org/afterschoolsnack/What-does-the-state-of-educational-opportunity-look-like-in_11-07-2024.cfm,2026-10-04T03:39:08.881498+00:00,afterschoolalliance.org,True,downloaded,200.0,https://afterschoolalliance.org/afterschoolsnack/What-does-the-state-of-educational-opportunity-look-like-in_11-07-2024.cfm,83582.0,success,5035,742,html,text/html;charset=UTF-8,What does the state of educational opportunity look like in America?,Nikki Yamashiro,2024-11-07,Afterschool Alliance,http://www.afterschoolalliance.org/afterschoolsnack/What-does-the-state-of-educational-opportunity-look-like-in_11-07-2024.cfm,0.0,706ec4e5055c923e2688.txt,36c9b167a821d163ce620e2a9b4bd60ae4471ead7bf2de29026338183f61ce50
70bf73a88a47efe82d32,https://urban.org/research/publication/how-do-financial-attitudes-and-preferences-vary-among-latine-consumers,2026-10-04T03:39:09.480235+00:00,urban.org,False,http_error,403.0,https://www.urban.org/research/publication/how-do-financial-attitudes-and-preferences-vary-among-latine-consumers,5996.0,not_extracted,0,0,,text/html; charset=UTF-8,,,,,,0.0,,
70dd0a00657421585652,https://pmc.ncbi.nlm.nih.gov/articles/PMC9803884,2026-10-04T03:39:09.640033+00:00,nih.gov,True,downloaded,200.0,https://pmc.ncbi.nlm.nih.gov/articles/PMC9803884,21367.0,success,131,18,html,text/html; charset=utf-8,Checking your browser,,2026-09-11,google.com,https://www.google.com/recaptcha/challengepage,0.0,70dd0a00657421585652.txt,a29166d0eaaa418bd5af61a282f1183a46c84c4d5e4c90689b1b452d230d05cc
710d00af8f0893ee55b8,https://endhomelessness.org/a-shortage-of-affordable-housing,2026-10-04T03:39:12.084823+00:00,endhomelessness.org,True,downloaded,200.0,https://endhomelessness.org/a-shortage-of-affordable-housing,360421.0,success,1443,218,html,text/html; charset=UTF-8,What Causes Homelessness: A Shortage of Affordable Housing,,2026-07-15,National Alliance to End Homelessness,https://endhomelessness.org/a-shortage-of-affordable-housing/,0.0,710d00af8f0893ee55b8.txt,cbf3d3c7fb60b5bf2edd8c2c5c4eaeaeebdd3feaeacc8a3d9f47abf275a2cd9a
71133d110608e33dbf60,https://kff.org/womens-health-policy/womens-health-insurance-coverage,2026-10-04T03:39:12.174125+00:00,kff.org,True,downloaded,200.0,https://www.kff.org/womens-health-policy/womens-health-insurance-coverage/,168564.0,success,12190,1943,html,text/html; charset=UTF-8,Women's Health Insurance Coverage | KFF,Kffaeronw,2026-06-09,"KFF - The independent source for health policy research, polling, and news",https://www.kff.org/womens-health-policy/womens-health-insurance-coverage/,0.0,71133d110608e33dbf60.txt,d3cec339d6b917bf9cbf6eefd999e066b844ddf435543c4bf20aaa8a1693c733
7133012652877a696b27,https://poverty-action.org/what-we-know-about-womens-access-credit-and-what-ipa-doing-about-it,2026-10-04T03:39:12.407197+00:00,poverty-action.org,True,downloaded,200.0,https://poverty-action.org/what-we-know-about-womens-access-credit-and-what-ipa-doing-about-it,79655.0,success,8059,1166,html,text/html; charset=UTF-8,"What We Know About Women's Access to Credit, and What IPA Is Doing About It | IPA",Daniela Graney Lauren Perlik Elizabeth Koshy Paul Adams,2026-06-29,Innovations for Poverty Action,https://poverty-action.org/what-we-know-about-womens-access-credit-and-what-ipa-doing-about-it,0.0,7133012652877a696b27.txt,b0eb14ee1cfb268aee68eebf4a82bf8507ecf97f6d44da184f8195211d759f5c
715251ecd028f2662dae,https://disabilityevidence.org/questions-evidence/how-do-we-overcome-barriers-accessing-higher-education-people-disabilities,2026-10-04T03:39:12.872712+00:00,disabilityevidence.org,False,http_error,403.0,https://www.disabilityevidence.org/questions-evidence/how-do-we-overcome-barriers-accessing-higher-education-people-disabilities,919.0,not_extracted,0,0,,text/html,,,,,,0.0,,
7163115964ac99af7373,https://rand.org/pubs/articles/2022/the-impact-of-racism-on-patient-safety.html,2026-10-04T03:39:13.295493+00:00,rand.org,False,http_error,403.0,https://www.rand.org:443/pubs/articles/2022/the-impact-of-racism-on-patient-safety.html,919.0,not_extracted,0,0,,text/html,,,,,,0.0,,
71b84221cd5530cbed25,https://aafp.org/about/policies/social-determinants-health-family-medicine-position-paper,2026-10-04T03:39:13.813355+00:00,aafp.org,True,downloaded,200.0,https://www.aafp.org/about/policies/social-determinants-health-family-medicine-position-paper,412457.0,success,40183,5534,html,text/html; charset=utf-8,Advancing Health Equity by Addressing the Social Determinants of Health in Family Medicine (Position Paper),,2020-10-18,AAFP,https://www.aafp.org/about/policies/social-determinants-health-family-medicine-position-paper,0.0,71b84221cd5530cbed25.txt,13e753d01bb57b1d55653ba1731e96c5fb88d5a0cc56e30d3b32a7ae7384f3ea
71c2bdb5bf0bf3c60a19,https://toptieradmissions.com/the-gender-gap-in-college-admissions,2026-10-04T03:39:15.464831+00:00,toptieradmissions.com,True,downloaded,200.0,https://toptieradmissions.com/the-gender-gap-in-college-admissions/,984773.0,success,6153,947,html,text/html; charset=UTF-8,The Gender Gap in College Admissions - Top Tier Admissions,Emelye Keyser,2025-03-13,Top Tier Admissions,https://toptieradmissions.com/the-gender-gap-in-college-admissions/,0.0,71c2bdb5bf0bf3c60a19.txt,dc07e45eb158c451accc675b60957a62884a14a03acdf77ea2def504012c3018
7201462f0f8449a51f15,https://advocate.com/politics/medicaid-snap-lgbtq,2026-10-04T03:39:15.845059+00:00,advocate.com,True,downloaded,200.0,https://www.advocate.com/politics/medicaid-snap-lgbtq,492124.0,success,11337,1851,html,text/html; charset=utf-8,What Medicaid and SNAP cuts mean for LGBTQ+ people,Orion Rummler,2025-07-16,Advocate.com,https://www.advocate.com/politics/medicaid-snap-lgbtq,0.0,7201462f0f8449a51f15.txt,9ed046c9d5840c878457f0b7b4827458a4c9e608b6a3a709f4162832affb5f6e
723630cb2cd192b106a8,https://wa.gov.au/government/publications/sexuality-and-gender-based-bullying-schools-fact-sheet-students,2026-10-04T03:39:16.118280+00:00,wa.gov.au,True,downloaded,200.0,https://www.wa.gov.au/government/publications/sexuality-and-gender-based-bullying-schools-fact-sheet-students,84987.0,success,4178,653,html,text/html; charset=utf-8,Sexuality and gender-based bullying in schools - Fact Sheet for students,,2025-09-05,Western Australian Government,https://www.wa.gov.au/government/publications/sexuality-and-gender-based-bullying-schools-fact-sheet-students,0.0,723630cb2cd192b106a8.txt,4b84ebf9e9e5a409fb7e6b74c8359678ab6450c49fd16c2bfada4d6edb96b4d9
72437fc07e8b32125f89,https://habitat.org/historic-housing-discrimination-us,2026-10-04T03:39:18.593373+00:00,habitat.org,True,downloaded,200.0,https://www.habitat.org/historic-housing-discrimination-us,111965.0,success,3743,549,html,text/html; charset=utf-8,Historic housing discrimination in the U.S.,,2024-07-01,Habitat for Humanity,https://www.habitat.org/historic-housing-discrimination-us,0.0,72437fc07e8b32125f89.txt,368051813ff7d872138bd4eb1564ef8c6616da7da1b9b1565bf4b8959edfd443
726b53904a301e1a7314,https://ssa.gov/pubs/EN-05-10029.pdf,2026-10-04T03:39:19.547803+00:00,ssa.gov,False,curl_error,0.0,https://ssa.gov/pubs/EN-05-10029.pdf,,not_extracted,0,0,,,,,,,,60.0,,
72ee218d54111229084d,https://fortunahealth.com/insights/how-health-plans-reduce-medicaid-coverage-churn,2026-10-04T03:39:20.470176+00:00,fortunahealth.com,True,downloaded,200.0,https://www.fortunahealth.com/insights/how-health-plans-reduce-medicaid-coverage-churn,65565.0,success,11544,1534,html,text/html; charset=utf-8,How Health Plans Reduce Medicaid Coverage Churn,,2026-03-16,fortunahealth.com,https://www.fortunahealth.com/insights/how-health-plans-reduce-medicaid-coverage-churn,0.0,72ee218d54111229084d.txt,b11e7e72c31efa5061696973b50040670f2d40581f56a4665fe2097ad9a227cf
72fda1742f18470b7e62,https://ncbi.nlm.nih.gov/books/NBK259474,2026-10-04T03:39:20.990756+00:00,nih.gov,True,downloaded,200.0,https://ncbi.nlm.nih.gov/books/NBK259474,21328.0,success,127,18,html,text/html; charset=utf-8,Checking your browser,,2026-09-11,google.com,https://www.google.com/recaptcha/challengepage,0.0,72fda1742f18470b7e62.txt,a6950382e9f383805d5cb88eee7bb6dbb9f70bf9f328b964221d52761db4cd7b
730d92f0d0b1aff41db8,https://ussc.gov/research/research-reports/2023-demographic-differences-federal-sentencing,2026-10-04T03:39:21.139689+00:00,ussc.gov,False,curl_error,0.0,https://ussc.gov/research/research-reports/2023-demographic-differences-federal-sentencing,,not_extracted,0,0,,,,,,,,6.0,,
7344112bbf2ee493acbb,https://lifelinesupport.org/how-to-qualify,2026-10-04T03:39:22.969240+00:00,lifelinesupport.org,True,downloaded,200.0,https://www.lifelinesupport.org/how-to-qualify/,53744.0,success,3226,528,html,text/html; charset=UTF-8,How to Qualify - Universal Service Administrative Company,,2026-05-01,Universal Service Administrative Company,https://www.lifelinesupport.org/how-to-qualify/,0.0,7344112bbf2ee493acbb.txt,43df33aa9d3eabfadf480db17873b7e240697543de3523e49312fcde21452b57
7376b6bda271d57d69c3,https://youtube.com/watch?t=76&v=2eqk_2ZRybY,2026-10-04T03:39:23.604256+00:00,youtube.com,True,downloaded,200.0,https://www.youtube.com/watch?t=76&v=2eqk_2ZRybY,1243113.0,success,146,23,html,text/html; charset=utf-8,Addressing bullying and violence in schools,,2024-11-08,YouTube,https://www.youtube.com/watch?v=2eqk_2ZRybY,0.0,7376b6bda271d57d69c3.txt,8dbba17988e385133ba8f51d76cde1fc2c859262b666cb848e9cfe2478fd5e71
7380431552450eef86c0,https://credible.com/personal-loan/disability-loans,2026-10-04T03:39:26.702594+00:00,credible.com,False,http_error,403.0,https://www.credible.com/personal-loan/disability-loans,1266.0,not_extracted,0,0,,text/html,,,,,,0.0,,
73cccfd4bb615a018c43,https://latino.ucla.edu/research/key-facts-about-the-latino-workforce-across-california,2026-10-04T03:39:26.844792+00:00,ucla.edu,True,downloaded,200.0,https://latino.ucla.edu/research/key-facts-about-the-latino-workforce-across-california/,168290.0,success,833,118,html,text/html; charset=UTF-8,Key Facts About the Latino Workforce Across California,,2025-09-10,Latino Policy & Politics Institute,https://latino.ucla.edu/research/key-facts-about-the-latino-workforce-across-california/,0.0,73cccfd4bb615a018c43.txt,cda7b01c90b6e8b51337b9eb453b76436935b6c8395c527b80d62702a9ce704f
73d32ad134694ceeffc2,https://pmc.ncbi.nlm.nih.gov/articles/PMC12428156,2026-10-04T03:39:29.402162+00:00,nih.gov,True,downloaded,200.0,https://pmc.ncbi.nlm.nih.gov/articles/PMC12428156/,198632.0,success,47077,6295,html,text/html; charset=utf-8,Preventive Healthcare and Disability: Challenges and Opportunities,Giovanni Emanuele Ricciardi; Rita Cuciniello; Veronica Raimondi; Francesco Vaia; Carlo Signorelli; Cristina Renzi,2025-08-23,Healthcare,https://pmc.ncbi.nlm.nih.gov/articles/PMC12428156/,0.0,73d32ad134694ceeffc2.txt,d1c104fc7393e23cb7905a1eae9fd387ce38fab369f0d786df5fa5718b1843cb
73d473292be84136e0f4,https://ncld.org/understand-the-issues,2026-10-04T03:39:29.676634+00:00,ncld.org,True,downloaded,200.0,https://ncld.org/understand-the-issues/,187495.0,success,2155,298,html,text/html; charset=UTF-8,Understand the Issues - National Center for Learning Disabilities,,2025-06-24,National Center for Learning Disabilities,https://ncld.org/understand-the-issues/,0.0,73d473292be84136e0f4.txt,f2c71f357b2e8ca186eca65fbad23a7ce40830be9696710387abee42773c26d0
74014d98c8648ea4bb26,https://merlininvestor.com/2024/03/20/unveiling-the-factors-driving-the-gender-gap-in-financial-inclusion,2026-10-04T03:39:29.855038+00:00,merlininvestor.com,False,http_error,403.0,https://merlininvestor.com/2024/03/20/unveiling-the-factors-driving-the-gender-gap-in-financial-inclusion,52.0,not_extracted,0,0,,text/html,,,,,,0.0,,
7452ff2090f7e9864e0b,https://pubmed.ncbi.nlm.nih.gov/12529894,2026-10-04T03:39:29.908992+00:00,nih.gov,True,downloaded,203.0,https://pubmed.ncbi.nlm.nih.gov/12529894/,5590.0,success,100,14,html,text/html; charset=utf-8,Cookies must be enabled,,,pubmed.ncbi.nlm.nih.gov,https://pubmed.ncbi.nlm.nih.gov/12529894/,0.0,7452ff2090f7e9864e0b.txt,f193d0de906419650acf171625dbd67f88f297290893b5473e1d8365c03d4b59
74c8006387f4b7063dca,https://williamsinstitute.law.ucla.edu/publications/transgender-workplace-discrim,2026-10-04T03:39:30.270504+00:00,ucla.edu,True,downloaded,200.0,https://williamsinstitute.law.ucla.edu/publications/transgender-workplace-discrim/,125325.0,success,11848,1783,html,text/html; charset=UTF-8,Workplace Experiences of Transgender Employees,Loyal; Thisisloyal Com,2024-11-19,The Williams Institute at UCLA School of Law,https://williamsinstitute.law.ucla.edu/publications/transgender-workplace-discrim/,0.0,74c8006387f4b7063dca.txt,bf4fce2d516829aed55de46f78cb6ed2146088b7b7e6825a8a2780d94e5cc0a5
74f7e63fd64c1901b9e7,https://youtube.com/watch?t=43&v=wNYWDmy8gPo,2026-10-04T03:39:30.343012+00:00,youtube.com,True,downloaded,200.0,https://www.youtube.com/watch?t=43&v=wNYWDmy8gPo,1222471.0,success,146,23,html,text/html; charset=utf-8,Understanding Workplace Harassment Beyond Sexual Misconduct Your Rights and Protections,,2026-05-06,YouTube,https://www.youtube.com/watch?v=wNYWDmy8gPo,0.0,74f7e63fd64c1901b9e7.txt,8dbba17988e385133ba8f51d76cde1fc2c859262b666cb848e9cfe2478fd5e71
7520dfaac9ab3d26311c,https://wfi-hub.org/api/media/file/Biases%20that%20Center%20Men%20as%20Financial%20Customers-1.pdf,2026-10-04T03:39:30.818059+00:00,wfi-hub.org,True,downloaded,200.0,https://wfi-hub.org/api/media/file/Biases%20that%20Center%20Men%20as%20Financial%20Customers-1.pdf,333605.0,success,8370,1150,pdf,application/pdf,,,,,,0.0,7520dfaac9ab3d26311c.txt,19a913eb854b4d9146dba7e5d9daec10f6fd4401a90bdbf7357fbba8a61259e7
7529cf7963d4ce7b8b7a,https://diversityglobal.com/web/Article.aspx?id=Striving-for-Hispanic-and-Latino-Inclusion-in-the-Work-Environment-4840,2026-10-04T03:39:31.458388+00:00,diversityglobal.com,False,hard_timeout,0.0,https://diversityglobal.com/web/Article.aspx?id=Striving-for-Hispanic-and-Latino-Inclusion-in-the-Work-Environment-4840,,not_extracted,0,0,,,,,,,,28.0,,
75550cb15975d1907d84,https://psychologytoday.com/us/blog/lgbtq-affirmative-psychology/202306/key-factors-related-to-lgbtq-bullying,2026-10-04T03:39:33.312795+00:00,psychologytoday.com,True,downloaded,200.0,https://www.psychologytoday.com:443/us/blog/lgbtq-affirmative-psychology/202306/key-factors-related-to-lgbtq-bullying,142286.0,success,7460,1218,html,text/html; charset=utf-8,Key Factors Related to LGBTQ Bullying,Chris Tompkins LMFT,2023-06-08,Psychology Today,https://www.psychologytoday.com/us/blog/lgbtq-affirmative-psychology/202306/key-factors-related-to-lgbtq-bullying,0.0,75550cb15975d1907d84.txt,e00025b8750efaeeb33318137485b095c2f9581cad3a78386ea7dd8ca69f0931
758450027363eec66609,https://prisonpolicy.org/blog/2021/03/02/lgbtq,2026-10-04T03:39:34.589568+00:00,prisonpolicy.org,True,downloaded,200.0,https://www.prisonpolicy.org/blog/2021/03/02/lgbtq/,63661.0,success,11752,1872,html,text/html; charset=UTF-8,Visualizing the unequal treatment of LGBTQ people in the criminal justice system,Prison Policy Initiative,2021-03-02,PrisonPolicy,https://www.prisonpolicy.org/blog/2021/03/02/lgbtq/,0.0,758450027363eec66609.txt,d6ba487d5aa8ffe0e0900b866411b4c8e32e0c0de79c2a76395869e94c176b33
75a37e6f870378772189,https://nahajskifirm.com/police-discretion-arrest-citation,2026-10-04T03:39:34.821445+00:00,nahajskifirm.com,True,downloaded,200.0,https://www.nahajskifirm.com/police-discretion-arrest-citation,58413.0,success,3796,610,html,text/html; charset=UTF-8,Police Discretion In Arrest And Citation | Puget Sound Criminal Defense Attorney | Bellevue DUI Attorney,Lmsxpect3,2016-10-10,Nahajski Law,https://www.nahajskifirm.com/police-discretion-arrest-citation/,0.0,75a37e6f870378772189.txt,1145eee44eda7588c4d24e2bf4c5423b195df596b319e83d7842ff4963f1f213
75b4427873c3f1371d79,https://pmc.ncbi.nlm.nih.gov/articles/PMC12218944,2026-10-04T03:39:35.886292+00:00,nih.gov,True,downloaded,200.0,https://pmc.ncbi.nlm.nih.gov/articles/PMC12218944/,196067.0,success,56384,8479,html,text/html; charset=utf-8,"Characteristics of healthcare providers, healthcare systems, and patient strategies related to medical mistrust among black and African Americans",Kelly W Gagnon; Katherine Quinn; Jennifer L Walsh; Yuri A Amirkhanian; Jeffrey A Kelly,2025-07-02,BMC Primary Care,https://pmc.ncbi.nlm.nih.gov/articles/PMC12218944/,0.0,75b4427873c3f1371d79.txt,62ad410009d09355384068c3ef0869d5ccb032778fc27053b58dcbbc7a471726
7618caa4e5011b2ad3cc,https://cgap.org/topics/women-financial-inclusion,2026-10-04T03:39:37.156030+00:00,cgap.org,True,downloaded,200.0,https://www.cgap.org/topics/women-financial-inclusion,94081.0,success,5403,758,html,text/html; charset=utf-8,Making Finance Work for Women,,2023-10-24,CGAP,https://www.cgap.org/topics/women-financial-inclusion,0.0,7618caa4e5011b2ad3cc.txt,e48ea8604c640e6c3be00a96963d4b392426807ed291ecbeb74b5cf6b8daaa0a
76873a7e93b0d0b05600,https://enb.iisd.org/4wcw/dpa-021.html,2026-10-04T03:39:37.559452+00:00,iisd.org,False,http_error,403.0,https://enb.iisd.org/4wcw/dpa-021.html,5603.0,not_extracted,0,0,,text/html; charset=UTF-8,,,,,,0.0,,
769e63cc4e4dbf821776,https://unidosus.org/wp-content/uploads/2021/07/lb_credit.pdf,2026-10-04T03:39:39.532025+00:00,unidosus.org,True,downloaded,200.0,https://unidosus.org/wp-content/uploads/2021/07/lb_credit.pdf,213330.0,success,7976,1175,pdf,application/pdf,,,,,,0.0,769e63cc4e4dbf821776.txt,05f8b39337c529eac780cc96c99f4e62e3beb1fd986501ac096935d0f06a0b6e
76a6212482e1e9e96dbd,https://urban.org/urban-wire/five-reasons-mass-incarceration-queer-issue,2026-10-04T03:39:39.785315+00:00,urban.org,False,http_error,403.0,https://www.urban.org/urban-wire/five-reasons-mass-incarceration-queer-issue,5821.0,not_extracted,0,0,,text/html; charset=UTF-8,,,,,,0.0,,
77054404618b38fa718d,https://thetrevorproject.org/research-briefs/anti-lgbtq-school-policies-and-lgbtq-young-people,2026-10-04T03:39:41.652457+00:00,thetrevorproject.org,True,downloaded,200.0,https://www.thetrevorproject.org/research-briefs/anti-lgbtq-school-policies-and-lgbtq-young-people/,105399.0,success,22215,3311,html,text/html; charset=UTF-8,Anti-LGBTQ+ School Policies and LGBTQ+ Young People,,2025-10-02,The Trevor Project,https://www.thetrevorproject.org/research-briefs/anti-lgbtq-school-policies-and-lgbtq-young-people/,0.0,77054404618b38fa718d.txt,2e8828b4b4de6360edf195abcfbd6ecb5cdbb07eadd8389c14c31b2e6d244e30
77342095e61e919cc95a,https://frontiersin.org/journals/education/articles/10.3389/feduc.2025.1528899/full,2026-10-04T03:39:42.622933+00:00,frontiersin.org,True,downloaded,200.0,https://www.frontiersin.org/journals/education/articles/10.3389/feduc.2025.1528899/full,884046.0,success,63807,9520,html,text/html;charset=utf-8,"Frontiers | A darkside of academia: a study of bullying, its prevalence, causes and perpetrators in an academic setting",Christina Björklund; Irene Jensen,2025-09-01,Frontiers,https://www.frontiersin.org/journals/education/articles/10.3389/feduc.2025.1528899/full,0.0,77342095e61e919cc95a.txt,35a043bb78b045d4cb115514d4c89293de516cc876f39e581a018c3bc29728d2
77473644c04c4e36eda2,https://housingmatters.urban.org/research-summary/transgender-and-gender-nonconforming-people-experiencing-housing-insecurity-rely,2026-10-04T03:39:43.167558+00:00,urban.org,False,http_error,403.0,https://housingmatters.urban.org/research-summary/transgender-and-gender-nonconforming-people-experiencing-housing-insecurity-rely,6069.0,not_extracted,0,0,,text/html; charset=UTF-8,,,,,,0.0,,
7798611b38f007054505,https://files.eric.ed.gov/fulltext/ED658299.pdf,2026-10-04T03:39:43.823759+00:00,ed.gov,True,downloaded,200.0,https://files.eric.ed.gov/fulltext/ED658299.pdf,11446886.0,success,91913,12502,pdf,application/pdf,,,,,,0.0,7798611b38f007054505.txt,e24468c6b43ca9dabacb1f76cf005873f1fe73dce3a1c50c0a5a993b27201352
7818703d419dc17e343b,https://uhc.com/understanding-health-insurance/understanding-health-insurance-costs/types-of-health-insurance-costs/how-insurance-premiums-work,2026-10-04T03:39:44.295613+00:00,uhc.com,False,http_error,403.0,https://www.uhc.com/understanding-health-insurance/understanding-health-insurance-costs/types-of-health-insurance-costs/how-insurance-premiums-work,919.0,not_extracted,0,0,,text/html,,,,,,0.0,,
78565ed65f3d04ed104f,https://journals.sagepub.com/doi/10.1177/14705958231180044,2026-10-04T03:39:46.218056+00:00,sagepub.com,False,http_error,403.0,https://journals.sagepub.com/doi/10.1177/14705958231180044,5740.0,not_extracted,0,0,,text/html; charset=UTF-8,,,,,,0.0,,
7875af1e27f3b33c6e41,https://opportunityinsights.org/wp-content/uploads/2025/07/CreditAccess_Nontech.pdf,2026-10-04T03:39:47.027048+00:00,opportunityinsights.org,True,downloaded,200.0,https://opportunityinsights.org/wp-content/uploads/2025/07/CreditAccess_Nontech.pdf,1817628.0,success,18708,2863,pdf,application/pdf,,,,,,0.0,7875af1e27f3b33c6e41.txt,aee71bb01b27191a3652b2f15391049bf12066af86822f29e766a4b12942f44f
78a455188f30e64ca05f,https://nationaldisabilityinstitute.org/wp-content/uploads/2018/12/access-credit-brief.pdf,2026-10-04T03:39:47.543446+00:00,nationaldisabilityinstitute.org,True,downloaded,200.0,https://nationaldisabilityinstitute.org/wp-content/uploads/2018/12/access-credit-brief.pdf,196439.0,success,19762,2868,pdf,application/pdf,,,,,,0.0,78a455188f30e64ca05f.txt,0bc2ae9fdfe20fd397cb385e8bf300fb56f02bb524637d2019026b3decaec40c
78d086521ed6af3cc131,https://disabilityadvice.org/ssdi/approval-process/approval-by-age,2026-10-04T03:39:48.446567+00:00,disabilityadvice.org,True,downloaded,200.0,https://disabilityadvice.org/ssdi/approval-process/approval-by-age/,630257.0,success,7306,1162,html,text/html; charset=UTF-8,SSDI Approval Rates by Age (2025 Update) - Disability Advice,,2025-10-06,Disability Advice,https://disabilityadvice.org/ssdi/approval-process/approval-by-age/,0.0,78d086521ed6af3cc131.txt,41d1842aa064a6199c323827ea38eaa77b32ead417a069370f8ea39ef2306112
78da4c957178f01a7bc7,https://youtube.com/watch?v=93TA06gnhdg,2026-10-04T03:39:49.270655+00:00,youtube.com,True,downloaded,200.0,https://www.youtube.com/watch?v=93TA06gnhdg,1269610.0,success,146,23,html,text/html; charset=utf-8,Why police still lack training to effectively respond to people with disabilities,,2025-03-17,YouTube,https://www.youtube.com/watch?v=93TA06gnhdg,0.0,78da4c957178f01a7bc7.txt,8dbba17988e385133ba8f51d76cde1fc2c859262b666cb848e9cfe2478fd5e71
78eb386810fd108281a7,https://americanprogress.org/article/the-medicaid-program-and-lgbt-communities-overview-and-policy-recommendations,2026-10-04T03:39:49.380768+00:00,americanprogress.org,False,http_error,403.0,https://www.americanprogress.org/article/the-medicaid-program-and-lgbt-communities-overview-and-policy-recommendations,5947.0,not_extracted,0,0,,text/html; charset=UTF-8,,,,,,0.0,,
790de1d59c2ba19e552a,https://beckerspayer.com/payer/how-to-close-the-gap-why-members-avoid-preventive-care,2026-10-04T03:39:49.564196+00:00,beckerspayer.com,False,http_error,403.0,https://www.beckerspayer.com/payer/how-to-close-the-gap-why-members-avoid-preventive-care,776.0,not_extracted,0,0,,text/html;charset=utf-8,,,,,,0.0,,
79449cc23749d1c53e3d,https://endhomelessness.org/systemic-racism-and-marginalization,2026-10-04T03:39:49.674465+00:00,endhomelessness.org,True,downloaded,200.0,https://endhomelessness.org/systemic-racism-and-marginalization,357177.0,success,2395,331,html,text/html; charset=UTF-8,What Causes Homelessness: Systemic racism and marginalization,,2026-07-16,National Alliance to End Homelessness,https://endhomelessness.org/systemic-racism-and-marginalization/,0.0,79449cc23749d1c53e3d.txt,b20ef36db9e4d701651235e65258b8ca6cd65e3bd8b83450980ae882c0d06ccf
79996a69fc1145d07c8e,https://digitalgovernmenthub.org/library/the-experience-of-administrative-burdens-in-snap-and-medicaid-new-evidence-from-a-nationally-representative-survey-of-low-wage-workers,2026-10-04T03:39:50.947315+00:00,digitalgovernmenthub.org,False,robots_disallowed,,https://digitalgovernmenthub.org/library/the-experience-of-administrative-burdens-in-snap-and-medicaid-new-evidence-from-a-nationally-representative-survey-of-low-wage-workers,,not_extracted,0,0,,,,,,,,,,
79af3deda01f7ed4d9e0,https://nationalacademies.org/read/14685/chapter/10,2026-10-04T03:39:50.947502+00:00,nationalacademies.org,True,downloaded,200.0,https://www.nationalacademies.org/read/14685/chapter/10,795512.0,success,103019,13000,html,text/html; charset=UTF-8,Read,,2013-05-22,The National Academies Press,https://www.nationalacademies.org/read/14685/chapter/10,0.0,79af3deda01f7ed4d9e0.txt,433f940e2381688c88b968a8eba1b0c217f16abf70423725c46e8aa8511e9a8a
79e6cc3741d679f285f2,https://pmc.ncbi.nlm.nih.gov/articles/PMC8794735,2026-10-04T03:39:51.897566+00:00,nih.gov,True,downloaded,200.0,https://pmc.ncbi.nlm.nih.gov/articles/PMC8794735/,21368.0,success,131,18,html,text/html; charset=utf-8,Checking your browser,,2026-09-11,google.com,https://www.google.com/recaptcha/challengepage,0.0,79e6cc3741d679f285f2.txt,a29166d0eaaa418bd5af61a282f1183a46c84c4d5e4c90689b1b452d230d05cc
79fb5c662049e1c3df26,https://pfva.org/what-leads-to-homelessness-top-causes,2026-10-04T03:39:52.298684+00:00,pfva.org,True,downloaded,200.0,https://pfva.org/what-leads-to-homelessness-top-causes/,229868.0,success,6039,890,html,text/html; charset=UTF-8,What Leads to Homelessness? Understand the Top Causes,Dejan,2024-11-13,PathForward,https://pfva.org/what-leads-to-homelessness-top-causes/,0.0,79fb5c662049e1c3df26.txt,b170493212cc50a7bfaca8f9225c70e709afcbab51b8a0248fe89de87a020b1c
7a4dd3a46a4ac0628a1f,https://journals.sagepub.com/doi/10.1177/27526461221092429,2026-10-04T03:39:52.973760+00:00,sagepub.com,False,http_error,403.0,https://journals.sagepub.com/doi/10.1177/27526461221092429,5762.0,not_extracted,0,0,,text/html; charset=UTF-8,,,,,,0.0,,
7a53c957814caa0b14e6,https://academybank.com/article/banking-trends-and-the-us-latino-population,2026-10-04T03:39:53.052871+00:00,academybank.com,True,downloaded,200.0,https://www.academybank.com/article/banking-trends-and-the-us-latino-population,278076.0,success,5789,874,html,text/html; charset=utf-8,Banking Trends and the US Latino Population,Written by,2023-10-18,academybank.com,https://www.academybank.com/article/banking-trends-and-the-us-latino-population,0.0,7a53c957814caa0b14e6.txt,a3dfd89da3e6e2af3b5c497106378e27910b46fd4bfefb8ba25f19c62f43b09e
7a800d272f1d22c267ef,https://nationalmortgageprofessional.com/news/racial-gaps-mortgage-denials-persist-despite-industry-progress,2026-10-04T03:39:55.437740+00:00,nationalmortgageprofessional.com,False,http_error,403.0,https://nationalmortgageprofessional.com/news/racial-gaps-mortgage-denials-persist-despite-industry-progress,5867.0,not_extracted,0,0,,text/html; charset=UTF-8,,,,,,0.0,,
7a898503a0141d0c7000,https://news.byu.edu/banks-offer-black-entrepreneurs-inferior-loans-even-when-they-are-better-qualified-than-peers,2026-10-04T03:39:55.544709+00:00,byu.edu,True,downloaded,200.0,https://news.byu.edu/banks-offer-black-entrepreneurs-inferior-loans-even-when-they-are-better-qualified-than-peers,119597.0,success,5716,865,html,text/html;charset=UTF-8,Banks offer Black entrepreneurs inferior loans even when they are better qualified than peers,Todd Hollingshead,2023-06-16,News,https://news.byu.edu/banks-offer-black-entrepreneurs-inferior-loans-even-when-they-are-better-qualified-than-peers,0.0,7a898503a0141d0c7000.txt,cf890a87b2a9437bc173c2e2c785b8f9282ebf04745a479e252dce75e6185b74
7aa1980ab5444f126c85,https://unitedwaynca.org/blog/racial-inequality-in-education,2026-10-04T03:39:56.058309+00:00,unitedwaynca.org,True,downloaded,200.0,https://unitedwaynca.org/blog/racial-inequality-in-education/,170895.0,success,18939,2641,html,text/html; charset=UTF-8,Understanding Racial Inequality in Education: Challenges and Solutions,United Way NCA,2026-03-16,United Way of the National Capital Area,https://unitedwaynca.org/blog/racial-inequality-in-education/,0.0,7aa1980ab5444f126c85.txt,53f2975d5b4b30f92cee6b81b725bba0fbcceea69e7e094ed3058703a10eac45
7ae33fc0c1a9913892c2,https://journals.sagepub.com/doi/abs/10.1177/1043659614530761,2026-10-04T03:39:57.265448+00:00,sagepub.com,False,http_error,403.0,https://journals.sagepub.com/doi/abs/10.1177/1043659614530761,5771.0,not_extracted,0,0,,text/html; charset=UTF-8,,,,,,0.0,,
7b31d110d7e9e52f7937,https://pmc.ncbi.nlm.nih.gov/articles/PMC10323066,2026-10-04T03:39:57.396814+00:00,nih.gov,True,downloaded,200.0,https://pmc.ncbi.nlm.nih.gov/articles/PMC10323066/,201089.0,success,44904,7074,html,text/html; charset=utf-8,History of Incarceration is Associated with Unmet Socioeconomic Needs and Structural Discrimination among Young Black Sexual Minority Men (SMM) in the United States,Adedotun Ogunbajo; Daniel Siconolfi; Erik Storholm; Wilson Vincent; Lance Pollack; Greg Rebchook; Judy Tan; David Huebner; Susan Kegeles,2023-05-19,Journal of Urban Health : Bulletin of the New York Academy of Medicine,https://pmc.ncbi.nlm.nih.gov/articles/PMC10323066/,0.0,7b31d110d7e9e52f7937.txt,82a9c750023b74d15bc94a607ce33e9a17d7ae1771565d359bcaab2691411a24
7b5cde8fca663e2c5c6f,https://ebsco.com/research-starters/politics-and-government/employment-among-african-americans,2026-10-04T03:39:59.296702+00:00,ebsco.com,True,downloaded,200.0,https://www.ebsco.com/research-starters/politics-and-government/employment-among-african-americans,137316.0,success,24660,3466,html,text/html,Employment among African Americans | Politics and Government | Research Starters | EBSCOhost,,2022-05-01,EBSCO,https://www.ebsco.com/,0.0,7b5cde8fca663e2c5c6f.txt,e5427d7d7450b32b04568104a15afdb9fbab1e58a2e6c4ee102bfba50723e70e
7b6af59c95d8bfc70b31,https://pmc.ncbi.nlm.nih.gov/articles/PMC6661108,2026-10-04T03:39:59.752843+00:00,nih.gov,True,downloaded,200.0,https://pmc.ncbi.nlm.nih.gov/articles/PMC6661108,21367.0,success,131,18,html,text/html; charset=utf-8,Checking your browser,,2026-09-11,google.com,https://www.google.com/recaptcha/challengepage,0.0,7b6af59c95d8bfc70b31.txt,a29166d0eaaa418bd5af61a282f1183a46c84c4d5e4c90689b1b452d230d05cc
7b79548a363fff99a19e,https://kff.org/racial-equity-and-health-policy/health-coverage-by-race-and-ethnicity,2026-10-04T03:40:00.369424+00:00,kff.org,True,downloaded,200.0,https://www.kff.org/racial-equity-and-health-policy/health-coverage-by-race-and-ethnicity/,155360.0,success,14624,2258,html,text/html; charset=UTF-8,"Health Coverage by Race and Ethnicity, 2010-2024 | KFF",Latoya Hill; Samantha Artiga; Anthony Damico,2026-05-04,"KFF - The independent source for health policy research, polling, and news",https://www.kff.org/racial-equity-and-health-policy/health-coverage-by-race-and-ethnicity/,0.0,7b79548a363fff99a19e.txt,a6328619e71c628c12520201ac5f233d431eadb6011f9b68dbd383e7077367fe
7c000080c7942f46d309,https://iadb.org/en/blog/urban-development-and-housing/three-factors-barring-women-accessing-housing-credit,2026-10-04T03:40:01.063092+00:00,iadb.org,False,http_error,403.0,https://www.iadb.org/en/blog/urban-development-and-housing/three-factors-barring-women-accessing-housing-credit,5865.0,not_extracted,0,0,,text/html; charset=UTF-8,,,,,,0.0,,
7c1d9a3341e5da85367f,https://kitchenerexecutive.com/5-factors-that-impact-successful-recruitment-and-hiring,2026-10-04T03:40:01.856251+00:00,kitchenerexecutive.com,True,downloaded,200.0,https://kitchenerexecutive.com/5-factors-that-impact-successful-recruitment-and-hiring/,74425.0,success,3469,569,html,text/html; charset=UTF-8,5 Factors That Impact Successful Recruitment and Hiring - Kitchener Executive Consultants,Lunarstorm,2022-06-10,Kitchener Executive Consultants,https://kitchenerexecutive.com/5-factors-that-impact-successful-recruitment-and-hiring/,0.0,7c1d9a3341e5da85367f.txt,fe3fe201cd3b90b32362e61c38e1134514e10ff997179b374a7316cd981fd8f2
7c422a7456f54535b16b,https://tandfonline.com/doi/full/10.1080/26895269.2026.2656940,2026-10-04T03:40:02.995922+00:00,tandfonline.com,False,http_error,403.0,https://tandfonline.com/doi/full/10.1080/26895269.2026.2656940,5805.0,not_extracted,0,0,,text/html; charset=UTF-8,,,,,,0.0,,
7c454196835a01621ed2,https://hhs.gov/black-history-month/reading-list/index.html,2026-10-04T03:40:03.159846+00:00,hhs.gov,False,http_error,403.0,https://www.hhs.gov/black-history-month/reading-list/index.html,432.0,not_extracted,0,0,,text/html,,,,,,0.0,,
7c7839d4f3657b77103d,https://hopkinsmedicine.org/health/expert-qa/transgender-health-what-you-need-to-know,2026-10-04T03:40:03.321924+00:00,hopkinsmedicine.org,False,http_error,403.0,https://hopkinsmedicine.org/health/expert-qa/transgender-health-what-you-need-to-know,5494.0,not_extracted,0,0,,text/html; charset=UTF-8,,,,,,0.0,,
7c89c2adfae318c12ee9,https://forbes.com/sites/michaeltnietzel/2026/02/04/five-things-the-new-data-about-race-conscious-college-admissions-tell-us,2026-10-04T03:40:05.383919+00:00,forbes.com,False,http_error,403.0,https://forbes.com/sites/michaeltnietzel/2026/02/04/five-things-the-new-data-about-race-conscious-college-admissions-tell-us,773.0,not_extracted,0,0,,text/html;charset=utf-8,,,,,,0.0,,
7ca2105b6b5a210e533c,https://instagram.com/reel/DTVS62HgXDZ,2026-10-04T03:40:05.482642+00:00,instagram.com,False,robots_disallowed,,https://instagram.com/reel/DTVS62HgXDZ,,not_extracted,0,0,,,,,,,,,,
7cc6dc80d3091756c91d,https://gao.gov/blog/racial-disparities-education-and-role-government,2026-10-04T03:40:05.702751+00:00,gao.gov,False,http_error,403.0,https://www.gao.gov/blog/racial-disparities-education-and-role-government,442.0,not_extracted,0,0,,text/html,,,,,,0.0,,
7ccb1a7efad9461ca368,https://them.us/story/fighting-lgbtq-workplace-harassment,2026-10-04T03:40:07.313186+00:00,them.us,True,downloaded,200.0,https://www.them.us/story/fighting-lgbtq-workplace-harassment,424127.0,success,10890,1723,html,text/html; charset=utf-8,What You Need to Know About LGBTQ+ Workplace Harassment — And How to Fight It,Ari Ezra Waldman,2021-02-12,Them,https://www.them.us/story/fighting-lgbtq-workplace-harassment,0.0,7ccb1a7efad9461ca368.txt,f1f88badd19839f7a199c09843a24f1e656d551c5abc8542dba0ee56e0873546
7d67824f93b0a6790db5,https://bja.ojp.gov/sites/bja/files/Publications/WomensPathwaysToJail.pdf,2026-10-04T03:40:08.458229+00:00,ojp.gov,True,downloaded,200.0,https://bja.ojp.gov/sites/bja/files/Publications/WomensPathwaysToJail.pdf,183210.0,success,15175,2215,pdf,application/pdf,,,,,,0.0,7d67824f93b0a6790db5.txt,e3f06622bfe52924735bea89e9cefcccad3db8710e95e1d4e769ef1cf093ef38
7d7a291ed9554694212b,https://youtube.com/watch?t=100&v=OQr00k_iJ3k,2026-10-04T03:40:08.613899+00:00,youtube.com,True,downloaded,200.0,https://www.youtube.com/watch?t=100&v=OQr00k_iJ3k,1245199.0,success,146,23,html,text/html; charset=utf-8,Understanding School Bullying: Why It Happens & How to Prevent It | S5E2,,2024-11-21,YouTube,https://www.youtube.com/watch?v=OQr00k_iJ3k,0.0,7d7a291ed9554694212b.txt,8dbba17988e385133ba8f51d76cde1fc2c859262b666cb848e9cfe2478fd5e71
7d9ba47003bc8c4b6738,https://salud-america.org/latinos-and-the-state-of-unemployment-insurance-and-government-benefits,2026-10-04T03:40:09.734405+00:00,salud-america.org,True,downloaded,200.0,https://salud-america.org/latinos-and-the-state-of-unemployment-insurance-and-government-benefits/,61663.0,success,2553,388,html,text/html; charset=UTF-8,Latinos and the State of Unemployment Insurance and Government Benefits,Cliff Despres,2017-05-09,Salud America!,https://salud-america.org/latinos-and-the-state-of-unemployment-insurance-and-government-benefits/,0.0,7d9ba47003bc8c4b6738.txt,131309f61df23548560c73f6bd75c1f35cb35a5905d10123ed22a75bd091e0d4
7db7f063d6eb3c15307e,https://nclc.org/wp-content/uploads/2016/05/20240227_Issue-Brief_Past-Imperfect.pdf,2026-10-04T03:40:09.818189+00:00,nclc.org,True,downloaded,200.0,https://www.nclc.org/wp-content/uploads/2016/05/20240227_Issue-Brief_Past-Imperfect.pdf,413798.0,success,22566,3466,pdf,application/pdf,,,,,,0.0,7db7f063d6eb3c15307e.txt,2791c0baf5a1c5b56f4d7f7b32ada6b8b36a5ad1b4206dba62b7f3d9b4cdf8e8
7dc305148bfd462cc480,https://violence.chop.edu/bullying-schools,2026-10-04T03:40:09.822405+00:00,chop.edu,True,downloaded,200.0,https://violence.chop.edu/bullying-schools,194165.0,success,10142,1564,html,text/html; charset=UTF-8,Bullying in Schools,,2025-07-25,Center for Violence Prevention,https://violence.chop.edu/bullying-schools,0.0,7dc305148bfd462cc480.txt,0b548ceed602319c5ffb8f594a5c7c58ca5fdd35eef4a32c13320ce2a5901d0c
7df0afafd64d06932cfc,https://youtube.com/watch?t=105&v=-oJPcnpXONA,2026-10-04T03:40:11.110340+00:00,youtube.com,True,downloaded,200.0,https://www.youtube.com/watch?t=105&v=-oJPcnpXONA,1296406.0,success,146,23,html,text/html; charset=utf-8,Mind the Gap - Being Gender Responsive in Criminal Justice | Kim Bogucki | TEDxJIBC,,2020-01-13,YouTube,https://www.youtube.com/watch?v=-oJPcnpXONA,0.0,7df0afafd64d06932cfc.txt,8dbba17988e385133ba8f51d76cde1fc2c859262b666cb848e9cfe2478fd5e71
7eb4567dc06aa2cf6096,https://breastfeeddurham.org/wic-medicaid-and-snap-what-changed-and-what-did-not,2026-10-04T03:40:12.489988+00:00,breastfeeddurham.org,True,downloaded,200.0,https://breastfeeddurham.org/wic-medicaid-and-snap-what-changed-and-what-did-not/,200344.0,success,15370,2816,html,text/html; charset=UTF-8,"WIC, Medicaid, and SNAP: what changed and what did not | Breastfeed Durham",Love Anderson,2026-08-29,Breastfeed Durham,https://breastfeeddurham.org/wic-medicaid-and-snap-what-changed-and-what-did-not/,0.0,7eb4567dc06aa2cf6096.txt,e6fff3840948b7e076103925a66a8c3add31556e425b51dd766d22c73ff79b3a
7ecd644ae5b2d3105c1b,https://link.springer.com/article/10.1007/s40615-026-03159-9,2026-10-04T03:40:13.485736+00:00,springer.com,False,robots_disallowed,,https://link.springer.com/article/10.1007/s40615-026-03159-9,,not_extracted,0,0,,,,,,,,,,
7ef55489c85cb1d2203a,https://ldi.upenn.edu/our-work/research-updates/breaking-the-link-between-disability-and-incarceration,2026-10-04T03:40:13.485965+00:00,upenn.edu,True,downloaded,200.0,https://ldi.upenn.edu/our-work/research-updates/breaking-the-link-between-disability-and-incarceration/,192626.0,success,5220,735,html,text/html; charset=UTF-8,The Link Between Disability and Incarceration,Laurin Bixby,2022-11-23,Penn LDI,https://ldi.upenn.edu/our-work/research-updates/breaking-the-link-between-disability-and-incarceration/,0.0,7ef55489c85cb1d2203a.txt,bab8b95a55b82e81537deddaecf6ddc18d74ca3179a03274fc929c303d8f6500
7f02bbe6b85e4e97ec5f,https://takecommandhealth.com/blog/blog/how-health-insurance-premiums-are-calculated,2026-10-04T03:40:13.987885+00:00,takecommandhealth.com,True,downloaded,200.0,https://www.takecommandhealth.com/blog/blog/how-health-insurance-premiums-are-calculated/,140511.0,success,13441,1878,html,text/html; charset=UTF-8,How Health Insurance Premiums Are Calculated: Factors & Costs,Susanne,2024-05-16,TakeCmdHealth,https://www.takecommandhealth.com/blog/blog/how-health-insurance-premiums-are-calculated/,0.0,7f02bbe6b85e4e97ec5f.txt,3a135f7cbfa997bf48fd064a2928e4c5e7ae9c33f1602efa713f3b298a5afcca
7f08035522acd10d0919,https://cls.soceco.uci.edu/news/new-report-sheds-light-latinos-us-criminal-justice-system,2026-10-04T03:40:15.026991+00:00,uci.edu,True,downloaded,200.0,https://cls.soceco.uci.edu/news/new-report-sheds-light-latinos-us-criminal-justice-system,39008.0,success,6543,975,html,text/html; charset=UTF-8,New report sheds light on Latinos in U.S. criminal justice system,,2023-03-08,New report sheds light on Latinos in U.S. criminal justice system,https://cls.soceco.uci.edu/news/new-report-sheds-light-latinos-us-criminal-justice-system,0.0,7f08035522acd10d0919.txt,aede664d10acc29efc9a843395b5076f7da9d48a9ebe9952b3630a8d43979723
7f16464421be81c16123,https://sentencingproject.org/fact-sheet/incarcerated-women-and-girls,2026-10-04T03:40:15.347223+00:00,sentencingproject.org,True,downloaded,200.0,https://www.sentencingproject.org/fact-sheet/incarcerated-women-and-girls/,105687.0,success,9681,1575,html,text/html; charset=UTF-8,Incarcerated Women and Girls – The Sentencing Project,Kristen M Budd; Ph D; Dinesh Napal; Joshua Rovner,2025-12-04,The Sentencing Project,https://www.sentencingproject.org/fact-sheet/incarcerated-women-and-girls/,0.0,7f16464421be81c16123.txt,d77bbe5a90578644dc89751d04caa4fa466e2d9b43dfbf6910edc0e0845dfa37
7f1f54904d34251b89de,https://everycrsreport.com/reports/R45979.html,2026-10-04T03:40:16.455499+00:00,everycrsreport.com,False,hard_timeout,0.0,https://everycrsreport.com/reports/R45979.html,,not_extracted,0,0,,,,,,,,28.0,,
7f253b8858c6654f4a7b,https://specialneedsanswers.com/accessible-housing-basics-guide-for-people-with-disabilities-21554,2026-10-04T03:40:17.023749+00:00,specialneedsanswers.com,True,downloaded,200.0,https://specialneedsanswers.com/accessible-housing-basics-guide-for-people-with-disabilities-21554,61990.0,success,8116,1236,html,text/html; charset=UTF-8,Accessible Housing Basics Guide for People With Disabilities,Facebook Com; SpecialNeedsPlanners,2026-05-13,Special Needs Answers,https://specialneedsanswers.com/accessible-housing-basics-guide-for-people-with-disabilities-21554,0.0,7f253b8858c6654f4a7b.txt,77b459d99f3a5e2865b408efe1afb41b0fd0df5214311881c55eca9d436ab55d
7f2addd648e20c608504,https://chicagobooth.edu/review/racial-bias-hiring,2026-10-04T03:40:17.468356+00:00,chicagobooth.edu,True,downloaded,200.0,https://www.chicagobooth.edu/review/racial-bias-hiring,72540.0,success,9660,1467,html,text/html; charset=utf-8,From 2003: Racial Bias in Hiring,,2003-03-01,The University of Chicago Booth School of Business,https://www.chicagobooth.edu/review/racial-bias-hiring,0.0,7f2addd648e20c608504.txt,4385a6f8434ca47753071f1550f3bc013fe7ab0345ff00d7f5984f4b93ea692a
7fe698313a06f31bc42f,https://linkedin.com/blog/member/career/dismantling-barriers-to-career-advancement-for-latinos,2026-10-04T03:40:19.371161+00:00,linkedin.com,False,robots_disallowed,,https://linkedin.com/blog/member/career/dismantling-barriers-to-career-advancement-for-latinos,,not_extracted,0,0,,,,,,,,,,
802ed60fe784875743bf,https://prisonpolicy.org/blog/2024/06/04/lgbt_incarceration,2026-10-04T03:40:19.371387+00:00,prisonpolicy.org,True,downloaded,200.0,https://www.prisonpolicy.org/blog/2024/06/04/lgbt_incarceration/,44209.0,success,3020,498,html,text/html; charset=UTF-8,6 facts about the mass incarceration of LGBTQ+ people,Wanda Bertram,2024-06-04,PrisonPolicy,https://www.prisonpolicy.org/blog/2024/06/04/lgbt_incarceration/,0.0,802ed60fe784875743bf.txt,2641686fa3e20c9d8f84f888459e5829b43c2a47003dc9bc860ec6ea1d081476
808b9ef2926ce9d0c9d9,https://avp.org/wp-content/uploads/2017/04/FORGE_Trans_People_Police_Incarceration_Facts.pdf,2026-10-04T03:40:20.392703+00:00,avp.org,True,downloaded,200.0,https://avp.org/wp-content/uploads/2017/04/FORGE_Trans_People_Police_Incarceration_Facts.pdf,137329.0,success,2826,420,pdf,application/pdf,,,,,,0.0,808b9ef2926ce9d0c9d9.txt,4f4ee3fa2864dfbbadbc31e96103a2bdba910362dcb03b2b284614a3d97a9106
80bcc2329d8ddad43371,https://unitedwayla.org/news/housing-inequality-within-the-lgbtq-community,2026-10-04T03:40:20.987428+00:00,unitedwayla.org,True,downloaded,200.0,https://unitedwayla.org/news/housing-inequality-within-the-lgbtq-community/,88518.0,success,9884,1551,html,text/html; charset=UTF-8,Housing Inequality Within the LGBTQ+ Community - United Way L.A.,,2024-06-13,United Way L.A.,https://unitedwayla.org/news/housing-inequality-within-the-lgbtq-community/,0.0,80bcc2329d8ddad43371.txt,a6a335b275f1dacab8ee2b884d702e872d514a2ed421fe6265128a758aa00d0d
80ef5546326880e40115,https://pmc.ncbi.nlm.nih.gov/articles/PMC9322545,2026-10-04T03:40:21.029240+00:00,nih.gov,True,downloaded,200.0,https://pmc.ncbi.nlm.nih.gov/articles/PMC9322545,21365.0,success,131,18,html,text/html; charset=utf-8,Checking your browser,,2026-09-11,google.com,https://www.google.com/recaptcha/challengepage,0.0,80ef5546326880e40115.txt,a29166d0eaaa418bd5af61a282f1183a46c84c4d5e4c90689b1b452d230d05cc
8112c616c93f4f6dc264,https://safetyandjusticechallenge.org/blog/what-is-behind-the-overrepresentation-of-people-who-identify-as-lgbtq-in-the-criminal-legal-system,2026-10-04T03:40:21.373735+00:00,safetyandjusticechallenge.org,True,downloaded,200.0,https://safetyandjusticechallenge.org/blog/what-is-behind-the-overrepresentation-of-people-who-identify-as-lgbtq-in-the-criminal-legal-system/,84347.0,success,7181,1029,html,text/html; charset=UTF-8,What Is Behind the Overrepresentation of People Who Identify as LGBTQ+ in the Criminal Legal System? - Safety and Justice Challenge,Matt Davis,2022-06-24,Safety and Justice Challenge,https://safetyandjusticechallenge.org/blog/what-is-behind-the-overrepresentation-of-people-who-identify-as-lgbtq-in-the-criminal-legal-system/,0.0,8112c616c93f4f6dc264.txt,9f0d0516e8775ca80974d0669995350b40ee4be472d9602ff25790ac219a70b7
81318315d06cbbad4ded,https://americanprogress.org/article/the-top-5-facts-about-women-in-our-criminal-justice-system,2026-10-04T03:40:23.337699+00:00,americanprogress.org,False,http_error,403.0,https://www.americanprogress.org/article/the-top-5-facts-about-women-in-our-criminal-justice-system,5869.0,not_extracted,0,0,,text/html; charset=UTF-8,,,,,,0.0,,
814b499c56030da76e5b,https://digitalgovernmenthub.org/library/strategies-for-improving-public-benefits-access-and-retention,2026-10-04T03:40:23.516980+00:00,digitalgovernmenthub.org,False,robots_disallowed,,https://digitalgovernmenthub.org/library/strategies-for-improving-public-benefits-access-and-retention,,not_extracted,0,0,,,,,,,,,,
814e557477de103207ba,https://cbpp.org/blog/reducing-administrative-burdens-in-medicaid-is-critical-to-achieving-health-and-racial-equity,2026-10-04T03:40:23.517166+00:00,cbpp.org,False,http_error,403.0,https://cbpp.org/blog/reducing-administrative-burdens-in-medicaid-is-critical-to-achieving-health-and-racial-equity,6157.0,not_extracted,0,0,,text/html; charset=UTF-8,,,,,,0.0,,
8162316520ac431db04c,https://upstart.com/learn/personal-loan-disability-income,2026-10-04T03:40:23.944063+00:00,upstart.com,False,http_error,403.0,https://upstart.com/learn/personal-loan-disability-income,5683.0,not_extracted,0,0,,text/html; charset=UTF-8,,,,,,0.0,,
817fdb026abac19a8f33,https://thelancet.com/journals/lancet/article/PIIS2468-2667(20)30054-2/fulltext,2026-10-04T03:40:24.244559+00:00,thelancet.com,False,http_error,403.0,https://thelancet.com/journals/lancet/article/PIIS2468-2667(20)30054-2/fulltext,5838.0,not_extracted,0,0,,text/html; charset=UTF-8,,,,,,0.0,,
818a3e772d18cde98eee,https://chrt.org/publication/housing-crisis-magnified,2026-10-04T03:40:25.891805+00:00,chrt.org,False,http_error,403.0,https://chrt.org/publication/housing-crisis-magnified,5698.0,not_extracted,0,0,,text/html; charset=UTF-8,,,,,,0.0,,
81a93b1da81732f64fee,https://endhomelessness.org/resources/sharable-graphics/racial-inequalities-homelessness-numbers,2026-10-04T03:40:26.580950+00:00,endhomelessness.org,True,downloaded,200.0,https://endhomelessness.org/resources/sharable-graphics/racial-inequalities-homelessness-numbers,334994.0,success,1636,252,html,text/html; charset=UTF-8,"Racial Inequalities in Homelessness, by the Numbers",Daniel Soucy,2025-03-09,National Alliance to End Homelessness,https://endhomelessness.org/resources/sharable-graphics/racial-inequalities-homelessness-numbers/,0.0,81a93b1da81732f64fee.txt,a49bc020c9d9e707b9393a9e600bdfe580f745b4e1ec99ca837e8720e5e2e9a2
81cc3c4042377001d09d,https://csgjusticecenter.org/publications/adopting-a-gender-responsive-approach-for-women-in-the-justice-system-a-resource-guide,2026-10-04T03:40:26.898020+00:00,csgjusticecenter.org,True,downloaded,200.0,https://csgjusticecenter.org/publications/adopting-a-gender-responsive-approach-for-women-in-the-justice-system-a-resource-guide/,409313.0,success,77413,10585,html,text/html; charset=UTF-8,Adopting a Gender-Responsive Approach for Women in the Justice System: A Resource Guide,ABOUT THE AUTHORS,2022-08-25,CSG Justice Center,https://csgjusticecenter.org/publications/adopting-a-gender-responsive-approach-for-women-in-the-justice-system-a-resource-guide/,0.0,81cc3c4042377001d09d.txt,6b08a3d8e1accdb746ac8881be803b5b32d7c7969dcea5eb9e2dd401a14f8244
81d927a833493845eb5b,https://cdc.gov/youth-violence/about/about-bullying.html,2026-10-04T03:40:27.591388+00:00,cdc.gov,False,http_error,403.0,https://cdc.gov/youth-violence/about/about-bullying.html,417.0,not_extracted,0,0,,text/html,,,,,,0.0,,
82067ae5a0524ddeeaa5,https://pmc.ncbi.nlm.nih.gov/articles/PMC6003615,2026-10-04T03:40:29.452437+00:00,nih.gov,True,downloaded,200.0,https://pmc.ncbi.nlm.nih.gov/articles/PMC6003615/,181158.0,success,51653,7727,html,text/html; charset=utf-8,“Get Off Me”: Perceptions of Disrespectful Police Behavior among Ethnic Minority Youth Gang Members,Dr Madeleine Novich; Dr Geoffrey Hunt,2016-11-06,"Drugs (Abingdon, England)",https://pmc.ncbi.nlm.nih.gov/articles/PMC6003615/,0.0,82067ae5a0524ddeeaa5.txt,61eb286dce76700b5e4339b4f32776aff28066f110403cdd5d31935172fcb95e
82366955ac87972de709,https://casrf.org/post/breaking-barriers-through-access-to-education,2026-10-04T03:40:29.701683+00:00,casrf.org,True,downloaded,200.0,https://www.casrf.org/post/breaking-barriers-through-access-to-education,1476898.0,success,5412,800,html,text/html; charset=UTF-8,Education Access for a Brighter Future,California Scottish Rite,2025-04-14,CASRF,https://www.casrf.org/post/breaking-barriers-through-access-to-education,0.0,82366955ac87972de709.txt,1b95697ece6fe08344c306557e28eada3ad32a8d340727e54945c381a5615cd6
8244413aea585fd0ee5d,https://educationsupport.org.uk/resources/for-individuals/guides/bullying-and-harassment,2026-10-04T03:40:29.888340+00:00,educationsupport.org.uk,True,downloaded,200.0,https://www.educationsupport.org.uk/resources/for-individuals/guides/bullying-and-harassment/,679202.0,success,14738,2364,html,text/html; charset=utf-8,Bullying and harassment of teachers and education staff,,2026-01-01,educationsupport.org.uk,https://www.educationsupport.org.uk/resources/for-individuals/guides/bullying-and-harassment/,0.0,8244413aea585fd0ee5d.txt,9698ed1db698f9dfad44c8ab5bc05ab77f0d01bfb8a74d705a23a6935c0c38c7
824ceba50712e5e4bb5f,https://dulyhealthandcare.com/health-topic/preventive-care-in-hispanic-communities,2026-10-04T03:40:30.218743+00:00,dulyhealthandcare.com,True,downloaded,200.0,https://www.dulyhealthandcare.com/health-topic/preventive-care-in-hispanic-communities,124892.0,success,16696,2749,html,text/html; charset=UTF-8,Preventive Care for Hispanic Communities: Why It Matters | Duly Health and Care,Yatzel Fuentes; MD; MBA; MSCP,2026-05-29,Duly Health and Care,https://www.dulyhealthandcare.com/health-topic/preventive-care-in-hispanic-communities,0.0,824ceba50712e5e4bb5f.txt,60fa5d1d84fe6c741fc6f6440a21547724eab8fbba08940deb92b55862021d29
82614369e1ad8f8d31ca,https://researchgate.net/publication/360692134_The_effect_of_administrative_burden_on_state_safety-net_participation_Evidence_from_food_assistance_cash_assistance_and_Medicaid,2026-10-04T03:40:30.783842+00:00,researchgate.net,False,http_error,403.0,https://www.researchgate.net/publication/360692134_The_effect_of_administrative_burden_on_state_safety-net_participation_Evidence_from_food_assistance_cash_assistance_and_Medicaid,21138.0,not_extracted,0,0,,text/html; charset=UTF-8,,,,,,0.0,,
826980f125a3500fb513,https://chcf.org/resource/2025/06/26/lessons-medi-cal-unwinding-enrollee-experiences-renewals,2026-10-04T03:40:31.518451+00:00,chcf.org,True,downloaded,200.0,https://www.chcf.org/resource/2025/06/26/lessons-medi-cal-unwinding-enrollee-experiences-renewals/,225822.0,success,3860,535,html,text/html; charset=UTF-8,Lessons from the Medi-Cal Unwinding: Enrollee Experiences and How They Would Fix Renewals,Author Darby Steiger Rob Manley Robyn Rapoport,2025-06-26,California Health Care Foundation,https://www.chcf.org/resource/2025/06/26/lessons-medi-cal-unwinding-enrollee-experiences-renewals/,0.0,826980f125a3500fb513.txt,98a861ed0d42cbe3e90484658ff02bd30a1b754d22a5068c648987d0e70d8491
826fc47a2f5f25b8bee3,https://pewresearch.org/fact-sheet/topic-affirmative-action-in-college-admissions,2026-10-04T03:40:32.379713+00:00,pewresearch.org,True,downloaded,200.0,https://www.pewresearch.org/fact-sheet/topic-affirmative-action-in-college-admissions/,372057.0,success,3299,530,html,text/html; charset=UTF-8,Topic: Affirmative action in college admissions,Peter Bell,2024-12-20,Pew Research Center,https://www.pewresearch.org/fact-sheet/topic-affirmative-action-in-college-admissions/,0.0,826fc47a2f5f25b8bee3.txt,eabf640f0fe66b5606628df633791771d0d372d375184acf5f52a43f854b145c
8276e2a99ee60b2a04b8,https://education.ml.com/bol/Pages/Article.aspx?Title=whywomenpaymorefortheirhealthcare,2026-10-04T03:40:32.628551+00:00,ml.com,True,downloaded,200.0,https://www.education.ml.com/bol/Pages/Article.aspx?Title=whywomenpaymorefortheirhealthcare,63921.0,success,9812,1348,html,text/html; charset=utf-8,Benefits OnLine Education Center,,2014-01-01,education.ml.com,https://www.education.ml.com/bol/Pages/Article.aspx?Title=whywomenpaymorefortheirhealthcare,0.0,8276e2a99ee60b2a04b8.txt,29dc471253b7a680309159d9a4dda9fe7b1d2bd48450c6bfeb3ec1a801fa9ec7
8296ac7047c58ddb9741,https://mitsloan.mit.edu/ideas-made-to-matter/to-keep-employees-focus-career-advancement,2026-10-04T03:40:35.567585+00:00,mit.edu,True,downloaded,200.0,https://mitsloan.mit.edu/ideas-made-to-matter/to-keep-employees-focus-career-advancement,71116.0,success,6876,1054,html,text/html; charset=UTF-8,"To keep employees, focus on career advancement | MIT Sloan",Kara Baskin,2023-06-13,MIT Sloan School of Management,https://mitsloan.mit.edu/ideas-made-to-matter/to-keep-employees-focus-career-advancement,0.0,8296ac7047c58ddb9741.txt,54f557e7a59d64dfeb16558e39fa59f712368af20c29d39064219e167617f783
82d0156a8592e50ebf9b,https://19thnews.org/2023/04/lgbtq-finances-bills-economic-insecurity,2026-10-04T03:40:36.285627+00:00,19thnews.org,True,downloaded,200.0,https://19thnews.org/2023/04/lgbtq-finances-bills-economic-insecurity/,143129.0,success,6462,1003,html,text/html; charset=UTF-8,"Many LGBTQ+ Americans are unable to pay bills, keep savings or hold bank accounts, survey shows",Orion Rummler,2023-04-07,19Th News,https://19thnews.org/2023/04/lgbtq-finances-bills-economic-insecurity/,0.0,82d0156a8592e50ebf9b.txt,9f422265e5183eeabe31761c771d13d35c155346ea7111a408a04726127e92f9
82f99c1edc2a2b42b091,https://ldaamerica.org/lda_today/disability-and-criminal-justice-reform,2026-10-04T03:40:36.889958+00:00,ldaamerica.org,True,downloaded,200.0,https://ldaamerica.org/lda_today/disability-and-criminal-justice-reform/,317107.0,success,5525,823,html,text/html; charset=UTF-8,Disability and Criminal Justice Reform,,2013-10-01,ldaamerica.org,https://ldaamerica.org/lda_today/disability-and-criminal-justice-reform/,0.0,82f99c1edc2a2b42b091.txt,ba1c156668520fea8703ecca3420fedf72b5a0d1267d76631d8360c486c73376
82ff31bfeb455e00be26,https://brookings.edu/articles/latinos-and-the-future-of-finance-why-we-need-to-examine-the-motivations-and-effects-of-latinos-fintech-adoption,2026-10-04T03:40:40.613747+00:00,brookings.edu,True,downloaded,200.0,https://www.brookings.edu/articles/latinos-and-the-future-of-finance-why-we-need-to-examine-the-motivations-and-effects-of-latinos-fintech-adoption/,228764.0,success,20438,2995,html,text/html; charset=UTF-8,Latinos and the future of finance: Why we need to examine the motivations and effects of Latinos’ fintech adoption | Brookings,James C Benton,2023-09-18,Brookings,https://www.brookings.edu/articles/latinos-and-the-future-of-finance-why-we-need-to-examine-the-motivations-and-effects-of-latinos-fintech-adoption/,0.0,82ff31bfeb455e00be26.txt,23c7d4ec173a3325ba8815d3aaa4deb9214ecbc63b9ecbdce1591d703441942d
830390aa4c6cb5fd2725,https://justice.gov/ovw/media/1443986/dl,2026-10-04T03:40:41.221982+00:00,justice.gov,True,downloaded,200.0,https://www.justice.gov/ovw/media/1443986/dl,387715.0,success,19196,2667,pdf,application/pdf,,,,,,0.0,830390aa4c6cb5fd2725.txt,b986fecc807367a91e6217c7b876b63c71a701b8368e431095a71a76a37d5b34
83114d179c1b944e8ca2,https://unesco.org/en/articles/qa-role-teachers-preventing-and-addressing-school-violence,2026-10-04T03:40:41.785755+00:00,unesco.org,True,downloaded,200.0,https://www.unesco.org/en/articles/qa-role-teachers-preventing-and-addressing-school-violence,100541.0,success,9436,1397,html,text/html; charset=utf-8,Q&A: The role of teachers in preventing and addressing school,UNESCO,2022-10-27,UNESCO,https://www.unesco.org/en/articles/qa-role-teachers-preventing-and-addressing-school-violence,0.0,83114d179c1b944e8ca2.txt,6507f038417a4349efd868d03996cd37314aef69bbb6c193ba0515287f801696
831ec0015d3584bdd37d,https://kff.org/womens-health-policy/health-policy-101-health-policy-issues-in-womens-health?entry=table-of-contents-what-are-the-sources-of-health-insurance-coverage-for-women,2026-10-04T03:40:43.093736+00:00,kff.org,True,downloaded,200.0,https://www.kff.org/womens-health-policy/health-policy-101-health-policy-issues-in-womens-health/?entry=table-of-contents-what-are-the-sources-of-health-insurance-coverage-for-women,301659.0,success,3967,597,html,text/html; charset=UTF-8,Health Policy Issues in Women’s Health | KFF,Usha Ranji; Karen Diep; Ivette Gomez; Laurie Sobel; Alina Salganicoff,2025-10-03,"KFF - The independent source for health policy research, polling, and news",https://www.kff.org/womens-health-policy/health-policy-101-health-policy-issues-in-womens-health/,0.0,831ec0015d3584bdd37d.txt,af03505b4b94a766fdd1aa3084bccceed9c78166a09c9467862bab750a05fb89
835571e9db85f214d67f,https://fletc.gov/use-force-part-i,2026-10-04T03:40:43.282230+00:00,fletc.gov,False,http_error,403.0,https://fletc.gov/use-force-part-i,387.0,not_extracted,0,0,,text/html,,,,,,0.0,,
83bc7767b1c271ff20c8,https://bristol.ac.uk/media-library/sites/geography/pfrc/documents/fwb-of-disabled-people-essential-services.pdf,2026-10-04T03:40:44.472350+00:00,bristol.ac.uk,True,downloaded,200.0,https://www.bristol.ac.uk/media-library/sites/geography/pfrc/documents/fwb-of-disabled-people-essential-services.pdf,1026983.0,success,21486,3250,pdf,application/pdf,,,,,,0.0,83bc7767b1c271ff20c8.txt,cca9a47cc9ac32bbd2379fc1750e9e280fef023b1c8dd47749f99067e266c06a
83c8b5f3c1ebd9e92708,https://pmc.ncbi.nlm.nih.gov/articles/PMC10834057,2026-10-04T03:40:44.625467+00:00,nih.gov,True,downloaded,200.0,https://pmc.ncbi.nlm.nih.gov/articles/PMC10834057,21371.0,success,131,18,html,text/html; charset=utf-8,Checking your browser,,2026-09-11,google.com,https://www.google.com/recaptcha/challengepage,0.0,83c8b5f3c1ebd9e92708.txt,a29166d0eaaa418bd5af61a282f1183a46c84c4d5e4c90689b1b452d230d05cc
83d895937bb30578d610,https://endhomelessness.org/resources/toolkits-and-training-materials/how-providers-can-address-homelessness-among-gender-expansive-people,2026-10-04T03:40:47.486818+00:00,endhomelessness.org,True,downloaded,200.0,https://endhomelessness.org/resources/toolkits-and-training-materials/how-providers-can-address-homelessness-among-gender-expansive-people,341775.0,success,16601,2409,html,text/html; charset=UTF-8,How Providers Can Address Homelessness Among Gender-Expansive People,Daniel Soucy,2025-06-25,National Alliance to End Homelessness,https://endhomelessness.org/resources/toolkits-and-training-materials/how-providers-can-address-homelessness-among-gender-expansive-people/,0.0,83d895937bb30578d610.txt,d2d1b03df574e4f4d98c4231d6108acff71bc6244611e02186896b7561a83461
83eb4980a1e130d9237c,https://cbpp.org/research/food-assistance/improving-snap-and-medicaid-access-snap-renewals,2026-10-04T03:40:47.871190+00:00,cbpp.org,False,http_error,403.0,https://cbpp.org/research/food-assistance/improving-snap-and-medicaid-access-snap-renewals,6158.0,not_extracted,0,0,,text/html; charset=UTF-8,,,,,,0.0,,
84381366e921dd26218e,https://povertyactionlab.org/evaluation/discrimination-job-market-united-states,2026-10-04T03:40:48.119058+00:00,povertyactionlab.org,True,downloaded,200.0,https://www.povertyactionlab.org/evaluation/discrimination-job-market-united-states,106176.0,success,4679,677,html,text/html; charset=utf-8,Discrimination in the Job Market in the United States | The Abdul Latif Jameel Poverty Action Lab,,2002-12-12,The Abdul Latif Jameel Poverty Action Lab (J-PAL),https://www.povertyactionlab.org/evaluation/discrimination-job-market-united-states,0.0,84381366e921dd26218e.txt,0a6ddfa48e62fb88a217963d3e770cad2afb15d9f2bbee1bd005e8a6adcc3a70
844959a9f2b3f3fb756a,https://bhexplained.org/blog/health-insurance-101-for-black-adults,2026-10-04T03:40:48.839245+00:00,bhexplained.org,True,downloaded,200.0,https://www.bhexplained.org/blog/health-insurance-101-for-black-adults,301757.0,success,9079,1437,html,text/html;charset=utf-8,Health Insurance 101 for Black Adults: How to Choose the Right Plan and Avoid Costly Mistakes — BHE Foundation,Christine Anyanwu,2026-04-27,BHE Foundation,https://www.bhexplained.org/blog/health-insurance-101-for-black-adults,0.0,844959a9f2b3f3fb756a.txt,78f177d7484cf853179645edc11fc8d5c2b0d24e3cba4af3601431e8ce359cc2
844c224aa7b4ce44733f,https://ed.gov/media/document/factsheet-supporting-transgender-youth-school-june-2021-112270.pdf?ref=womensrightsdata.org,2026-10-04T03:40:49.158049+00:00,ed.gov,False,http_error,403.0,https://www.ed.gov/media/document/factsheet-supporting-transgender-youth-school-june-2021-112270.pdf?ref=womensrightsdata.org,11799.0,not_extracted,0,0,,text/html,,,,,,0.0,,
84649595cce690332b02,https://opportunityhome.org/resources/gender-equity-housing,2026-10-04T03:40:50.332309+00:00,opportunityhome.org,False,http_error,404.0,https://opportunityhome.org/resources/gender-equity-housing,10.0,not_extracted,0,0,,text/plain; charset=utf-8,,,,,,0.0,,
84afbdc7826c35f27abe,https://pmc.ncbi.nlm.nih.gov/articles/PMC4929689,2026-10-04T03:40:50.481479+00:00,nih.gov,True,downloaded,200.0,https://pmc.ncbi.nlm.nih.gov/articles/PMC4929689,21367.0,success,131,18,html,text/html; charset=utf-8,Checking your browser,,2026-09-11,google.com,https://www.google.com/recaptcha/challengepage,0.0,84afbdc7826c35f27abe.txt,a29166d0eaaa418bd5af61a282f1183a46c84c4d5e4c90689b1b452d230d05cc
84b5f42e410aaa0a3300,https://uncf.org/pages/k-12-disparity-facts-and-stats,2026-10-04T03:40:50.796573+00:00,uncf.org,True,downloaded,200.0,https://uncf.org/pages/k-12-disparity-facts-and-stats,84008.0,success,4000,622,html,text/html; charset=UTF-8,Education Inequality: K-12 Disparity Facts - UNCF,,2025-07-22,United Negro College Fund,https://uncf.org/pages/k-12-disparity-facts-and-stats,0.0,84b5f42e410aaa0a3300.txt,81073d6dc3a57a1bf6e1bc83f61aa5ccd998a887562171037849bfc72abdc5c9
84b8650227003ee0c2e3,https://fusionhousing.org/understanding-the-problem-of-homelessness,2026-10-04T03:40:51.192980+00:00,fusionhousing.org,True,downloaded,200.0,https://fusionhousing.org/understanding-the-problem-of-homelessness/,51630.0,success,39883,1625,html,text/html; charset=utf-8,,,,,,0.0,84b8650227003ee0c2e3.txt,500289789a711b6d729237d2d64ec0bec0351a77b456591e1e4839153909f792
853c76519358a581bde7,https://pmc.ncbi.nlm.nih.gov/articles/PMC9617098,2026-10-04T03:40:53.690886+00:00,nih.gov,True,downloaded,200.0,https://pmc.ncbi.nlm.nih.gov/articles/PMC9617098,21367.0,success,131,18,html,text/html; charset=utf-8,Checking your browser,,2026-09-11,google.com,https://www.google.com/recaptcha/challengepage,0.0,853c76519358a581bde7.txt,a29166d0eaaa418bd5af61a282f1183a46c84c4d5e4c90689b1b452d230d05cc
8541692c0aadc8f7a506,https://californiaemploymentlaw.foxrothschild.com/2016/07/articles/advice-counseling/eeoc-identifies-risk-factors-for-workplace-harassment,2026-10-04T03:40:53.954074+00:00,foxrothschild.com,True,downloaded,200.0,https://californiaemploymentlaw.foxrothschild.com/2016/07/articles/advice-counseling/eeoc-identifies-risk-factors-for-workplace-harassment/,146635.0,success,2369,398,html,text/html; charset=UTF-8,EEOC Identifies Risk Factors for Workplace Harassment,Jeffrey D Polsky,2016-07-09,California Employment Law,https://californiaemploymentlaw.foxrothschild.com/2016/07/articles/advice-counseling/eeoc-identifies-risk-factors-for-workplace-harassment/,0.0,8541692c0aadc8f7a506.txt,288947d597c12bef335f8a8fc3b28f1bbf7fde57cb492509b0233c4015fe6d25
85862feee58c76179e96,https://digitalcommons.wcl.american.edu/cgi/viewcontent.cgi?article=1050&context=stu_upperlevel_papers,2026-10-04T03:40:54.324440+00:00,american.edu,False,http_error,403.0,https://digitalcommons.wcl.american.edu/cgi/viewcontent.cgi?article=1050&context=stu_upperlevel_papers,5894.0,not_extracted,0,0,,text/html; charset=UTF-8,,,,,,0.0,,
85bf8e8aa2e3dd15b305,https://cdiaonline.org/cdia-statements/2022/02/02/credit-reporting-industry-helping-transgender-and-nonbinary-individuals-prevent-potential-disruptions-to-their-credit,2026-10-04T03:40:54.581360+00:00,cdiaonline.org,True,downloaded,200.0,https://www.cdiaonline.org/cdia-statements/2022/02/02/credit-reporting-industry-helping-transgender-and-nonbinary-individuals-prevent-potential-disruptions-to-their-credit/,119529.0,success,4342,654,html,text/html; charset=UTF-8,Credit Reporting Industry: Helping Transgender and Nonbinary Individuals Prevent Potential Disruptions to Their Credit - CDIA,CDIA Staff,2022-02-02,Consumer Data Industry Association (CDIA),https://www.cdiaonline.org/cdia-statements/2022/02/02/credit-reporting-industry-helping-transgender-and-nonbinary-individuals-prevent-potential-disruptions-to-their-credit/,0.0,85bf8e8aa2e3dd15b305.txt,28b126c4791461d0089867fe31475bd6220b8af3fe072f78970dd871d9775d67
85fd2665aa5b3381a0dd,https://news.gallup.com/opinion/gallup/510323/hispanic-students-feeling-discrimination-school.aspx,2026-10-04T03:40:55.479225+00:00,gallup.com,True,downloaded,200.0,https://news.gallup.com/opinion/gallup/510323/hispanic-students-feeling-discrimination-school.aspx,144910.0,success,5235,774,html,text/html; charset=utf-8,Hispanic Students Feeling More Discrimination at School,Gallup; Inc; Julie Ray,2023-09-27,Gallup.com,https://news.gallup.com/opinion/gallup/510323/hispanic-students-feeling-discrimination-school.aspx,0.0,85fd2665aa5b3381a0dd.txt,225cef8006d14527578f16b20fab5f644960fa51548d0bbd8b867e69c40093e3
860e6cb23f65cbc4a2de,https://pmc.ncbi.nlm.nih.gov/articles/PMC10984377,2026-10-04T03:40:57.207320+00:00,nih.gov,True,downloaded,200.0,https://pmc.ncbi.nlm.nih.gov/articles/PMC10984377,21372.0,success,131,18,html,text/html; charset=utf-8,Checking your browser,,2026-09-11,google.com,https://www.google.com/recaptcha/challengepage,0.0,860e6cb23f65cbc4a2de.txt,a29166d0eaaa418bd5af61a282f1183a46c84c4d5e4c90689b1b452d230d05cc
8638eb11716520c83249,https://ndrn.org/resource/ndeam-article-3,2026-10-04T03:40:57.436446+00:00,ndrn.org,True,downloaded,200.0,https://www.ndrn.org/resource/ndeam-article-3/,69381.0,success,2967,455,html,text/html; charset=UTF-8,Disability Rights In the Workplace: The ADA - NDRN,,2022-10-13,National Disability Rights Network,https://www.ndrn.org/resource/ndeam-article-3/,0.0,8638eb11716520c83249.txt,a7d56267e30180ee694475e57431661ccdf85c9e02a9ba25dd56b1aa0ad35418
86d7c15015730f864e6b,https://osmosis.org/blog/social-determinants-of-health-education-access-and-quality,2026-10-04T03:40:57.910121+00:00,osmosis.org,False,http_error,403.0,https://osmosis.org/blog/social-determinants-of-health-education-access-and-quality,5804.0,not_extracted,0,0,,text/html; charset=UTF-8,,,,,,0.0,,
871e4477e40072f47568,https://pmc.ncbi.nlm.nih.gov/articles/PMC11812675,2026-10-04T03:40:58.065683+00:00,nih.gov,True,downloaded,200.0,https://pmc.ncbi.nlm.nih.gov/articles/PMC11812675,21368.0,success,131,18,html,text/html; charset=utf-8,Checking your browser,,2026-09-11,google.com,https://www.google.com/recaptcha/challengepage,0.0,871e4477e40072f47568.txt,a29166d0eaaa418bd5af61a282f1183a46c84c4d5e4c90689b1b452d230d05cc
87411315d209792c5506,https://ncan.org/Web/News/539190,2026-10-04T03:40:58.164967+00:00,ncan.org,True,downloaded,200.0,https://ncan.org/Web/News/539190,138630.0,success,12491,1891,html,text/html; charset=utf-8,"What’s Causing College Access Disparities, in 15 Charts",,2026-01-06,ncan.org,https://www.ncan.org/Web/Web/News/539190.aspx,0.0,87411315d209792c5506.txt,2f06a63864e20f2dc278913fa38efffc780d538981f3444c8ea07caed68936b9
87854225d5917a544c09,https://americanprogress.org/article/the-unfair-criminalization-of-gay-and-transgender-youth,2026-10-04T03:40:58.227866+00:00,americanprogress.org,False,http_error,403.0,https://www.americanprogress.org/article/the-unfair-criminalization-of-gay-and-transgender-youth,5839.0,not_extracted,0,0,,text/html; charset=UTF-8,,,,,,0.0,,
878f45b4b7b94ec9c3c1,https://researchmgt.monash.edu/ws/portalfiles/portal/519056876/483077505_oa.pdf,2026-10-04T03:41:00.860658+00:00,monash.edu,True,downloaded,200.0,https://researchmgt.monash.edu/ws/portalfiles/portal/519056876/483077505_oa.pdf,1100438.0,success,108780,15126,pdf,application/pdf,,,,,,0.0,878f45b4b7b94ec9c3c1.txt,7ce9ca8ebf6844d285648fe85cec76c53bcf55a887c78dee9e6ee7f8ade50d5b
884c54359ced26c5959b,https://mastercard.com/news/eemea/en/newsroom/press-releases/en/2022/may/technology-can-accelerate-financial-inclusion-for-persons-with-disabilities-finds-mastercard-study,2026-10-04T03:41:01.211004+00:00,mastercard.com,False,http_error,403.0,https://www.mastercard.com/news/eemea/en/newsroom/press-releases/en/2022/may/technology-can-accelerate-financial-inclusion-for-persons-with-disabilities-finds-mastercard-study,598.0,not_extracted,0,0,,text/html,,,,,,0.0,,
88859c6d2d79781ed790,https://shelteringgrace.org/the-unique-challenges-of-women-facing-homelessness,2026-10-04T03:41:01.312385+00:00,shelteringgrace.org,True,downloaded,200.0,https://shelteringgrace.org/the-unique-challenges-of-women-facing-homelessness/,200911.0,success,4259,702,html,text/html; charset=UTF-8,The Unique Challenges of Women Facing Homelessness - Sheltering Grace Ministry,Dr Ralph E Bell,2023-04-19,Sheltering Grace Ministry,https://shelteringgrace.org/the-unique-challenges-of-women-facing-homelessness/,0.0,88859c6d2d79781ed790.txt,61d5c710eba9d2b838c6a998351cee05cbde08e80f83f67b9a812b6a34629009
88cce15387efc3379849,https://pmc.ncbi.nlm.nih.gov/articles/PMC12895444,2026-10-04T03:41:01.990035+00:00,nih.gov,True,downloaded,200.0,https://pmc.ncbi.nlm.nih.gov/articles/PMC12895444,21367.0,success,131,18,html,text/html; charset=utf-8,Checking your browser,,2026-09-11,google.com,https://www.google.com/recaptcha/challengepage,0.0,88cce15387efc3379849.txt,a29166d0eaaa418bd5af61a282f1183a46c84c4d5e4c90689b1b452d230d05cc
88d111577fbc186be2a5,https://cbpp.org/blog/eliminating-structural-barriers-can-improve-latino-peoples-access-to-health-coverage,2026-10-04T03:41:02.234924+00:00,cbpp.org,False,http_error,403.0,https://cbpp.org/blog/eliminating-structural-barriers-can-improve-latino-peoples-access-to-health-coverage,6157.0,not_extracted,0,0,,text/html; charset=UTF-8,,,,,,0.0,,
88e14788e3cf2b868e8a,https://newsroom.ucla.edu/releases/housing-discrimination-california-historically-marginalized-communities,2026-10-04T03:41:03.219865+00:00,ucla.edu,True,downloaded,200.0,https://newsroom.ucla.edu/releases/housing-discrimination-california-historically-marginalized-communities,66053.0,success,6500,945,html,text/html; charset=utf-8,Housing discrimination in California disproportionately affects historically marginalized communities,Mike Fricano,2026-03-31,UCLA,https://newsroom.ucla.edu/releases/housing-discrimination-california-historically-marginalized-communities,0.0,88e14788e3cf2b868e8a.txt,5f375d269aa34b449290e122f548369cf73497a6bdd232e91713819dd49b240d
8900fa4d9de7bef74308,https://nclrights.org/wp-content/uploads/2013/04/Resources_PublicBenefits_Attorney_Advocate_Guide.pdf,2026-10-04T03:41:04.421181+00:00,nclrights.org,True,downloaded,200.0,https://nclrights.org/wp-content/uploads/2013/04/Resources_PublicBenefits_Attorney_Advocate_Guide.pdf,193522.0,success,106117,14987,pdf,application/pdf,,,,,,0.0,8900fa4d9de7bef74308.txt,ec4d52124b21c8f4fbe48bd138c3ae6119d1ddfc1c3cfd9d0a1118b6349e9af7
892900986fcb922b008b,https://transequality.org/issues/resources/failing-to-protect-and-serve-police-department-policies-towards-transgender-people,2026-10-04T03:41:05.557726+00:00,transequality.org,True,downloaded,200.0,https://transequality.org/issues/resources/failing-to-protect-and-serve-police-department-policies-towards-transgender-people,91623.0,success,2487,354,html,text/html; charset=UTF-8,Failing to Protect and Serve: Police Department Policies Towards Transgender People | A4TE,,2026-01-01,A4TE,https://transequality.org/issues/resources/failing-to-protect-and-serve-police-department-policies-towards-transgender-people,0.0,892900986fcb922b008b.txt,be3eb1ce3d504a2fba1ccd5c58bd3bc14a78eed0b1095b57f6c70ba2e8a85c59
897258a90e31a5f433b0,https://usnews.com/education/best-colleges/articles/2018-11-02/how-gender-influences-college-admissions,2026-10-04T03:41:07.212562+00:00,usnews.com,False,hard_timeout,0.0,https://usnews.com/education/best-colleges/articles/2018-11-02/how-gender-influences-college-admissions,,not_extracted,0,0,,,,,,,,28.0,,
897cb8bc76ace17a23c7,https://pmc.ncbi.nlm.nih.gov/articles/PMC9640174,2026-10-04T03:41:09.284733+00:00,nih.gov,True,downloaded,200.0,https://pmc.ncbi.nlm.nih.gov/articles/PMC9640174,21367.0,success,131,18,html,text/html; charset=utf-8,Checking your browser,,2026-09-11,google.com,https://www.google.com/recaptcha/challengepage,0.0,897cb8bc76ace17a23c7.txt,a29166d0eaaa418bd5af61a282f1183a46c84c4d5e4c90689b1b452d230d05cc
898722d0754e86359658,https://ohchr.org/en/statements-and-speeches/2019/10/inclusion-lgbt-people-education-settings-paramount-importance,2026-10-04T03:41:09.501602+00:00,ohchr.org,True,downloaded,200.0,https://www.ohchr.org:443/en/ohchr_homepage,137487.0,success,3640,545,html,text/html; charset=UTF-8,UN Human Rights Office,,2023-11-29,OHCHR,https://www.ohchr.org/en/ohchr_homepage,0.0,898722d0754e86359658.txt,ff5485c877c0aed6b4ee2bf6fc95f8066055efa5d8847fe15b05a04dfe6dda10
89b00a5f07fe2325e4f8,https://womensworldbanking.org/wp-content/uploads/2022/12/Check-Your-Bias-A-Field-Guide-for-Lenders.pdf,2026-10-04T03:41:11.633759+00:00,womensworldbanking.org,True,downloaded,200.0,https://www.womensworldbanking.org/wp-content/uploads/2022/12/Check-Your-Bias-A-Field-Guide-for-Lenders.pdf,5229804.0,success,75795,11415,pdf,application/pdf,,,,,,0.0,89b00a5f07fe2325e4f8.txt,362d9a8acec6c188979be6bf3247d7fe7055183ce44d0e367327ff31a20b1094
8a017f22833bba87f0fd,https://pmc.ncbi.nlm.nih.gov/articles/PMC4524744,2026-10-04T03:41:12.542527+00:00,nih.gov,True,downloaded,200.0,https://pmc.ncbi.nlm.nih.gov/articles/PMC4524744,21367.0,success,131,18,html,text/html; charset=utf-8,Checking your browser,,2026-09-11,google.com,https://www.google.com/recaptcha/challengepage,0.0,8a017f22833bba87f0fd.txt,a29166d0eaaa418bd5af61a282f1183a46c84c4d5e4c90689b1b452d230d05cc
8a096aee0a6e9c899ee1,https://crimrxiv.com/pub/spfg4hk6,2026-10-04T03:41:12.637473+00:00,crimrxiv.com,False,http_error,403.0,https://www.crimrxiv.com/pub/spfg4hk6,5811.0,not_extracted,0,0,,text/html; charset=UTF-8,,,,,,0.0,,
8a193db7364cccbc3731,https://hbtbank.com/personal-banking/five-factors-that-impact-your-credit-score,2026-10-04T03:41:13.985940+00:00,hbtbank.com,True,downloaded,200.0,https://www.hbtbank.com/personal-banking/five-factors-that-impact-your-credit-score/,99299.0,success,3300,581,html,text/html; charset=UTF-8,Five Factors That Impact Your Credit Score - Heartland Bank and Trust Company,Heartland Bank; Trust Company; Csmedit,2025-01-01,Heartland Bank and Trust Company,https://www.hbtbank.com/personal-banking/five-factors-that-impact-your-credit-score/,0.0,8a193db7364cccbc3731.txt,5497a26b4b182e3598b7aa2e35c5f4a5b125534224da786e83968eb4f101879f
8a1d357c50e1c67ba9dc,https://academic.oup.com/gerontologist/article/65/9/gnaf158/8165435,2026-10-04T03:41:14.069939+00:00,oup.com,False,http_error,403.0,https://academic.oup.com/gerontologist/article/65/9/gnaf158/8165435,5682.0,not_extracted,0,0,,text/html; charset=UTF-8,,,,,,0.0,,
8a42c6ab08510e278619,https://libertystreeteconomics.newyorkfed.org/2024/01/an-overlooked-factor-in-banks-lending-to-minorities,2026-10-04T03:41:14.212328+00:00,newyorkfed.org,True,downloaded,200.0,https://libertystreeteconomics.newyorkfed.org/2024/01/an-overlooked-factor-in-banks-lending-to-minorities/,171077.0,success,6792,999,html,text/html; charset=UTF-8,An Overlooked Factor in Banks’ Lending to Minorities - Liberty Street Economics,Matteo Crosignani; Hanh Le,2024-01-10,Liberty Street Economics,https://libertystreeteconomics.newyorkfed.org/2024/01/an-overlooked-factor-in-banks-lending-to-minorities/,0.0,8a42c6ab08510e278619.txt,8ec95250d7ec40818c628719d39ae91fe9c06b91f7b53a6a7bebd27a613ff8b1
8aeae1553b9c47c67d08,https://pmc.ncbi.nlm.nih.gov/articles/PMC10241469,2026-10-04T03:41:15.141867+00:00,nih.gov,True,downloaded,200.0,https://pmc.ncbi.nlm.nih.gov/articles/PMC10241469,21368.0,success,131,18,html,text/html; charset=utf-8,Checking your browser,,2026-09-11,google.com,https://www.google.com/recaptcha/challengepage,0.0,8aeae1553b9c47c67d08.txt,a29166d0eaaa418bd5af61a282f1183a46c84c4d5e4c90689b1b452d230d05cc
8b5a25d18543e5d238c4,https://uc.edu/content/dam/uc/ics/docs/NovakBrownFrankWomenOnPatrol.pdf,2026-10-04T03:41:15.384406+00:00,uc.edu,False,robots_disallowed,,https://uc.edu/content/dam/uc/ics/docs/NovakBrownFrankWomenOnPatrol.pdf,,not_extracted,0,0,,,,,,,,,,
8b8be031b2d14d6888d4,https://brennancenter.org/our-work/analysis-opinion/history-mass-incarceration,2026-10-04T03:41:15.808843+00:00,brennancenter.org,True,downloaded,200.0,https://www.brennancenter.org/our-work/analysis-opinion/history-mass-incarceration,123833.0,success,5218,831,html,text/html; charset=utf-8,The History of Mass Incarceration,James Cullen,2018-07-20,Brennan Center for Justice,https://www.brennancenter.org/our-work/analysis-opinion/history-mass-incarceration,0.0,8b8be031b2d14d6888d4.txt,9db7957732e719277b2b756e1acc521d663d4f5336c445004046b2004e437ab4
8bb2e11118714dd19386,https://youtube.com/watch?v=u1GsuawCmes,2026-10-04T03:41:16.912169+00:00,youtube.com,True,downloaded,200.0,https://www.youtube.com/watch?v=u1GsuawCmes,1205452.0,success,146,23,html,text/html; charset=utf-8,Police arrests nationwide reveal racial disparity l ABC News,,2020-06-11,YouTube,https://www.youtube.com/watch?v=u1GsuawCmes,0.0,8bb2e11118714dd19386.txt,8dbba17988e385133ba8f51d76cde1fc2c859262b666cb848e9cfe2478fd5e71
8bf419166d2d57f6d097,https://ncpssm.org/documents/social-security-policy-papers/womens-social-security-benefits,2026-10-04T03:41:17.261355+00:00,ncpssm.org,True,downloaded,200.0,https://www.ncpssm.org/documents/social-security-policy-papers/womens-social-security-benefits/,127027.0,success,11077,1765,html,text/html; charset=UTF-8,Women's Social Security Benefits - NCPSSM,NCPSSM,2022-10-31,NCPSSM,https://www.ncpssm.org/documents/social-security-policy-papers/womens-social-security-benefits/,0.0,8bf419166d2d57f6d097.txt,9630e353e501c84aa755830bb25c5e7ac417ca3d33710f987106d22c3e4703ba
8c19689a23763f8fd064,https://kff.org/quick-insights/new-regulation-prohibits-federal-medicaid-funds-from-covering-gender-affirming-medical-care-for-young-people,2026-10-04T03:41:19.183290+00:00,kff.org,True,downloaded,200.0,https://www.kff.org/quick-insights/new-regulation-prohibits-federal-medicaid-funds-from-covering-gender-affirming-medical-care-for-young-people/,110783.0,success,4576,714,html,text/html; charset=UTF-8,New Regulation Prohibits Federal Medicaid Funds From Covering Gender-Affirming Medical Care for Young People,Lindsey Dawson,2026-08-13,"KFF - The independent source for health policy research, polling, and news",https://www.kff.org/quick-insights/new-regulation-prohibits-federal-medicaid-funds-from-covering-gender-affirming-medical-care-for-young-people/,0.0,8c19689a23763f8fd064.txt,44bc5870b5370c37a2b78a2e627993fd1b9431a732b31f7c357dcfa7052d21ab
8c3b64f3a55a5bd27dff,https://pegalislawgroup.com/patient-safety-concerns-in-the-lgbtqia-community,2026-10-04T03:41:20.732611+00:00,pegalislawgroup.com,True,downloaded,200.0,https://pegalislawgroup.com/patient-safety-concerns-in-the-lgbtqia-community/,205428.0,success,5549,771,html,text/html; charset=UTF-8,Patient Safety Concerns in the LGBTQIA+ Community,Pegalis Law Group,2024-06-03,Pegalis Law Group,https://pegalislawgroup.com/patient-safety-concerns-in-the-lgbtqia-community/,0.0,8c3b64f3a55a5bd27dff.txt,a8145b41fc9eb6c91f5ab59e6f8001127bd7855b22a907add6c3e385d7be8983
8c3dfe0587e687b22c00,https://binghamton.edu/news/story/6105/people-in-need-of-disability-benefits-are-facing-new-barriers-and-government-cuts-and-overhauls-are-to-blame,2026-10-04T03:41:21.561981+00:00,binghamton.edu,True,downloaded,200.0,https://www.binghamton.edu/news/story/6105/people-in-need-of-disability-benefits-are-facing-new-barriers-and-government-cuts-and-overhauls-are-to-blame,25912.0,success,5225,795,html,text/html; charset=UTF-8,People in need of disability benefits are facing new barriers – and government cuts and overhauls are to blame - Binghamton News,John Brhel,2026-03-09,People in need of disability benefits are facing new barriers – and government cuts and overhauls are to blame | Binghamton News - Binghamton University,https://www.binghamton.edu/news/story/6105/people-in-need-of-disability-benefits-are-facing-new-barriers-and-government-cuts-and-overhauls-are-to-blame,0.0,8c3dfe0587e687b22c00.txt,5c757017c417bc4fa48f879bc79c207f6692d9b822f7d1caf59c37b1bc35ac33
8c5f8638339dcde1d2fd,https://pmc.ncbi.nlm.nih.gov/articles/PMC7094761,2026-10-04T03:41:21.681855+00:00,nih.gov,True,downloaded,200.0,https://pmc.ncbi.nlm.nih.gov/articles/PMC7094761,21367.0,success,131,18,html,text/html; charset=utf-8,Checking your browser,,2026-09-11,google.com,https://www.google.com/recaptcha/challengepage,0.0,8c5f8638339dcde1d2fd.txt,a29166d0eaaa418bd5af61a282f1183a46c84c4d5e4c90689b1b452d230d05cc
8c700dbdd65b91a02243,https://linkedin.com/top-content/career/career-advancement-tips/factors-influencing-career-advancement-opportunities,2026-10-04T03:41:22.583243+00:00,linkedin.com,False,robots_disallowed,,https://linkedin.com/top-content/career/career-advancement-tips/factors-influencing-career-advancement-opportunities,,not_extracted,0,0,,,,,,,,,,
8c7d732fec605bfd185c,https://youtube.com/watch?v=ruu9Gep9Sd8,2026-10-04T03:41:22.583465+00:00,youtube.com,True,downloaded,200.0,https://www.youtube.com/watch?v=ruu9Gep9Sd8,1216425.0,success,146,23,html,text/html; charset=utf-8,Police Discretion as an Exercise of Individual Choice of Judgment - Essay Example,,2023-11-19,YouTube,https://www.youtube.com/watch?v=ruu9Gep9Sd8,0.0,8c7d732fec605bfd185c.txt,8dbba17988e385133ba8f51d76cde1fc2c859262b666cb848e9cfe2478fd5e71
8c85fca2e5d2bf577e9d,https://tcf.org/content/commentary/equitable-insurance-coverage-and-access-can-advance-lgbt-health,2026-10-04T03:41:22.769833+00:00,tcf.org,False,http_error,403.0,https://tcf.org/content/commentary/equitable-insurance-coverage-and-access-can-advance-lgbt-health,4856.0,not_extracted,0,0,,text/html; charset=UTF-8,,,,,,0.0,,
8ccf054497b17170cbb9,https://pmc.ncbi.nlm.nih.gov/articles/PMC12513714,2026-10-04T03:41:24.917050+00:00,nih.gov,True,downloaded,200.0,https://pmc.ncbi.nlm.nih.gov/articles/PMC12513714,21368.0,success,131,18,html,text/html; charset=utf-8,Checking your browser,,2026-09-11,google.com,https://www.google.com/recaptcha/challengepage,0.0,8ccf054497b17170cbb9.txt,a29166d0eaaa418bd5af61a282f1183a46c84c4d5e4c90689b1b452d230d05cc
8cf3998227ccd6fc035f,https://sciencedirect.com/science/article/pii/S0047235221000490,2026-10-04T03:41:25.152224+00:00,sciencedirect.com,False,http_error,403.0,https://www.sciencedirect.com/science/article/pii/S0047235221000490,1207871.0,not_extracted,0,0,,text/html; charset=UTF-8,,,,,,0.0,,
8cffc442ce1c61bfdcf6,https://catalog.results4america.org/strategies/reducing-obstacles,2026-10-04T03:41:26.322790+00:00,results4america.org,True,downloaded,200.0,https://catalog.results4america.org/strategies/reducing-obstacles,278903.0,success,22195,2967,html,text/html; charset=UTF-8,Reducing obstacles to receiving public benefits,,2022-09-14,Results for America - Economic Mobility Catalog,https://catalog.results4america.org/strategies/reducing-obstacles,0.0,8cffc442ce1c61bfdcf6.txt,c16108001a17d4f69125b9f46e72d7f76b5b70a5267836327461d68b390f8af2
8d4b74f96737f9c79531,https://nationaldisabilityinstitute.org/financial-resilience-center/credit,2026-10-04T03:41:27.105266+00:00,nationaldisabilityinstitute.org,True,downloaded,200.0,https://www.nationaldisabilityinstitute.org/financial-resilience-center/credit/,248425.0,success,16542,2911,html,text/html; charset=UTF-8,Credit | Financial Resilience Resources for People with Disabilities,Katie Auchenbach,2022-02-14,National Disability Institute,https://www.nationaldisabilityinstitute.org/financial-resilience-center/credit/,0.0,8d4b74f96737f9c79531.txt,d3562af5a6a6b9e23a5caab8af2934f672b0a93919847a2eda925076bf09464f
8d4d4ca90f9b897f17e0,https://stlouisfed.org/community-development/publications/access-credit-financial-services-bridge-financial-well-being/low-moderate-income-interact-institutions-access-financial-services,2026-10-04T03:41:28.438390+00:00,stlouisfed.org,False,curl_error,0.0,https://stlouisfed.org/community-development/publications/access-credit-financial-services-bridge-financial-well-being/low-moderate-income-interact-institutions-access-financial-services,,not_extracted,0,0,,,,,,,,92.0,,
8d8f2c2cd0951645b7f3,https://pmc.ncbi.nlm.nih.gov/articles/PMC4772969,2026-10-04T03:41:29.178520+00:00,nih.gov,True,downloaded,200.0,https://pmc.ncbi.nlm.nih.gov/articles/PMC4772969/,132649.0,success,25679,3745,html,text/html; charset=utf-8,Building on the Evidence: Guiding Policy and Research on Police Encounters with Persons with Mental Illnesses,Allison G Robertson,2015-06-28,Criminology & public policy,https://pmc.ncbi.nlm.nih.gov/articles/PMC4772969/,0.0,8d8f2c2cd0951645b7f3.txt,6edb5def3859aa9ef333e21af99024552454668adc864e31723d14403d83fa0a
8dd648368634b56c910d,https://evidencebasedliving.human.cornell.edu/blog/what-we-know-about-trans-youth-and-bullying,2026-10-04T03:41:29.518219+00:00,cornell.edu,True,downloaded,200.0,https://evidencebasedliving.human.cornell.edu/blog/what-we-know-about-trans-youth-and-bullying/,70753.0,success,4031,599,html,text/html; charset=UTF-8,Leave a Reply Cancel reply,,2026-01-01,evidencebasedliving.human.cornell.edu,https://evidencebasedliving.human.cornell.edu/blog/what-we-know-about-trans-youth-and-bullying/,0.0,8dd648368634b56c910d.txt,7d9be313ad750f00c9be5d3137fd296e6e7b1271201a35a676a7c691a73c165f
8ddd6d53dc7be053bcfb,https://musticolaw.com/if-disability-worsens-does-the-government-increase-benefits,2026-10-04T03:41:29.827523+00:00,musticolaw.com,True,downloaded,200.0,https://musticolaw.com/if-disability-worsens-does-the-government-increase-benefits/,52535.0,success,6212,976,html,text/html; charset=UTF-8,"If Disability Worsens, Does the Government Increase Benefits? - Mustico and Harvey Law Group",Donald,2022-09-05,Mustico and Harvey Law Group,https://musticolaw.com/if-disability-worsens-does-the-government-increase-benefits/,0.0,8ddd6d53dc7be053bcfb.txt,1f1ddb64ed2176fa060657ec0695c7facab95c745bbc2d9d24501da624f14336
8e01a430ea226b4376f8,https://pmc.ncbi.nlm.nih.gov/articles/PMC5744605,2026-10-04T03:41:30.075060+00:00,nih.gov,True,downloaded,200.0,https://pmc.ncbi.nlm.nih.gov/articles/PMC5744605/,185555.0,success,54921,8489,html,text/html; charset=utf-8,Establishing stability: exploring the meaning of ‘home’ for women who have experienced intimate partner violence,Julia Woodhall-Melnik; Sarah Hamilton-Wright; Nihaya Daoud; Flora I Matheson; James R Dunn; Patricia O’Campo,2016-05-17,Journal of Housing and the Built Environment,https://pmc.ncbi.nlm.nih.gov/articles/PMC5744605/,0.0,8e01a430ea226b4376f8.txt,63b1e738d048c2f340c1060ff8c1c5c5571bd9deb1516bddc88563b4bf0f0f2c
8e3eb499089acd7d9a52,https://kff.org/private-insurance/new-rule-proposes-changes-to-aca-coverage-of-gender-affirming-care-potentially-increasing-costs-for-consumers,2026-10-04T03:41:30.811809+00:00,kff.org,True,downloaded,200.0,https://www.kff.org/private-insurance/new-rule-proposes-changes-to-aca-coverage-of-gender-affirming-care-potentially-increasing-costs-for-consumers/,121876.0,success,7680,1154,html,text/html; charset=UTF-8,"New Rule Proposes Changes to ACA Coverage of Gender-Affirming Care, Potentially Increasing Costs for Consumers | KFF",Lindsey Dawson; Kaye Pestaina; Matthew Rae,2025-03-24,"KFF - The independent source for health policy research, polling, and news",https://www.kff.org/private-insurance/new-rule-proposes-changes-to-aca-coverage-of-gender-affirming-care-potentially-increasing-costs-for-consumers/,0.0,8e3eb499089acd7d9a52.txt,c47d37c966593bdd0030553d42df2e8a0f1005f21a1f3248d4043281cbdc8a57
8e4e07442f8bc4509992,https://blogs.worldbank.org/en/opendata/more-women-have-financial-accounts--yet-equal-access-and-use-rem,2026-10-04T03:41:32.002398+00:00,worldbank.org,True,downloaded,200.0,https://blogs.worldbank.org/en/opendata/more-women-have-financial-accounts--yet-equal-access-and-use-rem,75158.0,success,5523,890,html,text/html;charset=utf-8,"Women’s Financial Inclusion Is Rising, but Equal Access and Use Still Lag",Anna Tabitha Bonfert; Alexandra Norris,2025-11-11,World Bank Blogs,https://blogs.worldbank.org/en/opendata/more-women-have-financial-accounts--yet-equal-access-and-use-rem,0.0,8e4e07442f8bc4509992.txt,39ecffe70e46b0fd871492ce31e0c02af6d6fc06d40bb6c6e2e276797afa83dc
8e7b64c8a8cec8a3552d,https://pubmed.ncbi.nlm.nih.gov/40578577,2026-10-04T03:41:32.058561+00:00,nih.gov,True,downloaded,203.0,https://pubmed.ncbi.nlm.nih.gov/40578577/,5590.0,success,100,14,html,text/html; charset=utf-8,Cookies must be enabled,,,pubmed.ncbi.nlm.nih.gov,https://pubmed.ncbi.nlm.nih.gov/40578577/,0.0,8e7b64c8a8cec8a3552d.txt,f193d0de906419650acf171625dbd67f88f297290893b5473e1d8365c03d4b59
8e86245734cefba81b49,https://brookings.edu/articles/homeownership-racial-segregation-and-policies-for-racial-wealth-equity,2026-10-04T03:41:33.342256+00:00,brookings.edu,True,downloaded,200.0,https://www.brookings.edu/articles/homeownership-racial-segregation-and-policies-for-racial-wealth-equity/,302569.0,success,39581,5566,html,text/html; charset=UTF-8,"Homeownership, racial segregation, and policy solutions to racial wealth equity | Brookings",Rashawn Ray; Andre M Perry; David Harshbarger; Samantha Elizondo; Alexandra Gibbons,2024-02-05,Brookings,https://www.brookings.edu/articles/homeownership-racial-segregation-and-policies-for-racial-wealth-equity/,0.0,8e86245734cefba81b49.txt,e7bceab1564d4fe59c4e6a74305864e7d1073250b3b188214fdd4d5735a7ec6e
8e917e74478c81872087,https://pmc.ncbi.nlm.nih.gov/articles/PMC12461105,2026-10-04T03:41:34.484051+00:00,nih.gov,True,downloaded,200.0,https://pmc.ncbi.nlm.nih.gov/articles/PMC12461105,21371.0,success,131,18,html,text/html; charset=utf-8,Checking your browser,,2026-09-11,google.com,https://www.google.com/recaptcha/challengepage,0.0,8e917e74478c81872087.txt,a29166d0eaaa418bd5af61a282f1183a46c84c4d5e4c90689b1b452d230d05cc
8ec49e97b49928446e04,https://pmc.ncbi.nlm.nih.gov/articles/PMC3404465,2026-10-04T03:41:35.672187+00:00,nih.gov,True,downloaded,200.0,https://pmc.ncbi.nlm.nih.gov/articles/PMC3404465,21367.0,success,131,18,html,text/html; charset=utf-8,Checking your browser,,2026-09-11,google.com,https://www.google.com/recaptcha/challengepage,0.0,8ec49e97b49928446e04.txt,a29166d0eaaa418bd5af61a282f1183a46c84c4d5e4c90689b1b452d230d05cc
8f0ef28c6f421a946b17,https://openoregon.pressbooks.pub/raceandcrime1e/chapter/oo5-3,2026-10-04T03:41:35.682547+00:00,pressbooks.pub,False,http_error,403.0,https://openoregon.pressbooks.pub/raceandcrime1e/chapter/oo5-3,919.0,not_extracted,0,0,,text/html,,,,,,0.0,,
8f4d8feda1fadba3c2b1,https://ccrw.org/wp-content/uploads/2024/10/Career-advancement-pathways-for-workers-with-disabilities_CCRW_Trends-Report-2024.pdf,2026-10-04T03:41:35.689492+00:00,ccrw.org,True,downloaded,200.0,https://ccrw.org/wp-content/uploads/2024/10/Career-advancement-pathways-for-workers-with-disabilities_CCRW_Trends-Report-2024.pdf,4911934.0,success,61892,7957,pdf,application/pdf,,,,,,0.0,8f4d8feda1fadba3c2b1.txt,5ec094cf4d0f7f3b80ab6f81917f5b4b16aadcf9d4d1d9fc2cc098aa7b2eac39
8f6244d3d1e18e7448ae,https://sageusa.org/news/cfpb-protects-lgbt-people-with-ecoa,2026-10-04T03:41:35.776740+00:00,sageusa.org,True,downloaded,200.0,http://www.sageusa.org/news/cfpb-protects-lgbt-people-with-ecoa/,233540.0,success,1978,310,html,text/html; charset=UTF-8,LGBT people protected from financial discrimination under Equal Credit Opportunity Act - SAGE,,2021-02-25,SAGE,https://www.sageusa.org/news/cfpb-protects-lgbt-people-with-ecoa/,0.0,8f6244d3d1e18e7448ae.txt,f85f100f7fb049ec4e2d8ffd212c9882b1b57544402ecb29b7818393f95a7b4a
8f6862b6579d7cfc235d,https://cbpp.org/research/poverty-and-inequality/economic-security-programs-reduce-overall-poverty-racial-and-ethnic,2026-10-04T03:41:35.888668+00:00,cbpp.org,False,http_error,403.0,https://cbpp.org/research/poverty-and-inequality/economic-security-programs-reduce-overall-poverty-racial-and-ethnic,6158.0,not_extracted,0,0,,text/html; charset=UTF-8,,,,,,0.0,,
8fb45546bd08fbeb9430,https://usich.gov/sites/default/files/document/Housing-Affordability-and-Stablility-Brief.pdf,2026-10-04T03:41:36.209995+00:00,usich.gov,True,downloaded,200.0,https://usich.gov/sites/default/files/document/Housing-Affordability-and-Stablility-Brief.pdf,359954.0,success,18797,2648,pdf,application/pdf,,,,,,0.0,8fb45546bd08fbeb9430.txt,2ff838cf0233c2bb72963437b1c6592929e7aae6f104389ee3d2bc1eb3f2cbee
8fc61b06fea211291530,https://facebook.com/KXANnews/posts/government-entities-are-not-required-to-provide-benefits-to-spouses-of-gay-and-l/10155464805598037,2026-10-04T03:41:37.253886+00:00,facebook.com,False,robots_disallowed,,https://facebook.com/KXANnews/posts/government-entities-are-not-required-to-provide-benefits-to-spouses-of-gay-and-l/10155464805598037,,not_extracted,0,0,,,,,,,,,,
8fc8459f46000eeae2d8,https://urban.org/urban-wire/three-obstacles-federally-assisted-housing-programs-need-overcome-better-serve-residents-disabilities,2026-10-04T03:41:37.254124+00:00,urban.org,False,http_error,403.0,https://www.urban.org/urban-wire/three-obstacles-federally-assisted-housing-programs-need-overcome-better-serve-residents-disabilities,6081.0,not_extracted,0,0,,text/html; charset=UTF-8,,,,,,0.0,,
902200e0130085037aa3,https://direct.mit.edu/euso/article/27/1/144/125848/Escape-from-home-The-moderating-role-of-sexual,2026-10-04T03:41:37.732479+00:00,mit.edu,False,http_error,403.0,https://direct.mit.edu/euso/article/27/1/144/125848/Escape-from-home-The-moderating-role-of-sexual,5864.0,not_extracted,0,0,,text/html; charset=UTF-8,,,,,,0.0,,
9048acef1bf86fd9400d,https://pmc.ncbi.nlm.nih.gov/articles/PMC8576989,2026-10-04T03:41:38.306201+00:00,nih.gov,True,downloaded,200.0,https://pmc.ncbi.nlm.nih.gov/articles/PMC8576989/,188663.0,success,48250,7731,html,text/html; charset=utf-8,Examining gender differentials and determinants of private health insurance coverage in Zambia,James Mulenga; Mulenga C Mulenga; Katongo M C Musonda; Chilizani Phiri,2021-11-09,BMC Health Services Research,https://pmc.ncbi.nlm.nih.gov/articles/PMC8576989/,0.0,9048acef1bf86fd9400d.txt,50089ba254d8ba7de3ad4837c3fbb0c02b88672fac7ce8a73cce0c47d27d66a3
90708852666a1c4ed72c,https://stlpr.org/health-science-environment/2025-11-17/barriers-block-snap-and-medicaid-users-from-keeping-vital-benefits-survey-finds,2026-10-04T03:41:39.022300+00:00,stlpr.org,True,downloaded,200.0,https://www.stlpr.org/health-science-environment/2025-11-17/barriers-block-snap-and-medicaid-users-from-keeping-vital-benefits-survey-finds,195368.0,success,4030,604,html,text/html;charset=UTF-8,"Barriers block SNAP and Medicaid users from keeping vital benefits, survey finds",Sarah Fentem,2025-11-17,STLPR,https://www.stlpr.org/health-science-environment/2025-11-17/barriers-block-snap-and-medicaid-users-from-keeping-vital-benefits-survey-finds,0.0,90708852666a1c4ed72c.txt,55bdca5ffade8b5f30fc58c5cda9c0e9aed7609f9c7bb190b3a4547460ff6037
909d3fc5cd3090468489,https://educationrightsattorney.com/understanding-access-to-education-for-students-with-disabilities,2026-10-04T03:41:40.075672+00:00,educationrightsattorney.com,True,downloaded,200.0,https://educationrightsattorney.com/understanding-access-to-education-for-students-with-disabilities/,75311.0,success,5205,772,html,text/html; charset=UTF-8,Understanding Access to Education for Students with Disabilities,Jennifer Chang,2025-02-10,Education Rights Attorney,https://educationrightsattorney.com/understanding-access-to-education-for-students-with-disabilities/,0.0,909d3fc5cd3090468489.txt,77a4d79871a02bfd4177e067119142fee88bcb05991a447dff772f928a911745
90c9f9105aae8bab00e4,https://pmc.ncbi.nlm.nih.gov/articles/PMC11756264,2026-10-04T03:41:41.158168+00:00,nih.gov,True,downloaded,200.0,https://pmc.ncbi.nlm.nih.gov/articles/PMC11756264,21371.0,success,131,18,html,text/html; charset=utf-8,Checking your browser,,2026-09-11,google.com,https://www.google.com/recaptcha/challengepage,0.0,90c9f9105aae8bab00e4.txt,a29166d0eaaa418bd5af61a282f1183a46c84c4d5e4c90689b1b452d230d05cc
911ce4f6b5d9a691731f,https://bcm.edu/research/research-centers/center-for-research-on-women-with-disabilities/a-to-z-directory/health-care/health-insurance,2026-10-04T03:41:41.871978+00:00,bcm.edu,True,downloaded,200.0,https://www.bcm.edu/research/research-centers/center-for-research-on-women-with-disabilities/a-to-z-directory/health-care/health-insurance,320240.0,success,4100,612,html,text/html; charset=utf-8,Health Insurance and Women with Disabilities,,2026-09-01,Baylor College of Medicine,https://www.bcm.edu/research/research-centers/center-for-research-on-women-with-disabilities/a-to-z-directory/health-care/health-insurance,0.0,911ce4f6b5d9a691731f.txt,1fb1c2f23aa568cba07fefc3a193763b2903fd599afc3285b4bc65a3668ffd00
913137bd1b51f6920f5b,https://sciencedirect.com/science/article/pii/S2667321521000196,2026-10-04T03:41:43.619898+00:00,sciencedirect.com,False,http_error,403.0,https://www.sciencedirect.com/science/article/pii/S2667321521000196,1207871.0,not_extracted,0,0,,text/html; charset=UTF-8,,,,,,0.0,,
918aa89d0a894b367a37,https://edexcelencia.org/research/publications/how-latinos-pay-for-college-2025-national-trends,2026-10-04T03:41:43.776146+00:00,edexcelencia.org,True,downloaded,200.0,https://www.edexcelencia.org/research/publications/how-latinos-pay-for-college-2025-national-trends,1560094.0,success,2721,412,html,text/html; charset=UTF-8,How Latinos Pay for College: 2025 National Trends | Excelencia in Education,,2025-03-26,Excelencia Education,https://www.edexcelencia.org/research/publications/how-latinos-pay-for-college-2025-national-trends,0.0,918aa89d0a894b367a37.txt,3cb1156d9a5f9c90e4f4dc6e6de53f866dd0c5b18e72f66433879a4f48c638cf
919f34b891778265a4a8,https://synchrony.com/blog/bank/financial-literacy-hispanic-communities,2026-10-04T03:41:44.393730+00:00,synchrony.com,True,downloaded,200.0,https://www.synchrony.com/blog/bank/financial-literacy-hispanic-communities,145277.0,success,9249,1347,html,text/html; charset=UTF-8,How to Empower Financial Literacy in Hispanic Communities,Alex Soto Published Sep,2023-09-26,synchrony.com,https://www.synchrony.com/blog/bank/financial-literacy-hispanic-communities,0.0,919f34b891778265a4a8.txt,1a38a5778af8bff7aaeb1e5a44f0b82927791eb90ea42ed606d772650a90f92f
91a8bdd7a3f238b27b20,https://endhomelessness.org/resources/research-and-analysis/demographic-data-project-gender-and-individual-homelessness,2026-10-04T03:41:45.708676+00:00,endhomelessness.org,True,downloaded,200.0,https://endhomelessness.org/resources/research-and-analysis/demographic-data-project-gender-and-individual-homelessness,354998.0,success,12052,1969,html,text/html; charset=UTF-8,Demographic Data Project: Gender and Individual Homelessness,NAEH,2025-03-10,National Alliance to End Homelessness,https://endhomelessness.org/resources/research-and-analysis/demographic-data-project-gender-and-individual-homelessness/,0.0,91a8bdd7a3f238b27b20.txt,3d3f6157d380f904c9d8740613b8f3cb3eb0d710d757209558ef6f85a7162c7a
91b900ec1fae01244aeb,https://finhealthnetwork.org/wp-content/uploads/2023/08/The-Financial-Health-of-People-With-Disabilities_Key-Obstacles-and-Opportunities.pdf,2026-10-04T03:41:45.912760+00:00,finhealthnetwork.org,False,http_error,403.0,https://finhealthnetwork.org/wp-content/uploads/2023/08/The-Financial-Health-of-People-With-Disabilities_Key-Obstacles-and-Opportunities.pdf,1905.0,not_extracted,0,0,,text/html; charset=utf-8,,,,,,0.0,,
91cc46cfa99798f4185e,https://ncan.org/Web/News/Despite-Progress-Women-in-Higher-Ed-Still-Face-Barriers,2026-10-04T03:41:46.175706+00:00,ncan.org,True,downloaded,200.0,https://ncan.org/Web/News/Despite-Progress-Women-in-Higher-Ed-Still-Face-Barriers,122274.0,success,5277,781,html,text/html; charset=utf-8,"Despite Progress, Women in Higher Ed Still Face Barriers",,2025-03-14,ncan.org,https://www.ncan.org/Web/Web/News/Despite-Progress-Women-in-Higher-Ed-Still-Face-Barriers.aspx,0.0,91cc46cfa99798f4185e.txt,0920aee09dae52d757ab20cd27073fa1b25a9997e64e3a71b65c6feef69d9d34
92397b11969c4578d708,https://stlouisfed.org/-/media/project/frbstl/stlouisfed/community-development/financial-well-being/financial-well-being-infographic.pdf?hash=D66FE2DE10D3E3389E9DDEF2DF1E77A6&sc_lang=en,2026-10-04T03:41:46.937497+00:00,stlouisfed.org,False,curl_error,0.0,https://stlouisfed.org/-/media/project/frbstl/stlouisfed/community-development/financial-well-being/financial-well-being-infographic.pdf?hash=D66FE2DE10D3E3389E9DDEF2DF1E77A6&sc_lang=en,,not_extracted,0,0,,,,,,,,92.0,,
92868aa8acb452aa530d,https://scholarworks.merrimack.edu/cgi/viewcontent.cgi?article=1138&context=soe_student_ce,2026-10-04T03:41:47.352075+00:00,merrimack.edu,False,http_error,403.0,https://scholarworks.merrimack.edu/cgi/viewcontent.cgi?article=1138&context=soe_student_ce,5847.0,not_extracted,0,0,,text/html; charset=UTF-8,,,,,,0.0,,
92943eed3357bf30bfc3,https://prestigepeo.com/blogs/job-quality-hispanic-latino-community,2026-10-04T03:41:48.081195+00:00,prestigepeo.com,True,downloaded,200.0,https://www.prestigepeo.com/blogs/job-quality-hispanic-latino-community/,244546.0,success,6002,945,html,text/html; charset=UTF-8,Major Issues Affecting Job Quality,Mark P,2022-09-15,PrestigePEO,https://www.prestigepeo.com/blogs/job-quality-hispanic-latino-community/,0.0,92943eed3357bf30bfc3.txt,e2f11e8f8631aa9b04279aaf799ba02e1465422f1f1f1296a2a34cb6b35e92ae
92fc1ab90e105172fad2,https://pmc.ncbi.nlm.nih.gov/articles/PMC10142323,2026-10-04T03:41:49.736109+00:00,nih.gov,True,downloaded,200.0,https://pmc.ncbi.nlm.nih.gov/articles/PMC10142323,21372.0,success,131,18,html,text/html; charset=utf-8,Checking your browser,,2026-09-11,google.com,https://www.google.com/recaptcha/challengepage,0.0,92fc1ab90e105172fad2.txt,a29166d0eaaa418bd5af61a282f1183a46c84c4d5e4c90689b1b452d230d05cc
93e0b5a3a8853a4e22cf,https://fdic.gov/consumer-resource-center/2023-03/financial-empowerment-and-inclusion,2026-10-04T03:41:50.324974+00:00,fdic.gov,True,downloaded,200.0,https://www.fdic.gov/consumer-resource-center/2023-03/financial-empowerment-and-inclusion,93290.0,success,7135,1152,html,text/html; charset=UTF-8,Financial Empowerment and Inclusion | FDIC.gov,,2023-08-18,FDICgov,https://www.fdic.gov/consumer-resource-center/2023-03/financial-empowerment-and-inclusion,0.0,93e0b5a3a8853a4e22cf.txt,d816618643a30ed2349fb742c6f53a05bed711255b03ee9a5800c123a4fc6d89
93fbc9d01524e0b8ba9c,https://tandfonline.com/doi/full/10.1080/19361653.2024.2414339,2026-10-04T03:41:51.285584+00:00,tandfonline.com,False,http_error,403.0,https://tandfonline.com/doi/full/10.1080/19361653.2024.2414339,5805.0,not_extracted,0,0,,text/html; charset=UTF-8,,,,,,0.0,,
9448970c042845b2343e,https://moneymanagement.org/blog/why-good-credit-is-harder-to-achieve-in-communities-of-color,2026-10-04T03:41:52.987422+00:00,moneymanagement.org,True,downloaded,200.0,https://www.moneymanagement.org/blog/why-good-credit-is-harder-to-achieve-in-communities-of-color,68634.0,success,6423,1039,html,text/html; charset=utf-8,Credit History: How it Matters for Communities of Color | MMI,Kate Bulger,2023-06-28,Money Management International,http://www.moneymanagement.org/blog/why-good-credit-is-harder-to-achieve-in-communities-of-color,0.0,9448970c042845b2343e.txt,73b136d786a9e5c37bec9eb759d23511903953371004cdd65eb0f691df67b5df
9460109b178358db6e38,https://rrapp.spia.princeton.edu/how-credit-scoring-reproduces-racial-inequality,2026-10-04T03:41:53.467876+00:00,princeton.edu,False,hard_timeout,0.0,https://rrapp.spia.princeton.edu/how-credit-scoring-reproduces-racial-inequality,,not_extracted,0,0,,,,,,,,28.0,,
94b009446c3bcaf5e39f,https://journeyfront.com/blog/increasing-gender-diversity-starts-with-the-hiring-process,2026-10-04T03:41:54.105761+00:00,journeyfront.com,True,downloaded,200.0,https://www.journeyfront.com/blog/increasing-gender-diversity-starts-with-the-hiring-process,98866.0,success,4898,793,html,text/html; charset=UTF-8,3 Ways to Increase Gender Diversity in Hiring,Angela Carmack,2026-03-12,Journeyfront,https://www.journeyfront.com/blog/increasing-gender-diversity-starts-with-the-hiring-process,0.0,94b009446c3bcaf5e39f.txt,54b5d7a54391b053cefbf378570605b83914b625307ff8b7e6f9df4213324ffe
94df1d3401f7a478c0b1,https://digitalcommons.calpoly.edu/cgi/viewcontent.cgi?article=1008&context=coe_dean,2026-10-04T03:41:54.343435+00:00,calpoly.edu,False,http_error,403.0,https://digitalcommons.calpoly.edu/cgi/viewcontent.cgi?article=1008&context=coe_dean,5807.0,not_extracted,0,0,,text/html; charset=UTF-8,,,,,,0.0,,
94f6b3560e1e96e0124e,https://dol.gov/agencies/ebsa/about-ebsa/our-activities/resource-center/publications/women-and-retirement-savings,2026-10-04T03:41:55.238454+00:00,dol.gov,False,http_error,403.0,https://dol.gov/agencies/ebsa/about-ebsa/our-activities/resource-center/publications/women-and-retirement-savings,500.0,not_extracted,0,0,,text/html,,,,,,0.0,,
954e907399c977ef416a,https://iaap-journals.onlinelibrary.wiley.com/doi/10.1111/apps.70103?af=R,2026-10-04T03:41:55.494254+00:00,wiley.com,False,http_error,403.0,https://iaap-journals.onlinelibrary.wiley.com/doi/10.1111/apps.70103?af=R,5852.0,not_extracted,0,0,,text/html; charset=UTF-8,,,,,,0.0,,
957084c2e0477094ccfe,https://publichealthpost.org/health-equity/students-of-color-are-disproportionately-bullied-and-harassed-at-school,2026-10-04T03:41:57.508907+00:00,publichealthpost.org,True,downloaded,200.0,https://publichealthpost.org/health-equity/students-of-color-are-disproportionately-bullied-and-harassed-at-school/,162678.0,success,3603,552,html,text/html; charset=UTF-8,Students of Color are Disproportionately Bullied and Harassed at School,Mallory Bersi,2023-04-28,Public Health Post,https://publichealthpost.org/health-equity/students-of-color-are-disproportionately-bullied-and-harassed-at-school/,0.0,957084c2e0477094ccfe.txt,67a108677854853b7ea03fdc11bf17c6af4700a90db751cd286138358e266b9f
95e8aca593ad0b1471a0,https://bankrate.com/credit-cards/news/credit-cards-and-race-statistics,2026-10-04T03:41:57.822505+00:00,bankrate.com,False,http_error,405.0,https://www.bankrate.com/credit-cards/news/credit-cards-and-race-statistics,2111.0,not_extracted,0,0,,text/html; charset=UTF-8,,,,,,0.0,,
963e81564704833497bb,https://fletc.gov/use-force-part-ii,2026-10-04T03:41:58.789324+00:00,fletc.gov,False,http_error,403.0,https://fletc.gov/use-force-part-ii,388.0,not_extracted,0,0,,text/html,,,,,,0.0,,
963ec13f414574c07646,https://prisonpolicy.org/blog/2015/04/08/nap-video,2026-10-04T03:41:59.036669+00:00,prisonpolicy.org,True,downloaded,200.0,https://www.prisonpolicy.org/blog/2015/04/08/nap-video/,42108.0,success,325,48,html,text/html; charset=UTF-8,National Academies video on US incarceration growth,Aleks Kajstura,2015-04-08,PrisonPolicy,https://www.prisonpolicy.org/blog/2015/04/08/nap-video/,0.0,963ec13f414574c07646.txt,cd12dc61008db8767e5cdab5e37a2c60917a20b10130ad4717595e4e6ddfd7f6
96437a65a313b21480cf,https://investopedia.com/average-credit-scores-by-race-5214521,2026-10-04T03:42:00.745253+00:00,investopedia.com,False,http_error,402.0,https://www.investopedia.com/average-credit-scores-by-race-5214521,612.0,not_extracted,0,0,,text/html,,,,,,0.0,,
964e6201ee16a556552a,https://journals.sagepub.com/doi/pdf/10.1177/136346099002004004,2026-10-04T03:42:01.138524+00:00,sagepub.com,False,http_error,403.0,https://journals.sagepub.com/doi/pdf/10.1177/136346099002004004,5777.0,not_extracted,0,0,,text/html; charset=UTF-8,,,,,,0.0,,
9695e9d2e67a958b8fae,https://pmc.ncbi.nlm.nih.gov/articles/PMC11323075,2026-10-04T03:42:01.437206+00:00,nih.gov,True,downloaded,200.0,https://pmc.ncbi.nlm.nih.gov/articles/PMC11323075,21370.0,success,131,18,html,text/html; charset=utf-8,Checking your browser,,2026-09-11,google.com,https://www.google.com/recaptcha/challengepage,0.0,9695e9d2e67a958b8fae.txt,a29166d0eaaa418bd5af61a282f1183a46c84c4d5e4c90689b1b452d230d05cc
96b5d1d99d7f8eff2928,https://nclrights.org/our-work/racial-economic-justice/criminalization-incarceration,2026-10-04T03:42:02.132566+00:00,nclrights.org,True,downloaded,200.0,https://www.nclrights.org/our-work/racial-economic-justice/criminalization-incarceration/,167019.0,success,2700,388,html,text/html; charset=UTF-8,Criminalization & Incarceration,,2020-03-27,National Center for LGBTQ Rights,https://www.nclrights.org/our-work/racial-economic-justice/criminalization-incarceration/,0.0,96b5d1d99d7f8eff2928.txt,a9852fe4b70f7bdfbc41973d0cae77b34003ed3ff79ca949761dcb22d49e8793
96e1aa5d1d8f5d57c814,https://kff.org/racial-equity-and-health-policy/health-and-access-to-care-and-coverage-for-lesbian-gay-bisexual-and-transgender-individuals-in-the-u-s,2026-10-04T03:42:03.082695+00:00,kff.org,True,downloaded,200.0,https://www.kff.org/racial-equity-and-health-policy/health-and-access-to-care-and-coverage-for-lesbian-gay-bisexual-and-transgender-individuals-in-the-u-s/,319399.0,success,105273,15479,html,text/html; charset=UTF-8,"Health and Access to Care and Coverage for Lesbian, Gay, Bisexual, and Transgender (LGBT) Individuals in the U.S. | KFF",Jennifer Kates; Usha Ranji; Adara Beamesderfer; Alina Salganicoff; Lindsey Dawson,2018-05-03,"KFF - The independent source for health policy research, polling, and news",https://www.kff.org/racial-equity-and-health-policy/health-and-access-to-care-and-coverage-for-lesbian-gay-bisexual-and-transgender-individuals-in-the-u-s/,0.0,96e1aa5d1d8f5d57c814.txt,dc8032330b47f4f9cb180658d23df659ac6cbad332d5a1c7c024736f5612e867
96e1cb3f1d4cb13e22d1,https://pointfoundation.org/hubfs/2111%20Trans%20Higher%20Ed_Infographic%20Nov%2019%202021%20%281%29.pdf,2026-10-04T03:42:03.921565+00:00,pointfoundation.org,True,downloaded,200.0,https://pointfoundation.org/hubfs/2111%20Trans%20Higher%20Ed_Infographic%20Nov%2019%202021%20%281%29.pdf,475269.0,success,1718,250,pdf,application/pdf,,,,,,0.0,96e1cb3f1d4cb13e22d1.txt,a9cd5d137f1f71d74a29d8f79c9eda2683c886eb05656efc18be81f5de9218ed
96e5f5dd953927f14fae,https://digitalcommons.unomaha.edu/cgi/viewcontent.cgi?article=1132&context=criminaljusticefacpub,2026-10-04T03:42:04.193906+00:00,unomaha.edu,False,http_error,403.0,https://digitalcommons.unomaha.edu/cgi/viewcontent.cgi?article=1132&context=criminaljusticefacpub,5868.0,not_extracted,0,0,,text/html; charset=UTF-8,,,,,,0.0,,
96feeeeb17b9f4e7b7bd,https://stanfordlawreview.org/print/article/policing-under-disability-law,2026-10-04T03:42:04.427516+00:00,stanfordlawreview.org,True,downloaded,200.0,https://www.stanfordlawreview.org/print/article/policing-under-disability-law/,73906.0,success,4719,704,html,text/html; charset=UTF-8,Policing Under Disability Law | Stanford Law Review,Stanford Law Review; Jamelia N Morgan,2021-06-29,Stanford Law Review,https://www.stanfordlawreview.org/print/article/policing-under-disability-law/,0.0,96feeeeb17b9f4e7b7bd.txt,81d8ad1bcbddbce9d65621df7a254ff1040a27e87480cc647926a140c5ab12a9
9709b557198573b6fd8a,https://pmc.ncbi.nlm.nih.gov/articles/PMC12212483,2026-10-04T03:42:04.550389+00:00,nih.gov,True,downloaded,200.0,https://pmc.ncbi.nlm.nih.gov/articles/PMC12212483,21372.0,success,131,18,html,text/html; charset=utf-8,Checking your browser,,2026-09-11,google.com,https://www.google.com/recaptcha/challengepage,0.0,9709b557198573b6fd8a.txt,a29166d0eaaa418bd5af61a282f1183a46c84c4d5e4c90689b1b452d230d05cc
97310caf5f7c2e2589df,https://shp.org.uk/homelessness-explained/why-are-lgbtqia-people-more-likely-to-be-homeless,2026-10-04T03:42:04.675982+00:00,shp.org.uk,False,http_error,403.0,https://shp.org.uk/homelessness-explained/why-are-lgbtqia-people-more-likely-to-be-homeless,52.0,not_extracted,0,0,,text/html,,,,,,0.0,,
975b0fa63e92cef1bd8a,https://cdaa.org.au/CDAAWebsite/Web/Blog/Posts/Career-Development-of-Transgender-and-Gender-Diverse-People.aspx,2026-10-04T03:42:06.002540+00:00,cdaa.org.au,True,downloaded,200.0,https://cdaa.org.au/CDAAWebsite/Web/Blog/Posts/Career-Development-of-Transgender-and-Gender-Diverse-People.aspx,57385.0,success,8345,1231,html,text/html; charset=utf-8,Career Development of Transgender and Gender Diverse People,,2022-01-17,cdaa.org.au,https://cdaa.org.au/CDAAWebsite/Web/Blog/Posts/Career-Development-of-Transgender-and-Gender-Diverse-People.aspx,0.0,975b0fa63e92cef1bd8a.txt,bae6c0556e67547ff68a4a9bd6e40917868648025c789ae1352c0ed4182711df
975d2870ecb7d7b5fa11,https://pmc.ncbi.nlm.nih.gov/articles/PMC6219469,2026-10-04T03:42:07.111770+00:00,nih.gov,True,downloaded,200.0,https://pmc.ncbi.nlm.nih.gov/articles/PMC6219469,21366.0,success,131,18,html,text/html; charset=utf-8,Checking your browser,,2026-09-11,google.com,https://www.google.com/recaptcha/challengepage,0.0,975d2870ecb7d7b5fa11.txt,a29166d0eaaa418bd5af61a282f1183a46c84c4d5e4c90689b1b452d230d05cc
979674bf4507d95c0e6c,https://apa.org/pi/oema/resources/ethnicity-health/asian-american/bullying-and-victimization,2026-10-04T03:42:07.310597+00:00,apa.org,True,downloaded,200.0,https://www.apa.org/pi/oema/resources/ethnicity-health/asian-american/bullying-and-victimization,212.0,empty_text,0,0,html,text/html,,,,apa.org,https://www.apa.org/pi/oema/resources/ethnicity-health/asian-american/bullying-and-victimization,0.0,979674bf4507d95c0e6c.txt,e3b0c44298fc1c149afbf4c8996fb92427ae41e4649b934ca495991b7852b855
97aea39789c23a617380,https://healthaffairs.org/doi/10.1377/hlthaff.2025.00375,2026-10-04T03:42:07.771449+00:00,healthaffairs.org,False,http_error,403.0,https://healthaffairs.org/doi/10.1377/hlthaff.2025.00375,5719.0,not_extracted,0,0,,text/html; charset=UTF-8,,,,,,0.0,,
97b7e839569f28e1290f,https://news.illinois.edu/boys-who-bully-peers-more-likely-to-engage-in-sexual-harassment,2026-10-04T03:42:08.026223+00:00,illinois.edu,True,downloaded,200.0,https://news.illinois.edu/boys-who-bully-peers-more-likely-to-engage-in-sexual-harassment/,50497.0,success,4024,603,html,text/html; charset=UTF-8,Boys who bully peers more likely to engage in sexual harassment,Sharita Forrest,2014-10-29,News Bureau,https://news.illinois.edu/boys-who-bully-peers-more-likely-to-engage-in-sexual-harassment/,0.0,97b7e839569f28e1290f.txt,cdec41aff0bdaa1f9975bd2d72f754932293c5c0a39a5ec80c5db842f2c3a9aa
97c0827ad7f2b25ff9c9,https://npr.org/2013/10/22/237196335/getting-federal-benefits-to-gay-couples-its-complicated,2026-10-04T03:42:08.552196+00:00,npr.org,True,downloaded,200.0,https://www.npr.org/2013/10/22/237196335/getting-federal-benefits-to-gay-couples-its-complicated,152271.0,success,4667,775,html,text/html;charset=UTF-8,Getting Federal Benefits To Gay Couples: It's Complicated,Carrie Johnson,2013-10-22,NPR,https://www.npr.org/2013/10/22/237196335/getting-federal-benefits-to-gay-couples-its-complicated,0.0,97c0827ad7f2b25ff9c9.txt,83c1b78cab6180c0446a5f059eb88fa929140e5cd1e121612a69b5fe8797d68d
983ab3d26ad7b97fe39a,https://jff.org/blog/skills-based-hiring-alone-wont-advance-racial-equity,2026-10-04T03:42:10.038862+00:00,jff.org,True,downloaded,200.0,https://www.jff.org/blog/skills-based-hiring-alone-wont-advance-racial-equity,180308.0,success,8644,1316,html,text/html; charset=UTF-8,Skills-Based Hiring Alone Won’t Advance Racial Equity,Jessica Rood; Michael Collins,2023-06-21,Jobs for the Future (JFF),https://www.jff.org/blog/skills-based-hiring-alone-wont-advance-racial-equity/,0.0,983ab3d26ad7b97fe39a.txt,c2afd35f39db8f3915d610aa5fc1ec4fef98f876c07ec730b788de578557300a
9859a6c614dec4ad2dde,https://williamsinstitute.law.ucla.edu/publications/lgbt-housing-instability,2026-10-04T03:42:10.837739+00:00,ucla.edu,True,downloaded,200.0,https://williamsinstitute.law.ucla.edu/publications/lgbt-housing-instability/,120142.0,success,9033,1373,html,text/html; charset=UTF-8,"LGBT People and Housing Affordability, Discrimination, and Homelessness",Loyal; Thisisloyal Com,2021-08-03,The Williams Institute at UCLA School of Law,https://williamsinstitute.law.ucla.edu/publications/lgbt-housing-instability/,0.0,9859a6c614dec4ad2dde.txt,33202351118d0e4e8897c8799b773dcb431a002d502989250f0f1d83b420d6ea
988ece79b66457654f69,https://digitalcommons.fairfield.edu/cgi/viewcontent.cgi?article=1058&context=business-facultypubs,2026-10-04T03:42:11.650936+00:00,fairfield.edu,False,http_error,403.0,https://digitalcommons.fairfield.edu/cgi/viewcontent.cgi?article=1058&context=business-facultypubs,5867.0,not_extracted,0,0,,text/html; charset=UTF-8,,,,,,0.0,,
98d73ac4a4ccf6091ed7,https://ppic.org/blog/promoting-labor-force-opportunities-for-californias-latina-population,2026-10-04T03:42:11.741115+00:00,ppic.org,False,http_error,403.0,https://ppic.org/blog/promoting-labor-force-opportunities-for-californias-latina-population,5834.0,not_extracted,0,0,,text/html; charset=UTF-8,,,,,,0.0,,
98dac0da412339e97486,https://ssa.gov/policy/docs/ssb/v62n2/v62n2p59.pdf,2026-10-04T03:42:14.926012+00:00,ssa.gov,False,curl_error,0.0,https://ssa.gov/policy/docs/ssb/v62n2/v62n2p59.pdf,,not_extracted,0,0,,,,,,,,60.0,,
98f40a48d582d56f02e8,https://ncbi.nlm.nih.gov/books/NBK218240,2026-10-04T03:42:15.029590+00:00,nih.gov,True,downloaded,200.0,https://ncbi.nlm.nih.gov/books/NBK218240,21329.0,success,127,18,html,text/html; charset=utf-8,Checking your browser,,2026-09-11,google.com,https://www.google.com/recaptcha/challengepage,0.0,98f40a48d582d56f02e8.txt,a6950382e9f383805d5cb88eee7bb6dbb9f70bf9f328b964221d52761db4cd7b
99224d0508786007ccfa,https://universityhealth.com/public-health/factors-shaping-health/economic-stability/housing,2026-10-04T03:42:15.196411+00:00,universityhealth.com,True,downloaded,200.0,https://www.universityhealth.com/public-health/factors-shaping-health/economic-stability/housing,39797.0,success,4447,669,html,text/html; charset=utf-8,Impact of Housing Instability on Health | Institute for Public Health | University Health,,2026-01-01,University Health,https://www.universityhealth.com/public-health/factors-shaping-health/economic-stability/housing,0.0,99224d0508786007ccfa.txt,ce53f292a5256f977d54a274c76e65ed041df2fa201971b79f344d073bd18630
99640cd5df9e0bc5835a,https://adata.org/research-brief/higher-education-and-ada,2026-10-04T03:42:15.949431+00:00,adata.org,True,downloaded,200.0,https://adata.org/research-brief/higher-education-and-ada/,59841.0,success,22712,3218,html,text/html; charset=UTF-8,Higher Education and the ADA,An ADA Knowledge Translation Center Research Brief,2019-01-01,ADATA.org,https://adata.org/research-brief/higher-education-and-ada/,0.0,99640cd5df9e0bc5835a.txt,0c75a8f476f065f4e0a88a33ab6ccb905b8aa24c218d8d96f17f7789aef13671
99950653ffee46f2cd50,https://generalicentrallife.com/blog/life-insurance/how-health-insurance-premium-varies-by-gender,2026-10-04T03:42:17.083231+00:00,generalicentrallife.com,False,http_error,403.0,https://generalicentrallife.com/blog/life-insurance/how-health-insurance-premium-varies-by-gender,474.0,not_extracted,0,0,,text/html,,,,,,0.0,,
99af1948f1c3afd554e9,https://aclu.org/news/racial-justice/why-access-to-education-is-key-to-systemic-equality,2026-10-04T03:42:17.460964+00:00,aclu.org,True,downloaded,200.0,https://www.aclu.org/news/racial-justice/why-access-to-education-is-key-to-systemic-equality,83344.0,success,10739,1586,html,text/html; charset=UTF-8,Why Access to Education is Key to Systemic Equality | ACLU,,2023-09-06,American Civil Liberties Union,https://www.aclu.org/news/racial-justice/why-access-to-education-is-key-to-systemic-equality,0.0,99af1948f1c3afd554e9.txt,a1962df7e88bec9216441b527a1f5107752205107b4d9391aeb5157a876233fa
99c69d53668c6423d6d7,https://covenanthouse.org/homeless-issues/lgbtq-youth,2026-10-04T03:42:18.170984+00:00,covenanthouse.org,True,downloaded,200.0,https://www.covenanthouse.org/homeless-issues/lgbtq-youth,117106.0,success,4743,742,html,text/html; charset=utf-8,LGBTQ+ Young People Face Higher Risks of Homelessness,,2026-01-01,Covenant House,https://www.covenanthouse.org/homeless-issues/lgbtq-youth,0.0,99c69d53668c6423d6d7.txt,89b6e8c7debe7c498748cf439598b3676296fc334e2751873472fca2db8cd8af
99cf9b9167eef6a263ea,https://point32health.org/newsroom/points-of-view/why-men-should-prioritize-preventive-health-care,2026-10-04T03:42:18.545761+00:00,point32health.org,True,downloaded,200.0,https://www.point32health.org/newsroom/points-of-view/why-men-should-prioritize-preventive-health-care,75064.0,success,3433,558,html,text/html; charset=utf-8,Why men should prioritize preventive health care,,2025-03-07,point32health.org,https://www.point32health.org/newsroom/points-of-view/why-men-should-prioritize-preventive-health-care,0.0,99cf9b9167eef6a263ea.txt,5c58e854acb8f015c59a12a4a9bec39991ca9325257a151ade3def339ab04c82
9a6522d263fe433722f2,https://link.springer.com/content/pdf/10.1007/s40615-026-03159-9.pdf,2026-10-04T03:42:19.147489+00:00,springer.com,False,robots_disallowed,,https://link.springer.com/content/pdf/10.1007/s40615-026-03159-9.pdf,,not_extracted,0,0,,,,,,,,,,
9a9832e4b17a35949138,https://publichealth.jhu.edu/2026/new-study-identifies-racial-inequality-in-us-hospital-admissions,2026-10-04T03:42:19.147699+00:00,jhu.edu,False,http_error,403.0,https://publichealth.jhu.edu/2026/new-study-identifies-racial-inequality-in-us-hospital-admissions,5516.0,not_extracted,0,0,,text/html; charset=UTF-8,,,,,,0.0,,
9abdcaaa522304c8940a,https://pmc.ncbi.nlm.nih.gov/articles/PMC10920988,2026-10-04T03:42:20.377286+00:00,nih.gov,True,downloaded,200.0,https://pmc.ncbi.nlm.nih.gov/articles/PMC10920988,21372.0,success,131,18,html,text/html; charset=utf-8,Checking your browser,,2026-09-11,google.com,https://www.google.com/recaptcha/challengepage,0.0,9abdcaaa522304c8940a.txt,a29166d0eaaa418bd5af61a282f1183a46c84c4d5e4c90689b1b452d230d05cc
9acebb2b4972976061b3,https://jchs.harvard.edu/blog/locked-out-why-homeownership-out-reach-many-young-hispanic-families,2026-10-04T03:42:22.764246+00:00,harvard.edu,False,http_error,403.0,https://jchs.harvard.edu/blog/locked-out-why-homeownership-out-reach-many-young-hispanic-families,5836.0,not_extracted,0,0,,text/html; charset=UTF-8,,,,,,0.0,,
9ad09606649d629f8374,https://ablelight.org/blog/housing-insecurity,2026-10-04T03:42:23.632117+00:00,ablelight.org,True,downloaded,200.0,https://ablelight.org/blog/housing-insecurity/,389879.0,success,3306,480,html,text/html; charset=UTF-8,Addressing Housing Insecurity for People with Developmental Disabilities,Jrzeznik,2025-01-15,AbleLight,https://ablelight.org/blog/housing-insecurity/,0.0,9ad09606649d629f8374.txt,8925c2d8e2e3a852b8d7f1f0d6a274a77015b0778c25393febce28814483132f
9b0c1c329af7645b7194,https://americanprogress.org/article/protecting-advancing-health-care-transgender-adult-communities,2026-10-04T03:42:23.636257+00:00,americanprogress.org,False,http_error,403.0,https://www.americanprogress.org/article/protecting-advancing-health-care-transgender-adult-communities,5881.0,not_extracted,0,0,,text/html; charset=UTF-8,,,,,,0.0,,
9b1d7a763b31fcd3c2d3,https://kff.org/wp-content/uploads/2013/01/health-insurance-coverage-and-access-to-care-among-latinos.pdf,2026-10-04T03:42:25.577653+00:00,kff.org,True,downloaded,200.0,https://kff.org/wp-content/uploads/2013/01/health-insurance-coverage-and-access-to-care-among-latinos.pdf,499086.0,success,8200,1638,pdf,,,,,,,0.0,9b1d7a763b31fcd3c2d3.txt,38d54bdef754ab9675484dc0ae9c32414c04696f3146d9e1c5d3d69c5ee213cd
9b963c7fe1f4ff72eb89,https://pmc.ncbi.nlm.nih.gov/articles/PMC11044728,2026-10-04T03:42:27.160772+00:00,nih.gov,True,downloaded,200.0,https://pmc.ncbi.nlm.nih.gov/articles/PMC11044728,21372.0,success,131,18,html,text/html; charset=utf-8,Checking your browser,,2026-09-11,google.com,https://www.google.com/recaptcha/challengepage,0.0,9b963c7fe1f4ff72eb89.txt,a29166d0eaaa418bd5af61a282f1183a46c84c4d5e4c90689b1b452d230d05cc
9b999a907fd0c2e7d218,https://journals.sagepub.com/doi/10.1177/00208728251336953,2026-10-04T03:42:27.460814+00:00,sagepub.com,False,http_error,403.0,https://journals.sagepub.com/doi/10.1177/00208728251336953,5762.0,not_extracted,0,0,,text/html; charset=UTF-8,,,,,,0.0,,
9bbcec228eccee0de9db,https://employees.crc.losrios.edu/docs/crc/crc-inside/guided-pathways/engaging-latino-parents-in-supporting-college-pathways.pdf,2026-10-04T03:42:27.494014+00:00,losrios.edu,True,downloaded,200.0,https://employees.crc.losrios.edu/docs/crc/crc-inside/guided-pathways/engaging-latino-parents-in-supporting-college-pathways.pdf,118721.0,success,60962,9537,pdf,application/pdf,,,,,,0.0,9bbcec228eccee0de9db.txt,3cc926ab8c81b38b240d85bc6864915d12d81c3eda1878d97a67035bc799ede9
9c0a750cc99ace348fd9,https://congress.gov/crs-product/LSB11336,2026-10-04T03:42:28.680636+00:00,congress.gov,False,http_error,403.0,https://congress.gov/crs-product/LSB11336,5676.0,not_extracted,0,0,,text/html; charset=UTF-8,,,,,,0.0,,
9c24d2589dfff1c4b2af,https://sciencedirect.com/science/article/abs/pii/S0749379714004966,2026-10-04T03:42:28.906274+00:00,sciencedirect.com,False,http_error,403.0,https://www.sciencedirect.com/science/article/abs/pii/S0749379714004966,1207905.0,not_extracted,0,0,,text/html; charset=UTF-8,,,,,,0.0,,
9c41a280e48ec02f74f9,https://equalrightscenter.org/equal-access-hud-2026,2026-10-04T03:42:30.158307+00:00,equalrightscenter.org,True,downloaded,200.0,https://equalrightscenter.org/equal-access-hud-2026/,135271.0,success,3640,550,html,text/html; charset=UTF-8,HUD Proposal Endangers Transgender People Experiencing Homelessness,Equal Rights Center,2026-06-04,Equal Rights Center,https://equalrightscenter.org/equal-access-hud-2026/,0.0,9c41a280e48ec02f74f9.txt,6b71a1ca427b024d0247daca3e09b76a8cfb6ccb8074bab1ff8baf605f2034d4
9c434a820b3590ceb180,https://news.illinois.edu/how-are-lgbtq-people-treated-by-law-enforcement,2026-10-04T03:42:30.510934+00:00,illinois.edu,True,downloaded,200.0,https://news.illinois.edu/how-are-lgbtq-people-treated-by-law-enforcement/,51806.0,success,5773,898,html,text/html; charset=UTF-8,How are LGBTQ people treated by law enforcement?,Sharita Forrest,2024-06-03,News Bureau,https://news.illinois.edu/how-are-lgbtq-people-treated-by-law-enforcement/,0.0,9c434a820b3590ceb180.txt,7c0d094ca4f49bc0c13ff23f9af04ce55b5f8bfecbe0dec34cb43254c7de725f
9c4b78e37ebc9e7d5597,https://pmc.ncbi.nlm.nih.gov/articles/PMC4425261,2026-10-04T03:42:31.845411+00:00,nih.gov,True,downloaded,200.0,https://pmc.ncbi.nlm.nih.gov/articles/PMC4425261,21367.0,success,131,18,html,text/html; charset=utf-8,Checking your browser,,2026-09-11,google.com,https://www.google.com/recaptcha/challengepage,0.0,9c4b78e37ebc9e7d5597.txt,a29166d0eaaa418bd5af61a282f1183a46c84c4d5e4c90689b1b452d230d05cc
9c805746e577ff080d0d,https://digitalcommons.providence.edu/cgi/viewcontent.cgi?article=1122&context=sbg,2026-10-04T03:42:32.099051+00:00,providence.edu,False,http_error,403.0,https://digitalcommons.providence.edu/cgi/viewcontent.cgi?article=1122&context=sbg,5795.0,not_extracted,0,0,,text/html; charset=UTF-8,,,,,,0.0,,
9c83fec30b1ed70e82ae,https://pmc.ncbi.nlm.nih.gov/articles/PMC5472072,2026-10-04T03:42:32.101992+00:00,nih.gov,True,downloaded,200.0,https://pmc.ncbi.nlm.nih.gov/articles/PMC5472072,21368.0,success,131,18,html,text/html; charset=utf-8,Checking your browser,,2026-09-11,google.com,https://www.google.com/recaptcha/challengepage,0.0,9c83fec30b1ed70e82ae.txt,a29166d0eaaa418bd5af61a282f1183a46c84c4d5e4c90689b1b452d230d05cc
9c8778bb46fa8eb44702,https://americanprogress.org/article/recognizing-addressing-housing-insecurity-disabled-renters,2026-10-04T03:42:32.939355+00:00,americanprogress.org,False,http_error,403.0,https://www.americanprogress.org/article/recognizing-addressing-housing-insecurity-disabled-renters,5869.0,not_extracted,0,0,,text/html; charset=UTF-8,,,,,,0.0,,
9cb2b8f61c71e0fdfb4d,https://global-solutions-initiative.org/publication/financial-inclusion-for-women-a-way-forward,2026-10-04T03:42:32.999911+00:00,global-solutions-initiative.org,False,http_error,403.0,https://global-solutions-initiative.org/publication/financial-inclusion-for-women-a-way-forward,5888.0,not_extracted,0,0,,text/html; charset=UTF-8,,,,,,0.0,,
9ce2fb171a6bfa4ef5c2,https://americanbar.org/groups/crsj/resources/human-rights/archive/racial-ethnic-disparities-employer-sponsored-health-coverage,2026-10-04T03:42:33.343837+00:00,americanbar.org,False,http_error,403.0,https://americanbar.org/groups/crsj/resources/human-rights/archive/racial-ethnic-disparities-employer-sponsored-health-coverage,6014.0,not_extracted,0,0,,text/html; charset=UTF-8,,,,,,0.0,,
9d091f0eefab73b697bc,https://transcen.org/top-10-reasons-to-hire-an-applicant-with-a-disability,2026-10-04T03:42:35.112154+00:00,transcen.org,True,downloaded,200.0,https://www.transcen.org/top-10-reasons-to-hire-an-applicant-with-a-disability/,17116.0,success,13231,561,html,text/html; charset=UTF-8,,,,,,0.0,9d091f0eefab73b697bc.txt,5e5a8197e891f47e9020773848eb94a88f1811afa8dc0b9a5f0eda402c813541
9d3617d27a486423fd7f,https://thedecisionlab.com/big-problems/reducing-administrative-burden-in-public-services,2026-10-04T03:42:35.167317+00:00,thedecisionlab.com,True,downloaded,200.0,https://thedecisionlab.com/big-problems/reducing-administrative-burden-in-public-services,335971.0,success,29149,4359,html,text/html; charset=utf-8,Reducing Administrative Burden in Public Services - The Decision Lab,Maryam Sorkhou,2026-05-06,The Decision Lab,https://thedecisionlab.com/big-problems/reducing-administrative-burden-in-public-services,0.0,9d3617d27a486423fd7f.txt,233057ed3922c53706700e70c45780dc0a46a1c0758152737d4f76261b670b62
9d51d8bfdd7993f7cabd,https://todaysbank.com/personal/personal-loan-approval-guide,2026-10-04T03:42:35.548603+00:00,todaysbank.com,True,downloaded,200.0,https://www.todaysbank.com/personal/personal-loan-approval-guide,35519.0,success,4170,611,html,text/html; charset=utf-8,Personal Loan Approval Guide,,2022-02-15,todaysbank.com,https://www.todaysbank.com/personal/personal-loan-approval-guide,0.0,9d51d8bfdd7993f7cabd.txt,c7b697bb9162b9a8967c29c552887b3c43e21f5f7b8a10abc843bcd216e92826
9d91707d34ac3c96b6fa,https://journals.sagepub.com/doi/10.1177/00380407231182682,2026-10-04T03:42:35.613121+00:00,sagepub.com,False,http_error,403.0,https://journals.sagepub.com/doi/10.1177/00380407231182682,5762.0,not_extracted,0,0,,text/html; charset=UTF-8,,,,,,0.0,,
9dc178fec2d13435a140,https://desertrockcapital.com/blogs/7-factors-that-affect-loan-approval-beyond-your-credit-score,2026-10-04T03:42:35.979507+00:00,desertrockcapital.com,True,downloaded,200.0,https://www.desertrockcapital.com/blogs/7-factors-that-affect-loan-approval-beyond-your-credit-score,213950.0,success,1796,309,html,text/html,7 Factors That Affect Loan Approval Beyond Your Credit Score,,2026-04-11,Desert Rock Capital,https://www.desertrockcapital.com/blogs/7-factors-that-affect-loan-approval-beyond-your-credit-score,0.0,9dc178fec2d13435a140.txt,0804a83414dfd2d6afc054087de90bf8f1adc077d7c9ba6e2ad063d71608aab6
9df3e09e95a87369af4d,https://crresearch.com/blog/the-hispanic-market-a-strategic-imperative-for-financial-services,2026-10-04T03:42:36.034844+00:00,crresearch.com,True,downloaded,200.0,https://www.crresearch.com/blog/the-hispanic-market-a-strategic-imperative-for-financial-services/,208573.0,success,3662,501,html,text/html; charset=UTF-8,Marketing to Hispanics | C+R,Ana Villodres,2025-10-17,Market Research Chicago | Market Research Companies | C+R,https://www.crresearch.com/blog/the-hispanic-market-a-strategic-imperative-for-financial-services/,0.0,9df3e09e95a87369af4d.txt,518557b3d64934682c4e4c44a9b2347c0bfe3f6b60292b59d22f0c2d9d7ee9f1
9dff56c58f614b20ee68,https://medstarhealth.org/blog/racism-patient-safety-action,2026-10-04T03:42:36.504661+00:00,medstarhealth.org,False,http_error,403.0,https://medstarhealth.org/blog/racism-patient-safety-action,17.0,not_extracted,0,0,,text/plain; charset=UTF-8,,,,,,0.0,,
9e174cc4ac3524bbc6a6,https://ivycoach.com/the-ivy-coach-blog/college-admissions/lgbtq-college-admissions,2026-10-04T03:42:38.662780+00:00,ivycoach.com,False,http_error,403.0,https://ivycoach.com/the-ivy-coach-blog/college-admissions/lgbtq-college-admissions,52.0,not_extracted,0,0,,text/html,,,,,,0.0,,
9e4b49becfb9a382018a,https://sciencedirect.com/science/article/abs/pii/S0047235204000637,2026-10-04T03:42:39.584579+00:00,sciencedirect.com,False,http_error,403.0,https://www.sciencedirect.com/science/article/abs/pii/S0047235204000637,1207905.0,not_extracted,0,0,,text/html; charset=UTF-8,,,,,,0.0,,
9e50b890fa6e5a6b97f2,https://counciloncj.org/womens-justice-a-preliminary-assessment-of-women-in-the-criminal-justice-system,2026-10-04T03:42:41.617553+00:00,counciloncj.org,True,downloaded,200.0,https://counciloncj.org/womens-justice-a-preliminary-assessment-of-women-in-the-criminal-justice-system/,1144004.0,success,295458,38988,html,text/html; charset=UTF-8,Women's Justice: A Preliminary Assessment of Women in the Criminal Justice System - Council on Criminal Justice,Rachel Yen,2024-07-09,Council on Criminal Justice,https://counciloncj.org/womens-justice-a-preliminary-assessment-of-women-in-the-criminal-justice-system/,0.0,9e50b890fa6e5a6b97f2.txt,5de663cbd88ad899d144f4df255587ddfe001ee44fab6fa30ddc66df9839d9ec
9e59787d2549226d2970,https://hhs.gov/ocr/lgbtqi/index.html,2026-10-04T03:42:42.573919+00:00,hhs.gov,False,http_error,403.0,https://www.hhs.gov/ocr/lgbtqi/index.html,396.0,not_extracted,0,0,,text/html,,,,,,0.0,,
9eb560e480a59eafe9b5,https://dfat.gov.au/sites/default/files/wwb-white-paper-serving-women.pdf,2026-10-04T03:42:42.737294+00:00,dfat.gov.au,False,curl_error,301.0,https://www.dfat.gov.au/sites/default/files/wwb-white-paper-serving-women.pdf,,not_extracted,0,0,,text/html,,,,,,92.0,,
9ebbff37fe07a5b14a24,https://money.usnews.com/credit-cards/articles/how-race-affects-your-credit-score,2026-10-04T03:42:42.993290+00:00,usnews.com,False,curl_error,0.0,https://money.usnews.com/credit-cards/articles/how-race-affects-your-credit-score,,not_extracted,0,0,,,,,,,,92.0,,
9ed7de3f14899145bf33,https://ahrq.gov/news/blog/ahrqviews/delivery-preventive-services.html,2026-10-04T03:42:45.731817+00:00,ahrq.gov,False,http_error,403.0,https://www.ahrq.gov:443/news/blog/ahrqviews/delivery-preventive-services.html,919.0,not_extracted,0,0,,text/html,,,,,,0.0,,
9eeaf114db9ef6a79220,https://reveliolabs.com/news/macro/are-men-actually-being-left-behind-in-entry-level-hiring,2026-10-04T03:42:46.132115+00:00,reveliolabs.com,True,downloaded,200.0,https://www.reveliolabs.com/news/macro/are-men-actually-being-left-behind-in-entry-level-hiring,180595.0,success,3596,549,html,text/html; charset=utf-8,Are Men Actually Being Left Behind in Entry-Level Hiring?,,2025-10-28,Revelio Labs,https://www.reveliolabs.com/news/macro/are-men-actually-being-left-behind-in-entry-level-hiring,0.0,9eeaf114db9ef6a79220.txt,5056f2b520148689ef2f41cac04f6637308fcbd73428f555bf3b7243e7a320fb
9eeb49b97abaf12ea3ed,https://researchgate.net/publication/309431934_Causes_of_homelessness_prevalence_Relationship_between_homelessness_and_disability,2026-10-04T03:42:47.788768+00:00,researchgate.net,False,http_error,403.0,https://www.researchgate.net/publication/309431934_Causes_of_homelessness_prevalence_Relationship_between_homelessness_and_disability,21138.0,not_extracted,0,0,,text/html; charset=UTF-8,,,,,,0.0,,
9eedf36b5c7ef367f8b7,https://startdisability.com/perspectives/transgender-apply-ssdi,2026-10-04T03:42:48.321496+00:00,startdisability.com,True,downloaded,200.0,https://www.startdisability.com/perspectives/transgender-apply-ssdi,455051.0,success,8559,1226,html,text/html;charset=utf-8,Transgender Applicants and SSDI: What You Need to Know (2025 Update) — Start Disability,Jacky Writes,2019-05-28,Start Disability,https://www.startdisability.com/perspectives/transgender-apply-ssdi,0.0,9eedf36b5c7ef367f8b7.txt,d02c3ec1c231e2b3d4874b86cb1ea593ff346a7d7d2b6aae69391af465102d49
9ef36a0ea05744e6d3d9,https://aclu.org/publications/policing-progress-findings-from-a-national-survey-of-lgbtq-peoples-experiences-with-law-enforcement,2026-10-04T03:42:49.205483+00:00,aclu.org,True,downloaded,200.0,https://www.aclu.org/publications/policing-progress-findings-from-a-national-survey-of-lgbtq-peoples-experiences-with-law-enforcement,46480.0,success,7571,1113,html,text/html; charset=UTF-8,Policing Progress: Findings from a National Survey of LGBTQ+ People’s Experiences with Law Enforcement | American Civil Liberties Union,,2024-04-30,American Civil Liberties Union,https://www.aclu.org/publications/policing-progress-findings-from-a-national-survey-of-lgbtq-peoples-experiences-with-law-enforcement,0.0,9ef36a0ea05744e6d3d9.txt,4e166cb8e9552eb6d82dd4ca1d2a1feb6ca57db9fddb90fa74cc93b2817d032d
9f78543b2ef115bd6b40,https://pmc.ncbi.nlm.nih.gov/articles/PMC5060404,2026-10-04T03:42:50.045861+00:00,nih.gov,True,downloaded,200.0,https://pmc.ncbi.nlm.nih.gov/articles/PMC5060404/,168399.0,success,34348,5179,html,text/html; charset=utf-8,Patient involvement in patient safety: what factors influence patient participation and engagement?,Rachel E Davis; Rosamond Jacklin; Nick Sevdalis; Charles A Vincent,2007-07-06,Health Expectations : An International Journal of Public Participation in Health Care and Health Policy,https://pmc.ncbi.nlm.nih.gov/articles/PMC5060404/,0.0,9f78543b2ef115bd6b40.txt,b3262a4a4ee77e2baf8efb83c5a29a07c6ca37b41b2440db906a6d5b5767d952
9f983c14d9f5c79c2f1f,https://urban.org/research/publication/why-are-there-gaps-lgbtq-homeownership,2026-10-04T03:42:50.059045+00:00,urban.org,False,http_error,403.0,https://www.urban.org/research/publication/why-are-there-gaps-lgbtq-homeownership,5858.0,not_extracted,0,0,,text/html; charset=UTF-8,,,,,,0.0,,
9fbb6af46bf8cb60cf6e,https://learningpolicyinstitute.org/topic/equitable-access-and-opportunity,2026-10-04T03:42:50.772159+00:00,learningpolicyinstitute.org,False,http_error,403.0,https://learningpolicyinstitute.org/topic/equitable-access-and-opportunity,5767.0,not_extracted,0,0,,text/html; charset=UTF-8,,,,,,0.0,,
9fd7da673f5b1acc1cd9,https://sciencedirect.com/science/article/abs/pii/S0047235225001941,2026-10-04T03:42:52.322800+00:00,sciencedirect.com,False,http_error,403.0,https://www.sciencedirect.com/science/article/abs/pii/S0047235225001941,1207883.0,not_extracted,0,0,,text/html; charset=UTF-8,,,,,,0.0,,
9fdaeabdb99914a12d1f,https://niot.org/blog/gender-related-bullying-and-harassment-growing-trend,2026-10-04T03:42:53.949986+00:00,niot.org,True,downloaded,200.0,https://www.niot.org/blog/gender-related-bullying-and-harassment-growing-trend,35052.0,success,4432,642,html,text/html; charset=utf-8,Gender-Related Bullying and Harassment: A Growing Trend,Sanders,2013-05-31,Notinourtown,https://www.niot.org/blog/gender-related-bullying-and-harassment-growing-trend,0.0,9fdaeabdb99914a12d1f.txt,0dd6c4a2ef17a595fa88a59dc424648692bfb526e635b11c3c3bf6a17cd3fa42
9fe580c39d4dd212b1b1,https://urban.org/racial-equity-analytics-lab/structural-racism-explainer-collection/causes-and-consequences-separate-and-unequal-neighborhoods,2026-10-04T03:42:54.029609+00:00,urban.org,False,http_error,403.0,https://www.urban.org/racial-equity-analytics-lab/structural-racism-explainer-collection/causes-and-consequences-separate-and-unequal-neighborhoods,6141.0,not_extracted,0,0,,text/html; charset=UTF-8,,,,,,0.0,,
9fea38e3bc84f57df710,https://womensworldbanking.org/insights/how-womens-financial-inclusion-contributes-to-financial-stability-and-soundness,2026-10-04T03:42:54.821525+00:00,womensworldbanking.org,True,downloaded,200.0,https://www.womensworldbanking.org/insights/how-womens-financial-inclusion-contributes-to-financial-stability-and-soundness/,184268.0,success,2603,341,html,text/html; charset=UTF-8,How Women's Financial Inclusion Contributes to Financial Stability and Soundness - Women's World Banking,Women's World Banking,2025-02-25,Women's World Banking,https://www.womensworldbanking.org/insights/how-womens-financial-inclusion-contributes-to-financial-stability-and-soundness/,0.0,9fea38e3bc84f57df710.txt,91226f209d650b2cc47b35e5842bbc800c22473545e3f16159513cc339d28f81
a00e70ab94b153c4de64,https://azcentralcu.org/blog/financial-challenges-latinos,2026-10-04T03:42:55.776526+00:00,azcentralcu.org,True,downloaded,200.0,https://www.azcentralcu.org/blog/financial-challenges-latinos/,1496845.0,success,7402,1098,html,text/html; charset=UTF-8,6 Financial Challenges Facing Latinos – And How to Overcome Them,Ralph Zubiate,2025-04-22,Arizona Central Credit Union,https://www.azcentralcu.org/blog/financial-challenges-latinos/,0.0,a00e70ab94b153c4de64.txt,452ef2e7d7d4698b59e66989fc0df003563115d967ebf5c763bb70caa5fbad5f
a073eba0aa00be671cdc,https://ppic.org/publication/key-factors-in-arrest-trends-and-differences-in-californias-counties,2026-10-04T03:42:56.679846+00:00,ppic.org,False,http_error,403.0,https://ppic.org/publication/key-factors-in-arrest-trends-and-differences-in-californias-counties,5852.0,not_extracted,0,0,,text/html; charset=UTF-8,,,,,,0.0,,
a077b23e13d9b68a0ac6,https://pmc.ncbi.nlm.nih.gov/articles/PMC12059791,2026-10-04T03:42:56.793768+00:00,nih.gov,True,downloaded,200.0,https://pmc.ncbi.nlm.nih.gov/articles/PMC12059791/,285714.0,success,69646,11004,html,text/html; charset=utf-8,Risk Factors and Correlates of School Bullying and Cyberbullying among Turkish Adolescents: Evidence from a School-Based Cross-Sectional Study,Damla Eyuboglu; Murat Eyuboglu; Didem Oktar; Seval Caliskan Pala; Zeynep Demirtas; Didem Arslantas; Alaettin Unsal,2025-03-07,Alpha Psychiatry,https://pmc.ncbi.nlm.nih.gov/articles/PMC12059791/,0.0,a077b23e13d9b68a0ac6.txt,0ec7f6f679bacd56097562a86faf160e284e7231d4a3ed86d9a71551f8091f99
a090ef80a7ba54d1ba9b,https://hcd.ca.gov/housing-element/building-blocks/people-experiencing-homelessness,2026-10-04T03:42:56.997866+00:00,ca.gov,False,http_error,403.0,https://www.hcd.ca.gov/housing-element/building-blocks/people-experiencing-homelessness,1039.0,not_extracted,0,0,,text/html,,,,,,0.0,,
a151b11edce0efaa06fd,https://all4ed.org/future-ready-schools/emerging-practices-guides/ensuring-equity-access-and-inclusion-for-all,2026-10-04T03:42:57.204811+00:00,all4ed.org,True,downloaded,200.0,https://all4ed.org/future-ready-schools/emerging-practices-guides/ensuring-equity-access-and-inclusion-for-all/,355409.0,success,9622,1275,html,text/html; charset=UTF-8,"Ensuring Equity, Access, and Inclusion for All | All4Ed",,2023-06-22,All4Ed | Equity. Justice. Education.,https://all4ed.org/future-ready-schools/emerging-practices-guides/ensuring-equity-access-and-inclusion-for-all/,0.0,a151b11edce0efaa06fd.txt,1c7a8c4c354437e58294ad10ee0c087fb0c58d65016b4cc35cb009a31367c0c8
a158d77bb4209e6ebc89,https://journalcte.org/articles/10.21061/jcte.v22i2.431,2026-10-04T03:42:59.134311+00:00,journalcte.org,False,robots_disallowed,,https://journalcte.org/articles/10.21061/jcte.v22i2.431,,not_extracted,0,0,,,,,,,,,,
a166231099c7b016c673,https://law.georgetown.edu/poverty-journal/blog/anti-lgbtq-discrimination-and-barriers-to-accessing-public-benefits,2026-10-04T03:42:59.788151+00:00,georgetown.edu,False,hard_timeout,0.0,https://law.georgetown.edu/poverty-journal/blog/anti-lgbtq-discrimination-and-barriers-to-accessing-public-benefits,,not_extracted,0,0,,,,,,,,28.0,,
a16c66827fff4ce57751,https://equalrightscenter.org/ada-35-inaccessible-housing,2026-10-04T03:43:00.097497+00:00,equalrightscenter.org,True,downloaded,200.0,https://equalrightscenter.org/ada-35-inaccessible-housing/,140911.0,success,11475,1736,html,text/html; charset=UTF-8,"On the ADA’s 35th Anniversary, Inaccessible Housing Remains a Profound Barrier for People with Disabilities",Equal Rights Center,2025-07-17,Equal Rights Center,https://equalrightscenter.org/ada-35-inaccessible-housing/,0.0,a16c66827fff4ce57751.txt,04eeed59e36bad4d6ca7140bbb3072475491ec71ef8b3dab9b5b6ad87fdeae70
a1a96baa89435942845c,https://transequality.org/issues/employment,2026-10-04T03:43:00.316964+00:00,transequality.org,True,downloaded,200.0,https://transequality.org/issues/employment,119709.0,success,1434,215,html,text/html; charset=UTF-8,Employment | A4TE,,2022-01-11,A4TE,https://transequality.org/issues/employment,0.0,a1a96baa89435942845c.txt,1cfb6303e32e5970ea395d014763146083a5df210297ceff8f7ceb8d4868c613
a1b841bdd3bedbeab06f,https://ijoness.com/seo/article/146880/en?language=ru,2026-10-04T03:43:00.391973+00:00,ijoness.com,True,downloaded,200.0,https://ijoness.com/seo/article/146880/en?language=ru,77776.0,success,40105,5554,html,text/html;charset=UTF-8,"DETERMINANTS OF CAREER CHOICE AMONG FEMALE UNDERGRADUATES IN OBAFEMI AWOLOWO UNIVERSITY, NIGERIA",Bukola Oyebanji; Kolawole Aliyu,2020-12-31,INTERNATIONAL JOURNAL OF NEW ECONOMICS AND SOCIAL SCIENCES (IJONESS),https://ijoness.com/article/146880/en,0.0,a1b841bdd3bedbeab06f.txt,30b9e1121bf2265d282757f4c8661b5b66384a272efd955d92ea5ea7915133b6
a1c8d6517f8c33f9fa84,https://msm.edu/blog/2019/mens-preventive-care.php,2026-10-04T03:43:02.622064+00:00,msm.edu,False,hard_timeout,0.0,https://msm.edu/blog/2019/mens-preventive-care.php,,not_extracted,0,0,,,,,,,,28.0,,
a1d174236c5e6d89a912,https://pmc.ncbi.nlm.nih.gov/articles/PMC7878644,2026-10-04T03:43:02.685106+00:00,nih.gov,True,downloaded,200.0,https://pmc.ncbi.nlm.nih.gov/articles/PMC7878644,21367.0,success,131,18,html,text/html; charset=utf-8,Checking your browser,,2026-09-11,google.com,https://www.google.com/recaptcha/challengepage,0.0,a1d174236c5e6d89a912.txt,a29166d0eaaa418bd5af61a282f1183a46c84c4d5e4c90689b1b452d230d05cc
a1edd4fded40829415c8,https://lotushouse.org/wp-content/uploads/2023/09/Women-and-Children-Experiencing-Homelessness-Fact-Sheet.pdf,2026-10-04T03:43:03.819572+00:00,lotushouse.org,True,downloaded,200.0,https://www.lotushouse.org/wp-content/uploads/2023/09/Women-and-Children-Experiencing-Homelessness-Fact-Sheet.pdf,129167.0,success,5868,684,pdf,application/pdf,,,,,,0.0,a1edd4fded40829415c8.txt,6942a78ef3010b7b066e237b71073e7501ae83717032e98ebedf2c880c19aea8
a230367ea6aac7554879,https://vera.org/news/transgender-people-at-higher-risk-for-justice-system-involvement,2026-10-04T03:43:03.948661+00:00,vera.org,True,downloaded,200.0,https://www.vera.org/news/transgender-people-at-higher-risk-for-justice-system-involvement,72543.0,success,4454,641,html,text/html; charset=UTF-8,Transgender people at higher risk for justice system involvement,,2016-05-10,Vera Institute of Justice,https://www.vera.org/news/transgender-people-at-higher-risk-for-justice-system-involvement,0.0,a230367ea6aac7554879.txt,30982e0b45b89d1d98673ca944c77f895cfb0a999afac51a860107bc0a553b26
a24a91c0bcbc3fbe2ee3,https://justia.com/employment/employment-discrimination/transgender-discrimination,2026-10-04T03:43:04.669860+00:00,justia.com,False,http_error,403.0,https://www.justia.com/employment/employment-discrimination/transgender-discrimination,5785.0,not_extracted,0,0,,text/html; charset=UTF-8,,,,,,0.0,,
a2f0ade383c82c4d7b2e,https://nationalfairhousing.org/wp-content/uploads/2017/04/NFHA-credit-scoring-paper-for-Suffolk-NCLC-symposium-submitted-to-Suffolk-Law.pdf,2026-10-04T03:43:05.133815+00:00,nationalfairhousing.org,True,downloaded,200.0,https://nationalfairhousing.org/wp-content/uploads/2017/04/NFHA-credit-scoring-paper-for-Suffolk-NCLC-symposium-submitted-to-Suffolk-Law.pdf,783345.0,success,85842,12171,pdf,application/pdf,,,,,,0.0,a2f0ade383c82c4d7b2e.txt,3a7f7441f02420db6dd3555ef293409af3ecf88c06923694489dfe30ae729b48
a2fd4202003c6ae51dbe,https://transequality.org/issues/police-jails-prisons,2026-10-04T03:43:05.894850+00:00,transequality.org,True,downloaded,200.0,https://transequality.org/issues/police-jails-prisons,119979.0,success,1952,293,html,text/html; charset=UTF-8,"Police, Jails & Prisons | A4TE",,2023-08-24,A4TE,https://transequality.org/issues/police-jails-prisons,0.0,a2fd4202003c6ae51dbe.txt,ed78b1c201e5dd6b118f825c1660b843bfcc3483c82ba2ac02b0079909e898b9
a3298fa461d7261e188d,https://pmc.ncbi.nlm.nih.gov/articles/PMC10680023,2026-10-04T03:43:06.410362+00:00,nih.gov,True,downloaded,200.0,https://pmc.ncbi.nlm.nih.gov/articles/PMC10680023/,298702.0,success,95983,14810,html,text/html; charset=utf-8,When Sarah Meets Lawrence: The Effects of Coeducation on Women’s College Major Choices,Avery Calkins; Ariel J Binder; Dana Shaat; Brenden Timpe,2011-01-01,American economic journal. Applied economics,https://pmc.ncbi.nlm.nih.gov/articles/PMC10680023/,0.0,a3298fa461d7261e188d.txt,8bbc3fc3ef7546d3ac51fb27704c485ec24fe51f9f4796ca8ac5a7a93f89296f
a3761aeb4dd82de7c7bf,https://youtube.com/watch?t=171&v=XhZxwOdnzS4,2026-10-04T03:43:06.757432+00:00,youtube.com,True,downloaded,200.0,https://www.youtube.com/watch?t=171&v=XhZxwOdnzS4,1204719.0,success,146,23,html,text/html; charset=utf-8,Sexual Orientation and Work,,2024-01-03,YouTube,https://www.youtube.com/watch?v=XhZxwOdnzS4,0.0,a3761aeb4dd82de7c7bf.txt,8dbba17988e385133ba8f51d76cde1fc2c859262b666cb848e9cfe2478fd5e71
a39b991c2855b0ac1ebf,https://nationaldisabilityinstitute.org/wp-content/uploads/2019/11/ndi-banking-report-2019.pdf,2026-10-04T03:43:08.390254+00:00,nationaldisabilityinstitute.org,True,downloaded,200.0,https://nationaldisabilityinstitute.org/wp-content/uploads/2019/11/ndi-banking-report-2019.pdf,919349.0,success,164973,24961,pdf,application/pdf,,,,,,0.0,a39b991c2855b0ac1ebf.txt,6df53b95e05f31ea0a46dff4f4ad7f8400ce60a443ce7c241ef5f9c338cd2a08
a39ebc8b7647ae97da07,https://rsfjournal.org/content/10/4/173,2026-10-04T03:43:10.484160+00:00,rsfjournal.org,False,curl_error,0.0,https://rsfjournal.org/content/10/4/173,,not_extracted,0,0,,,,,,,,6.0,,
a3cb826ce54d4f52447e,https://ghlf.org/chronic-illness/insurance-health-care-rights-lgbtq,2026-10-04T03:43:10.572103+00:00,ghlf.org,True,downloaded,200.0,https://ghlf.org/chronic-illness/insurance-health-care-rights-lgbtq/,181813.0,success,11714,1776,html,text/html; charset=UTF-8,Navigating Insurance and Health Care Rights for LGBTQ+ Patients,Kelsey Kloss,2024-06-13,Global Healthy Living Foundation,https://ghlf.org/chronic-illness/insurance-health-care-rights-lgbtq/,0.0,a3cb826ce54d4f52447e.txt,74c0491bbabedc3521212997720be7f436fbca38e78f252c520d14aaae9308e4
a3ef3744be08ec079821,https://nccdh.ca/resources/entry/the-four-pillars-of-housing-influencing-health-equity,2026-10-04T03:43:10.868550+00:00,nccdh.ca,False,http_error,403.0,https://nccdh.ca/resources/entry/the-four-pillars-of-housing-influencing-health-equity,919.0,not_extracted,0,0,,text/html,,,,,,0.0,,
a440ac1996fbeabd926c,https://openscholarship.wustl.edu/cgi/viewcontent.cgi?article=1978&context=csd_research,2026-10-04T03:43:11.355106+00:00,wustl.edu,False,http_error,403.0,https://openscholarship.wustl.edu/cgi/viewcontent.cgi?article=1978&context=csd_research,5840.0,not_extracted,0,0,,text/html; charset=UTF-8,,,,,,0.0,,
a45fb8789a5137377116,https://blog.massmutual.com/planning/financial-benefits-of-lgbtq-marriage,2026-10-04T03:43:13.071801+00:00,massmutual.com,False,curl_error,0.0,https://blog.massmutual.com/planning/financial-benefits-of-lgbtq-marriage,,not_extracted,0,0,,,,,,,,92.0,,
a4899c35a105d14f5d2e,https://cdr.lib.unc.edu/downloads/2514p153r,2026-10-04T03:43:14.024224+00:00,unc.edu,False,curl_error,0.0,https://cdr.lib.unc.edu/downloads/2514p153r,,not_extracted,0,0,,,,,,,,7.0,,
a4c40a71d8be0a339feb,https://phenom.com/blog/job-application-gender-gap-revealed-univ-pitt-research-study,2026-10-04T03:43:14.948732+00:00,phenom.com,True,downloaded,200.0,https://www.phenom.com:443/blog/job-application-gender-gap-revealed-univ-pitt-research-study,772885.0,success,9139,1441,html,text/html; charset=utf-8,Potential Job Application Gender Gap Revealed in Early Research Findings from Univ. of Pittsburgh Study,Ilya Goldin Jun,2022-05-19,Phenom Applied AI,https://www.phenom.com/blog/job-application-gender-gap-revealed-univ-pitt-research-study,0.0,a4c40a71d8be0a339feb.txt,916b04925ac5c76c2af59881dc8eeffe5e88ea8ada8885bd2d2e0ff95191c0f0
a4cb070295d5566286b6,https://pmc.ncbi.nlm.nih.gov/articles/PMC11967299,2026-10-04T03:43:15.187685+00:00,nih.gov,True,downloaded,200.0,https://pmc.ncbi.nlm.nih.gov/articles/PMC11967299/,192104.0,success,40752,6152,html,text/html; charset=utf-8,Understanding the Lifestyle Risk Profile of Men and Their Engagement With Preventive Care: A Cross‐Sectional Survey,Ruth Mursa; Gemma McErlean; Christopher Patterson; Elizabeth Halcomb,2024-09-03,Journal of Advanced Nursing,https://pmc.ncbi.nlm.nih.gov/articles/PMC11967299/,0.0,a4cb070295d5566286b6.txt,690d18eeb12763c5e8d96b3ae39f1822786e4a7017b766238f2bca59333843f4
a4fabb274b8f262e3f40,https://profiles.umsl.edu/ws/portalfiles/portal/39865955/Culturally%20appropriate%20CC%20with%20lbgt.pdf,2026-10-04T03:43:16.632762+00:00,umsl.edu,True,downloaded,200.0,https://profiles.umsl.edu/ws/portalfiles/portal/39865955/Culturally%20appropriate%20CC%20with%20lbgt.pdf,1361458.0,success,70306,10530,pdf,application/pdf,,,,,,0.0,a4fabb274b8f262e3f40.txt,63a891b36de79e9c3dd0ba43abcd418fb1fc3c0a3fe4066a640688b5d0ff5986
a50b21d79c5179336819,https://ed.gov/laws-and-policy/civil-rights-laws/disability-discrimination/disability-discrimination-key-issues/disability-discrimination-bullying-and-harassment,2026-10-04T03:43:17.388553+00:00,ed.gov,False,http_error,403.0,https://www.ed.gov/laws-and-policy/civil-rights-laws/disability-discrimination/disability-discrimination-key-issues/disability-discrimination-bullying-and-harassment,11829.0,not_extracted,0,0,,text/html,,,,,,0.0,,
a50e50a684921460d76e,https://pmc.ncbi.nlm.nih.gov/articles/PMC8954758,2026-10-04T03:43:18.309205+00:00,nih.gov,True,downloaded,200.0,https://pmc.ncbi.nlm.nih.gov/articles/PMC8954758,21366.0,success,131,18,html,text/html; charset=utf-8,Checking your browser,,2026-09-11,google.com,https://www.google.com/recaptcha/challengepage,0.0,a50e50a684921460d76e.txt,a29166d0eaaa418bd5af61a282f1183a46c84c4d5e4c90689b1b452d230d05cc
a51104c820545e87c43a,https://tandfonline.com/doi/full/10.1080/00131911.2024.2325066,2026-10-04T03:43:18.963374+00:00,tandfonline.com,False,http_error,403.0,https://tandfonline.com/doi/full/10.1080/00131911.2024.2325066,5805.0,not_extracted,0,0,,text/html; charset=UTF-8,,,,,,0.0,,
a54c0ecd7d0e5e450005,https://mapresearch.org/file/lgbt-older-adults-and-social-security.pdf,2026-10-04T03:43:19.032281+00:00,mapresearch.org,True,downloaded,200.0,https://mapresearch.org/file/lgbt-older-adults-and-social-security.pdf,900263.0,success,19398,3047,pdf,application/pdf,,,,,,0.0,a54c0ecd7d0e5e450005.txt,5c570c9f483395871e8af4e59f38689649b5b02c33f89e033698e5abb4560ac5
a58ae1a657f6f0e5c1de,https://homewellcares.com/blogs/mens-health-month-the-importance-of-preventive-care,2026-10-04T03:43:19.080298+00:00,homewellcares.com,False,http_error,403.0,https://homewellcares.com/blogs/mens-health-month-the-importance-of-preventive-care,52.0,not_extracted,0,0,,text/html,,,,,,0.0,,
a59ecd06a34d35790f09,https://elibrary.imf.org/view/journals/001/2024/150/article-A001-en.xml,2026-10-04T03:43:21.453551+00:00,imf.org,False,http_error,403.0,https://elibrary.imf.org/view/journals/001/2024/150/article-A001-en.xml,919.0,not_extracted,0,0,,text/html,,,,,,0.0,,
a5b4ea2a4c1df096398d,https://my.neighbor.org/women-experiencing-homelessness,2026-10-04T03:43:21.549810+00:00,neighbor.org,True,downloaded,200.0,https://www.google.com/,85432.0,success,188,26,html,text/html; charset=ISO-8859-1,Google,,2026-01-01,google.com,https://www.google.com/,0.0,a5b4ea2a4c1df096398d.txt,28936fdcd806be09de432d102f9cf0efe4a7a1c69e3875c442c28f8a63bc480b
a5c91995ecf0bd2cddd1,https://docs.iza.org/dp15285.pdf,2026-10-04T03:43:23.583224+00:00,iza.org,True,downloaded,200.0,https://docs.iza.org/dp15285.pdf,857221.0,success,131553,16980,pdf,application/pdf,,,,,,0.0,a5c91995ecf0bd2cddd1.txt,82fe87a48ff79dd04a1fa16c948106e109cfdef282e59c2c61a2a2c06460663d
a5ef3321a99ddbcaf5a1,https://pmc.ncbi.nlm.nih.gov/articles/PMC7430435,2026-10-04T03:43:24.723361+00:00,nih.gov,True,downloaded,200.0,https://pmc.ncbi.nlm.nih.gov/articles/PMC7430435,21368.0,success,131,18,html,text/html; charset=utf-8,Checking your browser,,2026-09-11,google.com,https://www.google.com/recaptcha/challengepage,0.0,a5ef3321a99ddbcaf5a1.txt,a29166d0eaaa418bd5af61a282f1183a46c84c4d5e4c90689b1b452d230d05cc
a62e9766b3d4787d4b6f,https://vera-institute.files.svdcdn.com/production/downloads/publications/for-the-record-unjust-burden-racial-disparities.pdf,2026-10-04T03:43:24.966163+00:00,svdcdn.com,True,downloaded,200.0,https://vera-institute.files.svdcdn.com/production/downloads/publications/for-the-record-unjust-burden-racial-disparities.pdf,167911.0,success,94437,13906,pdf,application/pdf,,,,,,0.0,a62e9766b3d4787d4b6f.txt,05a4e70cdd7022f8b678eeb8ab37a899e65d18cbbcd44ac608df06a91906e724
a6521bc05a4d4f69140f,https://cbpp.org/research/income-security/tanf-policies-reflect-racist-legacy-of-cash-assistance,2026-10-04T03:43:25.502614+00:00,cbpp.org,False,http_error,403.0,https://cbpp.org/research/income-security/tanf-policies-reflect-racist-legacy-of-cash-assistance,6157.0,not_extracted,0,0,,text/html; charset=UTF-8,,,,,,0.0,,
a667b37e064ad7c02fb5,https://ewa.org/issues/higher-ed/what-are-some-of-the-barriers-to-college-access,2026-10-04T03:43:26.646058+00:00,ewa.org,True,downloaded,200.0,https://ewa.org/issues/higher-ed/what-are-some-of-the-barriers-to-college-access,173800.0,success,6667,1054,html,text/html; charset=UTF-8,What Are Some of the Barriers to College Access - ewa.org,Non-profit web design by weareimmediate com,2026-07-24,ewa.org,https://ewa.org/issues/higher-ed/what-are-some-of-the-barriers-to-college-access,0.0,a667b37e064ad7c02fb5.txt,d455e7b9d19cba69a5143e01515b2e6eab0d9ec7393791e366a159147f699623
a673f827bd8515c2fb12,https://peacehealth.org/healthy-you/preventive-care-different-when-youre-trans-what-know,2026-10-04T03:43:27.081894+00:00,peacehealth.org,False,http_error,403.0,https://www.peacehealth.org/healthy-you/preventive-care-different-when-youre-trans-what-know,5879.0,not_extracted,0,0,,text/html; charset=UTF-8,,,,,,0.0,,
a6803a9e72c63b33aa85,https://info.jff.org/end-occupational-segregation,2026-10-04T03:43:28.405402+00:00,jff.org,True,downloaded,200.0,https://info.jff.org/end-occupational-segregation,217460.0,success,20366,2881,html,text/html; charset=UTF-8,End Occupational Segregation,,2026-01-01,info.jff.org,https://info.jff.org/end-occupational-segregation,0.0,a6803a9e72c63b33aa85.txt,85824286611babc698c10197bea15182bfeb16ca7f83d6f4d42a71f77b3ee541
a68f210f3811c9cb02ed,https://cgdev.org/sites/default/files/women-and-credit-narrative-review-low-and-middle-income-countries.pdf,2026-10-04T03:43:28.589061+00:00,cgdev.org,True,downloaded,200.0,https://www.cgdev.org/sites/default/files/women-and-credit-narrative-review-low-and-middle-income-countries.pdf,582045.0,success,76200,10447,pdf,application/pdf,,,,,,0.0,a68f210f3811c9cb02ed.txt,e1fd83be6bc4a4a593f4eaa36fc6408ca266eedb2838ab043cef913d6acd6b1c
a69b149bd0e234c59396,https://minorityhealth.hhs.gov/hispaniclatino-health,2026-10-04T03:43:29.123705+00:00,hhs.gov,True,downloaded,200.0,https://minorityhealth.hhs.gov/hispaniclatino-health,179305.0,success,5560,821,html,text/html; charset=UTF-8,Hispanic/Latino Health,,2026-02-02,Office of Minority Health,https://minorityhealth.hhs.gov/hispaniclatino-health,0.0,a69b149bd0e234c59396.txt,d44040fce575b26b3d00d84d2007244a8ccbd28e289303423d7dd33b4ba3fbc8
a6ade2be0ee7fa8203cc,https://uchicagomedicineadventhealth.org/blog/5-common-health-conditions-affect-hispanic-communities,2026-10-04T03:43:29.480654+00:00,uchicagomedicineadventhealth.org,True,downloaded,200.0,https://www.uchicagomedicineadventhealth.org/blog/5-common-health-conditions-affect-hispanic-communities,161837.0,success,5816,883,html,text/html; charset=UTF-8,5 Common Health Conditions That Affect Hispanic Communities,UChicago Medicine AdventHealth,2024-07-18,UChicago Medicine AdventHealth,https://www.uchicagomedicineadventhealth.org/blog/5-common-health-conditions-affect-hispanic-communities,0.0,a6ade2be0ee7fa8203cc.txt,fd0334635e86de5d6a3deb3395e2ca8f395cd9599aa1905d1983eaf784d50b29
a6b8d692e6407a9cfa1f,https://tc.columbia.edu/articles/2024/april/data-reveals-new-insights-on-transgender-workplace-experiences,2026-10-04T03:43:31.577159+00:00,columbia.edu,False,curl_error,0.0,https://tc.columbia.edu/articles/2024/april/data-reveals-new-insights-on-transgender-workplace-experiences,,not_extracted,0,0,,,,,,,,60.0,,
a6b906fffbdf5f42d46e,https://scholarworks.wmich.edu/cgi/viewcontent.cgi?article=3074&context=jssw,2026-10-04T03:43:32.239485+00:00,wmich.edu,False,http_error,403.0,https://scholarworks.wmich.edu/cgi/viewcontent.cgi?article=3074&context=jssw,5769.0,not_extracted,0,0,,text/html; charset=UTF-8,,,,,,0.0,,
a6bf19006766d6ff50ad,https://genderconfirmation.com/blog/3-ways-transgender-community-benefits-affordable-care-act,2026-10-04T03:43:35.073817+00:00,genderconfirmation.com,True,downloaded,200.0,https://www.genderconfirmation.com/blog/3-ways-transgender-community-benefits-affordable-care-act/,246270.0,success,3118,476,html,text/html; charset=UTF-8,3 Ways the Transgender Community Benefits from the Affordable Care Act,,2025-04-08,Gender Confirmation,https://www.genderconfirmation.com/blog/3-ways-transgender-community-benefits-affordable-care-act/,0.0,a6bf19006766d6ff50ad.txt,22ae601eacd4dadcdc512194974456399f390c46cc16f3681622a82d7c5ad652
a6f1907062861a245525,https://lendkey.com/lend/blog/digital-lending-insights/credit-unions-and-the-hispanic-community-a-path-to-mutual-growth,2026-10-04T03:43:35.326879+00:00,lendkey.com,True,downloaded,200.0,https://www.lendkey.com/lend/blog/digital-lending-insights/credit-unions-and-the-hispanic-community-a-path-to-mutual-growth/,325607.0,success,5023,735,html,text/html; charset=UTF-8,Credit Unions and the Hispanic Community: A Path to Mutual Growth,,2024-10-18,LendKey Technologies,https://www.lendkey.com/lend/blog/digital-lending-insights/credit-unions-and-the-hispanic-community-a-path-to-mutual-growth/,0.0,a6f1907062861a245525.txt,71a79589051936e836f4ffc82b5518ff26af61586587b97dcc0e0f9bd141f7d1
a776b6bad147302b018b,https://williamsinstitute.law.ucla.edu/press/ca-police-stops-press-release,2026-10-04T03:43:35.388274+00:00,ucla.edu,True,downloaded,200.0,https://williamsinstitute.law.ucla.edu/press/ca-police-stops-press-release/,102192.0,success,2213,322,html,text/html; charset=UTF-8,Police in California more likely to search and arrest people perceived to be transgender,Loyal; Thisisloyal Com,2026-07-28,The Williams Institute at UCLA School of Law,https://williamsinstitute.law.ucla.edu/press/ca-police-stops-press-release/,0.0,a776b6bad147302b018b.txt,a1a706b9231fb067bbaac3fc2e173ad84d2ee0f827e19f1d723bb7fe887d146a
a7cf0b22818db2d966af,https://pmc.ncbi.nlm.nih.gov/articles/PMC7916133,2026-10-04T03:43:36.640849+00:00,nih.gov,True,downloaded,200.0,https://pmc.ncbi.nlm.nih.gov/articles/PMC7916133,21368.0,success,131,18,html,text/html; charset=utf-8,Checking your browser,,2026-09-11,google.com,https://www.google.com/recaptcha/challengepage,0.0,a7cf0b22818db2d966af.txt,a29166d0eaaa418bd5af61a282f1183a46c84c4d5e4c90689b1b452d230d05cc
a7e14aec13b41a4f1ba7,https://pmc.ncbi.nlm.nih.gov/articles/PMC8874838,2026-10-04T03:43:36.845471+00:00,nih.gov,True,downloaded,200.0,https://pmc.ncbi.nlm.nih.gov/articles/PMC8874838/,224793.0,success,54399,8465,html,text/html; charset=utf-8,The Influence of Race and Gender on Receiving Assistance With Daily Activities Among Older Americans,Chanee D Fabius; Lauren J Parker; Roland J Thorpe,2021-12-30,Innovation in Aging,https://pmc.ncbi.nlm.nih.gov/articles/PMC8874838/,0.0,a7e14aec13b41a4f1ba7.txt,f6cc3ee20cb6cd3a08bec659fce2a9ae4fbb53b4e7ca380fa599078c388a1660
a801150bbccdbb32d4b0,https://pressley.house.gov/2023/03/31/pressley-unveils-bill-to-make-credit-reporting-system-more-inclusive-for-trans-nonbinary-folks,2026-10-04T03:43:36.892269+00:00,house.gov,True,downloaded,200.0,https://pressley.house.gov/2023/03/31/pressley-unveils-bill-to-make-credit-reporting-system-more-inclusive-for-trans-nonbinary-folks/,68247.0,success,11331,1650,html,text/html; charset=UTF-8,"Pressley Unveils Bill to Make Credit Reporting System More Inclusive for Trans, Nonbinary Folks - Ayanna Pressley",Mae Eldahshoury,2023-03-31,Ayanna Pressley,https://pressley.house.gov/2023/03/31/pressley-unveils-bill-to-make-credit-reporting-system-more-inclusive-for-trans-nonbinary-folks/,0.0,a801150bbccdbb32d4b0.txt,ac1888cd75d35bca34924f58f1e288d7da52c93a3bb64185a55cf5c76acb4d6b
a825bae71ec7d1610ec0,https://sk.sagepub.com/ency/edvol/the-sage-encyclopedia-of-psychology-and-gender/chpt/bullying-genderbased,2026-10-04T03:43:36.974349+00:00,sagepub.com,False,curl_error,302.0,https://sso.sagepub.com/Account/Login?ReturnUrl=%2Fconnect%2Fauthorize%2Fcallback%3Fclient_id%3DSK.Web%26redirect_uri%3Dhttps%253A%252F%252Fsk.sagepub.com%252Fsignin-oidc%252Fautologin%26response_type%3Dcode%26scope%3Dopenid%2520profile%2520%2520profile%2520%2520institution%2520%2520cache-management-api%26code_challenge%3DUwbDyPA-D1dNRq4qMM42tHpqpq8mWfig7T2Xmf8yJDM%26code_challenge_method%3DS256%26nonce%3D639266822244301955.OGJiMzU5Y2MtZTFhMC00NTIzLWI4MjMtNmNlNzU0NWFiY2JiZjVhZDUxNTgtMDk4Ni00OTQ1LWEyNDMtNzM0OWE5NTdhOWVm%26acr_values%3D%2520actualRedirect%253A%252Fency%252Fedvol%252Fthe-sage-encyclopedia-of-psychology-and-gender%252Fchpt%252Fbullying-genderbased%26state%3DCfDJ8EdummnHKiRLptkZUqatBdm-NFKS5y5-gxFQIjtPJ8mEDVRfnaZV1l3to8_ZEg4JyEujjcT_vTcMqjK3Jsv3eUmCzj1dhglbn3uezpmdtnoxgt6sudStJ06iRuXQoBYUfgP1Bid87zcHYM_N9L9zjKI22FGB_wiu90FZb8mIAPWTijeKMVLKQRLMe1i1dFielsomezj6_TZ8U-em2RZOnFo2IZqzQDutQnYAP_FXSOLxqzhPZ7xfX65ie9jtRY84IvFZKIVMQdXg-CPi9dR2BYeS1EMRxJULE_QEAlLBo9vfRHKVc44pKD32d9n6sem7J4KvZo7Inb2MEgvYj9lVJLBxZbYYeyCjPbqUPUfx8bNfP7af6Akg-1lUTyQBoE1rLBeLwUawh0XtmMO8HRbJmyuSgaPDO8DguXNPpV7csyl82gAEFNzYcmFKLe2QPkuDLLuKwRnMgGws_htwKo2CHhFUxALAqMM7EFHaGG-OeP7v%26x-client-SKU%3DID_NET10_0%26x-client-ver%3D8.16.0.0,,not_extracted,0,0,,,,,,,,47.0,,
a82e3d5f389879509e46,https://investopedia.com/lgbtq-credit-barriers-7510340,2026-10-04T03:43:38.369607+00:00,investopedia.com,False,http_error,402.0,https://www.investopedia.com/lgbtq-credit-barriers-7510340,612.0,not_extracted,0,0,,text/html,,,,,,0.0,,
a84db898e6fe1dbfea30,https://mostpolicyinitiative.org/science-note/education-opportunity-gaps,2026-10-04T03:43:38.597012+00:00,mostpolicyinitiative.org,False,http_error,403.0,https://mostpolicyinitiative.org/science-note/education-opportunity-gaps,52.0,not_extracted,0,0,,text/html,,,,,,0.0,,
a8b67274cc56646ae0da,https://linkedin.com/pulse/impact-hispanics-workforce-cultivating-diversity-through-djowc,2026-10-04T03:43:39.567564+00:00,linkedin.com,False,robots_disallowed,,https://linkedin.com/pulse/impact-hispanics-workforce-cultivating-diversity-through-djowc,,not_extracted,0,0,,,,,,,,,,
a8eef9c698e9fcc9060e,https://pmc.ncbi.nlm.nih.gov/articles/PMC5731542,2026-10-04T03:43:39.567838+00:00,nih.gov,True,downloaded,200.0,https://pmc.ncbi.nlm.nih.gov/articles/PMC5731542,21368.0,success,131,18,html,text/html; charset=utf-8,Checking your browser,,2026-09-11,google.com,https://www.google.com/recaptcha/challengepage,0.0,a8eef9c698e9fcc9060e.txt,a29166d0eaaa418bd5af61a282f1183a46c84c4d5e4c90689b1b452d230d05cc
a91e4cf8ff12a6578aea,https://pmc.ncbi.nlm.nih.gov/articles/PMC8325532,2026-10-04T03:43:40.541419+00:00,nih.gov,True,downloaded,200.0,https://pmc.ncbi.nlm.nih.gov/articles/PMC8325532,21367.0,success,131,18,html,text/html; charset=utf-8,Checking your browser,,2026-09-11,google.com,https://www.google.com/recaptcha/challengepage,0.0,a91e4cf8ff12a6578aea.txt,a29166d0eaaa418bd5af61a282f1183a46c84c4d5e4c90689b1b452d230d05cc
a941db55862321b90a47,https://pmc.ncbi.nlm.nih.gov/articles/PMC1070923,2026-10-04T03:43:40.871163+00:00,nih.gov,True,downloaded,200.0,https://pmc.ncbi.nlm.nih.gov/articles/PMC1070923,21365.0,success,131,18,html,text/html; charset=utf-8,Checking your browser,,2026-09-11,google.com,https://www.google.com/recaptcha/challengepage,0.0,a941db55862321b90a47.txt,a29166d0eaaa418bd5af61a282f1183a46c84c4d5e4c90689b1b452d230d05cc
a944aa12d380fa89dee4,https://feed.georgetown.edu/access-affordability/declining-male-enrollment-has-left-many-schools-seeking-gender-parity,2026-10-04T03:43:41.278842+00:00,georgetown.edu,True,downloaded,200.0,https://feed.georgetown.edu/access-affordability/declining-male-enrollment-has-left-many-schools-seeking-gender-parity/,162010.0,success,5735,859,html,text/html; charset=UTF-8,Colleges weigh options as fewer men apply - THE FEED,Jk,2023-09-22,THE FEED,https://feed.georgetown.edu/access-affordability/declining-male-enrollment-has-left-many-schools-seeking-gender-parity/,0.0,a944aa12d380fa89dee4.txt,55f7d9fc6de6dc76e54d96f496bbeeab57d7bd15cdcf0f51068604bd12b2cda5
a97c045ae1bed39a5cc2,https://pubmed.ncbi.nlm.nih.gov/28266148,2026-10-04T03:43:42.782127+00:00,nih.gov,True,downloaded,203.0,https://pubmed.ncbi.nlm.nih.gov/28266148/,5590.0,success,100,14,html,text/html; charset=utf-8,Cookies must be enabled,,,pubmed.ncbi.nlm.nih.gov,https://pubmed.ncbi.nlm.nih.gov/28266148/,0.0,a97c045ae1bed39a5cc2.txt,f193d0de906419650acf171625dbd67f88f297290893b5473e1d8365c03d4b59
a995639359a46e02c0aa,https://pmc.ncbi.nlm.nih.gov/articles/PMC10937607,2026-10-04T03:43:43.768416+00:00,nih.gov,True,downloaded,200.0,https://pmc.ncbi.nlm.nih.gov/articles/PMC10937607,21372.0,success,131,18,html,text/html; charset=utf-8,Checking your browser,,2026-09-11,google.com,https://www.google.com/recaptcha/challengepage,0.0,a995639359a46e02c0aa.txt,a29166d0eaaa418bd5af61a282f1183a46c84c4d5e4c90689b1b452d230d05cc
a9ab5d0d8486765a4ec9,https://kff.org/womens-health-policy/lgbt-peoples-health-status-and-access-to-care,2026-10-04T03:43:43.861232+00:00,kff.org,True,downloaded,200.0,https://www.kff.org/womens-health-policy/lgbt-peoples-health-status-and-access-to-care/,241814.0,success,30253,4709,html,text/html; charset=UTF-8,LGBT+ People’s Health Status and Access to Care | KFF,Lindsey Dawson; Michelle Long; Brittni Frederiksen,2023-06-30,"KFF - The independent source for health policy research, polling, and news",https://www.kff.org/womens-health-policy/lgbt-peoples-health-status-and-access-to-care/,0.0,a9ab5d0d8486765a4ec9.txt,1a5d3bee5d390a8c82210e4eb16c7f22b9df373034fc2c0a532650d286f69adc
a9d286ddba82123557a0,https://digitalforwomen.worldbank.org/access-finance,2026-10-04T03:43:44.800579+00:00,worldbank.org,True,downloaded,200.0,https://digitalforwomen.worldbank.org/access-finance,75420.0,success,1988,310,html,text/html; charset=UTF-8,Access to Finance,,2021-01-01,digitalforwomen.worldbank.org,https://digitalforwomen.worldbank.org/access-finance,0.0,a9d286ddba82123557a0.txt,8903cf1683a979e16ed68fb8f65e6cd4eb3581002088562701a7d56d2db67210
aa05df10f321b7abd1af,https://pmc.ncbi.nlm.nih.gov/articles/PMC13113952,2026-10-04T03:43:46.001607+00:00,nih.gov,True,downloaded,200.0,https://pmc.ncbi.nlm.nih.gov/articles/PMC13113952,21368.0,success,131,18,html,text/html; charset=utf-8,Checking your browser,,2026-09-11,google.com,https://www.google.com/recaptcha/challengepage,0.0,aa05df10f321b7abd1af.txt,a29166d0eaaa418bd5af61a282f1183a46c84c4d5e4c90689b1b452d230d05cc
aa5bf32981c0fae8dd6b,https://get2college.org/updates/working-with-students-with-disabilities-in-college-access,2026-10-04T03:43:46.208821+00:00,get2college.org,True,downloaded,200.0,https://get2college.org/updates/working-with-students-with-disabilities-in-college-access/,165421.0,success,3278,446,html,text/html; charset=utf-8,Working with Students with Disabilities in College Access | Get2College,,2024-07-26,Get2College,https://get2college.org/updates/working-with-students-with-disabilities-in-college-access/,0.0,aa5bf32981c0fae8dd6b.txt,37c729d3c2bafc9fdce59459f639d7af8690cdcec74b9600a203754ecd987655
aaa94ac886e2f7723b50,https://journals.sagepub.com/doi/10.1177/00957984251319661,2026-10-04T03:43:46.373359+00:00,sagepub.com,False,http_error,403.0,https://journals.sagepub.com/doi/10.1177/00957984251319661,5740.0,not_extracted,0,0,,text/html; charset=UTF-8,,,,,,0.0,,
aad3a83add8429842a35,https://mckinsey.com/capabilities/people-and-organization/our-insights/women-in-the-workplace,2026-10-04T03:43:46.389534+00:00,mckinsey.com,False,curl_error,0.0,https://mckinsey.com/capabilities/people-and-organization/our-insights/women-in-the-workplace,,not_extracted,0,0,,,,,,,,60.0,,
ab1c464851efbf043f26,https://archive.news.ufl.edu/articles/2016/12/the-disturbing-connection-between-bullying-and-sexual-harassment-1.html,2026-10-04T03:43:46.975180+00:00,ufl.edu,True,downloaded,200.0,https://archive.news.ufl.edu/articles/2016/12/the-disturbing-connection-between-bullying-and-sexual-harassment-1.html,31585.0,success,6271,973,html,text/html; charset=UTF-8,The disturbing connection between bullying and sexual harassment,Dorothy Espelage Author,2016-12-05,archive.news.ufl.edu,https://archive.news.ufl.edu/articles/2016/12/the-disturbing-connection-between-bullying-and-sexual-harassment-1.html,0.0,ab1c464851efbf043f26.txt,2875fc0cbea598f2c234c50526765e2e3b54dd3cc247ecfc5ed4e9f7e936f9be
ab1f631c394c47d5085b,https://healthecareers.com/career-resources/soft-skills/how-to-discuss-preventative-care-with-transgender-patients,2026-10-04T03:43:47.237363+00:00,healthecareers.com,False,http_error,403.0,https://healthecareers.com/career-resources/soft-skills/how-to-discuss-preventative-care-with-transgender-patients,118.0,not_extracted,0,0,,text/html,,,,,,0.0,,
ab2980923092b585803a,https://equalrights.org/issue/economic-workplace-equality/discrimination-at-work,2026-10-04T03:43:48.503218+00:00,equalrights.org,True,downloaded,200.0,https://www.equalrights.org/issue/economic-workplace-equality/discrimination-at-work/,152062.0,success,20125,3373,html,text/html; charset=UTF-8,Gender Discrimination at Work,,2026-08-26,Equal Rights Advocates,https://www.equalrights.org/issue/economic-workplace-equality/discrimination-at-work/,0.0,ab2980923092b585803a.txt,689533ce2036506d46beec84ff107e41e282794e930000a0922342802cabc7bf
ab2d26ba96efefa8b0f4,https://latino.ucla.edu/press/regional-workforce-trends-for-latinos-across-california,2026-10-04T03:43:49.968153+00:00,ucla.edu,True,downloaded,200.0,https://latino.ucla.edu/press/regional-workforce-trends-for-latinos-across-california/,152996.0,success,5933,905,html,text/html; charset=UTF-8,Regional Workforce Trends for Latinos Across California,,2025-09-10,Latino Policy & Politics Institute,https://latino.ucla.edu/press/regional-workforce-trends-for-latinos-across-california/,0.0,ab2d26ba96efefa8b0f4.txt,1dc0a00ed6a2405d8611f8c2c564bb64ba96db9f07513245af112db17b82ee27
ab4f3460e91143dc371e,https://foundationfinance.com/what-factors-influence-financing-approval,2026-10-04T03:43:50.037627+00:00,foundationfinance.com,True,downloaded,200.0,https://foundationfinance.com/what-factors-influence-financing-approval/,260792.0,success,2505,385,html,text/html; charset=UTF-8,What Factors Influence Financing Approval? - Foundation Finance,Foundation Finance,2025-05-02,Foundation Finance Company,https://foundationfinance.com/what-factors-influence-financing-approval/,0.0,ab4f3460e91143dc371e.txt,3764cc49eb6f663553471b13f9c307b64c78943d58064214c02aa1cb1eec2852
aba5aaadb3c4dde65ec6,https://pmc.ncbi.nlm.nih.gov/articles/PMC9127679,2026-10-04T03:43:51.104656+00:00,nih.gov,True,downloaded,200.0,https://pmc.ncbi.nlm.nih.gov/articles/PMC9127679,21366.0,success,131,18,html,text/html; charset=utf-8,Checking your browser,,2026-09-11,google.com,https://www.google.com/recaptcha/challengepage,0.0,aba5aaadb3c4dde65ec6.txt,a29166d0eaaa418bd5af61a282f1183a46c84c4d5e4c90689b1b452d230d05cc
abac2edf00b923102072,https://youtube.com/watch?t=1653&v=9_pMrBhrRWY,2026-10-04T03:43:51.334365+00:00,youtube.com,True,downloaded,200.0,https://www.youtube.com/watch?t=1653&v=9_pMrBhrRWY,1306451.0,success,146,23,html,text/html; charset=utf-8,Trans Students in Higher Ed: Current Challenges and Pathways to Inclusion,,2023-05-04,YouTube,https://www.youtube.com/watch?v=9_pMrBhrRWY,0.0,abac2edf00b923102072.txt,8dbba17988e385133ba8f51d76cde1fc2c859262b666cb848e9cfe2478fd5e71
abb75387b39b8cc46df5,https://pmc.ncbi.nlm.nih.gov/articles/PMC10986209,2026-10-04T03:43:51.338925+00:00,nih.gov,True,downloaded,200.0,https://pmc.ncbi.nlm.nih.gov/articles/PMC10986209,21372.0,success,131,18,html,text/html; charset=utf-8,Checking your browser,,2026-09-11,google.com,https://www.google.com/recaptcha/challengepage,0.0,abb75387b39b8cc46df5.txt,a29166d0eaaa418bd5af61a282f1183a46c84c4d5e4c90689b1b452d230d05cc
abcda7ac0179481466dd,https://congress.gov/crs-product/IF11631,2026-10-04T03:43:51.425149+00:00,congress.gov,False,http_error,403.0,https://congress.gov/crs-product/IF11631,5673.0,not_extracted,0,0,,text/html; charset=UTF-8,,,,,,0.0,,
abcdbb4756523e849cb7,https://traumainformedhousing.poah.org/housing-stability,2026-10-04T03:43:53.870432+00:00,poah.org,True,downloaded,200.0,https://traumainformedhousing.poah.org/housing-stability/,160333.0,success,2890,365,html,text/html; charset=UTF-8,Housing Stability,,2025-07-14,Trauma-Informed Housing,https://traumainformedhousing.poah.org/housing-stability/,0.0,abcdbb4756523e849cb7.txt,95d8601c6892f2b63096c3ccc85271cfdc64c7fe0debe71664193421c0b48ec8
abdd7e817a50172e817d,https://pmc.ncbi.nlm.nih.gov/articles/PMC12399855,2026-10-04T03:43:54.353716+00:00,nih.gov,True,downloaded,200.0,https://pmc.ncbi.nlm.nih.gov/articles/PMC12399855,21371.0,success,131,18,html,text/html; charset=utf-8,Checking your browser,,2026-09-11,google.com,https://www.google.com/recaptcha/challengepage,0.0,abdd7e817a50172e817d.txt,a29166d0eaaa418bd5af61a282f1183a46c84c4d5e4c90689b1b452d230d05cc
ac1646a60154b4667582,https://pmc.ncbi.nlm.nih.gov/articles/PMC12234001,2026-10-04T03:43:54.575507+00:00,nih.gov,True,downloaded,200.0,https://pmc.ncbi.nlm.nih.gov/articles/PMC12234001,21371.0,success,131,18,html,text/html; charset=utf-8,Checking your browser,,2026-09-11,google.com,https://www.google.com/recaptcha/challengepage,0.0,ac1646a60154b4667582.txt,a29166d0eaaa418bd5af61a282f1183a46c84c4d5e4c90689b1b452d230d05cc
ac273bdcd3159738962a,https://youtube.com/watch?t=21&v=5uCpOkY07So,2026-10-04T03:43:54.603505+00:00,youtube.com,True,downloaded,200.0,https://www.youtube.com/watch?t=21&v=5uCpOkY07So,1238105.0,success,146,23,html,text/html; charset=utf-8,"Experts examine bullying, masculinity among schoolboys",,2025-11-07,YouTube,https://www.youtube.com/watch?v=5uCpOkY07So,0.0,ac273bdcd3159738962a.txt,8dbba17988e385133ba8f51d76cde1fc2c859262b666cb848e9cfe2478fd5e71
ac3eeb580aa80a940d14,https://cbpp.org/research/health/states-can-reduce-medicaids-administrative-burdens-to-advance-health-and-racial,2026-10-04T03:43:54.858778+00:00,cbpp.org,False,http_error,403.0,https://cbpp.org/research/health/states-can-reduce-medicaids-administrative-burdens-to-advance-health-and-racial,6158.0,not_extracted,0,0,,text/html; charset=UTF-8,,,,,,0.0,,
acb929a0da25e083e369,https://nilc.org/resources/overview-immeligfedprograms,2026-10-04T03:43:54.967806+00:00,nilc.org,False,http_error,403.0,https://nilc.org/resources/overview-immeligfedprograms,5680.0,not_extracted,0,0,,text/html; charset=UTF-8,,,,,,0.0,,
acccddd2479bfd51c332,https://pmc.ncbi.nlm.nih.gov/articles/PMC4699677,2026-10-04T03:43:57.067746+00:00,nih.gov,True,downloaded,200.0,https://pmc.ncbi.nlm.nih.gov/articles/PMC4699677,21366.0,success,131,18,html,text/html; charset=utf-8,Checking your browser,,2026-09-11,google.com,https://www.google.com/recaptcha/challengepage,0.0,acccddd2479bfd51c332.txt,a29166d0eaaa418bd5af61a282f1183a46c84c4d5e4c90689b1b452d230d05cc
ace66c055fd02a7ee14f,https://open.clemson.edu/all_dissertations/1204,2026-10-04T03:43:57.275845+00:00,clemson.edu,True,downloaded,200.0,https://open.clemson.edu/all_dissertations/1204/,46822.0,success,5441,775,html,text/html; charset=UTF-8,Bullying among U.S. school children: An examination of race/ethnicity and school-level variables on bullying,Weijun Wang,2013-08-01,Clemson OPEN,https://open.clemson.edu/all_dissertations/1204,0.0,ace66c055fd02a7ee14f.txt,e8b3e9be52b444b49357702485f49f5467def0f3998351b34641dfb14ceb99ac
acf477e8594eaa7b7ab8,https://shelteringgrace.org/the-factors-fueling-homelessness-among-women-and-children,2026-10-04T03:43:57.916929+00:00,shelteringgrace.org,True,downloaded,200.0,https://shelteringgrace.org/the-factors-fueling-homelessness-among-women-and-children/,201566.0,success,4244,613,html,text/html; charset=UTF-8,The Factors Fueling Homelessness Among Women and Children - Sheltering Grace Ministry,Dr Ralph E Bell,2023-08-15,Sheltering Grace Ministry,https://shelteringgrace.org/the-factors-fueling-homelessness-among-women-and-children/,0.0,acf477e8594eaa7b7ab8.txt,9e00f2c4aff461701cda9da7c281ddc15984c9c8b7688eb3b3281ec45f10d1b8
ad3d06d004138f665a84,https://disabledperson.com/careeer-development-pwd,2026-10-04T03:43:57.981901+00:00,disabledperson.com,True,downloaded,200.0,https://www.disabledperson.com/careeer-development-pwd,23196.0,success,11065,1582,html,text/html; charset=utf-8,Disability Career Development | Disabled Person,,1999-01-01,Disabled Person,https://www.disabledperson.com/careeer-development-pwd,0.0,ad3d06d004138f665a84.txt,919acbf7343ef4a014cb11f521fa4d43e62746fee6f650b1b8012c97cde88a0b
ad9fddec7ff4370b4d31,https://happen.com/resource-center/personal-loan/5-factors-that-may-affect-personal-loan-approval,2026-10-04T03:43:58.068340+00:00,happen.com,False,http_error,403.0,https://www.happen.com/resource-center/personal-loan/5-factors-that-may-affect-personal-loan-approval,147.0,not_extracted,0,0,,application/json,,,,,,0.0,,
adb255cda800bfa1449b,https://americanprogress.org/article/disabled-behind-bars,2026-10-04T03:43:58.193169+00:00,americanprogress.org,False,http_error,403.0,https://www.americanprogress.org/article/disabled-behind-bars,5691.0,not_extracted,0,0,,text/html; charset=UTF-8,,,,,,0.0,,
adcabab0e75d00bd23a2,https://americanprogress.org/article/how-dehumanizing-administrative-burdens-harm-disabled-people,2026-10-04T03:43:59.470888+00:00,americanprogress.org,False,http_error,403.0,https://www.americanprogress.org/article/how-dehumanizing-administrative-burdens-harm-disabled-people,5875.0,not_extracted,0,0,,text/html; charset=UTF-8,,,,,,0.0,,
addae0e8603f6269be2f,https://linkedin.com/pulse/banking-accessibility-inclusion-keith-delle-donne-qqwtc,2026-10-04T03:44:01.257641+00:00,linkedin.com,False,robots_disallowed,,https://linkedin.com/pulse/banking-accessibility-inclusion-keith-delle-donne-qqwtc,,not_extracted,0,0,,,,,,,,,,
ade222160499d6653aaa,https://icrowdnewswire.com/2023/07/13/what-you-need-to-know-about-lgbtq-credit-barriers,2026-10-04T03:44:01.257892+00:00,icrowdnewswire.com,False,http_error,403.0,https://icrowdnewswire.com/2023/07/13/what-you-need-to-know-about-lgbtq-credit-barriers,5802.0,not_extracted,0,0,,text/html; charset=UTF-8,,,,,,0.0,,
adf96716e722e75aec83,https://pubmed.ncbi.nlm.nih.gov/26270385,2026-10-04T03:44:01.431671+00:00,nih.gov,True,downloaded,203.0,https://pubmed.ncbi.nlm.nih.gov/26270385/,5590.0,success,100,14,html,text/html; charset=utf-8,Cookies must be enabled,,,pubmed.ncbi.nlm.nih.gov,https://pubmed.ncbi.nlm.nih.gov/26270385/,0.0,adf96716e722e75aec83.txt,f193d0de906419650acf171625dbd67f88f297290893b5473e1d8365c03d4b59
ae00c01da7f23888b031,https://journalofsocialsciences.org/article/breaking-the-binary-in-academia-a-systematic-review-on-the-barriers-facing-transgender-students-in-higher-education,2026-10-04T03:44:03.229070+00:00,journalofsocialsciences.org,True,downloaded,200.0,https://journalofsocialsciences.org/article/breaking-the-binary-in-academia-a-systematic-review-on-the-barriers-facing-transgender-students-in-higher-education,66140.0,success,31705,4483,html,text/html; charset=UTF-8,Breaking the Binary in Academia: A Systematic Review on the Barriers Facing Transgender Students in Higher Education,,2026-01-01,journalofsocialsciences.org,https://journalofsocialsciences.org/article/breaking-the-binary-in-academia-a-systematic-review-on-the-barriers-facing-transgender-students-in-higher-education,0.0,ae00c01da7f23888b031.txt,3cb450055aaf7f895eef90b1ad0ce0a1ca51c3f4f9a67eb2fd5890ddfe42e558
ae15664cbd5d0f0fc01f,https://pmc.ncbi.nlm.nih.gov/articles/PMC9731338,2026-10-04T03:44:03.543860+00:00,nih.gov,True,downloaded,200.0,https://pmc.ncbi.nlm.nih.gov/articles/PMC9731338,21367.0,success,131,18,html,text/html; charset=utf-8,Checking your browser,,2026-09-11,google.com,https://www.google.com/recaptcha/challengepage,0.0,ae15664cbd5d0f0fc01f.txt,a29166d0eaaa418bd5af61a282f1183a46c84c4d5e4c90689b1b452d230d05cc
ae1adeb47be57a26c35c,https://ncbi.nlm.nih.gov/books/NBK596380,2026-10-04T03:44:04.330798+00:00,nih.gov,True,downloaded,200.0,https://ncbi.nlm.nih.gov/books/NBK596380,21333.0,success,127,18,html,text/html; charset=utf-8,Checking your browser,,2026-09-11,google.com,https://www.google.com/recaptcha/challengepage,0.0,ae1adeb47be57a26c35c.txt,a6950382e9f383805d5cb88eee7bb6dbb9f70bf9f328b964221d52761db4cd7b
ae8d3ba9a2f2126f5c85,https://equityinhighered.org/,2026-10-04T03:44:04.688620+00:00,equityinhighered.org,True,downloaded,200.0,https://www.equityinhighered.org/,145467.0,success,4154,630,html,text/html; charset=UTF-8,Home - Race and Ethnicity in Higher Education,,2024-09-30,Race and Ethnicity in Higher Education,https://www.equityinhighered.org/,0.0,ae8d3ba9a2f2126f5c85.txt,934c556c8d287358eef50d734aff4409c990e055774018307eeff7893ce54db4
aef4dc84430cbfbd9535,https://pmc.ncbi.nlm.nih.gov/articles/PMC12083779,2026-10-04T03:44:04.791250+00:00,nih.gov,True,downloaded,200.0,https://pmc.ncbi.nlm.nih.gov/articles/PMC12083779,21372.0,success,131,18,html,text/html; charset=utf-8,Checking your browser,,2026-09-11,google.com,https://www.google.com/recaptcha/challengepage,0.0,aef4dc84430cbfbd9535.txt,a29166d0eaaa418bd5af61a282f1183a46c84c4d5e4c90689b1b452d230d05cc
af230edcd03dd54b70ee,https://endhomelessness.org/resources/toolkits-and-training-materials/supporting-homeless-transgender-and-and-gender-nonconforming-youth,2026-10-04T03:44:04.815280+00:00,endhomelessness.org,True,downloaded,200.0,https://endhomelessness.org/resources/toolkits-and-training-materials/supporting-homeless-transgender-and-and-gender-nonconforming-youth,350781.0,success,10138,1513,html,text/html; charset=UTF-8,Supporting Homeless Transgender and Gender Nonconforming Youth,Daniel Soucy,2024-10-15,National Alliance to End Homelessness,https://endhomelessness.org/resources/toolkits-and-training-materials/supporting-homeless-transgender-and-and-gender-nonconforming-youth/,0.0,af230edcd03dd54b70ee.txt,e750fe6f884ef5e16e682a6700ae56e6dc149a05135af74a9b9eea2ebfe08844
af48addc4a4c7bb68600,https://endhomelessness.org/blog/homelessness-and-black-history-poverty-and-income,2026-10-04T03:44:05.468419+00:00,endhomelessness.org,True,downloaded,200.0,https://endhomelessness.org/blog/homelessness-and-black-history-poverty-and-income,336313.0,success,3890,609,html,text/html; charset=UTF-8,Homelessness and Black History: Poverty and Income,NAEH,2025-02-21,National Alliance to End Homelessness,https://endhomelessness.org/blog/homelessness-and-black-history-poverty-and-income/,0.0,af48addc4a4c7bb68600.txt,6545533815d030e3568bf2c18344a9d875e7fb8b92c1a2c1ce6ecc27d05b3d6b
afa8d5a97d09ced9bf35,https://hopecu.org/articles/breaking-barriers-overcoming-financial-challenges-in-the-hispanic-community,2026-10-04T03:44:06.759791+00:00,hopecu.org,True,downloaded,200.0,https://www.hopecu.org/articles/breaking-barriers-overcoming-financial-challenges-in-the-hispanic-community/,150631.0,success,6425,985,html,text/html; charset=UTF-8,Breaking Barriers: Overcoming Financial Challenges in the Hispanic Community,,2025-09-01,Hope CU,https://www.hopecu.org/articles/breaking-barriers-overcoming-financial-challenges-in-the-hispanic-community/,0.0,afa8d5a97d09ced9bf35.txt,d5cb1c08347b93db0230cce732d414d0b4524d517ec570cdad9ee15f6d4b4a34
afb8d3dcd565a02e0684,https://sciencedirect.com/science/article/abs/pii/S0889158318300650,2026-10-04T03:44:07.528063+00:00,sciencedirect.com,False,http_error,403.0,https://www.sciencedirect.com/science/article/abs/pii/S0889158318300650,1207905.0,not_extracted,0,0,,text/html; charset=UTF-8,,,,,,0.0,,
b045cd89b163c8376fef,https://lexology.com/library/detail.aspx?g=52f558d3-eb64-4c55-88ae-d07ee3e7114f,2026-10-04T03:44:08.020987+00:00,lexology.com,False,http_error,403.0,https://lexology.com/library/detail.aspx?g=52f558d3-eb64-4c55-88ae-d07ee3e7114f,5869.0,not_extracted,0,0,,text/html; charset=UTF-8,,,,,,0.0,,
b084a4d5d37cb7622d1a,https://rstreet.org/research/from-victim-to-defendant-how-justice-falls-short-for-women,2026-10-04T03:44:08.582145+00:00,rstreet.org,True,downloaded,200.0,https://www.rstreet.org/research/from-victim-to-defendant-how-justice-falls-short-for-women/,181908.0,success,42077,6040,html,text/html; charset=UTF-8,From Victim to Defendant: How Justice Falls Short for Women - R Street Institute,Sarah Anderson; Lisel Petis,2025-11-10,R Street Institute,https://www.rstreet.org/research/from-victim-to-defendant-how-justice-falls-short-for-women/,0.0,b084a4d5d37cb7622d1a.txt,1927ec44257de0779ab08280c551afb3038d4acabcc060d5523ec3c40a3b6781
b087dfdad5ed4fe3b134,https://bajajfinserv.in/insurance/what-are-the-factors-affecting-health-insurance-premium,2026-10-04T03:44:08.736784+00:00,bajajfinserv.in,True,downloaded,200.0,https://www.bajajfinserv.in/insurance/what-are-the-factors-affecting-health-insurance-premium,432416.0,success,4088,569,html,text/html;charset=utf-8,7 Major Factors Affecting Health Insurance Premiums,,2026-08-04,Bajaj Finserv,https://www.bajajfinserv.in/insurance/what-are-the-factors-affecting-health-insurance-premium,0.0,b087dfdad5ed4fe3b134.txt,3871540ffb5495af5a501c0f79b030ed849e69e86fa97f06d88fdb84f1f79958
b0c20780f85bb37d7739,https://medicaid.gov/federal-policy-guidance/downloads/cib11092023.pdf,2026-10-04T03:44:09.649955+00:00,medicaid.gov,False,http_error,403.0,https://medicaid.gov/federal-policy-guidance/downloads/cib11092023.pdf,431.0,not_extracted,0,0,,text/html,,,,,,0.0,,
b12366e25d0ef879c46d,https://brookings.edu/articles/college-enrollment-gaps-how-academic-preparation-influences-opportunity,2026-10-04T03:44:11.457662+00:00,brookings.edu,True,downloaded,200.0,https://www.brookings.edu/articles/college-enrollment-gaps-how-academic-preparation-influences-opportunity/,199711.0,success,6815,1055,html,text/html; charset=UTF-8,College enrollment gaps: How academic preparation influences opportunity | Brookings,Phillip Levine,2023-10-13,Brookings,https://www.brookings.edu/articles/college-enrollment-gaps-how-academic-preparation-influences-opportunity/,0.0,b12366e25d0ef879c46d.txt,2fe16575df214e350262ae417a0bf1b60d43ceaf0bca766c8613a57acd7158a8
b1367b13f46727ea0584,https://endhomelessness.org/state-of-homelessness,2026-10-04T03:44:11.653746+00:00,endhomelessness.org,True,downloaded,200.0,https://endhomelessness.org/state-of-homelessness,470540.0,success,41669,6155,html,text/html; charset=UTF-8,State of Homelessness: 2025 Edition,,2026-07-30,National Alliance to End Homelessness,https://endhomelessness.org/state-of-homelessness/,0.0,b1367b13f46727ea0584.txt,51085a83d89e645c960ce64e5f9691f5dc48270bb489f3bd9a251230af80def3
b15563231d9676fc035f,https://instagram.com/reel/DYUp_zZKroN,2026-10-04T03:44:11.658626+00:00,instagram.com,False,robots_disallowed,,https://instagram.com/reel/DYUp_zZKroN,,not_extracted,0,0,,,,,,,,,,
b2cd27f56c7016d2a6a6,https://youtube.com/watch?t=50s&v=BAo7bxMuzOQ,2026-10-04T03:44:11.658831+00:00,youtube.com,True,downloaded,200.0,https://www.youtube.com/watch?t=50s&v=BAo7bxMuzOQ,1308365.0,success,146,23,html,text/html; charset=utf-8,Education Now: Helping Children Cope with Racial Trauma,,2020-09-30,YouTube,https://www.youtube.com/watch?v=BAo7bxMuzOQ,0.0,b2cd27f56c7016d2a6a6.txt,8dbba17988e385133ba8f51d76cde1fc2c859262b666cb848e9cfe2478fd5e71
b2d11d9a93f5f01ae9b2,https://journals.plos.org/plosone/article/file?id=10.1371%2Fjournal.pone.0290016&type=printable,2026-10-04T03:44:13.864423+00:00,plos.org,True,downloaded,200.0,https://journals.plos.org/plosone/article/file?id=10.1371%2Fjournal.pone.0290016&type=printable,464479.0,success,71503,10466,pdf,application/pdf,,,,,,0.0,b2d11d9a93f5f01ae9b2.txt,62f8e2582f9a8532af01ddedcc2dfdad1652f0811d19864944d1256657c53dc3
b32885f00f9c9e2810d7,https://hpri.usc.edu/homeless_research/latinx-homelessness-in-los-angeles,2026-10-04T03:44:14.975050+00:00,usc.edu,True,downloaded,200.0,https://hpri.usc.edu/homeless_research/latinx-homelessness-in-los-angeles/,159289.0,success,1132,156,html,text/html; charset=UTF-8,Latinx Homelessness in Los Angeles,Melissa Chinchilla; Victoria Ciudad-Real; Elly Schoen; Allan Broslawsky; Ian Gabriel,2021-11-18,Homeless Policy Research Institute,https://hpri.usc.edu/homeless_research/latinx-homelessness-in-los-angeles/,0.0,b32885f00f9c9e2810d7.txt,a86c9c768229a56216306e00a5afa02a6117a8334f0274959588b38a51b6c4ec
b35c2921a0e1b37e2acc,https://justiceinaging.org/supporting-lgbtq-older-adults-basic-needs,2026-10-04T03:44:16.704757+00:00,justiceinaging.org,True,downloaded,200.0,https://justiceinaging.org/supporting-lgbtq-older-adults-basic-needs/,282637.0,success,43216,6390,html,text/html; charset=UTF-8,Supporting LGBTQ+ Older Adults’ Basic Needs - Justice in Aging,Justice,2025-09-18,Justice in Aging,https://justiceinaging.org/supporting-lgbtq-older-adults-basic-needs/,0.0,b35c2921a0e1b37e2acc.txt,1c4d8288829c7616a9d99acbdc9cff60ff6fadca3eb674903c93204093e3c154
b364864f741a35bbd532,https://tandfonline.com/doi/full/10.1080/16549716.2024.2342634,2026-10-04T03:44:16.911946+00:00,tandfonline.com,False,http_error,403.0,https://tandfonline.com/doi/full/10.1080/16549716.2024.2342634,5805.0,not_extracted,0,0,,text/html; charset=UTF-8,,,,,,0.0,,
b36f86301db1611f9677,https://pmc.ncbi.nlm.nih.gov/articles/PMC4890541,2026-10-04T03:44:17.180822+00:00,nih.gov,True,downloaded,200.0,https://pmc.ncbi.nlm.nih.gov/articles/PMC4890541/,312456.0,success,85655,11988,html,text/html; charset=utf-8,Policy Dilemmas in Latino Health Care and Implementation of the Affordable Care Act,Alexander N Ortega; Hector P Rodriguez; Arturo Vargas Bustamante,2015-01-07,Annual review of public health,https://pmc.ncbi.nlm.nih.gov/articles/PMC4890541/,0.0,b36f86301db1611f9677.txt,cd1484765747b67818bc61ca6d46dadd89fff088abf51b6b9e0a5de228fe5a58
b39b3920de4e414f2a91,https://arauniversity.org/harassment-workplace,2026-10-04T03:44:18.238627+00:00,arauniversity.org,True,downloaded,200.0,https://arauniversity.org/harassment-workplace/,240469.0,success,18195,2804,html,text/html; charset=UTF-8,Harassment: Get to Know the Risk Factors for Your Workplace,ARA U,2017-11-10,arauniversity.org,https://arauniversity.org/harassment-workplace/,0.0,b39b3920de4e414f2a91.txt,589966a65f240636ed277c10388b6b8bcdf865716d6f8937c62088e399c099b6
b415aff01f32a8fbf76b,https://cbpp.org/research/lessons-churned-measuring-the-impact-of-churn-in-health-and-human-services-programs-on,2026-10-04T03:44:19.115802+00:00,cbpp.org,False,http_error,403.0,https://cbpp.org/research/lessons-churned-measuring-the-impact-of-churn-in-health-and-human-services-programs-on,6157.0,not_extracted,0,0,,text/html; charset=UTF-8,,,,,,0.0,,
b4248e40fd879cb21e3a,https://crr.bc.edu/black-workers-rely-more-on-federal-disability,2026-10-04T03:44:19.431741+00:00,bc.edu,True,downloaded,200.0,https://crr.bc.edu/black-workers-rely-more-on-federal-disability/,163089.0,success,4166,669,html,text/html; charset=UTF-8,Black Workers Rely More on Federal Disability,Kimberly Blanton,2024-11-14,crr.bc.edu,https://crr.bc.edu/black-workers-rely-more-on-federal-disability/,0.0,b4248e40fd879cb21e3a.txt,0ede30a9629bf3baa62f9fc7c148738db9ca6c8fdd91245460dc214b9c10ee3c
b4e00c9b532c436307c9,https://benefitscal.com/Help/program/calworks/HCPDE?lang=en,2026-10-04T03:44:20.986354+00:00,benefitscal.com,False,http_error,403.0,https://benefitscal.com/Help/program/calworks/HCPDE?lang=en,919.0,not_extracted,0,0,,text/html,,,,,,0.0,,
b4e995b3fe6b826a44d0,https://bja.ojp.gov/library/publications/understanding-police-decisions-arrest-impact-situational-officer-and,2026-10-04T03:44:21.071654+00:00,ojp.gov,True,downloaded,200.0,https://bja.ojp.gov/library/publications/understanding-police-decisions-arrest-impact-situational-officer-and,58647.0,success,1593,218,html,text/html; charset=UTF-8,"Understanding police decisions to arrest: The impact of situational, officer, and neighborhood characteristics on police discretion | Bureau of Justice Assistance",Author Jessica Huff,2021-01-01,Bureau of Justice Assistance,https://bja.ojp.gov/library/publications/understanding-police-decisions-arrest-impact-situational-officer-and,0.0,b4e995b3fe6b826a44d0.txt,8be00374ba00da875d23edfcf4ca2fc794f3c368916eb629c275532da5ef71cc
b506e3ea3f0a2fb4f1f3,https://cfr.org/legal-barriers/barriers/building_credit,2026-10-04T03:44:21.279972+00:00,cfr.org,True,downloaded,200.0,https://www.cfr.org/legal-barriers/barriers/building_credit,75063.0,success,4800,710,html,text/html,Women's Workplace Equality Index,,2025-01-01,Council on Foriegn Relations,https://www.cfr.org/legal-barriers/barriers/building_credit,0.0,b506e3ea3f0a2fb4f1f3.txt,25b240ea6e928bee289c33ff07ca4bd30bfc263cf07e54891220cccc6f6b4590
b512fd721953bfca7526,https://vorwerkforensic.com/gender-disparities-in-the-criminal-justice-system,2026-10-04T03:44:21.417914+00:00,vorwerkforensic.com,False,http_error,403.0,https://vorwerkforensic.com/gender-disparities-in-the-criminal-justice-system,52.0,not_extracted,0,0,,text/html,,,,,,0.0,,
b5949564f5eafc4c8e3e,https://latino.ucla.edu/research/supplemental-nutrition-in-jeopardy-key-facts-about-calfresh-beneficiaries,2026-10-04T03:44:22.370663+00:00,ucla.edu,True,downloaded,200.0,https://latino.ucla.edu/research/supplemental-nutrition-in-jeopardy-key-facts-about-calfresh-beneficiaries/,193788.0,success,17304,2492,html,text/html; charset=UTF-8,Key Facts About CalFresh Beneficiaries,,2025-07-09,Latino Policy & Politics Institute,https://latino.ucla.edu/research/supplemental-nutrition-in-jeopardy-key-facts-about-calfresh-beneficiaries/,0.0,b5949564f5eafc4c8e3e.txt,a88d7f5e90aeaf32f05d4ee7f2f141732037f1a91ee4b8cc101e256d3c1421dd
b6194642598ae5b8fe8a,https://cjcj.org/media/import/documents/latina_exposure.pdf,2026-10-04T03:44:22.525091+00:00,cjcj.org,True,downloaded,200.0,https://www.cjcj.org/media/import/documents/latina_exposure.pdf,154904.0,success,46237,6732,pdf,application/pdf,,,,,,0.0,b6194642598ae5b8fe8a.txt,e6e1d5886eb9890741703d85466215f72ca12a3f7f2a592e2a25dd0a76d56dfc
b633cc3bae7473d250c7,https://aspe.hhs.gov/reports/disabled-their-health-care-health-insurance-0,2026-10-04T03:44:23.372295+00:00,hhs.gov,True,downloaded,200.0,https://aspe.hhs.gov/reports/disabled-their-health-care-health-insurance-0,74626.0,success,29607,4887,html,text/html; charset=UTF-8,The Disabled: Their Health Care and Health Insurance,,2000-01-01,ASPE,http://aspe.hhs.gov/reports/disabled-their-health-care-health-insurance-0,0.0,b633cc3bae7473d250c7.txt,2c6c8782f34b1f7e1e81faf36a34e7ebdc4d9af97f43b2dd01856aea01857f78
b666fc455452e8dfd702,https://commonwealthfund.org/publications/fund-reports/2024/apr/advancing-racial-equity-us-health-care,2026-10-04T03:44:23.747658+00:00,commonwealthfund.org,False,http_error,403.0,https://commonwealthfund.org/publications/fund-reports/2024/apr/advancing-racial-equity-us-health-care,5864.0,not_extracted,0,0,,text/html; charset=UTF-8,,,,,,0.0,,
b6b6635d8e55a2430721,https://kaplanpathways.com/blog/4-ways-title-ix-expanded-women-access-to-us-higher-education,2026-10-04T03:44:24.434210+00:00,kaplanpathways.com,True,downloaded,200.0,https://www.kaplanpathways.com/blog/4-ways-title-ix-expanded-women-access-to-us-higher-education/,147307.0,success,6912,1082,html,text/html; charset=UTF-8,4 ways title IX expanded women's access to US higher education,Fiona Raleigh Head; UK; At Kaplan International Pathways,2021-05-19,Kaplan International Pathways,https://www.kaplanpathways.com/blog/4-ways-title-ix-expanded-women-access-to-us-higher-education/,0.0,b6b6635d8e55a2430721.txt,78e3eb3ef6316dbb8963f9709ba986c96d699f313bc749dc253d26c0555a553a
b701cbcde94334c5235a,https://study.com/academy/lesson/video/the-arrest-process-definition-steps.html,2026-10-04T03:44:24.795401+00:00,study.com,True,downloaded,200.0,https://study.com/academy/lesson/video/the-arrest-process-definition-steps.html,151662.0,success,3107,511,html,text/html;charset=UTF-8,Police Procedure for Arresting Someone | Definition & Process - Video | Study.com,,2014-11-26,study.com,https://study.com/academy/lesson/video/the-arrest-process-definition-steps.html,0.0,b701cbcde94334c5235a.txt,0527b2e6a9e77e4db38bc85f4dcd28805dca5d1a94b3ef040b76681730f12ca0
b725067993e874a35607,https://19thnews.org/2023/07/credit-hurdles-transgender-nonbinary-fetterman-smith-bill,2026-10-04T03:44:26.843714+00:00,19thnews.org,True,downloaded,200.0,https://19thnews.org/2023/07/credit-hurdles-transgender-nonbinary-fetterman-smith-bill/,139819.0,success,4394,685,html,text/html; charset=UTF-8,Credit hurdles for transgender and nonbinary people could be cleared under proposed bill,Daja E Henry; Julia Chan,2023-07-27,19Th News,https://19thnews.org/2023/07/credit-hurdles-transgender-nonbinary-fetterman-smith-bill/,0.0,b725067993e874a35607.txt,561f55d9c06e012e679192609c414b3691afba08791a4f2d2f52db2283428c92
b73834292b6ee3298bc9,https://pmc.ncbi.nlm.nih.gov/articles/PMC4940635,2026-10-04T03:44:27.004633+00:00,nih.gov,True,downloaded,200.0,https://pmc.ncbi.nlm.nih.gov/articles/PMC4940635,21365.0,success,131,18,html,text/html; charset=utf-8,Checking your browser,,2026-09-11,google.com,https://www.google.com/recaptcha/challengepage,0.0,b73834292b6ee3298bc9.txt,a29166d0eaaa418bd5af61a282f1183a46c84c4d5e4c90689b1b452d230d05cc
b73a8a051e0ff7b1fec9,https://naceweb.org/career-development/trends-and-predictions/understanding-students-racialized-experiences-with-career-services,2026-10-04T03:44:27.228382+00:00,naceweb.org,True,downloaded,200.0,https://naceweb.org/career-development/trends-and-predictions/understanding-students-racialized-experiences-with-career-services,101142.0,success,22226,3132,html,text/html; charset=utf-8,Understanding Students’ Racialized Experiences With Career Services,Melanie Buford,2024-08-22,Default,https://naceweb.org/career-development/trends-and-predictions/faf5f760-e800-4a0b-94fd-a097cc7da202,0.0,b73a8a051e0ff7b1fec9.txt,287c9434a81c6c19e367f511369fb5d2929575fc9b226a78ad7e2b4ce5a1cc0d
b7501cb300491e9a3461,https://prisonpolicy.org/blog/2024/12/19/policing_survey_2022,2026-10-04T03:44:27.885209+00:00,prisonpolicy.org,True,downloaded,200.0,https://www.prisonpolicy.org/blog/2024/12/19/policing_survey_2022/,71895.0,success,18665,3014,html,text/html; charset=UTF-8,"Despite fewer people experiencing police contact, racial disparities in arrests, police misconduct, and police use of force continue",Prison Policy Initiative,2024-12-19,PrisonPolicy,https://www.prisonpolicy.org/blog/2024/12/19/policing_survey_2022/,0.0,b7501cb300491e9a3461.txt,7f5addd6ccd9bcf96c2beea83583b68e5258e7a6853446f8518ffb5f07c45911
b7569dd5dd7ba7bea2f1,https://prisonpolicy.org/reports/repeatarrests.html,2026-10-04T03:44:28.756071+00:00,prisonpolicy.org,True,downloaded,200.0,https://www.prisonpolicy.org/reports/repeatarrests.html,104061.0,success,36221,6110,html,text/html; charset=UTF-8,"Arrest, release, repeat: How police and jails are misused to respond to social problems",Prison Policy Initiative; Alexi Jones; Wendy Sawyer,2026-01-01,PrisonPolicy,https://www.prisonpolicy.org/reports/repeatarrests.html,0.0,b7569dd5dd7ba7bea2f1.txt,7404e9c21b3ff87c8bc676b45b8f017691b09ebb5ba3e9b29fb59cd10e8341c7
b77d7fd8053e5fbe6f2b,https://pinyerdlaw.com/ssdi-approval-rates-by-condition,2026-10-04T03:44:29.276418+00:00,pinyerdlaw.com,False,http_error,403.0,https://pinyerdlaw.com/ssdi-approval-rates-by-condition,52.0,not_extracted,0,0,,text/html,,,,,,0.0,,
b795f3c3ac2c6f7992e9,https://chrc-ccdp.gc.ca/resources/newsroom/joint-news-release-new-data-highlights-troubling-housing-inequalities-people,2026-10-04T03:44:29.686928+00:00,chrc-ccdp.gc.ca,True,downloaded,200.0,https://www.chrc-ccdp.gc.ca/resources/newsroom/joint-news-release-new-data-highlights-troubling-housing-inequalities-people,51123.0,success,11032,1725,html,text/html; charset=UTF-8,Joint news release – New data highlights troubling housing inequalities for people with disabilities | Canadian Human Rights Commission,,2024-12-03,chrc-ccdp.gc.ca,https://www.chrc-ccdp.gc.ca/resources/newsroom/joint-news-release-new-data-highlights-troubling-housing-inequalities-people,0.0,b795f3c3ac2c6f7992e9.txt,fd2f66448283b4ba8ee0628429bf052591ebd889b8715737258420df7fb59b90
b7a3e143339ef1b70344,https://psnet.ahrq.gov/perspective/patient-safety-concerns-and-lgbtq-population,2026-10-04T03:44:30.490143+00:00,ahrq.gov,False,http_error,403.0,https://psnet.ahrq.gov/perspective/patient-safety-concerns-and-lgbtq-population,986.0,not_extracted,0,0,,text/html,,,,,,0.0,,
b7c998a266298a228465,https://medresearch.umich.edu/sites/default/files/2024-06/RRTC-Evaluating-Housing-Concerns.pdf,2026-10-04T03:44:30.587040+00:00,umich.edu,False,http_error,403.0,https://medresearch.umich.edu/sites/default/files/2024-06/RRTC-Evaluating-Housing-Concerns.pdf,5817.0,not_extracted,0,0,,text/html; charset=UTF-8,,,,,,0.0,,
b7d1670cf07474ee54b7,https://lgbtq-economics.org/research/leaf-report-2023,2026-10-04T03:44:31.988655+00:00,lgbtq-economics.org,True,downloaded,200.0,https://lgbtq-economics.org/research/leaf-report-2023/,406595.0,success,59718,8589,html,text/html; charset=UTF-8,The LGBTQI+ Economic and Financial Survey,,2023-03-27,CLEAR,https://lgbtq-economics.org/research/leaf-report-2023/,0.0,b7d1670cf07474ee54b7.txt,e1b7c22ac2beb2c7fe750f9e4ea40cc239cf2d318768a7747056d1bd431e09e5
b7e2f6009fd7080a669b,https://kff.org/medicaid/a-look-at-medicaid-and-chip-eligibility-enrollment-and-renewal-policies-during-the-unwinding-of-continuous-enrollment-and-beyond,2026-10-04T03:44:34.294226+00:00,kff.org,True,downloaded,200.0,https://www.kff.org/medicaid/a-look-at-medicaid-and-chip-eligibility-enrollment-and-renewal-policies-during-the-unwinding-of-continuous-enrollment-and-beyond/,578713.0,success,59270,9005,html,text/html; charset=UTF-8,"A Look at Medicaid and CHIP Eligibility, Enrollment, and Renewal Policies During the Unwinding of Continuous Enrollment and Beyond | KFF",Tricia Brooks; Jennifer Tolbert; Allexa Gardner; Bradley Corallo; Sophia Moreno; Anna Mudumala,2024-06-20,"KFF - The independent source for health policy research, polling, and news",https://www.kff.org/medicaid/a-look-at-medicaid-and-chip-eligibility-enrollment-and-renewal-policies-during-the-unwinding-of-continuous-enrollment-and-beyond/,0.0,b7e2f6009fd7080a669b.txt,5575af52bb5212d0ba7c7469994462130fab0033aa3e2823918a0c8a4a1fe61e
b7ff661b9d6ab0396700,https://unitedwaynca.org/blog/causes-of-homelessness,2026-10-04T03:44:34.838321+00:00,unitedwaynca.org,True,downloaded,200.0,https://unitedwaynca.org/blog/causes-of-homelessness/,161089.0,success,12110,1678,html,text/html; charset=UTF-8,Leading Causes of Homelessness: Identifying & Bringing Hope,United Way NCA,2026-06-22,United Way of the National Capital Area,https://unitedwaynca.org/blog/causes-of-homelessness/,0.0,b7ff661b9d6ab0396700.txt,77ae29b0af98c349bfd81ace2ee8db37985c29b125e6f549d85e11528d39ebe7
b8c3033dc5038838e977,https://pmc.ncbi.nlm.nih.gov/articles/PMC7415496,2026-10-04T03:44:35.924185+00:00,nih.gov,True,downloaded,200.0,https://pmc.ncbi.nlm.nih.gov/articles/PMC7415496,21365.0,success,131,18,html,text/html; charset=utf-8,Checking your browser,,2026-09-11,google.com,https://www.google.com/recaptcha/challengepage,0.0,b8c3033dc5038838e977.txt,a29166d0eaaa418bd5af61a282f1183a46c84c4d5e4c90689b1b452d230d05cc
b8dc70fc1ea02947da37,https://today.ucsd.edu/story/closing-gender-gaps-in-career-advancement,2026-10-04T03:44:36.182281+00:00,ucsd.edu,True,downloaded,200.0,https://today.ucsd.edu/story/closing-gender-gaps-in-career-advancement,99260.0,success,4789,740,html,text/html; charset=UTF-8,Closing Gender Gaps in Career Advancement,,2024-03-21,UCSanDiego,https://today.ucsd.edu/story/closing-gender-gaps-in-career-advancement,0.0,b8dc70fc1ea02947da37.txt,1de660890fa17e021e25fa6ce0dee4c67ced2cef086791084c02f3c6dc092386
b8f705f8e02301d19d38,https://sciencedirect.com/science/article/abs/pii/S0047272725000994,2026-10-04T03:44:36.331795+00:00,sciencedirect.com,False,http_error,403.0,https://www.sciencedirect.com/science/article/abs/pii/S0047272725000994,1207905.0,not_extracted,0,0,,text/html; charset=UTF-8,,,,,,0.0,,
b934157df7b8d5def47c,https://epi.org/publication/racial-representation-prof-occ,2026-10-04T03:44:37.139209+00:00,epi.org,False,http_error,403.0,https://epi.org/publication/racial-representation-prof-occ,5864.0,not_extracted,0,0,,text/html; charset=UTF-8,,,,,,0.0,,
b97cba4c529844cb4856,https://americanprogress.org/article/african-americans-face-systematic-obstacles-getting-good-jobs,2026-10-04T03:44:37.354743+00:00,americanprogress.org,False,http_error,403.0,https://www.americanprogress.org/article/african-americans-face-systematic-obstacles-getting-good-jobs,5878.0,not_extracted,0,0,,text/html; charset=UTF-8,,,,,,0.0,,
b995a1755a4563f06a1b,http://sciencedirect.com/science/article/pii/S074937972500724X,2026-10-04T03:44:39.520164+00:00,sciencedirect.com,False,http_error,403.0,https://www.sciencedirect.com/science/article/pii/S074937972500724X,1207871.0,not_extracted,0,0,,text/html; charset=UTF-8,,,,,,0.0,,
b99ab0c967ba34aafb36,https://jbhe.com/2021/11/study-finds-persisting-racial-inequality-in-access-to-financial-services-and-credit,2026-10-04T03:44:39.768638+00:00,jbhe.com,True,downloaded,200.0,https://jbhe.com/2021/11/study-finds-persisting-racial-inequality-in-access-to-financial-services-and-credit/,370874.0,success,1176,183,html,text/html; charset=UTF-8,Study Finds Persisting Racial Inequality in Access to Financial Services and Credit | The Journal of Blacks in Higher Education,Editor,2021-11-08,The Journal of Blacks in Higher Education,https://jbhe.com/2021/11/study-finds-persisting-racial-inequality-in-access-to-financial-services-and-credit/,0.0,b99ab0c967ba34aafb36.txt,623c6dfaa8b86212bf9f4a0f9dd8ed1daa46a7c02706d23c05d4565f5581a59e
b99bf2b0985accb4b1c7,https://williamsinstitute.law.ucla.edu/press/law-enforcement-lgbtq-interactions,2026-10-04T03:44:41.723007+00:00,ucla.edu,True,downloaded,200.0,https://williamsinstitute.law.ucla.edu/press/law-enforcement-lgbtq-interactions/,104311.0,success,3513,512,html,text/html; charset=UTF-8,New study documents pervasive and ongoing mistreatment of LGBTQ people by law enforcement,Loyal; Thisisloyal Com,2025-11-20,The Williams Institute at UCLA School of Law,https://williamsinstitute.law.ucla.edu/press/law-enforcement-lgbtq-interactions/,0.0,b99bf2b0985accb4b1c7.txt,8502e7bfeac34aaadb26a827e3b13776aecd4d4e10427ecc98c1d0f9c85ebebf
b9a2e1e2d43afe516517,https://psychology.town/psychosocial-issues-in-disability/career-development-strategies-disabilities,2026-10-04T03:44:41.955852+00:00,psychology.town,True,downloaded,200.0,https://psychology.town/psychosocial-issues-in-disability/career-development-strategies-disabilities/,225741.0,success,11048,1544,html,text/html; charset=UTF-8,Career Development Strategies for Persons with Disabilities • Psychology Town,Prince Kumar,2025-11-10,Psychology Town,https://psychology.town/psychosocial-issues-in-disability/career-development-strategies-disabilities/,0.0,b9a2e1e2d43afe516517.txt,00ce8c2857a51f0752e915cb21e28858a7a2262d25c16b7ca8a5a025ae48dc77
ba2fb1756466984f1a62,https://pmc.ncbi.nlm.nih.gov/articles/PMC10595555,2026-10-04T03:44:43.721090+00:00,nih.gov,True,downloaded,200.0,https://pmc.ncbi.nlm.nih.gov/articles/PMC10595555,21371.0,success,131,18,html,text/html; charset=utf-8,Checking your browser,,2026-09-11,google.com,https://www.google.com/recaptcha/challengepage,0.0,ba2fb1756466984f1a62.txt,a29166d0eaaa418bd5af61a282f1183a46c84c4d5e4c90689b1b452d230d05cc
ba528d1b08bc8eff35fc,https://stkate.edu/academics/healthcare-degrees/lgbtq-health-discrimination,2026-10-04T03:44:44.000659+00:00,stkate.edu,True,downloaded,200.0,https://www.stkate.edu/academics/healthcare-degrees/lgbtq-health-discrimination,51056.0,success,8412,1215,html,text/html; charset=UTF-8,How Discrimination Impacts LGBTQ Healthcare | St. Catherine University,,2021-04-15,St. Catherine University,https://www.stkate.edu/academics/healthcare-degrees/lgbtq-health-discrimination,0.0,ba528d1b08bc8eff35fc.txt,8a4f222628f63710ea98dec8f1c2d719235de674e1662fabb515361f147a09d3
ba5d3d442b0a1768e239,https://cbpp.org/research/health/health-coverage-rates-vary-widely-across-and-within-racial-and-ethnic-groups,2026-10-04T03:44:44.164666+00:00,cbpp.org,False,http_error,403.0,https://cbpp.org/research/health/health-coverage-rates-vary-widely-across-and-within-racial-and-ethnic-groups,6158.0,not_extracted,0,0,,text/html; charset=UTF-8,,,,,,0.0,,
ba9601ba3187219f86e9,https://uscis.gov/archive/public-charge-resources-0,2026-10-04T03:44:44.683768+00:00,uscis.gov,False,http_error,403.0,https://uscis.gov/archive/public-charge-resources-0,408.0,not_extracted,0,0,,text/html,,,,,,0.0,,
babc6f854c065a43c0f9,https://commonwealthfund.org/publications/issue-briefs/2025/jun/reducing-medicaid-churn-policies-promote-stable-health-coverage,2026-10-04T03:44:45.897783+00:00,commonwealthfund.org,False,http_error,403.0,https://commonwealthfund.org/publications/issue-briefs/2025/jun/reducing-medicaid-churn-policies-promote-stable-health-coverage,5982.0,not_extracted,0,0,,text/html; charset=UTF-8,,,,,,0.0,,
bb089094d1ee8ec7602a,https://goodmorningamerica.com/news/story/digital-black-owned-bank-aims-tackle-economic-injustice-74952549,2026-10-04T03:44:45.915916+00:00,goodmorningamerica.com,True,downloaded,200.0,https://goodmorningamerica.com/news/story/digital-black-owned-bank-aims-tackle-economic-injustice-74952549,146867.0,success,6576,1034,html,text/html; charset=utf-8,Digital Black-owned bank aims to tackle economic injustice,Good Morning America; Adisa Hargett-Robinson,2021-01-19,Good Morning America,https://www.goodmorningamerica.com/news/story/digital-black-owned-bank-aims-tackle-economic-injustice-74952549,0.0,bb089094d1ee8ec7602a.txt,bf9a5c0f5f3ef623f024df8c23060bae6aae670446c1420a4cb858176d81f405
bb15ff9aa2c4626a8196,https://bostonfed.org/news-and-events/news/2021/11/racism-and-the-economy-barriers-to-financial-services-perpetuate-economic-gaps.aspx,2026-10-04T03:44:45.952617+00:00,bostonfed.org,True,downloaded,200.0,https://www.bostonfed.org/news-and-events/news/2021/11/racism-and-the-economy-barriers-to-financial-services-perpetuate-economic-gaps.aspx,81701.0,success,7182,1084,html,text/html; charset=utf-8,What’s the impact of persistent barriers to basic financial services?,Federal Reserve Bank,2026-01-22,Federal Reserve Bank of Boston,https://www.bostonfed.org/news-and-events/news/2021/11/racism-and-the-economy-barriers-to-financial-services-perpetuate-economic-gaps.aspx,0.0,bb15ff9aa2c4626a8196.txt,88f1ce7a71ad8cb66e6cea21e1afea5d14c039e746f566d2d42688aeecc3860e
bb41cf60f43c8543d34a,https://facebook.com/groups/2544518709193401/posts/3467675626877700,2026-10-04T03:44:46.942174+00:00,facebook.com,False,robots_disallowed,,https://facebook.com/groups/2544518709193401/posts/3467675626877700,,not_extracted,0,0,,,,,,,,,,
bb46b2d5419879584e9e,https://transequality.org/issues/housing-homelessness,2026-10-04T03:44:46.942389+00:00,transequality.org,True,downloaded,200.0,https://transequality.org/issues/housing-homelessness,118942.0,success,1908,284,html,text/html; charset=UTF-8,Housing & Homelessness | A4TE,,2026-04-28,A4TE,https://transequality.org/issues/housing-homelessness,0.0,bb46b2d5419879584e9e.txt,d065c0c54a469507d88f57f585048d7b788250018eb885da7104a61a7d5d4c63
bb57ffcedce05262840e,https://workrisenetwork.org/working-knowledge/who-gets-what-job-taking-racial-equity-approach-improving-job-quality,2026-10-04T03:44:47.222810+00:00,workrisenetwork.org,False,http_error,403.0,https://workrisenetwork.org/working-knowledge/who-gets-what-job-taking-racial-equity-approach-improving-job-quality,5990.0,not_extracted,0,0,,text/html; charset=UTF-8,,,,,,0.0,,
bb658db72ca850fd91bc,https://sciencedirect.com/science/article/pii/S0305750X2600207X,2026-10-04T03:44:47.798233+00:00,sciencedirect.com,False,http_error,403.0,https://www.sciencedirect.com/science/article/pii/S0305750X2600207X,1207871.0,not_extracted,0,0,,text/html; charset=UTF-8,,,,,,0.0,,
bc29b1badb4f6253e3e0,https://luminafoundation.org/news-and-views/from-access-to-value-community-colleges-expand-pathways-for-hispanic-students,2026-10-04T03:44:47.818480+00:00,luminafoundation.org,True,downloaded,200.0,https://www.luminafoundation.org/news-and-views/from-access-to-value-community-colleges-expand-pathways-for-hispanic-students/,138623.0,success,5856,896,html,text/html; charset=UTF-8,From access to value: Community colleges expand pathways for Hispanic students,Matthew Jenkins,2026-04-14,Lumina Foundation,https://www.luminafoundation.org/news-and-views/from-access-to-value-community-colleges-expand-pathways-for-hispanic-students/,0.0,bc29b1badb4f6253e3e0.txt,6b7e3d8b8c14dbf3274135d9f90428147f2bac8355495cba363639d37be9f8a2
bc54e85d6d8440974570,https://ssa.gov/policy/docs/ssb/v66n3/v66n3p29.html,2026-10-04T03:44:49.823292+00:00,ssa.gov,False,curl_error,0.0,https://ssa.gov/policy/docs/ssb/v66n3/v66n3p29.html,,not_extracted,0,0,,,,,,,,60.0,,
bc777d1fe70b343beb2e,https://calltherightattorney.com/blog/2025/10/what-does-a-racially-hostile-workplace-look-like-for-white-employees,2026-10-04T03:44:51.805865+00:00,calltherightattorney.com,False,http_error,403.0,https://calltherightattorney.com/blog/2025/10/what-does-a-racially-hostile-workplace-look-like-for-white-employees,5893.0,not_extracted,0,0,,text/html; charset=UTF-8,,,,,,0.0,,
bc8323ebec11ac886d98,https://lemoinelawfirm.com/top-10-signs-you-will-win-disability-benefits,2026-10-04T03:44:52.425019+00:00,lemoinelawfirm.com,True,downloaded,200.0,https://lemoinelawfirm.com/top-10-signs-you-will-win-disability-benefits/,72998.0,success,10746,1550,html,text/html; charset=UTF-8,Top 10 Signs You Will Win Disability Benefits,Annie Lemoine Newton,2025-04-20,Lemoine Law Firm,https://lemoinelawfirm.com/top-10-signs-you-will-win-disability-benefits/,0.0,bc8323ebec11ac886d98.txt,dd3aff78b6526821937604cf682605ed96c8c81fab760d81eb0e690e550b130e
bc85f1dda4f31ca165b6,https://pmc.ncbi.nlm.nih.gov/articles/PMC12224705,2026-10-04T03:44:52.983694+00:00,nih.gov,True,downloaded,200.0,https://pmc.ncbi.nlm.nih.gov/articles/PMC12224705,21368.0,success,131,18,html,text/html; charset=utf-8,Checking your browser,,2026-09-11,google.com,https://www.google.com/recaptcha/challengepage,0.0,bc85f1dda4f31ca165b6.txt,a29166d0eaaa418bd5af61a282f1183a46c84c4d5e4c90689b1b452d230d05cc
bc92040f256ea384455f,https://luminafoundation.org/news-and-views/hispanic-students-can-shape-our-future-if-we-reshape-college,2026-10-04T03:44:52.995594+00:00,luminafoundation.org,True,downloaded,200.0,https://www.luminafoundation.org/news-and-views/hispanic-students-can-shape-our-future-if-we-reshape-college/,137823.0,success,6282,938,html,text/html; charset=UTF-8,Hispanic students can shape our future—if we reshape college,Matthew Jenkins,2023-10-23,Lumina Foundation,https://www.luminafoundation.org/news-and-views/hispanic-students-can-shape-our-future-if-we-reshape-college/,0.0,bc92040f256ea384455f.txt,340061df894a78573a0d149a9898f1b479551212da2748e8717bb7a61978b9df
bc924aabe7fc0370126a,http://digitalforwomen.worldbank.org/access-finance,2026-10-04T03:44:53.348241+00:00,worldbank.org,True,downloaded,200.0,https://digitalforwomen.worldbank.org/access-finance,75420.0,success,1988,310,html,text/html; charset=UTF-8,Access to Finance,,2021-01-01,digitalforwomen.worldbank.org,https://digitalforwomen.worldbank.org/access-finance,0.0,bc924aabe7fc0370126a.txt,8903cf1683a979e16ed68fb8f65e6cd4eb3581002088562701a7d56d2db67210
bc98944e69030adfe352,https://urban.org/urban-wire/more-frequent-medicaid-redeterminations-would-reduce-health-insurance-coverage-and,2026-10-04T03:44:53.372297+00:00,urban.org,False,http_error,403.0,https://www.urban.org/urban-wire/more-frequent-medicaid-redeterminations-would-reduce-health-insurance-coverage-and,6002.0,not_extracted,0,0,,text/html; charset=UTF-8,,,,,,0.0,,
bc9cdc640dedae1596fa,https://pmc.ncbi.nlm.nih.gov/articles/PMC6497454,2026-10-04T03:44:53.793138+00:00,nih.gov,True,downloaded,200.0,https://pmc.ncbi.nlm.nih.gov/articles/PMC6497454,21368.0,success,131,18,html,text/html; charset=utf-8,Checking your browser,,2026-09-11,google.com,https://www.google.com/recaptcha/challengepage,0.0,bc9cdc640dedae1596fa.txt,a29166d0eaaa418bd5af61a282f1183a46c84c4d5e4c90689b1b452d230d05cc
bcfb486240470019d4d2,https://kff.org/medicaid/5-key-facts-about-medicaid-coverage-for-people-with-disabilities,2026-10-04T03:44:53.966957+00:00,kff.org,True,downloaded,200.0,https://www.kff.org/medicaid/5-key-facts-about-medicaid-coverage-for-people-with-disabilities/,154305.0,success,7166,1101,html,text/html; charset=UTF-8,5 Key Facts About Medicaid Coverage for People with Disabilities | KFF,Alice Burns; Sammy Cervantes,2025-02-07,"KFF - The independent source for health policy research, polling, and news",https://www.kff.org/medicaid/5-key-facts-about-medicaid-coverage-for-people-with-disabilities/,0.0,bcfb486240470019d4d2.txt,7d1f9a94cb347cb7230110aa506b71383608bc34e15a3c4de348fdbd05e156b3
bd37a3075a95ef31a4dc,https://clasp.org/blog/the-racist-roots-of-work-requirements-in-public-benefits-programs,2026-10-04T03:44:54.219748+00:00,clasp.org,True,downloaded,200.0,https://www.clasp.org/blog/the-racist-roots-of-work-requirements-in-public-benefits-programs/,92381.0,success,2659,381,html,text/html; charset=UTF-8,Rooted in Racism: The Origins of Work Requirements in Public Benefits | CLASP,,2025-06-27,CLASP,https://www.clasp.org/blog/the-racist-roots-of-work-requirements-in-public-benefits-programs/,0.0,bd37a3075a95ef31a4dc.txt,fd8b1d2a90faa744647a9ecb182d914b17a2d6789495c04855edde5d6091f3a9
bd54eae3a3802c3d2e09,https://ebsco.com/research-starters/politics-and-government/housing-stability,2026-10-04T03:44:55.161573+00:00,ebsco.com,True,downloaded,200.0,https://www.ebsco.com/research-starters/politics-and-government/housing-stability,169651.0,success,26288,3777,html,text/html,Housing stability | Politics and Government | Research Starters | EBSCOhost,,2022-04-29,EBSCO,https://www.ebsco.com/,0.0,bd54eae3a3802c3d2e09.txt,c16b21405b6aa17c7023b04f2dd4867518d205d4fe1e710735b76f9417f5dc3a
bd56dadb0bc354647b9a,https://pmc.ncbi.nlm.nih.gov/articles/PMC8483182,2026-10-04T03:44:56.232425+00:00,nih.gov,True,downloaded,200.0,https://pmc.ncbi.nlm.nih.gov/articles/PMC8483182,21367.0,success,131,18,html,text/html; charset=utf-8,Checking your browser,,2026-09-11,google.com,https://www.google.com/recaptcha/challengepage,0.0,bd56dadb0bc354647b9a.txt,a29166d0eaaa418bd5af61a282f1183a46c84c4d5e4c90689b1b452d230d05cc
bd71aa7770417752b96a,https://pmc.ncbi.nlm.nih.gov/articles/PMC10172218,2026-10-04T03:44:56.455139+00:00,nih.gov,True,downloaded,200.0,https://pmc.ncbi.nlm.nih.gov/articles/PMC10172218/,219961.0,success,57982,8611,html,text/html; charset=utf-8,"Why Do Employers (Fail to) Hire People with Disabilities? A Systematic Review of Capabilities, Opportunities and Motivations",Rosanna Nagtegaal; Noortje de Boer; Rik van Berkel; Belle Derks; Lars Tummers,2023-01-23,Journal of Occupational Rehabilitation,https://pmc.ncbi.nlm.nih.gov/articles/PMC10172218/,0.0,bd71aa7770417752b96a.txt,a036b791dea2009874315a8a07bef75af1f275b4a2781eddbfbf221af3fee1a2
bd7cb5a3d3afffcff463,https://ncbi.nlm.nih.gov/books/NBK566074,2026-10-04T03:44:57.014076+00:00,nih.gov,True,downloaded,200.0,https://ncbi.nlm.nih.gov/books/NBK566074,21327.0,success,127,18,html,text/html; charset=utf-8,Checking your browser,,2026-09-11,google.com,https://www.google.com/recaptcha/challengepage,0.0,bd7cb5a3d3afffcff463.txt,a6950382e9f383805d5cb88eee7bb6dbb9f70bf9f328b964221d52761db4cd7b
bd947d11558fdc320cb4,https://localmemphis.com/article/news/nation-world/black-latino-students-educational-opportunity-disadvantaged/507-2931df2b-135d-4a3d-82a7-babaf5ba6f88,2026-10-04T03:44:57.161640+00:00,localmemphis.com,False,http_error,403.0,https://www.localmemphis.com/article/news/nation-world/black-latino-students-educational-opportunity-disadvantaged/507-2931df2b-135d-4a3d-82a7-babaf5ba6f88,560.0,not_extracted,0,0,,text/html,,,,,,0.0,,
bd97c4dec4c50f1c8b2e,https://pmc.ncbi.nlm.nih.gov/articles/PMC9341318,2026-10-04T03:44:57.969547+00:00,nih.gov,True,downloaded,200.0,https://pmc.ncbi.nlm.nih.gov/articles/PMC9341318,21366.0,success,131,18,html,text/html; charset=utf-8,Checking your browser,,2026-09-11,google.com,https://www.google.com/recaptcha/challengepage,0.0,bd97c4dec4c50f1c8b2e.txt,a29166d0eaaa418bd5af61a282f1183a46c84c4d5e4c90689b1b452d230d05cc
bdaa34ffb482d120fc13,https://employerscouncil.org/resources/examination-gender-bias-hiring,2026-10-04T03:44:58.422854+00:00,employerscouncil.org,True,downloaded,200.0,https://www.employerscouncil.org/resources/examination-gender-bias-hiring/,92248.0,success,3139,473,html,text/html; charset=UTF-8,An Examination of Gender Bias in Hiring - Employers Council,Employers Council Staff,2018-04-30,Employers Council,https://www.employerscouncil.org/resources/examination-gender-bias-hiring/,0.0,bdaa34ffb482d120fc13.txt,f99679b4f3caff8800c030648c2f33f6c45cb46007477baa80c6eb88535a7c92
bdf4c023e365c3621117,https://hcd.ca.gov/policy-and-research/intersectional-policy-work/people-disabilities,2026-10-04T03:44:59.786798+00:00,ca.gov,False,http_error,403.0,https://www.hcd.ca.gov/policy-and-research/intersectional-policy-work/people-disabilities,1039.0,not_extracted,0,0,,text/html,,,,,,0.0,,
bdf6bff6d5105c74961c,https://pmc.ncbi.nlm.nih.gov/articles/PMC8559954,2026-10-04T03:45:00.208426+00:00,nih.gov,True,downloaded,200.0,https://pmc.ncbi.nlm.nih.gov/articles/PMC8559954/,433475.0,success,133169,20085,html,text/html; charset=utf-8,Return to work of transgender people: A systematic review through the blender of occupational health,Joy Van de Cauter; Hanna Van Schoorisse; Dominique Van de Velde; Joz Motmans; Lutgart Braeckman,2021-11-01,PLoS ONE,https://pmc.ncbi.nlm.nih.gov/articles/PMC8559954/,0.0,bdf6bff6d5105c74961c.txt,4e0615db9d0dfb6cf36a2a2ecce39e6c15307a061361b781c2072ed9722757cf
be13b671adee6c87bfe5,https://pubmed.ncbi.nlm.nih.gov/9883305,2026-10-04T03:45:00.209961+00:00,nih.gov,True,downloaded,203.0,https://pubmed.ncbi.nlm.nih.gov/9883305/,5590.0,success,100,14,html,text/html; charset=utf-8,Cookies must be enabled,,,pubmed.ncbi.nlm.nih.gov,https://pubmed.ncbi.nlm.nih.gov/9883305/,0.0,be13b671adee6c87bfe5.txt,f193d0de906419650acf171625dbd67f88f297290893b5473e1d8365c03d4b59
be234be0c6f108b7bad4,https://latino.ucla.edu/research/state-of-latinos-in-ca-2026,2026-10-04T03:45:01.179946+00:00,ucla.edu,True,downloaded,200.0,https://latino.ucla.edu/research/state-of-latinos-in-ca-2026/,255680.0,success,55094,7889,html,text/html; charset=UTF-8,"State of Latinos in California, 2026: Unlocking California’s Potential by Closing Latino Opportunity Gaps",,2026-03-26,Latino Policy & Politics Institute,https://latino.ucla.edu/research/state-of-latinos-in-ca-2026/,0.0,be234be0c6f108b7bad4.txt,b590829fffe7d45850be1120278a3ea904d0a2f7dac39f0feedf47d11294600f
be3c5dafefaff39d8b1e,https://pmc.ncbi.nlm.nih.gov/articles/PMC11673515,2026-10-04T03:45:01.284453+00:00,nih.gov,True,downloaded,200.0,https://pmc.ncbi.nlm.nih.gov/articles/PMC11673515,21372.0,success,131,18,html,text/html; charset=utf-8,Checking your browser,,2026-09-11,google.com,https://www.google.com/recaptcha/challengepage,0.0,be3c5dafefaff39d8b1e.txt,a29166d0eaaa418bd5af61a282f1183a46c84c4d5e4c90689b1b452d230d05cc
be6d810d2af29ec33991,https://medicarerights.org/medicare-watch/2026/10/01/whats-at-stake-in-2026-medicaid-cuts,2026-10-04T03:45:01.374866+00:00,medicarerights.org,False,http_error,403.0,https://medicarerights.org/medicare-watch/2026/10/01/whats-at-stake-in-2026-medicaid-cuts,5808.0,not_extracted,0,0,,text/html; charset=UTF-8,,,,,,0.0,,
be825617309bb8283d04,https://nlc.org/article/2023/03/21/housing-for-women-female-headed-households,2026-10-04T03:45:02.821871+00:00,nlc.org,True,downloaded,200.0,https://www.nlc.org/article/2023/03/21/housing-for-women-female-headed-households,144313.0,success,9027,1357,html,text/html; charset=UTF-8,Housing for Women & Female-Headed Households,About the Author,2023-03-21,National League of Cities,https://www.nlc.org/article/2023/03/21/housing-for-women-female-headed-households/,0.0,be825617309bb8283d04.txt,959ad40ec54ea762b9513d3f286cf9ae1a5e3169fd69afdb6b87d7665b018a73
bebe0da5ba5a1ec2934b,https://latino.ucla.edu/press/ucla-lppi-study-sheds-light-on-rising-homelessness-crisis-among-latinos-in-los-angeles-county,2026-10-04T03:45:02.947603+00:00,ucla.edu,True,downloaded,200.0,https://latino.ucla.edu/press/ucla-lppi-study-sheds-light-on-rising-homelessness-crisis-among-latinos-in-los-angeles-county/,151722.0,success,6049,858,html,text/html; charset=UTF-8,UCLA LPPI Study Sheds Light on Rising Homelessness Crisis Among Latinos in Los Angeles County,,2023-12-13,Latino Policy & Politics Institute,https://latino.ucla.edu/press/ucla-lppi-study-sheds-light-on-rising-homelessness-crisis-among-latinos-in-los-angeles-county/,0.0,bebe0da5ba5a1ec2934b.txt,bf925d314e7970f865dcb5da672d626d5a17ed609ca1f3978fc403cd6a9e0f9c
bf6519cd91101b539b26,https://rennepubliclawgroup.com/investigating-same-culture-bias-with-spanish-speaking-employees,2026-10-04T03:45:03.600410+00:00,rennepubliclawgroup.com,True,downloaded,200.0,https://rennepubliclawgroup.com/investigating-same-culture-bias-with-spanish-speaking-employees/,133078.0,success,6771,912,html,text/html; charset=UTF-8,Investigating Same Culture Bias with Spanish-Speaking Employees | Renne Public Law Group,Olivia Rizzuto,2026-07-23,Renne Public Law Group,https://rennepubliclawgroup.com/investigating-same-culture-bias-with-spanish-speaking-employees/,0.0,bf6519cd91101b539b26.txt,ba77f4898eaba8df94aaae4f6b80d0d61b5ecde992be8c5f8666f8b44272d36c
bf90e3b3bba7319379f8,https://urban.org/urban-wire/no-cops-pride-how-criminal-justice-system-harms-lgbtq-people,2026-10-04T03:45:04.534769+00:00,urban.org,False,http_error,403.0,https://www.urban.org/urban-wire/no-cops-pride-how-criminal-justice-system-harms-lgbtq-people,5894.0,not_extracted,0,0,,text/html; charset=UTF-8,,,,,,0.0,,
bfb0936b068835d3f5d5,https://researchspace.auckland.ac.nz/server/api/core/bitstreams/3a04acdb-1881-487f-bd05-f9e846269140/content,2026-10-04T03:45:04.583696+00:00,auckland.ac.nz,True,downloaded,200.0,https://researchspace.auckland.ac.nz/server/api/core/bitstreams/3a04acdb-1881-487f-bd05-f9e846269140/content,299847.0,success,75434,10605,pdf,application/pdf;charset=UTF-8,,,,,,0.0,bfb0936b068835d3f5d5.txt,505b46a10172bbc3ccc50b5c5781880a7d9a765a22dc393634e1a7d52f5903b1
bfb13fb39d38d8475379,https://williamsinstitute.law.ucla.edu/publications/higher-ed-people-of-color,2026-10-04T03:45:06.274173+00:00,ucla.edu,True,downloaded,200.0,https://williamsinstitute.law.ucla.edu/publications/higher-ed-people-of-color/,129555.0,success,10452,1284,html,text/html; charset=UTF-8,Educational Experiences of LGBTQ People of Color,Loyal; Thisisloyal Com,2023-02-23,The Williams Institute at UCLA School of Law,https://williamsinstitute.law.ucla.edu/publications/higher-ed-people-of-color/,0.0,bfb13fb39d38d8475379.txt,2134841ef2678e35a84fe2dbfe4d11b66ebb465e36af4e3b4f69c593f5d72a5d
bfb82191c93889daa445,https://onlinelibrary.wiley.com/doi/10.1111/ssqu.13483?af=R,2026-10-04T03:45:06.806087+00:00,wiley.com,False,http_error,403.0,https://onlinelibrary.wiley.com/doi/10.1111/ssqu.13483?af=R,5795.0,not_extracted,0,0,,text/html; charset=UTF-8,,,,,,0.0,,
bfe017b5f35c81e15fcb,https://nytimes.com/2023/09/08/magazine/men-college-enrollment.html,2026-10-04T03:45:07.541525+00:00,nytimes.com,False,http_error,403.0,https://www.nytimes.com/2023/09/08/magazine/men-college-enrollment.html,771.0,not_extracted,0,0,,text/html;charset=utf-8,,,,,,0.0,,
bfe7a01e0a177e8ffbd1,https://pubmed.ncbi.nlm.nih.gov/26131944,2026-10-04T03:45:09.998601+00:00,nih.gov,True,downloaded,203.0,https://pubmed.ncbi.nlm.nih.gov/26131944/,5590.0,success,100,14,html,text/html; charset=utf-8,Cookies must be enabled,,,pubmed.ncbi.nlm.nih.gov,https://pubmed.ncbi.nlm.nih.gov/26131944/,0.0,bfe7a01e0a177e8ffbd1.txt,f193d0de906419650acf171625dbd67f88f297290893b5473e1d8365c03d4b59
bfee1781a9ca6ba6416a,https://journals.uchicago.edu/doi/10.1086/717298,2026-10-04T03:45:10.258388+00:00,uchicago.edu,False,http_error,403.0,https://journals.uchicago.edu/doi/10.1086/717298,5751.0,not_extracted,0,0,,text/html; charset=UTF-8,,,,,,0.0,,
bfee2b766aa6f52110fa,https://youtube.com/watch?v=YhaTyOY5eHM,2026-10-04T03:45:10.415691+00:00,youtube.com,True,downloaded,200.0,https://www.youtube.com/watch?v=YhaTyOY5eHM,1283719.0,success,146,23,html,text/html; charset=utf-8,Can diversity in law enforcement reduce racially-charged police violence?,,2020-06-03,YouTube,https://www.youtube.com/watch?v=YhaTyOY5eHM,0.0,bfee2b766aa6f52110fa.txt,8dbba17988e385133ba8f51d76cde1fc2c859262b666cb848e9cfe2478fd5e71
c00a35542b0181ce61e5,https://caf.com/en/currently/news/women-are-less-likely-to-access-consumer-credit,2026-10-04T03:45:10.520422+00:00,caf.com,False,curl_error,0.0,https://caf.com/en/currently/news/women-are-less-likely-to-access-consumer-credit,,not_extracted,0,0,,,,,,,,60.0,,
c088e3f5d93ab9408974,https://pmc.ncbi.nlm.nih.gov/articles/PMC11731762,2026-10-04T03:45:10.538030+00:00,nih.gov,True,downloaded,200.0,https://pmc.ncbi.nlm.nih.gov/articles/PMC11731762,21372.0,success,131,18,html,text/html; charset=utf-8,Checking your browser,,2026-09-11,google.com,https://www.google.com/recaptcha/challengepage,0.0,c088e3f5d93ab9408974.txt,a29166d0eaaa418bd5af61a282f1183a46c84c4d5e4c90689b1b452d230d05cc
c0cf20b0f8be1896c96b,https://ncbi.nlm.nih.gov/books/NBK241578,2026-10-04T03:45:10.765958+00:00,nih.gov,True,downloaded,200.0,https://ncbi.nlm.nih.gov/books/NBK241578,21333.0,success,127,18,html,text/html; charset=utf-8,Checking your browser,,2026-09-11,google.com,https://www.google.com/recaptcha/challengepage,0.0,c0cf20b0f8be1896c96b.txt,a6950382e9f383805d5cb88eee7bb6dbb9f70bf9f328b964221d52761db4cd7b
c0e93a457b5e58b3fe32,https://home.treasury.gov/news/featured-stories/post-5-racial-differences-in-educational-experiences-and-attainment,2026-10-04T03:45:10.897926+00:00,treasury.gov,True,downloaded,200.0,https://home.treasury.gov/news/featured-stories/post-5-racial-differences-in-educational-experiences-and-attainment,114197.0,success,34944,5229,html,text/html; charset=utf-8,Post 5: Racial Differences in Educational Experiences and Attainment,,2023-06-09,U.S. Department of the Treasury,https://home.treasury.gov/news/featured-stories/post-5-racial-differences-in-educational-experiences-and-attainment,0.0,c0e93a457b5e58b3fe32.txt,97da670757e95ac9091d23ab1979f49245510fd1eda13294acde1ce39fca4d6c
c10006e574bd63519a81,https://search.proquest.com/openview/14d68d4ac7af20552d3c10b328887aff/1?cbl=48144&pq-origsite=gscholar,2026-10-04T03:45:12.862876+00:00,proquest.com,False,curl_error,302.0,https://www.proquest.com/intermediateredirectforezproxy,,not_extracted,0,0,,text/html,,,,,,47.0,,
c16a3084f1f4de70ad2b,https://pmc.ncbi.nlm.nih.gov/articles/PMC11982999,2026-10-04T03:45:13.810416+00:00,nih.gov,True,downloaded,200.0,https://pmc.ncbi.nlm.nih.gov/articles/PMC11982999,21370.0,success,131,18,html,text/html; charset=utf-8,Checking your browser,,2026-09-11,google.com,https://www.google.com/recaptcha/challengepage,0.0,c16a3084f1f4de70ad2b.txt,a29166d0eaaa418bd5af61a282f1183a46c84c4d5e4c90689b1b452d230d05cc
c172665575ca399f8795,https://journals.sagepub.com/doi/10.1177/10986111251372007,2026-10-04T03:45:13.913702+00:00,sagepub.com,False,http_error,403.0,https://journals.sagepub.com/doi/10.1177/10986111251372007,5762.0,not_extracted,0,0,,text/html; charset=UTF-8,,,,,,0.0,,
c17454845bd8c8b65765,https://ncbi.nlm.nih.gov/sites/books/NBK19909,2026-10-04T03:45:13.956559+00:00,nih.gov,True,downloaded,200.0,https://www.ncbi.nlm.nih.gov/sites/books/NBK19909/,183595.0,success,85652,12512,html,text/html; charset=UTF-8,Barriers to Educational Opportunities for Hispanics in the United States,Barbara Schhneider; Sylvia Martinez; Ann Ownes,2004-03-15,National Academies Press (US),https://www.ncbi.nlm.nih.gov/sites/books/NBK19909/,0.0,c17454845bd8c8b65765.txt,5ba6081bd3e2d7566966db89e62c5aa28e759150978b8384446d31333fd0369f
c17a26bf4da7ccea16f3,https://aecf.org/resources/race-matters-how-race-affects-education-opportunities,2026-10-04T03:45:14.213422+00:00,aecf.org,False,http_error,403.0,https://www.aecf.org/resources/race-matters-how-race-affects-education-opportunities,5805.0,not_extracted,0,0,,text/html; charset=UTF-8,,,,,,0.0,,
c18cd4ec74d89aa60c5b,https://scholarlycommons.henryford.com/nursing_articles/6,2026-10-04T03:45:15.224189+00:00,henryford.com,True,downloaded,200.0,https://scholarlycommons.henryford.com/nursing_articles/6/,36279.0,success,2396,315,html,text/html; charset=UTF-8,Obstacles to preventive care for individuals with disability: Implications for nurse practitioners,Anna Marrocco; Helene J Krouse,2017-01-05,Henry Ford Health Scholarly Commons,https://scholarlycommons.henryford.com/nursing_articles/6,0.0,c18cd4ec74d89aa60c5b.txt,5b0e4bf4d3383c2b79db524d25d4bfb988b0fc7d27cd5758e697aafc5c6f0d9f
c18ed2d545745bc8d1fb,https://rcej.scholasticahq.com/article/142768-infusing-disability-into-a-career-development-course,2026-10-04T03:45:15.271199+00:00,scholasticahq.com,True,downloaded,200.0,https://rcej.scholasticahq.com/article/142768-infusing-disability-into-a-career-development-course,438592.0,success,35353,5030,html,text/html; charset=utf-8,Infusing Disability Into a Career Development Course | Published in Rehabilitation Counselors and Educators Journal,Julie Hill; Tina Peterman; Jessica Henry; Roy Chen; Mary Ann Rocha,2026-07-07,Rehabilitation Counselors and Educators Journal,https://rcej.scholasticahq.com/article/142768-infusing-disability-into-a-career-development-course,0.0,c18ed2d545745bc8d1fb.txt,80a0b4d5272e932c999578204b2ec336a9feaf09d0bf19f4fcc14f329c3db737
c1e8bf4de2827a90cf75,https://brookings.edu/articles/unequal-opportunity-race-and-education,2026-10-04T03:45:17.048339+00:00,brookings.edu,True,downloaded,200.0,https://www.brookings.edu/articles/unequal-opportunity-race-and-education/,183212.0,success,18088,2687,html,text/html; charset=UTF-8,Unequal Opportunity: Race and Education | Brookings,Vandita Morarka,2023-06-25,Brookings,https://www.brookings.edu/articles/unequal-opportunity-race-and-education/,0.0,c1e8bf4de2827a90cf75.txt,82aef17f8ed18a47882755bb0128b5b661f192661124531efe8ab7a1a5bf0a76
c242f1cdb04e394147a6,https://prisonpolicy.org/reports/pie2025.html,2026-10-04T03:45:18.931465+00:00,prisonpolicy.org,True,downloaded,200.0,https://www.prisonpolicy.org/reports/pie2025.html,223181.0,success,89213,13654,html,text/html; charset=UTF-8,Mass Incarceration: The Whole Pie 2025,Prison Policy Initiative; Wendy Sawyer; Peter Wagner,2022-12-31,PrisonPolicy,https://www.prisonpolicy.org/reports/pie2026.html,0.0,c242f1cdb04e394147a6.txt,e25e4b6b47be972784c1673ff61d12775e3d97b771ff9ff6fb1c3336a8654ccc
c2b19306eae4859c3625,https://cnbc.com/2019/03/08/linkedin-study-reveals-why-men-are-more-likely-to-get-noticed-by-job-recruiters-than-women.html,2026-10-04T03:45:20.283550+00:00,cnbc.com,True,downloaded,200.0,https://www.cnbc.com/2019/03/08/linkedin-study-reveals-why-men-are-more-likely-to-get-noticed-by-job-recruiters-than-women.html,684161.0,success,3696,613,html,text/html; charset=utf-8,"The ugly truth behind why men are more likely to get noticed by job recruiters, according to new LinkedIn study",Debby Carreau; Contributor,2019-03-08,CNBC,https://www.cnbc.com/2019/03/08/linkedin-study-reveals-why-men-are-more-likely-to-get-noticed-by-job-recruiters-than-women.html,0.0,c2b19306eae4859c3625.txt,e0bddd3610d6f852c859b44a8a7fc977a4e76d271fb2cf1a32ed2623618c055a
c2d21894a9bef1afe689,https://torontocentre.org/index.php?Itemid=99&id=33&option=com_content&view=article,2026-10-04T03:45:21.555476+00:00,torontocentre.org,False,http_error,403.0,https://torontocentre.org/index.php?Itemid=99&id=33&option=com_content&view=article,5852.0,not_extracted,0,0,,text/html; charset=UTF-8,,,,,,0.0,,
c2d4b52c7e7470179ca0,https://pmc.ncbi.nlm.nih.gov/articles/PMC10910491,2026-10-04T03:45:21.556574+00:00,nih.gov,True,downloaded,200.0,https://pmc.ncbi.nlm.nih.gov/articles/PMC10910491,21372.0,success,131,18,html,text/html; charset=utf-8,Checking your browser,,2026-09-11,google.com,https://www.google.com/recaptcha/challengepage,0.0,c2d4b52c7e7470179ca0.txt,a29166d0eaaa418bd5af61a282f1183a46c84c4d5e4c90689b1b452d230d05cc
c2e48bd17b4eabb44721,https://pmc.ncbi.nlm.nih.gov/articles/PMC9913751,2026-10-04T03:45:21.772949+00:00,nih.gov,True,downloaded,200.0,https://pmc.ncbi.nlm.nih.gov/articles/PMC9913751,21365.0,success,131,18,html,text/html; charset=utf-8,Checking your browser,,2026-09-11,google.com,https://www.google.com/recaptcha/challengepage,0.0,c2e48bd17b4eabb44721.txt,a29166d0eaaa418bd5af61a282f1183a46c84c4d5e4c90689b1b452d230d05cc
c2e5bbebb15177ec589e,https://ncd.gov/report/2023-progress-report-toward-economic-security-the-impact-of-income-and-asset-limits-on-people-with-disabilities,2026-10-04T03:45:21.805856+00:00,ncd.gov,True,downloaded,200.0,https://www.ncd.gov/report/2023-progress-report-toward-economic-security-the-impact-of-income-and-asset-limits-on-people-with-disabilities/,39835.0,success,3249,460,html,text/html; charset=utf-8,National Council on Disability | 2023 Progress Report: Toward Economic Security: The Impact of Income and Asset Limits on People with Disabilities,,2023-10-31,NatCounDis,https://www.ncd.gov/report/2023-progress-report-toward-economic-security-the-impact-of-income-and-asset-limits-on-people-with-disabilities/,0.0,c2e5bbebb15177ec589e.txt,1a0ed521cdafe750e33a0a861ddfd875b2249d6bbb7d6e313b6cce88676aae17
c35c4ee415e799cc1352,https://pmc.ncbi.nlm.nih.gov/articles/PMC13017733,2026-10-04T03:45:22.298616+00:00,nih.gov,True,downloaded,200.0,https://pmc.ncbi.nlm.nih.gov/articles/PMC13017733,21372.0,success,131,18,html,text/html; charset=utf-8,Checking your browser,,2026-09-11,google.com,https://www.google.com/recaptcha/challengepage,0.0,c35c4ee415e799cc1352.txt,a29166d0eaaa418bd5af61a282f1183a46c84c4d5e4c90689b1b452d230d05cc
c378ab290784b331a1b6,https://sciencedirect.com/science/article/pii/S074937972500724X,2026-10-04T03:45:23.127091+00:00,sciencedirect.com,False,http_error,403.0,https://www.sciencedirect.com/science/article/pii/S074937972500724X,1207849.0,not_extracted,0,0,,text/html; charset=UTF-8,,,,,,0.0,,
c41f958d8ad81cdffad3,https://longdom.org/open-access/the-causes-and-solutions-of-educational-disparities-are-discussed-in-inequality-opportunities-110067.html,2026-10-04T03:45:23.233533+00:00,longdom.org,False,http_error,404.0,https://longdom.org/open-access/error404.php,0.0,not_extracted,0,0,,text/html; charset=UTF-8,,,,,,0.0,,
c423b1208c854e815fc8,https://justice.gov/jm/1-16000-department-justice-policy-use-force,2026-10-04T03:45:25.093362+00:00,justice.gov,True,downloaded,200.0,https://www.justice.gov/jm/1-16000-department-justice-policy-use-force,75098.0,success,6915,1119,html,text/html; charset=UTF-8,1-16.000 - Department of Justice Policy On Use Of Force,,2022-06-02,Justice Manual | 1-16.000 - Department of Justice Policy On Use Of Force,https://www.justice.gov/jm/1-16000-department-justice-policy-use-force,0.0,c423b1208c854e815fc8.txt,dc7a12e7b767804d6944a0cce69b67a038195d9b68a0af1151aa3c9bd71f5cf7
c456b2b0275ce345b106,https://ballardbrief.byu.edu/issue-briefs/educational-disparities-among-racial-and-ethnic-minority-youth-in-the-united-states,2026-10-04T03:45:25.132153+00:00,byu.edu,True,downloaded,200.0,https://ballardbrief.byu.edu/issue-briefs/educational-disparities-among-racial-and-ethnic-minority-youth-in-the-united-states,422936.0,success,64425,9425,html,text/html;charset=utf-8,Educational Disparities among Racial and Ethnic Minority Youth in the Unites States - Ballard Brief,Lauren Bushnell,2021-05-11,The Ballard Center for Social Impact,https://ballardbrief.byu.edu/issue-briefs/educational-disparities-among-racial-and-ethnic-minority-youth-in-the-united-states,0.0,c456b2b0275ce345b106.txt,c7f573494782c1fc0e1d54f748f4d64bdc42685720ad1acffbfa08a6608c3e9d
c4b476e848e3c5962bfb,https://carleton.edu/accessibility-resources/newsletter/disability-and-homelessness-in-america,2026-10-04T03:45:25.770752+00:00,carleton.edu,True,downloaded,200.0,https://www.carleton.edu/accessibility-resources/newsletter/disability-and-homelessness-in-america/,127412.0,success,2504,378,html,text/html; charset=UTF-8,Disability and Homelessness in America - Carleton College,Accessibility Digest,2025-03-10,Accessibility Digest,https://www.carleton.edu/accessibility-resources/newsletter,0.0,c4b476e848e3c5962bfb.txt,965ee3a2db8d3a44361d8228b1fd1cedbb751f14cf0c90768d8219e4bf5e97a4
c4c0909074eaad74d2e2,https://sciencedirect.com/science/article/abs/pii/S0749379710001777,2026-10-04T03:45:26.320889+00:00,sciencedirect.com,False,http_error,403.0,https://www.sciencedirect.com/science/article/abs/pii/S0749379710001777,1207905.0,not_extracted,0,0,,text/html; charset=UTF-8,,,,,,0.0,,
c4ca4f1281a58c8b052a,https://commonwealthfund.org/publications/issue-briefs/2023/mar/inequities-coverage-access-black-hispanic-adults,2026-10-04T03:45:27.205555+00:00,commonwealthfund.org,False,http_error,403.0,https://commonwealthfund.org/publications/issue-briefs/2023/mar/inequities-coverage-access-black-hispanic-adults,5916.0,not_extracted,0,0,,text/html; charset=UTF-8,,,,,,0.0,,
c4e24e6347b9aa5690d9,https://providentcu.org/blog/news/5-key-factors-that-impact-your-credit-score,2026-10-04T03:45:27.262242+00:00,providentcu.org,False,http_error,403.0,https://providentcu.org/blog/news/5-key-factors-that-impact-your-credit-score,309.0,not_extracted,0,0,,text/html; charset=UTF-8,,,,,,0.0,,
c4f70e75944599302aee,https://nwlc.org/what-snap-really-means-for-women-and-families-of-color,2026-10-04T03:45:29.120524+00:00,nwlc.org,True,downloaded,200.0,https://nwlc.org/what-snap-really-means-for-women-and-families-of-color/,280323.0,success,4057,639,html,text/html; charset=UTF-8,What SNAP Really Means for Women and Families of Color,Jenalyn Sotto Former Director,2019-03-08,National Women's Law Center,https://nwlc.org/what-snap-really-means-for-women-and-families-of-color/,0.0,c4f70e75944599302aee.txt,0de0810af38784e89484f8e8126d3a9169fca55f6e89616950178b2d82f2b6fc
c5289737e03e107c70a9,https://stopbullying.gov/bullying/special-needs,2026-10-04T03:45:29.319582+00:00,stopbullying.gov,False,http_error,403.0,https://www.stopbullying.gov/bullying/special-needs,404.0,not_extracted,0,0,,text/html,,,,,,0.0,,
c534c4f2d9c8bca8d6fe,https://pmc.ncbi.nlm.nih.gov/articles/PMC10623889,2026-10-04T03:45:30.302026+00:00,nih.gov,True,downloaded,200.0,https://pmc.ncbi.nlm.nih.gov/articles/PMC10623889/,233773.0,success,56277,9213,html,text/html; charset=utf-8,Unbanked status and use of alternative financial services among minority populations,Silvia Helena Barcellos; Gema Zamarro,2019-02-28,Journal of pension economics & finance,https://pmc.ncbi.nlm.nih.gov/articles/PMC10623889/,0.0,c534c4f2d9c8bca8d6fe.txt,b9351ca12110298ee69ae8785bb21bf6c20ea87e450c80129d6565902e164533
c54cc39aed7d1b37afab,https://dl.acm.org/doi/full/10.1145/3769994.3770011,2026-10-04T03:45:31.155386+00:00,acm.org,False,http_error,403.0,https://dl.acm.org/doi/full/10.1145/3769994.3770011,5718.0,not_extracted,0,0,,text/html; charset=UTF-8,,,,,,0.0,,
c559804906d1da63be17,https://mecklenburghousingdata.org/frontpage-article/addressing-lgbtq-homelessness-challenges-disparities-and-promising-practices,2026-10-04T03:45:32.500702+00:00,mecklenburghousingdata.org,True,downloaded,200.0,https://mecklenburghousingdata.org/frontpage-article/addressing-lgbtq-homelessness-challenges-disparities-and-promising-practices/,172288.0,success,26094,3776,html,text/html; charset=UTF-8,"Addressing LGBTQ+ Homelessness: Challenges, Disparities, and Promising Practices - Mecklenburg County - Housing & Homelessness Dashboard",Cayce Jamil,2023-06-29,Mecklenburg County - Housing & Homelessness Dashboard - Mecklenburg County - Housing & Homelessness Dashboard,https://mecklenburghousingdata.org/frontpage-article/addressing-lgbtq-homelessness-challenges-disparities-and-promising-practices/,0.0,c559804906d1da63be17.txt,8ad09faf237b172fa56cfb0b495ce9d89c697fb534f1cf20c7dc84de099f943e
c569679189d7d108c311,https://facebook.com/centeronbudget/posts/too-many-eligible-families-lose-snap-because-of-paperwork-and-procedural-hurdles/1537135861787808,2026-10-04T03:45:33.219865+00:00,facebook.com,False,robots_disallowed,,https://facebook.com/centeronbudget/posts/too-many-eligible-families-lose-snap-because-of-paperwork-and-procedural-hurdles/1537135861787808,,not_extracted,0,0,,,,,,,,,,
c5ab63f556c42142c403,https://tandfonline.com/doi/full/10.1080/13603108.2024.2381121,2026-10-04T03:45:33.220105+00:00,tandfonline.com,False,http_error,403.0,https://tandfonline.com/doi/full/10.1080/13603108.2024.2381121,5805.0,not_extracted,0,0,,text/html; charset=UTF-8,,,,,,0.0,,
c5b6989467a64bb51fbf,https://ebsco.com/research-starters/politics-and-government/employment-among-latinos,2026-10-04T03:45:33.373736+00:00,ebsco.com,True,downloaded,200.0,https://www.ebsco.com/research-starters/politics-and-government/employment-among-latinos,141622.0,success,23781,3424,html,text/html,Employment among Latinos | Politics and Government | Research Starters | EBSCOhost,,2022-05-01,EBSCO,https://www.ebsco.com/,0.0,c5b6989467a64bb51fbf.txt,cd0f18a3ef2a5d94d90b65cffb9ec788bc1c0319808475c4529be089a26fe422
c5f72a44bbb892505812,https://thetrevorproject.org/research-briefs/how-state-policy-affects-the-well-being-and-relocation-of-lgbtq-young-people,2026-10-04T03:45:33.430623+00:00,thetrevorproject.org,True,downloaded,200.0,https://www.thetrevorproject.org/research-briefs/how-state-policy-affects-the-well-being-and-relocation-of-lgbtq-young-people/,121782.0,success,11185,1733,html,text/html; charset=UTF-8,How State Policy Affects the Well-Being and Relocation of LGBTQ+ Young People,,2025-12-08,The Trevor Project,https://www.thetrevorproject.org/research-briefs/how-state-policy-affects-the-well-being-and-relocation-of-lgbtq-young-people/,0.0,c5f72a44bbb892505812.txt,1eb089732286979356cec8e71249b1ecdfa3f5adaad4fcb175a9979a8b55fcb8
c605c43db3423bd3f043,https://opportunityhome.org/wp-content/uploads/2020/10/Final-Racial-Equity-Page-Fact-Sheet.pdf,2026-10-04T03:45:34.706205+00:00,opportunityhome.org,False,http_error,404.0,https://opportunityhome.org/wp-content/uploads/2020/10/Final-Racial-Equity-Page-Fact-Sheet.pdf,10.0,not_extracted,0,0,,text/plain; charset=utf-8,,,,,,0.0,,
c698911fb951287c890f,https://aeaweb.org/research/discriminatory-lending-lab-turkey,2026-10-04T03:45:34.849849+00:00,aeaweb.org,True,downloaded,200.0,https://www.aeaweb.org/research/discriminatory-lending-lab-turkey,30297.0,success,7472,1272,html,text/html; charset=UTF-8,Gender bias in bank lending,,2023-05-16,AEAJournals,https://www.aeaweb.org/research/discriminatory-lending-lab-turkey,0.0,c698911fb951287c890f.txt,0e2423b9fde239d9848901513e567936342c7c9442c435095466b0a24ab884ea
c6d4ef26f2b276716b56,https://nelp.org/insights-research/why-women-need-a-stronger-unemployment-insurance-system,2026-10-04T03:45:35.243058+00:00,nelp.org,True,downloaded,200.0,https://www.nelp.org/insights-research/why-women-need-a-stronger-unemployment-insurance-system/,118336.0,success,51598,7067,html,text/html; charset=UTF-8,Why Women Need a Stronger Unemployment Insurance System - National Employment Law Project,Amy Traub,2026-05-13,National Employment Law Project,https://www.nelp.org/insights-research/why-women-need-a-stronger-unemployment-insurance-system/,0.0,c6d4ef26f2b276716b56.txt,fd3fdd2bb06e20cb5cd3fbff284cbccc9666c83f52e8a758ec8bf327040f9635
c6d9d01f7fe11ddc4a58,https://umass.edu/public-health-sciences/news/minorities-free-preventive-healthcare-denied,2026-10-04T03:45:35.937531+00:00,umass.edu,False,http_error,403.0,https://www.umass.edu/public-health-sciences/news/minorities-free-preventive-healthcare-denied,4567.0,not_extracted,0,0,,text/html; charset=UTF-8,,,,,,0.0,,
c6f1bbfaa5574615f075,https://pmc.ncbi.nlm.nih.gov/articles/PMC5678390,2026-10-04T03:45:37.126352+00:00,nih.gov,True,downloaded,200.0,https://pmc.ncbi.nlm.nih.gov/articles/PMC5678390,21365.0,success,131,18,html,text/html; charset=utf-8,Checking your browser,,2026-09-11,google.com,https://www.google.com/recaptcha/challengepage,0.0,c6f1bbfaa5574615f075.txt,a29166d0eaaa418bd5af61a282f1183a46c84c4d5e4c90689b1b452d230d05cc
c6fe6da5ad2da156d1e0,https://hks.harvard.edu/faculty-research/policy-topics/social-policy/does-reducing-stigma-increase-participation-benefit,2026-10-04T03:45:37.344882+00:00,harvard.edu,True,downloaded,200.0,https://www.hks.harvard.edu/faculty-research/policy-topics/social-policy/does-reducing-stigma-increase-participation-benefit,67998.0,success,5285,782,html,text/html; charset=utf-8,Does reducing stigma increase participation in benefit programs? Research suggests so.,Nora Delaney,2022-12-07,Kennedy_School,https://www.hks.harvard.edu/faculty-research/policy-topics/social-policy/does-reducing-stigma-increase-participation-benefit,0.0,c6fe6da5ad2da156d1e0.txt,ddcbcbe846eee0527fddf96ccc1cf91670f9aced50738f41a692b9ac5da38294
c750f831dc4d602fc60f,https://psrc-yh.nihr.ac.uk/research-themes-partners/patient-involvement-in-patient-safety/our-projects/exploring-patient-safety-for-people-with-learning-disabilities,2026-10-04T03:45:38.557969+00:00,nihr.ac.uk,False,http_error,403.0,https://psrc-yh.nihr.ac.uk/research-themes-partners/patient-involvement-in-patient-safety/our-projects/exploring-patient-safety-for-people-with-learning-disabilities,52.0,not_extracted,0,0,,text/html,,,,,,0.0,,
c753747c82241151ec69,https://wdsu.com/article/medicaid-transgender-minors-gender-affirming-care/73411004,2026-10-04T03:45:38.840187+00:00,wdsu.com,True,downloaded,200.0,https://www.wdsu.com/article/medicaid-transgender-minors-gender-affirming-care/73411004,466402.0,success,3402,525,html,text/html; charset=utf-8,Medicaid says it will stop paying for some gender-affirming care for transgender minors,Associated Press,2026-08-12,WDSU,https://www.wdsu.com/article/medicaid-transgender-minors-gender-affirming-care/73411004,0.0,c753747c82241151ec69.txt,4cd10a2e1d4cdb9a7bcd3837b4656afa078c493ab8e919a00f15b60c90b6fba2
c773d4e08fa48337c774,https://wol.iza.org/articles/how-to-improve-participation-in-social-assistance-programs/long,2026-10-04T03:45:39.549199+00:00,iza.org,False,robots_disallowed,,https://wol.iza.org/articles/how-to-improve-participation-in-social-assistance-programs/long,,not_extracted,0,0,,,,,,,,,,
c7981730bec2a2492351,https://youtube.com/watch?t=481&v=sIDoSDzuo-M,2026-10-04T03:45:40.324340+00:00,youtube.com,True,downloaded,200.0,https://www.youtube.com/watch?t=481&v=sIDoSDzuo-M,1284069.0,success,146,23,html,text/html; charset=utf-8,Understanding the Realities of Incarcerated Transgender Men,,2024-03-14,YouTube,https://www.youtube.com/watch?v=sIDoSDzuo-M,0.0,c7981730bec2a2492351.txt,8dbba17988e385133ba8f51d76cde1fc2c859262b666cb848e9cfe2478fd5e71
c7ef9a2f0dc0339859be,https://williamsinstitute.law.ucla.edu/publications/lgbt-workplace-discrimination,2026-10-04T03:45:41.259836+00:00,ucla.edu,True,downloaded,200.0,https://williamsinstitute.law.ucla.edu/publications/lgbt-workplace-discrimination/,129694.0,success,10726,1674,html,text/html; charset=UTF-8,LGBTQ People’s Experiences of Workplace Discrimination and Harassment,Loyal; Thisisloyal Com,2025-02-03,The Williams Institute at UCLA School of Law,https://williamsinstitute.law.ucla.edu/publications/lgbt-workplace-discrimination/,0.0,c7ef9a2f0dc0339859be.txt,656545e259ee668ae111b4cee38c19cc93367e81a2b459182bac510cf3a36fc3
c7f58fc9301946a3a791,https://pmc.ncbi.nlm.nih.gov/articles/PMC9603724,2026-10-04T03:45:42.187310+00:00,nih.gov,True,downloaded,200.0,https://pmc.ncbi.nlm.nih.gov/articles/PMC9603724,21367.0,success,131,18,html,text/html; charset=utf-8,Checking your browser,,2026-09-11,google.com,https://www.google.com/recaptcha/challengepage,0.0,c7f58fc9301946a3a791.txt,a29166d0eaaa418bd5af61a282f1183a46c84c4d5e4c90689b1b452d230d05cc
c82a33b24041f742beed,https://law.stanford.edu/wp-content/uploads/2024/06/2024-Bias-Criminal-Legal-System.pdf,2026-10-04T03:45:42.457726+00:00,stanford.edu,True,downloaded,200.0,https://law.stanford.edu/wp-content/uploads/2024/06/2024-Bias-Criminal-Legal-System.pdf,399242.0,success,51339,7182,pdf,application/pdf,,,,,,0.0,c82a33b24041f742beed.txt,73c8dfac660b7f7727429770aea9c82e4563162048fcc50222f588a558d82f4d
c8391cbfd362636679c2,https://researchgate.net/publication/344487314_Factors_Affecting_Women%27s_Participation_in_Career_A_Systematic_Review,2026-10-04T03:45:44.196122+00:00,researchgate.net,False,http_error,403.0,https://www.researchgate.net/publication/344487314_Factors_Affecting_Women%27s_Participation_in_Career_A_Systematic_Review,21138.0,not_extracted,0,0,,text/html; charset=UTF-8,,,,,,0.0,,
c8790fcbc603a7b1e461,https://cavignac.com/blog/risk-factors-for-harassment-in-the-workplace,2026-10-04T03:45:45.436034+00:00,cavignac.com,True,downloaded,200.0,https://cavignac.com/blog/risk-factors-for-harassment-in-the-workplace,183522.0,success,1828,281,html,text/html; charset=UTF-8,Risk Factors for Harassment in the Workplace - Cavignac,Diana Dix,2020-12-22,Cavignac,https://cavignac.com/blog/risk-factors-for-harassment-in-the-workplace/,0.0,c8790fcbc603a7b1e461.txt,bcf8a66940b88abf3ae11b6d728d7ae6623e1ebd6cbbd14f39ca38870c998055
c8847313a26f23c32591,https://cbpp.org/blog/more-frequent-medicaid-renewals-would-increase-errors-and-lead-eligible-people-to-lose-health,2026-10-04T03:45:46.621066+00:00,cbpp.org,False,http_error,403.0,https://cbpp.org/blog/more-frequent-medicaid-renewals-would-increase-errors-and-lead-eligible-people-to-lose-health,6158.0,not_extracted,0,0,,text/html; charset=UTF-8,,,,,,0.0,,
c8a9f927637366b322dd,https://mapresearch.org/file/lgbt-criminal-justice-trans.pdf,2026-10-04T03:45:46.772565+00:00,mapresearch.org,True,downloaded,200.0,https://mapresearch.org/file/lgbt-criminal-justice-trans.pdf,2860847.0,success,167205,23509,pdf,application/pdf,,,,,,0.0,c8a9f927637366b322dd.txt,35390a260b5162cab808dfb615bbddbe135b6d2ffb1c94a32f1e249f8419f605
c8cc815b8b0f2b230563,https://elker.com/articles/5-risk-factors-for-sexual-harassment-in-the-workplace,2026-10-04T03:45:46.936768+00:00,elker.com,True,downloaded,200.0,https://elker.com/articles/5-risk-factors-for-sexual-harassment-in-the-workplace,122985.0,success,19101,2723,html,text/html; charset=utf-8,5 Risk Factors for Sexual Harassment in the Workplace | Elker,Elker Editorial Team Reviewed by Jack Murray Updated,2023-09-14,Elker Editorial Team,https://elker.com/articles/5-risk-factors-for-sexual-harassment-in-the-workplace,0.0,c8cc815b8b0f2b230563.txt,8a125129691798aac1455999fe735a3f434b734de576d022dcaa8a2bc2d68019
c8ddd91a04078e64f515,https://insidehighered.com/news/students/diversity/2024/10/23/latino-students-face-major-obstacles-while-college,2026-10-04T03:45:48.938434+00:00,insidehighered.com,True,downloaded,200.0,https://www.insidehighered.com/news/students/diversity/2024/10/23/latino-students-face-major-obstacles-while-college,153857.0,success,7047,1087,html,text/html; charset=UTF-8,Latino students face major obstacles while in college,Sara Weissman,2024-10-23,"Inside Higher Ed | Higher Education News, Events and Jobs",https://www.insidehighered.com/news/students/diversity/2024/10/23/latino-students-face-major-obstacles-while-college,0.0,c8ddd91a04078e64f515.txt,6f813b8702725ad1fc5449e8a4560aa0cebdf433d07ab6766d75843a8617875e
c8f75fa40a9c8c0a45c3,https://pmc.ncbi.nlm.nih.gov/articles/PMC9933811,2026-10-04T03:45:48.951650+00:00,nih.gov,True,downloaded,200.0,https://pmc.ncbi.nlm.nih.gov/articles/PMC9933811,21366.0,success,131,18,html,text/html; charset=utf-8,Checking your browser,,2026-09-11,google.com,https://www.google.com/recaptcha/challengepage,0.0,c8f75fa40a9c8c0a45c3.txt,a29166d0eaaa418bd5af61a282f1183a46c84c4d5e4c90689b1b452d230d05cc
c90037f1d42eff2cc0f3,https://macfound.org/press/grantee-news/examining-the-justice-systems-impact-on-disabled-people,2026-10-04T03:45:49.259608+00:00,macfound.org,True,downloaded,200.0,https://www.macfound.org/press/grantee-news/examining-the-justice-systems-impact-on-disabled-people,95946.0,success,1409,205,html,text/html; charset=utf-8,Examining the Justice System’s Impact on Disabled People,,2025-07-17,MacArthur Foundation,https://www.macfound.org/press/grantee-news/examining-the-justice-systems-impact-on-disabled-people,0.0,c90037f1d42eff2cc0f3.txt,ab540954d10ba40c7815a23fbdabe97b79bd9ed7121d8515f072f5e579dcdc65
c92e31c335f926a63c42,https://nn4youth.org/learn/lgbtq-homeless-youth,2026-10-04T03:45:49.460129+00:00,nn4youth.org,True,downloaded,200.0,https://nn4youth.org/learn/lgbtq-homeless-youth/,165852.0,success,3215,467,html,text/html; charset=UTF-8,LGBTQ+ Youth Homelessness - National Network for Youth,Kaila Craw,2026-04-29,National Network for Youth,https://nn4youth.org/learn/lgbtq-homeless-youth/,0.0,c92e31c335f926a63c42.txt,05b9f16799133e98434fc510bdd2052bfda38920d2e1e9a2ff37e17b7a915cb5
c9f772f81cb675a19649,https://vox.com/policy/379467/welfare-administrative-burdens-time-tax,2026-10-04T03:45:50.333505+00:00,vox.com,True,downloaded,200.0,https://www.vox.com/policy/379467/welfare-administrative-burdens-time-tax,278790.0,success,6824,1076,html,text/html; charset=utf-8,How paperwork keeps people in poverty,Abdallah Fayyad,2024-10-27,Vox,https://www.vox.com/policy/379467/welfare-administrative-burdens-time-tax,0.0,c9f772f81cb675a19649.txt,d1b1f4c08e8a19950dff6b96c50cb0d488876f6f20a5d05aceb6584319d9d100
ca29ea4b81421de617f8,https://theconversation.com/children-facing-racist-bullying-at-school-need-support-from-teachers-but-many-dont-get-it-196180,2026-10-04T03:45:50.392950+00:00,theconversation.com,True,downloaded,200.0,https://theconversation.com/children-facing-racist-bullying-at-school-need-support-from-teachers-but-many-dont-get-it-196180,173508.0,success,4890,771,html,text/html; charset=utf-8,Children facing racist bullying at school need support from teachers – but many don’t get it,Maria Sapouna,2023-01-13,The Conversation,https://theconversation.com/children-facing-racist-bullying-at-school-need-support-from-teachers-but-many-dont-get-it-196180,0.0,ca29ea4b81421de617f8.txt,53ff6d3013272d83d4f383a3883c414adfec45c9b6875c602f043f18234f2bbe
ca6e6e25d3dbdd873b33,https://pmc.ncbi.nlm.nih.gov/articles/PMC7899057,2026-10-04T03:45:50.629606+00:00,nih.gov,True,downloaded,200.0,https://pmc.ncbi.nlm.nih.gov/articles/PMC7899057,21367.0,success,131,18,html,text/html; charset=utf-8,Checking your browser,,2026-09-11,google.com,https://www.google.com/recaptcha/challengepage,0.0,ca6e6e25d3dbdd873b33.txt,a29166d0eaaa418bd5af61a282f1183a46c84c4d5e4c90689b1b452d230d05cc
ca792280327c949d4ed7,https://cbpp.org/research/poverty-and-inequality/2025-budget-stakes-cuts-would-widen-economic-disparities-for-many,2026-10-04T03:45:52.175790+00:00,cbpp.org,False,http_error,403.0,https://cbpp.org/research/poverty-and-inequality/2025-budget-stakes-cuts-would-widen-economic-disparities-for-many,6158.0,not_extracted,0,0,,text/html; charset=UTF-8,,,,,,0.0,,
ca97f26a3729fdef16be,https://journals.sagepub.com/doi/10.1177/14705958231180044?int.sj-abstract.similar-articles.8=,2026-10-04T03:45:53.033269+00:00,sagepub.com,False,http_error,403.0,https://journals.sagepub.com/doi/10.1177/14705958231180044?int.sj-abstract.similar-articles.8=,5928.0,not_extracted,0,0,,text/html; charset=UTF-8,,,,,,0.0,,
cab70c6cd5488a2612ee,https://upward-mobility.urban.org/framework/neighborhoods/stability,2026-10-04T03:45:53.856524+00:00,urban.org,False,http_error,403.0,https://upward-mobility.urban.org/framework/neighborhoods/stability,5792.0,not_extracted,0,0,,text/html; charset=UTF-8,,,,,,0.0,,
caba3dd1d554ce973c05,https://pmc.ncbi.nlm.nih.gov/articles/PMC8916710,2026-10-04T03:45:53.969134+00:00,nih.gov,True,downloaded,200.0,https://pmc.ncbi.nlm.nih.gov/articles/PMC8916710,21366.0,success,131,18,html,text/html; charset=utf-8,Checking your browser,,2026-09-11,google.com,https://www.google.com/recaptcha/challengepage,0.0,caba3dd1d554ce973c05.txt,a29166d0eaaa418bd5af61a282f1183a46c84c4d5e4c90689b1b452d230d05cc
caeed945925c9cb819a4,https://journals.sagepub.com/doi/10.1177/23780231211054641,2026-10-04T03:45:54.212873+00:00,sagepub.com,False,http_error,403.0,https://journals.sagepub.com/doi/10.1177/23780231211054641,5762.0,not_extracted,0,0,,text/html; charset=UTF-8,,,,,,0.0,,
caf34933050d2fccae9f,https://opportunityhome.org/resources/racial-equity-housing,2026-10-04T03:45:55.235232+00:00,opportunityhome.org,False,http_error,404.0,https://opportunityhome.org/resources/racial-equity-housing,10.0,not_extracted,0,0,,text/plain; charset=utf-8,,,,,,0.0,,
caf483a71c18e008ff6e,https://files.eric.ed.gov/fulltext/EJ992995.pdf,2026-10-04T03:45:55.684510+00:00,ed.gov,True,downloaded,200.0,https://files.eric.ed.gov/fulltext/EJ992995.pdf,235558.0,success,34078,5021,pdf,application/pdf,,,,,,0.0,caf483a71c18e008ff6e.txt,34c90968469527d1e05750f114bc24281e7aaa672cacfc6e8c9fb357e9a0c844
cb3a903b7d785dfd740f,https://pmc.ncbi.nlm.nih.gov/articles/PMC12306465,2026-10-04T03:45:55.768164+00:00,nih.gov,True,downloaded,200.0,https://pmc.ncbi.nlm.nih.gov/articles/PMC12306465/,195493.0,success,52748,7500,html,text/html; charset=utf-8,Testing the theory of change for Housing First: a secondary qualitative analysis of gender differences in the experiences of men and women in the AH/CS trial,Samira Alfayumi-Zeadna; Melissa Perri; Cilia Mejia-Lancheros; Julia Woodhall; Maritt Kirst; Margaret Douglin; Chloe Reiser; Patricia O’Campo,2025-07-28,BMJ Open,https://pmc.ncbi.nlm.nih.gov/articles/PMC12306465/,0.0,cb3a903b7d785dfd740f.txt,e8eca737cdc458e3756048bf86f9804d1558e6ffb0a9aa75511e3abd4534eab5
cb3d5dc4205bdaef83c4,https://goodwinrecruiting.com/blog/the-positive-impact-of-black-history-month-on-hiring-practices,2026-10-04T03:45:56.086901+00:00,goodwinrecruiting.com,True,downloaded,200.0,https://www.goodwinrecruiting.com/blog/the-positive-impact-of-black-history-month-on-hiring-practices,817130.0,success,5760,865,html,text/html; charset=UTF-8,The Positive Impact of Black History Month on Hiring Practices - Goodwin Recruiting,Goodwin Recruiting,2024-02-04,Goodwin Recruiting,https://www.goodwinrecruiting.com/the-positive-impact-of-black-history-month-on-hiring-practices,0.0,cb3d5dc4205bdaef83c4.txt,5ce818d5813e98db497e0bdb5ce4a1a94c0d1894fa973def3224bde7ab60683d
cb8a234f2713209a8b7d,https://congress.gov/crs-product/R45979,2026-10-04T03:45:57.262123+00:00,congress.gov,False,http_error,403.0,https://congress.gov/crs-product/R45979,5670.0,not_extracted,0,0,,text/html; charset=UTF-8,,,,,,0.0,,
cbb2f8b610e05d9599b2,https://ere.net/articles/ways-to-remove-barriers-to-hiring-people-with-disabilities,2026-10-04T03:45:59.389402+00:00,ere.net,True,downloaded,200.0,https://www.ere.net/articles/ways-to-remove-barriers-to-hiring-people-with-disabilities,136872.0,success,6493,1003,html,text/html; charset=utf-8,Ways to remove barriers to hiring people with disabilities | ERE,Authors; Darelyn-Pazdel; Darelyn Pazdel,2026-09-30,ERE,https://www.ere.net/articles/ways-to-remove-barriers-to-hiring-people-with-disabilities,0.0,cbb2f8b610e05d9599b2.txt,49f5ac90a63e2f62cf2d4eb73a1dca38034abd9e6c112686ecfe3eeb40ddf4a4
cbb39bedea470d911f4b,https://prisonpolicy.org/scans/LatinoReport_lowres_6.17.14.pdf,2026-10-04T03:45:59.580948+00:00,prisonpolicy.org,True,downloaded,200.0,https://www.prisonpolicy.org/scans/LatinoReport_lowres_6.17.14.pdf,2592187.0,success,96777,14778,pdf,application/pdf,,,,,,0.0,cbb39bedea470d911f4b.txt,14987bfce31161b7b18a8da62328f5f75763d3a041a2ca1242a48b108375b91b
cbda6e6175e872748898,https://youtube.com/watch?t=1s&v=-4EbTEjvQyw,2026-10-04T03:45:59.620200+00:00,youtube.com,True,downloaded,200.0,https://www.youtube.com/watch?t=1s&v=-4EbTEjvQyw,1233553.0,success,146,23,html,text/html; charset=utf-8,Schooled in racial bias: Unraveling harm in K-12 education,,2024-05-16,YouTube,https://www.youtube.com/watch?v=-4EbTEjvQyw,0.0,cbda6e6175e872748898.txt,8dbba17988e385133ba8f51d76cde1fc2c859262b666cb848e9cfe2478fd5e71
cbdd8c792afab59cfab3,https://highereddive.com/news/diversity-college-admissions-enrollment-nacac-2025/760807,2026-10-04T03:46:00.248584+00:00,highereddive.com,True,downloaded,200.0,https://www.highereddive.com/news/diversity-college-admissions-enrollment-nacac-2025/760807/,213902.0,success,7170,1120,html,text/html; charset=utf-8,Digging into diversity in college admissions,Ben Unglesbee,2025-09-23,Higher Ed Dive,https://www.highereddive.com/news/diversity-college-admissions-enrollment-nacac-2025/760807/,0.0,cbdd8c792afab59cfab3.txt,f675536d1064331092b4fed9d452de983f32293ab37abc2320ffe96972898818
cbe46fa6d95b06ea199e,https://insidehighered.com/news/student-success/health-wellness/2024/08/27/how-institutional-practices-can-impact-lgbtq,2026-10-04T03:46:00.319031+00:00,insidehighered.com,True,downloaded,200.0,https://www.insidehighered.com/news/student-success/health-wellness/2024/08/27/how-institutional-practices-can-impact-lgbtq,154018.0,success,5252,791,html,text/html; charset=UTF-8,How institutional practices can impact LGBTQ+ students,Ashley Mowreader,2024-08-27,"Inside Higher Ed | Higher Education News, Events and Jobs",https://www.insidehighered.com/news/student-success/health-wellness/2024/08/27/how-institutional-practices-can-impact-lgbtq,0.0,cbe46fa6d95b06ea199e.txt,4c1a280651820b1d060f54f35c5d8c53736370287f5fd9e7fe4e14967a2c1b66
cc05d39907ee81694cd2,https://youtube.com/watch?v=68yf3xouXc8,2026-10-04T03:46:02.869790+00:00,youtube.com,True,downloaded,200.0,https://www.youtube.com/watch?v=68yf3xouXc8,1357435.0,success,146,23,html,text/html; charset=utf-8,Understanding Police Use of Deadly Force,,2015-05-11,YouTube,https://www.youtube.com/watch?v=68yf3xouXc8,0.0,cc05d39907ee81694cd2.txt,8dbba17988e385133ba8f51d76cde1fc2c859262b666cb848e9cfe2478fd5e71
cc9dcbbde2b02a9d181e,https://chcs.org/media/Aligning-Work-Requirements-Across-SNAP-and-Medicaid-to-Support-Public-Benefit-Continuity.pdf,2026-10-04T03:46:03.376572+00:00,chcs.org,True,downloaded,200.0,https://www.chcs.org/media/Aligning-Work-Requirements-Across-SNAP-and-Medicaid-to-Support-Public-Benefit-Continuity.pdf,195532.0,success,14124,1989,pdf,application/pdf,,,,,,0.0,cc9dcbbde2b02a9d181e.txt,dae9461812d9ee4719e0544e2f6db2900b89fe754a6819e91c74e34874782323
ccd779ecf2bb10969dd9,https://justia.com/employment/employment-discrimination/ethnicity-discrimination,2026-10-04T03:46:03.948666+00:00,justia.com,False,http_error,403.0,https://www.justia.com/employment/employment-discrimination/ethnicity-discrimination,5779.0,not_extracted,0,0,,text/html; charset=UTF-8,,,,,,0.0,,
ccd9104dbbc5ffcb0994,https://williamsinstitute.law.ucla.edu/press/trans-higher-ed-press-release,2026-10-04T03:46:04.350902+00:00,ucla.edu,True,downloaded,200.0,https://williamsinstitute.law.ucla.edu/press/trans-higher-ed-press-release/,107365.0,success,3494,546,html,text/html; charset=UTF-8,More than half of transgender students in higher education report poor mental health,Loyal; Thisisloyal Com,2022-04-28,The Williams Institute at UCLA School of Law,https://williamsinstitute.law.ucla.edu/press/trans-higher-ed-press-release/,0.0,ccd9104dbbc5ffcb0994.txt,b012081866bc9a20cdb32918b0d18d7f3530fa4a054235d87cc19e3d6892eb8a
cd3ad747b1007c7f2070,https://cgdev.org/blog/women-policymaking-why-it-matters,2026-10-04T03:46:06.334707+00:00,cgdev.org,False,http_error,403.0,https://cgdev.org/blog/women-policymaking-why-it-matters,5684.0,not_extracted,0,0,,text/html; charset=UTF-8,,,,,,0.0,,
cd450bdd1b75f3cc1a67,https://journals.sagepub.com/doi/10.1177/0093854897024002002,2026-10-04T03:46:06.609186+00:00,sagepub.com,False,http_error,403.0,https://journals.sagepub.com/doi/10.1177/0093854897024002002,5768.0,not_extracted,0,0,,text/html; charset=UTF-8,,,,,,0.0,,
cd461de5272cc0d1bc58,https://journals.sagepub.com/doi/10.1177/00187267261480591,2026-10-04T03:46:06.688566+00:00,sagepub.com,False,http_error,403.0,https://journals.sagepub.com/doi/10.1177/00187267261480591,5762.0,not_extracted,0,0,,text/html; charset=UTF-8,,,,,,0.0,,
cd7b714f97499d88fd86,https://crownschool.uchicago.edu/student-life/advocates-forum/workplace-discrimination-and-undocumented-first-generation-latinx,2026-10-04T03:46:07.155351+00:00,uchicago.edu,True,downloaded,200.0,https://crownschool.uchicago.edu/student-life/advocates-forum/workplace-discrimination-and-undocumented-first-generation-latinx,142220.0,success,21733,3078,html,text/html; charset=UTF-8,Workplace Discrimination and Undocumented First-Generation Latinx Immigrants,,2023-05-18,"Crown Family School of Social Work, Policy, and Practice",https://crownschool.uchicago.edu/student-life/advocates-forum/workplace-discrimination-and-undocumented-first-generation-latinx,0.0,cd7b714f97499d88fd86.txt,29d4ee4cde174209c25c9f7b9333fb850f311a76303a2eee2c531c285f4e13ce
cddef8c5ffafde5490cd,https://pmc.ncbi.nlm.nih.gov/articles/PMC12573526,2026-10-04T03:46:07.615404+00:00,nih.gov,True,downloaded,200.0,https://pmc.ncbi.nlm.nih.gov/articles/PMC12573526,21372.0,success,131,18,html,text/html; charset=utf-8,Checking your browser,,2026-09-11,google.com,https://www.google.com/recaptcha/challengepage,0.0,cddef8c5ffafde5490cd.txt,a29166d0eaaa418bd5af61a282f1183a46c84c4d5e4c90689b1b452d230d05cc
cde5cccc4a7a8817ea28,https://pttcnetwork.org/wp-content/uploads/2023/06/PTTC-CJS-Mini-eBook-ENG.pdf,2026-10-04T03:46:08.453440+00:00,pttcnetwork.org,True,downloaded,200.0,https://pttcnetwork.org/wp-content/uploads/2023/06/PTTC-CJS-Mini-eBook-ENG.pdf,532491.0,success,13318,1822,pdf,application/pdf,,,,,,0.0,cde5cccc4a7a8817ea28.txt,3c84db38cd64f730d0f6b6a363f0e2e03c9168a1de3e28ea7996bb830d6e2598
ce21617ae3bbdc62e052,https://journals.sagepub.com/doi/10.1177/136346099002004004,2026-10-04T03:46:08.542897+00:00,sagepub.com,False,http_error,403.0,https://journals.sagepub.com/doi/10.1177/136346099002004004,5765.0,not_extracted,0,0,,text/html; charset=UTF-8,,,,,,0.0,,
ce53d37fd267f6fd730d,https://phaidoninternational.com/blog/2021/06/5-ways-recruiters-can-be-a-lgbtq-plus-career-ally,2026-10-04T03:46:08.917909+00:00,phaidoninternational.com,True,downloaded,200.0,https://www.phaidoninternational.com/blog/2021/06/5-ways-recruiters-can-be-a-lgbtq-plus-career-ally,1208279.0,success,10751,1663,html,text/html; charset=utf-8,5 Ways Recruiters Can Be a LGBTQ+ Career Ally | Phaidon International,,2021-06-05,Phaidon International,https://www.phaidoninternational.com/blog/2021/06/5-ways-recruiters-can-be-a-lgbtq-plus-career-ally,0.0,ce53d37fd267f6fd730d.txt,20b3aa2b215f966da1febd8657edd2004759301fcb02faecd229268f97dce9fb
ce5ff1a3c2f8b5f18a9c,https://endhomelessness.org/resources/research-and-analysis/housing-instability-among-gender-expansive-people-and-paths-forward,2026-10-04T03:46:09.651125+00:00,endhomelessness.org,True,downloaded,200.0,https://endhomelessness.org/resources/research-and-analysis/housing-instability-among-gender-expansive-people-and-paths-forward,355427.0,success,9317,1314,html,text/html; charset=UTF-8,Housing Instability Among Gender-Expansive People and Paths Forward,Daniel Soucy,2025-06-03,National Alliance to End Homelessness,https://endhomelessness.org/resources/research-and-analysis/housing-instability-among-gender-expansive-people-and-paths-forward/,0.0,ce5ff1a3c2f8b5f18a9c.txt,838cc3efa87c01f108aa80c84fcdf11938eb9e5739bb19b3c5432b897b88a190
ce633f45d56010c18eab,https://pewresearch.org/social-trends/2023/05/17/diversity-equity-and-inclusion-in-the-workplace,2026-10-04T03:46:09.656602+00:00,pewresearch.org,True,downloaded,200.0,https://www.pewresearch.org/social-trends/2023/05/17/diversity-equity-and-inclusion-in-the-workplace/,463392.0,success,26384,4574,html,text/html; charset=UTF-8,"Diversity, Equity and Inclusion in the Workplace",Rachel Minkin,2023-05-17,Pew Research Center,https://www.pewresearch.org/social-trends/2023/05/17/diversity-equity-and-inclusion-in-the-workplace/,0.0,ce633f45d56010c18eab.txt,777c7e0d210a39a60e543ad2de9456e0fe97bd9054c05a77a913e1b63b8104f0
ce90a04b09d8619c4585,https://steinhardt.nyu.edu/metrocenter/research-evaluation/section-3-practices-support-college-access-college-readiness,2026-10-04T03:46:09.914005+00:00,nyu.edu,True,downloaded,200.0,https://steinhardt.nyu.edu/metrocenter/research-evaluation/section-3-practices-support-college-access-college-readiness,131349.0,success,45525,6433,html,text/html; charset=UTF-8,Section 3: Practices that Support College Access & College Readiness,,2021-11-02,NYU Steinhardt,https://steinhardt.nyu.edu/metrocenter/research-evaluation/section-3-practices-support-college-access-college-readiness,0.0,ce90a04b09d8619c4585.txt,e99012691be0738dd5e8ffef401f787d75797692ad9936c8813a0f26afc0fe58
ceaae4f8b0c7affb4b99,https://onlinelibrary.wiley.com/doi/10.1111/puar.13497,2026-10-04T03:46:10.892866+00:00,wiley.com,False,http_error,403.0,https://onlinelibrary.wiley.com/doi/10.1111/puar.13497,5765.0,not_extracted,0,0,,text/html; charset=UTF-8,,,,,,0.0,,
ceed92ed77c30d9ea473,https://patientsafetylearning.org/blog/womens-health-and-patient-safety-accelerating-action-in-four-key-areas,2026-10-04T03:46:11.040179+00:00,patientsafetylearning.org,True,downloaded,200.0,https://www.patientsafetylearning.org/blog/womens-health-and-patient-safety-accelerating-action-in-four-key-areas,49139.0,success,12409,1955,html,text/html; charset=UTF-8,Women's health and patient safety: accelerating action,,2025-03-03,Patient Safety Learning,https://www.patientsafetylearning.org/blog/womens-health-and-patient-safety-accelerating-action-in-four-key-areas,0.0,ceed92ed77c30d9ea473.txt,72a9ecd5a43132df4b9d49d27267a71c337520070e22e3393176660272be635c
cef035ad45aaba1c01db,https://mayfieldis.com/blogs/factors-that-influence-health-insurance-premiums,2026-10-04T03:46:11.597038+00:00,mayfieldis.com,True,downloaded,200.0,https://www.mayfieldis.com/blogs/factors-that-influence-health-insurance-premiums,117283.0,success,4023,587,html,text/html;charset=utf-8,Mayfield & Associates | Gulfport Insurance & Benefits,,2025-02-19,mayfieldis.com,https://www.mayfieldis.com/blogs/factors-that-influence-health-insurance-premiums,0.0,cef035ad45aaba1c01db.txt,6795313d779aa327de7b66cb5158bf6972e0e7cc220bf9bf727dbfb7a15ff612
cef3cf56f30c17ebf1cc,https://blog.neogov.com/are-asian-and-hispanic-applicants-less-likely-to-land-certain-government-jobs-due-to-bias,2026-10-04T03:46:12.753817+00:00,neogov.com,True,downloaded,200.0,https://blog.neogov.com/are-asian-and-hispanic-applicants-less-likely-to-land-certain-government-jobs-due-to-bias,137317.0,success,4604,738,html,text/html; charset=UTF-8,Is Bias Hurting Asian & Hispanic Applicants? | NEOGOV,NEOGOV,2021-05-13,NEOGOV,https://blog.neogov.com/are-asian-and-hispanic-applicants-less-likely-to-land-certain-government-jobs-due-to-bias,0.0,cef3cf56f30c17ebf1cc.txt,82ec064da2e3d28d31b38763198617596255cdfb31407217be07727ff636e7d5
cf1fe57adb31f65a2c38,https://census.gov/newsroom/blogs/random-samplings/2015/09/another-difference-between-the-sexes-health-insurance-coverage-3.html,2026-10-04T03:46:12.949874+00:00,census.gov,True,downloaded,200.0,https://www.census.gov/newsroom/blogs/random-samplings/2015/09/another-difference-between-the-sexes-health-insurance-coverage-3.html,345518.0,success,2143,349,html,text/html; charset=UTF-8,Another Difference Between the Sexes - Health Insurance Coverage,US Census Bureau,2015-09-16,Census.gov,https://www.census.gov/newsroom/blogs/random-samplings/2015/09/another-difference-between-the-sexes-health-insurance-coverage-3.html,0.0,cf1fe57adb31f65a2c38.txt,d79ae6b42c3b50f2af7f6f21357e276f62f010050e2aadcc072562a958bac386
cf31ee7243e59e1d2173,https://clasp.org/blog/centering-black-women-in-the-fight-for-safe-jobs,2026-10-04T03:46:14.090739+00:00,clasp.org,True,downloaded,200.0,https://www.clasp.org/blog/centering-black-women-in-the-fight-for-safe-jobs/,94645.0,success,8290,1176,html,text/html; charset=UTF-8,Centering Black Women in the Fight for Safe Jobs | CLASP,,2026-03-27,CLASP,https://www.clasp.org/blog/centering-black-women-in-the-fight-for-safe-jobs/,0.0,cf31ee7243e59e1d2173.txt,0fd476859d96c1adafdb232df81a67baedcd56a33daa3cde2eda3ce9d087adb8
cf4634cb4263facaa3e2,https://kff.org/uninsured/characteristics-of-remaining-uninsured-men-and-potential-strategies-to-reach-and-enroll-them-in-health-coverage,2026-10-04T03:46:14.648577+00:00,kff.org,True,downloaded,200.0,https://www.kff.org/uninsured/characteristics-of-remaining-uninsured-men-and-potential-strategies-to-reach-and-enroll-them-in-health-coverage/,155187.0,success,22344,3624,html,text/html; charset=UTF-8,Characteristics of Remaining Uninsured Men and Potential Strategies to Reach and Enroll them in Health Coverage | KFF,Elizabeth Hinton; Samantha Artiga,2016-04-14,"KFF - The independent source for health policy research, polling, and news",https://www.kff.org/uninsured/characteristics-of-remaining-uninsured-men-and-potential-strategies-to-reach-and-enroll-them-in-health-coverage/,0.0,cf4634cb4263facaa3e2.txt,83587b9e5b679a972c2300e66aea49c8c19a737a9ab558e269c39ad1f67ad50a
cf6e50ed8ab733829e10,https://digitalcommons.liberty.edu/cgi/viewcontent.cgi?article=8700&context=doctoral,2026-10-04T03:46:14.820680+00:00,liberty.edu,False,http_error,403.0,https://digitalcommons.liberty.edu/cgi/viewcontent.cgi?article=8700&context=doctoral,5807.0,not_extracted,0,0,,text/html; charset=UTF-8,,,,,,0.0,,
cfa5b8762afbcf250fc8,https://tcf.org/content/report/advancing-health-equity-for-black-communities-through-insurance-reform,2026-10-04T03:46:17.013639+00:00,tcf.org,False,http_error,403.0,https://tcf.org/content/report/advancing-health-equity-for-black-communities-through-insurance-reform,4857.0,not_extracted,0,0,,text/html; charset=UTF-8,,,,,,0.0,,
cfac0b7c1daa05d5c865,https://pmc.ncbi.nlm.nih.gov/articles/PMC11196069,2026-10-04T03:46:17.331554+00:00,nih.gov,True,downloaded,200.0,https://pmc.ncbi.nlm.nih.gov/articles/PMC11196069/,195124.0,success,31550,5444,html,text/html; charset=utf-8,"Police and Transgender and Gender Diverse People in the United States: A Brief Note on Interaction, Harassment, and Violence",Madeline R Stenersen; Kathryn Thomas; Sherry McKee,2022-02-08,Journal of interpersonal violence,https://pmc.ncbi.nlm.nih.gov/articles/PMC11196069/,0.0,cfac0b7c1daa05d5c865.txt,a8e86f4f9936b496a9d0b6f695d7a65e309e5a311c92a8466c83cc4467cd1a5f
d02fec0d45ede1aebf9b,https://cbpp.org/research/health/using-snap-data-for-medicaid-renewals-can-keep-eligible-beneficiaries-enrolled,2026-10-04T03:46:17.964852+00:00,cbpp.org,False,http_error,403.0,https://cbpp.org/research/health/using-snap-data-for-medicaid-renewals-can-keep-eligible-beneficiaries-enrolled,6158.0,not_extracted,0,0,,text/html; charset=UTF-8,,,,,,0.0,,
d0360b24d3028475c5ab,https://huduser.gov/portal/sites/default/files/pdf/What-We-Know-About-Mortgage-Lending-Discrimination-in-America.pdf,2026-10-04T03:46:19.620842+00:00,huduser.gov,True,downloaded,202.0,https://huduser.gov/portal/sites/default/files/pdf/What-We-Know-About-Mortgage-Lending-Discrimination-in-America.pdf,2407.0,success,157,26,html,text/html; charset=UTF-8,JavaScript is disabled,,,huduser.gov,https://huduser.gov/portal/sites/default/files/pdf/What-We-Know-About-Mortgage-Lending-Discrimination-in-America.pdf,0.0,d0360b24d3028475c5ab.txt,ebccbd5922b41e48d556f96420b77b24fb66ddfe709666bb5b22acc99765c63f
d0535f747cd36a56b206,https://psnet.ahrq.gov/perspective/ensuring-patient-and-workforce-safety-culture-healthcare,2026-10-04T03:46:20.221086+00:00,ahrq.gov,False,http_error,403.0,https://psnet.ahrq.gov/perspective/ensuring-patient-and-workforce-safety-culture-healthcare,986.0,not_extracted,0,0,,text/html,,,,,,0.0,,
d07b1dc58fe64c76c317,https://csgjusticecenter.org/2021/10/12/how-are-hispanic-individuals-represented-in-the-criminal-justice-system,2026-10-04T03:46:20.393001+00:00,csgjusticecenter.org,True,downloaded,200.0,https://csgjusticecenter.org/2021/10/12/how-are-hispanic-individuals-represented-in-the-criminal-justice-system/,286010.0,success,4797,715,html,text/html; charset=UTF-8,How Are Hispanic Individuals Represented in the Criminal Justice System?,Amelia Vorpahl,2021-10-12,CSG Justice Center,https://csgjusticecenter.org/2021/10/12/how-are-hispanic-individuals-represented-in-the-criminal-justice-system/,0.0,d07b1dc58fe64c76c317.txt,47fdb83fb97a47fe53d45202dc6df9a95126c920bacb99bf09327632ed1900e0
d08871979fe50398d067,https://digitalcommons.calpoly.edu/cgi/viewcontent.cgi?article=1010&context=coe_dean,2026-10-04T03:46:20.554311+00:00,calpoly.edu,False,http_error,403.0,https://digitalcommons.calpoly.edu/cgi/viewcontent.cgi?article=1010&context=coe_dean,5807.0,not_extracted,0,0,,text/html; charset=UTF-8,,,,,,0.0,,
d0a2e47b781a5510d7c7,https://sentencingproject.org/policy-brief/incarcerated-lgbtq-adults-and-youth,2026-10-04T03:46:20.844250+00:00,sentencingproject.org,True,downloaded,200.0,https://www.sentencingproject.org/policy-brief/incarcerated-lgbtq-adults-and-youth/,83150.0,success,2725,378,html,text/html; charset=UTF-8,Incarcerated LGBTQ+ Adults and Youth – The Sentencing Project,Nazgol Ghandnoosh; Ph D; Emma Stammen,2022-06-09,The Sentencing Project,https://www.sentencingproject.org/policy-brief/incarcerated-lgbtq-adults-and-youth/,0.0,d0a2e47b781a5510d7c7.txt,2b42784ede3e4e22b06344e9800a8842ff84ae779df42b1aef7a14dd21509759
d1025717ea2c9f02b03e,https://tandfonline.com/doi/full/10.1080/02673037.2015.1021768,2026-10-04T03:46:21.023137+00:00,tandfonline.com,False,http_error,403.0,https://tandfonline.com/doi/full/10.1080/02673037.2015.1021768,5805.0,not_extracted,0,0,,text/html; charset=UTF-8,,,,,,0.0,,
d113853cc47464af7204,https://williamsinstitute.law.ucla.edu/press/latinx-workplace-press-release,2026-10-04T03:46:21.081291+00:00,ucla.edu,True,downloaded,200.0,https://williamsinstitute.law.ucla.edu/press/latinx-workplace-press-release/,103735.0,success,3341,514,html,text/html; charset=UTF-8,More than half of Latinx LGBTQ employees in the US have experienced discrimination or harassment at work,Loyal; Thisisloyal Com,2024-10-10,The Williams Institute at UCLA School of Law,https://williamsinstitute.law.ucla.edu/press/latinx-workplace-press-release/,0.0,d113853cc47464af7204.txt,15c02da440a0fba9d85065063918537bb660affcfd40710a16f1ae66097e6a7e
d12542251792c0056117,https://openscholarship.wustl.edu/cgi/viewcontent.cgi?article=2004&context=csd_research,2026-10-04T03:46:21.273536+00:00,wustl.edu,False,http_error,403.0,https://openscholarship.wustl.edu/cgi/viewcontent.cgi?article=2004&context=csd_research,5840.0,not_extracted,0,0,,text/html; charset=UTF-8,,,,,,0.0,,
d15b9f7bf89c2f70a561,https://kff.org/womens-health-policy/womens-experiences-with-preventive-and-health-care-services-findings-from-the-2024-kff-womens-health-survey,2026-10-04T03:46:21.740381+00:00,kff.org,True,downloaded,200.0,https://www.kff.org/womens-health-policy/womens-experiences-with-preventive-and-health-care-services-findings-from-the-2024-kff-womens-health-survey/,191507.0,success,16146,2786,html,text/html; charset=UTF-8,Women’s Experiences with Preventive and Health Care Services | KFF,Ivette Gomez; Brittni Frederiksen; Alina Salganicoff,2025-03-12,"KFF - The independent source for health policy research, polling, and news",https://www.kff.org/womens-health-policy/womens-experiences-with-preventive-and-health-care-services-findings-from-the-2024-kff-womens-health-survey/,0.0,d15b9f7bf89c2f70a561.txt,75c6e06a2f27fee502d9d54c3ca808411817d0ebfe632a45eb29606e6a744472
d15bd38bb286f6f59498,https://partnersforjustice.org/evidence/public-benefits-access-and-the-criminal-system,2026-10-04T03:46:23.095499+00:00,partnersforjustice.org,True,downloaded,200.0,https://partnersforjustice.org/evidence/public-benefits-access-and-the-criminal-system,17380.0,success,1469,221,html,text/html; charset=utf-8,Public Benefits Access and the Criminal System,,2025-01-01,partnersforjustice.org,https://partnersforjustice.org/evidence/public-benefits-access-and-the-criminal-system,0.0,d15bd38bb286f6f59498.txt,d69031582cf5238d64106d4e916a0aa9d150f91610e6c4b2123ec8d83be6a4fd
d170e49ee5530c51beed,https://ednc.org/bullying-another-challenge-students-disabilities,2026-10-04T03:46:23.797394+00:00,ednc.org,True,downloaded,200.0,https://www.ednc.org/bullying-another-challenge-students-disabilities/,102849.0,success,3563,569,html,text/html; charset=UTF-8,Bullying: Another challenge for students with disabilities,Lucy Ireland,2016-10-03,EdNC,https://www.ednc.org/bullying-another-challenge-students-disabilities/,0.0,d170e49ee5530c51beed.txt,c204e5d520a95053c91fcc85c10761a2e8bb5a2e37b5045f46d8c4aa209c48a6
d172ba666565b5ea7b41,https://aclrc.com/education-programs/resources-for-teachers/bullying/bullying-and-lgbt-students,2026-10-04T03:46:24.173147+00:00,aclrc.com,True,downloaded,200.0,https://www.aclrc.com/education-programs/resources-for-teachers/bullying/bullying-and-lgbt-students,27709.0,success,23098,930,html,text/html; charset=UTF-8,,,,,,0.0,d172ba666565b5ea7b41.txt,d4ee09527eb5426d0447cdf118954e485ae79a8342fc718cd1f691d23159c43b
d1890756a60b73ad1abd,https://ama-assn.org/system/files/transgender-coverage-issue-brief.pdf,2026-10-04T03:46:24.334042+00:00,ama-assn.org,False,http_error,403.0,https://www.ama-assn.org/system/files/transgender-coverage-issue-brief.pdf,4549.0,not_extracted,0,0,,text/html; charset=UTF-8,,,,,,0.0,,
d18a130a1e025c5d6ac2,https://jennifertardy.com/linkedin-newsletter-articles/four-barriers-to-equal-representation-for-hispanic-workers-in-us,2026-10-04T03:46:24.789683+00:00,jennifertardy.com,True,downloaded,200.0,https://www.jennifertardy.com/linkedin-newsletter-articles/four-barriers-to-equal-representation-for-hispanic-workers-in-us,166259.0,success,7705,1162,html,text/html;charset=utf-8,Four Barriers to Equal Representation for Hispanic Workers in the US — Jennifer Tardy Consulting - Diversity Recruiting Expert + Career Coach,Jennifer Tardy,2023-09-14,Jennifer Tardy Consulting - Diversity Recruiting Expert + Career Coach,https://www.jennifertardy.com/linkedin-newsletter-articles/four-barriers-to-equal-representation-for-hispanic-workers-in-us,0.0,d18a130a1e025c5d6ac2.txt,a106c5fb5822f3579ee82d130fe0860b83e592a245337c5b88a4e20f18c73d92
d18e43c0988afd3399d6,https://youtube.com/watch?t=2&v=nSXCOrEQu2k,2026-10-04T03:46:25.266833+00:00,youtube.com,True,downloaded,200.0,https://www.youtube.com/watch?t=2&v=nSXCOrEQu2k,1291545.0,success,146,23,html,text/html; charset=utf-8,5 Signs That You Will Be Approved for Disability,,2024-05-03,YouTube,https://www.youtube.com/watch?v=nSXCOrEQu2k,0.0,d18e43c0988afd3399d6.txt,8dbba17988e385133ba8f51d76cde1fc2c859262b666cb848e9cfe2478fd5e71
d1a1e7ff99a19c783f27,https://hrc.org/resources/transitioning-in-the-workplace-a-guide-for-trans-employees,2026-10-04T03:46:26.690888+00:00,hrc.org,True,downloaded,200.0,https://www.hrc.org/resources/transitioning-in-the-workplace-a-guide-for-trans-employees,120578.0,success,9981,1415,html,text/html; charset=UTF-8,Transitioning in the Workplace: A Guide for Trans Employees,,2023-05-01,Transitioning in the Workplace: A Guide for Trans Employees,https://www.hrc.org/resources/transitioning-in-the-workplace-a-guide-for-trans-employees,0.0,d1a1e7ff99a19c783f27.txt,0fb6faf5a2af01804076dc7e1856260d98f4f9424c4ce7ed925f7b1e63c93add
d1ab963fa1d1040ccb20,https://cbpp.org/research/streamlining-and-coordinating-benefit-programs-application-procedures,2026-10-04T03:46:28.061072+00:00,cbpp.org,False,http_error,403.0,https://cbpp.org/research/streamlining-and-coordinating-benefit-programs-application-procedures,6158.0,not_extracted,0,0,,text/html; charset=UTF-8,,,,,,0.0,,
d1b14a16c6d331c65419,https://bostonbar.org/journal/transgender-student-admissions-the-challenge-of-defining-gender-in-a-gender-fluid-world,2026-10-04T03:46:28.117181+00:00,bostonbar.org,True,downloaded,200.0,https://bostonbar.org/journal/transgender-student-admissions-the-challenge-of-defining-gender-in-a-gender-fluid-world/,110165.0,success,18251,2619,html,text/html; charset=UTF-8,Transgender Student Admissions: The Challenge of Defining Gender in a Gender Fluid World - Boston Bar Association,,2022-06-07,Boston Bar Association,https://bostonbar.org/journal/transgender-student-admissions-the-challenge-of-defining-gender-in-a-gender-fluid-world/,0.0,d1b14a16c6d331c65419.txt,71477eb5e74250f5c769a974e9a345887b25e3fb9fa4b0a4e5883310cde8619c
d26c4b08f15685b3ce67,https://nationaldisabilityinstitute.org/financial-resilience-center/benefits,2026-10-04T03:46:31.927449+00:00,nationaldisabilityinstitute.org,True,downloaded,200.0,https://www.nationaldisabilityinstitute.org/financial-resilience-center/benefits/,240161.0,success,22225,3683,html,text/html; charset=UTF-8,Public Benefits for People with Disabilities | Financial Resilience Center,Katie Auchenbach,2020-04-08,National Disability Institute,https://www.nationaldisabilityinstitute.org/financial-resilience-center/benefits/,0.0,d26c4b08f15685b3ce67.txt,20820d201df93f7f3a4a159d117907041741f366987ce2fa5b3be1cf611a3bf6
d27c8750ae3d8e513f78,https://fahe.org/the-benefits-cliff-eliminating-barriers-to-transitioning-off-public-benefits,2026-10-04T03:46:31.969777+00:00,fahe.org,False,http_error,403.0,https://fahe.org/the-benefits-cliff-eliminating-barriers-to-transitioning-off-public-benefits,5861.0,not_extracted,0,0,,text/html; charset=UTF-8,,,,,,0.0,,
d2954b9ed58d0f0ff7db,https://mapresearch.org/equality-map/medicaid-coverage-of-transgender-related-health-care,2026-10-04T03:46:32.088900+00:00,mapresearch.org,True,downloaded,200.0,https://mapresearch.org/equality-map/medicaid-coverage-of-transgender-related-health-care,458379.0,success,14237,1107,html,text/html; charset=UTF-8,Medicaid Coverage of Transgender-Related Health Care - Movement Advancement Project,,2026-07-13,Movement Advancement Project,https://mapresearch.org/equality-map/medicaid-coverage-of-transgender-related-health-care/,0.0,d2954b9ed58d0f0ff7db.txt,5855025f38fbe6b9c7a6819a6dd03617f17bb3cb50f74cffcc7a72b60ce50149
d2b0472c079a116df699,https://housingup.org/2025/02/26/racism-and-homelessness,2026-10-04T03:46:32.530085+00:00,housingup.org,True,downloaded,200.0,http://housingup.org/2025/02/26/racism-and-homelessness/,63482.0,success,9907,1453,html,text/html; charset=UTF-8,Racism and Homelessness - Housing Up,Sarah Jaleel,2025-02-26,Housing Up,https://housingup.org/2025/02/26/racism-and-homelessness/,0.0,d2b0472c079a116df699.txt,69d8cdb1e2212cf5050a9adf941227a4bc3685dcc9e0a03d9c1b11b5496b3879
d2ca68f23ead6fa5fb5b,https://aecf.org/resources/improving-access-to-public-benefits,2026-10-04T03:46:33.135500+00:00,aecf.org,False,http_error,403.0,https://www.aecf.org/resources/improving-access-to-public-benefits,5708.0,not_extracted,0,0,,text/html; charset=UTF-8,,,,,,0.0,,
d2d2f98d9fee8c4598fb,https://pmc.ncbi.nlm.nih.gov/articles/PMC10953678,2026-10-04T03:46:33.614691+00:00,nih.gov,True,downloaded,200.0,https://pmc.ncbi.nlm.nih.gov/articles/PMC10953678,21371.0,success,131,18,html,text/html; charset=utf-8,Checking your browser,,2026-09-11,google.com,https://www.google.com/recaptcha/challengepage,0.0,d2d2f98d9fee8c4598fb.txt,a29166d0eaaa418bd5af61a282f1183a46c84c4d5e4c90689b1b452d230d05cc
d2df805a2e846a8b0ce0,https://naacp.org/resources/criminal-justice-fact-sheet,2026-10-04T03:46:35.376923+00:00,naacp.org,True,downloaded,200.0,https://naacp.org/resources/criminal-justice-fact-sheet,144328.0,success,15053,2474,html,text/html; charset=utf-8,Criminal Justice Fact Sheet,,2021-05-24,NAACP,https://naacp.org/resources/criminal-justice-fact-sheet,0.0,d2df805a2e846a8b0ce0.txt,8c076f070299ce67a654c2d165613b91a8550cb973de087b85c7e1362898b5d7
d2fd709bf244948dae97,https://worldebhcday.org/blog/2023/ethnic-and-racial-disparities-and-patient-safety,2026-10-04T03:46:35.524783+00:00,worldebhcday.org,True,downloaded,200.0,https://worldebhcday.org/blog/2023/ethnic-and-racial-disparities-and-patient-safety,31582.0,success,6841,992,html,text/html; charset=utf-8,Ethnic and racial disparities and patient safety,Prof Maristela Martins,2023-10-10,worldebhcday.org,https://worldebhcday.org/blog/2023/ethnic-and-racial-disparities-and-patient-safety,0.0,d2fd709bf244948dae97.txt,f0bcdf713a54a13c662b9755b698b6970045dc51cab1f59c61662b86745c1440
d31c65afcd2400ef778f,https://waldenu.edu/online-bachelors-programs/bs-in-criminal-justice/resource/what-influences-criminal-behavior,2026-10-04T03:46:35.962350+00:00,waldenu.edu,True,downloaded,200.0,https://www.waldenu.edu/online-bachelors-programs/bs-in-criminal-justice/resource/what-influences-criminal-behavior,633319.0,success,7761,1133,html,text/html; charset=utf-8,what-influences-criminal-behavior,Walden University,2017-05-02,Walden University,https://www.waldenu.edu/online-bachelors-programs/bs-in-criminal-justice/resource/what-influences-criminal-behavior,0.0,d31c65afcd2400ef778f.txt,a8cd479795b3a1a9f8c8ef6401f848a0b03961ac549ec2875c348b25c3545b43
d37c184949d55e0901a1,https://pmc.ncbi.nlm.nih.gov/articles/PMC11148781,2026-10-04T03:46:36.129849+00:00,nih.gov,True,downloaded,200.0,https://pmc.ncbi.nlm.nih.gov/articles/PMC11148781/,114296.0,success,8168,1165,html,text/html; charset=utf-8,Racial and Ethnic Disparities in Medicaid Disenrollment After the End of the COVID-19 Public Health Emergency,Kranti C Rumalla; Daniel B Nelson; K John McConnell; Jane M Zhu,2024-06-03,JAMA Internal Medicine,https://pmc.ncbi.nlm.nih.gov/articles/PMC11148781/,0.0,d37c184949d55e0901a1.txt,05e1c53b6f6f174a84e10b01c8c0ad371861b46ca3e9b8cda112118dc750b004
d3957e808a99d7ffee84,https://homelesshub.ca/blog/2023/five-arguments-trans-inclusion-homelessness-sector,2026-10-04T03:46:36.673550+00:00,homelesshub.ca,False,http_error,403.0,https://homelesshub.ca/blog/2023/five-arguments-trans-inclusion-homelessness-sector,52.0,not_extracted,0,0,,text/html,,,,,,0.0,,
d3b551b592df7267acb4,https://bofcu.com/unlocking-opportunities-understanding-the-impact-of-credit-scores-on-loan-approvals,2026-10-04T03:46:36.822686+00:00,bofcu.com,True,downloaded,200.0,https://www.bofcu.com/unlocking-opportunities-understanding-the-impact-of-credit-scores-on-loan-approvals/,168373.0,success,3193,493,html,text/html; charset=UTF-8,Unlocking Opportunities: Understanding the Impact of Credit Scores on Loan Approvals - Bridgeton Onized Federal Credit Union,Dexter Ochoa,2024-04-22,Bridgeton Onized Federal Credit Union,https://www.bofcu.com/unlocking-opportunities-understanding-the-impact-of-credit-scores-on-loan-approvals/,0.0,d3b551b592df7267acb4.txt,eba9db7ace3136d65b4d805113118e6e9e4b86958dc1a11767e6ae8231340101
d3eedc2b6bc7b188352d,https://youtube.com/watch?v=3ihDXeAzhHk,2026-10-04T03:46:36.876576+00:00,youtube.com,True,downloaded,200.0,https://www.youtube.com/watch?v=3ihDXeAzhHk,1415277.0,success,146,23,html,text/html; charset=utf-8,Why Can the Police Arrest Me? 🚓 Why Probable Cause Matters in Florida,,2025-10-21,YouTube,https://www.youtube.com/watch?v=3ihDXeAzhHk,0.0,d3eedc2b6bc7b188352d.txt,8dbba17988e385133ba8f51d76cde1fc2c859262b666cb848e9cfe2478fd5e71
d44c7238be804aad7a7c,https://housingvisions.org/lgbtq-and-fair-housing,2026-10-04T03:46:38.956009+00:00,housingvisions.org,True,downloaded,200.0,https://www.housingvisions.org/lgbtq-and-fair-housing/,57274.0,success,4106,639,html,text/html; charset=UTF-8,LGBTQ+ and Fair Housing | Housing Visions,,2023-06-20,Housing Visions,https://www.housingvisions.org/lgbtq-and-fair-housing/,0.0,d44c7238be804aad7a7c.txt,559915bba337b73f33e2e1a4ef1d02810fc9a54b6d1665257a057336c23b8f0c
d45ca852cb6c8c7af9d1,https://pew.org/en/research-and-analysis/issue-briefs/2023/05/racial-disparities-persist-in-many-us-jails,2026-10-04T03:46:39.549641+00:00,pew.org,False,http_error,403.0,https://www.pew.org/en/research-and-analysis/issue-briefs/2023/05/racial-disparities-persist-in-many-us-jails,5903.0,not_extracted,0,0,,text/html; charset=UTF-8,,,,,,0.0,,
d477e00635e2fbe40230,https://annescollege.fsu.edu/sites/g/files/upcbnu4516/files/2024-08/Bullying%20Statistics.pdf,2026-10-04T03:46:40.755943+00:00,fsu.edu,True,downloaded,200.0,https://annescollege.fsu.edu/sites/g/files/upcbnu4516/files/2024-08/Bullying%20Statistics.pdf,757309.0,success,3071,453,pdf,application/pdf,,,,,,0.0,d477e00635e2fbe40230.txt,3676d1b13e9d453081539f391ae7dbb3ed97a20806fb5f624259c38f40a5309b
d4ba29bad9fb86cb87fd,https://tandfonline.com/doi/abs/10.2147/RMHP.S497337,2026-10-04T03:46:42.537304+00:00,tandfonline.com,False,http_error,403.0,https://tandfonline.com/doi/abs/10.2147/RMHP.S497337,5753.0,not_extracted,0,0,,text/html; charset=UTF-8,,,,,,0.0,,
d4f1faa22caf33e59252,https://cbpp.org/research/health/improving-snap-and-medicaid-access-medicaid-renewals,2026-10-04T03:46:42.652929+00:00,cbpp.org,False,http_error,403.0,https://cbpp.org/research/health/improving-snap-and-medicaid-access-medicaid-renewals,6158.0,not_extracted,0,0,,text/html; charset=UTF-8,,,,,,0.0,,
d4f2d828057111b9f2bd,https://mdpi.com/2674-1032/4/1/8,2026-10-04T03:46:44.048723+00:00,mdpi.com,False,http_error,403.0,https://mdpi.com/2674-1032/4/1/8,389.0,not_extracted,0,0,,text/html,,,,,,0.0,,
d4ffed8020576cefcdf1,https://nij.ojp.gov/topics/articles/overview-police-use-force,2026-10-04T03:46:44.142453+00:00,ojp.gov,True,downloaded,200.0,https://nij.ojp.gov/topics/articles/overview-police-use-force,56318.0,success,2301,368,html,text/html; charset=UTF-8,Overview of Police Use of Force,,2020-03-05,National Institute of Justice,https://nij.ojp.gov/topics/articles/overview-police-use-force,0.0,d4ffed8020576cefcdf1.txt,95326a6ce5332285d4b94c3fe2be66b5b7de6a2749cef4c676b084f7c3058531
d55d20c9100af8ae4b1f,https://facebook.com/7NewsDC/videos/access-to-credit-plays-a-critical-role-in-financial-stability-and-opportunity-so/1013817464964557,2026-10-04T03:46:44.804004+00:00,facebook.com,False,robots_disallowed,,https://facebook.com/7NewsDC/videos/access-to-credit-plays-a-critical-role-in-financial-stability-and-opportunity-so/1013817464964557,,not_extracted,0,0,,,,,,,,,,
d5ee37fe532b36f64d5d,https://pmc.ncbi.nlm.nih.gov/articles/PMC7842519,2026-10-04T03:46:44.804230+00:00,nih.gov,True,downloaded,200.0,https://pmc.ncbi.nlm.nih.gov/articles/PMC7842519,21366.0,success,131,18,html,text/html; charset=utf-8,Checking your browser,,2026-09-11,google.com,https://www.google.com/recaptcha/challengepage,0.0,d5ee37fe532b36f64d5d.txt,a29166d0eaaa418bd5af61a282f1183a46c84c4d5e4c90689b1b452d230d05cc
d5f6cf0f22e13a5ff8e6,https://ivypanda.com/essays/racist-bullying-among-black-students-in-us-universities,2026-10-04T03:46:45.985831+00:00,ivypanda.com,True,downloaded,200.0,https://ivypanda.com/essays/racist-bullying-among-black-students-in-us-universities/,114984.0,success,22476,3257,html,text/html; charset=utf-8,Racist Bullying Among Black University Students - 2987 Words | Research Paper Example,,2023-05-08,IvyPanda,https://ivypanda.com/essays/racist-bullying-among-black-students-in-us-universities/,0.0,d5f6cf0f22e13a5ff8e6.txt,666eb6a97117f8d6dd93420cc8c71450936a7b8de7b05eab2db38503c5c615a3
d624741168d773cb2241,https://ojp.gov/library/publications/understanding-police-decisions-arrest-impact-situational-officer-and,2026-10-04T03:46:47.145421+00:00,ojp.gov,True,downloaded,200.0,https://www.ojp.gov/library/publications/understanding-police-decisions-arrest-impact-situational-officer-and,55883.0,success,1593,218,html,text/html; charset=UTF-8,"Understanding police decisions to arrest: The impact of situational, officer, and neighborhood characteristics on police discretion | Office of Justice Programs",Author Jessica Huff,2021-01-01,Office of Justice Programs,https://www.ojp.gov/library/publications/understanding-police-decisions-arrest-impact-situational-officer-and,0.0,d624741168d773cb2241.txt,8be00374ba00da875d23edfcf4ca2fc794f3c368916eb629c275532da5ef71cc
d692f888745398850821,https://aeaweb.org/conference/2019/preliminary/paper/2EAtra4a,2026-10-04T03:46:47.215300+00:00,aeaweb.org,True,downloaded,200.0,https://www.aeaweb.org/conference/2019/preliminary/paper/2EAtra4a,298704.0,success,64475,10093,pdf,application/pdf,,,,,,0.0,d692f888745398850821.txt,c9885fe9858bae4222789877a69260b56cf26821ce507a7929d341e0a1353c93
d6a9435ef25c1daf4ca2,https://pmc.ncbi.nlm.nih.gov/articles/PMC7506501,2026-10-04T03:46:47.533397+00:00,nih.gov,True,downloaded,200.0,https://pmc.ncbi.nlm.nih.gov/articles/PMC7506501/,257741.0,success,66567,10048,html,text/html; charset=utf-8,Intersectional social control: The roles of incarceration and police discrimination in psychological and HIV-related outcomes for Black sexual minority men,Devin English; Joseph A Carter; Lisa Bowleg; David J Malebranche; Ali J Talan; H Jonathon Rendina,2020-06-12,Social science & medicine (1982),https://pmc.ncbi.nlm.nih.gov/articles/PMC7506501/,0.0,d6a9435ef25c1daf4ca2.txt,9bbafb4b247a89306749fe007d3a6dab366fc997e81e7d05306b78c118a3178c
d6b6d3f9857de00d81ec,https://acl.gov/HousingAndServices/Homelessness,2026-10-04T03:46:48.000964+00:00,acl.gov,False,http_error,403.0,https://acl.gov/HousingAndServices/Homelessness,179.0,not_extracted,0,0,,text/html,,,,,,0.0,,
d6d632067d0ebd46c6d0,https://oedb.org/women-grant,2026-10-04T03:46:48.173883+00:00,oedb.org,True,downloaded,200.0,https://www.oedb.org/women-grant/,337658.0,success,3754,592,html,text/html; charset=utf-8,OEDB.org,,2013-05-02,oedb.org,https://www.oedb.org/women-grant/,0.0,d6d632067d0ebd46c6d0.txt,478c448adb06ab45e27308aba8af746c682c54b4bbb91987adf1ca57d892d800
d6e1b149ae6c80ad7ea0,https://pmc.ncbi.nlm.nih.gov/articles/PMC5943618,2026-10-04T03:46:50.368716+00:00,nih.gov,True,downloaded,200.0,https://pmc.ncbi.nlm.nih.gov/articles/PMC5943618,21368.0,success,131,18,html,text/html; charset=utf-8,Checking your browser,,2026-09-11,google.com,https://www.google.com/recaptcha/challengepage,0.0,d6e1b149ae6c80ad7ea0.txt,a29166d0eaaa418bd5af61a282f1183a46c84c4d5e4c90689b1b452d230d05cc
d738b7befe066abbe506,https://armstrongatlaw.com/blog/2023/10/four-environmental-factors-that-raise-the-risk-of-sexual-harassment,2026-10-04T03:46:51.089607+00:00,armstrongatlaw.com,False,http_error,403.0,https://armstrongatlaw.com/blog/2023/10/four-environmental-factors-that-raise-the-risk-of-sexual-harassment,52.0,not_extracted,0,0,,text/html,,,,,,0.0,,
d80838d7354c1c72515a,https://finance.yahoo.com/news/establish-credit-adults-disabilities-203405315.html,2026-10-04T03:46:51.377672+00:00,yahoo.com,True,downloaded,200.0,https://finance.yahoo.com/news/establish-credit-adults-disabilities-203405315.html,1134779.0,success,2865,442,html,text/html; charset=utf-8,How to establish credit for adults with disabilities,Katie Kelton,2024-05-31,Yahoo! Finance,https://finance.yahoo.com/news/establish-credit-adults-disabilities-203405315.html,0.0,d80838d7354c1c72515a.txt,b3b7d6cefcdf5a912ecbc8bf53302ff2c0b3a309f4e1c566f367be055e688e78
d81a2a09aa46bb4da7f7,https://adata.org/research-brief/digital-access-students-higher-education-and-ada,2026-10-04T03:46:52.125741+00:00,adata.org,True,downloaded,200.0,https://adata.org/research-brief/digital-access-students-higher-education-and-ada/,73288.0,success,34097,4749,html,text/html; charset=UTF-8,Digital Access for Students in Higher Education and the ADA,An ADA Knowledge Translation Center Research Brief,2017-02-01,ADATA.org,https://adata.org/research-brief/digital-access-students-higher-education-and-ada/,0.0,d81a2a09aa46bb4da7f7.txt,e423a28ad850844e23e00c25d26eb3e0bda5aaad0ba5967a73c3093ac2f9fc8a
d8b424e3f0d73bd09c89,https://afi-global.org/opinion/financially-including-people-with-disabilities-is-possible-heres-how,2026-10-04T03:46:52.293807+00:00,afi-global.org,True,downloaded,200.0,https://afi-global.org/opinion/financially-including-people-with-disabilities-is-possible-heres-how/,1512207.0,success,5750,853,html,text/html; charset=UTF-8,Financially including people with disabilities is possible – here’s how - Alliance for Financial Inclusion,Dougal Thomson,2024-09-23,Alliance for Financial Inclusion - Bringing smart policies to life,https://afi-global.org/opinion/financially-including-people-with-disabilities-is-possible-heres-how/,0.0,d8b424e3f0d73bd09c89.txt,c9c3bd756c31dc9de38fbd5baee8a65da7c7770d68accf5e199ae754a490e3fe
d8e45e89443f3c519c56,https://online.campbellsville.edu/social-work/factors-that-cause-homelessness,2026-10-04T03:46:52.542991+00:00,campbellsville.edu,True,downloaded,200.0,https://online.campbellsville.edu/social-work/factors-that-cause-homelessness/,72456.0,success,16685,2386,html,text/html; charset=UTF-8,Causes of Homelessness: Main Factors Explained,Admin-Risepoint,2026-08-28,CU Online,https://online.campbellsville.edu/social-work/factors-that-cause-homelessness/,0.0,d8e45e89443f3c519c56.txt,10e1b9d68f6ebe40c0bffc2d2ea99e080ddf03e063f6c00179f98d40b7f74e4f
d958d8cdf424a7b44361,https://williamsinstitute.law.ucla.edu/wp-content/uploads/Medicaid-Gender-Care-Oct-2019.pdf,2026-10-04T03:46:53.612245+00:00,ucla.edu,True,downloaded,200.0,https://williamsinstitute.law.ucla.edu/wp-content/uploads/Medicaid-Gender-Care-Oct-2019.pdf,4517541.0,success,60447,8427,pdf,application/pdf,,,,,,0.0,d958d8cdf424a7b44361.txt,c5b84af315eb7bd135c81c074b17f76876e18379b6095abeaf5cfa3cf9233f9a
d97ee289690dc6168e75,https://includedhealth.com/blog/health/types-of-preventive-care-for-black-health,2026-10-04T03:46:54.282606+00:00,includedhealth.com,True,downloaded,200.0,https://includedhealth.com/blog/health/types-of-preventive-care-for-black-health/,201944.0,success,5583,793,html,text/html; charset=UTF-8,Best Defense is Good Offense: Types of Preventive Care for Black Health,Sasha Charlemagne she; They,2023-09-07,Included Health,https://includedhealth.com/blog/health/types-of-preventive-care-for-black-health/,0.0,d97ee289690dc6168e75.txt,f9a3b217ae39d391e1e83428388eac29083e1838573b74e571d6f8704be91aa6
d97fb2830f9f2488aeae,https://home.treasury.gov/news/featured-stories/spotlighting-womens-retirement-security,2026-10-04T03:46:55.059150+00:00,treasury.gov,True,downloaded,200.0,https://home.treasury.gov/news/featured-stories/spotlighting-womens-retirement-security,129082.0,success,41502,5296,html,text/html; charset=utf-8,Spotlighting Women’s Retirement Security,,2024-09-20,U.S. Department of the Treasury,https://home.treasury.gov/news/featured-stories/spotlighting-womens-retirement-security,0.0,d97fb2830f9f2488aeae.txt,496726ccdcf40118300a89c7a2b1eb1485276ba20e82d3de430745a738f0ba23
d9884bc0e4d5d3c9369d,https://ama-assn.org/public-health/population-health/caring-transgender-patients-experts-offer-guidance,2026-10-04T03:46:55.310656+00:00,ama-assn.org,False,http_error,403.0,https://www.ama-assn.org/public-health/population-health/caring-transgender-patients-experts-offer-guidance,5487.0,not_extracted,0,0,,text/html; charset=UTF-8,,,,,,0.0,,
d98d8b936e8385a75384,https://pewresearch.org/race-and-ethnicity/2009/10/07/latinos-and-education-explaining-the-attainment-gap,2026-10-04T03:46:57.052071+00:00,pewresearch.org,True,downloaded,200.0,https://www.pewresearch.org/race-and-ethnicity/2009/10/07/latinos-and-education-explaining-the-attainment-gap/,423009.0,success,12031,2063,html,text/html; charset=UTF-8,Latinos and Education: Explaining the Attainment Gap,Mark Hugo Lopez,2009-10-07,Pew Research Center,https://www.pewresearch.org/race-and-ethnicity/2009/10/07/latinos-and-education-explaining-the-attainment-gap/,0.0,d98d8b936e8385a75384.txt,1053cb8f0194aa063b32fdf36bcb2f5fa282a8b5cbf196a409f26b4d6fb41094
da025fc3fb4e84ef3e4b,https://medium.com/@jeankquam/falling-behind-understanding-the-challenges-facing-latino-education-in-the-u-s-f92bd776110b,2026-10-04T03:46:57.456460+00:00,medium.com,False,http_error,403.0,https://medium.com/@jeankquam/falling-behind-understanding-the-challenges-facing-latino-education-in-the-u-s-f92bd776110b,5402.0,not_extracted,0,0,,text/html; charset=UTF-8,,,,,,0.0,,
da02e2656e4222af4663,https://ed.gov/media/document/enroll98pdf-54909.pdf,2026-10-04T03:46:58.683820+00:00,ed.gov,False,http_error,403.0,https://www.ed.gov/media/document/enroll98pdf-54909.pdf,11701.0,not_extracted,0,0,,text/html,,,,,,0.0,,
da0927b52b726ea6b0bb,https://clsmas.soceco.uci.edu/news/new-report-sheds-light-latinos-us-criminal-justice-system,2026-10-04T03:46:58.760202+00:00,uci.edu,True,downloaded,200.0,https://clsmas.soceco.uci.edu/news/new-report-sheds-light-latinos-us-criminal-justice-system,33369.0,success,6502,964,html,text/html; charset=UTF-8,New report sheds light on Latinos in U.S. criminal justice system,,2023-03-22,New report sheds light on Latinos in U.S. criminal justice system,https://clsmas.soceco.uci.edu/news/new-report-sheds-light-latinos-us-criminal-justice-system,0.0,da0927b52b726ea6b0bb.txt,e5ba5b6d80984d43be710f9277745d5fb2ed9d04efe6db28a792e8d32f518017
da3aedd6f5afe8368335,https://escalon.services/blog/finance/financial-inclusion-initiatives-expanding-access-to-banking-services,2026-10-04T03:46:58.886345+00:00,escalon.services,True,downloaded,200.0,https://escalon.services/blog/finance/financial-inclusion-initiatives-expanding-access-to-banking-services,390564.0,success,6961,1045,html,text/html; charset=UTF-8,Financial Inclusion Initiatives: Expanding Access to Banking Services,Escalon Editorial Team,2023-11-15,Escalon Editorial Team,https://escalon.services/blog/finance/financial-inclusion-initiatives-expanding-access-to-banking-services,0.0,da3aedd6f5afe8368335.txt,300da2e216d457c5f6c12f4e7f68dbd8de932c0c5f424288ca82f31d1a5d082f
da6a6aa644f765e7b33b,https://bcm.edu/news/the-importance-of-preventative-care-for-women,2026-10-04T03:46:59.123907+00:00,bcm.edu,True,downloaded,200.0,https://www.bcm.edu/news/the-importance-of-preventative-care-for-women,1115093.0,success,2360,372,html,text/html; charset=utf-8,The importance of preventative care for women,Homa Warren,2025-03-13,Baylor College of Medicine,https://www.bcm.edu/news/the-importance-of-preventative-care-for-women,0.0,da6a6aa644f765e7b33b.txt,aef3b76b413182a693c441b452f218f911d9990e421a5c07103a82da0b9e1400
da814da11949efab1489,https://prisonpolicy.org/research/disability,2026-10-04T03:47:00.545589+00:00,prisonpolicy.org,True,downloaded,200.0,https://www.prisonpolicy.org/research/disability/,49778.0,success,6316,924,html,text/html; charset=UTF-8,Disability,Prison Policy Initiative,2026-01-01,PrisonPolicy,https://www.prisonpolicy.org/research/disability/,0.0,da814da11949efab1489.txt,d057295e3dad1edff416205b6120a46c76e16883b682b621d8c55e8f9e05ce8c
daa7b9fdbfeba62199fc,https://canr.msu.edu/news/dont_confuse_bullying_with_harassment,2026-10-04T03:47:01.205218+00:00,msu.edu,True,downloaded,200.0,https://www.canr.msu.edu/news/dont_confuse_bullying_with_harassment,960.0,success,82,6,html,text/html,,,,canr.msu.edu,https://www.canr.msu.edu/news/dont_confuse_bullying_with_harassment,0.0,daa7b9fdbfeba62199fc.txt,cca890b1c9d7f6bf1004332b171186a5a42c321f8f16bd6c2d7796cb7d9e73d8
dae3d5821652ad770851,https://hrw.org/report/2016/12/07/walking-through-hailstorm/discrimination-against-lgbt-youth-us-schools,2026-10-04T03:47:01.600732+00:00,hrw.org,True,downloaded,200.0,https://www.hrw.org/report/2016/12/07/walking-through-hailstorm/discrimination-against-lgbt-youth-us-schools,529274.0,success,173060,27464,html,text/html; charset=utf-8,“Like Walking Through a Hailstorm”,Ryan Thoreson,2016-12-07,Human Rights Watch,https://www.hrw.org/report/2016/12/07/walking-through-hailstorm/discrimination-against-lgbt-youth-us-schools,0.0,dae3d5821652ad770851.txt,7fdd1261c8927f7c5020579e5663bd475ba43282bc319c12f3dd2264bb30b820
db004479636865c5a76b,https://lendingtree.com/home/mortgage/lendingtree-study-black-homebuyers-more-likely-to-be-denied-mortgages-than-other-homebuyers,2026-10-04T03:47:04.710541+00:00,lendingtree.com,True,downloaded,200.0,https://www.lendingtree.com/home/mortgage/lendingtree-study-black-homebuyers-more-likely-to-be-denied-mortgages-than-other-homebuyers/,452054.0,success,20456,3673,html,text/html; charset=UTF-8,Black Homebuyers 1.7 Times More Likely to Be Denied for Mortgages Than All Homebuyers,Alaya Linton Edited by Jamie Cattanach,2020-07-07,LendingTree,https://www.lendingtree.com/home/mortgage/lendingtree-study-black-homebuyers-more-likely-to-be-denied-mortgages-than-other-homebuyers/,0.0,db004479636865c5a76b.txt,c14d44c6a7ba1e64e1f8d50b295f748524aaa26d828899d8fa726e9acfba2507
db2914011cc6308b52db,https://pmc.ncbi.nlm.nih.gov/articles/PMC9723913,2026-10-04T03:47:04.765892+00:00,nih.gov,True,downloaded,200.0,https://pmc.ncbi.nlm.nih.gov/articles/PMC9723913,21368.0,success,131,18,html,text/html; charset=utf-8,Checking your browser,,2026-09-11,google.com,https://www.google.com/recaptcha/challengepage,0.0,db2914011cc6308b52db.txt,a29166d0eaaa418bd5af61a282f1183a46c84c4d5e4c90689b1b452d230d05cc
db4c53c3b77066bb6b6d,https://pmc.ncbi.nlm.nih.gov/articles/PMC5798675,2026-10-04T03:47:04.862730+00:00,nih.gov,True,downloaded,200.0,https://pmc.ncbi.nlm.nih.gov/articles/PMC5798675/,204675.0,success,42332,6700,html,text/html; charset=utf-8,"Disparities in Insurance Coverage, Health Services Use, and Access Following Implementation of the Affordable Care Act: A Comparison of Disabled and Nondisabled Working-Age Adults",Jae Kennedy; Elizabeth Geneva Wood; Lex Frieden,2017-11-22,"Inquiry : A Journal of Medical Care Organization, Provision and Financing",https://pmc.ncbi.nlm.nih.gov/articles/PMC5798675/,0.0,db4c53c3b77066bb6b6d.txt,d39cee8a40316155b840a073eab37e1fd2d9b94565aaeaddd0b201717a4624f1
db65e6bd3fd0ef831108,https://review.law.stanford.edu/wp-content/uploads/sites/3/2021/06/Morgan-73-Stan.-L.-Rev.-1401.pdf,2026-10-04T03:47:04.903599+00:00,stanford.edu,True,downloaded,200.0,https://review.law.stanford.edu/wp-content/uploads/sites/3/2021/06/Morgan-73-Stan.-L.-Rev.-1401.pdf,860761.0,success,218797,32382,pdf,application/pdf,,,,,,0.0,db65e6bd3fd0ef831108.txt,83655ecd7395ee858f7b506ad10a3ce2d81c955ff4cc680f362e7c11d2b3e2e6
db669adefdd2eb51d836,https://pmc.ncbi.nlm.nih.gov/articles/PMC11569484,2026-10-04T03:47:06.275013+00:00,nih.gov,True,downloaded,200.0,https://pmc.ncbi.nlm.nih.gov/articles/PMC11569484,21370.0,success,131,18,html,text/html; charset=utf-8,Checking your browser,,2026-09-11,google.com,https://www.google.com/recaptcha/challengepage,0.0,db669adefdd2eb51d836.txt,a29166d0eaaa418bd5af61a282f1183a46c84c4d5e4c90689b1b452d230d05cc
dba972c7611a549053fc,https://americanprogress.org/article/basic-facts-women-poverty,2026-10-04T03:47:06.426991+00:00,americanprogress.org,False,http_error,403.0,https://www.americanprogress.org/article/basic-facts-women-poverty,5706.0,not_extracted,0,0,,text/html; charset=UTF-8,,,,,,0.0,,
dbb46f6fb0dd0fec94af,https://motherjones.com/criminal-justice/2016/02/why-are-lgbt-people-overrepresented-prisons-and-jails,2026-10-04T03:47:06.531237+00:00,motherjones.com,True,downloaded,200.0,https://www.motherjones.com/criminal-justice/2016/02/why-are-lgbt-people-overrepresented-prisons-and-jails/,215469.0,success,1949,303,html,text/html; charset=UTF-8,These Charts Show How the Criminal Justice System Targets Sexual Minorities,Samantha Michaels,2016-02-23,Mother Jones,https://www.motherjones.com/criminal-justice/2016/02/why-are-lgbt-people-overrepresented-prisons-and-jails/,0.0,dbb46f6fb0dd0fec94af.txt,062ba326ca6b2cdaca980c39b67999efb233c0607a451f676e5eda1f530d6103
dbcf4d62c36502f4405a,https://lawnow.org/bullying-of-2slgbtqia-students-the-impacts-and-what-educators-can-do-about-it,2026-10-04T03:47:07.522497+00:00,lawnow.org,True,downloaded,200.0,https://www.lawnow.org/bullying-of-2slgbtqia-students-the-impacts-and-what-educators-can-do-about-it/,75028.0,success,7403,1105,html,text/html; charset=UTF-8,Bullying of 2SLGBTQIA+ Students: The impacts and what educators can do about it,Rin Lawrence,2023-02-15,Bullying of 2SLGBTQIA+ Students: The impacts and what educators can do about it - LawNow Magazine,https://www.lawnow.org/bullying-of-2slgbtqia-students-the-impacts-and-what-educators-can-do-about-it/,0.0,dbcf4d62c36502f4405a.txt,be0f2cef5fffd78b903d13fcdd82f7125867945b7fad82a3ad6e0e3a03f01dfd
dbdcbdda8be5a21e11da,https://cgap.org/research/publication/invisible-barriers-how-gender-norms-impact-financial-inclusion,2026-10-04T03:47:07.982838+00:00,cgap.org,True,downloaded,200.0,https://www.cgap.org/research/publication/invisible-barriers-how-gender-norms-impact-financial-inclusion,79255.0,success,8201,1086,html,text/html; charset=utf-8,Invisible Barriers: How Gender Norms Impact Financial Inclusion,Nisha Singh Senior Financial Sector Specialist,2025-05-29,CGAP,https://www.cgap.org/research/publication/invisible-barriers-how-gender-norms-impact-financial-inclusion,0.0,dbdcbdda8be5a21e11da.txt,28f9973c7d8ab5ee8c3679cdcf0df1fb85dbeec553a6125cd97156dbbfe64c0c
dc05deba6bab0f20134b,https://sussex.ac.uk/broadcast/read/39309,2026-10-04T03:47:08.815909+00:00,sussex.ac.uk,True,downloaded,200.0,https://www.sussex.ac.uk/broadcast/read/39309,28750.0,success,2855,436,html,text/html; charset=UTF-8,"Female bosses favour gay and lesbian job-seekers, research finds",James Hakner,2017-02-23,The University of Sussex,https://www.sussex.ac.uk/broadcast/read/39309,0.0,dc05deba6bab0f20134b.txt,9e551d65a8a7ee85d9ab1dc69bf704dbffa408b38222112d9c69ec106084140e
dc4de177e06671b11acb,https://cbpp.org/research/how-states-can-align-benefit-renewals-across-programs-options-for-simplifying-and-aligning,2026-10-04T03:47:08.912991+00:00,cbpp.org,False,http_error,403.0,https://cbpp.org/research/how-states-can-align-benefit-renewals-across-programs-options-for-simplifying-and-aligning,6158.0,not_extracted,0,0,,text/html; charset=UTF-8,,,,,,0.0,,
dc6bb918e51085766cbe,https://ebsco.com/research-starters/womens-studies-and-feminism/gender-and-welfare-policy,2026-10-04T03:47:10.952972+00:00,ebsco.com,True,downloaded,200.0,https://www.ebsco.com/research-starters/womens-studies-and-feminism/gender-and-welfare-policy,192429.0,success,42896,6287,html,text/html,Gender and Welfare Policy | Women's Studies and Feminism | Research Starters | EBSCOhost,,2021-02-15,EBSCO,https://www.ebsco.com/,0.0,dc6bb918e51085766cbe.txt,c6d585355c1a6bf17d723f5ec4cc2c0f94186bc217f77071ae3a0d1ed2d0780e
dc82c28f7aa43b00a555,https://bls.gov/opub/ted/2020/barriers-to-employment-for-people-with-a-disability.htm,2026-10-04T03:47:12.232594+00:00,bls.gov,False,http_error,403.0,https://www.bls.gov/,1325.0,not_extracted,0,0,,text/html,,,,,,0.0,,
dcbb8fff6bc5011731ba,https://gao.gov/blog/it-harder-women-save-retirement,2026-10-04T03:47:12.956276+00:00,gao.gov,False,http_error,403.0,https://www.gao.gov/blog/it-harder-women-save-retirement,421.0,not_extracted,0,0,,text/html,,,,,,0.0,,
dcf76c7d7d301b525a65,https://cunninghampllc.com/blog/when-does-disability-discrimination-cross-into-harassment,2026-10-04T03:47:14.205665+00:00,cunninghampllc.com,True,downloaded,200.0,https://cunninghampllc.com/blog/when-does-disability-discrimination-cross-into-harassment/,61689.0,success,9141,1314,html,text/html,"When Does Disability Discrimination Cross Into Harassment? | J. Courtney Cunningham, PLLC",J Courtney Cunningham Attorney,2025-08-23,"J. Courtney Cunningham, PLLC",http://cunninghampllc.com/blog/when-does-disability-discrimination-cross-into-harassment/,0.0,dcf76c7d7d301b525a65.txt,5b0f9eb62ff41c83249f0d60a4ad41d5352a8671fbaeb11b38244826a65ac448
dd2309e2c3ca4435c60f,https://youtube.com/watch?t=3&v=-dUPODTWevk,2026-10-04T03:47:14.590939+00:00,youtube.com,True,downloaded,200.0,https://www.youtube.com/watch?t=3&v=-dUPODTWevk,1229263.0,success,146,23,html,text/html; charset=utf-8,LGBTQ Bullying | aka Teacher,,2022-01-18,YouTube,https://www.youtube.com/watch?v=-dUPODTWevk,0.0,dd2309e2c3ca4435c60f.txt,8dbba17988e385133ba8f51d76cde1fc2c859262b666cb848e9cfe2478fd5e71
dd327e644c2ee33cd5e9,https://communityplans.net/coverage-you-can-count-on/frequently-asked-questions-churning-and-continuous-eligibility,2026-10-04T03:47:15.362993+00:00,communityplans.net,True,downloaded,200.0,https://www.communityplans.net/coverage-you-can-count-on/frequently-asked-questions-churning-and-continuous-eligibility/,83583.0,success,13878,2082,html,text/html; charset=UTF-8,"FAQs: Churning, Continuous Eligibility and Administrative Burden | Association For Community Affiliated Plans",,2026-01-01,Association For Community Affiliated Plans,https://www.communityplans.net/coverage-you-can-count-on/frequently-asked-questions-churning-and-continuous-eligibility/,0.0,dd327e644c2ee33cd5e9.txt,0b6cfec532c6a9a1496662d16cfe60e7b0241decf3ab198abfbeed8addb52323
dd3a3796bc25c285c683,https://tandfonline.com/doi/abs/10.1300/J012v16n04_05,2026-10-04T03:47:15.986636+00:00,tandfonline.com,False,http_error,403.0,https://tandfonline.com/doi/abs/10.1300/J012v16n04_05,5756.0,not_extracted,0,0,,text/html; charset=UTF-8,,,,,,0.0,,
dd456f333bea50eed4cb,https://openbooks.library.umass.edu/introwgss/chapter/gender-and-the-us-welfare-state,2026-10-04T03:47:16.042286+00:00,umass.edu,False,http_error,403.0,https://openbooks.library.umass.edu/introwgss/chapter/gender-and-the-us-welfare-state,919.0,not_extracted,0,0,,text/html,,,,,,0.0,,
dd5570a4169dbd34a2fc,https://chenmed.com/blog/understanding-healthcare-hesitancy-black-patients-historical-perspective,2026-10-04T03:47:16.798067+00:00,chenmed.com,True,downloaded,200.0,https://www.chenmed.com/blog/understanding-healthcare-hesitancy-black-patients-historical-perspective,98963.0,success,8711,1225,html,text/html; charset=UTF-8,Understanding Healthcare Hesitancy in Black Patients: A,,2024-02-01,ChenMed LLC,https://www.chenmed.com/blog/understanding-healthcare-hesitancy-black-patients-historical-perspective,0.0,dd5570a4169dbd34a2fc.txt,0338fc643224e7b51aac8103ffa9d88cdec718b4d5e38b37d5300d575338fa16
dd9497a3bf45be87dcad,https://tylerclementi.org/why-do-students-bully,2026-10-04T03:47:16.917241+00:00,tylerclementi.org,True,downloaded,200.0,https://tylerclementi.org/why-do-students-bully/,116020.0,success,6122,961,html,text/html; charset=UTF-8,Why Do Students Bully? • Tyler Clementi Foundation,Mary Margaret Baker,2021-03-29,Tyler Clementi Foundation,https://tylerclementi.org/why-do-students-bully/,0.0,dd9497a3bf45be87dcad.txt,acdfcaf29d0d2f47bf19ca7c8a1cc4195f56066145867e1dc33e12fb4d2927b0
dd9c53a2881ab7c865da,https://thetrevorproject.org/research-briefs/anti-bullying-policies-in-school-and-lgbtq-young-people,2026-10-04T03:47:18.146474+00:00,thetrevorproject.org,True,downloaded,200.0,https://www.thetrevorproject.org/research-briefs/anti-bullying-policies-in-school-and-lgbtq-young-people/,124458.0,success,11161,1629,html,text/html; charset=UTF-8,Anti-Bullying Policies in School and LGBTQ+ Young People,,2025-10-17,The Trevor Project,https://www.thetrevorproject.org/research-briefs/anti-bullying-policies-in-school-and-lgbtq-young-people/,0.0,dd9c53a2881ab7c865da.txt,cf780966ec93aa07ea8b8b9f07061eb793d0eb3e134d279e4a87c876d650a6d3
dd9e32b4d782f5e5690a,https://usnews.com/education/best-colleges/articles/how-your-hometown-could-affect-your-college-prospects,2026-10-04T03:47:19.102950+00:00,usnews.com,False,hard_timeout,0.0,https://usnews.com/education/best-colleges/articles/how-your-hometown-could-affect-your-college-prospects,,not_extracted,0,0,,,,,,,,28.0,,
ddae8711636264112ac5,https://link.springer.com/article/10.1057/s41261-026-00344-y,2026-10-04T03:47:19.815029+00:00,springer.com,False,robots_disallowed,,https://link.springer.com/article/10.1057/s41261-026-00344-y,,not_extracted,0,0,,,,,,,,,,
ddb7fef1386c1cf980c7,https://researchgate.net/post/Why_do_female_students_enrolment_access_equity_and_academic_performnaces_raised_as_challenges_in_higher_education_of_Africa_and_Asia,2026-10-04T03:47:19.815214+00:00,researchgate.net,False,http_error,403.0,https://www.researchgate.net/post/Why_do_female_students_enrolment_access_equity_and_academic_performnaces_raised_as_challenges_in_higher_education_of_Africa_and_Asia,21138.0,not_extracted,0,0,,text/html; charset=UTF-8,,,,,,0.0,,
de2f27bcbfe86a77a8a9,https://cgap.org/research/publication/gender-intentional-credit-scoring,2026-10-04T03:47:21.364014+00:00,cgap.org,True,downloaded,200.0,https://www.cgap.org/research/publication/gender-intentional-credit-scoring,67359.0,success,3973,601,html,text/html; charset=utf-8,Gender-Intentional Credit Scoring,Authors Maria Fernandez Vidal Senior Financial Sector Specialist Dean Caire Credit Scoring Specialist,2026-09-29,CGAP,https://www.cgap.org/research/publication/gender-intentional-credit-scoring,0.0,de2f27bcbfe86a77a8a9.txt,c2522d1c10ee17542bb9e08f5f969d903de78795eb00f497dacdded7c46fceb4
de35345b4d96badcc1cc,https://barrierfreefinance.org/context,2026-10-04T03:47:22.689498+00:00,barrierfreefinance.org,True,downloaded,200.0,https://www.barrierfreefinance.org/context,716500.0,success,1746,247,html,text/html; charset=UTF-8,Context | Barrier Free Finance,,2000-01-01,Barrier Free Finance,https://www.barrierfreefinance.org/context,0.0,de35345b4d96badcc1cc.txt,f0013e6d5bcf45528abfcb3051a6a63dce9d991be25d5a6b5cf915d50164cd73
de6290d9810d603eb58b,https://prisonpolicy.org/research/racial_and_ethnic_disparities,2026-10-04T03:47:22.871006+00:00,prisonpolicy.org,True,downloaded,200.0,https://www.prisonpolicy.org/research/racial_and_ethnic_disparities/,127594.0,success,26814,4023,html,text/html; charset=UTF-8,Racial and ethnic disparities,Prison Policy Initiative,2026-01-01,PrisonPolicy,https://www.prisonpolicy.org/research/racial_and_ethnic_disparities/,0.0,de6290d9810d603eb58b.txt,cdd96259aad2a9a0313bd146bc3259ade4e5b2465f8cc8389e3c43ada5020447
de878ec6e15882cf332e,https://archive-housingmatters.urban.org/articles/how-can-we-advance-latino-homeownership-and-housing-stability,2026-10-04T03:47:22.913384+00:00,urban.org,False,http_error,403.0,https://archive-housingmatters.urban.org/articles/how-can-we-advance-latino-homeownership-and-housing-stability,5974.0,not_extracted,0,0,,text/html; charset=UTF-8,,,,,,0.0,,
de8cfcf24ef311d16a5a,https://eab.com/resources/blog/student-success-blog/how-to-navigate-policy-challenges-and-show-support-for-your-trans-students,2026-10-04T03:47:24.648853+00:00,eab.com,True,downloaded,200.0,https://eab.com/resources/blog/student-success-blog/how-to-navigate-policy-challenges-and-show-support-for-your-trans-students/,326335.0,success,10867,1547,html,text/html; charset=UTF-8,Navigate and Support Transgender Students in Higher Ed | EAB,Alessandra Falconer,2026-03-30,EAB,https://eab.com/resources/blog/student-success-blog/how-to-navigate-policy-challenges-and-show-support-for-your-trans-students/,0.0,de8cfcf24ef311d16a5a.txt,70f3a297082064d3c8fce069b0f9c5140e2d84285e482f572544b1544326914e
de90b927059280f16ca1,https://ballardbrief.byu.edu/issue-briefs/racial-inequality-in-public-school-discipline-for-black-students-in-the-united-states,2026-10-04T03:47:25.837022+00:00,byu.edu,True,downloaded,200.0,https://ballardbrief.byu.edu/issue-briefs/racial-inequality-in-public-school-discipline-for-black-students-in-the-united-states,774023.0,success,41449,6075,html,text/html;charset=utf-8,Racial Inequality in Public School Discipline for Black Students in the United States - Ballard Brief,Emily Peterson,2021-09-11,The Ballard Center for Social Impact,https://ballardbrief.byu.edu/issue-briefs/racial-inequality-in-public-school-discipline-for-black-students-in-the-united-states,0.0,de90b927059280f16ca1.txt,063990b43138e9d3e136ef4898688893b36cf7a9f01270bff2afaf023ce29ab4
de97989e2c58b58c1615,https://pmc.ncbi.nlm.nih.gov/articles/PMC12210411,2026-10-04T03:47:25.988328+00:00,nih.gov,True,downloaded,200.0,https://pmc.ncbi.nlm.nih.gov/articles/PMC12210411/,314166.0,success,97735,14039,html,text/html; charset=utf-8,Causes of bullying among young people and protective mechanisms and preventative factors that promote mental health and well-being: young people’s perspectives,Miia Hästbacka; Søren Harnow Klausen; Heléne Dahlqvist; Yulia Korzhina; Amanda J Sundqvist; Emelie Käcko; Pia Nyman-Kurkiala; Joakim Strindberg; Jessica Hemberg,2025-06-30,International Journal of Qualitative Studies on Health and Well-being,https://pmc.ncbi.nlm.nih.gov/articles/PMC12210411/,0.0,de97989e2c58b58c1615.txt,78703640062c14d1ae1377db6601fe9b2ad81eadd87da72992fa589259b290a4
de9bac4695b80d4bda3f,https://nlihc.org/resource/study-finds-significant-racial-disparities-homelessness-rates,2026-10-04T03:47:26.078157+00:00,nlihc.org,True,downloaded,200.0,https://nlihc.org/resource/study-finds-significant-racial-disparities-homelessness-rates,56104.0,success,1964,266,html,text/html; charset=UTF-8,Study Finds Significant Racial Disparities in Homelessness Rates,,2019-04-30,National Low Income Housing Coalition,https://nlihc.org/resource/study-finds-significant-racial-disparities-homelessness-rates,0.0,de9bac4695b80d4bda3f.txt,eaba329e19e76f1ee1aa4b0d026dfcb5b0fc11034d4d5d089f51a2a80fa4b768
dec1fa9e0df83862a6e9,https://icjia.illinois.gov/researchhub/articles/an-overview-of-police-use-of-force-policies-and-research,2026-10-04T03:47:27.005668+00:00,illinois.gov,True,downloaded,200.0,https://icjia.illinois.gov/researchhub/articles/an-overview-of-police-use-of-force-policies-and-research,7228.0,success,103,12,html,text/html; charset=UTF-8,ICJIA | Illinois Criminal Justice Information Authority,Illinois Criminal Justice Information Authority,2026-03-26,Illinois Criminal Justice Information Authority,https://icjia.illinois.gov/,0.0,dec1fa9e0df83862a6e9.txt,8e35ee16474d22607869f210da31ff01edaea6d51ee7deee1694dd156ff192ba
df3c34440d516d698c4e,https://latinoslead.org/the-growing-influence-of-latino-millennials-in-todays-workplace,2026-10-04T03:47:29.481579+00:00,latinoslead.org,True,downloaded,200.0,https://latinoslead.org/the-growing-influence-of-latino-millennials-in-todays-workplace/,142157.0,success,1400,209,html,text/html; charset=UTF-8,The Growing Influence of Latino Millennials in Today’s Workplace,Latino Leadership Institute,2024-03-12,Latino Leadership Institute,https://latinoslead.org/the-growing-influence-of-latino-millennials-in-todays-workplace/,0.0,df3c34440d516d698c4e.txt,e138e6fcc2584d4f55594bda9c4f6b2722bc166bd70f9a976c4d085b7c71a584
df5d9e4b5db44408734b,https://probonoinst.org/2023/07/13/race-income-and-the-effect-on-educational-opportunity,2026-10-04T03:47:29.596443+00:00,probonoinst.org,True,downloaded,200.0,https://www.probonoinst.org/,266646.0,success,3530,538,html,text/html; charset=UTF-8,Home - Pro Bono Institute,,2026-08-04,Pro Bono Institute,https://www.probonoinst.org/,0.0,df5d9e4b5db44408734b.txt,4541ad5148d94fe50bcf4e0c5d4f268494fdba32259c05a98cdae72db800c213
df70163691fb0e7ae261,https://diversitybuilder.com/sexual-harassment-training-women,2026-10-04T03:47:30.442959+00:00,diversitybuilder.com,True,downloaded,200.0,https://diversitybuilder.com/sexual-harassment-training-women/,111168.0,success,18218,2589,html,text/html; charset=UTF-8,Sexual Harassment Training Women Male-Dominated,,2026-03-20,Diversity Builder,https://diversitybuilder.com/sexual-harassment-training-women/,0.0,df70163691fb0e7ae261.txt,12c2eb0d48424c775aca083127968583fedd89444ab82902be3ea98ccb2b1275
df76840f6bd299c78b9a,https://americanprogress.org/article/discrimination-prevents-lgbtq-people-accessing-health-care,2026-10-04T03:47:31.303909+00:00,americanprogress.org,False,http_error,403.0,https://www.americanprogress.org/article/discrimination-prevents-lgbtq-people-accessing-health-care,5869.0,not_extracted,0,0,,text/html; charset=UTF-8,,,,,,0.0,,
df92eda0d3d9384bef1e,https://journals.sagepub.com/doi/full/10.1177/2156759X18784297,2026-10-04T03:47:31.592887+00:00,sagepub.com,False,http_error,403.0,https://journals.sagepub.com/doi/full/10.1177/2156759X18784297,5752.0,not_extracted,0,0,,text/html; charset=UTF-8,,,,,,0.0,,
df9bbbe0d31db75f7381,https://steinhardt.nyu.edu/metrocenter/research-evaluation/section-2-higher-education-context-and-barriers-equitable-college,2026-10-04T03:47:31.701569+00:00,nyu.edu,True,downloaded,200.0,https://steinhardt.nyu.edu/metrocenter/research-evaluation/section-2-higher-education-context-and-barriers-equitable-college,118869.0,success,42341,6194,html,text/html; charset=UTF-8,Section 2 - A Literature Review,,2021-11-02,NYU Steinhardt,https://steinhardt.nyu.edu/metrocenter/research-evaluation/section-2-higher-education-context-and-barriers-equitable-college,0.0,df9bbbe0d31db75f7381.txt,7d23a34163dd64ddc4bad4caf2ed72fe24f9a2a1e9cdcafdc4b94d1b1c41ab66
dfa6071aec51b24a1787,https://phhp-hsrmp.sites.medinfo.ufl.edu/files/2014/06/2007-The-effect-of-caregiving-on-preventative-care-for-people-with-disabilities.pdf,2026-10-04T03:47:33.516676+00:00,ufl.edu,True,downloaded,200.0,https://phhp-hsrmp.sites.medinfo.ufl.edu/files/2014/06/2007-The-effect-of-caregiving-on-preventative-care-for-people-with-disabilities.pdf,173134.0,success,33984,5065,pdf,application/pdf,,,,,,0.0,dfa6071aec51b24a1787.txt,6c2f1a1ebbf644fc2df2cbdc1b00e0d6ec7ff7fa18a04ef73e5645c80aa6a804
dfd30eb3cca420073bbd,https://williamsinstitute.law.ucla.edu/press/lgbt-housing-press-release,2026-10-04T03:47:33.811156+00:00,ucla.edu,True,downloaded,200.0,https://williamsinstitute.law.ucla.edu/press/lgbt-housing-press-release/,102767.0,success,2972,447,html,text/html; charset=UTF-8,LGBT people are more likely than non-LGBT people to face housing instability,Loyal; Thisisloyal Com,2020-04-02,The Williams Institute at UCLA School of Law,https://williamsinstitute.law.ucla.edu/press/lgbt-housing-press-release/,0.0,dfd30eb3cca420073bbd.txt,a067f46563123460eaa7ea992b2db53b418ba79e6e6f8c1a76350283a19cbd28
e081ce6915888244af02,https://globalwomenpower.com/unequal-access-to-education-for-women-a-barrier-to-empowerment,2026-10-04T03:47:34.699703+00:00,globalwomenpower.com,True,downloaded,200.0,https://globalwomenpower.com/unequal-access-to-education-for-women-a-barrier-to-empowerment/,129442.0,success,3153,488,html,text/html; charset=UTF-8,Unequal Access to Education for Women | Global Women Power,GWpower,2025-04-14,Global Women Power,https://globalwomenpower.com/unequal-access-to-education-for-women-a-barrier-to-empowerment/,0.0,e081ce6915888244af02.txt,d16f9311b7b910216a4a187bf936d3601b261a021e25eabf74e2a18e754fc77b
e09e5b8dea5977b88b68,https://library.hbs.edu/working-knowledge/why-employers-favor-men,2026-10-04T03:47:35.460307+00:00,hbs.edu,True,downloaded,200.0,https://www.library.hbs.edu/working-knowledge/why-employers-favor-men,495186.0,success,8031,1280,html,text/html; charset=utf-8,Why Employers Favor Men | Working Knowledge,Dina Gerdeman,2017-09-11,Harvard Business School,https://www.library.hbs.edu/working-knowledge/why-employers-favor-men,0.0,e09e5b8dea5977b88b68.txt,c99154f005d9dda50270c5ec843c35a51c8cb2401df0481a7349f028cfddb73e
e10d39360f5bd5bf9f93,https://indusind.bank.in/iblogs/personal-loan/factors-that-influence-personal-loan-eligibility-all-you-need-to-know,2026-10-04T03:47:36.330361+00:00,bank.in,True,downloaded,200.0,https://www.indusind.bank.in/,803694.0,success,9452,694,html,text/html;charset=utf-8,"IndusInd Bank - Cards, Loans, Accounts, Personal & NRI Banking Online",,2025-09-12,IndusInd Bank,https://www.indusind.bank.in,0.0,e10d39360f5bd5bf9f93.txt,63dfa613d4c78803392b094000eee3325a21b2f9a4c4fbe39ae5c45bc7a6c3ec
e16febd0f0544ccf3386,https://redbanklegal.com/practice-areas/employment-discrimination-attorney/transgender-discrimination-in-the-workplace,2026-10-04T03:47:37.267487+00:00,redbanklegal.com,False,http_error,403.0,http://www.redbanklegal.com/practice-areas/employment-discrimination-attorney/transgender-discrimination-in-the-workplace,5925.0,not_extracted,0,0,,text/html; charset=UTF-8,,,,,,0.0,,
e17947afab94b93e7d0b,https://pmc.ncbi.nlm.nih.gov/articles/PMC12412225,2026-10-04T03:47:37.402443+00:00,nih.gov,True,downloaded,200.0,https://pmc.ncbi.nlm.nih.gov/articles/PMC12412225/,144736.0,success,24167,3519,html,text/html; charset=utf-8,Risk factors of homelessness among sexual and gender minorities in the Southeastern U.S,Amanda A Draheim; Matthew M Kridel; Ryan E Flinn; Naganavya Ravoori; Susan Brands; Cameron Mosley; Christopher F Drescher; Lara M Stepleman,2023-11-03,Journal of social distress and the homeless,https://pmc.ncbi.nlm.nih.gov/articles/PMC12412225/,0.0,e17947afab94b93e7d0b.txt,f1a14f78146c7186fd711f71df982fc5dfee5619abaf9c511f7b4b5a493ce41c
e1af0cedefe73ea4add6,https://centerforhealthjournalism.org/our-work/reporting/hidden-harms-racial-bullying,2026-10-04T03:47:38.004161+00:00,centerforhealthjournalism.org,True,downloaded,200.0,https://centerforhealthjournalism.org/our-work/reporting/hidden-harms-racial-bullying,66790.0,success,13915,2164,html,text/html; charset=utf-8,The Hidden Harms of Racial Bullying,Image by CHJ Fellow Deidre McPhillips,2019-05-23,USC Center for Health Journalism,https://centerforhealthjournalism.org/our-work/reporting/hidden-harms-racial-bullying,0.0,e1af0cedefe73ea4add6.txt,1337af31a693afbd278b4eaf952c1a77570672efc0e162049ad93bc073fa4a6b
e1cad6122fdb16efa41a,https://academic.oup.com/epirev/article/48/1/mxag004/8512140,2026-10-04T03:47:40.738661+00:00,oup.com,False,http_error,403.0,https://academic.oup.com/epirev/article/48/1/mxag004/8512140,5661.0,not_extracted,0,0,,text/html; charset=UTF-8,,,,,,0.0,,
e1d7bdde0d1c4f4659e4,https://williamsinstitute.law.ucla.edu/wp-content/uploads/Trans-Higher-Ed-Apr-2022.pdf,2026-10-04T03:47:40.903223+00:00,ucla.edu,True,downloaded,200.0,https://williamsinstitute.law.ucla.edu/wp-content/uploads/Trans-Higher-Ed-Apr-2022.pdf,3117468.0,success,53842,7543,pdf,application/pdf,,,,,,0.0,e1d7bdde0d1c4f4659e4.txt,f4af933d7d087d241482e0fc9929b5ee51ce6447f5b28bd53a3d0f3cee36de61
e1ffd6e81d62496a7658,https://phreesia.com/resources/infographic-lgbtq-preventive-health,2026-10-04T03:47:41.042950+00:00,phreesia.com,True,downloaded,200.0,https://www.phreesia.com/resources/infographic-lgbtq-preventive-health/,99026.0,success,5246,756,html,text/html; charset=UTF-8,Supporting Access to LGBTQ Preventive Care | Infographic,,2026-08-25,Phreesia,https://www.phreesia.com/resources/infographic-lgbtq-preventive-health/,0.0,e1ffd6e81d62496a7658.txt,357496c9fd686e0f7182eb306608337650370653199c76072ee7172e0b884d7d
e22550b87fa0d381558d,https://humanrights.unsw.edu.au/research/commentary/social-determinants-justice-increase-risk-prison,2026-10-04T03:47:41.317376+00:00,unsw.edu.au,True,downloaded,200.0,https://www.humanrights.unsw.edu.au/research/commentary/social-determinants-justice-increase-risk-prison,44665.0,success,6628,1043,html,text/html; charset=UTF-8,The social determinants of justice: 8 factors that increase your risk of imprisonment,,2023-05-16,Australian Human Rights Institute,https://www.humanrights.unsw.edu.au/research/commentary/social-determinants-justice-increase-risk-prison,0.0,e22550b87fa0d381558d.txt,a71600becd4b677f11e1441cdf5f890f3a2bf8d4b9ba640728c125dde35875d3
e25abebd5d11ea66462a,https://pmc.ncbi.nlm.nih.gov/articles/PMC10525602,2026-10-04T03:47:42.507849+00:00,nih.gov,True,downloaded,200.0,https://pmc.ncbi.nlm.nih.gov/articles/PMC10525602,21372.0,success,131,18,html,text/html; charset=utf-8,Checking your browser,,2026-09-11,google.com,https://www.google.com/recaptcha/challengepage,0.0,e25abebd5d11ea66462a.txt,a29166d0eaaa418bd5af61a282f1183a46c84c4d5e4c90689b1b452d230d05cc
e264a8a090679a45ee91,https://hss.edu/health-library/conditions-and-treatments/enhancing-clinical-skills-lgbtq-care-hospital-setting,2026-10-04T03:47:44.384115+00:00,hss.edu,True,downloaded,200.0,https://www.hss.edu/health-library/conditions-and-treatments/enhancing-clinical-skills-lgbtq-care-hospital-setting,70349.0,success,20467,3135,html,text/html; charset=utf-8,Enhancing Your Clinical Skills in Caring for LGBTQ Patients,Nathan Levitt; MSN; FNP-BC,2024-12-04,Hospital for Special Surgery,https://www.hss.edu/health-library/conditions-and-treatments/enhancing-clinical-skills-lgbtq-care-hospital-setting,0.0,e264a8a090679a45ee91.txt,f5e690399a534459f6ffff481d532e886b25af56dbe23651935522a81802b063
e2725cb212093045b2eb,https://forbes.com/sites/michaeltnietzel/2024/08/07/women-continue-to-outpace-men-in-college-enrollment-and-graduation,2026-10-04T03:47:45.309222+00:00,forbes.com,False,http_error,403.0,https://forbes.com/sites/michaeltnietzel/2024/08/07/women-continue-to-outpace-men-in-college-enrollment-and-graduation,773.0,not_extracted,0,0,,text/html;charset=utf-8,,,,,,0.0,,
e2c8ac2c91f69e498f42,https://cambercollective.com/2024/01/04/public-benefit-disparities,2026-10-04T03:47:46.566020+00:00,cambercollective.com,True,downloaded,200.0,https://cambercollective.com/2024/01/04/public-benefit-disparities/,245783.0,success,28323,4102,html,text/html; charset=UTF-8,How Disparities in Public Benefit Access can be Addressed at the State Level,Manali Kulkarni,2024-01-04,cambercollective.com,https://cambercollective.com/2024/01/04/public-benefit-disparities/,0.0,e2c8ac2c91f69e498f42.txt,04288d9e2dc689b480915ea2a83b292227179df9331578734037e07963855a64
e2ed1e61fb969c56cbe9,https://americanprogress.org/article/5-reasons-support-affirmative-action-college-admissions,2026-10-04T03:47:47.119410+00:00,americanprogress.org,False,http_error,403.0,https://www.americanprogress.org/article/5-reasons-support-affirmative-action-college-admissions,5839.0,not_extracted,0,0,,text/html; charset=UTF-8,,,,,,0.0,,
e30d3062e0bbbfdecd26,https://experian.com/blogs/ask-experian/women-and-credit,2026-10-04T03:47:48.384764+00:00,experian.com,True,downloaded,200.0,https://www.experian.com/blogs/ask-experian/women-and-credit,227533.0,success,10452,1724,html,text/html,"Women and Credit 2020: What the Past Looked Like, What the Future Holds - Experian",Brianna McGurran,2020-02-28,Experian,https://www.experian.com/blogs/ask-experian/women-and-credit/,0.0,e30d3062e0bbbfdecd26.txt,066e030d10e3ddb44854cf982a9df6c587867673bad04d37628e74f696bdbe39
e37cad46c3bfc4ec1492,https://minneapolisfed.org/article/2024/lender-reported-reasons-for-mortgage-denials-dont-explain-racial-disparities,2026-10-04T03:47:50.477979+00:00,minneapolisfed.org,True,downloaded,200.0,https://www.minneapolisfed.org/article/2024/lender-reported-reasons-for-mortgage-denials-dont-explain-racial-disparities,246797.0,success,21197,3187,html,text/html; charset=utf-8,Lender-reported reasons for mortgage denials don’t explain racial disparities | Federal Reserve Bank of Minneapolis,,2024-01-18,minneapolisfed.org,https://www.minneapolisfed.org/article/2024/lender-reported-reasons-for-mortgage-denials-dont-explain-racial-disparities,0.0,e37cad46c3bfc4ec1492.txt,f91c9ab86f4f9b4e700b15241654baaff0884fdf8e06dd05f390c098a9990024
e3a89ec43be81f48c72f,https://disability-benefits-help.org/blog/gender-and-social-security-disability-benefits,2026-10-04T03:47:50.768973+00:00,disability-benefits-help.org,True,downloaded,200.0,https://www.disability-benefits-help.org/blog/gender-and-social-security-disability-benefits,41314.0,success,2427,387,html,text/html; charset=UTF-8,Does my gender affect my eligibility for disability benefits or the amount that I will be paid?,,2013-12-16,disability-benefits-help.org,https://www.disability-benefits-help.org/blog/gender-and-social-security-disability-benefits,0.0,e3a89ec43be81f48c72f.txt,352a6e270e71f7a21ea587eca4981b0eea0f597180e3e03f7b944f9105f34c8d
e3ce18f84c506fd95d7f,https://linkedin.com/pulse/50-key-factors-influencing-hiring-decisions-shailesh-kumar-mehta-sqthf,2026-10-04T03:47:51.708591+00:00,linkedin.com,False,robots_disallowed,,https://linkedin.com/pulse/50-key-factors-influencing-hiring-decisions-shailesh-kumar-mehta-sqthf,,not_extracted,0,0,,,,,,,,,,
e4526c64ef16f0f9d447,https://meps.ahrq.gov/mepsweb/data_files/publications/rf17/rf17.shtml,2026-10-04T03:47:51.708883+00:00,ahrq.gov,True,downloaded,200.0,https://meps.ahrq.gov/mepsweb/data_files/publications/rf17/rf17.shtml,578950.0,success,120083,22108,html,text/html; charset=windows-1252,"Research Findings #17: Women in the Health Care System: Health Status, Insurance, and Access to Care",,1996-01-01,meps.ahrq.gov,https://meps.ahrq.gov/mepsweb/data_files/publications/rf17/rf17.shtml,0.0,e4526c64ef16f0f9d447.txt,886a8bbbc4f0f7723b47789bf673d1e942ccb7e136e2c7263f25897933ed75d6
e4611b486758bcaf966e,https://cbpp.org/research/geographic-pattern-of-disability-receipt-largely-reflects-economic-and-demographic-factors,2026-10-04T03:47:52.403901+00:00,cbpp.org,False,http_error,403.0,https://cbpp.org/research/geographic-pattern-of-disability-receipt-largely-reflects-economic-and-demographic-factors,6157.0,not_extracted,0,0,,text/html; charset=UTF-8,,,,,,0.0,,
e4794221a821921b2a20,https://pmc.ncbi.nlm.nih.gov/articles/PMC1403427,2026-10-04T03:47:52.566047+00:00,nih.gov,True,downloaded,200.0,https://pmc.ncbi.nlm.nih.gov/articles/PMC1403427,21368.0,success,131,18,html,text/html; charset=utf-8,Checking your browser,,2026-09-11,google.com,https://www.google.com/recaptcha/challengepage,0.0,e4794221a821921b2a20.txt,a29166d0eaaa418bd5af61a282f1183a46c84c4d5e4c90689b1b452d230d05cc
e48dbddb4595b8194e4f,https://habitatcltregion.org/blog/homeownership-in-latino-and-hispanic-communities,2026-10-04T03:47:52.719262+00:00,habitatcltregion.org,True,downloaded,200.0,https://www.habitatcltregion.org/blog/homeownership-in-latino-and-hispanic-communities,446049.0,success,6490,951,html,text/html; charset=utf-8,Homeownership in Latino and Hispanic Communities | Habitat Charlotte Region,,2025-08-13,Habitat for Humanity of the Charlotte Region,https://www.habitatcltregion.org/blog/homeownership-in-latino-and-hispanic-communities,0.0,e48dbddb4595b8194e4f.txt,52130bd4581e3b9c65fb1f77b0684a6c1c9d210b5881bbb4bbca50f4e8fea3ab
e4a749b32d0077dc066f,https://whijournal.com/article/S1049-3867%2808%2900108-4/fulltext,2026-10-04T03:47:55.777087+00:00,whijournal.com,False,http_error,403.0,https://whijournal.com/article/S1049-3867%2808%2900108-4/fulltext,5773.0,not_extracted,0,0,,text/html; charset=UTF-8,,,,,,0.0,,
e4af94d81d67aa5e996a,https://healthmanagement.org/c/healthmanagement/Post/health-insurance-for-people-with-disabilities-navigating-the-complex-terrain,2026-10-04T03:47:56.683076+00:00,healthmanagement.org,True,downloaded,200.0,https://healthmanagement.org/c/healthmanagement/guest-post/health-insurance-for-people-with-disabilities-navigating-the-complex-terrain,134157.0,success,6806,961,html,text/html; charset=UTF-8,Health Insurance for People with Disabilities: Navigating the Complex Terrain,HealthManagement org,2023-10-25,HealthManagement.org,https://healthmanagement.org/c/healthmanagement/guest-post/health-insurance-for-people-with-disabilities-navigating-the-complex-terrain,0.0,e4af94d81d67aa5e996a.txt,c7dffc527930a0e803a8e0137670967b379a0e7802a84962edb05f45f288eeab
e4c343dbfd5521214647,https://kff.org/affordable-care-act/health-care-access-and-coverage-for-the-lesbian-gay-bisexual-and-transgender-lgbt-community-in-the-united-states-opportunities-and-challenges-in-a-new-era,2026-10-04T03:47:57.027610+00:00,kff.org,True,downloaded,200.0,https://www.kff.org/affordable-care-act/health-care-access-and-coverage-for-the-lesbian-gay-bisexual-and-transgender-lgbt-community-in-the-united-states-opportunities-and-challenges-in-a-new-era/,119746.0,success,8914,1372,html,text/html; charset=UTF-8,"Health Care Access and Coverage for the Lesbian, Gay, Bisexual, and Transgender (LGBT) Community in the United States: Opportunities and Challenges in a New Era | KFF",Jennifer Kates; Usha Ranji,2014-02-21,"KFF - The independent source for health policy research, polling, and news",https://www.kff.org/affordable-care-act/health-care-access-and-coverage-for-the-lesbian-gay-bisexual-and-transgender-lgbt-community-in-the-united-states-opportunities-and-challenges-in-a-new-era/,0.0,e4c343dbfd5521214647.txt,67d849d0dd41ff49f5a8740b46868c5584d0eb71f1147661a7aa57a89d5021a5
e54347fce70e23f5e1b8,https://pmc.ncbi.nlm.nih.gov/articles/PMC7280420,2026-10-04T03:48:01.047779+00:00,nih.gov,True,downloaded,200.0,https://pmc.ncbi.nlm.nih.gov/articles/PMC7280420,21365.0,success,131,18,html,text/html; charset=utf-8,Checking your browser,,2026-09-11,google.com,https://www.google.com/recaptcha/challengepage,0.0,e54347fce70e23f5e1b8.txt,a29166d0eaaa418bd5af61a282f1183a46c84c4d5e4c90689b1b452d230d05cc
e55c1ef739b07c74ad84,https://wol.iza.org/articles/sexual-orientation-and-labor-market-outcomes/long,2026-10-04T03:48:01.539797+00:00,iza.org,False,robots_disallowed,,https://wol.iza.org/articles/sexual-orientation-and-labor-market-outcomes/long,,not_extracted,0,0,,,,,,,,,,
e57e47dd6ee9b35ba01a,https://lundelllawfirm.com/post/common-sources-of-workplace-harassment,2026-10-04T03:48:01.539985+00:00,lundelllawfirm.com,True,downloaded,200.0,https://www.lundelllawfirm.com/post/common-sources-of-workplace-harassment,841625.0,success,4131,651,html,text/html; charset=UTF-8,COMMON SOURCES OF WORKPLACE HARASSMENT,LUNDELL LAW,2021-05-23,Lundell Law Firm,https://www.lundelllawfirm.com/post/common-sources-of-workplace-harassment,0.0,e57e47dd6ee9b35ba01a.txt,67e4cf1a9cbbe89590ed6cfa9cfca221e074b9f01cb069119410416a254ac779
e5cd22a0c4d372af4b62,https://aeaweb.org/forum/2421/factors-affecting-household-access-banking-services-issues,2026-10-04T03:48:01.656428+00:00,aeaweb.org,False,http_error,500.0,https://www.aeaweb.org/cgi-bin/php82.cgi/forum/index.php?qa-rewrite=2421/factors-affecting-household-access-banking-services-issues,570.0,not_extracted,0,0,,text/html; charset=iso-8859-1,,,,,,0.0,,
e5d1b70b8330a164f383,https://scholarworks.calstate.edu/downloads/bv73c633w,2026-10-04T03:48:02.229291+00:00,calstate.edu,False,http_error,403.0,https://scholarworks.calstate.edu/downloads/bv73c633w,4910.0,not_extracted,0,0,,text/html; charset=UTF-8,,,,,,0.0,,
e5d3c951d63debf7d855,https://pointfoundation.org/hubfs/Research%20Reports/2111-Trans-Higher-Ed-FINAL.pdf,2026-10-04T03:48:02.953296+00:00,pointfoundation.org,True,downloaded,200.0,https://pointfoundation.org/hubfs/Research%20Reports/2111-Trans-Higher-Ed-FINAL.pdf,2976634.0,success,53649,7510,pdf,application/pdf,,,,,,0.0,e5d3c951d63debf7d855.txt,c6bac78c0d1207ce274e4764fd0e921bfcbeea8d832c87386fd37a133b3f5adb
e5f919c4da68f6c89e9d,https://pmc.ncbi.nlm.nih.gov/articles/PMC5370590,2026-10-04T03:48:03.508269+00:00,nih.gov,True,downloaded,200.0,https://pmc.ncbi.nlm.nih.gov/articles/PMC5370590,21367.0,success,131,18,html,text/html; charset=utf-8,Checking your browser,,2026-09-11,google.com,https://www.google.com/recaptcha/challengepage,0.0,e5f919c4da68f6c89e9d.txt,a29166d0eaaa418bd5af61a282f1183a46c84c4d5e4c90689b1b452d230d05cc
e63e646c68042089a365,https://jec.senate.gov/public/_cache/files/2756e78d-cd64-4413-8d26-a4f9c2756947/banking-and-financial-exclusion-final.pdf,2026-10-04T03:48:04.113409+00:00,senate.gov,False,http_error,403.0,https://www.jec.senate.gov/public/_cache/files/2756e78d-cd64-4413-8d26-a4f9c2756947/banking-and-financial-exclusion-final.pdf,566.0,not_extracted,0,0,,text/html,,,,,,0.0,,
e678e76cf83ed517e62a,https://ucdavis.edu/blog/curiosity/how-do-students-disabilities-achieve-success-college,2026-10-04T03:48:04.278534+00:00,ucdavis.edu,True,downloaded,200.0,https://www.ucdavis.edu/blog/curiosity/how-do-students-disabilities-achieve-success-college,122928.0,success,5854,831,html,text/html; charset=utf-8,How Do Students with Disabilities Achieve Success in College?,Karen Michele Nikos-Rose,2025-10-07,UC Davis,https://www.ucdavis.edu/blog/curiosity/how-do-students-disabilities-achieve-success-college,0.0,e678e76cf83ed517e62a.txt,993f3a14582a3d622d5907b2a1eafc566072577a851d1bc1643c308ec9e96b9d
e6834740e8a7bf5c9b9e,https://healthaffairs.org/doi/10.1377/hlthaff.2024.00672,2026-10-04T03:48:06.773004+00:00,healthaffairs.org,False,http_error,403.0,https://healthaffairs.org/doi/10.1377/hlthaff.2024.00672,5719.0,not_extracted,0,0,,text/html; charset=UTF-8,,,,,,0.0,,
e696795e8d6438fe48f2,https://grad.ubc.ca/psi/blog/18/clark,2026-10-04T03:48:06.970350+00:00,ubc.ca,True,downloaded,200.0,https://www.grad.ubc.ca/psi/blog/18/clark,98434.0,success,7063,1076,html,text/html; charset=UTF-8,Addressing Cisgender Bias in Health Care to Improve Services for Transgender Youth,,2018-04-30,grad.ubc.ca,https://www.grad.ubc.ca/psi/blog/18/clark,0.0,e696795e8d6438fe48f2.txt,eb2cffb538cbed3853b882bd251d9c7fb1d7d039bc9520d5039cf964c589e8b5
e6e6bd74c1e8f1785dfb,https://homelesshub.ca/collection/homelessness-101/what-are-the-causes-of-homelessness,2026-10-04T03:48:08.370098+00:00,homelesshub.ca,False,http_error,403.0,https://homelesshub.ca/collection/homelessness-101/what-are-the-causes-of-homelessness,52.0,not_extracted,0,0,,text/html,,,,,,0.0,,
e6fd8072fbd8a5308a13,https://chicagofed.org/publications/chicago-fed-letter/2026/524,2026-10-04T03:48:09.212098+00:00,chicagofed.org,True,downloaded,200.0,https://www.chicagofed.org/publications/chicago-fed-letter/2026/524,111850.0,success,25127,3709,html,text/html; charset=utf-8,Bank Branch Access in the Seventh District,Ila Gupta; Jung Sakong; Alexander K Zentefis,2026-01-01,chicagofed.org,https://www.chicagofed.org/publications/chicago-fed-letter/2026/524,0.0,e6fd8072fbd8a5308a13.txt,520779fa6b86c256d4bfd4a3bea44995f84c0179c7d0f70137e4b8e9f26a95ff
e7037d180af7a632c2b7,https://youtube.com/watch?t=30&v=Lih6wkmQTs0,2026-10-04T03:48:10.252799+00:00,youtube.com,True,downloaded,200.0,https://www.youtube.com/watch?t=30&v=Lih6wkmQTs0,1120433.0,success,146,23,html,text/html; charset=utf-8,Bullying 101: The Basics,,2022-03-30,YouTube,https://www.youtube.com/watch?v=Lih6wkmQTs0,0.0,e7037d180af7a632c2b7.txt,8dbba17988e385133ba8f51d76cde1fc2c859262b666cb848e9cfe2478fd5e71
e70f62e93fb9cc23bbaa,https://reimaginerpe.org/node/858,2026-10-04T03:48:11.900571+00:00,reimaginerpe.org,False,http_error,403.0,https://reimaginerpe.org/node/858,5452.0,not_extracted,0,0,,text/html; charset=UTF-8,,,,,,0.0,,
e74c8efcab93c137640a,https://bestcolleges.com/resources/history-women-higher-education,2026-10-04T03:48:12.158903+00:00,bestcolleges.com,True,downloaded,200.0,https://www.bestcolleges.com/resources/history-women-higher-education/,396934.0,success,13454,2092,html,text/html; charset=utf-8,A History of Women in Higher Education | BestColleges,Margaret Attridge,2021-03-15,bestcolleges.com,https://www.bestcolleges.com/resources/history-women-higher-education/,0.0,e74c8efcab93c137640a.txt,22fe8f51a720104b497b176c2b324181ed773616f51217e9fa5d96161ba20a6b
e763956ae024abb886de,https://researchforaction.org/research-resources/k-12/unequal-access-to-educational-opportunity-in-the-united-states,2026-10-04T03:48:13.850933+00:00,researchforaction.org,True,downloaded,200.0,https://www.researchforaction.org/research-resources/k-12/unequal-access-to-educational-opportunity-in-the-united-states/,104854.0,success,1810,278,html,text/html; charset=UTF-8,Unequal Access to Educational Opportunity in the United States - Research for Action,Anna Shaw-Amoah; David Lapp,2022-10-06,Research for Action,https://www.researchforaction.org/research-resources/k-12/unequal-access-to-educational-opportunity-in-the-united-states/,0.0,e763956ae024abb886de.txt,aa15e097ce5ab955f2d62e1832b95403d6962e0050b110046b81e076ffe27563
e792e5f8024dbb33ba8f,https://pmc.ncbi.nlm.nih.gov/articles/PMC4554714,2026-10-04T03:48:16.811735+00:00,nih.gov,True,downloaded,200.0,https://pmc.ncbi.nlm.nih.gov/articles/PMC4554714/,270073.0,success,81529,13026,html,text/html; charset=utf-8,Interventions That Affect Gender Bias in Hiring: A Systematic Review,Dr Carol Isaac; Dr Barbara Lee; Dr Molly Carnes,2008-06-29,Academic medicine : journal of the Association of American Medical Colleges,https://pmc.ncbi.nlm.nih.gov/articles/PMC4554714/,0.0,e792e5f8024dbb33ba8f.txt,6e075ea6c090713dd5aefd6239d2ceefd3b32f2b8f0f7e595bd401e6f0f9aeeb
e7ee35e8768cc98b3be8,https://urban.org/urban-wire/improving-homebuying-opportunities-latino-families-would-benefit-entire-housing-market,2026-10-04T03:48:17.099662+00:00,urban.org,False,http_error,403.0,https://www.urban.org/urban-wire/improving-homebuying-opportunities-latino-families-would-benefit-entire-housing-market,6014.0,not_extracted,0,0,,text/html; charset=UTF-8,,,,,,0.0,,
e8047f942e7e8872da20,https://poverty.ucdavis.edu/post/safety-net-programs-underused-eligible-hispanic-families,2026-10-04T03:48:17.379689+00:00,ucdavis.edu,True,downloaded,200.0,https://poverty.ucdavis.edu/post/safety-net-programs-underused-eligible-hispanic-families,159283.0,success,12933,1900,html,text/html; charset=utf-8,Safety-Net Programs Underused by Eligible Hispanic Families - Center for Poverty and Inequality Research,,2012-09-12,Center for Poverty and Inequality Research,https://poverty.ucdavis.edu/post/safety-net-programs-underused-eligible-hispanic-families,0.0,e8047f942e7e8872da20.txt,700da1729fcf54d9f92582acfbf290236a6457e6daa0e17f9a7f76d343775040
e816143f36909595c6cc,https://naceweb.org/job-market/trends-and-predictions/early-career-talent-and-the-effects-of--gender,2026-10-04T03:48:18.644290+00:00,naceweb.org,True,downloaded,200.0,https://naceweb.org/job-market/trends-and-predictions/early-career-talent-and-the-effects-of--gender,70647.0,success,9320,1489,html,text/html; charset=utf-8,Early Career Talent and the Effects of Gender,Mary Gatta; Sasha Patil,2025-05-05,Default,https://naceweb.org/job-market/trends-and-predictions/07f1b4cf-1f61-4693-9410-c74cd22c80c0,0.0,e816143f36909595c6cc.txt,0f00e951ccc30c8d55f6346427a18a3ac12c0dab8109545698bcc68ca250c61d
e81cdb52b8625babd931,https://luminafoundation.org/news-and-views/one-quarter-of-hispanic-students-face-discrimination-leading-many-to-consider-leaving-college,2026-10-04T03:48:19.871087+00:00,luminafoundation.org,True,downloaded,200.0,https://www.luminafoundation.org/news-and-views/one-quarter-of-hispanic-students-face-discrimination-leading-many-to-consider-leaving-college/,134900.0,success,3195,448,html,text/html; charset=UTF-8,"¼ of Hispanic students face discrimination, consider leaving college",Matthew Jenkins,2023-09-27,Lumina Foundation,https://www.luminafoundation.org/news-and-views/one-quarter-of-hispanic-students-face-discrimination-leading-many-to-consider-leaving-college/,0.0,e81cdb52b8625babd931.txt,f5bb8333dcb5e00f16bde5013330332b3a5ab5daf978a95fd75581c26f308404
e8530c197fcd9d81b1b8,https://pmc.ncbi.nlm.nih.gov/articles/PMC8624572,2026-10-04T03:48:20.201051+00:00,nih.gov,True,downloaded,200.0,https://pmc.ncbi.nlm.nih.gov/articles/PMC8624572,21367.0,success,131,18,html,text/html; charset=utf-8,Checking your browser,,2026-09-11,google.com,https://www.google.com/recaptcha/challengepage,0.0,e8530c197fcd9d81b1b8.txt,a29166d0eaaa418bd5af61a282f1183a46c84c4d5e4c90689b1b452d230d05cc
e878b25c48d3fe0ec925,https://pmc.ncbi.nlm.nih.gov/articles/PMC7153781,2026-10-04T03:48:20.856109+00:00,nih.gov,True,downloaded,200.0,https://pmc.ncbi.nlm.nih.gov/articles/PMC7153781,21368.0,success,131,18,html,text/html; charset=utf-8,Checking your browser,,2026-09-11,google.com,https://www.google.com/recaptcha/challengepage,0.0,e878b25c48d3fe0ec925.txt,a29166d0eaaa418bd5af61a282f1183a46c84c4d5e4c90689b1b452d230d05cc
e8790a9a9837dd8876a5,https://freopp.org/whitepapers/fixing-the-broken-incentives-in-the-u-s-welfare-system,2026-10-04T03:48:21.115559+00:00,freopp.org,True,downloaded,200.0,https://freopp.org/whitepapers/fixing-the-broken-incentives-in-the-u-s-welfare-system/,118946.0,success,38058,5942,html,text/html; charset=UTF-8,Fixing the Broken Incentives in the U.S. Welfare System - FREOPP,Michael Tanner “I feel that the purpose,2026-07-23,The Foundation for Research on Equal Opportunity,https://freopp.org/whitepapers/fixing-the-broken-incentives-in-the-u-s-welfare-system/,0.0,e8790a9a9837dd8876a5.txt,9ff39db985cdb0bdf97af7dec065d7b80406d0ead1b98edfe04aacfddac6eb50
e87d74548c942f68dc74,https://hispanicresearchcenter.org/research-resources/highlights-decade-research-supports-economic-self-sufficiency-latino-families-children,2026-10-04T03:48:21.141573+00:00,hispanicresearchcenter.org,True,downloaded,200.0,https://www.hispanicresearchcenter.org/research-resources/highlights-decade-research-supports-economic-self-sufficiency-latino-families-children/,283917.0,success,14680,2082,html,text/html; charset=UTF-8,Highlights From a Decade of the Center’s Research on Supports for Economic Self-sufficiency Among Latino Families With Children - Hispanic Research Center,Author,2025-04-01,Hispanic Research Center,https://www.hispanicresearchcenter.org/research-resources/highlights-decade-research-supports-economic-self-sufficiency-latino-families-children/,0.0,e87d74548c942f68dc74.txt,2134f55406e575ea9794ea0ef480e101bd97ead32afad642255fa08ee111115d
e87ec5668ff7b371025c,https://youtube.com/watch?t=26&v=YobHZee_XMc,2026-10-04T03:48:21.461641+00:00,youtube.com,True,downloaded,200.0,https://www.youtube.com/watch?t=26&v=YobHZee_XMc,1260083.0,success,146,23,html,text/html; charset=utf-8,Family and domestic violence leading cause of homlessness for women | ABC News,,2025-01-03,YouTube,https://www.youtube.com/watch?v=YobHZee_XMc,0.0,e87ec5668ff7b371025c.txt,8dbba17988e385133ba8f51d76cde1fc2c859262b666cb848e9cfe2478fd5e71
e8e4f30441bc3743c7b9,https://nefe.org/news/2022/06/lgbtqia-discrimination-in-financial-services.aspx,2026-10-04T03:48:23.444015+00:00,nefe.org,True,downloaded,200.0,https://www.nefe.org/news/2022/06/lgbtqia-discrimination-in-financial-services.aspx,80154.0,success,5813,855,html,text/html; charset=utf-8,"Nearly 1 in 3 LGBTQIA+ Respondents Say They’ve Experienced Discrimination, Bias in Financial Services",Beth Bean; Senior Vice President; Research; Policy,2022-06-24,NEFE_org,https://www.nefe.org/news/2022/06/lgbtqia-discrimination-in-financial-services,0.0,e8e4f30441bc3743c7b9.txt,3e5745bb978ef7b6f2e0266029abd8b22bf9c01cac5e1cb22a094e63044cba8f
e9123aab8fc77dc6fb16,https://pn3policy.org/blog/administrative-burden-blog,2026-10-04T03:48:24.437104+00:00,pn3policy.org,True,downloaded,200.0,https://pn3policy.org/blog/administrative-burden-blog,332540.0,success,7800,1153,html,text/html; charset=UTF-8,Administrative Burden: Everyone Pays when Eligible Families Can't Access Public Assistance - Prenatal-to-3 Policy Impact Center,PN,2023-07-17,Prenatal-to-3 Policy Impact Center,https://pn3policy.org/blog/administrative-burden-blog/,0.0,e9123aab8fc77dc6fb16.txt,4c82f8ee746ffae6641cc8d23aa343f2a6cec4238dcd5f797ded4344db58fef7
e922c65ee544c22db507,https://unidosus.org/higher-ed,2026-10-04T03:48:24.537962+00:00,unidosus.org,True,downloaded,200.0,https://unidosus.org/higher-ed/,175854.0,success,8237,1256,html,text/html; charset=UTF-8,Higher Ed,,2026-10-01,UnidosUS,https://unidosus.org/higher-ed/,0.0,e922c65ee544c22db507.txt,59969e97c4bf60b7414a354976388a3ba45ed0bcdfb66b2b0c4afce2ba0ea88f
e925e6983272dcb10680,https://unidosus.org/blog/2022/09/28/latinos-remain-disproportionately-impacted-by-food-insecurity-usda-can-make-progress-on-equity-and-racial-justice,2026-10-04T03:48:24.651849+00:00,unidosus.org,True,downloaded,200.0,https://unidosus.org/blog/2022/09/28/latinos-remain-disproportionately-impacted-by-food-insecurity-usda-can-make-progress-on-equity-and-racial-justice/,102722.0,success,8450,1200,html,text/html; charset=UTF-8,Latinos remain disproportionately impacted by food insecurity. USDA can make progress on equity and racial justice.,John Vergara; UnidosUS,2022-09-28,UnidosUS,https://unidosus.org/blog/2022/09/28/latinos-remain-disproportionately-impacted-by-food-insecurity-usda-can-make-progress-on-equity-and-racial-justice/,0.0,e925e6983272dcb10680.txt,26084ca1c26d9ee664524f84368c531c55ab5d342f10c01ccba9f4e66319c2a3
e92a17f3a579109e4461,https://emerald.com/edi/article/45/5/781/1270096/A-three-dimensional-perspective-on-factors,2026-10-04T03:48:25.012530+00:00,emerald.com,False,http_error,403.0,https://www.emerald.com/edi/article/45/5/781/1270096/A-three-dimensional-perspective-on-factors,5853.0,not_extracted,0,0,,text/html; charset=UTF-8,,,,,,0.0,,
e94364f4e5a5671fbcd1,https://researchgate.net/publication/377076621_Influence_of_Gender_on_Career_Choice,2026-10-04T03:48:28.212518+00:00,researchgate.net,False,http_error,403.0,https://www.researchgate.net/publication/377076621_Influence_of_Gender_on_Career_Choice,21138.0,not_extracted,0,0,,text/html; charset=UTF-8,,,,,,0.0,,
e94f34f97f83dab1fde8,https://washingtonpost.com/business/2020/10/16/how-race-affects-your-credit-score,2026-10-04T03:48:28.297964+00:00,washingtonpost.com,False,curl_error,301.0,https://www.washingtonpost.com/business/2020/10/16/how-race-affects-your-credit-score,,not_extracted,0,0,,,,,,,,92.0,,
e959dc12cec0ad3b0a00,https://pmc.ncbi.nlm.nih.gov/articles/PMC11861525,2026-10-04T03:48:28.738355+00:00,nih.gov,True,downloaded,200.0,https://pmc.ncbi.nlm.nih.gov/articles/PMC11861525,21371.0,success,131,18,html,text/html; charset=utf-8,Checking your browser,,2026-09-11,google.com,https://www.google.com/recaptcha/challengepage,0.0,e959dc12cec0ad3b0a00.txt,a29166d0eaaa418bd5af61a282f1183a46c84c4d5e4c90689b1b452d230d05cc
e9623891f87255ed53a8,https://additionsolutions.co.uk/the-psychology-of-hiring-what-makes-a-great-candidate-stand-out,2026-10-04T03:48:28.942263+00:00,additionsolutions.co.uk,True,downloaded,200.0,https://www.additionsolutions.co.uk/the-psychology-of-hiring-what-makes-a-great-candidate-stand-out,255027.0,success,3315,456,html,text/html;charset=utf-8,THE PSYCHOLOGY OF HIRING: WHAT MAKES A GREAT CANDIDATE STAND OUT?,Shazamme System User • August,2025-03-17,additionsolutions.co.uk,https://www.additionsolutions.co.uk/the-psychology-of-hiring-what-makes-a-great-candidate-stand-out,0.0,e9623891f87255ed53a8.txt,b8abad5472463288024cd7e1937fc53a8068444c55bad11e78a94f984aa06f36
e9718c8d61bc478e8ab2,https://apps.urban.org/features/latino-criminal-justice-data,2026-10-04T03:48:29.542247+00:00,urban.org,True,downloaded,200.0,https://apps.urban.org/features/latino-criminal-justice-data/,18042.0,success,129,21,html,text/html; charset=UTF-8,The Alarming Lack of Data on Latinos in the Criminal Justice System,,2016-12-14,Urbaninstitute,http://urbn.is/cjdata,0.0,e9718c8d61bc478e8ab2.txt,f28d65aa0622f15656b0d3ec515c6fe7534cbefb28834f1c07e479f466313230
e971ba7c6e8e610c6260,https://opportunityhome.org/resources/disability-rights-advocates-and-housing-fact-sheet,2026-10-04T03:48:31.435443+00:00,opportunityhome.org,False,http_error,404.0,https://opportunityhome.org/resources/disability-rights-advocates-and-housing-fact-sheet,10.0,not_extracted,0,0,,text/plain; charset=utf-8,,,,,,0.0,,
e98593ff158abb7d736f,https://prisonpolicy.org/blog/2019/05/14/policingwomen,2026-10-04T03:48:31.876428+00:00,prisonpolicy.org,True,downloaded,200.0,https://www.prisonpolicy.org/blog/2019/05/14/policingwomen/,80778.0,success,29403,4996,html,text/html; charset=UTF-8,"Policing Women: Race and gender disparities in police stops, searches, and use of force",Prison Policy Initiative,2019-05-14,PrisonPolicy,https://www.prisonpolicy.org/blog/2019/05/14/policingwomen/,0.0,e98593ff158abb7d736f.txt,be1ea6d37bd8558c82531d1f10c086e29e41ab8870f99d157d697665c5451ad8
e9e7a06c8e0e56720f83,https://ohchr.org/en/stories/2025/08/womens-incarceration-rooted-gender-inequality-and-violence,2026-10-04T03:48:31.991824+00:00,ohchr.org,True,downloaded,200.0,https://www.ohchr.org:443/en/ohchr_homepage,137487.0,success,3640,545,html,text/html; charset=UTF-8,UN Human Rights Office,,2023-11-29,OHCHR,https://www.ohchr.org/en/ohchr_homepage,0.0,e9e7a06c8e0e56720f83.txt,ff5485c877c0aed6b4ee2bf6fc95f8066055efa5d8847fe15b05a04dfe6dda10
ea09a7afcf87a62cdf50,https://apa.org/topics/healthy-workplaces/growth-opportunities,2026-10-04T03:48:32.194356+00:00,apa.org,True,downloaded,200.0,https://www.apa.org/topics/healthy-workplaces/growth-opportunities,1028.0,success,81,6,html,text/html,,,,apa.org,https://www.apa.org/topics/healthy-workplaces/growth-opportunities,0.0,ea09a7afcf87a62cdf50.txt,073c06df33e8eaa2f70e90d0ca642a408f73ebe7d1174fab2a254e6f7aa71eae
ea20398a95be00073735,https://cepr.org/voxeu/columns/gender-bias-access-finance-and-implications-capital-misallocation,2026-10-04T03:48:33.233925+00:00,cepr.org,False,http_error,403.0,https://cepr.org/voxeu/columns/gender-bias-access-finance-and-implications-capital-misallocation,5797.0,not_extracted,0,0,,text/html; charset=UTF-8,,,,,,0.0,,
ea3324a819c614b0ba12,https://eprints.leedsbeckett.ac.uk/id/eprint/1648/2/Revised%20Manuscript%20.pdf,2026-10-04T03:48:34.826384+00:00,leedsbeckett.ac.uk,True,downloaded,200.0,https://eprints.leedsbeckett.ac.uk/id/eprint/1648/2/Revised%20Manuscript%20.pdf,115031.0,success,38679,5828,pdf,application/pdf,,,,,,0.0,ea3324a819c614b0ba12.txt,df4a015589edf6997ca318f3b54c8bea56fb62cd2a43ad95e3a23907987f003e
eaf961400280cf40c99a,https://scholarworks.wmich.edu/cgi/viewcontent.cgi?article=3024&context=jssw,2026-10-04T03:48:34.968913+00:00,wmich.edu,False,http_error,403.0,https://scholarworks.wmich.edu/cgi/viewcontent.cgi?article=3024&context=jssw,5769.0,not_extracted,0,0,,text/html; charset=UTF-8,,,,,,0.0,,
eb21eeb548904e18b543,https://youtube.com/watch?t=671&v=aRgDrgDSCHc,2026-10-04T03:48:36.003717+00:00,youtube.com,True,downloaded,200.0,https://www.youtube.com/watch?t=671&v=aRgDrgDSCHc,1237245.0,success,146,23,html,text/html; charset=utf-8,Better Access: Improving Preventive Health Care for People with Intellectual Disability | Webinar,,2025-06-25,YouTube,https://www.youtube.com/watch?v=aRgDrgDSCHc,0.0,eb21eeb548904e18b543.txt,8dbba17988e385133ba8f51d76cde1fc2c859262b666cb848e9cfe2478fd5e71
eb29811d3b0faf0a7fdc,https://transgenderlawcenter.org/resources/law-enforcement-interactions-rights-and-realities,2026-10-04T03:48:36.974923+00:00,transgenderlawcenter.org,True,downloaded,200.0,https://transgenderlawcenter.org/resources/law-enforcement-interactions-rights-and-realities/,182515.0,success,30126,4880,html,text/html; charset=UTF-8,Transgender people and law enforcement interactions: Rights and Realities - Transgender Law Center,,2026-09-08,Transgender Law Center,https://transgenderlawcenter.org/resources/law-enforcement-interactions-rights-and-realities/,0.0,eb29811d3b0faf0a7fdc.txt,0a08884491769e7ba11506d2eac85de156bd2244400612d900f8071b9c1445d2
eb4e5e1a244d66f2d89f,https://wagner.nyu.edu/files/faculty/publications/Giannella%2C%20Homonoff%2C%20Rino%2C%20and%20Somerville%20%282023%29.pdf,2026-10-04T03:48:37.436917+00:00,nyu.edu,False,http_error,403.0,https://wagner.nyu.edu/files/faculty/publications/Giannella%2C%20Homonoff%2C%20Rino%2C%20and%20Somerville%20%282023%29.pdf,919.0,not_extracted,0,0,,text/html,,,,,,0.0,,
eb6baecc3a704fa8554b,https://nmmc.org/mens-health-and-preventive-care-why-routine-checkups-matter,2026-10-04T03:48:38.027082+00:00,nmmc.org,True,downloaded,200.0,https://nmmc.org/mens-health-and-preventive-care-why-routine-checkups-matter/,224119.0,success,3122,459,html,text/html; charset=UTF-8,Men’s Health and Preventive Care: Why Routine Checkups Matter - Northern Maine Medical Center,Lindsay Crampton,2026-06-04,Northern Maine Medical Center,https://nmmc.org/mens-health-and-preventive-care-why-routine-checkups-matter/,0.0,eb6baecc3a704fa8554b.txt,3a8a9d07eac91f453dd6e0008d59364b30627fcfee46e863af1f4917346c7291
ebae981ff6c2f78f62ec,https://apa.org/monitor/2016/11/cover-inequality-school,2026-10-04T03:48:38.263008+00:00,apa.org,True,downloaded,200.0,https://www.apa.org/monitor/2016/11/cover-inequality-school,919.0,success,80,6,html,text/html,,,,apa.org,https://www.apa.org/monitor/2016/11/cover-inequality-school,0.0,ebae981ff6c2f78f62ec.txt,515c705025112321346d95a65f9f45f5540ae1926960287f68139af5f23c2b60
ebcb0c2c35c0eeeb5c23,https://psnet.ahrq.gov/perspective/equity-patient-safety,2026-10-04T03:48:38.615110+00:00,ahrq.gov,False,http_error,403.0,https://psnet.ahrq.gov/perspective/equity-patient-safety,986.0,not_extracted,0,0,,text/html,,,,,,0.0,,
ec0214fde2b885b278f2,https://habitat.org/stories/5-policy-solutions-advance-racial-equity-housing,2026-10-04T03:48:39.385478+00:00,habitat.org,True,downloaded,200.0,https://www.habitat.org/stories/5-policy-solutions-advance-racial-equity-housing,97505.0,success,7663,1102,html,text/html; charset=utf-8,5 policy solutions to advance racial equity in housing,,2024-07-01,Habitat for Humanity,https://www.habitat.org/stories/5-policy-solutions-advance-racial-equity-housing,0.0,ec0214fde2b885b278f2.txt,74f2eb536456cbd53174b7fdb14d6e61904cd1edcdac94c0129bd378ccda360d
ec26790291d393dae7d6,https://compass.onlinelibrary.wiley.com/doi/10.1111/j.1751-9020.2012.00459.x,2026-10-04T03:48:39.840242+00:00,wiley.com,False,http_error,403.0,https://compass.onlinelibrary.wiley.com/doi/10.1111/j.1751-9020.2012.00459.x,5837.0,not_extracted,0,0,,text/html; charset=UTF-8,,,,,,0.0,,
ec6cfa598c1cb6ab0699,https://facebook.com/wqad8/posts/a-first-of-its-kind-report-was-released-earlier-this-year-examining-the-structur/1639230681123662,2026-10-04T03:48:40.219193+00:00,facebook.com,False,robots_disallowed,,https://facebook.com/wqad8/posts/a-first-of-its-kind-report-was-released-earlier-this-year-examining-the-structur/1639230681123662,,not_extracted,0,0,,,,,,,,,,
ec7b44c925312f6e6a62,https://gao.gov/women-and-gender-public-policy,2026-10-04T03:48:40.219424+00:00,gao.gov,False,http_error,403.0,https://www.gao.gov/women-and-gender-public-policy,411.0,not_extracted,0,0,,text/html,,,,,,0.0,,
ec7d704bca1818930516,https://sciencedirect.com/science/article/pii/S0929119920302261,2026-10-04T03:48:41.049416+00:00,sciencedirect.com,False,http_error,403.0,https://www.sciencedirect.com/science/article/pii/S0929119920302261,1207871.0,not_extracted,0,0,,text/html; charset=UTF-8,,,,,,0.0,,
ed19e9cbb61aa338feb4,https://voxdev.org/voxdevlit/female-labour-force-participation-issue-2/factors-affect-employers-decision-hire-female,2026-10-04T03:48:42.089657+00:00,voxdev.org,False,http_error,403.0,https://voxdev.org/voxdevlit/female-labour-force-participation-issue-2/factors-affect-employers-decision-hire-female,5947.0,not_extracted,0,0,,text/html; charset=UTF-8,,,,,,0.0,,
ed3e25f8346a8dac4473,https://sivinandmiller.com/blog/2022/09/issues-disabled-people-deal-with-while-in-contact-with-the-police,2026-10-04T03:48:43.525487+00:00,sivinandmiller.com,False,http_error,403.0,https://sivinandmiller.com/blog/2022/09/issues-disabled-people-deal-with-while-in-contact-with-the-police,5856.0,not_extracted,0,0,,text/html; charset=UTF-8,,,,,,0.0,,
ed69912f1fd695863966,https://normtherapy.com/blog/examining-the-disparities-in-assistance-for-homeless-men,2026-10-04T03:48:44.088078+00:00,normtherapy.com,True,downloaded,200.0,https://normtherapy.com/blog/examining-the-disparities-in-assistance-for-homeless-men/,85513.0,success,7817,1040,html,text/html; charset=UTF-8,Examining the Disparities in Assistance for Homeless Men,,2025-03-07,normtherapy.com,https://normtherapy.com/blog/examining-the-disparities-in-assistance-for-homeless-men/,0.0,ed69912f1fd695863966.txt,8d30f2fd136afaac65250ef3167ecb09a38a7bd20771397c5e65d5c907750189
ed6baf21560a08f173ed,https://sentencingproject.org/reports/one-in-five-ending-racial-inequity-in-incarceration,2026-10-04T03:48:44.382629+00:00,sentencingproject.org,True,downloaded,200.0,https://www.sentencingproject.org/reports/one-in-five-ending-racial-inequity-in-incarceration/,174904.0,success,35157,5498,html,text/html; charset=UTF-8,One in Five: Ending Racial Inequity in Incarceration – The Sentencing Project,Nazgol Ghandnoosh; Ph D,2023-10-11,The Sentencing Project,https://www.sentencingproject.org/reports/one-in-five-ending-racial-inequity-in-incarceration/,0.0,ed6baf21560a08f173ed.txt,3e3bc5e7266497c965da9ca9d6f7ee5d8d01856986865eb0e9c97515f529839d
ed7084f25bfef33be953,https://pmc.ncbi.nlm.nih.gov/articles/PMC2764043,2026-10-04T03:48:44.747104+00:00,nih.gov,True,downloaded,200.0,https://pmc.ncbi.nlm.nih.gov/articles/PMC2764043,21367.0,success,131,18,html,text/html; charset=utf-8,Checking your browser,,2026-09-11,google.com,https://www.google.com/recaptcha/challengepage,0.0,ed7084f25bfef33be953.txt,a29166d0eaaa418bd5af61a282f1183a46c84c4d5e4c90689b1b452d230d05cc
edcdc6b4ab2c9fa30cea,https://nlihc.org/resource/transgender-individuals-experience-homelessness-eight-times-rate-general-us-population,2026-10-04T03:48:44.822875+00:00,nlihc.org,True,downloaded,200.0,https://nlihc.org/resource/transgender-individuals-experience-homelessness-eight-times-rate-general-us-population,57545.0,success,3476,505,html,text/html; charset=UTF-8,Transgender Individuals Experience Homelessness at Eight Times the Rate of the General U.S. Population,,2026-08-06,National Low Income Housing Coalition,https://nlihc.org/resource/transgender-individuals-experience-homelessness-eight-times-rate-general-us-population,0.0,edcdc6b4ab2c9fa30cea.txt,7eacff9df78124190a91b3e955b634dea0c48978e5eb0310ae5b3d7f7a6f1604
edecf6db877cd8e55ff2,https://linkedin.com/top-content/career/barriers-to-career-growth/overlooked-factors-in-women-s-career-success,2026-10-04T03:48:45.194352+00:00,linkedin.com,False,robots_disallowed,,https://linkedin.com/top-content/career/barriers-to-career-growth/overlooked-factors-in-women-s-career-success,,not_extracted,0,0,,,,,,,,,,
ee03c8a3d2da9f4ad4f1,https://sepsis.org/news/how-does-lgbtq-identity-impact-healthcare-experiences,2026-10-04T03:48:45.194678+00:00,sepsis.org,True,downloaded,200.0,https://www.sepsis.org/news/how-does-lgbtq-identity-impact-healthcare-experiences/,180756.0,success,10038,1614,html,text/html; charset=UTF-8,How Does LGBTQ+ Identity Impact Healthcare Experiences?,,2022-06-28,Sepsis Alliance,https://www.sepsis.org/news/how-does-lgbtq-identity-impact-healthcare-experiences/,0.0,ee03c8a3d2da9f4ad4f1.txt,f11d9d162d85ce4c936dddf981f4e95165a75a59045d4fa676a213f0824e2e46
ee665a75b0f8497a9bd7,https://heraldopenaccess.us/openaccess/the-effect-of-housing-instability-on-risky-sexual-behavior-and-hiv-and-stis-for-a-sample-of-african-american-sero-discordant-couples,2026-10-04T03:48:46.059102+00:00,heraldopenaccess.us,True,downloaded,200.0,https://heraldopenaccess.us/openaccess/the-effect-of-housing-instability-on-risky-sexual-behavior-and-hiv-and-stis-for-a-sample-of-african-american-sero-discordant-couples,81925.0,success,26707,4433,html,text/html; charset=UTF-8,The Effect of Housing Instability on Risky Sexual Behavior and HIV and STIs for a Sample of African American Sero-Discordant Couples,,2018-01-16,heraldopenaccess.us,https://heraldopenaccess.us/openaccess/the-effect-of-housing-instability-on-risky-sexual-behavior-and-hiv-and-stis-for-a-sample-of-african-american-sero-discordant-couples,0.0,ee665a75b0f8497a9bd7.txt,1cdaf8509356667d3bbe3e718f5b83777a7a5d8d71ef18488136f389b8f8706b
ee881b80a2ffa0e2ade3,https://onlinelibrary.wiley.com/doi/10.1111/joca.12343,2026-10-04T03:48:46.501739+00:00,wiley.com,False,http_error,403.0,https://onlinelibrary.wiley.com/doi/10.1111/joca.12343,5765.0,not_extracted,0,0,,text/html; charset=UTF-8,,,,,,0.0,,
ee9da6e929e609973792,https://nij.ojp.gov/media/video/23801,2026-10-04T03:48:46.848306+00:00,ojp.gov,True,downloaded,200.0,https://nij.ojp.gov/media/video/23801,126288.0,success,68897,11956,html,text/html; charset=UTF-8,Legitimacy and Community Cooperation With Law Enforcement,,2009-08-25,National Institute of Justice,https://nij.ojp.gov/media/video/23801,0.0,ee9da6e929e609973792.txt,7b7fb0e807e1aab0257330a849f0d33a234b176c0c7aa97caf012cf96888c12b
eeeb01c5f98c311eb587,https://sciencedirect.com/science/article/pii/S0929119922001584,2026-10-04T03:48:47.256961+00:00,sciencedirect.com,False,http_error,403.0,https://www.sciencedirect.com/science/article/pii/S0929119922001584,1207871.0,not_extracted,0,0,,text/html; charset=UTF-8,,,,,,0.0,,
ef0fccbe8b397fd5725e,https://nytimes.com/2024/06/03/us/politics/medicaid-reenrollment-black-hispanic.html,2026-10-04T03:48:48.344754+00:00,nytimes.com,False,http_error,403.0,https://www.nytimes.com/2024/06/03/us/politics/medicaid-reenrollment-black-hispanic.html,771.0,not_extracted,0,0,,text/html;charset=utf-8,,,,,,0.0,,
ef549aa184836ff96ad6,https://phys.org/news/2025-10-homelessness-vary-sharply.html,2026-10-04T03:48:49.561058+00:00,phys.org,False,http_error,403.0,https://phys.org/news/2025-10-homelessness-vary-sharply.html,17730.0,not_extracted,0,0,,text/html; charset=utf-8,,,,,,0.0,,
ef5654b189a09920b8df,https://pmc.ncbi.nlm.nih.gov/articles/PMC9449977,2026-10-04T03:48:50.418227+00:00,nih.gov,True,downloaded,200.0,https://pmc.ncbi.nlm.nih.gov/articles/PMC9449977,21366.0,success,131,18,html,text/html; charset=utf-8,Checking your browser,,2026-09-11,google.com,https://www.google.com/recaptcha/challengepage,0.0,ef5654b189a09920b8df.txt,a29166d0eaaa418bd5af61a282f1183a46c84c4d5e4c90689b1b452d230d05cc
ef8dee56c4d45da3fcb3,https://calworks.org/eligibility-process,2026-10-04T03:48:50.715500+00:00,calworks.org,True,downloaded,200.0,https://www.calworks.org/eligibility-process,4396.0,success,19,2,html,text/html,CalWORKs,,,calworks.org,https://www.calworks.org/eligibility-process,0.0,ef8dee56c4d45da3fcb3.txt,6a8383cffbc50c18c0126a0978d721da5ea16e6bcddd99b4a870fdf320b7656c
efc02c1c87a01abeb879,https://idbinvest.org/en/blog/gender/uncovering-hidden-cost-gender-biases-lending-women,2026-10-04T03:48:51.042880+00:00,idbinvest.org,True,downloaded,200.0,https://idbinvest.org/en/blog/gender/uncovering-hidden-cost-gender-biases-lending-women,87780.0,success,5094,834,html,text/html; charset=UTF-8,Uncovering the Hidden Cost of Gender Biases in Lending to Women,Irani Arraiz,2026-01-01,idbinvest.org,https://idbinvest.org/en/blog/gender/uncovering-hidden-cost-gender-biases-lending-women,0.0,efc02c1c87a01abeb879.txt,a5d754fb30c8344e3b1c4e407645fdf650fd89fe23d1683919a6600d16f49ed2
efc5a4e461dc64825498,https://betterangels.la/halo/preventions/why-are-people-homeless,2026-10-04T03:48:51.088657+00:00,betterangels.la,True,downloaded,200.0,https://betterangels.la/halo/preventions/why-are-people-homeless,96713.0,success,4705,709,html,text/html; charset=utf-8,Why are people homeless?,Melissa Amour,2024-04-01,betterangels.la,https://betterangels.la/halo/preventions/why-are-people-homeless,0.0,efc5a4e461dc64825498.txt,b3ecd14a3ea767ab28a0a99ea2b716eb2c02b7c7c641e135f44918102a2bf1a7
efc5bed5a2f45510cb26,https://ohr.dc.gov/page/transemployees,2026-10-04T03:48:51.534143+00:00,dc.gov,True,downloaded,200.0,https://ohr.dc.gov/page/transemployees,70888.0,success,1342,199,html,text/html; charset=UTF-8,Valuing Transgender Applicants & Employees: A Best Practice Guide for Employers | ohr,,2024-11-01,ohr.dc.gov,https://ohr.dc.gov/page/transemployees,0.0,efc5bed5a2f45510cb26.txt,41dcb96e61bdae26494b4f556d5b171b656e7ee122c1d40c27866892f0ada669
f008806b3cdf4b7af519,https://prisonpolicy.org/blog/2020/06/05/policingfacts,2026-10-04T03:48:53.071655+00:00,prisonpolicy.org,True,downloaded,200.0,https://www.prisonpolicy.org/blog/2020/06/05/policingfacts/,56623.0,success,10068,1580,html,text/html; charset=UTF-8,Ten key facts about policing: Highlights from our work,Prison Policy Initiative,2020-06-05,PrisonPolicy,https://www.prisonpolicy.org/blog/2020/06/05/policingfacts/,0.0,f008806b3cdf4b7af519.txt,f5c4b1c8c85335e32b13fb3fbd7cd7bef1f91e2626bbb056b034b13e5910b6aa
f0396f9f6ac1903a5468,https://pmc.ncbi.nlm.nih.gov/articles/PMC10350749,2026-10-04T03:48:53.102028+00:00,nih.gov,True,downloaded,200.0,https://pmc.ncbi.nlm.nih.gov/articles/PMC10350749,21367.0,success,131,18,html,text/html; charset=utf-8,Checking your browser,,2026-09-11,google.com,https://www.google.com/recaptcha/challengepage,0.0,f0396f9f6ac1903a5468.txt,a29166d0eaaa418bd5af61a282f1183a46c84c4d5e4c90689b1b452d230d05cc
f0541d923ac0a3a24872,https://news.nd.edu/news/im-watching-you-behavior-produces-racial-disparities-in-school-discipline,2026-10-04T03:48:53.647430+00:00,nd.edu,True,downloaded,200.0,https://news.nd.edu/news/im-watching-you-behavior-produces-racial-disparities-in-school-discipline/,41483.0,success,6063,907,html,text/html; charset=utf-8,‘I’m watching you’ behavior produces racial disparities in school discipline,Tracy DeStazio,2024-02-09,Notre Dame News,https://news.nd.edu/news/im-watching-you-behavior-produces-racial-disparities-in-school-discipline/,0.0,f0541d923ac0a3a24872.txt,426ab20dc7d7844d282df0e1dcb32f3f67caa53bb2ef22f130e0d03855dbc2e2
f061b3e66220cf54248c,https://beckerspayer.com/research-analysis/5-things-to-know-about-medicaids-administrative-burdens,2026-10-04T03:48:54.857685+00:00,beckerspayer.com,False,http_error,403.0,https://www.beckerspayer.com/research-analysis/5-things-to-know-about-medicaids-administrative-burdens,776.0,not_extracted,0,0,,text/html;charset=utf-8,,,,,,0.0,,
f0a17de66346b422c1d0,https://urban.org/research/publication/people-disabilities-living-us-face-urgent-barriers-housing,2026-10-04T03:48:56.356192+00:00,urban.org,False,http_error,403.0,https://www.urban.org/research/publication/people-disabilities-living-us-face-urgent-barriers-housing,5939.0,not_extracted,0,0,,text/html; charset=UTF-8,,,,,,0.0,,
f0cb68bf408cbd5346c7,https://hispanicresearchcenter.org/hisp-family-facts/hispanic-family-facts-low-income-hispanics-may-have-misconceptions-about-eligibility-for-government-assistance-programs,2026-10-04T03:48:57.173718+00:00,hispanicresearchcenter.org,True,downloaded,200.0,https://www.hispanicresearchcenter.org/hisp-family-facts/hispanic-family-facts-low-income-hispanics-may-have-misconceptions-about-eligibility-for-government-assistance-programs/,255591.0,success,999,141,html,text/html; charset=UTF-8,Hispanic Family Facts: Low-income Hispanics may have misconceptions about eligibility for government assistance programs - Hispanic Research Center,,2025-10-09,Hispanic Research Center,https://www.hispanicresearchcenter.org/hisp-family-facts/hispanic-family-facts-low-income-hispanics-may-have-misconceptions-about-eligibility-for-government-assistance-programs/,0.0,f0cb68bf408cbd5346c7.txt,31879ec4ba6c9e45964b4eacfc486867f6bf134366e4cfe26837b21416669604
f1ba26b69f35f1e19686,https://pmc.ncbi.nlm.nih.gov/articles/PMC10251765,2026-10-04T03:48:57.400810+00:00,nih.gov,True,downloaded,200.0,https://pmc.ncbi.nlm.nih.gov/articles/PMC10251765/,242237.0,success,50937,7246,html,text/html; charset=utf-8,"Association of Affirming Care with Chronic Disease and Preventive Care Outcomes among Lesbian, Gay, Bisexual, Transgender, and Queer Older Adults",Tara McKay; Nathaniel M Tran; Harry Barbee; Judy K Min,2022-11-29,American journal of preventive medicine,https://pmc.ncbi.nlm.nih.gov/articles/PMC10251765/,0.0,f1ba26b69f35f1e19686.txt,b9c2c6077bf1457ad0fddecbe08285af1babb290b3820673db07f6669567759d
f1cfec8aa4cf51da256f,https://navicoresolutions.org/resources/blog/overcoming-barriers-of-financial-inclusion,2026-10-04T03:48:58.349168+00:00,navicoresolutions.org,True,downloaded,200.0,https://navicoresolutions.org/resources/blog/overcoming-barriers-of-financial-inclusion,72662.0,success,7693,1194,html,text/html; charset=utf-8,Overcoming Barriers Of Financial Inclusion,Katherine O'Shea,2021-11-23,navicoresolutions.org,https://navicoresolutions.org/resources/blog/overcoming-barriers-of-financial-inclusion,0.0,f1cfec8aa4cf51da256f.txt,ceefa21be1a8e7bb3e6473530a56b88c9007276c7ae5525f19eaaa53a95270cd
f1d078b3cd7e5168846c,https://access.heinonline.com/hol-cgi-bin/get_pdf.cgi?handle=hein.journals%2Fsocprob29&section=22,2026-10-04T03:48:58.406877+00:00,heinonline.com,True,downloaded,200.0,https://access.heinonline.com/hol-cgi-bin/get_pdf.cgi?handle=hein.journals%2Fsocprob29&section=22,325.0,empty_text,0,0,html,text/html,,,,access.heinonline.com,https://access.heinonline.com/hol-cgi-bin/get_pdf.cgi?handle=hein.journals%2Fsocprob29§ion=22,0.0,f1d078b3cd7e5168846c.txt,e3b0c44298fc1c149afbf4c8996fb92427ae41e4649b934ca495991b7852b855
f2170b1dbb18b6b145b9,https://fdic.gov/system/files/2024-06/2022-community-reinvestment-act-3064-af81-c-298.pdf,2026-10-04T03:49:00.684389+00:00,fdic.gov,True,downloaded,200.0,https://www.fdic.gov/system/files/2024-06/2022-community-reinvestment-act-3064-af81-c-298.pdf,3072999.0,empty_text,0,0,pdf,application/pdf,,,,,,0.0,f2170b1dbb18b6b145b9.txt,e3b0c44298fc1c149afbf4c8996fb92427ae41e4649b934ca495991b7852b855
f242ccc71cf9b71c447a,https://siepr.stanford.edu/publications/policy-brief/homelessness-california-causes-and-policy-considerations,2026-10-04T03:49:00.896938+00:00,stanford.edu,True,downloaded,200.0,https://siepr.stanford.edu/publications/policy-brief/homelessness-california-causes-and-policy-considerations,141727.0,success,38662,5826,html,text/html; charset=UTF-8,Homelessness in California: Causes and Policy Considerations,Author Jialu L Streeter,2011-03-01,Stanford Institute for Economic Policy Research (SIEPR),https://siepr.stanford.edu/publications/policy-brief/homelessness-california-causes-and-policy-considerations,0.0,f242ccc71cf9b71c447a.txt,d985a90bdb87d23d63e9f5835f93a12d11d3457092319e97f3fd7d771df552ad
f24de4e8f7cf0034609c,https://pmc.ncbi.nlm.nih.gov/articles/PMC9744995,2026-10-04T03:49:01.121394+00:00,nih.gov,True,downloaded,200.0,https://pmc.ncbi.nlm.nih.gov/articles/PMC9744995,21365.0,success,131,18,html,text/html; charset=utf-8,Checking your browser,,2026-09-11,google.com,https://www.google.com/recaptcha/challengepage,0.0,f24de4e8f7cf0034609c.txt,a29166d0eaaa418bd5af61a282f1183a46c84c4d5e4c90689b1b452d230d05cc
f252962e9f65eefd1e5a,https://pmc.ncbi.nlm.nih.gov/articles/PMC6002151,2026-10-04T03:49:01.673328+00:00,nih.gov,True,downloaded,200.0,https://pmc.ncbi.nlm.nih.gov/articles/PMC6002151,21368.0,success,131,18,html,text/html; charset=utf-8,Checking your browser,,2026-09-11,google.com,https://www.google.com/recaptcha/challengepage,0.0,f252962e9f65eefd1e5a.txt,a29166d0eaaa418bd5af61a282f1183a46c84c4d5e4c90689b1b452d230d05cc
f27c878c2bb1688aab1d,https://ccjm.org/content/83/7/531,2026-10-04T03:49:02.239810+00:00,ccjm.org,True,downloaded,200.0,https://www.ccjm.org/,65441.0,success,2083,292,html,text/html; charset=UTF-8,Latest articles,Adam J Brown; MD,2026-10-01,ccjm.org,https://www.ccjm.org/,0.0,f27c878c2bb1688aab1d.txt,63167be768983f559252083ae06444b01bc4c1e86628715c6020945bc192a68e
f2c2e8d622be7ac477c1,https://johepal.com/article-1-532-en.pdf,2026-10-04T03:49:02.482893+00:00,johepal.com,True,downloaded,200.0,https://johepal.com/article-1-532-en.pdf,1793483.0,success,77383,10882,pdf,application/pdf,,,,,,0.0,f2c2e8d622be7ac477c1.txt,af4e4618ac48ca46f8c443fa18da7511a9c4ffbce081d60f7c04ffae877c6760
f3425cece9c8f44f5b39,https://bwlaw.com/blog/2024/05/sexual-harassment-also-affects-men,2026-10-04T03:49:02.758093+00:00,bwlaw.com,False,http_error,403.0,https://bwlaw.com/blog/2024/05/sexual-harassment-also-affects-men,5690.0,not_extracted,0,0,,text/html; charset=UTF-8,,,,,,0.0,,
f354d0e216bfca988dd4,https://nwlc.org/resource/by-the-numbers-data-on-key-programs-for-the-well-being-of-women-lgbtqi-people-and-their-families,2026-10-04T03:49:02.988263+00:00,nwlc.org,True,downloaded,200.0,https://nwlc.org/resource/by-the-numbers-data-on-key-programs-for-the-well-being-of-women-lgbtqi-people-and-their-families/,350378.0,success,21761,3238,html,text/html; charset=UTF-8,"BY THE NUMBERS: Data on Key Programs for the Well-Being of Women, LGBTQI+ People, and Their Families - National Women's Law Center",,2026-03-09,National Women's Law Center,https://nwlc.org/resource/by-the-numbers-data-on-key-programs-for-the-well-being-of-women-lgbtqi-people-and-their-families/,0.0,f354d0e216bfca988dd4.txt,a0b2a57e49847cf5bd9741aa87ffd4a0469cda812bc8272fadec122ee13411d2
f3b92c36bbc1c5c1a658,https://ojp.gov/pdffiles1/ojjdp/grants/250804.pdf,2026-10-04T03:49:04.140604+00:00,ojp.gov,True,downloaded,200.0,https://www.ojp.gov/pdffiles1/ojjdp/grants/250804.pdf,1386936.0,success,68794,9671,pdf,application/pdf,,,,,,0.0,f3b92c36bbc1c5c1a658.txt,6affc884ddf3eba1166037543458aede2bd262f83d9a56ac65dd502676201bff
f3ba90eeeb64eabd274b,https://pmc.ncbi.nlm.nih.gov/articles/PMC11022155,2026-10-04T03:49:04.360995+00:00,nih.gov,True,downloaded,200.0,https://pmc.ncbi.nlm.nih.gov/articles/PMC11022155,21371.0,success,131,18,html,text/html; charset=utf-8,Checking your browser,,2026-09-11,google.com,https://www.google.com/recaptcha/challengepage,0.0,f3ba90eeeb64eabd274b.txt,a29166d0eaaa418bd5af61a282f1183a46c84c4d5e4c90689b1b452d230d05cc
f3cf6770f761e4fa5a5e,https://williamsinstitute.law.ucla.edu/press/lgbt-snap-benefits-press-release,2026-10-04T03:49:04.885130+00:00,ucla.edu,True,downloaded,200.0,https://williamsinstitute.law.ucla.edu/press/lgbt-snap-benefits-press-release/,101257.0,success,1588,239,html,text/html; charset=UTF-8,More than 2 million LGBT adults in the US rely on SNAP benefits,Loyal; Thisisloyal Com,2025-07-03,The Williams Institute at UCLA School of Law,https://williamsinstitute.law.ucla.edu/press/lgbt-snap-benefits-press-release/,0.0,f3cf6770f761e4fa5a5e.txt,2e8dcc5901821aab17fef643e0e66cdfdd8c2508fd67e733bd34f08b2cd062e3
f3e946ea8ac048e2a62d,https://pmc.ncbi.nlm.nih.gov/articles/PMC11523499,2026-10-04T03:49:05.936492+00:00,nih.gov,True,downloaded,200.0,https://pmc.ncbi.nlm.nih.gov/articles/PMC11523499/,187759.0,success,35419,4948,html,text/html; charset=utf-8,Factors for the integration of prevention in primary care: an overview of reviews,Estelle Clet; Pierre Leblanc; François Alla; Christine Cohidon,2024-08-21,BJGP Open,https://pmc.ncbi.nlm.nih.gov/articles/PMC11523499/,0.0,f3e946ea8ac048e2a62d.txt,3742242591e9e025482ca1b62a1ab0d2e0426bc90296082b8b8177cd7db9d6ef
f445de95ace940fe9789,https://theconversation.com/the-disturbing-connection-between-bullying-and-sexual-harassment-68033,2026-10-04T03:49:06.071691+00:00,theconversation.com,True,downloaded,200.0,https://theconversation.com/the-disturbing-connection-between-bullying-and-sexual-harassment-68033,178469.0,success,6126,954,html,text/html; charset=utf-8,The disturbing connection between bullying and sexual harassment,Dorothy Espelage,2016-11-30,The Conversation,https://theconversation.com/the-disturbing-connection-between-bullying-and-sexual-harassment-68033,0.0,f445de95ace940fe9789.txt,1247d3894c8ba756677d3534638c798d3bafd8a78c66079431690a584ec6e1a4
f4a22b46bb8a7337a156,https://law.justia.com/constitution/us/amendment-04/14-detention-short-of-arrest-stop-and-frisk.html,2026-10-04T03:49:07.580823+00:00,justia.com,False,http_error,403.0,https://law.justia.com/constitution/us/amendment-04/14-detention-short-of-arrest-stop-and-frisk.html,5849.0,not_extracted,0,0,,text/html; charset=UTF-8,,,,,,0.0,,
f5022541018ac45c65da,https://pmc.ncbi.nlm.nih.gov/articles/PMC10431638,2026-10-04T03:49:08.735667+00:00,nih.gov,True,downloaded,200.0,https://pmc.ncbi.nlm.nih.gov/articles/PMC10431638/,222478.0,success,67133,9798,html,text/html; charset=utf-8,"“If he has education, there will not be any problem”: Factors affecting access to education for children with disabilities in Tamil Nadu, India",Kumudha Aruldas; Lena Morgon Banks; Guru Nagarajan; Reeba Roshan; Jabaselvi Johnson; David Musendo; Isaac Arpudharangam; Judd L Walson; Tom Shakespeare; Sitara S R Ajjampur,2023-08-16,PLOS ONE,https://pmc.ncbi.nlm.nih.gov/articles/PMC10431638/,0.0,f5022541018ac45c65da.txt,f4c0ca3450136d76c6968b34731af0ab6b707598eb7cf79b73d3cd2bfa40cc09
f51f32a07d76c3952854,https://cluballiance.aaa.com/the-extra-mile/advice/budget/factors-lenders-consider-for-credit-approval,2026-10-04T03:49:09.294466+00:00,aaa.com,True,downloaded,200.0,https://cluballiance.aaa.com/the-extra-mile/advice/budget/factors-lenders-consider-for-credit-approval,80714.0,success,4132,688,html,text/html; charset=utf-8,5 Factors Lenders Consider for Credit Approval | AAA Club Alliance,,2025-01-09,edge.sitecorecloud.io,https://edge.sitecorecloud.io/the-extra-mile/advice/budget/factors-lenders-consider-for-credit-approval,0.0,f51f32a07d76c3952854.txt,be01544980b519df4baaff27164678a0cda0396cddb50b6715ebe2d23bc36dc0
f5229c2773fea0403baa,https://unesco.org/en/health-education/safe-learning-environments,2026-10-04T03:49:09.477754+00:00,unesco.org,True,downloaded,200.0,https://www.unesco.org/en/health-education/safe-learning-environments,288948.0,success,9204,1364,html,text/html; charset=utf-8,Safe learning environments: Preventing and addressing violence in and,,2026-08-25,unesco.org,https://www.unesco.org/en/health-education/safe-learning-environments,0.0,f5229c2773fea0403baa.txt,78497b52e8e1cd90f1c7738e9a22b5b6c186cb39f1b4d0d40d41be3c9c157bbf
f53559e83f2fca6b9a87,https://journals.indianapolis.iu.edu/index.php/ENGAGE/article/view/27616,2026-10-04T03:49:09.702176+00:00,iu.edu,True,downloaded,200.0,https://journals.indianapolis.iu.edu/index.php/ENGAGE/article/view/27616,17982.0,success,1549,207,html,text/html; charset=utf-8,How Social Discrimination and Housing (Un) Affordability Causes Gender-Expansive Homelessness and Policy Recommendations to Ensure that Everyone is Housed,Daniel Soucy,2024-01-19,ENGAGE!,https://journals.indianapolis.iu.edu/index.php/ENGAGE/article/view/27616,0.0,f53559e83f2fca6b9a87.txt,856756ec4e9c7a38d4215d9f4e72e23d256d65c187bb8bf2e67e9baaf104f70b
f53b629a2f8f92f2a9ff,https://onlinelibrary.wiley.com/doi/abs/10.1002/aepp.13508,2026-10-04T03:49:10.582902+00:00,wiley.com,False,http_error,403.0,https://onlinelibrary.wiley.com/doi/abs/10.1002/aepp.13508,5777.0,not_extracted,0,0,,text/html; charset=UTF-8,,,,,,0.0,,
f552be868377ebcb3e62,https://aecf.org/blog/racial-inequality-in-education,2026-10-04T03:49:10.908193+00:00,aecf.org,False,http_error,403.0,https://www.aecf.org/blog/racial-inequality-in-education,5678.0,not_extracted,0,0,,text/html; charset=UTF-8,,,,,,0.0,,
f585b2e536da81d51522,https://csd.wustl.edu/26-30,2026-10-04T03:49:11.290369+00:00,wustl.edu,True,downloaded,200.0,https://csd.wustl.edu/26-30/,78171.0,success,1056,156,html,text/html; charset=UTF-8,When the Safety Net Becomes a Barrier: Administrative Burdens in SNAP and Medicaid,CSD,2026-06-17,Center for Social Development,https://csd.wustl.edu/26-30/,0.0,f585b2e536da81d51522.txt,4027a7c290397046884451a915956c3deb0746617d4f33cea2462351ab891ce3
f58ceb907d706868c38b,https://right-to-education.org/girlswomen,2026-10-04T03:49:13.641746+00:00,right-to-education.org,True,downloaded,200.0,https://www.right-to-education.org/girlswomen,148265.0,success,61440,9393,html,text/html; charset=utf-8,Women and girls,,2025-07-28,Right to Education Initiative,https://www.right-to-education.org/girlswomen,0.0,f58ceb907d706868c38b.txt,58338490dac559b1d48c2dad7bfa96d2deb3bdcd18d4fd7b6db2d2430934d301
f5a623fe595972d7b35d,https://sk.sagepub.com/ency/edvol/download/counseling/chpt/career-counseling-latinos.pdf,2026-10-04T03:49:13.834071+00:00,sagepub.com,False,curl_error,302.0,https://sso.sagepub.com/Account/Login?ReturnUrl=%2Fconnect%2Fauthorize%2Fcallback%3Fclient_id%3DSK.Web%26redirect_uri%3Dhttps%253A%252F%252Fsk.sagepub.com%252Fsignin-oidc%252Fautologin%26response_type%3Dcode%26scope%3Dopenid%2520profile%2520%2520profile%2520%2520institution%2520%2520cache-management-api%26code_challenge%3DumYwP16tfCOD8qM87iJznT-G_NqgV88dOytjK6tthCY%26code_challenge_method%3DS256%26nonce%3D639266825544387505.MTY5NTZjZWMtNGYzNC00ZmIwLWE2NGQtNjI0NWI3N2I2NjY4OGJkYWJkYWItYTIzOC00MDIxLTllZTctZDZmYmRhNGYyZGVm%26acr_values%3D%2520actualRedirect%253A%252Fency%252Fedvol%252Fdownload%252Fcounseling%252Fchpt%252Fcareer-counseling-latinos.pdf%26state%3DCfDJ8EdummnHKiRLptkZUqatBdk_Y4rTv5AQVt4jylxvyI8lt7rN6rJceVmTTLKDkCfvzEjuN-vpQBw1Kp1NgMQQ5e75XttPojWIus4AFYQk1K6unln_NpZy7JIce6b-E4Qw_IcLA-987Jei2NEoPcTK33xZN8kgm3C4OIpCH91VHk5abiLJQmgLsx5j4AHyLxGqMC7cnyr-A2ykzQKMKKOFDRAJmMFlI_MWUsR4YqdVKuRH1Qif7IL3M_cufoO-IAKwcV9NFLSgeK9YN1ehIapE8cWRM4GvEYsoaX1ZFI8w181X6m5u4TaII0-kh7otNBBDKPBSW4B6uDETXw62hAy_Mgn0tVna1ogilhKcm500rEyiKDDYsVYXjT5Cwu4bSg4tGrhiHaeoA14H22f-RISuf-LLEY2n4taxxoYH3mj8usScXhpIXmlHu88RzBU1iyztI7OpWzg_bRr7pCLVh0V88Qk%26x-client-SKU%3DID_NET10_0%26x-client-ver%3D8.16.0.0,,not_extracted,0,0,,,,,,,,47.0,,
f5dc9bf0600f6f9ed95e,https://womensworldbanking.org/insights/the-institutional-barriers-holding-back-womens-financial-inclusion,2026-10-04T03:49:14.362089+00:00,womensworldbanking.org,True,downloaded,200.0,https://www.womensworldbanking.org/insights/the-institutional-barriers-holding-back-womens-financial-inclusion/,185538.0,success,6431,961,html,text/html; charset=UTF-8,Why do financial institutions still underserve women customers? - Women's World Banking,Women's World Banking,2026-02-18,Women's World Banking,https://www.womensworldbanking.org/insights/the-institutional-barriers-holding-back-womens-financial-inclusion/,0.0,f5dc9bf0600f6f9ed95e.txt,e3dbaac9466452b5d50332b5b702ff7496c65b128c3878258c375fbe312dc8ff
f5e238bd389381f95b9d,https://researchgate.net/publication/276605218_Factors_that_affect_the_arrest_decision_in_domestic_violence_cases,2026-10-04T03:49:14.447406+00:00,researchgate.net,False,http_error,403.0,https://www.researchgate.net/publication/276605218_Factors_that_affect_the_arrest_decision_in_domestic_violence_cases,21138.0,not_extracted,0,0,,text/html; charset=UTF-8,,,,,,0.0,,
f5f04319ebded9af5ba3,https://pmc.ncbi.nlm.nih.gov/articles/PMC9636806,2026-10-04T03:49:16.259450+00:00,nih.gov,True,downloaded,200.0,https://pmc.ncbi.nlm.nih.gov/articles/PMC9636806,21368.0,success,131,18,html,text/html; charset=utf-8,Checking your browser,,2026-09-11,google.com,https://www.google.com/recaptcha/challengepage,0.0,f5f04319ebded9af5ba3.txt,a29166d0eaaa418bd5af61a282f1183a46c84c4d5e4c90689b1b452d230d05cc
f66dfe263cf857f43052,https://pmc.ncbi.nlm.nih.gov/articles/PMC1495054,2026-10-04T03:49:16.505801+00:00,nih.gov,True,downloaded,200.0,https://pmc.ncbi.nlm.nih.gov/articles/PMC1495054/,185031.0,success,35918,5599,html,text/html; charset=utf-8,Influence of Usual Source of Care on Differences by Race/Ethnicity in Receipt of Preventive Services,Giselle Corbie-Smith; Elaine W Flagg; Joyce P Doyle; Megan A O'Brien,2000-01-01,Journal of General Internal Medicine,https://pmc.ncbi.nlm.nih.gov/articles/PMC1495054/,0.0,f66dfe263cf857f43052.txt,52eafd262f980aaaee0842aa117c4da5d34166850b2eba27c8584286e049a489
f6806790825a3acc0974,https://nces.ed.gov/programs/coe/indicator/a10/bullying-electronic-bullying,2026-10-04T03:49:17.610787+00:00,ed.gov,True,downloaded,200.0,https://nces.ed.gov/programs/coe/indicator/a10/bullying-electronic-bullying,407854.0,success,31462,4276,html,text/html; charset=utf-8,Student Bullying,,2026-03-10,nces.ed.gov,https://nces.ed.gov/programs/coe/indicator/a10/bullying-electronic-bullying,0.0,f6806790825a3acc0974.txt,c9ab79a41b9a6ddb71d45786ff55dc0a30dd3ecd5c0291904510faccd6028a16
f6cb1166c166493108b0,https://specialneedsalliance.org/blog/archive/tough-choices-people-with-disabilities-face-housing-crisis,2026-10-04T03:49:17.977337+00:00,specialneedsalliance.org,True,downloaded,200.0,https://www.specialneedsalliance.org/blog/archive/tough-choices-people-with-disabilities-face-housing-crisis/,156110.0,success,5437,790,html,text/html; charset=UTF-8,Tough Choices: People with Disabilities Face Housing Crisis,SNA Admin,2014-03-06,Special Needs Alliance,https://www.specialneedsalliance.org/blog/archive/tough-choices-people-with-disabilities-face-housing-crisis/,0.0,f6cb1166c166493108b0.txt,33acef0f16ca6713d05b1c4d804f71c32ace38f07e56dd6a0301d49ed1673b89
f6f5d499b2b633a608f7,https://epgn.com/2020/10/28/new-study-shows-roots-of-lgbtq-poverty-and-need-for-government-data,2026-10-04T03:49:18.412193+00:00,epgn.com,True,downloaded,200.0,https://epgn.com/2020/10/28/new-study-shows-roots-of-lgbtq-poverty-and-need-for-government-data/,193230.0,success,7209,1119,html,text/html; charset=UTF-8,New study shows roots of LGBTQ poverty and need for government data - Philadelphia Gay News,Victoria A Brownworth,2020-10-28,Philadelphia Gay News,https://epgn.com/2020/10/28/new-study-shows-roots-of-lgbtq-poverty-and-need-for-government-data/,0.0,f6f5d499b2b633a608f7.txt,d54706a0697704fcd1ca885fe2370de5ee8e4130ae03d0591ebfda84798f3dc4
f70b8298fc944a353a19,https://sciencedirect.com/science/article/abs/pii/S0047235220300684,2026-10-04T03:49:18.897211+00:00,sciencedirect.com,False,http_error,403.0,https://www.sciencedirect.com/science/article/abs/pii/S0047235220300684,1207905.0,not_extracted,0,0,,text/html; charset=UTF-8,,,,,,0.0,,
f71a506c545f5836eabb,https://policingequity.org/resource-library/use-of-force,2026-10-04T03:49:20.372581+00:00,policingequity.org,True,downloaded,200.0,https://policingequity.org/resource-library/use-of-force/,320584.0,success,1954,303,html,text/html; charset=UTF-8,Use of Force - Policing Equity,,2026-01-13,Policing Equity,https://policingequity.org/resource-library/use-of-force/,0.0,f71a506c545f5836eabb.txt,d7618e825d2da683060456850c9432e4297ea949ae4aa59fc04ee001de673196
f738451ab7946b42ebc6,https://rudermanfoundation.org/white_papers/media-coverage-of-law-enforcement-use-of-force-and-disability,2026-10-04T03:49:22.320211+00:00,rudermanfoundation.org,True,downloaded,200.0,https://rudermanfoundation.org/white_papers/media-coverage-of-law-enforcement-use-of-force-and-disability/,92774.0,success,5209,803,html,text/html; charset=UTF-8,Media coverage of law enforcement use of force and disability,,2017-08-23,Ruderman Family Foundation,https://rudermanfoundation.org/white_papers/media-coverage-of-law-enforcement-use-of-force-and-disability/,0.0,f738451ab7946b42ebc6.txt,25644096ac59f850901019f4f4d100315f31c086b42b3f500bf4bf3c06195870
f7ffe58e56617333d73e,https://endhomelessness.org/overview,2026-10-04T03:49:23.914934+00:00,endhomelessness.org,True,downloaded,200.0,https://endhomelessness.org/overview,353444.0,success,4475,661,html,text/html; charset=UTF-8,What Is Homelessness in America?,,2026-06-29,National Alliance to End Homelessness,https://endhomelessness.org/overview/,0.0,f7ffe58e56617333d73e.txt,88db6e27371f9ed18cbc7356a6d401a2f32498fab687a6c56d5a69511ed470bd
f80a3040fe0bf24209a0,https://patientsafetylearning.org/blog/dangerous-exclusions-the-risk-to-patient-safety-of-sex-and-gender-bias,2026-10-04T03:49:24.214913+00:00,patientsafetylearning.org,True,downloaded,200.0,https://www.patientsafetylearning.org/blog/dangerous-exclusions-the-risk-to-patient-safety-of-sex-and-gender-bias,62334.0,success,21079,3275,html,text/html; charset=UTF-8,The risk to patient safety of sex and gender bias,,2020-07-08,Patient Safety Learning,https://www.patientsafetylearning.org/blog/dangerous-exclusions-the-risk-to-patient-safety-of-sex-and-gender-bias,0.0,f80a3040fe0bf24209a0.txt,0d38096c3039edf11f0ae68c26f3d5e812129caa5bd57592c326c5c30659c5ed
f82ec25b053c87215e51,https://aphsa.org/resources/seven-ways-to-improve-tanf-and-help-families,2026-10-04T03:49:24.786621+00:00,aphsa.org,False,http_error,403.0,https://aphsa.org/resources/seven-ways-to-improve-tanf-and-help-families,103.0,not_extracted,0,0,,text/html,,,,,,0.0,,
f84caca687b9398a35bc,https://justice.gov/ovw/grants,2026-10-04T03:49:25.153352+00:00,justice.gov,True,downloaded,200.0,https://www.justice.gov/ovw/grants,95269.0,success,497,72,html,text/html; charset=UTF-8,Grants,,2022-11-29,justice.gov,https://www.justice.gov/ovw/grants,0.0,f84caca687b9398a35bc.txt,a853b0b4e5f1c09d75abdf5edac718b3655df11afa259b9c3015feec0a7b0ad2
f8a49e9058b87de3dd2b,https://unidosus.org/wp-content/uploads/2021/07/millennial_employment_brief.pdf,2026-10-04T03:49:25.209869+00:00,unidosus.org,True,downloaded,200.0,https://unidosus.org/wp-content/uploads/2021/07/millennial_employment_brief.pdf,662217.0,success,28014,3839,pdf,application/pdf,,,,,,0.0,f8a49e9058b87de3dd2b.txt,ec4d76aea046b1b27bc374f4be3ba16cadca0155a721c6baee9d9c07e9419f31
f8b26819ab2201b319a0,https://williamsinstitute.law.ucla.edu/publications/lgbtq-colleges-grad-school,2026-10-04T03:49:26.558934+00:00,ucla.edu,True,downloaded,200.0,https://williamsinstitute.law.ucla.edu/publications/lgbtq-colleges-grad-school/,132791.0,success,2697,389,html,text/html; charset=UTF-8,Experiences of LGBTQ People in Four-Year Colleges and Graduate Programs,Loyal; Thisisloyal Com,2023-02-17,The Williams Institute at UCLA School of Law,https://williamsinstitute.law.ucla.edu/publications/lgbtq-colleges-grad-school/,0.0,f8b26819ab2201b319a0.txt,664ae848fe15cb4b2457601fd5aee4623d1bb0526230de763a25a70c2e237334
f8b607d4e757d881b046,https://scholarworks.uark.edu/cgi/viewcontent.cgi?article=1017&context=isysuht,2026-10-04T03:49:26.727446+00:00,uark.edu,False,http_error,403.0,https://scholarworks.uark.edu/cgi/viewcontent.cgi?article=1017&context=isysuht,5777.0,not_extracted,0,0,,text/html; charset=UTF-8,,,,,,0.0,,
f8ce92ca856d5de86ec1,https://meditopia.com/en/forwork/articles/disability-discrimination-in-the-workplace,2026-10-04T03:49:26.752405+00:00,meditopia.com,True,downloaded,200.0,https://meditopia.com/en/forwork/articles/disability-discrimination-in-the-workplace,129038.0,success,14944,2044,html,text/html; charset=utf-8,Understanding and Preventing Disability Discrimination in the Workplace - Meditopia for Work,Daniela D Franco; Social Psychologist,2025-06-13,Meditopia,https://meditopia.com/en/forwork/articles/disability-discrimination-in-the-workplace,0.0,f8ce92ca856d5de86ec1.txt,e1b1a660e8e8dc1c1713133765395678c0c5c28a98a5a05b6d6347e9b1b975da
f8da42d42df89f65688b,https://americanbar.org/groups/diversity/sexual_orientation/publications/equalizer/2019-july/impact-of-incarceration-and-policing-in-our-community,2026-10-04T03:49:27.473157+00:00,americanbar.org,False,http_error,403.0,https://americanbar.org/groups/diversity/sexual_orientation/publications/equalizer/2019-july/impact-of-incarceration-and-policing-in-our-community,6092.0,not_extracted,0,0,,text/html; charset=UTF-8,,,,,,0.0,,
f8e194c57b48c03e906b,https://urban.org/sites/default/files/publication/89236/same_sex_marriage_0.pdf,2026-10-04T03:49:27.746283+00:00,urban.org,False,http_error,403.0,https://www.urban.org/sites/default/files/publication/89236/same_sex_marriage_0.pdf,5864.0,not_extracted,0,0,,text/html; charset=UTF-8,,,,,,0.0,,
f91ee3f1f71278fac07e,https://pmc.ncbi.nlm.nih.gov/articles/PMC10418767,2026-10-04T03:49:28.107165+00:00,nih.gov,True,downloaded,200.0,https://pmc.ncbi.nlm.nih.gov/articles/PMC10418767,21367.0,success,131,18,html,text/html; charset=utf-8,Checking your browser,,2026-09-11,google.com,https://www.google.com/recaptcha/challengepage,0.0,f91ee3f1f71278fac07e.txt,a29166d0eaaa418bd5af61a282f1183a46c84c4d5e4c90689b1b452d230d05cc
f92043521710ee7c7e43,https://latino.ucla.edu/press/new-federal-and-state-policies-could-lead-up-to-1m-latino-medi-cal-enrollees-to-disenroll-in-california,2026-10-04T03:49:28.549260+00:00,ucla.edu,True,downloaded,200.0,https://latino.ucla.edu/press/new-federal-and-state-policies-could-lead-up-to-1m-latino-medi-cal-enrollees-to-disenroll-in-california/,152663.0,success,5518,815,html,text/html; charset=UTF-8,New Federal and State Policies Could Lead Up to 1M Latino Medi-Cal Enrollees to Disenroll in California,,2026-09-29,Latino Policy & Politics Institute,https://latino.ucla.edu/press/new-federal-and-state-policies-could-lead-up-to-1m-latino-medi-cal-enrollees-to-disenroll-in-california/,0.0,f92043521710ee7c7e43.txt,611e5d692622e15053d766afed5cd5efc3281f3808f19623e83fc68319b9c149
f94026562c806f8a34b9,https://stpaulscenter.com/racial-inequities,2026-10-04T03:49:29.348595+00:00,stpaulscenter.com,True,downloaded,200.0,https://stpaulscenter.com/racial-inequities/,558041.0,success,5406,855,html,text/html; charset=UTF-8,Homelessness in America: Racial Inequities and the Black Community - St. Paul's Center,Mmeyerson,2020-07-21,St. Paul's Center,https://stpaulscenter.com/racial-inequities/,0.0,f94026562c806f8a34b9.txt,aa344729df022302315a7d6d1e9c30d28bb5639eb20abfeadbf946419ca74de4
f9a04b1ac569dcdba52f,https://mdpi.com/1660-4601/19/8/4502,2026-10-04T03:49:30.573458+00:00,mdpi.com,False,http_error,403.0,https://mdpi.com/1660-4601/19/8/4502,391.0,not_extracted,0,0,,text/html,,,,,,0.0,,
f9cf3b37df01f306e7c5,https://wordinblack.com/2024/09/hidden-factors-influencing-college-admissions,2026-10-04T03:49:30.847595+00:00,wordinblack.com,True,downloaded,200.0,https://wordinblack.com/2024/09/hidden-factors-influencing-college-admissions/,238806.0,success,13806,2053,html,text/html; charset=UTF-8,The Hidden Factors Influencing College Admissions Decisions,Akil Bello,2024-09-17,Word In Black,https://wordinblack.com/2024/09/hidden-factors-influencing-college-admissions/,0.0,f9cf3b37df01f306e7c5.txt,7f5786b01aa853cf1f080550ac9a89a5227a9fefb40cb3e6692a6df5127800ce
fa0b40d9260b1d3718a5,https://post.ca.gov/portals/0/post_docs/basic_course_resources/workbooks/LD_15-V5.0.pdf,2026-10-04T03:49:31.091817+00:00,ca.gov,True,downloaded,200.0,https://post.ca.gov/portals/0/post_docs/basic_course_resources/workbooks/LD_15-V5.0.pdf,1047401.0,success,142650,21283,pdf,application/pdf,,,,,,0.0,fa0b40d9260b1d3718a5.txt,fee93f7063de4edae6f2eb52f3bb3a0d33bd3dbbc9ca5e5bfe2622107bcfcbd7
fa7c21ebc9a5f7e0ba8f,https://latino.ucla.edu/research/redefine-latinx-homelessness,2026-10-04T03:49:31.366555+00:00,ucla.edu,True,downloaded,200.0,https://latino.ucla.edu/research/redefine-latinx-homelessness/,168077.0,success,5630,779,html,text/html; charset=UTF-8,The Full Spectrum of Latinx Homelessness: Understanding and Addressing Doubling Up,,2023-12-14,Latino Policy & Politics Institute,https://latino.ucla.edu/research/redefine-latinx-homelessness/,0.0,fa7c21ebc9a5f7e0ba8f.txt,fd7df91eace2aa563654d61ca9a4b94b3d29ae3820d235a68e36413e272ca89c
fa826f7b52a5840332f9,https://foxrothschild.com/publications/the-eeocs-enforcement-guidance-on-harassment-in-the-workplace-what-employers-need-to-know,2026-10-04T03:49:33.165498+00:00,foxrothschild.com,False,http_error,403.0,https://www.foxrothschild.com/publications/the-eeocs-enforcement-guidance-on-harassment-in-the-workplace-what-employers-need-to-know,6017.0,not_extracted,0,0,,text/html; charset=UTF-8,,,,,,0.0,,
faa90d556c9d9e26a929,https://youtube.com/watch?t=49s&v=wj_2U8NqR_M,2026-10-04T03:49:33.534308+00:00,youtube.com,True,downloaded,200.0,https://www.youtube.com/watch?t=49s&v=wj_2U8NqR_M,1208740.0,success,146,23,html,text/html; charset=utf-8,Georgetown Now: Pamela Herd and Don Moynihan,,2020-09-10,YouTube,https://www.youtube.com/watch?v=wj_2U8NqR_M,0.0,faa90d556c9d9e26a929.txt,8dbba17988e385133ba8f51d76cde1fc2c859262b666cb848e9cfe2478fd5e71
faaf6ee34b43ee3962e3,https://tandfonline.com/doi/full/10.1080/15348431.2024.2333885,2026-10-04T03:49:33.851909+00:00,tandfonline.com,False,http_error,403.0,https://tandfonline.com/doi/full/10.1080/15348431.2024.2333885,5805.0,not_extracted,0,0,,text/html; charset=UTF-8,,,,,,0.0,,
fae834cfbefcbd5521c4,https://nhchc.org/wp-content/uploads/2019/08/in-focus_transgender_sep2014_final.pdf,2026-10-04T03:49:33.866553+00:00,nhchc.org,False,http_error,403.0,https://nhchc.org/wp-content/uploads/2019/08/in-focus_transgender_sep2014_final.pdf,52.0,not_extracted,0,0,,text/html,,,,,,0.0,,
fb8b1f823b432a9f612a,https://scholars.org/brief/how-federal-government-policies-have-helped-women-earn-college-degrees,2026-10-04T03:49:33.943488+00:00,scholars.org,False,http_error,403.0,https://scholars.org/brief/how-federal-government-policies-have-helped-women-earn-college-degrees,5844.0,not_extracted,0,0,,text/html; charset=UTF-8,,,,,,0.0,,
fbf2af6ad2b788f53dd5,https://hud.gov/hudprograms,2026-10-04T03:49:34.119438+00:00,hud.gov,False,hard_timeout,0.0,https://hud.gov/hudprograms,,not_extracted,0,0,,,,,,,,28.0,,
fc2fa9ff1769607a6439,https://eeoc.gov/youth/disability-discrimination,2026-10-04T03:49:35.986977+00:00,eeoc.gov,True,downloaded,200.0,https://www.eeoc.gov/youth/disability-discrimination,89123.0,success,566,56,html,text/html; charset=utf-8,Disability Discrimination,,2000-01-01,U.S. Equal Employment Opportunity Commission,https://www.eeoc.gov/youth/disability-discrimination,0.0,fc2fa9ff1769607a6439.txt,fe89d1b1a6a4aadca10dbce1e1754f60c55aac9aba8cef1ddb9c278197f9a345
fc9053ff9ec5e2ec8067,https://ceo.lacounty.gov/2026/01/22/ardi-latest-news/task-force-on-latinx-people-experiencing-homelessness-report,2026-10-04T03:49:37.104389+00:00,lacounty.gov,True,downloaded,200.0,https://ceo.lacounty.gov/2026/01/22/ardi-latest-news/task-force-on-latinx-people-experiencing-homelessness-report/,245924.0,success,4306,574,html,text/html; charset=UTF-8,Task Force on Latinx People Experiencing Homelessness Report,Los Angeles County,2026-01-22,Los Angeles County,https://ceo.lacounty.gov/2026/01/22/ardi-latest-news/task-force-on-latinx-people-experiencing-homelessness-report/,0.0,fc9053ff9ec5e2ec8067.txt,cba1dbb6fbc1ccfea1fe2615a7a8efc9fd6d08d1db0c77c01b7dced559106bee
fcaa973c0b5c2a02115e,https://digitalgovernmenthub.org/publications/implementing-benefits-eligibility-enrollment-systems-key-context,2026-10-04T03:49:39.493679+00:00,digitalgovernmenthub.org,True,downloaded,200.0,https://digitalgovernmenthub.org/publications/implementing-benefits-eligibility-enrollment-systems-key-context/,581554.0,success,59712,8633,html,text/html; charset=UTF-8,Implementing Benefits Eligibility + Enrollment Systems: Key Context - Digital Government Hub,Authors Rachel Meade Smith; Jason Goodman; Ariel Kennan; Elizabeth Bynum Sorrell,2026-02-04,Digital Government Hub,https://digitalgovernmenthub.org/publications/implementing-benefits-eligibility-enrollment-systems-key-context/,0.0,fcaa973c0b5c2a02115e.txt,ead0cb5c6edecd52b2de846e528d340ae6f2338c9136a088bb648ebff0711588
fcbdc4c9097da4271034,https://pmc.ncbi.nlm.nih.gov/articles/PMC8252906,2026-10-04T03:49:40.382908+00:00,nih.gov,True,downloaded,200.0,https://pmc.ncbi.nlm.nih.gov/articles/PMC8252906/,242306.0,success,50166,7760,html,text/html; charset=utf-8,"Disparities in Social and Economic Determinants of Health by Sexual Identity, Gender, and Age: Results from the 2015–2018 National Survey on Drug Use and Health",Megan S Schuler; Dana M Prince; Rebecca L Collins,2021-06-30,LGBT Health,https://pmc.ncbi.nlm.nih.gov/articles/PMC8252906/,0.0,fcbdc4c9097da4271034.txt,a408404138c9e2bf21d49348bcf5eec681b52e0d4c4cc7026cf765d83301857c
fcf0a7f74a9480f63a6d,https://triagecancer.org/financial-assistance-can-impact-your-government-benefits,2026-10-04T03:49:40.485677+00:00,triagecancer.org,True,downloaded,200.0,https://triagecancer.org/financial-assistance-can-impact-your-government-benefits,162680.0,success,7923,1246,html,text/html; charset=UTF-8,How Financial Assistance Can Impact Your Government Benefits,Triage Cancer,2024-07-09,Triage Cancer | Finances-Work-Insurance,https://triagecancer.org/financial-assistance-can-impact-your-government-benefits,0.0,fcf0a7f74a9480f63a6d.txt,4255cbd2023d0551f9088be7d0f43e3666afe9c7d450da448fd8dee44185543a
fd1740f02c5e15ade32a,https://pmc.ncbi.nlm.nih.gov/articles/PMC10174265,2026-10-04T03:49:40.537677+00:00,nih.gov,True,downloaded,200.0,https://pmc.ncbi.nlm.nih.gov/articles/PMC10174265,21367.0,success,131,18,html,text/html; charset=utf-8,Checking your browser,,2026-09-11,google.com,https://www.google.com/recaptcha/challengepage,0.0,fd1740f02c5e15ade32a.txt,a29166d0eaaa418bd5af61a282f1183a46c84c4d5e4c90689b1b452d230d05cc
fd271c11b7f5e107d9df,https://1mtcares.org/stories-from-the-field/gender-equity-education,2026-10-04T03:49:40.661114+00:00,1mtcares.org,True,downloaded,200.0,https://www.1mtcares.org/stories-from-the-field/gender-equity-education,617798.0,success,6104,865,html,text/html;charset=utf-8,Advancing Gender Equity in Education: Empowering Both the Girl and Boy Child for Inclusive and Balanced Development,Rizma Butt,2026-02-23,1Mtcares,https://www.1mtcares.org/stories-from-the-field/gender-equity-education,0.0,fd271c11b7f5e107d9df.txt,9da9499012b0501d28a5a953dbb429533a51ce093a07ea8867197de1840d122f
fd49b882d7318ce94f6a,https://kff.org/medicaid/recent-medicaid-chip-enrollment-declines-and-barriers-to-maintaining-coverage,2026-10-04T03:49:40.899526+00:00,kff.org,True,downloaded,200.0,https://www.kff.org/medicaid/recent-medicaid-chip-enrollment-declines-and-barriers-to-maintaining-coverage/,168200.0,success,31353,3974,html,text/html; charset=UTF-8,Recent Medicaid/CHIP Enrollment Declines and Barriers to Maintaining Coverage | KFF,Samantha Artiga; Olivia Pham,2019-09-24,"KFF - The independent source for health policy research, polling, and news",https://www.kff.org/medicaid/recent-medicaid-chip-enrollment-declines-and-barriers-to-maintaining-coverage/,0.0,fd49b882d7318ce94f6a.txt,49aad57ff1350a65961f2487ae2f5e33de512d68808e287103ba3dac5e1b74fe
fd671b6e0608b9cf2e0b,https://urban.org/urban-wire/how-can-we-reduce-housing-instability-among-lgbtq-americans,2026-10-04T03:49:41.030838+00:00,urban.org,False,http_error,403.0,https://www.urban.org/urban-wire/how-can-we-reduce-housing-instability-among-lgbtq-americans,5891.0,not_extracted,0,0,,text/html; charset=UTF-8,,,,,,0.0,,
fdc0935d622d821f9d9c,https://equineteurope.org/wp-content/uploads/2021/01/Women-in-Poverty_-Access-to-Education.pdf,2026-10-04T03:49:41.125636+00:00,equineteurope.org,False,http_error,403.0,https://equineteurope.org/wp-content/uploads/2021/01/Women-in-Poverty_-Access-to-Education.pdf,5718.0,not_extracted,0,0,,text/html; charset=UTF-8,,,,,,0.0,,
fdef0ff68550ff94af47,https://sciencedirect.com/science/article/abs/pii/S1053482213000648,2026-10-04T03:49:43.844259+00:00,sciencedirect.com,False,http_error,403.0,https://www.sciencedirect.com/science/article/abs/pii/S1053482213000648,1207883.0,not_extracted,0,0,,text/html; charset=UTF-8,,,,,,0.0,,
fe7a28e1ae0c74afa59b,https://rsfjournal.org/content/9/5/1,2026-10-04T03:49:47.007630+00:00,rsfjournal.org,False,curl_error,0.0,https://rsfjournal.org/content/9/5/1,,not_extracted,0,0,,,,,,,,6.0,,
fe8f9a51884018eef3b1,https://arlingtonlifeshelter.org/how-we-help/resources/causes-of-homelessness.html,2026-10-04T03:49:47.270658+00:00,arlingtonlifeshelter.org,True,downloaded,200.0,https://arlingtonlifeshelter.org/how-we-help/resources/causes-of-homelessness.html,57473.0,success,4496,730,html,text/html; charset=UTF-8,Causes of Homelessness : Resources : How We Help : Arlington Life Shelter,,2026-01-01,Arlington Life Shelter,https://arlingtonlifeshelter.org/how-we-help/resources/causes-of-homelessness.html,0.0,fe8f9a51884018eef3b1.txt,b27637c946b3e0e5a4ffa2a42fb63531e19238c4e590c9898dea8fc9de9dcfbf
fec52f7412dbb2a39f37,https://corp.publicschoolworks.com/resource/10-facts-about-equity-in-education,2026-10-04T03:49:47.391374+00:00,publicschoolworks.com,True,downloaded,200.0,https://corp.publicschoolworks.com/resource/10-facts-about-equity-in-education/,76285.0,success,6300,989,html,text/html; charset=UTF-8,10 Facts About Equity in Education for Black Students - PublicSchoolWORKS,,2023-06-19,PublicSchoolWORKS,https://corp.publicschoolworks.com/resource/10-facts-about-equity-in-education/,0.0,fec52f7412dbb2a39f37.txt,38f1563b7f080d3a95e279d0d8802d74be1fc91462962f0b77137849a6494488
feccf3fc5115122827e1,https://pmc.ncbi.nlm.nih.gov/articles/PMC13252812,2026-10-04T03:49:47.509727+00:00,nih.gov,True,downloaded,200.0,https://pmc.ncbi.nlm.nih.gov/articles/PMC13252812/,376501.0,success,95910,13153,html,text/html; charset=utf-8,Housing ableism in finding and maintaining housing among people with disabilities: A scoping review,Sally Lindsay; Gözde Öncil; Sarah Leo,2026-06-10,PLOS One,https://pmc.ncbi.nlm.nih.gov/articles/PMC13252812/,0.0,feccf3fc5115122827e1.txt,314460dd5bbb022eaacc3836a7477a14be38d7c2fe2d3ff2d5ed615ba9df804e
feea067b3fa93c2a8541,https://womensworldbanking.org/insights/from-exclusion-to-empowerment-the-meaning-of-financial-inclusion,2026-10-04T03:49:49.173907+00:00,womensworldbanking.org,True,downloaded,200.0,https://www.womensworldbanking.org/insights/from-exclusion-to-empowerment-the-meaning-of-financial-inclusion/,185692.0,success,6658,908,html,text/html; charset=UTF-8,From Exclusion to Empowerment: The Meaning of Financial Inclusion - Women's World Banking,Women's World Banking,2023-06-30,Women's World Banking,https://www.womensworldbanking.org/insights/from-exclusion-to-empowerment-the-meaning-of-financial-inclusion/,0.0,feea067b3fa93c2a8541.txt,9ae1374216a74987fb4dd42a56b8a137be14bf860c74d147e58e617fff9fe0ba
fefb43cfbc966d91f8bd,https://naspa.org/blog/supporting-queer-and-trans-college-students-amidst-political-turmoil,2026-10-04T03:49:49.766473+00:00,naspa.org,False,http_error,403.0,https://www.naspa.org/blog/supporting-queer-and-trans-college-students-amidst-political-turmoil,10153.0,not_extracted,0,0,,text/html; charset=UTF-8,,,,,,0.0,,
ff5ce59a0f18c5445e88,https://stopbullying.gov/blog/2015/10/13/overcoming-perceived-differences-prevent-bullying,2026-10-04T03:49:50.046016+00:00,stopbullying.gov,False,http_error,403.0,https://www.stopbullying.gov/blog/2015/10/13/overcoming-perceived-differences-prevent-bullying,471.0,not_extracted,0,0,,text/html,,,,,,0.0,,
ff80a8bc1c518e0eee36,https://ewa.org/data-research-tips/how-black-girls-are-harmed-in-schools,2026-10-04T03:49:51.425607+00:00,ewa.org,True,downloaded,200.0,https://ewa.org/data-research-tips/how-black-girls-are-harmed-in-schools,185675.0,success,9732,1542,html,text/html; charset=UTF-8,How Black Girls Are Harmed in Schools,Krissy,2024-08-13,ewa.org,https://ewa.org/data-research-tips/how-black-girls-are-harmed-in-schools,0.0,ff80a8bc1c518e0eee36.txt,84e5afbf74123b9d9f8af8473d574d6735d1e42ecc14c2e2bd9376d2d40d1081
ffc995d1bb8c677952c9,https://hispanicresearchcenter.org/research-resources/national-profile-of-latino-parents-education-attainment-underscores-the-diverse-educational-needs-of-a-fast-growing-population?print=print,2026-10-04T03:49:51.588925+00:00,hispanicresearchcenter.org,True,downloaded,200.0,https://www.hispanicresearchcenter.org/research-resources/national-profile-of-latino-parents-education-attainment-underscores-the-diverse-educational-needs-of-a-fast-growing-population?print=print,219188.0,success,50041,7471,html,text/html; charset=UTF-8,National Profile of Latino Parents’ Educational Attainment Underscores the Diverse Educational Needs of a Fast-growing Population,Author,2023-11-08,hispanicresearchcenter.org,https://www.hispanicresearchcenter.org/research-resources/national-profile-of-latino-parents-education-attainment-underscores-the-diverse-educational-needs-of-a-fast-growing-population?print=print,0.0,ffc995d1bb8c677952c9.txt,b4189080fe9c7e0442a07846c78ef198f136934af10645afd59222f92d9d90a5
