source_id,normalized_url,fetch_timestamp_utc,registrable_domain,success,status,http_status,final_url,downloaded_bytes,extraction_status,text_chars,text_words,content_kind,content_type,page_title,page_author,page_date,site_name,canonical_url,curl_returncode,text_filename,text_sha256
000f8ac50fe9744330fb,https://mckinsey.com/featured-insights/diversity-and-inclusion/being-transgender-at-work,2026-09-29T19:15:17.575247+00:00,mckinsey.com,False,downloaded,403.0,https://www.mckinsey.com/featured-insights/diversity-and-inclusion/being-transgender-at-work,615.0,not_extracted,0,0,,,,,,,,,,
004f51a8d161449532a6,https://pmc.ncbi.nlm.nih.gov/articles/PMC11044716,2026-09-29T19:15:18.775223+00:00,nih.gov,True,downloaded,200.0,https://pmc.ncbi.nlm.nih.gov/articles/PMC11044716/,202378.0,success,50880,7539,html,,A comparison of chronic conditions between transgender and cisgender individuals with recent incarceration and in the community in a United States county,John Will; Kristin Walsh; Jules Chyten-Brennan,2023-11-14,International Journal of Transgender Health,https://pmc.ncbi.nlm.nih.gov/articles/PMC11044716/,,004f51a8d161449532a6.txt,816eb58f334f4a538079ac553ccf6b9836eae4790092119474989240e39478a9
0069690cbf7616bae686,https://naacp.org/resources/affirmative-action-education-matters,2026-09-29T19:15:23.218368+00:00,naacp.org,True,downloaded,200.0,https://naacp.org/resources/affirmative-action-education-matters,131980.0,success,2774,414,html,,"Affirmative Action in Education Matters for Equity, Opportunity, and the Nation’s Progress",,2023-06-29,NAACP,https://naacp.org/resources/affirmative-action-education-matters,,0069690cbf7616bae686.txt,d3b41081f159d9d16d7f157832679dce09f3d08ca4ffad7b38dc49c607ad5b1e
0077921b85774c5c67dc,https://digitalcommons.library.tmc.edu/dissertations/AAI1462387,2026-09-29T19:15:24.737042+00:00,tmc.edu,True,downloaded,200.0,https://digitalcommons.library.tmc.edu/dissertations/AAI1462387/,41276.0,success,5234,696,html,text/html; charset=UTF-8,Latino perceptions of and barriers to preventive healthcare maintenance in the southwest United States,David V Flores,2010-05-25,DigitalCommons@TMC,https://digitalcommons.library.tmc.edu/dissertations/AAI1462387,,0077921b85774c5c67dc.txt,f53c9391a52c1c990440cc80120b10fb77854b18b5e302683330a158eab53e14
0083125adb5af11831f3,https://americanprogress.org/article/understanding-policing-black-disabled-bodies,2026-09-29T19:15:28.915876+00:00,americanprogress.org,False,downloaded,403.0,https://www.americanprogress.org/article/understanding-policing-black-disabled-bodies,5848.0,not_extracted,0,0,,,,,,,,,,
00cd8bf9b831c3df6bca,https://lulac.org/advocacy/issues/criminal_justice_reform,2026-09-29T19:15:30.413561+00:00,lulac.org,False,downloaded,403.0,https://lulac.org/advocacy/issues/criminal_justice_reform,118.0,not_extracted,0,0,,,,,,,,,,
00d2e70f80bb40cec88c,https://advocacysnt.org/articles/avoiding-benefits-trap-special-needs-planning,2026-09-29T19:15:31.909456+00:00,advocacysnt.org,True,downloaded,200.0,https://www.advocacysnt.org/articles/avoiding-benefits-trap-special-needs-planning,29644.0,success,5322,839,html,text/html; charset=utf-8,Avoiding the Benefits Trap in Special Needs Planning,,2025-04-14,advocacysnt.org,https://www.advocacysnt.org/articles/avoiding-benefits-trap-special-needs-planning,,00d2e70f80bb40cec88c.txt,d7325ccb063f768e60687aa80153d3ed17438d7bf3b71b721bbec4f7bfebd4aa
00ff7c3c23b1876cb251,https://npr.org/2025/04/08/nx-s1-5354914/some-colleges-recruiting-latino-students,2026-09-29T19:15:33.433183+00:00,npr.org,True,downloaded,200.0,https://www.npr.org/2025/04/08/nx-s1-5354914/some-colleges-recruiting-latino-students,152804.0,success,10635,1686,html,text/html; charset=UTF-8,Bienvenidos! Some colleges are targeting a long-neglected group: Hispanic students,Jon Marcus,2025-04-08,NPR,https://www.npr.org/2025/04/08/nx-s1-5354914/some-colleges-recruiting-latino-students,,00ff7c3c23b1876cb251.txt,b5d944b434a62c054655e53c2078a44569b4da262659a56cc0ac7f18d9fe71e4
010b00a1605b667519b0,https://pmc.ncbi.nlm.nih.gov/articles/PMC6125037,2026-09-29T19:15:38.492903+00:00,nih.gov,True,downloaded,200.0,https://pmc.ncbi.nlm.nih.gov/articles/PMC6125037/,218576.0,success,49274,7698,html,,Access Is Necessary but Not Sufficient: Factors Influencing Delay and Avoidance of Health Care Services,Kyle T Smith; Denise Monti; Nageen Mir; Ellen Peters; Renuka Tipirneni; Mary C Politi,2018-03-26,MDM Policy & Practice,https://pmc.ncbi.nlm.nih.gov/articles/PMC6125037/,,010b00a1605b667519b0.txt,c7e9a9cbe2d83e52be3ca34b3cd36be970e54b2e709eba6bcee7786a04b7eb8d
0160efba3cb39e900e90,https://urban.org/research/publication/improving-health-coverage-working-people-disabilities,2026-09-29T19:15:38.907218+00:00,urban.org,False,downloaded,403.0,https://www.urban.org/research/publication/improving-health-coverage-working-people-disabilities,5967.0,not_extracted,0,0,,,,,,,,,,
01b695f8eaf9962db2db,https://onlinelibrary.wiley.com/doi/full/10.1111/rode.12607,2026-09-29T19:15:42.980530+00:00,wiley.com,False,downloaded,403.0,https://onlinelibrary.wiley.com/doi/full/10.1111/rode.12607,5822.0,not_extracted,0,0,,,,,,,,,,
01d9b28157b26a093247,https://thetrevorproject.org/wp-content/uploads/2022/02/Trevor-Project-Homelessness-Report.pdf,2026-09-29T19:15:43.995999+00:00,thetrevorproject.org,True,downloaded,200.0,https://www.thetrevorproject.org/wp-content/uploads/2022/02/Trevor-Project-Homelessness-Report.pdf,880596.0,success,60782,9171,pdf,application/pdf,,,,,,,01d9b28157b26a093247.txt,1222cc85f0cea5212bc91d14885d60cbfcab25242152891f4addc7ad01371815
0254033b9417c666a1fa,https://chiefhealthcareexecutive.com/view/patients-with-disabilities-are-more-vulnerable-to-safety-concerns,2026-09-29T19:15:49.505163+00:00,chiefhealthcareexecutive.com,True,downloaded,200.0,https://www.chiefhealthcareexecutive.com/view/patients-with-disabilities-are-more-vulnerable-to-safety-concerns,459949.0,success,6744,1005,html,text/html; charset=utf-8,Patients with disabilities are more vulnerable to safety concerns | Chief Healthcare Executive,Ron Southwick,2024-06-17,Chief Healthcare Executive - Hospital & Health System Leader Insights,https://www.chiefhealthcareexecutive.com/view/patients-with-disabilities-are-more-vulnerable-to-safety-concerns,,0254033b9417c666a1fa.txt,a462fd54db98e1d5cffd3c35dca076e5a497ab4a61b75933ff0f714f0e8dc325
0272804ac71652e3d4c8,https://hracuity.com/blog/female-workplace-harassment,2026-09-29T19:15:54.595595+00:00,hracuity.com,True,downloaded,200.0,https://www.hracuity.com/blog/female-workplace-harassment/,140118.0,success,8166,1219,html,text/html; charset=UTF-8,"Female Harassment in the Workplace: Trends, Stats & What Still Needs to Change",Deb Muller; Deborah Muller,2025-11-18,HR Acuity,https://www.hracuity.com/blog/female-workplace-harassment/,,0272804ac71652e3d4c8.txt,0f8c56dec5f66a3152a62e180839bd16056e22eb2972e6c8379bae7801c2c395
0276f46b7d46a97ef672,https://thechampionbank.com/3-factors-lending-services-consider-before-approving-a-personal-loan,2026-09-29T19:15:56.312835+00:00,thechampionbank.com,True,downloaded,200.0,https://www.thechampionbank.com/3-factors-lending-services-consider-before-approving-a-personal-loan,239182.0,success,9247,1271,html,,3 Factors Lending Services Consider Before Approving a Personal Loan,September,2026-08-27,thechampionbank.com,https://www.thechampionbank.com/3-factors-lending-services-consider-before-approving-a-personal-loan,,0276f46b7d46a97ef672.txt,17b8503e16f75df802493bd459b901c11bf5fe91a7b422d5209b76c8f97830a2
027cfa72eaa1d89c5839,https://crisis.org.uk/ending-homelessness/about-homelessness,2026-09-29T19:16:00.924742+00:00,crisis.org.uk,True,downloaded,200.0,https://www.crisis.org.uk/ending-homelessness/about-homelessness,112137.0,success,1481,240,html,text/html; charset=utf-8,"Homelessness: Causes, Types and Facts | Crisis UK",,2003-01-01,Crisis UK,https://www.crisis.org.uk/ending-homelessness/about-homelessness/,,027cfa72eaa1d89c5839.txt,e57dd3296a9fa58e4b42ce8094e79dfe5af9014fbae77f486066c0e47ada2d4f
02d78a8b8cf7b3239cf1,https://pfva.org/understanding-emerging-adult-homelessness-causes-and-solutions,2026-09-29T19:16:07.802738+00:00,pfva.org,True,downloaded,200.0,https://pfva.org/understanding-emerging-adult-homelessness-causes-and-solutions/,231432.0,success,6282,880,html,text/html; charset=UTF-8,PathForward | Understanding Emerging Adult Homelessness,Larry Stromberg,2025-02-07,PathForward,https://pfva.org/understanding-emerging-adult-homelessness-causes-and-solutions/,,02d78a8b8cf7b3239cf1.txt,5bfefc5bb97e8583294b770740e8e9562cfc9744c37dc175b442470a350134d4
0303f82c94537c8eaf13,https://gov.uk/government/publications/womens-progression-in-the-workplace/main-report,2026-09-29T19:16:12.822848+00:00,gov.uk,True,downloaded,200.0,https://www.gov.uk/government/publications/womens-progression-in-the-workplace/main-report,549115.0,success,203683,30148,html,text/html; charset=utf-8,Main report,,2023-10-11,GOV.UK,https://www.gov.uk/government/publications/womens-progression-in-the-workplace/main-report,,0303f82c94537c8eaf13.txt,2fe0dc947d4feb42910b325e3ca16cfe42041ab543870d9bca335aae10c95e93
03306ce64dffbb25ac8b,https://researchgate.net/publication/225650664_Men_accessing_education_Masculinities_class_and_choice,2026-09-29T19:16:25.040496+00:00,researchgate.net,False,downloaded,403.0,https://www.researchgate.net/publication/225650664_Men_accessing_education_Masculinities_class_and_choice,21138.0,not_extracted,0,0,,,,,,,,,,
03361f844d7b821c1054,https://scholarworks.gvsu.edu/cgi/viewcontent.cgi?article=1135&context=gradprojects,2026-09-29T19:16:28.223428+00:00,gvsu.edu,False,downloaded,403.0,https://scholarworks.gvsu.edu/cgi/viewcontent.cgi?article=1135&context=gradprojects,5856.0,not_extracted,0,0,,,,,,,,,,
0416da880f2c29090e41,https://pmc.ncbi.nlm.nih.gov/articles/PMC9642061,2026-09-29T19:16:32.034552+00:00,nih.gov,True,downloaded,200.0,https://pmc.ncbi.nlm.nih.gov/articles/PMC9642061,21366.0,success,131,18,html,,Checking your browser,,2026-09-11,google.com,https://www.google.com/recaptcha/challengepage,,0416da880f2c29090e41.txt,a29166d0eaaa418bd5af61a282f1183a46c84c4d5e4c90689b1b452d230d05cc
045f5ff380c4f521c84f,https://americanprogress.org/article/fact-sheet-lgbt-discrimination-in-higher-education-financial-aid,2026-09-29T19:16:35.365807+00:00,americanprogress.org,False,downloaded,403.0,https://www.americanprogress.org/article/fact-sheet-lgbt-discrimination-in-higher-education-financial-aid,5929.0,not_extracted,0,0,,,,,,,,,,
04868a8f9000046ea49a,https://onwisconsin.uwalumni.com/the-rise-of-transgender-bullying,2026-09-29T19:16:38.695457+00:00,uwalumni.com,True,downloaded,200.0,https://onwisconsin.uwalumni.com/the-rise-of-transgender-bullying,55840.0,success,2117,290,html,text/html;charset=UTF-8,The Rise of Transgender Bullying | On Wisconsin,Laurel White,2026-01-01,Onwismag,https://onwisconsin.uwalumni.com/the-rise-of-transgender-bullying/,,04868a8f9000046ea49a.txt,90fe9f3cbc0a1c09a4829493bfac793801afac421b1d6821acd5bf5eed54ec9e
04983a549c468b656571,https://experian.com/blogs/ask-experian/why-credit-is-important-people-with-disabilities,2026-09-29T19:16:41.082186+00:00,experian.com,True,downloaded,200.0,https://www.experian.com/blogs/ask-experian/why-credit-is-important-people-with-disabilities,228847.0,success,7572,1228,html,text/html,Why Credit Is Important for People With Disabilities - Experian,Louis DeNicola,2021-10-25,Experian,https://www.experian.com/blogs/ask-experian/why-credit-is-important-people-with-disabilities/,,04983a549c468b656571.txt,06b8741a588dd3f43d1d66f9862fc66f3f70ad866cbad0cd82028d1e15b0ac68
049e7a5b07692900726c,https://ne-arc.org/2025/04/25/housing-the-overlooked-crisis-for-disabled-people,2026-09-29T19:16:46.463747+00:00,ne-arc.org,False,downloaded,403.0,https://ne-arc.org/2025/04/25/housing-the-overlooked-crisis-for-disabled-people,1084.0,not_extracted,0,0,,,,,,,,,,
057c13c5005febe97f33,https://one.oecd.org/document/EDU/WKP(2023)17/en/pdf,2026-09-29T19:16:47.718496+00:00,oecd.org,False,downloaded,403.0,https://one.oecd.org/document/EDU/WKP(2023)17/en/pdf,5709.0,not_extracted,0,0,,,,,,,,,,
057d14fc320d152131c4,https://pmc.ncbi.nlm.nih.gov/articles/PMC8152480,2026-09-29T19:16:48.774962+00:00,nih.gov,True,downloaded,200.0,https://pmc.ncbi.nlm.nih.gov/articles/PMC8152480/,204123.0,success,55841,8451,html,,Parent Communication and Bullying Among Hispanic Adolescent Girls,Ariel Uniqua Smith; Anne E Norris,2018-10-24,The Journal of school nursing : the official publication of the National Association of School Nurses,https://pmc.ncbi.nlm.nih.gov/articles/PMC8152480/,,057d14fc320d152131c4.txt,abf2845b3dc50463b0d01dd966466d964d9e26a3a5b1374062d757c79b7590cb
0599a3a23397a3e29b19,https://emerald.com/pijpsm/article-abstract/38/1/56/320109/Factors-that-affect-the-arrest-decision-in?redirectedFrom=fulltext,2026-09-29T19:16:49.187480+00:00,emerald.com,False,downloaded,403.0,https://www.emerald.com/pijpsm/article-abstract/38/1/56/320109/Factors-that-affect-the-arrest-decision-in?redirectedFrom=fulltext,6034.0,not_extracted,0,0,,,,,,,,,,
05dbdcfc97e6458acba2,https://scitechdaily.com/gender-imbalances-in-college-majors-are-more-complicated-than-they-appear,2026-09-29T19:16:52.980565+00:00,scitechdaily.com,False,downloaded,403.0,https://scitechdaily.com/gender-imbalances-in-college-majors-are-more-complicated-than-they-appear,5903.0,not_extracted,0,0,,,,,,,,,,
05ddc19a9048db86660f,https://kxxv.com/news/national-politics/the-race-2020/when-it-comes-to-homelessness-in-america-there-is-no-single-cause,2026-09-29T19:17:02.551799+00:00,kxxv.com,True,downloaded,200.0,https://www.kxxv.com/news/national-politics/the-race-2020/when-it-comes-to-homelessness-in-america-there-is-no-single-cause,91188.0,success,1437,226,html,text/html;charset=UTF-8,"When it comes to homelessness, there is no single cause",Chaas Toborg,2020-01-10,25 News Kxxv And Krhd,https://www.kxxv.com/news/national-politics/the-race-2020/when-it-comes-to-homelessness-in-america-there-is-no-single-cause,,05ddc19a9048db86660f.txt,0b59d0d0f44c400ff8a382d6b33012bc69799bf59c2e96e96a6d2aacbd38b9ce
05f8e03b620bd3af890b,https://scarleteen.com/read/identity/understanding-lgbtq-youth-homelessness,2026-09-29T19:17:12.466219+00:00,scarleteen.com,True,downloaded,200.0,https://www.scarleteen.com/read/identity/understanding-lgbtq-youth-homelessness,75752.0,success,7051,1146,html,text/html; charset=UTF-8,Understanding LGBTQ+ Youth Homelessness,Sassafras Patterdale,2025-05-05,Scarleteen,https://www.scarleteen.com/read/identity/understanding-lgbtq-youth-homelessness,,05f8e03b620bd3af890b.txt,0eedb895dbd1fa1c4792c4df7277532bf732349fcfc3afbcb430fd6b8f0a34ed
060e0ca0a05915ac6acf,https://hsph.harvard.edu/news/the-problem-with-medicaid-unwinding,2026-09-29T19:17:15.114273+00:00,harvard.edu,True,downloaded,200.0,https://hsph.harvard.edu/news/the-problem-with-medicaid-unwinding/,292778.0,success,7899,1287,html,text/html; charset=UTF-8,The problem with Medicaid ‘unwinding’ | Harvard T.H. Chan School of Public Health,Staff Writer,2023-07-12,Harvard T.H. Chan School of Public Health,https://hsph.harvard.edu/news/the-problem-with-medicaid-unwinding/,,060e0ca0a05915ac6acf.txt,e157383eedfac1e7588b0ecfaf644619db1972eea679bf0a8a9d1d7eedd74be8
06233dcc7cf9f0bf09e1,https://archive-housingmatters.urban.org/research-summary/transgender-and-gender-nonconforming-people-experiencing-housing-insecurity-rely,2026-09-29T19:17:17.823467+00:00,urban.org,False,downloaded,403.0,https://archive-housingmatters.urban.org/research-summary/transgender-and-gender-nonconforming-people-experiencing-housing-insecurity-rely,6119.0,not_extracted,0,0,,,,,,,,,,
062950d57cb9f45d64f0,https://nlc.org/article/2020/07/09/embedding-racial-equity-in-housing,2026-09-29T19:17:18.122770+00:00,nlc.org,True,downloaded,200.0,https://www.nlc.org/article/2020/07/09/embedding-racial-equity-in-housing,132724.0,success,9552,1391,html,text/html; charset=UTF-8,Embedding Racial Equity in Housing,,2020-07-09,National League of Cities,https://www.nlc.org/article/2020/07/09/embedding-racial-equity-in-housing/,,062950d57cb9f45d64f0.txt,5914d67527f2e8779700245e6347ac2b8366b615a76426c1104037533a301eb9
06582bbd68942112cd27,https://stopbullying.gov/bullying/groups,2026-09-29T19:17:22.401109+00:00,stopbullying.gov,True,downloaded,200.0,https://www.stopbullying.gov/bullying/groups,52234.0,success,2392,364,html,text/html; charset=utf-8,"Race, Ethnicity, National Origin & Religion",Assistant Secretary,2019-09-24,US Department of Health and Human Services,https://www.stopbullying.gov/bullying/groups,,06582bbd68942112cd27.txt,161f1446a15b6f2cf8e9f9f4ecbc871db2486af1588a784a0c28b57ea54c5d15
0667d44231fe6e3ed12b,https://diversityjobs.com/career-advice/team-building/should-employers-give-hiring-preference-to-hispanic-job-candidates,2026-09-29T19:17:25.084990+00:00,diversityjobs.com,True,downloaded,200.0,https://www.diversityjobs.com/,319274.0,success,21761,1459,html,text/html; charset=UTF-8,Diversity Job Board - Uniting DEI-Focused Employers With Diverse Candidates | DiversityJobs,,2023-12-05,Diversity Jobs,https://www.diversityjobs.com/,,0667d44231fe6e3ed12b.txt,6aeb6a96f4aa17904b7c2242888739974e19dcefab0a5ebe14ed0c19ce3db4bb
06c3d8aa521ae1f7a657,https://youtube.com/watch?t=2s&v=bT4TU4Scx7c,2026-09-29T19:17:29.459078+00:00,youtube.com,True,downloaded,200.0,https://www.youtube.com/watch?t=2s&v=bT4TU4Scx7c,1312962.0,success,146,23,html,text/html; charset=utf-8,What causes homelessness?,,2025-03-05,YouTube,https://www.youtube.com/watch?v=bT4TU4Scx7c,,06c3d8aa521ae1f7a657.txt,8dbba17988e385133ba8f51d76cde1fc2c859262b666cb848e9cfe2478fd5e71
07536d083b6b422772ae,https://stlouisfed.org/community-development/publications/access-credit-financial-services-bridge-financial-well-being,2026-09-29T19:17:36.672901+00:00,stlouisfed.org,True,downloaded,200.0,https://www.stlouisfed.org/community-development/publications/access-credit-financial-services-bridge-financial-well-being,250558.0,success,8538,1266,html,text/html; charset=utf-8,Access to Credit and Financial Services: A Bridge to Financial Well-being,Liz Deichmann,2025-07-16,Federal Reserve Bank of St. Louis,https://www.stlouisfed.org/community-development/publications/access-credit-financial-services-bridge-financial-well-being,,07536d083b6b422772ae.txt,b053189bf8249837873d7012cb1ed8bd6e97fadf1255745c4d1ad40fb61218b4
075a8b58f4708d0c42f7,https://pt.scribd.com/document/801667475/Factors-Affecting-Career-Development,2026-09-29T19:17:38.893690+00:00,scribd.com,True,downloaded,200.0,https://pt.scribd.com/document/801667475/Factors-Affecting-Career-Development,1430738.0,success,3391,335,html,text/html; charset=utf-8,Factors Affecting Career Development,,2026-09-29,Scribd,https://www.scribd.com/document/801667475/Factors-Affecting-Career-Development,,075a8b58f4708d0c42f7.txt,4ddd5bb0a96972bf3cfba51e7326968906970be45d04c64a411fe7379e1892f5
0776149e26e5a0752d72,https://pmc.ncbi.nlm.nih.gov/articles/PMC11543415,2026-09-29T19:17:40.989205+00:00,nih.gov,True,downloaded,200.0,https://pmc.ncbi.nlm.nih.gov/articles/PMC11543415/,167642.0,success,40572,5746,html,,"Bullying of LGBTQ+ children and adolescents in schools: understanding the phenomenon, consequences, and international standards with a focus on the polish context",Bartłomiej Stańczykiewicz; Adrianna Senczyszyn,2024-10-25,Frontiers in Psychiatry,https://pmc.ncbi.nlm.nih.gov/articles/PMC11543415/,,0776149e26e5a0752d72.txt,861043f7faebf961852a2dea4307732b17010153ea905828d19268eb05953c75
0779fe2c96edab85c775,https://ssa.gov/benefits/disability/work.html,2026-09-29T19:17:41.655655+00:00,ssa.gov,False,exception,,,,failed,0,0,,,,,,,,,,
07e8c7c5fc894c551635,https://dcba.org/mpage/v32-James-Naughton,2026-09-29T19:18:05.186205+00:00,dcba.org,False,downloaded,403.0,https://dcba.org/mpage/v32-James-Naughton,5641.0,not_extracted,0,0,,,,,,,,,,
07ea03fe2c7d9e7152e1,https://cidrap.umn.edu/covid-19/black-hispanic-adults-double-risk-losing-medicaid-after-covid-emergency-ended-study-finds,2026-09-29T19:18:11.371993+00:00,umn.edu,True,downloaded,200.0,https://www.cidrap.umn.edu/covid-19/black-hispanic-adults-double-risk-losing-medicaid-after-covid-emergency-ended-study-finds,110184.0,success,3471,495,html,text/html; charset=UTF-8,"Black, Hispanic adults at double the risk of losing Medicaid after COVID emergency ended, study finds",Mary Van Beusekom; MS,2024-06-12,Center for Infectious Disease Research and Policy,https://www.cidrap.umn.edu/covid-19/black-hispanic-adults-double-risk-losing-medicaid-after-covid-emergency-ended-study-finds,,07ea03fe2c7d9e7152e1.txt,0ed9836e95553aa2ec0e78823c5aa4df435670174f3600cff53044fdbcc21edf
07f365dab35a937791bf,https://digitalgovernmenthub.org/library/racial-and-ethnic-differences-in-experiencing-administrative-burdens-in-public-benefit-programs,2026-09-29T19:18:17.038373+00:00,digitalgovernmenthub.org,False,robots_disallowed,,,,not_extracted,0,0,,,,,,,,,,
0803c7e5f15e9fa50643,https://pmc.ncbi.nlm.nih.gov/articles/PMC10732547,2026-09-29T19:18:17.459657+00:00,nih.gov,True,downloaded,200.0,https://pmc.ncbi.nlm.nih.gov/articles/PMC10732547/,122951.0,success,18136,2596,html,,Disparities in Health Care and Medical Evaluations by Gender: A Review of Evidence and Mechanisms: GENDER DISPARITIES: EVIDENCE ON CAUSES AND IMPLICATIONS,Marika Cabral; Marcus Dillender,2021-10-16,AEA papers and proceedings. American Economic Association,https://pmc.ncbi.nlm.nih.gov/articles/PMC10732547/,,0803c7e5f15e9fa50643.txt,3edd0772c76ae4421cade83ea13e75963edb0a71300e27100a54e5ca1e95b12a
080a6a53989313c96275,https://pmc.ncbi.nlm.nih.gov/articles/PMC7678806,2026-09-29T19:18:17.849583+00:00,nih.gov,True,downloaded,200.0,https://pmc.ncbi.nlm.nih.gov/articles/PMC7678806/,185399.0,success,48975,7221,html,,LGBTQ bullying: a qualitative investigation of student and school health professional perspectives,V A Earnshaw; D D Menino; L M Sava; J Perrotti; T N Barnes; D L Humphrey; S L Reisner,2019-08-20,Journal of LGBT youth,https://pmc.ncbi.nlm.nih.gov/articles/PMC7678806/,,080a6a53989313c96275.txt,e0f72b1458021e63bdca57508e1a6059b36ea2579128b1537bfd1dae5e4e4a5d
082256847a9dfc55ede5,https://urban.org/urban-wire/how-can-we-advance-latino-homeownership-and-housing-stability,2026-09-29T19:18:18.324800+00:00,urban.org,False,downloaded,403.0,https://www.urban.org/urban-wire/how-can-we-advance-latino-homeownership-and-housing-stability,5961.0,not_extracted,0,0,,,,,,,,,,
084809c432fbc87be595,https://credolab.com/blog/2023-expert-guide-the-importance-of-financial-inclusion-strategies-and-policies,2026-09-29T19:18:21.511696+00:00,credolab.com,True,downloaded,200.0,https://www.credolab.com/blog/2023-expert-guide-the-importance-of-financial-inclusion-strategies-and-policies,279186.0,success,22929,3177,html,text/html; charset=utf-8,2023 Guide: Key Financial Inclusion Strategies & Policies,,2023-07-04,CredoLab,https://www.credolab.com/blog/2023-expert-guide-the-importance-of-financial-inclusion-strategies-and-policies,,084809c432fbc87be595.txt,0d38ff8ccf58c202fd6006443ae69a28156aecddba8265a0eac7ce1cd8367c46
0866091b33bf40c2a7af,https://housingsolutionstulsa.org/spotlight-on-disability-and-homelessness,2026-09-29T19:18:26.059607+00:00,housingsolutionstulsa.org,True,downloaded,200.0,https://www.housingsolutionstulsa.org/spotlight-on-disability-and-homelessness/,80679.0,success,6726,881,html,text/html; charset=UTF-8,Spotlight on disability and homelessness | Housing Solutions Tulsa,Erin Velez,2023-08-28,Housing Solutions Tulsa,https://www.housingsolutionstulsa.org/spotlight-on-disability-and-homelessness/,,0866091b33bf40c2a7af.txt,7e1bafced79a15fdbd6c99d9ff1cc46b32d387881c1d5701f7ef30ad89b63a28
0878eb8525e2cea01264,https://urban.org/urban-wire/how-local-differences-race-and-place-affect-mortgage-lending,2026-09-29T19:18:30.516395+00:00,urban.org,False,downloaded,403.0,https://www.urban.org/urban-wire/how-local-differences-race-and-place-affect-mortgage-lending,5937.0,not_extracted,0,0,,,,,,,,,,
08b7fd8fcb0c48ddcf3c,https://facebook.com/10NewsSyd/posts/older-women-become-homeless-due-to-a-range-of-factors-including-illness-family-s/10156916838530259,2026-09-29T19:18:30.586311+00:00,facebook.com,False,robots_disallowed,,,,not_extracted,0,0,,,,,,,,,,
08d7215e33d964974049,https://researchgate.net/publication/387532491_Factors_Associated_with_Housing_Stability_Among_Individuals_with_Co-Occurring_Serious_Mental_Illness_and_Substance_Use_Disorders_Receiving_Assertive_Community_Treatment_Services,2026-09-29T19:18:30.878596+00:00,researchgate.net,False,downloaded,403.0,https://www.researchgate.net/publication/387532491_Factors_Associated_with_Housing_Stability_Among_Individuals_with_Co-Occurring_Serious_Mental_Illness_and_Substance_Use_Disorders_Receiving_Assertive_Community_Treatment_Services,21138.0,not_extracted,0,0,,,,,,,,,,
08e7fe424045d750afb9,https://ed.gov/laws-and-policy/civil-rights-laws/harassment-bullying-and-retaliation/racial-incidents-and-harassment-against-students,2026-09-29T19:18:34.154197+00:00,ed.gov,False,downloaded,403.0,https://www.ed.gov/laws-and-policy/civil-rights-laws/harassment-bullying-and-retaliation/racial-incidents-and-harassment-against-students,11751.0,not_extracted,0,0,,,,,,,,,,
0926807a1f81d106e3a0,https://ouci.dntb.gov.ua/en/works/4bg2wL1l,2026-09-29T19:18:38.002782+00:00,dntb.gov.ua,True,downloaded,200.0,https://ouci.dntb.gov.ua/en/works/4bg2wL1l/,67246.0,success,33531,4346,html,text/html; charset=utf-8,Does administrative burden create racialized policy feedback? How losing access to public benefits impacts beliefs about government,,2010-02-12,ouci.dntb.gov.ua,http://ouci.dntb.gov.ua/en/works/4bg2wL1l/,,0926807a1f81d106e3a0.txt,168a596fa941da04ce28454e55e1683c76fa9e7da60ec6d3d246b13b0602742e
09679ff687f1d0811e12,https://nationalhomeless.org/lgbtq-homelessness,2026-09-29T19:18:43.488042+00:00,nationalhomeless.org,True,downloaded,200.0,https://nationalhomeless.org/lgbtq-homelessness/,128867.0,success,3762,616,html,text/html; charset=UTF-8,LGBTQ Homelessness - National Coalition for the Homeless,,2022-12-28,National Coalition for the Homeless - Building a movement to End Homelessness,https://nationalhomeless.org/lgbtq-homelessness/,,09679ff687f1d0811e12.txt,9972ba46790c9609557c50aa15f79ee7d968d6c0b6f44b3a2c7b11df3c4496df
0968fd7ef3728b59ebe1,https://borgenproject.org/lack-of-access-to-education,2026-09-29T19:18:45.462058+00:00,borgenproject.org,False,downloaded,403.0,https://borgenproject.org/lack-of-access-to-education,103.0,not_extracted,0,0,,,,,,,,,,
0979fc2c476bb0879759,https://mdpi.com/2673-995X/5/4/128,2026-09-29T19:18:49.186992+00:00,mdpi.com,True,downloaded,200.0,https://mdpi.com/2673-995X/5/4/128,2205.0,empty_text,0,0,html,text/html,,,,mdpi.com,https://mdpi.com/2673-995X/5/4/128,,0979fc2c476bb0879759.txt,e3b0c44298fc1c149afbf4c8996fb92427ae41e4649b934ca495991b7852b855
098940caf98752eb321f,https://medium.com/commonfuture/why-credit-scores-are-racist-da109fcfb300,2026-09-29T19:18:53.484449+00:00,medium.com,False,downloaded,403.0,https://medium.com/commonfuture/why-credit-scores-are-racist-da109fcfb300,5402.0,not_extracted,0,0,,,,,,,,,,
09cc4f4a120651f51f8c,https://pmc.ncbi.nlm.nih.gov/articles/PMC3671490,2026-09-29T19:18:53.752118+00:00,nih.gov,True,downloaded,200.0,https://pmc.ncbi.nlm.nih.gov/articles/PMC3671490,21368.0,success,131,18,html,,Checking your browser,,2026-09-11,google.com,https://www.google.com/recaptcha/challengepage,,09cc4f4a120651f51f8c.txt,a29166d0eaaa418bd5af61a282f1183a46c84c4d5e4c90689b1b452d230d05cc
09ddc2eccbb4e8940510,https://cis.org/Report/Welfare-Use-Immigrants-and-USBorn-2024,2026-09-29T19:18:53.975815+00:00,cis.org,False,downloaded,403.0,https://cis.org/Report/Welfare-Use-Immigrants-and-USBorn-2024,5746.0,not_extracted,0,0,,,,,,,,,,
09fe3db4ae061898f701,https://finhealthnetwork.org/research/the-financial-health-of-people-with-disabilities?ki-cf-botcl=1,2026-09-29T19:18:57.221826+00:00,finhealthnetwork.org,False,downloaded,403.0,https://finhealthnetwork.org/research/the-financial-health-of-people-with-disabilities?ki-cf-botcl=1,5894.0,not_extracted,0,0,,,,,,,,,,
0a5867e30901ee475f49,https://forumtogether.org/article/fact-sheet-immigrants-and-public-benefits-in-2026,2026-09-29T19:19:00.825051+00:00,forumtogether.org,True,downloaded,200.0,https://forumtogether.org/article/fact-sheet-immigrants-and-public-benefits-in-2026/,101414.0,success,12661,1788,html,text/html; charset=UTF-8,Fact Sheet: Immigrants and Public Benefits in 2026 - National Immigration Forum,,2026-03-31,National Immigration Forum,https://forumtogether.org/article/fact-sheet-immigrants-and-public-benefits-in-2026/,,0a5867e30901ee475f49.txt,b80f7b57f594bd3bb1f6eeb58bd5f64dfdb014278747c0830d41732652ffd06c
0a64df876264ff3ad37e,https://pmc.ncbi.nlm.nih.gov/articles/PMC11567148,2026-09-29T19:19:02.481284+00:00,nih.gov,True,downloaded,200.0,https://pmc.ncbi.nlm.nih.gov/articles/PMC11567148,21372.0,success,131,18,html,,Checking your browser,,2026-09-11,google.com,https://www.google.com/recaptcha/challengepage,,0a64df876264ff3ad37e.txt,a29166d0eaaa418bd5af61a282f1183a46c84c4d5e4c90689b1b452d230d05cc
0a76b3f3589420022d2e,https://pfizer.com/news/articles/health_disparities_among_african_americans,2026-09-29T19:19:02.642422+00:00,pfizer.com,False,downloaded,403.0,https://www.pfizer.com/news/articles/health_disparities_among_african_americans,5786.0,not_extracted,0,0,,,,,,,,,,
0a816f83daddf6c98cb8,https://nerdwallet.com/credit-cards/learn/how-lgbtq-americans-can-build-credit,2026-09-29T19:19:09.257283+00:00,nerdwallet.com,False,downloaded,403.0,https://www.nerdwallet.com/credit-cards/learn/how-lgbtq-americans-can-build-credit,5851.0,not_extracted,0,0,,,,,,,,,,
0a9e77ed7f943047ef46,https://pmc.ncbi.nlm.nih.gov/articles/PMC7346414,2026-09-29T19:19:10.411643+00:00,nih.gov,True,downloaded,200.0,https://pmc.ncbi.nlm.nih.gov/articles/PMC7346414/,307512.0,success,102736,15057,html,,The safety of health care for ethnic minority patients: a systematic review,Ashfaq Chauhan; Merrilyn Walton; Elizabeth Manias; Ramesh Lahiru Walpola; Holly Seale; Monika Latanik; Desiree Leone; Stephen Mears; Reema Harrison,2020-07-08,International Journal for Equity in Health,https://pmc.ncbi.nlm.nih.gov/articles/PMC7346414/,,0a9e77ed7f943047ef46.txt,8b137767cc71ba80daffc9ef5504a679a42e731dd74d994f77cfbd4660c0da0d
0abc9bfcd7acd1242c01,https://wmnf.org/research-shows-government-benefits-help-low%E2%80%91income-people-find-jobs-news,2026-09-29T19:19:10.959452+00:00,wmnf.org,True,downloaded,200.0,https://www.wmnf.org/research-shows-government-benefits-help-low%E2%80%91income-people-find-jobs-news/,215566.0,success,6790,1140,html,text/html; charset=utf-8,Research shows that government benefits help low‑income people find jobs,Staff,2026-03-27,WMNF 88.5 FM Community Conscious Radio,https://www.wmnf.org/research-shows-government-benefits-help-low‑income-people-find-jobs-news/,,0abc9bfcd7acd1242c01.txt,688f1a7cbab92be2374fe5c72dc2d928bf6598c9b12510d219a1f5ad04340302
0ad7cd5c8618ada95eee,https://chci.org/wp-content/uploads/2026/04/2026-Denys-Castillo.pdf,2026-09-29T19:19:17.143572+00:00,chci.org,True,downloaded,200.0,https://chci.org/wp-content/uploads/2026/04/2026-Denys-Castillo.pdf,273820.0,success,24359,2901,pdf,application/pdf,,,,,,,0ad7cd5c8618ada95eee.txt,c00e508187091d4619d2387f83987ebd5040ffcef4e78732a27d8b6636644f48
0ae0445c50ef0df83ede,https://smhp.psych.ucla.edu/pdfdocs/harass.pdf,2026-09-29T19:19:17.765913+00:00,ucla.edu,True,downloaded,200.0,https://smhp.psych.ucla.edu/pdfdocs/harass.pdf,47046.0,success,23343,3286,pdf,application/pdf,,,,,,,0ae0445c50ef0df83ede.txt,54a2e2904af7f2347cfdc97795762726723312cce893ed80cc7b9930b90a0ce2
0af4f0fcbcb5ee733041,https://wellsfargo.com/financial-education/credit-management/five-c,2026-09-29T19:19:19.373679+00:00,wellsfargo.com,True,downloaded,200.0,https://www.wellsfargo.com/financial-education/credit-management/five-c/?utm_medium=www-redirect&utm_source=financial-education--credit-management--five-c,28088.0,success,3816,623,html,text/html;charset=UTF-8,Find a Location,,1999-01-01,wellsfargo.com,https://www.wellsfargo.com/financial-education/credit-management/five-c/,,0af4f0fcbcb5ee733041.txt,aba99d714e745b2b0018b87121fb0f71baa4df473bd48e98680f82b338337c4c
0b1c1ca5f004c0857c9d,https://spawnshot.com/guard.html?an=at&cid=70729f641a7f263f17b00ad876a2e080&sid=29816681,2026-09-29T19:19:24.769444+00:00,spawnshot.com,True,downloaded,200.0,https://spawnshot.com/guard.html?an=at&cid=70729f641a7f263f17b00ad876a2e080&sid=29816681,2153.0,success,146,26,html,text/html,Download Ad Block Ghost,,2024-11-01,spawnshot.com,https://spawnshot.com/guard.html?an=at&cid=70729f641a7f263f17b00ad876a2e080&sid=29816681,,0b1c1ca5f004c0857c9d.txt,d33d363f54cea31c5a36572efe12a52ad28afd8e58b7752276669f7514081036
0b2397d8cfda222f6497,https://ccrw.org/unlocking-career-advancement,2026-09-29T19:19:26.140244+00:00,ccrw.org,True,downloaded,200.0,https://ccrw.org/unlocking-career-advancement/,226242.0,success,12330,1532,html,text/html; charset=UTF-8,Unlocking Career Advancement | Canadian Council on Rehabilitation and Work,A M,2025-01-21,Canadian Council on Rehabilitation and Work,https://ccrw.org/unlocking-career-advancement/,,0b2397d8cfda222f6497.txt,c64c49082add992defdd812da56ee6c57662e4d9c31ddf6cd944cdd5c526e2b4
0b8bb4e685b7cdbdcb0a,https://trajectordisability.com/non-medical-requirements-for-ssd,2026-09-29T19:19:31.034943+00:00,trajectordisability.com,True,downloaded,200.0,https://www.trajectordisability.com/non-medical-requirements-for-ssd/,112322.0,success,8064,1285,html,text/html; charset=UTF-8,Non-Medical Requirements For Social Security Disability 2026,Eshan Nawaz,2025-06-03,Trajector Disability,https://www.trajectordisability.com/non-medical-requirements-for-ssd/,,0b8bb4e685b7cdbdcb0a.txt,354ae6aa1cd719d1b95295d4bf812d2a36caf496828135c82f61085d738dc4c6
0b8bf133f5476baf7e07,https://odphp.health.gov/healthypeople/priority-areas/social-determinants-health/literature-summaries/incarceration,2026-09-29T19:19:36.378727+00:00,health.gov,True,downloaded,200.0,https://odphp.health.gov/healthypeople/priority-areas/social-determinants-health/literature-summaries/incarceration,60233.0,success,16185,2342,html,text/html; charset=UTF-8,Incarceration,,2022-03-09,odphp.health.gov,https://odphp.health.gov/healthypeople/priority-areas/social-determinants-health/literature-summaries/incarceration,,0b8bf133f5476baf7e07.txt,15a9961a59a5b37259d27057f7e5099b25665f73b2f95cac00d7eeba43f47aed
0ba96aa00e638a0e3ce5,https://americanprogress.org/article/improving-lives-rights-lgbtq-people-america,2026-09-29T19:19:41.099707+00:00,americanprogress.org,False,downloaded,403.0,https://www.americanprogress.org/article/improving-lives-rights-lgbtq-people-america,5845.0,not_extracted,0,0,,,,,,,,,,
0bc63fc4090645f28c9f,https://odphp.health.gov/healthypeople/priority-areas/social-determinants-health/literature-summaries/housing-instability,2026-09-29T19:19:41.378289+00:00,health.gov,True,downloaded,200.0,https://odphp.health.gov/healthypeople/priority-areas/social-determinants-health/literature-summaries/housing-instability,59609.0,success,14725,2118,html,text/html; charset=UTF-8,Housing Instability,,2011-03-01,odphp.health.gov,https://odphp.health.gov/healthypeople/priority-areas/social-determinants-health/literature-summaries/housing-instability,,0bc63fc4090645f28c9f.txt,bd32967973c18dd4eea448a3c051b2e440ce335875ecb97c39cb2ce73f225585
0bdac10eb99aea614ce8,https://lgbtq-economics.org/issues/wealth-gap/market-gap,2026-09-29T19:19:42.045594+00:00,lgbtq-economics.org,True,downloaded,200.0,https://lgbtq-economics.org/issues/wealth-gap/market-gap/,233453.0,success,1848,271,html,text/html; charset=UTF-8,The Market Gap,,2020-01-07,CLEAR,https://lgbtq-economics.org/issues/wealth-gap/market-gap/,,0bdac10eb99aea614ce8.txt,7d02fd315ea496f80747c6b4d34792fb6e3d68cee3a12b5d97542ded114f170e
0bdf997cb9fa5ae03b86,https://pmc.ncbi.nlm.nih.gov/articles/PMC11089913,2026-09-29T19:19:45.601215+00:00,nih.gov,True,downloaded,200.0,https://pmc.ncbi.nlm.nih.gov/articles/PMC11089913,21371.0,success,131,18,html,,Checking your browser,,2026-09-11,google.com,https://www.google.com/recaptcha/challengepage,,0bdf997cb9fa5ae03b86.txt,a29166d0eaaa418bd5af61a282f1183a46c84c4d5e4c90689b1b452d230d05cc
0c00daf7d8d00c4a7b0f,https://digitalcommons.georgiasouthern.edu/etd_legacy/361,2026-09-29T19:19:45.809247+00:00,georgiasouthern.edu,True,downloaded,200.0,https://digitalcommons.georgiasouthern.edu/etd_legacy/361/,38909.0,success,2972,375,html,text/html; charset=UTF-8,Management Factors Influencing Educational Access for Students with Learning Disabilities,Mary Danette Wood,2015-08-18,Georgia Southern Commons,https://digitalcommons.georgiasouthern.edu/etd_legacy/361,,0c00daf7d8d00c4a7b0f.txt,21534d0df42c5d7fa9872b5226584a71eb75b865ad9f4855f89254dd82c82931
0c36f53b9e4f8590c5c7,https://facebook.com/StarHealth/videos/ever-wonder-how-much-health-insurance-is-enoughvarious-factors-like-your-income-/905954415384272,2026-09-29T19:19:47.712802+00:00,facebook.com,False,robots_disallowed,,,,not_extracted,0,0,,,,,,,,,,
0c7fd45677b3e68a2094,https://cdc.gov/chronic-disease/prevention/preventive-care.html,2026-09-29T19:19:47.713002+00:00,cdc.gov,True,downloaded,200.0,https://www.cdc.gov/index.html,61314.0,success,485,71,html,text/html,Centers for Disease Control and Prevention,,2026-09-28,CDCgov,https://www.cdc.gov/index.html,,0c7fd45677b3e68a2094.txt,57f1b5e72bd6c9253b3dd6410939458b2039885abfdc525969a60d7d17a904c9
0cc9410544e863559431,https://ccga.edu/reg-murphy-publications/the-manifold-causes-of-homelessness,2026-09-29T19:19:49.329860+00:00,ccga.edu,True,downloaded,200.0,https://www.ccga.edu/reg-murphy-publications/the-manifold-causes-of-homelessness/,96309.0,success,4669,695,html,text/html; charset=UTF-8,The Manifold Causes of Homelessness,,2023-02-09,College of Coastal Georgia,https://www.ccga.edu/reg-murphy-publications/the-manifold-causes-of-homelessness/,,0cc9410544e863559431.txt,4cd38326d68903c45f5837c1a0fe3eeb53272983bce5cae65d6986cc3d7e6d71
0cddeb593865510a8c02,https://cepr.net/publications/the-continuing-power-of-white-preferences-in-employment,2026-09-29T19:19:52.004877+00:00,cepr.net,False,downloaded,403.0,https://cepr.net/publications/the-continuing-power-of-white-preferences-in-employment,5816.0,not_extracted,0,0,,,,,,,,,,
0d10a65cb825c6e037d7,https://destinationhomesv.org/understanding-homelessness/causes,2026-09-29T19:19:55.315415+00:00,destinationhomesv.org,True,downloaded,200.0,https://destinationhomesv.org/understanding-homelessness/causes/,115950.0,success,11543,1667,html,text/html; charset=UTF-8,Causes of Homelessness - Destination: Home,,2021-02-03,Destination: Home - Our goal is to end homelessness not just manage it.,https://destinationhomesv.org/understanding-homelessness/causes/,,0d10a65cb825c6e037d7.txt,da74cc05ff9b19955b3b918b74e646dd722538fcfa24f7cb93fb5270d6815f22
0d52312915a2b828074f,https://researchgate.net/publication/361396815_Bullying_and_Harassment_Prevention_in_the_Lives_of_Latina_and_Latino_Students,2026-09-29T19:20:03.009366+00:00,researchgate.net,False,downloaded,403.0,https://www.researchgate.net/publication/361396815_Bullying_and_Harassment_Prevention_in_the_Lives_of_Latina_and_Latino_Students,21138.0,not_extracted,0,0,,,,,,,,,,
0d70bcbcd337063a9a35,https://vera.org/publications/overlooked-women-and-jails-report,2026-09-29T19:20:06.119117+00:00,vera.org,True,downloaded,200.0,https://www.vera.org/publications/overlooked-women-and-jails-report,76393.0,success,1953,305,html,text/html; charset=UTF-8,Overlooked: Women and Jails in an Era of Reform,,2016-08-15,Vera Institute of Justice,https://www.vera.org/publications/overlooked-women-and-jails-report,,0d70bcbcd337063a9a35.txt,2f0dc7477ff1f3c196d55c9ac941f39e240674a8ababffffa6920a0afc273e04
0d864a54ba9d93e9d5a4,https://sciencedirect.com/science/article/abs/pii/S027277572030563X,2026-09-29T19:20:07.829823+00:00,sciencedirect.com,False,downloaded,403.0,https://www.sciencedirect.com/science/article/abs/pii/S027277572030563X,1207947.0,not_extracted,0,0,,,,,,,,,,
0d8ad929a325dead125e,https://amu.apus.edu/area-of-study/criminal-justice/resources/when-is-police-use-of-force-justified,2026-09-29T19:20:11.249727+00:00,apus.edu,True,downloaded,200.0,https://www.amu.apus.edu/area-of-study/criminal-justice/resources/when-is-police-use-of-force-justified/,176927.0,success,14653,2385,html,text/html; charset=utf-8,When Is Police Use of Force Justified? How Officers Think | American Military University (AMU),Andrew Bell; Bruce Razey,2026-01-16,American Military University (AMU),https://www.amu.apus.edu/area-of-study/criminal-justice/resources/when-is-police-use-of-force-justified/,,0d8ad929a325dead125e.txt,63725001514393c69dad20ad48cffd4a703c167116378464323f710f3a75e3f4
0dcfd25bd41b73907f45,https://utphysicians.com/preventive-care-is-the-key-to-mens-health,2026-09-29T19:20:16.775609+00:00,utphysicians.com,False,downloaded,403.0,https://www.utphysicians.com/preventive-care-is-the-key-to-mens-health,19719.0,not_extracted,0,0,,,,,,,,,,
0e0910b1590aae74e4d0,https://taggd.in/hr-glossary/gender-identity,2026-09-29T19:20:21.052129+00:00,taggd.in,True,downloaded,200.0,https://taggd.in/hr-glossary/gender-identity/,352704.0,success,31169,4129,html,text/html; charset=UTF-8,Gender Identity in the Hiring Process: How to Make It Bias-Free,Team Taggd,2025-07-24,Taggd,https://taggd.in/hr-glossary/gender-identity/,,0e0910b1590aae74e4d0.txt,3c76cc26ea1321dd96fa7c655b585d080ef1bbfac8798df43800c6ca012084b6
0e092b38b987575bf4f3,https://endhomelessness.org/blog/how-the-equal-access-rule-can-protect-trans-people-and-sex-workers,2026-09-29T19:20:26.107473+00:00,endhomelessness.org,True,downloaded,200.0,https://endhomelessness.org/blog/how-the-equal-access-rule-can-protect-trans-people-and-sex-workers,347021.0,success,7082,1030,html,text/html; charset=UTF-8,How the Equal Access Rule Can Protect Trans People and Sex Workers,Maddie Harris,2025-04-22,National Alliance to End Homelessness,https://endhomelessness.org/blog/how-the-equal-access-rule-can-protect-trans-people-and-sex-workers/,,0e092b38b987575bf4f3.txt,b86863aff189ae6975001ec99331817eab5ea538ea42479a83240a2b37e8ba90
0e7467db5c54d437d5ed,https://google.com/goto?url=CAESjgEB6zswFXB59qjkhOXl5mgCIhRbx8_nPZmYr8clXGViFp5CEeu2SX5oJjiA3YkMcml4oFhoa0U-cXIodvwI32srZJF9Y9XgaYYqPu934P8G_KW0EPD0QZQ0O5kgNDm_SVopJwsb9tD4aXVJFLESx2NlToCXilTBjaeb-sYjeOuRNVldBL5RWsbtj2qNxDQ2,2026-09-29T19:20:31.006418+00:00,google.com,False,robots_disallowed,,,,not_extracted,0,0,,,,,,,,,,
0e82a78b214b6bb33d65,https://google.com/url?cd=&opi=89978449&psig=AOvVaw14yVjtFUS6POL4AZJ_NV2n&rct=j&sa=i&source=web&uoh=2&url=CAESdgHrOzAVRh3TSBaLgcAuovnkQSyb9TPkSlJ7jagP0N7CVJj7aruKcjmXK1NbwufNNJhYIeaAH_BmXZr2mFVYTPeUtTlooHu2z3_wRqWaApnUnBUCWyyUyggh0VJgbvRnI-7M8G63ayjw0bAsSsRR43bF0ZsORc4&ust=1790738666917000&ved=2ahUKEwj02aTC65KXAxVXlWoFHbflN4kQ1fkOegoIAggACAAIIBAC,2026-09-29T19:20:34.286696+00:00,google.com,False,robots_disallowed,,,,not_extracted,0,0,,,,,,,,,,
0f4e7d905f0760019f0e,https://awis.org/resource/addressing-gender-bias-medical-care,2026-09-29T19:20:34.286892+00:00,awis.org,True,downloaded,200.0,https://awis.org/resource/addressing-gender-bias-medical-care/,213587.0,success,10737,1628,html,text/html; charset=UTF-8,Addressing Gender Bias in Medical Care,,2024-09-24,AWIS,https://awis.org/resource/addressing-gender-bias-medical-care/,,0f4e7d905f0760019f0e.txt,5c6033551ba90d33b75e2d309fe0fe43da69bfaddccff66ecfeac0490080321d
0fa1472e4226e287fc66,https://cis.org/Report/Welfare-Use-Immigrants-and-USBorn-2022,2026-09-29T19:20:39.592982+00:00,cis.org,False,downloaded,403.0,https://cis.org/Report/Welfare-Use-Immigrants-and-USBorn-2022,5746.0,not_extracted,0,0,,,,,,,,,,
0fd1f45abaa3521f95c2,https://iyfglobal.org/reflecting-how-hispanic-heritage-has-influenced-career-development,2026-09-29T19:20:39.645707+00:00,iyfglobal.org,False,downloaded,403.0,https://iyfglobal.org/reflecting-how-hispanic-heritage-has-influenced-career-development,5858.0,not_extracted,0,0,,,,,,,,,,
0fd73c6a0e735fb6dac8,https://nlihc.org/resource/racial-disparities-among-extremely-low-income-renters,2026-09-29T19:20:42.988842+00:00,nlihc.org,True,downloaded,200.0,https://nlihc.org/resource/racial-disparities-among-extremely-low-income-renters,56950.0,success,3209,464,html,text/html; charset=UTF-8,Racial Disparities Among Extremely Low-Income Renters,,2019-04-15,National Low Income Housing Coalition,https://nlihc.org/resource/racial-disparities-among-extremely-low-income-renters,,0fd73c6a0e735fb6dac8.txt,3ab14a96476d28ea752a0b4bad8b61c96f602f9dfe40dcf52df11fb5b8346d67
0ff804ea59d70600851e,https://youtube.com/watch?t=7s&v=sDcpDlKdQV4,2026-09-29T19:20:46.573876+00:00,youtube.com,True,downloaded,200.0,https://www.youtube.com/watch?t=7s&v=sDcpDlKdQV4,1346992.0,success,146,23,html,text/html; charset=utf-8,How Latinas Can Respond to Bias at Work,,2026-04-24,YouTube,https://www.youtube.com/watch?v=sDcpDlKdQV4,,0ff804ea59d70600851e.txt,8dbba17988e385133ba8f51d76cde1fc2c859262b666cb848e9cfe2478fd5e71
105372fbb63a94777ba8,https://bobbydodd.org/five-legit-reasons-to-hire-people-with-disabilities,2026-09-29T19:20:51.249437+00:00,bobbydodd.org,True,downloaded,200.0,https://bobbydodd.org/five-legit-reasons-to-hire-people-with-disabilities/,746148.0,success,9491,1417,html,text/html; charset=UTF-8,Five Legit Reasons to Hire People with Disabilities - BDI,Bobbie Dimitrova,2024-05-24,BDI - Illuminating the possibilities in disabilities,https://bobbydodd.org/five-legit-reasons-to-hire-people-with-disabilities/,,105372fbb63a94777ba8.txt,cbaa7f519f6a4bab77f514447812ee1238c274a2288f456acbe69482bad885d0
106b0fe63a30b516b0bb,https://bestcolleges.com/resources/credit-literacy-black-hispanic-students,2026-09-29T19:21:09.193268+00:00,bestcolleges.com,True,downloaded,200.0,https://www.bestcolleges.com/resources/credit-literacy-black-hispanic-students/,410994.0,success,11360,1769,html,text/html; charset=utf-8,Why Credit Literacy Is Important for Black and Hispanic Students | BestColleges,Ciera Graham; Ph D,2022-02-10,bestcolleges.com,https://www.bestcolleges.com/resources/credit-literacy-black-hispanic-students/,,106b0fe63a30b516b0bb.txt,60daeda064b6c0e629741ba72748703600b9cd8799d4b3fe1d72df68c69025a0
10aebff4b40e57c6f9e9,https://youtube.com/watch?t=19s&v=KOeHVIqCX2I,2026-09-29T19:21:09.193947+00:00,youtube.com,True,downloaded,200.0,https://www.youtube.com/watch?t=19s&v=KOeHVIqCX2I,1158283.0,success,146,23,html,text/html; charset=utf-8,Applying While Black: How Racial Differences in Work Histories Impact Hiring Outcomes,,2025-06-17,YouTube,https://www.youtube.com/watch?v=KOeHVIqCX2I,,10aebff4b40e57c6f9e9.txt,8dbba17988e385133ba8f51d76cde1fc2c859262b666cb848e9cfe2478fd5e71
10cee10e3b890b7de5c3,https://nami.org/advocacy-at-nami/policy-positions/supporting-community-inclusion-and-non-discrimination/social-determinants-of-health-housing,2026-09-29T19:21:09.194662+00:00,nami.org,False,downloaded,403.0,https://nami.org/advocacy-at-nami/policy-positions/supporting-community-inclusion-and-non-discrimination/social-determinants-of-health-housing,6115.0,not_extracted,0,0,,,,,,,,,,
10fc159c1793cdcc0662,https://wrap.warwick.ac.uk/id/eprint/183766/7/Gendered%20conditions%20of%20higher%20education%20access%20%20advancing%20a%20gender%20prism%20analytic%20through%20the%20case%20of%20Haryana%20%20India.pdf,2026-09-29T19:21:09.195199+00:00,warwick.ac.uk,True,downloaded,200.0,https://wrap.warwick.ac.uk/id/eprint/183766/7/Gendered%20conditions%20of%20higher%20education%20access%20%20advancing%20a%20gender%20prism%20analytic%20through%20the%20case%20of%20Haryana%20%20India.pdf,932067.0,success,66597,9930,pdf,application/pdf,,,,,,,10fc159c1793cdcc0662.txt,f6ea7c90a44ac39b761b730b9245a33f4278ab3bd775500e3170ca20fb23026f
10fe52480c8b8907b96a,https://pmc.ncbi.nlm.nih.gov/articles/PMC12051801,2026-09-29T19:21:09.195461+00:00,nih.gov,True,downloaded,200.0,https://pmc.ncbi.nlm.nih.gov/articles/PMC12051801/,210980.0,success,45985,6786,html,,Factors Affecting the Utilization of Preventive Health Services by Middle-Aged Population: A Scoping Review,Khadijeh Yarifard; Zhaleh Abdi; Ebrahim Jaafaripooyan,2025-01-01,Iranian Journal of Public Health,https://pmc.ncbi.nlm.nih.gov/articles/PMC12051801/,,10fe52480c8b8907b96a.txt,9c6690e405700bc24ebac84c76a1c3228de862794e451693d0c681662c224139
11172d1372c474504129,https://pmc.ncbi.nlm.nih.gov/articles/PMC12228375,2026-09-29T19:21:09.208267+00:00,nih.gov,True,downloaded,200.0,https://pmc.ncbi.nlm.nih.gov/articles/PMC12228375/,189979.0,success,44960,6978,html,,Factors influencing medical insurance participation and satisfaction among non-standard workers in China,Weiqian Wu; Yanbing Zeng,2025-07-05,BMC Health Services Research,https://pmc.ncbi.nlm.nih.gov/articles/PMC12228375/,,11172d1372c474504129.txt,10597c23ebcf2bc3b77fe442e60e73f1df7a74f00cc9b6998238acfa4c822edc
1168c6a531a39de19ccf,https://ihep.org/press/new-report-higher-education-opportunities-for-students-with-disabilities-a-primer-for-policymakers,2026-09-29T19:21:09.208756+00:00,ihep.org,True,downloaded,200.0,https://www.ihep.org/press/new-report-higher-education-opportunities-for-students-with-disabilities-a-primer-for-policymakers/,61608.0,success,5247,754,html,text/html; charset=UTF-8,"New Report: ""Higher Education Opportunities for Students With Disabilities: A Primer for Policymakers""",,2023-01-30,IHEP,http://www.ihep.org/press/new-report-higher-education-opportunities-for-students-with-disabilities-a-primer-for-policymakers/,,1168c6a531a39de19ccf.txt,77382504f80af765bdcfb710fa9edeb032ae468b82e19bb9a770cf2c8c5bf0fc
117ac30df51c88120356,https://pubmed.ncbi.nlm.nih.gov/24923548,2026-09-29T19:21:09.211211+00:00,nih.gov,True,downloaded,203.0,https://pubmed.ncbi.nlm.nih.gov/24923548/,5590.0,success,100,14,html,text/html; charset=utf-8,Cookies must be enabled,,,pubmed.ncbi.nlm.nih.gov,https://pubmed.ncbi.nlm.nih.gov/24923548/,,117ac30df51c88120356.txt,f193d0de906419650acf171625dbd67f88f297290893b5473e1d8365c03d4b59
118003e321aa210c8edb,https://urban.org/urban-wire/what-will-it-take-help-latina-moms-hold-homeownership-gains,2026-09-29T19:21:12.978566+00:00,urban.org,False,downloaded,403.0,https://www.urban.org/urban-wire/what-will-it-take-help-latina-moms-hold-homeownership-gains,5934.0,not_extracted,0,0,,,,,,,,,,
118e6c2dec06a18e607a,https://ushe.edu/4-takeaways-on-latino-college-attainment-from-new-report,2026-09-29T20:00:10.086547+00:00,ushe.edu,False,http_error,503.0,https://ushe.edu/4-takeaways-on-latino-college-attainment-from-new-report,18063.0,not_extracted,0,0,,text/html; charset=UTF-8,,,,,,0.0,,
11b282cdda5734f7ef3d,https://transequality.org/resources/transgender-sexual-and-reproductive-health-unmet-needs-and-barriers-care,2026-09-29T19:21:13.324451+00:00,transequality.org,True,downloaded,200.0,https://transequality.org/resources/transgender-sexual-and-reproductive-health-unmet-needs-and-barriers-care,96835.0,success,10418,1459,html,text/html; charset=UTF-8,Transgender Sexual and Reproductive Health: Unmet Needs and Barriers to Care | A4TE,,2010-10-10,A4TE,https://transequality.org/resources/transgender-sexual-and-reproductive-health-unmet-needs-and-barriers-care,,11b282cdda5734f7ef3d.txt,0d219b8b483ed5b4603b610a4397a4c5d7ea0b5e199ec9d62076917e817bb0d1
11f0dfc2f2e3c61028a4,https://sciencedirect.com/science/article/abs/pii/S0160252716300929,2026-09-29T19:21:14.365682+00:00,sciencedirect.com,False,downloaded,403.0,https://www.sciencedirect.com/science/article/abs/pii/S0160252716300929,1207947.0,not_extracted,0,0,,,,,,,,,,
1242d8d7be328cbd3b29,https://home.treasury.gov/news/featured-stories/racial-differences-in-economic-security-housing,2026-09-29T19:21:14.617088+00:00,treasury.gov,True,downloaded,200.0,https://home.treasury.gov/news/featured-stories/racial-differences-in-economic-security-housing,92970.0,success,17707,2541,html,text/html; charset=utf-8,Racial Differences in Economic Security: Housing,,2022-11-04,U.S. Department of the Treasury,https://home.treasury.gov/news/featured-stories/racial-differences-in-economic-security-housing,,1242d8d7be328cbd3b29.txt,f9cd59d2742788287cb745cf4693f16080cc6bea29c6320567e31449840566d3
125f8520e8a90a6debc8,https://croweshanahan.com/blog/2026/03/what-disqualifies-a-person-from-disability,2026-09-29T19:21:15.510776+00:00,croweshanahan.com,False,downloaded,403.0,https://croweshanahan.com/blog/2026/03/what-disqualifies-a-person-from-disability,52.0,not_extracted,0,0,,,,,,,,,,
127455ac5be31e40b692,https://pmc.ncbi.nlm.nih.gov/articles/PMC9744977,2026-09-29T19:21:16.828250+00:00,nih.gov,True,downloaded,200.0,https://pmc.ncbi.nlm.nih.gov/articles/PMC9744977/,154818.0,success,45303,6784,html,,The Function of the Police Force: A Behavior-Analytic Review of the History of How Policing in America Came to Be,Natalie Parks; Beverly Kirby,2021-05-12,Behavior Analysis in Practice,https://pmc.ncbi.nlm.nih.gov/articles/PMC9744977/,,127455ac5be31e40b692.txt,73552052e0c92ccbfd15776956f7f454f2532b609cfa70c48f3d2249dd58affc
129796d1f6096204f870,https://pmc.ncbi.nlm.nih.gov/articles/PMC10466048,2026-09-29T19:21:16.948877+00:00,nih.gov,True,downloaded,200.0,https://pmc.ncbi.nlm.nih.gov/articles/PMC10466048/,293677.0,success,100243,14656,html,,Gender equity in hiring: examining the effectiveness of a personality-based algorithm,Emeric Kubiak; Maria I Efremova; Simon Baron; Keely J Frasca,2023-08-15,Frontiers in Psychology,https://pmc.ncbi.nlm.nih.gov/articles/PMC10466048/,,129796d1f6096204f870.txt,e2c0661b75af733767add07148200f916c0d30f2fc5812c36793c39023c4ed82
12c727f99a69965db033,https://google.com/goto?url=CAEStQEB6zswFdst3cZG9LzYswtWUUJbR4_RPJXGXr9MpxH5moftSqE_ZAYr0qbDGKVoHf0pBXtsIzdRSj_sE4yQ1jBoDAhEpHKlSOWfTNO-1A9t8sJN9M5RcObQS1k3YOOL-lnK7PJKOn-NU6XkGVnQk48mtcMGi5XBsf_dO5ilaJLIEwtIQW4h6DS-bZvpX_yi76ABHujhuF3uoXS51SUWl-zFAhWveGpb1fhnG6R0L9b8Zj9odvgQ,2026-09-29T19:21:17.268871+00:00,google.com,False,robots_disallowed,,,,not_extracted,0,0,,,,,,,,,,
13102169fdbf1093ca52,https://ncsl.org/civil-and-criminal-justice/racial-and-ethnic-disparities-in-the-criminal-justice-system,2026-09-29T19:21:18.147883+00:00,ncsl.org,False,downloaded,403.0,https://ncsl.org/civil-and-criminal-justice/racial-and-ethnic-disparities-in-the-criminal-justice-system,5958.0,not_extracted,0,0,,,,,,,,,,
1326f57925dc05788d0d,https://pmc.ncbi.nlm.nih.gov/articles/PMC12962465,2026-09-29T19:21:18.680405+00:00,nih.gov,True,downloaded,200.0,https://pmc.ncbi.nlm.nih.gov/articles/PMC12962465/,232692.0,success,46038,6630,html,,Latino/a experiences of homelessness in California: Qualitative findings from the California Statewide Study of People Experiencing Homelessness (CASPEH),Zena K Coronado; Michael Duke; Madison Rodriguez; Lourdes Johanna Avelar Portillo; Dafna Erana Hernandez; Margot Kushel,2026-03-05,PLOS One,https://pmc.ncbi.nlm.nih.gov/articles/PMC12962465/,,1326f57925dc05788d0d.txt,fdebc67ca332721faeaba0d137e7997b64370fc960e98fa39360b1a83d2bf312
1329ff148461994b165b,https://uscis.gov/policy-manual/volume-8-part-g-chapter-7,2026-09-29T19:21:19.307520+00:00,uscis.gov,False,downloaded,403.0,https://uscis.gov/policy-manual/volume-8-part-g-chapter-7,426.0,not_extracted,0,0,,,,,,,,,,
1331cdbd44e68ee3c1a7,https://fletc.gov/sites/default/files/imported_files/training/programs/legal-division/downloads-articles-and-faqs/research-by-subject/4th-amendment/terrystopupdate.pdf,2026-09-29T19:21:19.823282+00:00,fletc.gov,False,downloaded,403.0,https://fletc.gov/sites/default/files/imported_files/training/programs/legal-division/downloads-articles-and-faqs/research-by-subject/4th-amendment/terrystopupdate.pdf,584.0,not_extracted,0,0,,,,,,,,,,
134552d95724dbc08f2a,https://pmc.ncbi.nlm.nih.gov/articles/PMC10322117,2026-09-29T19:21:20.966319+00:00,nih.gov,True,downloaded,200.0,https://pmc.ncbi.nlm.nih.gov/articles/PMC10322117/,443007.0,success,100740,16485,html,,Factors Predictive of Being Bullies or Victims of Bullies in US Elementary Schools,Paul L Morgan; George Farkas; Adrienne D Woods; Yangyang Wang; Marianne M Hillemeier; Yoonkyung Oh,2023-02-25,School mental health,https://pmc.ncbi.nlm.nih.gov/articles/PMC10322117/,,134552d95724dbc08f2a.txt,fd81494d3fea9a318f73d875df3e73d0e8a300efbb461cd16cccf87d53d09c5a
134ab2a5610f68ec3cb0,https://cogentinfo.com/resources/15-issues-women-face-at-the-workplace-and-how-to-combat-them,2026-09-29T19:21:21.488869+00:00,cogentinfo.com,True,downloaded,200.0,https://cogentinfo.com/resources/15-issues-women-face-at-the-workplace-and-how-to-combat-them,112423.0,success,17201,2530,html,text/html; charset=utf-8,Cogent | Blog | 15 issues women face in the workplace and how to combat them?,,2026-01-01,cogentinfo.com,https://cogentinfo.com/resources/15-issues-women-face-at-the-workplace-and-how-to-combat-them,,134ab2a5610f68ec3cb0.txt,751c0cf4bddcfd0b096d46de0158f65daefcfa6204bc6297fc650e80370c3c34
1373c11e30c98a1e1208,https://corwin-connect.com/2014/10/bullying-students-with-disabilities,2026-09-29T19:21:21.694547+00:00,corwin-connect.com,True,downloaded,200.0,https://corwin-connect.com/2014/10/bullying-students-with-disabilities/,184407.0,success,4374,717,html,text/html; charset=UTF-8,Bullying and Students With Disabilities - Corwin Connect,Barry McNamara,2014-10-28,Corwin Connect,https://corwin-connect.com/2014/10/bullying-students-with-disabilities/,,1373c11e30c98a1e1208.txt,aab42eebd18fa99707c1a1664ae6f8feb339bc0cc8599dd5cb2970ad2f293d52
13845643f23f18aad6f3,https://pn3policy.org/race-and-racial-perceptions-shape-burden-tolerance-for-medicaid-and-the-supplemental-nutrition-assistance-program,2026-09-29T19:21:22.130243+00:00,pn3policy.org,True,downloaded,200.0,https://pn3policy.org/race-and-racial-perceptions-shape-burden-tolerance-for-medicaid-and-the-supplemental-nutrition-assistance-program,333847.0,success,684,104,html,text/html; charset=UTF-8,Race And Racial Perceptions Shape Burden Tolerance For Medicaid And The Supplemental Nutrition Assistance Program - Prenatal-to-3 Policy Impact Center,PN,2023-10-01,Prenatal-to-3 Policy Impact Center,https://pn3policy.org/race-and-racial-perceptions-shape-burden-tolerance-for-medicaid-and-the-supplemental-nutrition-assistance-program/,,13845643f23f18aad6f3.txt,ee370a097ae73fb0328f168d0b93a09673850d7ce6433f12140decd301ec0055
13f8ab0775dda71d94ee,https://thehrcfoundation.org/professional-resources/discrimination-against-transgender-workers,2026-09-29T19:21:23.436014+00:00,thehrcfoundation.org,True,downloaded,200.0,https://www.hrc.org:443/,102672.0,success,531,46,html,text/html; charset=UTF-8,The Human Rights Campaign | 4 Million Members Strong,,2020-06-02,HRC,https://www.hrc.org/,,13f8ab0775dda71d94ee.txt,a38addee2332a072712ca4e1c92d94521598aedcb06d08eaa910a057febc3093
140a5a1860d9434be5b7,https://shapetalent.com/the-three-barriers-to-lgbtq-career-progression,2026-09-29T19:21:23.537824+00:00,shapetalent.com,True,downloaded,200.0,https://shapetalent.com/the-three-barriers-to-lgbtq-career-progression/,103010.0,success,11178,1669,html,text/html; charset=UTF-8,The Three Barriers to LGBTQ+ career progression - Shape Talent,Sharon Peake,2023-06-01,Shape Talent,https://shapetalent.com/the-three-barriers-to-lgbtq-career-progression/,,140a5a1860d9434be5b7.txt,2dd63fa84571df2191722ec78342a2f55ec6004dd2cc1b9e790f292a32a4efbb
142d3fc38bdf21f16c0c,https://youtube.com/watch?v=EKKkC5G9Nm4,2026-09-29T19:21:23.749304+00:00,youtube.com,True,downloaded,200.0,https://www.youtube.com/watch?v=EKKkC5G9Nm4,1356710.0,success,146,23,html,text/html; charset=utf-8,Why Men Are Disappearing From College Campuses,,2024-08-15,YouTube,https://www.youtube.com/watch?v=EKKkC5G9Nm4,,142d3fc38bdf21f16c0c.txt,8dbba17988e385133ba8f51d76cde1fc2c859262b666cb848e9cfe2478fd5e71
145808ef415e04529608,https://sciencedirect.com/science/article/pii/S2590291126002494,2026-09-29T19:21:25.181653+00:00,sciencedirect.com,False,downloaded,403.0,https://www.sciencedirect.com/science/article/pii/S2590291126002494,1207935.0,not_extracted,0,0,,,,,,,,,,
146b551e2988d5513d6b,https://pmc.ncbi.nlm.nih.gov/articles/PMC12628517,2026-09-29T19:21:26.391057+00:00,nih.gov,True,downloaded,200.0,https://pmc.ncbi.nlm.nih.gov/articles/PMC12628517/,170583.0,success,44774,6478,html,,Identifying racialized administrative and criminal legal burdens for obtaining gender-affirming identification documents among transgender groups: a qualitative analysis,Kathryn Nowotny; Callan Hummel; Beaux Ramos; Jasmine McKenzie; Ashley Mayfaire; Kim-Phuong Truong-Vu; Charlton Copeland,2025-11-19,Health & Justice,https://pmc.ncbi.nlm.nih.gov/articles/PMC12628517/,,146b551e2988d5513d6b.txt,bda6e3dacf3f72dad18cde75da4f9c615e7ea0b875acdc72a26a622482fb4abb
1498feb07652571de5fc,https://nationalhomeless.org/homelessness-in-the-us,2026-09-29T19:21:26.894379+00:00,nationalhomeless.org,True,downloaded,200.0,https://nationalhomeless.org/homelessness-in-the-us/,111243.0,success,3393,528,html,text/html; charset=UTF-8,Homelessness in the US - National Coalition for the Homeless,,2022-12-26,National Coalition for the Homeless - Building a movement to End Homelessness,https://nationalhomeless.org/homelessness-in-the-us/,,1498feb07652571de5fc.txt,a0e2d75c3e1a0fd362c2b3905022af2c249c9e6acf68c31bfecdc8cca6b2c097
14e0e8ae35816d3fc6de,https://morson.com/blog/10-barriers-womens-career-progression,2026-09-29T19:21:27.141015+00:00,morson.com,True,downloaded,200.0,https://www.morson.com:443/blog/10-barriers-womens-career-progression,193986.0,success,10935,1634,html,text/html; charset=UTF-8,The 10 barriers to women’s career progression,,2025-03-14,Morson Group,https://www.morson.com/blog/10-barriers-womens-career-progression,,14e0e8ae35816d3fc6de.txt,0d96cd7c2f5e4edec8074b88894da0eba0d2133573ea508abec0708859867606
14e6de73f5713a5ad4ec,https://pmc.ncbi.nlm.nih.gov/articles/PMC5227944,2026-09-29T19:21:27.686385+00:00,nih.gov,True,downloaded,200.0,https://pmc.ncbi.nlm.nih.gov/articles/PMC5227944/,174121.0,success,39212,6446,html,,"Incarceration Rates and Traits of Sexual Minorities in the United States: National Inmate Survey, 2011–2012",Ilan H Meyer; Andrew R Flores; Lara Stemple; Adam P Romero; Bianca D M Wilson; Jody L Herman,2017-01-01,American Journal of Public Health,https://pmc.ncbi.nlm.nih.gov/articles/PMC5227944/,,14e6de73f5713a5ad4ec.txt,93da79a1947dab1a29a584a0a4bf3fd3f8be70878a56e2ef006b3825486ba8c3
14f95c75dfed774b533c,https://link.springer.com/article/10.1007/s00148-024-01031-w,2026-09-29T19:21:28.261789+00:00,springer.com,False,robots_disallowed,,,,not_extracted,0,0,,,,,,,,,,
152be612e99c07929e10,https://mhanational.org/resources/bullying-lgbt-youth,2026-09-29T19:21:28.272667+00:00,mhanational.org,True,downloaded,200.0,https://mhanational.org/resources/bullying-lgbt-youth/,138488.0,success,4925,750,html,text/html; charset=UTF-8,Bullying: LGBT youth | Mental Health America,,2026-05-15,Mental Health America,https://mhanational.org/resources/bullying-lgbt-youth/,,152be612e99c07929e10.txt,1c4c88cd19795e58a0ae7593dca87f103b31939a9cac9d6cadea14566c81388a
16062dce0bc8930d69b1,https://pmc.ncbi.nlm.nih.gov/articles/PMC8916963,2026-09-29T19:21:28.278044+00:00,nih.gov,True,downloaded,200.0,https://pmc.ncbi.nlm.nih.gov/articles/PMC8916963/,168376.0,success,26005,4009,html,,Prevalence of private and public health insurance among transgender and gender diverse adults,Jae Downing; Kendall A Lawley; Alex McDowell,2022-04-01,Medical care,https://pmc.ncbi.nlm.nih.gov/articles/PMC8916963/,,16062dce0bc8930d69b1.txt,e308491c125120562fc9cac65b1efd900f4c25a63d20665fbae897c19588adaa
16737f1f9f84c9af64c8,https://epi.org/publication/chasing-the-dream-of-equity,2026-09-29T19:21:28.804487+00:00,epi.org,False,downloaded,403.0,https://epi.org/publication/chasing-the-dream-of-equity,5864.0,not_extracted,0,0,,,,,,,,,,
16ba46222c64bc8a2688,https://cnbc.com/2026/06/30/social-security-gender-gap-women-get-4800-less-in-annual-benefits.html,2026-09-29T19:21:28.869254+00:00,cnbc.com,True,downloaded,200.0,https://www.cnbc.com/2026/06/30/social-security-gender-gap-women-get-4800-less-in-annual-benefits.html,961152.0,success,6674,1065,html,text/html; charset=utf-8,"Social Security gender gap means women receive about $4,800 less in annual benefits. What to know before claiming",Lorie Konish,2026-06-30,CNBC,https://www.cnbc.com/2026/06/30/social-security-gender-gap-women-get-4800-less-in-annual-benefits.html,,16ba46222c64bc8a2688.txt,e858267ac729aa542a32085a9ab8b0edda4f0325c4caaa49242338d9d0aa4c9d
1771507a4aa12cb17da0,https://credolab.com/blog/factors-that-determine-credit-risk,2026-09-29T19:21:29.854648+00:00,credolab.com,True,downloaded,200.0,https://www.credolab.com/blog/factors-that-determine-credit-risk,260116.0,success,8165,1112,html,text/html; charset=utf-8,Credit Risk Factors: What They Are & How Lenders Assess Them,,2021-09-17,CredoLab,https://www.credolab.com/blog/factors-that-determine-credit-risk,,1771507a4aa12cb17da0.txt,f325a577e32ff9d0e557fdaa165f67c4770b4e3f461b208651333ececd258382
17b85425fba198909f2b,https://media.neliti.com/media/publications/454415-women-access-and-awareness-of-financial-a75063df.pdf,2026-09-29T19:21:31.189460+00:00,neliti.com,False,downloaded,403.0,https://www.neliti.com/publications/454415/,919.0,not_extracted,0,0,,,,,,,,,,
17c34ca721abd856ceee,https://pmc.ncbi.nlm.nih.gov/articles/PMC11762843,2026-09-29T19:21:31.439565+00:00,nih.gov,True,downloaded,200.0,https://pmc.ncbi.nlm.nih.gov/articles/PMC11762843/,320317.0,success,103280,14572,html,,Similarities and Differences Between Bullying and Sexual Harassment in Schools: A Social-Ecological Review of Risk and Protective Factors,Zehra Sahin-Ilkorkor; Sarah Jane Brubaker,2025-01-13,Behavioral Sciences,https://pmc.ncbi.nlm.nih.gov/articles/PMC11762843/,,17c34ca721abd856ceee.txt,a22410ecfc1dea738921e11792ab3c45fda88b0974ee269f90d190bc6ee95c52
17cc8e725b989ea2cabd,https://vera.org/ending-mass-incarceration/causes-of-mass-incarceration,2026-09-29T19:21:31.849833+00:00,vera.org,True,downloaded,200.0,https://www.vera.org/ending-mass-incarceration/causes-of-mass-incarceration,74816.0,success,2483,385,html,text/html; charset=UTF-8,Causes of Mass Incarceration,,2022-03-22,Vera Institute of Justice,https://www.vera.org/ending-mass-incarceration/causes-of-mass-incarceration,,17cc8e725b989ea2cabd.txt,04c4c53787612a0fd8cd750bb4cca1602e2c86e4c01821bad765e6a76590dc38
17ceb1e1131c48109f29,https://womentech.net/forum-topic/what-impact-does-gender-bias-have-career-advancement-women-in-tech,2026-09-29T19:21:32.526945+00:00,womentech.net,False,downloaded,403.0,https://womentech.net/forum-topic/what-impact-does-gender-bias-have-career-advancement-women-in-tech,5870.0,not_extracted,0,0,,,,,,,,,,
17d9b671a15e90edae1a,https://worldvision.ca/en/stories/why-do-so-many-people-lack-access-to-education,2026-09-29T19:21:33.619078+00:00,worldvision.ca,True,downloaded,200.0,https://www.worldvision.ca/en/stories/why-do-so-many-people-lack-access-to-education,76641.0,success,17861,2671,html,text/html,Why do so many people lack access to education?,Melanie Ramos,2025-09-04,World Vision Canada,https://www.worldvision.ca/en/stories/why-do-so-many-people-lack-access-to-education,,17d9b671a15e90edae1a.txt,20dfd47f037c74c037e91edfc5ab9081f9d1fdca0ea18c076f56ba1b8909fa74
17fcd05f5e69d8ccd805,https://pmc.ncbi.nlm.nih.gov/articles/PMC13384522,2026-09-29T19:21:34.292065+00:00,nih.gov,True,downloaded,200.0,https://pmc.ncbi.nlm.nih.gov/articles/PMC13384522/,278590.0,success,90556,13962,html,,Where racial and ethnic disparities in policing come from: The spatial concentration of arrests across six cities,Roland Neil; John M MacDonald,2022-10-08,Criminology & public policy,https://pmc.ncbi.nlm.nih.gov/articles/PMC13384522/,,17fcd05f5e69d8ccd805.txt,a7bceb17e5d547a98213537417a8e655f6c43ea7f3c85e55098b7af3d46527e8
183e2189387707123e83,https://pmc.ncbi.nlm.nih.gov/articles/PMC5079438,2026-09-29T19:21:34.884001+00:00,nih.gov,True,downloaded,200.0,https://pmc.ncbi.nlm.nih.gov/articles/PMC5079438/,291879.0,success,77686,12091,html,,"The Relationship between Trauma, Arrest, and Incarceration History among Black Americans: Findings from the National Survey of American Life",Lena J Jäggi; Briana Mezuk; Daphne C Watkins; James S Jackson,2016-10-20,Society and mental health,https://pmc.ncbi.nlm.nih.gov/articles/PMC5079438/,,183e2189387707123e83.txt,d5950956f989295015e0e9a9ac3d2ae1dbea8b319744dac69ba4dc46d4f3c883
188c6b4a2ce92179db1b,https://commons.lib.jmu.edu/cgi/viewcontent.cgi?article=1042&context=honors202029,2026-09-29T19:21:35.297225+00:00,jmu.edu,False,downloaded,403.0,https://commons.lib.jmu.edu/cgi/viewcontent.cgi?article=1042&context=honors202029,5854.0,not_extracted,0,0,,,,,,,,,,
18cd0ba70472721e523e,https://onlinelibrary.wiley.com/doi/full/10.1111/1744-7941.12377,2026-09-29T19:21:35.405270+00:00,wiley.com,False,downloaded,403.0,https://onlinelibrary.wiley.com/doi/full/10.1111/1744-7941.12377,5837.0,not_extracted,0,0,,,,,,,,,,
18e24d0af5393925d591,https://sajhrm.co.za/index.php/sajhrm/article/view/2985/4971,2026-09-29T19:21:36.109877+00:00,sajhrm.co.za,True,downloaded,200.0,https://sajhrm.co.za/index.php/sajhrm/article/view/2985/4971,105563.0,success,47485,6405,html,text/html; charset=utf-8,Factors affecting the retention of male administrative employees,Karabo M Moepja; Sharol S Mkhomazi,2025-08-08,SA Journal of Human Resource Management,https://sajhrm.co.za/index.php/sajhrm/article/view/2985/4971,,18e24d0af5393925d591.txt,2aa0076f407b5d0f40c548bf829c4d77f9d3d68f9a9d1e7aa11179b1b4fac070
199ce25cee1b3a1eb1ad,https://youtube.com/watch?t=68s&v=_X1Yd5UFUvk,2026-09-29T19:21:37.204632+00:00,youtube.com,True,downloaded,200.0,https://www.youtube.com/watch?t=68s&v=_X1Yd5UFUvk,1218015.0,success,146,23,html,text/html; charset=utf-8,Report finds racial disparities in police use of force,,2016-07-09,YouTube,https://www.youtube.com/watch?v=_X1Yd5UFUvk,,199ce25cee1b3a1eb1ad.txt,8dbba17988e385133ba8f51d76cde1fc2c859262b666cb848e9cfe2478fd5e71
19d0c6cccdac61ea50b6,https://omahawomensfund.org/the-impact-of-housing-justice-on-gender-equity,2026-09-29T19:21:37.715006+00:00,omahawomensfund.org,False,downloaded,403.0,https://omahawomensfund.org/the-impact-of-housing-justice-on-gender-equity,5846.0,not_extracted,0,0,,,,,,,,,,
19f282224aefaa139100,https://cbpp.org/research/facts-about-african-americans-in-the-food-stamp-program,2026-09-29T19:21:39.019842+00:00,cbpp.org,False,downloaded,403.0,https://cbpp.org/research/facts-about-african-americans-in-the-food-stamp-program,6158.0,not_extracted,0,0,,,,,,,,,,
19fdfb66682fd45b9bf3,https://outandequal.org/resource/3insights-financialservicessector,2026-09-29T19:21:39.221464+00:00,outandequal.org,True,downloaded,200.0,https://outandequal.org/resource/3insights-financialservicessector/,188989.0,success,15137,2291,html,text/html; charset=UTF-8,From Knowledge to Action: How the Financial Services Sector Can Better Serve the LGBTQ+ Community | Out & Equal,,2026-01-05,Out & Equal,https://outandequal.org/resource/3insights-financialservicessector/,,19fdfb66682fd45b9bf3.txt,2463a2c5cdaecacb87e135a8f31e6192b3fb44df5415d0e5330ab6692942ce45
1a444ac222ba65e89125,https://pmc.ncbi.nlm.nih.gov/articles/PMC2831379,2026-09-29T19:21:39.500877+00:00,nih.gov,True,downloaded,200.0,https://pmc.ncbi.nlm.nih.gov/articles/PMC2831379/,273103.0,success,69959,11298,html,,The Neighborhood Context of Racial and Ethnic Disparities in Arrest,DAVID S KIRK,2008-01-01,Demography,https://pmc.ncbi.nlm.nih.gov/articles/PMC2831379/,,1a444ac222ba65e89125.txt,abeabcef23ad9e8b7716981c64eb9078b70b4cb8641438bbc43463fe68e44137
1a81d141e05c6b2434ee,https://kff.org/womens-health-policy/medicaid-coverage-for-women,2026-09-29T19:21:39.534583+00:00,kff.org,True,downloaded,200.0,https://www.kff.org/womens-health-policy/medicaid-coverage-for-women/,197251.0,success,16507,2538,html,text/html; charset=UTF-8,Medicaid Coverage for Women | KFF,Ivette Gomez; Usha Ranji; Alina Salganicoff; Brittni Frederiksen,2026-08-26,"KFF - The independent source for health policy research, polling, and news",https://www.kff.org/womens-health-policy/medicaid-coverage-for-women/,,1a81d141e05c6b2434ee.txt,39a5d0efc233ced07bac23bddd12ea0c1b09c3e4f8408b7735ff6cc93ca2ae4f
1a9701acbdbc933c66a7,https://thecicn.org/factors-and-barriers-that-influence-career-development,2026-09-29T19:21:40.104727+00:00,thecicn.org,True,downloaded,200.0,https://thecicn.org/factors-and-barriers-that-influence-career-development/,314785.0,success,3225,524,html,,FACTORS AND BARRIERS THAT INFLUENCE CAREER DEVELOPMENT,,2021-04-06,thecicn.org,https://thecicn.org/factors-and-barriers-that-influence-career-development/,,1a9701acbdbc933c66a7.txt,71dee90e3dfdaade43d1ad62715e4717948b4b8033afe7355219e8f93fd6139f
1ab6ded1218d28aac79c,https://tminstituteldf.org/redressing-educational-inequality-the-legacy-and-opportunity-of-affirmative-action,2026-09-29T19:21:41.205882+00:00,tminstituteldf.org,True,downloaded,200.0,https://tminstituteldf.org/redressing-educational-inequality-the-legacy-and-opportunity-of-affirmative-action/,303479.0,success,39743,5827,html,text/html; charset=UTF-8,The Legacy and Opportunity of Affirmative Action,Keecee DeVenny,2023-06-23,The Thurgood Marshall Institute at LDF,https://tminstituteldf.org/redressing-educational-inequality-the-legacy-and-opportunity-of-affirmative-action/,,1ab6ded1218d28aac79c.txt,ab14da6282cd13b5b83b4510dc76a3c0a9c97e055bc0e3c84e2b97ada4bdd2cf
1af1dea5d9abf73eba30,https://pmc.ncbi.nlm.nih.gov/articles/PMC10726945,2026-09-29T19:21:41.262653+00:00,nih.gov,True,downloaded,200.0,https://pmc.ncbi.nlm.nih.gov/articles/PMC10726945/,208398.0,success,45985,7180,html,,"Health Insurance Coverage and Access to Care by Sexual Orientation During the COVID-19 Pandemic: United States, January 2021–February 2022",Kevin H Nguyen; Timothy W Levengood; Heidi L Allen; Gilbert Gonzales,2024-01-01,American Journal of Public Health,https://pmc.ncbi.nlm.nih.gov/articles/PMC10726945/,,1af1dea5d9abf73eba30.txt,43b252d18fbf79db735098b8dd60ec7c732b8960298654094ec282b71bc762e8
1af472f2e3f70bbc56cd,https://fresnocitycollege.edu/uploaded-files/documents/factors-that-affect-lgbtq-student-academic-success-at-fcc.pdf,2026-09-29T19:21:41.830577+00:00,fresnocitycollege.edu,False,downloaded,403.0,https://fresnocitycollege.edu/uploaded-files/documents/factors-that-affect-lgbtq-student-academic-success-at-fcc.pdf,118.0,not_extracted,0,0,,,,,,,,,,
1b637dbfce2146a8848d,https://theconversation.com/white-men-who-have-been-mistreated-at-work-are-more-likely-to-notice-and-report-harassment-new-research-234528,2026-09-29T19:21:42.962857+00:00,theconversation.com,True,downloaded,200.0,https://theconversation.com/white-men-who-have-been-mistreated-at-work-are-more-likely-to-notice-and-report-harassment-new-research-234528,175304.0,success,3655,595,html,,White men who have been mistreated at work are more likely to notice and report harassment − new research,Erin A Cech,2024-08-07,The Conversation,https://theconversation.com/white-men-who-have-been-mistreated-at-work-are-more-likely-to-notice-and-report-harassment-new-research-234528,,1b637dbfce2146a8848d.txt,9b1712f72b7021a52821438cb8b5d0dff7c07475a2ef49acd9d94f868471fc2c
1b7f422d5cdfe79f7008,https://gprjournal.com/fulltext/transgender-students-experiences-of-bullying-some-case-study-evidence,2026-09-29T19:21:43.967070+00:00,gprjournal.com,True,downloaded,200.0,https://gprjournal.com/fulltext/transgender-students-experiences-of-bullying-some-case-study-evidence,3055.0,success,175,34,html,text/html; charset=UTF-8,GPR,,2016-01-01,gprjournal.com,https://gprjournal.com/fulltext/transgender-students-experiences-of-bullying-some-case-study-evidence,,1b7f422d5cdfe79f7008.txt,e4e78843cfea94e76d22643f85c67947acdaec6745557d7475286b5d6a8e6426
1b8fc06bc6c9fe09d99a,https://pmc.ncbi.nlm.nih.gov/articles/PMC11803064,2026-09-29T19:21:44.448163+00:00,nih.gov,True,downloaded,200.0,https://pmc.ncbi.nlm.nih.gov/articles/PMC11803064/,21373.0,success,131,18,html,,Checking your browser,,2026-09-11,google.com,https://www.google.com/recaptcha/challengepage,,1b8fc06bc6c9fe09d99a.txt,a29166d0eaaa418bd5af61a282f1183a46c84c4d5e4c90689b1b452d230d05cc
1c5b27d8a944d3ad338f,https://transcanwork.org/news/mental-health-and-the-workplace-how-discrimination-impacts-noncisgender-employees,2026-09-29T19:21:44.756390+00:00,transcanwork.org,True,downloaded,200.0,https://www.transcanwork.org/news/mental-health-and-the-workplace-how-discrimination-impacts-noncisgender-employees,170391.0,success,8507,1174,html,text/html;charset=utf-8,Mental Health and the Workplace: How Discrimination Impacts Noncisgender Employees — Trans Can Work,Jerome Trammel,2026-02-26,Trans Can Work,https://www.transcanwork.org/news/mental-health-and-the-workplace-how-discrimination-impacts-noncisgender-employees,,1c5b27d8a944d3ad338f.txt,43b023065028eb119488c0e8bfebe0cff79389820f2d5dc157e56db726ef6a94
1c6aa6ac9d8f736aea5c,https://pmc.ncbi.nlm.nih.gov/articles/PMC8536312,2026-09-29T19:21:45.300654+00:00,nih.gov,True,downloaded,200.0,https://pmc.ncbi.nlm.nih.gov/articles/PMC8536312,21367.0,success,131,18,html,,Checking your browser,,2026-09-11,google.com,https://www.google.com/recaptcha/challengepage,,1c6aa6ac9d8f736aea5c.txt,a29166d0eaaa418bd5af61a282f1183a46c84c4d5e4c90689b1b452d230d05cc
1cae55654320e1f497df,https://eeoc.gov/meetings/meeting-april-15-2015-eeoc-50-confronting-racial-and-ethnic-discrimination-21st-century/mesa-estrada,2026-09-29T19:21:45.448489+00:00,eeoc.gov,True,downloaded,200.0,https://www.eeoc.gov/meetings/meeting-april-15-2015-eeoc-50-confronting-racial-and-ethnic-discrimination-21st-century/mesa-estrada,86753.0,success,566,56,html,text/html; charset=utf-8,"Written Testimony of Victoria Mesa-Estrada Partner, Mesa & Coe Law, P.A.",,2015-03-15,U.S. Equal Employment Opportunity Commission,https://www.eeoc.gov/meetings/meeting-april-15-2015-eeoc-50-confronting-racial-and-ethnic-discrimination-21st-century/mesa-estrada,,1cae55654320e1f497df.txt,fe89d1b1a6a4aadca10dbce1e1754f60c55aac9aba8cef1ddb9c278197f9a345
1cbe5434214cbdb77b60,https://pmc.ncbi.nlm.nih.gov/articles/PMC9017075,2026-09-29T19:21:45.463304+00:00,nih.gov,True,downloaded,200.0,https://pmc.ncbi.nlm.nih.gov/articles/PMC9017075,21368.0,success,131,18,html,,Checking your browser,,2026-09-11,google.com,https://www.google.com/recaptcha/challengepage,,1cbe5434214cbdb77b60.txt,a29166d0eaaa418bd5af61a282f1183a46c84c4d5e4c90689b1b452d230d05cc
1cdd1802832231fb1c7c,https://rfi.global/unlocking-the-hispanic-opportunity-overcoming-the-barriers-to-wealth-creation,2026-09-29T19:21:45.967794+00:00,rfi.global,True,downloaded,200.0,https://rfi.global/unlocking-the-hispanic-opportunity-overcoming-the-barriers-to-wealth-creation/,420206.0,success,10578,1527,html,text/html; charset=UTF-8,Unlocking the Hispanic opportunity: overcoming the barriers to wealth creation,Edward Smith,2026-03-23,RFI Global,https://rfi.global/unlocking-the-hispanic-opportunity-overcoming-the-barriers-to-wealth-creation/,,1cdd1802832231fb1c7c.txt,1263881353253b70ce8a669f7c483ea0021d4ba596c2bf62b48e74956e1f5261
1cf8b4ac2e46d00fad7f,https://eastersealsar.com/the-effectiveness-of-inclusive-education-for-children-with-disabilities,2026-09-29T19:21:46.448348+00:00,eastersealsar.com,True,downloaded,200.0,https://eastersealsar.com/the-effectiveness-of-inclusive-education-for-children-with-disabilities/,127716.0,success,12591,1790,html,text/html; charset=UTF-8,Inclusive Education: Proven Benefits Backed by Research,Jillian Jacuzzi,2024-12-10,Easterseals Arkansas,https://eastersealsar.com/the-effectiveness-of-inclusive-education-for-children-with-disabilities/,,1cf8b4ac2e46d00fad7f.txt,a67c255873693e5919f6e0386ecf6971b0204277a510adf08b63afb3589e730c
1d0da668211e3468a0ea,https://pubmed.ncbi.nlm.nih.gov/40614050,2026-09-29T19:21:46.632324+00:00,nih.gov,True,downloaded,203.0,https://pubmed.ncbi.nlm.nih.gov/40614050/,5590.0,success,100,14,html,text/html; charset=utf-8,Cookies must be enabled,,,pubmed.ncbi.nlm.nih.gov,https://pubmed.ncbi.nlm.nih.gov/40614050/,,1d0da668211e3468a0ea.txt,f193d0de906419650acf171625dbd67f88f297290893b5473e1d8365c03d4b59
1d600c7ca15adc5572ad,https://ovid.com/journals/lhub/abstract/10.1037/lhb0000218~how-suspect-race-affects-police-use-of-force-in-an?redirectionsource=fulltextview,2026-09-29T19:21:48.310086+00:00,ovid.com,True,downloaded,200.0,https://www.ovid.com/journals/lhub/abstract/10.1037/lhb0000218~how-suspect-race-affects-police-use-of-force-in-an?redirectionsource=fulltextview,143128.0,success,1561,236,html,text/html; charset=utf-8,How Suspect Race Affects Police Use of Force in... : Law & Human Behavior,Authors; Affiliations,2020-10-08,Ovid,https://www.ovid.com/journals/lhub/fulltext/10.1037/lhb0000218~how-suspect-race-affects-police-use-of-force-in-an,,1d600c7ca15adc5572ad.txt,9cbf1e594bbf40921e693345b7ccba54e2eadaf5dda13a12c6222cfd33c2ace2
1da9f8f11ba156f6d349,https://pmc.ncbi.nlm.nih.gov/articles/PMC12657800,2026-09-29T19:21:48.939364+00:00,nih.gov,True,downloaded,200.0,https://pmc.ncbi.nlm.nih.gov/articles/PMC12657800,21368.0,success,131,18,html,,Checking your browser,,2026-09-11,google.com,https://www.google.com/recaptcha/challengepage,,1da9f8f11ba156f6d349.txt,a29166d0eaaa418bd5af61a282f1183a46c84c4d5e4c90689b1b452d230d05cc
1de646775400355ce27b,https://nationaldisabilitycenter.org/resources/the-current-status-of-accessibility-in-american-higher-education,2026-09-29T19:21:50.048475+00:00,nationaldisabilitycenter.org,True,downloaded,200.0,https://nationaldisabilitycenter.org/resources/the-current-status-of-accessibility-in-american-higher-education/,224944.0,success,734,109,html,text/html; charset=UTF-8,The Current Status of Accessibility in American Higher Education - National Disability Center for Student Success,,2025-09-24,National Disability Center for Student Success,https://nationaldisabilitycenter.org/resources/the-current-status-of-accessibility-in-american-higher-education/,,1de646775400355ce27b.txt,b9f7971d56a61090144e79a449a4e511099f7691f9a26526e61c7b94e5b9c8d7
1e6802e9522233a6052d,https://nlihc.org/resource/hispanic-households-face-systemic-barriers-housing,2026-09-29T19:21:50.062872+00:00,nlihc.org,True,downloaded,200.0,https://nlihc.org/resource/hispanic-households-face-systemic-barriers-housing,59172.0,success,4096,569,html,text/html; charset=UTF-8,Hispanic Households Face Systemic Barriers to Housing,,2021-08-11,National Low Income Housing Coalition,https://nlihc.org/resource/hispanic-households-face-systemic-barriers-housing,,1e6802e9522233a6052d.txt,edc69f9c5467891436dfcf7afdface1ed76d29340b26c0863769fe42fb445e83
1eaaf9f54f60718f07f9,https://financialplanningassociation.org/article/journal/JUN15-strategies-increase-financial-asset-ownership-among-us-hispanics,2026-09-29T19:21:51.156934+00:00,financialplanningassociation.org,True,downloaded,200.0,https://www.financialplanningassociation.org/article/journal/JUN15-strategies-increase-financial-asset-ownership-among-us-hispanics,113825.0,success,41231,5928,html,text/html; charset=UTF-8,Strategies to Increase Financial Asset Ownership among U.S. Hispanics,Mario A González-Corzo; Ph D,2025-06-01,Financial Planning Association,https://www.financialplanningassociation.org/article/journal/JUN15-strategies-increase-financial-asset-ownership-among-us-hispanics,,1eaaf9f54f60718f07f9.txt,d1b2585153391a1e98e904d0b9263478fe4ddd161ea3e047c8d5a4331faf9711
1edd9fa05ac71e54ccbe,https://apps.urban.org/features/latino-financial-needs-community-lending,2026-09-29T19:21:52.166321+00:00,urban.org,True,downloaded,200.0,https://apps.urban.org/features/latino-financial-needs-community-lending/,79183.0,success,21537,3194,html,text/html; charset=UTF-8,How Latino-Serving CDFIs Can Shape a Thriving American Economy,,2025-03-13,Urban Institute,https://apps.urban.org/features/latino-financial-needs-community-lending/,,1edd9fa05ac71e54ccbe.txt,f88ec1c9b7167e2e59221d4ce586b487dbbabda796f9809c141d042ae1f1d219
1eded3e63275f3698ed2,https://google.com/url?cd=&opi=89978449&psig=AOvVaw3RhAirNaICPP36VFmpNQJJ&rct=j&sa=i&source=web&uoh=2&url=CAEScQHrOzAVOQ5T8kROG1XsPDsJveN2XLbF9Wzr3lS5Fwz3D_sF0Zy3hPVTqvqDALiTvEsMEWwWYxq5AO-Wovw8TkE89GX_wsnsXX4IG2a2cyjpjpY3h0-o3db3sOXCQrgxly0FFsiYT-F6v7lwO37Zqjl1&ust=1790739105852000&ved=2ahUKEwiPlMuT7ZKXAxUmmSYFHT4YI4oQ1fkOegoIAggACAAIWxAG,2026-09-29T19:21:53.133300+00:00,google.com,False,robots_disallowed,,,,not_extracted,0,0,,,,,,,,,,
1f027b6ba41cd0ca5c28,https://insidehighered.com/admissions/article/2021/12/06/study-shows-ways-white-students-have-advantages-admissions,2026-09-29T19:21:53.133764+00:00,insidehighered.com,True,downloaded,200.0,https://www.insidehighered.com/admissions/article/2021/12/06/study-shows-ways-white-students-have-advantages-admissions,144287.0,success,5674,933,html,text/html; charset=UTF-8,Study shows ways white students have advantages in admissions,Scott Jaschik,2021-12-06,"Inside Higher Ed | Higher Education News, Events and Jobs",https://www.insidehighered.com/admissions/article/2021/12/06/study-shows-ways-white-students-have-advantages-admissions,,1f027b6ba41cd0ca5c28.txt,201c6f36a2c2decff44e8b3106a8d6c643da53c1bb7017d0c4a56d27d3b1e257
20433332632286a68fa5,https://appliedpolicebriefings.com/index.php/APB/article/view/5577,2026-09-29T19:21:53.611808+00:00,appliedpolicebriefings.com,False,robots_disallowed,,,,not_extracted,0,0,,,,,,,,,,
206b6395f06dd583d365,https://sentencingproject.org/reports/one-in-five-racial-disparity-in-imprisonment-causes-and-remedies,2026-09-29T19:21:53.898752+00:00,sentencingproject.org,True,downloaded,200.0,https://www.sentencingproject.org/reports/one-in-five-racial-disparity-in-imprisonment-causes-and-remedies/,369352.0,success,111213,16523,html,,One in Five: Racial Disparity in Imprisonment — Causes and Remedies – The Sentencing Project,Nazgol Ghandnoosh; Ph D,2023-12-07,The Sentencing Project,https://www.sentencingproject.org/reports/one-in-five-racial-disparity-in-imprisonment-causes-and-remedies/,,206b6395f06dd583d365.txt,51915521d99b456c5feb6c37d8acfa29f61e87e1fca60ee97005e90d691210c3
20798f9a264c06f10b77,https://pmc.ncbi.nlm.nih.gov/articles/PMC12960585,2026-09-29T19:21:53.936395+00:00,nih.gov,True,downloaded,200.0,https://pmc.ncbi.nlm.nih.gov/articles/PMC12960585,21367.0,success,131,18,html,,Checking your browser,,2026-09-11,google.com,https://www.google.com/recaptcha/challengepage,,20798f9a264c06f10b77.txt,a29166d0eaaa418bd5af61a282f1183a46c84c4d5e4c90689b1b452d230d05cc
20abe867520c534b8e8d,https://usa.gov/benefit-finder,2026-09-29T19:21:53.950160+00:00,usa.gov,True,downloaded,200.0,https://www.usa.gov/benefit-finder,38976.0,success,430,70,html,text/html,Find government benefits and financial help | USAGov,,,usa.gov,https://www.usa.gov/benefit-finder,,20abe867520c534b8e8d.txt,4184ac4b5d767423d6fed594d388cd0a970ccd730d945282f75ddd70bae27406
20c50707e77233cf5c5c,https://aclu.org/press-releases/new-report-finds-harassment-mistreatment-fuels-mistrust-among-lgbtq-people-towards-police,2026-09-29T19:21:54.016178+00:00,aclu.org,True,downloaded,200.0,https://www.aclu.org/press-releases/new-report-finds-harassment-mistreatment-fuels-mistrust-among-lgbtq-people-towards-police,64556.0,success,6544,988,html,text/html; charset=UTF-8,New Report Finds Harassment & Mistreatment Fuels Mistrust Among LGBTQ People Towards Police | American Civil Liberties Union,,2024-04-30,American Civil Liberties Union,https://www.aclu.org/press-releases/new-report-finds-harassment-mistreatment-fuels-mistrust-among-lgbtq-people-towards-police,,20c50707e77233cf5c5c.txt,e2710d96adc57e0c792abf378ba9da07a44a646f23cc03f54db1a18ac448d03a
20e9656ebc2b963fc7be,https://researchgate.net/publication/227923149_Gender_Police_Arrest_Decisions_and_Notions_of_Chivalry,2026-09-29T19:21:54.644536+00:00,researchgate.net,False,downloaded,403.0,https://www.researchgate.net/publication/227923149_Gender_Police_Arrest_Decisions_and_Notions_of_Chivalry,21138.0,not_extracted,0,0,,,,,,,,,,
20fea155030c599d9d04,https://actuary.org/women-and-social-security,2026-09-29T19:21:56.288216+00:00,actuary.org,True,downloaded,200.0,https://actuary.org/women-and-social-security/,95167.0,success,12628,2038,html,text/html; charset=UTF-8,Women and Social Security - Actuary.org,,2017-05-15,Actuary.org,https://actuary.org/women-and-social-security/,,20fea155030c599d9d04.txt,478fcc894d2a78b9667a3b20c1d6e9bc15cd72e2d4246d480d5a71d4f02d9933
21071e3cef9378cbc076,https://academic.oup.com/socpro/article/73/4/1138/8257659,2026-09-29T19:21:57.384993+00:00,oup.com,False,downloaded,403.0,https://academic.oup.com/socpro/article/73/4/1138/8257659,5673.0,not_extracted,0,0,,,,,,,,,,
21090998136ccda19db8,https://youtube.com/watch?t=4s&v=6RK4AcpNugk,2026-09-29T19:22:00.450882+00:00,youtube.com,True,downloaded,200.0,https://www.youtube.com/watch?t=4s&v=6RK4AcpNugk,1222973.0,success,146,23,html,text/html; charset=utf-8,Webinar: Implications of the Medicaid Renewal Process for People with Disabilities and Older Adults,,2023-09-25,YouTube,https://www.youtube.com/watch?v=6RK4AcpNugk,,21090998136ccda19db8.txt,8dbba17988e385133ba8f51d76cde1fc2c859262b666cb848e9cfe2478fd5e71
2126bef1bd38f4208758,https://finance.yahoo.com/news/race-impacts-credit-history-effect-110039095.html,2026-09-29T19:22:00.495629+00:00,yahoo.com,True,downloaded,200.0,https://finance.yahoo.com/news/race-impacts-credit-history-effect-110039095.html,1258392.0,success,2680,405,html,,How race impacts credit: the history and effect on lending practices,Ashley Parks,2023-08-11,Yahoo! Finance,https://finance.yahoo.com/news/race-impacts-credit-history-effect-110039095.html,,2126bef1bd38f4208758.txt,5f83c866a03b03257b4d565fc66e0faa1a06627938042422d5dcf4e34d9ee1ff
2127128abc7a55380c52,https://sciencedirect.com/science/article/pii/S0749379721004153,2026-09-29T19:22:00.799392+00:00,sciencedirect.com,False,downloaded,403.0,https://www.sciencedirect.com/science/article/pii/S0749379721004153,1207935.0,not_extracted,0,0,,,,,,,,,,
213576841aebdeee7327,https://wrightslaw.com/info/bullying.tipsheet.pdf,2026-09-29T19:22:00.808921+00:00,wrightslaw.com,True,downloaded,200.0,https://www.wrightslaw.com/info/bullying.tipsheet.pdf,364524.0,success,12963,1956,pdf,application/pdf,,,,,,,213576841aebdeee7327.txt,056ccedd38b49b0c67400e211c819a3022ab0fee0fd084d149c7d60a32ab95e6
214e5deb435ba5be9386,https://endhomelessness.org/wp-content/uploads/2019/07/3rd-Demo-Brief-Race.pdf,2026-09-29T19:22:01.304043+00:00,endhomelessness.org,True,downloaded,200.0,https://endhomelessness.org/wp-content/uploads/2019/07/3rd-Demo-Brief-Race.pdf,242283.0,success,18868,2712,pdf,application/pdf,,,,,,,214e5deb435ba5be9386.txt,48531b4774bd90213aba7fcca36c0ce39e0a0496b3014c098c077105c51a1208
2166352a3684df11d5b7,https://share.google/WL4B9mlnloF38BtQj,2026-09-29T19:22:01.846982+00:00,share.google,True,downloaded,200.0,https://journals.plos.org/plosone/article/file?id=10.1371/journal.pone.0290016&type=printable,464479.0,success,71503,10466,pdf,application/pdf,,,,,,,2166352a3684df11d5b7.txt,62f8e2582f9a8532af01ddedcc2dfdad1652f0811d19864944d1256657c53dc3
218ee53b53f75c8d623e,https://allianceforhousingjustice.org/post/27-ways-racism-and-white-supremacy-impact-housing,2026-09-29T19:22:02.711546+00:00,allianceforhousingjustice.org,True,downloaded,200.0,https://www.allianceforhousingjustice.org/post/27-ways-racism-and-white-supremacy-impact-housing,900905.0,success,13040,2048,html,text/html; charset=UTF-8,27 Ways Racism and White Supremacy Impact Housing | Alliance for Housing Justice | Alliance for Housing Justice,,2020-06-19,AHJ,https://www.allianceforhousingjustice.org/post/27-ways-racism-and-white-supremacy-impact-housing,,218ee53b53f75c8d623e.txt,224066507d4fc0fedd145b6186928c21f284311d7b371b39fbe41e8783edbb45
21b96e8ecac7ec819910,https://transequality.org/documents/know-your-rights-selective-service,2026-09-29T19:22:04.024874+00:00,transequality.org,True,downloaded,200.0,https://transequality.org/documents/know-your-rights-selective-service,94587.0,success,8996,1395,html,text/html; charset=UTF-8,Know Your Rights: Selective Service | A4TE,,2026-01-01,A4TE,https://transequality.org/documents/know-your-rights-selective-service,,21b96e8ecac7ec819910.txt,40d33aa88c31a72fc027c92ddf52f538ea45cd5854455c2c03788b1c71d78dc7
221415ea7e8c37697da8,https://inspirefcu.org/unlocking-opportunities-understanding-the-impact-of-credit-scores-on-loan-approvals,2026-09-29T19:22:04.465642+00:00,inspirefcu.org,True,downloaded,200.0,https://inspirefcu.org/unlocking-opportunities-understanding-the-impact-of-credit-scores-on-loan-approvals/,410877.0,success,3205,494,html,text/html; charset=UTF-8,Unlocking Opportunities: Understanding the Impact of Credit Scores on Loan Approvals - Inspire Federal Credit Union,Katiesymc,2024-04-01,Inspire Federal Credit Union,https://inspirefcu.org/unlocking-opportunities-understanding-the-impact-of-credit-scores-on-loan-approvals/,,221415ea7e8c37697da8.txt,140debc9a89227fef0b7bc6db2044622087d674a7ab72a3f08bfaa85691d0601
221a758858d9ea3cf51f,https://cameron-deal.github.io/files/gov_assistance_wp.pdf,2026-09-29T19:22:04.645221+00:00,github.io,True,downloaded,200.0,https://cameron-deal.github.io/files/gov_assistance_wp.pdf,481762.0,success,98080,13481,pdf,application/pdf,,,,,,,221a758858d9ea3cf51f.txt,1ac087749f7a9a96b3d2a4db2a296c5536f52a7a7360404f32257e1be1d3b1d8
222772a62d62b7e8ba6a,https://movingdots.com/news-insights/barriers-that-hinder-womens-career-advancement,2026-09-29T19:22:04.970078+00:00,movingdots.com,True,downloaded,200.0,https://www.movingdots.com/news-insights/barriers-that-hinder-womens-career-advancement,35574.0,success,5850,935,html,text/html; charset=utf-8,Barriers that hinder women's career advancement,,2023-03-08,movingdots.com,https://www.movingdots.com/news-insights/barriers-that-hinder-womens-career-advancement,,222772a62d62b7e8ba6a.txt,5f3584d7ad82302492fdb81e2ea9c411593f1310610a726e54c87f8bea9ff1bb
222c9cca9b0f5897cd1d,https://transcare.ucsf.edu/guidelines/insurance,2026-09-29T19:22:05.454273+00:00,ucsf.edu,False,downloaded,403.0,https://transcare.ucsf.edu/guidelines/insurance,5686.0,not_extracted,0,0,,,,,,,,,,
22aab88c7e85272bd38e,https://ssa.gov/policy/docs/rsnotes/rsn2014-01.html,2026-09-29T19:22:06.541454+00:00,ssa.gov,False,exception,,,,failed,0,0,,,,,,,,,,
22ce3cec7e6ee88a3409,https://pmc.ncbi.nlm.nih.gov/articles/PMC7322061,2026-09-29T19:22:06.770899+00:00,nih.gov,True,downloaded,200.0,https://pmc.ncbi.nlm.nih.gov/articles/PMC7322061,21368.0,success,131,18,html,,Checking your browser,,2026-09-11,google.com,https://www.google.com/recaptcha/challengepage,,22ce3cec7e6ee88a3409.txt,a29166d0eaaa418bd5af61a282f1183a46c84c4d5e4c90689b1b452d230d05cc
231f5f3d9b3eb4ee1001,https://frontiersin.org/journals/psychology/articles/10.3389/fpsyg.2025.1664252/full,2026-09-29T19:22:06.997665+00:00,frontiersin.org,True,downloaded,200.0,https://www.frontiersin.org/journals/psychology/articles/10.3389/fpsyg.2025.1664252/full,782393.0,success,42801,6027,html,text/html;charset=utf-8,Frontiers | Influential factors of school bullying among junior high school students: an analysis based on hierarchical linear models,Yingying Wang; Xingyu Li; Nianhao Song; Changhao Jiang; Pei Liu,2026-01-05,Frontiers,https://www.frontiersin.org/journals/psychology/articles/10.3389/fpsyg.2025.1664252/full,,231f5f3d9b3eb4ee1001.txt,5cb631d8aa1b5f7a7f72d02e265c2403f76965ab8370f7865daa530452df1952
232adb63d9c78d29d59b,https://journals.sagepub.com/doi/10.1177/21533687251314137,2026-09-29T19:22:08.541725+00:00,sagepub.com,False,downloaded,403.0,https://journals.sagepub.com/doi/10.1177/21533687251314137,5783.0,not_extracted,0,0,,,,,,,,,,
233e70f7b76503f4bfaa,https://endhomelessness.org/resources/sharable-graphics/data-snapshot-non-cisgender-homeless-individuals-face-higher-risk-of-being-unsheltered,2026-09-29T19:22:10.179818+00:00,endhomelessness.org,True,downloaded,200.0,https://endhomelessness.org/resources/sharable-graphics/data-snapshot-non-cisgender-homeless-individuals-face-higher-risk-of-being-unsheltered,340604.0,success,1326,193,html,text/html; charset=UTF-8,Data Snapshot: Non-Cisgender Homeless Individuals Face Higher Risk of Being Unsheltered,Daniel Soucy,2025-03-07,National Alliance to End Homelessness,https://endhomelessness.org/resources/sharable-graphics/data-snapshot-non-cisgender-homeless-individuals-face-higher-risk-of-being-unsheltered/,,233e70f7b76503f4bfaa.txt,10a9deaf4ae01fff535f606179b32ee09517cb2ce8b0ef31cc81a7b0ea0ef649
2390f87dfd85bfc46254,https://pmc.ncbi.nlm.nih.gov/articles/PMC1402283,2026-09-29T19:22:11.966328+00:00,nih.gov,True,downloaded,200.0,https://pmc.ncbi.nlm.nih.gov/articles/PMC1402283/,158806.0,success,27179,4226,html,,"Effects of sex, age, and visits on receipt of preventive healthcare services: a secondary analysis of national data",Anthony J Viera; Joshua M Thorpe; Joanne M Garrett,2006-02-23,BMC Health Services Research,https://pmc.ncbi.nlm.nih.gov/articles/PMC1402283/,,2390f87dfd85bfc46254.txt,12127f8edafd0a0f4d16c000457097ef97785a8918e1c47de958d71fe6556eae
2394d2c43c36e5f0b17f,https://pmc.ncbi.nlm.nih.gov/articles/PMC10081699,2026-09-29T19:22:12.109553+00:00,nih.gov,True,downloaded,200.0,https://pmc.ncbi.nlm.nih.gov/articles/PMC10081699/,145044.0,success,21634,3006,html,,Improving Access to Legal Gender Affirmation for Transgender Women Involved in the Criminal–Legal System,Kristi E Gamarel; Laura Jadwin-Cakmak; Wesley M King; Landon Hughes; Julisa Abad; Racquelle Trammell; Alanna Maguire; Victoria Shackelford; Maureen Connolly; Teresa Rescoe; Anthony Williams; Gary W Harper,2023-02-14,Journal of Correctional Health Care,https://pmc.ncbi.nlm.nih.gov/articles/PMC10081699/,,2394d2c43c36e5f0b17f.txt,15a5bb19124a23a941e909bf8a26e1c47cfc289bfbd9575db4c85e253791ef7f
23c76c786cea87dd5925,https://crr.bc.edu/many-barriers-hinder-rural-use-of-government-programs,2026-09-29T19:22:12.390441+00:00,bc.edu,True,downloaded,200.0,https://crr.bc.edu/many-barriers-hinder-rural-use-of-government-programs/,162783.0,success,5215,779,html,text/html; charset=UTF-8,Many Barriers Hinder Rural Use of Government Programs,Kimberly Blanton,2024-01-16,crr.bc.edu,https://crr.bc.edu/many-barriers-hinder-rural-use-of-government-programs/,,23c76c786cea87dd5925.txt,b7b387cdedae3541aad11fa129146fbce5a07b5ae5a7afc7a3d799135d7d59f8
23f3443e94600e2c3434,https://emtrain.com/video-library/recognizing-racial-bias-and-harassment-in-the-workplace,2026-09-29T19:22:12.524880+00:00,emtrain.com,True,downloaded,200.0,https://emtrain.com/video-library/recognizing-racial-bias-and-harassment-in-the-workplace,214355.0,success,7508,1100,html,text/html; charset=UTF-8,Recognizing Racial Bias and Harassment in the Workplace,,2026-09-08,Emtrain,https://emtrain.com/video-library/recognizing-racial-bias-and-harassment-in-the-workplace/,,23f3443e94600e2c3434.txt,8c235b35abb235c2dbf7f7d135daaa36617f951579119c3ce6ea7bde71f8e0b1
23f7d83660be39977ba6,https://thinkequitable.com/housing-barriers,2026-09-29T19:22:12.859902+00:00,thinkequitable.com,True,downloaded,200.0,https://thinkequitable.com/housing-barriers/,77999.0,success,821,111,html,text/html; charset=UTF-8,"Housing Barriers Infographic - The National Center for Disability, Equity, and Intersectionality",Leah Smith,2026-06-15,"The National Center for Disability, Equity, and Intersectionality",https://thinkequitable.com/housing-barriers/,,23f7d83660be39977ba6.txt,3ce072c5ca591ae2bb331bae8f8d34a35fd85cab6e8a8b36fc0ab9c0ff2aefac
2415e9b0d198ee12c665,https://safetyandjusticechallenge.org/blog/reshaping-the-justice-system-for-people-with-disabilities,2026-09-29T19:22:12.976485+00:00,safetyandjusticechallenge.org,True,downloaded,200.0,https://safetyandjusticechallenge.org/blog/reshaping-the-justice-system-for-people-with-disabilities/,93167.0,success,16316,2220,html,text/html; charset=UTF-8,Reshaping the Justice System for People with Disabilities - Safety and Justice Challenge,Matt Davis,2025-07-22,Safety and Justice Challenge,https://safetyandjusticechallenge.org/blog/reshaping-the-justice-system-for-people-with-disabilities/,,2415e9b0d198ee12c665.txt,220b81ccd6e267671a49c67d378bf2a1fcb9cd1e511cca4d1bf5c2e69af49645
2429d224b10f3e0ab64c,https://nsvrc.org/blog_post/what-connection-between-housing-inequality-sexual-violence-and-white-supremacy,2026-09-29T19:22:14.078800+00:00,nsvrc.org,True,downloaded,200.0,https://nsvrc.org/blog_post/what-connection-between-housing-inequality-sexual-violence-and-white-supremacy/,219978.0,success,19102,2968,html,text/html; charset=UTF-8,"What is the connection between Housing Inequality, Sexual Violence, and White Supremacy? - National Sexual Violence Resource Center (NSVRC)",,2025-12-17,National Sexual Violence Resource Center (NSVRC),https://nsvrc.org/blog_post/what-connection-between-housing-inequality-sexual-violence-and-white-supremacy/,,2429d224b10f3e0ab64c.txt,5ed478c141f1d526c5ece3efbbc14d5234afa6476780348a244c3cec9a3da9cd
244dc8fe151f1b04785f,https://sciencedirect.com/science/article/pii/S0749379725004453,2026-09-29T19:22:15.624376+00:00,sciencedirect.com,False,downloaded,403.0,https://www.sciencedirect.com/science/article/pii/S0749379725004453,1207935.0,not_extracted,0,0,,,,,,,,,,
245f0ac83c483ebd62cb,https://ceo.lacounty.gov/wp-content/uploads/2020/12/Cisgender-Women-Final-ATI-Memo-1.31.2020.pdf,2026-09-29T19:22:15.802327+00:00,lacounty.gov,True,downloaded,200.0,https://ceo.lacounty.gov/wp-content/uploads/2020/12/Cisgender-Women-Final-ATI-Memo-1.31.2020.pdf,506547.0,success,46308,6768,pdf,application/pdf,,,,,,,245f0ac83c483ebd62cb.txt,f988941d5f82cb7ec9313da19ac3716676ba5e3e7e0e0c957e9d64065971e7c0
2481dfd0352f9313c61f,https://frontiersin.org/journals/public-health/articles/10.3389/fpubh.2026.1765145/full,2026-09-29T19:22:16.145381+00:00,frontiersin.org,True,downloaded,200.0,https://www.frontiersin.org/journals/public-health/articles/10.3389/fpubh.2026.1765145/full,1523711.0,success,69545,9312,html,text/html;charset=utf-8,Frontiers | Barriers to accessing healthcare for people with disabilities:a systematic review,M Chimienti; G Morlino; D Ndreca; K Stefanidhi; O Zerellari; R Shkreli; S Gjergji; F Leonforte; V Nicosia; A Mistretta; E Buonomo; G Liotta; L Palombi,2026-02-19,Frontiers,https://www.frontiersin.org/journals/public-health/articles/10.3389/fpubh.2026.1765145/full,,2481dfd0352f9313c61f.txt,35751b39ba5e251d2967ae3ccee779c94124d3d21bf35068eeb7c904e1a84660
24cbaec52665edfcf658,https://thebloomfirm.com/harassment-vs-discrimination-based-on-sexual-orientation,2026-09-29T19:22:17.338133+00:00,thebloomfirm.com,True,downloaded,200.0,https://thebloomfirm.com/harassment-vs-discrimination-based-on-sexual-orientation/,316134.0,success,4616,687,html,text/html; charset=UTF-8,Harassment vs Discrimination Based on Sexual Orientation | Bloom Fudali,Bloom Fudali,2026-05-14,Bloom Fudali,https://thebloomfirm.com/harassment-vs-discrimination-based-on-sexual-orientation/,,24cbaec52665edfcf658.txt,50470d1981f7db8cb8c5f53472c350bd96d47e80a5db825b00f5a3d3012f81d4
24cc5a910c92031549fd,https://ascd.org/el/articles/how-gender-disparities-affect-classroom-learning,2026-09-29T19:22:17.530640+00:00,ascd.org,True,downloaded,200.0,https://ascd.org/el/articles/how-gender-disparities-affect-classroom-learning,247006.0,success,7808,1148,html,text/html; charset=utf-8,How Gender Disparities Affect Classroom Learning,,2021-06-29,ASCD,https://www.ascd.org/el/articles/how-gender-disparities-affect-classroom-learning,,24cc5a910c92031549fd.txt,754fc338a84f87d0f66d0149b1999a81674a7e84733441208cf3efa73bc2b022
24ef48107725b39a6b5e,https://nlihc.org/resource/joint-center-housing-studies-releases-post-exploring-impacts-health-and-ability-social-and,2026-09-29T19:22:17.880615+00:00,nlihc.org,True,downloaded,200.0,https://nlihc.org/resource/joint-center-housing-studies-releases-post-exploring-impacts-health-and-ability-social-and,57978.0,success,2388,358,html,text/html; charset=UTF-8,Joint Center for Housing Studies Releases Post Exploring Impacts of Health and Ability on Social and Economic Risks and Senior Homelessness,,2024-03-06,National Low Income Housing Coalition,https://nlihc.org/resource/joint-center-housing-studies-releases-post-exploring-impacts-health-and-ability-social-and,,24ef48107725b39a6b5e.txt,22809fe84c798c3c71f6619916a1eb23f6d216f6d609cd91deb27b3a65bed54b
2512d209e8135ffdd345,https://pmc.ncbi.nlm.nih.gov/articles/PMC4802845,2026-09-29T19:22:18.247298+00:00,nih.gov,True,downloaded,200.0,https://pmc.ncbi.nlm.nih.gov/articles/PMC4802845/,138480.0,success,18236,2549,html,,Barriers to Health Care for Transgender Individuals,Joshua D Safer; Eli Coleman; Jamie Feldman; Robert Garofalo; Wylie Hembree; Asa Radix; Jae Sevelius,2016-04-01,"Current opinion in endocrinology, diabetes, and obesity",https://pmc.ncbi.nlm.nih.gov/articles/PMC4802845/,,2512d209e8135ffdd345.txt,d83e89e910d6102a9725cbd45c7bf8920549294648736ac20d75d32376e5f59b
2551bfc004272cf41d72,https://bankrate.com/,2026-09-29T19:22:18.689620+00:00,bankrate.com,True,downloaded,200.0,https://www.bankrate.com/,1287358.0,success,3044,524,html,text/html; charset=utf-8,9 out of 10 homebuyers overpay for their mortgage. You don't have to.,,2026-08-24,Bankrate — Compare Mortgage Rates & Financial Products,https://www.bankrate.com/,,2551bfc004272cf41d72.txt,bf31284940d4c540cd5dfaeba01038b5cfcf6b5c528cba875813aad6c114439c
259d454d45824073697e,https://dev.cjcenter.org/_files/apcj/1_1_homophobia.pdf,2026-09-29T19:22:21.231970+00:00,cjcenter.org,True,downloaded,200.0,https://dev.cjcenter.org/_files/apcj/1_1_homophobia.pdf,145468.0,success,32400,4856,pdf,application/pdf,,,,,,,259d454d45824073697e.txt,f8fb2eff8eb732726bc6bf797ed20971eedf7dc9832bb8b671f062328e9851cc
262b10b784bff23430fb,https://academic.oup.com/sf/article/104/3/874/8163470,2026-09-29T19:22:21.393043+00:00,oup.com,False,downloaded,403.0,https://academic.oup.com/sf/article/104/3/874/8163470,5661.0,not_extracted,0,0,,,,,,,,,,
26317a89276218458d70,https://google.com/url?cd=&opi=89978449&psig=AOvVaw27SfZnv7JZ6atpLCZEU4Q2&rct=j&sa=i&source=web&uoh=2&url=CAESlwEB6zswFSqj4EoRTCWH8chWSPpqzLaMWqf6Y0_QvtzKfAou16ZG221oZvaVbKRQIzfsY2ybDWP9h9Kxjvbh2pn-KN4_tb2Ce3ht5RYXVOt139UVHXIA7__URWnhuweD6V2wKAipTePTfe1ZZcSv7SNV93tK9b7NE2xB43UN1AyiUMJWaPCpb8_H_bmZGPXZmXXuvAUh19mw&ust=1790738837649000&ved=2ahUKEwiTsdmT7JKXAxUkl2oFHSYNMuUQ1fkOegoIAggACAAINBAR,2026-09-29T19:22:21.683313+00:00,google.com,False,robots_disallowed,,,,not_extracted,0,0,,,,,,,,,,
2636390fa210b21c5b17,https://unesco.org/en/articles/school-violence-and-bullying-major-global-issue-new-unesco-publication-finds,2026-09-29T19:22:21.683684+00:00,unesco.org,True,downloaded,200.0,https://www.unesco.org/en/articles/school-violence-and-bullying-major-global-issue-new-unesco-publication-finds,72747.0,success,4824,719,html,,"School violence and bullying a major global issue, new UNESCO",,2019-01-22,UNESCO,https://www.unesco.org/en/articles/school-violence-and-bullying-major-global-issue-new-unesco-publication-finds,,2636390fa210b21c5b17.txt,c8477acb6776eb123c6b2fc3054ec122da2b23b7e4c31b745b7d4ea83804a9ef
267b6647763b76353c12,https://aclrc.com/blog/2023-2-2-racial-bullying-in-schools,2026-09-29T19:22:21.825155+00:00,aclrc.com,True,downloaded,200.0,https://www.aclrc.com/blog/2023-2-2-racial-bullying-in-schools,134374.0,success,8294,1272,html,text/html; charset=UTF-8,Racial Bullying in Schools | Understanding Impact and Solutions,,2023-02-02,Alberta Civil Liberties Research Centre (ACLRC),https://www.aclrc.com/blog/2023-2-2-racial-bullying-in-schools/,,267b6647763b76353c12.txt,06cada6283fd6fe241e47570ba08fc04bb6cd811bc530f49ee1758502b933fd1
268cc0a2adbd302f5ea1,https://ncsl.org/human-services/introduction-to-benefits-cliffs-and-public-assistance-programs,2026-09-29T19:22:23.605288+00:00,ncsl.org,False,downloaded,403.0,https://ncsl.org/human-services/introduction-to-benefits-cliffs-and-public-assistance-programs,5907.0,not_extracted,0,0,,,,,,,,,,
26b123cf52f9cf82773d,https://news.cornell.edu/stories/2017/11/people-disabilities-more-likely-be-arrested,2026-09-29T19:22:23.720879+00:00,cornell.edu,True,downloaded,200.0,https://news.cornell.edu/stories/2017/11/people-disabilities-more-likely-be-arrested,45006.0,success,3296,519,html,text/html; charset=utf-8,People with disabilities more likely to be arrested | Cornell Chronicle,Susan Kelley,2017-11-30,Cornell Chronicle,https://news.cornell.edu/stories/2017/11/people-disabilities-more-likely-be-arrested,,26b123cf52f9cf82773d.txt,9c52e1f9efc8c761ea704b27ef26693d3aef369ff1029cdde468232ebf61122a
2741ec928ab38d136919,https://dchealthlink.com/faqs/why-does-individual-and-family-application-ask-about-gender-how-should-transgendered,2026-09-29T19:22:24.407531+00:00,dchealthlink.com,False,exception,,,,failed,0,0,,,,,,,,,,
27b3c4618dd8e24c9c7a,https://pmc.ncbi.nlm.nih.gov/articles/PMC5066580,2026-09-29T19:22:24.452313+00:00,nih.gov,True,downloaded,200.0,https://pmc.ncbi.nlm.nih.gov/articles/PMC5066580/,220706.0,success,63121,9573,html,,Ethnoracial inequality and insurance coverage among Latino young adults,Veronica Terriquez; Tiffany D Joseph,2020-01-16,Social Science & Medicine (1982),https://pmc.ncbi.nlm.nih.gov/articles/PMC5066580/,,27b3c4618dd8e24c9c7a.txt,523eeecfdf2d814ddffbd23392194fbf11dbedc0626e35ff437966b38e0d94da
27dcc110165c384e5a4b,https://cdc.gov/mmwr/volumes/73/su/su7301a5.htm,2026-09-29T19:22:25.738031+00:00,cdc.gov,True,downloaded,200.0,https://www.cdc.gov/index.html,61314.0,success,485,71,html,text/html,Centers for Disease Control and Prevention,,2026-09-28,CDCgov,https://www.cdc.gov/index.html,,27dcc110165c384e5a4b.txt,57f1b5e72bd6c9253b3dd6410939458b2039885abfdc525969a60d7d17a904c9
27e20937715f19c63aef,https://pmc.ncbi.nlm.nih.gov/articles/PMC11351145,2026-09-29T19:22:26.659799+00:00,nih.gov,True,downloaded,200.0,https://pmc.ncbi.nlm.nih.gov/articles/PMC11351145/,226336.0,success,56931,8194,html,,"Homophobic Bullying, Traditional Bullying, Cyberbullying, and Health-Related Quality of Life (HRQoL) in Adolescents According to Their Sexual Orientation",Almudena Hurtado-Mellado; Antonio J Rodríguez-Hidalgo,2024-08-22,Behavioral Sciences,https://pmc.ncbi.nlm.nih.gov/articles/PMC11351145/,,27e20937715f19c63aef.txt,88ef109c0fead1d98c41bf6757685f32be86d45a2524f0b9f06bf1bfbfd830d8
27ebba74a46aef5b9374,https://pmc.ncbi.nlm.nih.gov/articles/PMC7173312,2026-09-29T19:22:27.744416+00:00,nih.gov,True,downloaded,200.0,https://pmc.ncbi.nlm.nih.gov/articles/PMC7173312/,307820.0,success,79585,12552,html,,Understanding the Racial/Ethnic Gap in Bank Account Ownership among Older Adults,LUISA R BLANCO; MARCO ANGRISANI; EMMA AGUILA; MEI LENG,2018-04-14,The Journal of consumer affairs,https://pmc.ncbi.nlm.nih.gov/articles/PMC7173312/,,27ebba74a46aef5b9374.txt,83d9067d7d3a34245183f564f10689f7b34abdfb97960d4341d071e5a0c3b6a3
2814793bfff3c267728b,https://prisonpolicy.org/blog/2019/10/09/pretrial_race,2026-09-29T19:22:28.009891+00:00,prisonpolicy.org,True,downloaded,200.0,https://www.prisonpolicy.org/blog/2019/10/09/pretrial_race/,57859.0,success,13062,2064,html,text/html; charset=UTF-8,How race impacts who is detained pretrial,Prison Policy Initiative,2019-10-09,PrisonPolicy,https://www.prisonpolicy.org/blog/2019/10/09/pretrial_race/,,2814793bfff3c267728b.txt,107e03b25bd058cb9af3108969f2745dd2aa00d40c50e88d8a7656f60b28563c
284c8f6515a7e009e6bf,https://21kschool.com/us/blog/causes-of-inequality-in-education,2026-09-29T19:22:28.345712+00:00,21kschool.com,True,downloaded,200.0,https://www.21kschool.com/us/blog/causes-of-inequality-in-education/,175509.0,success,12950,1987,html,text/html; charset=UTF-8,Causes of Inequality in Education: Key Factors Explained,Anshu Kumari,2026-07-22,21K School United States,https://www.21kschool.com/us/blog/causes-of-inequality-in-education/,,284c8f6515a7e009e6bf.txt,0d5603d7eb61f2fc0ef50d64c57509ef40f227c2f766a93dc6a2e49ef346a291
287096667b4269e94625,https://nlc.org/article/2024/05/28/exploring-the-link-between-housing-stability-and-mental-health,2026-09-29T19:22:30.132068+00:00,nlc.org,True,downloaded,200.0,https://www.nlc.org/article/2024/05/28/exploring-the-link-between-housing-stability-and-mental-health,154048.0,success,7223,1043,html,text/html; charset=UTF-8,Exploring the Link Between Housing Stability and Mental Health,About the Authors,2024-05-28,National League of Cities,https://www.nlc.org/article/2024/05/28/exploring-the-link-between-housing-stability-and-mental-health/,,287096667b4269e94625.txt,7e6819179730e68fafa61aa23031af867329aa074db1ca44683cd6ddb46008c0
28ab4c0ff23a9e5a7e36,https://ggtriallaw.com/blog/understanding-lgbtq-harassment-in-the-workplace,2026-09-29T19:22:30.304817+00:00,ggtriallaw.com,True,downloaded,200.0,https://ggtriallaw.com/blog/understanding-lgbtq-harassment-in-the-workplace/,278052.0,success,5807,819,html,text/html; charset=UTF-8,Understanding LGBTQ Harassment in the Workplace,Greenberg Gross LLP,2025-01-16,Greenberg Gross LLP,https://ggtriallaw.com/blog/understanding-lgbtq-harassment-in-the-workplace/,,28ab4c0ff23a9e5a7e36.txt,83081aa61374e265d8da786d585ecc1de065052a0b4b388f72412f32b89a07ce
28fe0fbf7473c323ca45,https://documents1.worldbank.org/curated/en/505551587106658623/pdf/Her-Home-Housing-Finance-for-Women.pdf,2026-09-29T19:22:30.697107+00:00,worldbank.org,True,downloaded,200.0,https://documents1.worldbank.org/curated/en/505551587106658623/pdf/Her-Home-Housing-Finance-for-Women.pdf,10421871.0,success,140552,21960,pdf,application/pdf;charset=utf-8,,,,,,,28fe0fbf7473c323ca45.txt,bff585fce095ed85cfde1aa8db8f98b1563a1c0e08aa8f8e3b691bad02dda17a
290d52c4c7f5a9ed3fe7,https://workingfamilies.org.uk/articles/benefits-you-can-claim-if-you-are-not-working-or-only-working-a-few-hours-a-week,2026-09-29T19:22:30.941945+00:00,workingfamilies.org.uk,False,downloaded,403.0,https://workingfamilies.org.uk/articles/benefits-you-can-claim-if-you-are-not-working-or-only-working-a-few-hours-a-week,5999.0,not_extracted,0,0,,,,,,,,,,
291b497f1a27b29b46a1,https://nwlc.org/resource/women-in-poverty-state-by-state,2026-09-29T19:22:34.485359+00:00,nwlc.org,True,downloaded,200.0,https://nwlc.org/resource/women-in-poverty-state-by-state/,747040.0,success,886,154,html,text/html; charset=UTF-8,"Women in Poverty, State by State - National Women's Law Center",,2026-03-09,National Women's Law Center,https://nwlc.org/resource/women-in-poverty-state-by-state/,,291b497f1a27b29b46a1.txt,f29b3cd3aa7b594a57361689ec103489887a183846dc01e5e1fbb5db32c3af4b
292465a4ef9ac6543a50,https://chir.georgetown.edu/health-policy-pride-an-overview-of-private-coverage-issues-impacting-the-lgbtq-community,2026-09-29T19:22:34.516520+00:00,georgetown.edu,True,downloaded,200.0,https://chir.georgetown.edu/health-policy-pride-an-overview-of-private-coverage-issues-impacting-the-lgbtq-community/,55016.0,success,9223,1317,html,text/html; charset=UTF-8,Health Policy Pride: An Overview of Private Coverage Issues Impacting the LGBTQ+ Community,Emma WalshAlker,2023-06-26,chir.georgetown.edu,https://chir.georgetown.edu/health-policy-pride-an-overview-of-private-coverage-issues-impacting-the-lgbtq-community/,,292465a4ef9ac6543a50.txt,db1824f193052b9b02646ce4af40a5d9d1272be5999f3b4e6ef593489e12d7ed
2935b2a3da70bbfc9027,https://bls.gov/blog/2024/employment-trends-of-hispanics-in-the-us-labor-force.htm,2026-09-29T19:22:34.724683+00:00,bls.gov,True,downloaded,200.0,https://www.bls.gov,78777.0,success,1601,185,html,text/html,U.S. Bureau of Labor Statistics,,2017-02-22,Bureau of Labor Statistics,https://www.bls.gov/,,2935b2a3da70bbfc9027.txt,699047cbc3065fcce1c24ac30788effb1249b1b178edb6c6cb94f5c1e3f00624
2968b809f664f799b973,https://nlihc.org/resource/latino-households-face-challenges-accessing-housing-assistance-programs,2026-09-29T19:22:35.671842+00:00,nlihc.org,True,downloaded,200.0,https://nlihc.org/resource/latino-households-face-challenges-accessing-housing-assistance-programs,59156.0,success,3870,560,html,text/html; charset=UTF-8,Latino Households Face Challenges in Accessing Housing Assistance Programs,,2021-10-08,National Low Income Housing Coalition,https://nlihc.org/resource/latino-households-face-challenges-accessing-housing-assistance-programs,,2968b809f664f799b973.txt,90d9b6ab8c48409f1a86aa87f8a0fdc27dc39140d42978d62d741b655c75bff8
29878dce40e2ac8255d5,https://medstarhealth.org/blog/patient-safety-racism,2026-09-29T19:22:35.695313+00:00,medstarhealth.org,False,downloaded,403.0,https://medstarhealth.org/blog/patient-safety-racism,7211.0,not_extracted,0,0,,,,,,,,,,
29c188e797ebdc187db5,https://journalistsresource.org/politics-and-government/disabilities-insurance-affordable-care-act,2026-09-29T19:22:35.825665+00:00,journalistsresource.org,True,downloaded,200.0,https://journalistsresource.org/politics-and-government/disabilities-insurance-affordable-care-act/,303744.0,success,8003,1219,html,text/html; charset=UTF-8,How people with disabilities benefited from the ACA,Chloe Reichel,2019-06-18,The Journalist's Resource,https://journalistsresource.org/politics-and-government/disabilities-insurance-affordable-care-act/,,29c188e797ebdc187db5.txt,4936cc7cca85e72f954d977942021e7ffc3df178c481dc7d735374cd9720a7d0
29cbf66fad9d61074133,https://emerald.com/sc/article/14/4/183/342705/Policing-uncontrollable-banshees-factors,2026-09-29T19:22:36.342935+00:00,emerald.com,False,downloaded,403.0,https://www.emerald.com/sc/article/14/4/183/342705/Policing-uncontrollable-banshees-factors,5863.0,not_extracted,0,0,,,,,,,,,,
29febc26811223ac56a8,https://commons.library.stonybrook.edu/cgi/viewcontent.cgi?article=1092&context=nyjsa,2026-09-29T19:22:36.840119+00:00,stonybrook.edu,False,downloaded,403.0,https://commons.library.stonybrook.edu/cgi/viewcontent.cgi?article=1092&context=nyjsa,5866.0,not_extracted,0,0,,,,,,,,,,
2a0434c2ca3f21f27bb1,https://pmc.ncbi.nlm.nih.gov/articles/PMC9231228,2026-09-29T19:22:37.787541+00:00,nih.gov,True,downloaded,200.0,https://pmc.ncbi.nlm.nih.gov/articles/PMC9231228/,835531.0,success,109487,24446,html,,Patient-level factors associated with receipt of preventive care in the safety net,Brigit Hatch; Carrie Tillotson; Megan Hoopes; Nathalie Huguet; Miguel Marino; Jennifer DeVoe,2022-03-21,Preventive medicine,https://pmc.ncbi.nlm.nih.gov/articles/PMC9231228/,,2a0434c2ca3f21f27bb1.txt,99d00b598c768680e7648fd886626b6537d6ec9970679cde3ea0c520f384cd61
2a64e71f5811714eb6b5,https://univ-tours.hal.science/hal-03375121/document,2026-09-29T19:22:37.882248+00:00,hal.science,True,downloaded,200.0,https://univ-tours.hal.science/hal-03375121/document,480526.0,success,87376,13386,pdf,,,,,,,,2a64e71f5811714eb6b5.txt,e3aea0b3502f8d7b8fbc4cf2f6c6e505ad8de1f33150f4e8610bae5f87eb81bf
2a6ad5f1546abcb57b78,https://washington.edu/news/2013/05/17/youth-bullying-because-of-perceived-sexual-orientation-widespread-and-damaging,2026-09-29T19:22:38.743049+00:00,washington.edu,True,downloaded,200.0,https://www.washington.edu/news/2013/05/17/youth-bullying-because-of-perceived-sexual-orientation-widespread-and-damaging/,68191.0,success,1727,268,html,,Youth bullying because of perceived sexual orientation widespread and damaging | UW News,Catherine Shen,2013-05-17,UW News,https://www.washington.edu/news/2013/05/17/youth-bullying-because-of-perceived-sexual-orientation-widespread-and-damaging/,,2a6ad5f1546abcb57b78.txt,f36cc8bb2b86e467929f090722f212f14fbec042c661bbce5723c15fcbc5efa4
2a7b6962bf1172b8d55e,https://kff.org/racial-equity-and-health-policy/most-hispanic-immigrants-say-lives-are-better-in-the-us,2026-09-29T19:22:38.817409+00:00,kff.org,True,downloaded,200.0,https://www.kff.org/racial-equity-and-health-policy/most-hispanic-immigrants-say-lives-are-better-in-the-us/,296354.0,success,52476,8310,html,text/html; charset=UTF-8,Most Hispanic Immigrants Say Their Lives Are Better In The U.S. But Face Financial And Health Care Challenges: The 2023 KFF/LA Times Survey of Immigrants | KFF,Shannon Schumacher; Liz Hamel; Samantha Artiga; Drishti Pillai; Audrey Kearney; Marley Presiado; Ana Gonzalez-Barrera; Mollyann Brodie,2024-01-18,"KFF - The independent source for health policy research, polling, and news",https://www.kff.org/racial-equity-and-health-policy/most-hispanic-immigrants-say-lives-are-better-in-the-us/,,2a7b6962bf1172b8d55e.txt,ba1b7fe6b7c756e417b6bb944552c615bbda89f22352cef3c15f63bb337bac81
2af324bfdfd3125cb059,https://engender.org.uk/news/blog/cost-of-living-crisis-the-financial-impact-on-womens-access-to-housing,2026-09-29T19:22:39.497178+00:00,engender.org.uk,True,downloaded,200.0,https://www.engender.org.uk/news/blog/cost-of-living-crisis-the-financial-impact-on-womens-access-to-housing,27215.0,success,7759,1210,html,text/html; charset=UTF-8,Engender blog | Cost of Living Crisis: The financial impact on women's access to housing,,2022-10-21,Engender,https://www.engender.org.uk/news/blog/cost-of-living-crisis-the-financial-impact-on-womens-access-to-housing/,,2af324bfdfd3125cb059.txt,da48b4cc44fce7ec29d06827ab4a94d0739de7d9de4681708a15fc77d43f0b51
2afa10d61e19c1d94af6,https://hominc.com/confronting-racial-disparities-in-housing-and-homelessness,2026-09-29T19:22:39.976588+00:00,hominc.com,True,downloaded,200.0,https://www.hominc.com/confronting-racial-disparities-in-housing-and-homelessness/,173008.0,success,5175,747,html,text/html; charset=UTF-8,Confronting Racial Disparities in Housing and Homelessness • HOM,Jodi Fragnoli,2024-06-19,"HOM, Inc.",https://www.hominc.com/confronting-racial-disparities-in-housing-and-homelessness/,,2afa10d61e19c1d94af6.txt,c166719ee22096a5fb23cc484be15b94b4029adb875e767ae691c080a8b19a1f
2b00f95eec22ebeef439,https://sites.uab.edu/humanrights/2022/01/17/injustice-in-the-justice-system-disability-schools-and-incarceration,2026-09-29T19:22:40.396983+00:00,uab.edu,True,downloaded,200.0,https://sites.uab.edu/humanrights/2022/01/17/injustice-in-the-justice-system-disability-schools-and-incarceration/,70177.0,success,8890,1344,html,text/html; charset=UTF-8,"Injustice in the Justice System: Disability, Schools, and Incarceration",Author Suhas Kellampalli,2022-01-17,sites.uab.edu,https://sites.uab.edu/humanrights/2022/01/17/injustice-in-the-justice-system-disability-schools-and-incarceration/,,2b00f95eec22ebeef439.txt,8aa15cdf40686d89acf25582a34d63520a21ea55547533fbdfb032eb36da0dd0
2b367f7f1fae74af87cd,https://aquila.usm.edu/cgi/viewcontent.cgi?article=1463&context=dissertations,2026-09-29T19:22:40.417507+00:00,usm.edu,False,downloaded,403.0,https://aquila.usm.edu/cgi/viewcontent.cgi?article=1463&context=dissertations,5831.0,not_extracted,0,0,,,,,,,,,,
2b4366b7ee8e5514633f,https://williamsinstitute.law.ucla.edu/wp-content/uploads/Workplace-Discrimination-Sep-2021.pdf,2026-09-29T19:22:43.121519+00:00,ucla.edu,True,downloaded,200.0,https://williamsinstitute.law.ucla.edu/wp-content/uploads/Workplace-Discrimination-Sep-2021.pdf,3226777.0,success,81336,12438,pdf,application/pdf,,,,,,,2b4366b7ee8e5514633f.txt,9743a7692731035696030246bf0825cb3bdbb2ea9bdfeedd3755c3f166471dd9
2bb5825605b388fa65f0,https://pmc.ncbi.nlm.nih.gov/articles/PMC4146693,2026-09-29T19:22:44.586317+00:00,nih.gov,True,downloaded,200.0,https://pmc.ncbi.nlm.nih.gov/articles/PMC4146693/,223687.0,success,60889,9101,html,,African American Women’s Preventative Care Usage: The Role of Social Support and Racial Experiences and Attitudes,Erin Pullen; Brea Perry; Carrie Oser,2014-04-21,Sociology of health & illness,https://pmc.ncbi.nlm.nih.gov/articles/PMC4146693/,,2bb5825605b388fa65f0.txt,000e22af55ddfd59c0609ed4745367713e9d5ca6b9cc05a5fc46ae999f4b2e55
2bddea9b1b426ebf6578,https://pioneerpublisher.com/slj/article/view/1108,2026-09-29T19:22:45.406432+00:00,pioneerpublisher.com,False,exception,,,,failed,0,0,,,,,,,,,,
2c322a8fd674101a4f5b,https://digital.sandiego.edu/cgi/viewcontent.cgi?article=1015&context=mcnair-summer,2026-09-29T19:22:45.703936+00:00,sandiego.edu,False,downloaded,403.0,https://digital.sandiego.edu/cgi/viewcontent.cgi?article=1015&context=mcnair-summer,5858.0,not_extracted,0,0,,,,,,,,,,
2c6ef486455b00a0a858,https://fenwayhealth.org/wp-content/uploads/2015/09/Policy_Brief_HowtoGather..._v3_01.09.12.pdf,2026-09-29T19:22:48.100803+00:00,fenwayhealth.org,True,downloaded,200.0,https://fenwayhealth.org/wp-content/uploads/2015/09/Policy_Brief_HowtoGather..._v3_01.09.12.pdf,830639.0,success,17836,2698,pdf,application/pdf,,,,,,,2c6ef486455b00a0a858.txt,396fb92f268aa1dc2b6eae8aabd5e196e60734653ed83e7676d28445bf9adb56
2d0e51a381c2c84580f2,https://studyonline.ecu.edu.au/blog/how-does-gender-affect-educational-opportunity,2026-09-29T19:22:48.131626+00:00,ecu.edu.au,True,downloaded,200.0,https://studyonline.ecu.edu.au/blog/how-does-gender-affect-educational-opportunity,249904.0,success,6956,1104,html,text/html; charset=UTF-8,How Does Gender Affect Educational Opportunity?,,2026-02-18,studyonline.ecu.edu.au,https://studyonline.ecu.edu.au/blog/how-does-gender-affect-educational-opportunity,,2d0e51a381c2c84580f2.txt,50522d76c553efbd530941f0f1d5a777f07721e80e8532ea137ac3d77e18cbdd
2d7ce471d6dd8bc9883b,https://eeoc.gov/racecolor-discrimination,2026-09-29T19:22:48.483002+00:00,eeoc.gov,True,downloaded,200.0,https://www.eeoc.gov/racecolor-discrimination,73272.0,success,566,56,html,text/html; charset=utf-8,Race/Color Discrimination,,2000-01-01,U.S. Equal Employment Opportunity Commission,https://www.eeoc.gov/racecolor-discrimination,,2d7ce471d6dd8bc9883b.txt,fe89d1b1a6a4aadca10dbce1e1754f60c55aac9aba8cef1ddb9c278197f9a345
2d87799c4643ca897069,https://congress.gov/117/meeting/house/115236/documents/HHRG-117-GO02-20221213-SD003.pdf,2026-09-29T19:22:49.056594+00:00,congress.gov,True,downloaded,200.0,https://congress.gov/117/meeting/house/115236/documents/HHRG-117-GO02-20221213-SD003.pdf,97725.0,success,9031,1417,pdf,application/pdf,,,,,,,2d87799c4643ca897069.txt,f25c0bd647ce3e47d7f59abd713ac0ce034ad41cedfb9b7537d8740d7677e505
2d886c9239454f4fad85,https://sciencedirect.com/science/article/pii/S0927537120300646,2026-09-29T19:22:49.606117+00:00,sciencedirect.com,False,downloaded,403.0,https://www.sciencedirect.com/science/article/pii/S0927537120300646,1207935.0,not_extracted,0,0,,,,,,,,,,
2db28efb47b99329f09e,https://cgap.org/blog/banking-on-change-enabling-womens-access-to-financial-services,2026-09-29T19:22:51.958357+00:00,cgap.org,True,downloaded,200.0,https://www.cgap.org/blog/banking-on-change-enabling-womens-access-to-financial-services,73264.0,success,6717,1060,html,text/html; charset=utf-8,Banking on Change: Enabling Women’s Access to Financial Services,Rebecca Mann,2015-11-18,CGAP,https://www.cgap.org/blog/banking-on-change-enabling-womens-access-to-financial-services,,2db28efb47b99329f09e.txt,b3f79c8ecc5ed3b7d794075ed4ebdec452ed6d8df4195459d14d20890b507a9d
2dca9844cab0c0f14bea,https://cnbc.com/2024/02/02/men-benefit-more-from-their-looks-at-work-than-women-do-new-research-shows.html,2026-09-29T19:22:52.273569+00:00,cnbc.com,True,downloaded,200.0,https://www.cnbc.com/2024/02/02/men-benefit-more-from-their-looks-at-work-than-women-do-new-research-shows.html,676997.0,success,6195,969,html,text/html; charset=utf-8,"Men benefit more from their looks at work than women do, new research shows",Morgan Smith,2024-02-02,CNBC,https://www.cnbc.com/2024/02/02/men-benefit-more-from-their-looks-at-work-than-women-do-new-research-shows.html,,2dca9844cab0c0f14bea.txt,3af2c68c26ef5250324d35ece75bee20687330954020d0ad5203acf5221b754c
2de8440dd9c416608b08,https://cbpp.org/research/african-americans-and-social-security-the-implications-of-reform-proposals,2026-09-29T19:22:52.842980+00:00,cbpp.org,False,downloaded,403.0,https://cbpp.org/research/african-americans-and-social-security-the-implications-of-reform-proposals,6158.0,not_extracted,0,0,,,,,,,,,,
2e69ab36a454d2cdfe80,https://gao.gov/products/t-hrd-92-41,2026-09-29T19:22:52.893424+00:00,gao.gov,True,downloaded,200.0,https://www.gao.gov/products/t-hrd-92-41,78500.0,success,1579,241,html,text/html; charset=UTF-8,U.S. GAO - Social Security: Racial Difference in Disability Decisions,U S Government Accountability Office,2022-01-01,Social Security: Racial Difference in Disability Decisions,https://www.gao.gov/products/t-hrd-92-41,,2e69ab36a454d2cdfe80.txt,837dd21c05def3bee3a86d3bbec9eb5af3e3d5d73dce72dd763e6fcd6569ad94
2e8c8398c9077c09eb32,https://fiveable.me/criminal-justice/unit-5/police-discretion-decision-making/study-guide/n68gnxMUnHVfFsuc,2026-09-29T19:22:54.284490+00:00,fiveable.me,True,downloaded,200.0,https://fiveable.me/criminal-justice/unit-5/police-discretion-decision-making/study-guide/n68gnxMUnHVfFsuc,274919.0,success,5941,818,html,text/html; charset=utf-8,Police Discretion and Decision-Making | Criminal Justice Class Notes | Fiveable,,2024-07-31,Fiveable,https://fiveable.me/criminal-justice/unit-5/police-discretion-decision-making/study-guide/n68gnxMUnHVfFsuc,,2e8c8398c9077c09eb32.txt,b7345d63cb1b8f4c1cb40f0cedc5e37c9e64c7fffebe22e0102a2d856fc0bd91
2eabc6c6e9222aa34431,https://bankrate.com/banking/banks-that-are-lgbtq-friendly,2026-09-29T19:22:55.475879+00:00,bankrate.com,False,downloaded,405.0,https://www.bankrate.com/banking/banks-that-are-lgbtq-friendly,2111.0,not_extracted,0,0,,,,,,,,,,
2ed8508abf04a68d2a3f,https://pmc.ncbi.nlm.nih.gov/articles/PMC12223365,2026-09-29T19:22:55.548570+00:00,nih.gov,True,downloaded,200.0,https://pmc.ncbi.nlm.nih.gov/articles/PMC12223365/,275174.0,success,83464,13078,html,,Assessing Racial Heterogeneity in “Housing First” Supports’ Effectiveness Among Older Adults Experiencing Homelessness: Evidence From Los Angeles County,Jared N Schachner; Steven Schmidt; Gary D Painter,2025-02-06,The Gerontologist,https://pmc.ncbi.nlm.nih.gov/articles/PMC12223365/,,2ed8508abf04a68d2a3f.txt,4756c78952778a901a265676411be28b9cf8deb4462f513056a4dddc3c7aead3
2edcc2d3665243223fcf,https://epublications.marquette.edu/cgi/viewcontent.cgi?article=1857&context=nursing_fac,2026-09-29T19:22:55.904777+00:00,marquette.edu,False,downloaded,403.0,https://epublications.marquette.edu/cgi/viewcontent.cgi?article=1857&context=nursing_fac,5881.0,not_extracted,0,0,,,,,,,,,,
2ef614697ef626a43819,https://pmc.ncbi.nlm.nih.gov/articles/PMC11363849,2026-09-29T19:22:56.371365+00:00,nih.gov,True,downloaded,200.0,https://pmc.ncbi.nlm.nih.gov/articles/PMC11363849/,215939.0,success,78487,10971,html,,Challenges of achieving financial inclusion for individuals with visual impairments,Mahmoud Fayyad; Abdel Raouf Al-Sinnawi,2024-08-07,Heliyon,https://pmc.ncbi.nlm.nih.gov/articles/PMC11363849/,,2ef614697ef626a43819.txt,e698e371ad57cae3037da2ec389d2c08c4f7d1f4d83b80e91729a77caeeb9583
2f42085118d9e78397cf,https://facebook.com/ABCNewsLive/videos/abc-news-analysis-of-police-arrests-nationwide-reveals-stark-racial-disparity/258961532198745,2026-09-29T19:22:59.080510+00:00,facebook.com,False,robots_disallowed,,,,not_extracted,0,0,,,,,,,,,,
2f629286eb047844b1ef,https://kff.org/uninsured/health-policy-101-the-uninsured-population-and-health-coverage,2026-09-29T19:22:59.193024+00:00,kff.org,True,downloaded,200.0,https://www.kff.org/uninsured/health-policy-101-the-uninsured-population-and-health-coverage/,179491.0,success,17623,2700,html,text/html; charset=UTF-8,The Uninsured Population and Health Coverage | KFF,Jennifer Tolbert; Clea Bell; Sammy Cervantes; Rakesh Singh,2025-10-03,"KFF - The independent source for health policy research, polling, and news",https://www.kff.org/uninsured/health-policy-101-the-uninsured-population-and-health-coverage/,,2f629286eb047844b1ef.txt,1a9cde2de216b9d257e829ed7408c6c61abc9b1d8e4812822021d08edf97d62a
2f9ca793e04f9e6bd2af,https://pmc.ncbi.nlm.nih.gov/articles/PMC12547269,2026-09-29T19:22:59.925677+00:00,nih.gov,True,downloaded,200.0,https://pmc.ncbi.nlm.nih.gov/articles/PMC12547269/,294305.0,success,72022,10037,html,,Socio-economic and insurance factors in preventive care: A two-stage weighted structural analysis,Florent Nkouaga,2025-10-06,Dialogues in Health,https://pmc.ncbi.nlm.nih.gov/articles/PMC12547269/,,2f9ca793e04f9e6bd2af.txt,f2d5c230789c00b13a69ce94a718a02c1a1f32cdd8692ca7622ab3195f6653f2
2faa5423b0ef0b1013d9,https://pmc.ncbi.nlm.nih.gov/articles/PMC7893374,2026-09-29T19:23:00.161583+00:00,nih.gov,True,downloaded,200.0,https://pmc.ncbi.nlm.nih.gov/articles/PMC7893374/,231651.0,success,81651,12182,html,,Experiences of Hispanic Families with Social Services in the Racially Segregated Southeast: Views from Administrators and Workers in North Carolina,Carolyn Y Barnes; Lisa A Gennetian,2021-02-19,Race and Social Problems,https://pmc.ncbi.nlm.nih.gov/articles/PMC7893374/,,2faa5423b0ef0b1013d9.txt,113ee719dc387e8ec3065e0c004a76630fa2b15fd38fac6f1dba7f03118cf085
2fded60bd97a21041fd0,https://sciencedirect.com/science/article/pii/S0001691825000605,2026-09-29T19:23:00.483825+00:00,sciencedirect.com,False,downloaded,403.0,https://www.sciencedirect.com/science/article/pii/S0001691825000605,1207935.0,not_extracted,0,0,,,,,,,,,,
2ffdfb1f8d4ac49efce3,https://pmc.ncbi.nlm.nih.gov/articles/PMC5106500,2026-09-29T19:23:00.950723+00:00,nih.gov,True,downloaded,200.0,https://pmc.ncbi.nlm.nih.gov/articles/PMC5106500/,21367.0,success,131,18,html,,Checking your browser,,2026-09-11,google.com,https://www.google.com/recaptcha/challengepage,,2ffdfb1f8d4ac49efce3.txt,a29166d0eaaa418bd5af61a282f1183a46c84c4d5e4c90689b1b452d230d05cc
3024b43fe551a9e66cfd,https://eeoc.gov/federal-sector/report/eeoc-african-american-workgroup-report,2026-09-29T19:23:01.020118+00:00,eeoc.gov,True,downloaded,200.0,https://www.eeoc.gov/federal-sector/report/eeoc-african-american-workgroup-report,115439.0,success,566,56,html,text/html; charset=utf-8,EEOC African American Workgroup Report,,2012-12-14,U.S. Equal Employment Opportunity Commission,https://www.eeoc.gov/federal-sector/report/eeoc-african-american-workgroup-report,,3024b43fe551a9e66cfd.txt,fe89d1b1a6a4aadca10dbce1e1754f60c55aac9aba8cef1ddb9c278197f9a345
3032e60263ea262264c7,https://hispanicresearchcenter.org/research-resources/highlights-decade-research-supports-economic-self-sufficiency-latino-families-children?print=print,2026-09-29T19:23:01.257108+00:00,hispanicresearchcenter.org,True,downloaded,200.0,https://www.hispanicresearchcenter.org/research-resources/highlights-decade-research-supports-economic-self-sufficiency-latino-families-children?print=print,173472.0,success,15452,2191,html,text/html; charset=UTF-8,Highlights From a Decade of the Center’s Research on Supports for Economic Self-sufficiency Among Latino Families With Children,Author,2025-03-20,hispanicresearchcenter.org,https://www.hispanicresearchcenter.org/research-resources/highlights-decade-research-supports-economic-self-sufficiency-latino-families-children?print=print,,3032e60263ea262264c7.txt,2f88684d309fa76eaa9619fa80e9732af26189e0ed0cc9c2c370cc9df9e855b4
303969ac67369e665c8e,https://google.com/url?cd=&opi=89978449&psig=AOvVaw14yVjtFUS6POL4AZJ_NV2n&rct=j&sa=i&source=web&uoh=2&url=CAESxAEB6zswFbgdJNT_ciz2z7o8rS2TOc7bSg22AS25kTeMF80EZ6NUsv-m9jIAMsFjhxlupcroenGjM9ox-cUlaX-ZWZOB0EQdEKIJ4cqs5rGQ4S2n9Bo_D3uVOfxU822H2JhCqFB2WJ3nYNcx_dXnpUjcn5kFkhP7mNQBRKnU1e64OclwmUFciM0yyffmXXi0yq8BZ5EH5bX-XGtWxKoQRETkWKtrP0kZ3vQnE_N3WbS36ZNdbqFwQ7mhuCrhG_EdCjHxpTdQ&ust=1790738666917000&ved=2ahUKEwj02aTC65KXAxVXlWoFHbflN4kQ1fkOegoIAggACAAIIBAU,2026-09-29T19:23:01.626082+00:00,google.com,False,robots_disallowed,,,,not_extracted,0,0,,,,,,,,,,
305e3038d906ca4515f2,https://scholar.dominican.edu/cgi/viewcontent.cgi?article=1002&context=social-justice-senior-theses,2026-09-29T19:23:01.626274+00:00,dominican.edu,False,downloaded,403.0,https://scholar.dominican.edu/cgi/viewcontent.cgi?article=1002&context=social-justice-senior-theses,5926.0,not_extracted,0,0,,,,,,,,,,
30e3af1b20ad69a5ad7e,https://ama-assn.org/about/leadership/maintaining-preventive-coverage-vital-public-health,2026-09-29T19:23:02.411007+00:00,ama-assn.org,False,downloaded,403.0,https://www.ama-assn.org/about/leadership/maintaining-preventive-coverage-vital-public-health,5487.0,not_extracted,0,0,,,,,,,,,,
30f7324d110beb6fc6c4,https://federalreserve.gov/econres/feds/sexual-orientation-and-financial-well-being-in-the-united-states.htm,2026-09-29T19:23:03.679123+00:00,federalreserve.gov,True,downloaded,200.0,https://www.federalreserve.gov/econres/feds/sexual-orientation-and-financial-well-being-in-the-united-states.htm,87918.0,success,2148,295,html,text/html,Sexual Orientation and Financial Well-Being in the United States,Christopher S Carpenter; Kabir Dasgupta; Zofsha Merchant; Alexander Plum,2024-06-25,federalreserve.gov,https://www.federalreserve.gov/econres/feds/sexual-orientation-and-financial-well-being-in-the-united-states.htm,,30f7324d110beb6fc6c4.txt,d7b7f10857afd606e126a928775d226132d8071ac20d95cafa6f64f061b40de7
313429e6f57d22dbd2d3,https://salud-america.org/what-do-latinos-think-about-preventative-care,2026-09-29T19:23:05.247304+00:00,salud-america.org,True,downloaded,200.0,https://salud-america.org/what-do-latinos-think-about-preventative-care/,79729.0,success,7304,1157,html,text/html; charset=UTF-8,What Do Latinos Think about Preventative Care? - Salud America,Catherine Stewart,2024-08-07,Salud America!,https://salud-america.org/what-do-latinos-think-about-preventative-care/,,313429e6f57d22dbd2d3.txt,53ae260527ba511115eb7f885b2a031a4dddce3554d4285cb789a189f7157b4f
3159954fcc0ac81ba630,https://pmc.ncbi.nlm.nih.gov/articles/PMC4899333,2026-09-29T19:23:05.405306+00:00,nih.gov,True,downloaded,200.0,https://pmc.ncbi.nlm.nih.gov/articles/PMC4899333/,206859.0,success,44143,7242,html,,Early Life Psychosocial Stressors and Housing Instability among Young Sexual Minority Men: the P18 Cohort Study,Kristen D Krause; Farzana Kapadia; Danielle C Ompad; Paul A D’Avanzo; Dustin T Duncan; Perry N Halkitis,2016-05-11,Journal of Urban Health : Bulletin of the New York Academy of Medicine,https://pmc.ncbi.nlm.nih.gov/articles/PMC4899333/,,3159954fcc0ac81ba630.txt,0ed48877976ace3b25dfa0a20aeb98a5e628efae5ceb9ff6843d51beb56f868f
31c573903acd2fa7c191,https://wowremoteteams.com/blog/what-issues-are-important-to-latinos-in-the-workplace,2026-09-29T19:23:06.083725+00:00,wowremoteteams.com,True,downloaded,200.0,https://wowremoteteams.com/blog/what-issues-are-important-to-latinos-in-the-workplace/,195106.0,success,14900,2033,html,text/html; charset=utf-8,What Issues are Important to Latinos in the Workplace - Wow Remote Teams,Juli Brown,2025-12-14,Wow Remote Teams,https://wowremoteteams.com/blog/what-issues-are-important-to-latinos-in-the-workplace/,,31c573903acd2fa7c191.txt,42e9c0ddf820cf5c1a3048b054318783c271565061ae1933be28d7d153977ac4
31c78b2677ddfefe88e1,https://youtube.com/watch?t=76s&v=2eqk_2ZRybY,2026-09-29T19:23:07.157725+00:00,youtube.com,True,downloaded,200.0,https://www.youtube.com/watch?t=76s&v=2eqk_2ZRybY,1170835.0,success,146,23,html,text/html; charset=utf-8,Addressing bullying and violence in schools,,2024-11-08,YouTube,https://www.youtube.com/watch?v=2eqk_2ZRybY,,31c78b2677ddfefe88e1.txt,8dbba17988e385133ba8f51d76cde1fc2c859262b666cb848e9cfe2478fd5e71
31cd2793962f291f824c,https://cbcfinc.org/blog/five-key-policy-issues-for-black-americans-in-2026,2026-09-29T19:23:07.621493+00:00,cbcfinc.org,True,downloaded,200.0,https://www.cbcfinc.org/blog/five-key-policy-issues-for-black-americans-in-2026/,112615.0,success,6141,913,html,text/html; charset=UTF-8,Five Key Policy Issues for Black Americans in 2026 » Congressional Black Caucus Foundation » Advancing the Global Black Community by Developing Leaders Informing Policy and Educating the Public,Congressional Black Caucus Foundation,2026-01-29,"Congressional Black Caucus Foundation, Inc.",https://www.cbcfinc.org/blog/five-key-policy-issues-for-black-americans-in-2026/,,31cd2793962f291f824c.txt,4ed7331a9f6d1a31b2bcd6562aee117ad9477e9da1ca9d74b5997be97394a05c
32071746a95da5bc9476,https://ojp.gov/ncjrs/virtual-library/abstracts/investigative-detention-constitutional-constraints-police-use-force,2026-09-29T19:23:08.920434+00:00,ojp.gov,True,downloaded,200.0,https://ojp.gov/ncjrs/virtual-library/abstracts/investigative-detention-constitutional-constraints-police-use-force,55300.0,success,2612,403,html,text/html; charset=UTF-8,NCJRS Virtual Library,Author J C Hall,1996-01-01,ojp.gov,https://ojp.gov/ncjrs/virtual-library/abstracts/investigative-detention-constitutional-constraints-police-use-force,,32071746a95da5bc9476.txt,07e2b165cd9c1e6e1674e0b0bf1bfffbe220b6ddc2ebb6f0eb48ec642c6d1a1b
321580be29593986c250,https://pmc.ncbi.nlm.nih.gov/articles/PMC4141481,2026-09-29T19:23:09.527084+00:00,nih.gov,True,downloaded,200.0,https://pmc.ncbi.nlm.nih.gov/articles/PMC4141481/,164273.0,success,31105,4781,html,,Physician Awareness of Sexual Orientation and Preventive Health Recommendations to Men Who Have Sex With Men,Andrew E Petroll; Katie E Mosack,2010-01-01,Sexually transmitted diseases,https://pmc.ncbi.nlm.nih.gov/articles/PMC4141481/,,321580be29593986c250.txt,2c689313ae206efad3e6119dff39778f14cc8bbae37273b48ca77317e0437c03
32336d048c03d7c982f9,https://youtube.com/watch?v=6yvLY2oCuaQ,2026-09-29T19:23:09.687195+00:00,youtube.com,True,downloaded,200.0,https://www.youtube.com/watch?v=6yvLY2oCuaQ,1209478.0,success,146,23,html,text/html; charset=utf-8,"Violence against educators on the rise, study finds",,2024-07-11,YouTube,https://www.youtube.com/watch?v=6yvLY2oCuaQ,,32336d048c03d7c982f9.txt,8dbba17988e385133ba8f51d76cde1fc2c859262b666cb848e9cfe2478fd5e71
3250d2e42a290fc5a3a8,https://kff.org/lgbtq/health-policy-101-lgbtq-health-policy,2026-09-29T19:23:10.417778+00:00,kff.org,True,downloaded,200.0,https://www.kff.org/lgbtq/health-policy-101-lgbtq-health-policy/,272932.0,success,2832,436,html,text/html; charset=UTF-8,LGBTQ+ Health Policy | KFF,Lindsey Dawson; Jennifer Kates; Alex Montero; Ashley Kirzinger,2025-10-03,"KFF - The independent source for health policy research, polling, and news",https://www.kff.org/lgbtq/health-policy-101-lgbtq-health-policy/,,3250d2e42a290fc5a3a8.txt,7a923a582234f64459c4487e65839a4e4c50ec09d3d9579517161cdb55b2be02
3264383bc930bdb312b6,https://sciencedirect.com/science/article/pii/S2590291125006060,2026-09-29T19:23:11.816710+00:00,sciencedirect.com,False,downloaded,403.0,https://www.sciencedirect.com/science/article/pii/S2590291125006060,1207935.0,not_extracted,0,0,,,,,,,,,,
328c1c3c1d680506af99,https://sites.ed.gov/idea/about-idea,2026-09-29T19:23:13.776680+00:00,ed.gov,False,downloaded,403.0,https://sites.ed.gov/idea/about-idea,11639.0,not_extracted,0,0,,,,,,,,,,
3292cafe98f4046dd22d,https://pmc.ncbi.nlm.nih.gov/articles/PMC12228652,2026-09-29T19:23:14.246563+00:00,nih.gov,True,downloaded,200.0,https://pmc.ncbi.nlm.nih.gov/articles/PMC12228652/,205706.0,success,49985,7736,html,,Factors Associated with Housing Stability Among Individuals with Co-Occurring Serious Mental Illness and Substance Use Disorders Receiving Assertive Community Treatment Services,Yeqing Yuan; Jennifer Manuel,2024-12-30,Community Mental Health Journal,https://pmc.ncbi.nlm.nih.gov/articles/PMC12228652/,,3292cafe98f4046dd22d.txt,db3c13b4c82d1b2df1e3700293f6aa7b9c989a739d28a16e0c8d9fbc03be0434
32ad32380ce4b97b571e,https://sciencedirect.com/science/article/abs/pii/S0047235221000490,2026-09-29T19:23:14.417594+00:00,sciencedirect.com,False,downloaded,403.0,https://www.sciencedirect.com/science/article/abs/pii/S0047235221000490,1207947.0,not_extracted,0,0,,,,,,,,,,
336ffc72af7d3cc839bb,https://unidosus.org/blog/2026/06/16/federal-snap-cuts-have-denied-millions-of-latinos-and-other-americans-help-paying-for-food,2026-09-29T19:23:14.730446+00:00,unidosus.org,True,downloaded,200.0,https://unidosus.org/blog/2026/06/16/federal-snap-cuts-have-denied-millions-of-latinos-and-other-americans-help-paying-for-food/,197291.0,success,19941,3973,html,text/html; charset=UTF-8,Federal SNAP cuts have denied millions of Latinos and other Americans help paying for food,Alessandra Cespedes; UnidosUS,2026-06-16,UnidosUS,https://unidosus.org/blog/2026/06/16/federal-snap-cuts-have-denied-millions-of-latinos-and-other-americans-help-paying-for-food/,,336ffc72af7d3cc839bb.txt,61390706a17da110728822524cc863211fb4e7414c0bdcedc0f6587fafd0c7c1
33746694a7aefbf498ac,https://stephaniehahn.com/blog/2023/03/3-factors-that-increase-the-risk-of-workplace-sexual-harassment,2026-09-29T19:23:15.079855+00:00,stephaniehahn.com,False,downloaded,403.0,https://stephaniehahn.com/blog/2023/03/3-factors-that-increase-the-risk-of-workplace-sexual-harassment,5891.0,not_extracted,0,0,,,,,,,,,,
3377596d498630918e68,https://hdfc.bank.in/blogs/personal-loan/7-factors-that-determine-whether-your-loan-gets-sanctioned,2026-09-29T19:23:17.375590+00:00,bank.in,True,downloaded,200.0,https://www.hdfc.bank.in/blogs/personal-loan/7-factors-that-determine-whether-your-loan-gets-sanctioned,1082310.0,success,7197,1209,html,text/html;charset=utf-8,7 Factors that Determine Your Loan Approval Process | HDFC Bank,Aug,2025-08-06,HDFC Bank,https://www.hdfc.bank.in/blogs/personal-loan/7-factors-that-determine-whether-your-loan-gets-sanctioned,,3377596d498630918e68.txt,da45ecb5161122004b190cc3d7840cf65fb97a5d68622405e69fe5c248fdf256
33968ea5339bef3befa1,https://nlc.org/article/2022/10/28/barriers-existing-practices-recommendations-in-housing-for-hispanic-latinx-latinoa-residents,2026-09-29T19:23:17.467330+00:00,nlc.org,True,downloaded,200.0,https://www.nlc.org/article/2022/10/28/barriers-existing-practices-recommendations-in-housing-for-hispanic-latinx-latinoa-residents,145205.0,success,10387,1411,html,text/html; charset=UTF-8,"Barriers, Existing Practices & Recommendations in Housing for Hispanic, Latinx/Latino(a)* Residents",About the Authors,2022-10-28,National League of Cities,https://www.nlc.org/article/2022/10/28/barriers-existing-practices-recommendations-in-housing-for-hispanic-latinx-latinoa-residents/,,33968ea5339bef3befa1.txt,5b3030125343661414090ba862b15aa0703acf1a1e65f5e9cf14a493172c747d
33c0727383567ddeda96,https://ruffalonl.com/blog/enrollment/la-familia-five-ways-institutions-can-support-hispanic-families,2026-09-29T19:23:17.592614+00:00,ruffalonl.com,True,downloaded,200.0,https://www.ruffalonl.com/blog/enrollment/la-familia-five-ways-institutions-can-support-hispanic-families/,203680.0,success,7504,1085,html,text/html; charset=UTF-8,Five Ways Institutions Can Support Hispanic Families,Raquel Bermejo,2023-10-13,Ruffalo Noel Levitz,https://www.ruffalonl.com/blog/enrollment/la-familia-five-ways-institutions-can-support-hispanic-families/,,33c0727383567ddeda96.txt,b77d0feaf0aa5125e64aa011721dce5d3bdf9798088b0ea890e0fe3a9a0538e1
33c754c0e264fe2c55c8,https://rasmussen.edu/degrees/health-sciences/blog/patient-safety-in-hospitals,2026-09-29T19:23:20.015534+00:00,rasmussen.edu,True,downloaded,200.0,https://www.rasmussen.edu/degrees/health-sciences/blog/patient-safety-in-hospitals/,342049.0,success,6994,1120,html,text/html; charset=utf-8,5 Factors that Can Improve Patient Safety in Hospitals | Rasmussen University,Ashley Brooks,2018-08-22,Rasmussen University,https://www.rasmussen.edu/degrees/health-sciences/blog/patient-safety-in-hospitals/,,33c754c0e264fe2c55c8.txt,ad27fd9043ebebd0e8156a5410eda704bebd632e5d858a379d17312a8143e7a0
33d5a2463b5d66f100cd,https://cbpp.org/research/poverty-and-inequality/expanding-work-requirements-would-make-it-harder-for-people-to-meet,2026-09-29T19:23:20.186537+00:00,cbpp.org,False,downloaded,403.0,https://cbpp.org/research/poverty-and-inequality/expanding-work-requirements-would-make-it-harder-for-people-to-meet,6158.0,not_extracted,0,0,,,,,,,,,,
33f7534926f2acebe58d,https://americanprogress.org/article/protecting-basic-living-standards-lgbtq-people,2026-09-29T19:23:21.445092+00:00,americanprogress.org,False,downloaded,403.0,https://www.americanprogress.org/article/protecting-basic-living-standards-lgbtq-people,5854.0,not_extracted,0,0,,,,,,,,,,
33fd665b39fe0096e2db,https://linkedin.com/top-content/finance/financial-literacy-and-planning/early-challenges-in-women-s-financial-programs,2026-09-29T19:23:21.998860+00:00,linkedin.com,False,robots_disallowed,,,,not_extracted,0,0,,,,,,,,,,
3402c00745aaeed3bf0b,https://stacks.cdc.gov/view/cdc/128469,2026-09-29T19:23:23.244908+00:00,cdc.gov,True,downloaded,200.0,https://stacks.cdc.gov/view/cdc/128469,70137.0,success,3260,361,html,text/html; charset=UTF-8,Workplace Sexual Harassment and Vulnerabilities Among Low-Wage Hispanic Women,Marín; Luz S; Barreto; Milagros; Montano; Mirna; Sugerman-Brozan; Jodi; Goldstein-Gelb; Marcy; Punnett; Laura,2021-07-27,stacks.cdc.gov,https://stacks.cdc.gov/view/cdc/128469,,3402c00745aaeed3bf0b.txt,12ef2ea34974b21c6055075fe4386ab175b24976d12c104ea8e43849e9277887
342117959d3d2d752b68,https://glaad.org/reference/health,2026-09-29T19:23:24.935279+00:00,glaad.org,False,downloaded,403.0,https://glaad.org/reference/health,118.0,not_extracted,0,0,,,,,,,,,,
348bebda0590a2df923a,https://rprn.org/wp-content/uploads/2023/12/Monnat_2016-2_FINAL.pdf,2026-09-29T19:23:25.253756+00:00,rprn.org,True,downloaded,200.0,https://rprn.org/wp-content/uploads/2023/12/Monnat_2016-2_FINAL.pdf,824573.0,success,23976,3290,pdf,application/pdf,,,,,,,348bebda0590a2df923a.txt,e3afc01af9b007cec4361b76b4193baa6d41374e26a7c596785d046d14d6fd3d
349f9df556db3cf9ff81,https://search.proquest.com/openview/a508d6e9b3dd9aff930396e482f2e34f/1?cbl=47760&pq-origsite=gscholar,2026-09-29T19:23:25.505540+00:00,proquest.com,True,downloaded,200.0,https://www.proquest.com/intermediateredirectforezproxy,2470.0,empty_text,0,0,html,text/html;charset=UTF-8,,,2024-11-01,proquest.com,https://www.proquest.com/intermediateredirectforezproxy,,349f9df556db3cf9ff81.txt,e3b0c44298fc1c149afbf4c8996fb92427ae41e4649b934ca495991b7852b855
34a8961e42b070351890,https://escholarship.org/content/qt56p7716s/qt56p7716s.pdf,2026-09-29T19:23:25.922144+00:00,escholarship.org,False,downloaded,403.0,https://escholarship.org/content/qt56p7716s/qt56p7716s.pdf,919.0,not_extracted,0,0,,,,,,,,,,
353f5f4132a006910393,https://mapresearch.org/policy-and-issue-analysis/health-care,2026-09-29T19:23:26.523790+00:00,mapresearch.org,True,downloaded,200.0,https://mapresearch.org/policy-and-issue-analysis/health-care,372201.0,success,979,143,html,text/html; charset=UTF-8,Health Care - Movement Advancement Project,,2026-06-15,Movement Advancement Project,https://mapresearch.org/policy-and-issue-analysis/health-care/,,353f5f4132a006910393.txt,220d08400fae09b1bb335ea81d172a0852bf19efab67f639923e42671ed93869
3548d90c7e0fb19800b1,https://mcknightshomecare.com/news/report-states-improving-medicaid-renewal-processes-for-seniors-people-with-disabilities,2026-09-29T19:23:27.985847+00:00,mcknightshomecare.com,False,downloaded,403.0,https://mcknightshomecare.com/news/report-states-improving-medicaid-renewal-processes-for-seniors-people-with-disabilities,8182.0,not_extracted,0,0,,,,,,,,,,
354ced46cedfd302117d,https://pmc.ncbi.nlm.nih.gov/articles/PMC11195964,2026-09-29T19:23:30.030997+00:00,nih.gov,True,downloaded,200.0,https://pmc.ncbi.nlm.nih.gov/articles/PMC11195964/,297726.0,success,79798,11719,html,,Career sacrifice for an LGBTQ*-friendly work environment? a choice experiment to investigate the job preferences of LGBTQ* people,Zaza Zindel; Lisa de Vries,2024-06-24,PLOS ONE,https://pmc.ncbi.nlm.nih.gov/articles/PMC11195964/,,354ced46cedfd302117d.txt,8c6f2dfcdc15313546fd112af68efc012d7c84327a1e39fc2f267dc8870c47bb
356ef631d65260b12137,https://federalreserve.gov/econres/feds/how-much-does-racial-bias-affect-mortgage-lending.htm,2026-09-29T19:23:30.152344+00:00,federalreserve.gov,True,downloaded,200.0,https://www.federalreserve.gov/econres/feds/how-much-does-racial-bias-affect-mortgage-lending.htm,87816.0,success,1802,259,html,text/html,How Much Does Racial Bias Affect Mortgage Lending? Evidence from Human and Algorithmic Credit Decisions,Neil Bhutta; Aurel Hizmo; Daniel Ringo,2022-10-18,federalreserve.gov,https://www.federalreserve.gov/econres/feds/how-much-does-racial-bias-affect-mortgage-lending.htm,,356ef631d65260b12137.txt,b706ecd756ac04e73b0427db49ff529f22e71b38a97de50de5bd2eee9b2e6ba6
35ad1ce4a02f95285091,https://pmc.ncbi.nlm.nih.gov/articles/PMC10103672,2026-09-29T19:23:30.362622+00:00,nih.gov,True,downloaded,200.0,https://pmc.ncbi.nlm.nih.gov/articles/PMC10103672,21372.0,success,131,18,html,,Checking your browser,,2026-09-11,google.com,https://www.google.com/recaptcha/challengepage,,35ad1ce4a02f95285091.txt,a29166d0eaaa418bd5af61a282f1183a46c84c4d5e4c90689b1b452d230d05cc
35bf709073e53235f5d2,https://wbur.org/cognoscenti/2023/10/19/racial-bullying-george-floyd-alexis-rickmers-oren-sellstrom,2026-09-29T19:23:30.663901+00:00,wbur.org,True,downloaded,200.0,https://www.wbur.org/cognoscenti/2023/10/19/racial-bullying-george-floyd-alexis-rickmers-oren-sellstrom,411877.0,success,5394,847,html,text/html; charset=utf-8,Racial bullying in schools is on the rise — including here in Mass.,Alexis Rickmers; Oren Sellstrom,2023-10-19,Wbur,https://www.wbur.org/cognoscenti/2023/10/19/racial-bullying-george-floyd-alexis-rickmers-oren-sellstrom,,35bf709073e53235f5d2.txt,11359eb076f1fa99ec273770f7afad4ddb5b00a5f091be67b342c3bf195f1e9b
35c6dfd8c5e1d9daa259,https://benefitkarma.com/articles/family-education/marriage-penalty-government-benefits-the-marriage-penalty-explained,2026-09-29T19:23:31.203184+00:00,benefitkarma.com,True,downloaded,200.0,https://benefitkarma.com/articles/family-education/marriage-penalty-government-benefits-the-marriage-penalty-explained,16429.0,success,46,7,html,text/html; charset=utf-8,BenefitKarma — Let's make benefits make sense.,,2000-01-01,BenefitKarma,https://benefitkarma.com/,,35c6dfd8c5e1d9daa259.txt,1595bc63c935a7e8a4e02f087c0cf9538b47c4b87ad2db94c955eda9842a32a4
35eb5a322178dfbb8246,https://pnas.org/doi/10.1073/pnas.1903592116,2026-09-29T19:23:32.571194+00:00,pnas.org,False,downloaded,403.0,https://pnas.org/doi/10.1073/pnas.1903592116,5722.0,not_extracted,0,0,,,,,,,,,,
360e245835bf5a865c6c,https://ebsco.com/research-starters/history/welfares-impact-racialethnic-relations,2026-09-29T19:23:33.354881+00:00,ebsco.com,True,downloaded,200.0,https://www.ebsco.com/research-starters/history/welfares-impact-racialethnic-relations,126899.0,success,16668,2494,html,text/html,Welfare's impact on racial/ethnic relations | History | Research Starters | EBSCOhost,,2022-05-01,EBSCO,https://www.ebsco.com/,,360e245835bf5a865c6c.txt,e973adc1544fe00c86349d15d2001afc3eb01b5fdf1823f24f765951aa7b88e2
3611a4112d207918ce64,https://insights.som.yale.edu/insights/black-households-have-less-access-to-banks,2026-09-29T19:23:33.637425+00:00,yale.edu,True,downloaded,200.0,https://insights.som.yale.edu/insights/black-households-have-less-access-to-banks,93841.0,success,7998,1280,html,text/html; charset=UTF-8,Black Households Have Less Access to Banks,Jung Sakong,2023-01-17,Yale Insights,https://insights.som.yale.edu/insights/black-households-have-less-access-to-banks,,3611a4112d207918ce64.txt,eb4181db56bc8561e17cc2774a361b37f9fb4b5458ea29396669c9a6909feb68
3635a8aa554af5264dbc,https://youtube.com/shorts/XqtPlNWoPNQ,2026-09-29T19:23:33.749510+00:00,youtube.com,True,downloaded,200.0,https://www.youtube.com/shorts/XqtPlNWoPNQ,1484883.0,success,146,23,html,text/html; charset=utf-8,How are men impacting college enrollment?,,2026-02-16,YouTube,https://www.youtube.com/shorts/XqtPlNWoPNQ,,3635a8aa554af5264dbc.txt,8dbba17988e385133ba8f51d76cde1fc2c859262b666cb848e9cfe2478fd5e71
365aaef770be42e431d2,https://pmc.ncbi.nlm.nih.gov/articles/PMC12047694,2026-09-29T19:23:36.686134+00:00,nih.gov,True,downloaded,200.0,https://pmc.ncbi.nlm.nih.gov/articles/PMC12047694/,243845.0,success,52204,8367,html,,Understanding the Effect of Race on Medicare Advantage Enrollment,Adam Atherly; Roger Feldman; Eline van den Broek‐Altenburg; Bryan E Dowd,2025-03-13,Health Services Research,https://pmc.ncbi.nlm.nih.gov/articles/PMC12047694/,,365aaef770be42e431d2.txt,506d701e3a93f9b74a15885f8df013e28f176038a36f762d1e5841e009469f6b
365cd9a915258b91538e,https://pressbooks.salemstate.edu/disabilitysocialwork/chapter/criminal-legal-systems,2026-09-29T19:23:37.205816+00:00,salemstate.edu,False,downloaded,403.0,https://pressbooks.salemstate.edu/disabilitysocialwork/chapter/criminal-legal-systems,919.0,not_extracted,0,0,,,,,,,,,,
368c735128bd262077f8,https://nwlc.org/why-housing-is-a-gender-justice-issue,2026-09-29T19:23:38.405645+00:00,nwlc.org,True,downloaded,200.0,https://nwlc.org/why-housing-is-a-gender-justice-issue/,270968.0,success,3821,629,html,text/html; charset=UTF-8,Why Housing Is a Gender Justice Issue,Hallie Meisler,2023-04-28,National Women's Law Center,https://nwlc.org/why-housing-is-a-gender-justice-issue/,,368c735128bd262077f8.txt,460c668972017f838f247d49745f6d26c549b43d7aac9495648c9eb3f2777f7e
36a834dfe056a5ab922f,https://eeoc.gov/laws/guidance/section-15-race-and-color-discrimination,2026-09-29T19:23:38.415584+00:00,eeoc.gov,True,downloaded,200.0,https://www.eeoc.gov/laws/guidance/section-15-race-and-color-discrimination,287305.0,success,566,56,html,text/html; charset=utf-8,Section 15 Race and Color Discrimination,This guidance document was issued upon approval by vote,2006-04-19,U.S. Equal Employment Opportunity Commission,https://www.eeoc.gov/laws/guidance/section-15-race-and-color-discrimination,,36a834dfe056a5ab922f.txt,fe89d1b1a6a4aadca10dbce1e1754f60c55aac9aba8cef1ddb9c278197f9a345
36bfe8408816851ac187,https://deathpenaltyinfo.org/policy-issues/biases-and-vulnerabilities/lgbtq-people/issues-impacting-lgbtq-prisoners,2026-09-29T19:23:38.464045+00:00,deathpenaltyinfo.org,True,downloaded,200.0,https://deathpenaltyinfo.org/policy-issues/biases-and-vulnerabilities/lgbtq-people/issues-impacting-lgbtq-prisoners,320327.0,success,8976,1320,html,text/html; charset=UTF-8,Issues Impacting LGBTQ+ Prisoners | Death Penalty Information Center,,2024-06-28,Death Penalty Information Center,https://deathpenaltyinfo.org/policy-issues/biases-and-vulnerabilities/lgbtq-people/issues-impacting-lgbtq-prisoners,,36bfe8408816851ac187.txt,82f5154fd9ec3ee20a1a426b41dc2ab4525ce0d84a838d4ad8bd0e2ea51d1e06
36c0735fed165a8b3f18,https://lendingtree.com/personal/reasons-why-your-personal-loan-was-declined,2026-09-29T19:23:39.274566+00:00,lendingtree.com,True,downloaded,200.0,https://www.lendingtree.com/personal/reasons-why-your-personal-loan-was-declined/,436347.0,success,10086,1711,html,text/html; charset=UTF-8,7 Reasons Why You Were Denied a Personal Loan,Lauren Clifford,2018-11-19,LendingTree,https://www.lendingtree.com/personal/reasons-why-your-personal-loan-was-declined/,,36c0735fed165a8b3f18.txt,a1dd50ff07e01eae426895c5a7e74187232ff965a912347f2e9d93ff35503a70
36cf4c5819386d13cebd,https://commonwealthfund.org/blog/2023/state-health-equity-initiatives-confront-decades-racism-insurance-industry,2026-09-29T19:23:40.261705+00:00,commonwealthfund.org,False,downloaded,403.0,https://commonwealthfund.org/blog/2023/state-health-equity-initiatives-confront-decades-racism-insurance-industry,5982.0,not_extracted,0,0,,,,,,,,,,
36d5c174c4479cdb20e7,https://pmc.ncbi.nlm.nih.gov/articles/PMC2690299,2026-09-29T19:23:40.385523+00:00,nih.gov,True,downloaded,200.0,https://pmc.ncbi.nlm.nih.gov/articles/PMC2690299,21367.0,success,131,18,html,,Checking your browser,,2026-09-11,google.com,https://www.google.com/recaptcha/challengepage,,36d5c174c4479cdb20e7.txt,a29166d0eaaa418bd5af61a282f1183a46c84c4d5e4c90689b1b452d230d05cc
371502b7ba9376a348d1,https://oprah.com/money/financial-benefits-of-marriage-marriage-equality-tax-benefits,2026-09-29T19:23:42.769089+00:00,oprah.com,True,downloaded,200.0,https://www.oprah.com:443/money/financial-benefits-of-marriage-marriage-equality-tax-benefits,62590.0,success,7525,1257,html,text/html; charset=utf-8,Suze Orman: 4 Financial Benefits of Tying the Knot,Suze Orman,2014-03-26,Oprah.com,https://www.oprah.com/money/financial-benefits-of-marriage-marriage-equality-tax-benefits,,371502b7ba9376a348d1.txt,ae88ff0532e266ac1e000a950ed103fff81ddfe915c41bd64e890e3ce5ca8001
37318d9ed3d538e61443,https://tandfonline.com/doi/full/10.1080/2331186X.2025.2603187,2026-09-29T19:23:43.375033+00:00,tandfonline.com,False,downloaded,403.0,https://tandfonline.com/doi/full/10.1080/2331186X.2025.2603187,5826.0,not_extracted,0,0,,,,,,,,,,
375f84921f2bf75d6bd2,https://haelaw.com/what-creates-hostile-work-environment,2026-09-29T19:23:43.614394+00:00,haelaw.com,True,downloaded,200.0,https://haelaw.com/what-creates-hostile-work-environment/,225182.0,success,9980,1640,html,text/html; charset=UTF-8,"What Creates a Hostile Work Environment? | Haeggquist & Eck, LLP",Haeggquist; Eck,2022-12-14,"Haeggquist & Eck, LLP",https://haelaw.com/what-creates-hostile-work-environment/,,375f84921f2bf75d6bd2.txt,4d7d51c5bc7416b0a6fd08544ff886a42c91b5fec6aa79ab26d93c7ff6c51579
37844408c2855aec8c95,https://sciencedirect.com/science/article/abs/pii/S0190740909001819,2026-09-29T19:23:43.887721+00:00,sciencedirect.com,False,downloaded,403.0,https://www.sciencedirect.com/science/article/abs/pii/S0190740909001819,1207947.0,not_extracted,0,0,,,,,,,,,,
3795dc940230fc4d835f,https://entirafamilyclinics.com/mens-preventive-care-what-to-prioritize-and-when,2026-09-29T19:23:44.392658+00:00,entirafamilyclinics.com,True,downloaded,200.0,https://entirafamilyclinics.com/mens-preventive-care-what-to-prioritize-and-when/,86558.0,success,5229,770,html,text/html; charset=UTF-8,Men's Preventive Care: What to Prioritize and When,Pmhumanus,2026-03-18,Entira Family Clinics,https://entirafamilyclinics.com/mens-preventive-care-what-to-prioritize-and-when/,,3795dc940230fc4d835f.txt,26de9d8c29f83faae1bff66bac2c3811308818e7d1f871a692aaed0179ed7349
37b4c28064b9321e7031,https://scholarsjunction.msstate.edu/cgi/viewcontent.cgi?article=8007&context=td,2026-09-29T19:23:46.641053+00:00,msstate.edu,False,downloaded,403.0,https://scholarsjunction.msstate.edu/cgi/viewcontent.cgi?article=8007&context=td,5833.0,not_extracted,0,0,,,,,,,,,,
37b8d38bea157c1ca737,https://youtube.com/watch?t=5s&v=m6GNJ5sBK6Q,2026-09-29T19:23:47.047069+00:00,youtube.com,True,downloaded,200.0,https://www.youtube.com/watch?t=5s&v=m6GNJ5sBK6Q,1220037.0,success,146,23,html,text/html; charset=utf-8,Home ownership | Why Race Matters,,2022-09-25,YouTube,https://www.youtube.com/watch?v=m6GNJ5sBK6Q,,37b8d38bea157c1ca737.txt,8dbba17988e385133ba8f51d76cde1fc2c859262b666cb848e9cfe2478fd5e71
37c38b7f648527b3cc8e,https://abilitykc.org/5-commonly-faced-barriers-to-employment-that-persons-with-disabilities-often-face,2026-09-29T19:23:47.077539+00:00,abilitykc.org,True,downloaded,200.0,https://abilitykc.org/5-commonly-faced-barriers-to-employment-that-persons-with-disabilities-often-face/,220829.0,success,4679,725,html,text/html; charset=UTF-8,5 Barriers to Employment Faced by Persons With Disabilities,Ll Abilitykc,2025-03-15,Ability KC,https://abilitykc.org/5-commonly-faced-barriers-to-employment-that-persons-with-disabilities-often-face/,,37c38b7f648527b3cc8e.txt,5bb18f79d1e653e7df9dcf3bb24d0904ec72b49adffdb76eb822317e329c7781
37d43ff3ee020c748f06,https://cbpp.org/research/hud-halts-enforcement-of-rule-protecting-transgender-and-nonbinary-people-from,2026-09-29T19:23:47.851409+00:00,cbpp.org,False,downloaded,403.0,https://cbpp.org/research/hud-halts-enforcement-of-rule-protecting-transgender-and-nonbinary-people-from,6157.0,not_extracted,0,0,,,,,,,,,,
382d80f2b5999daa83c9,https://pmc.ncbi.nlm.nih.gov/articles/PMC10623467,2026-09-29T19:23:47.906782+00:00,nih.gov,True,downloaded,200.0,https://pmc.ncbi.nlm.nih.gov/articles/PMC10623467/,233688.0,success,52558,7632,html,,"Bullying Involvement at the Intersection of Gender Identity/Modality, Sexual Identity, Race, Ethnicity, and Disability: Prevalence Disparities and the Role of School-Related Developmental Assets",Samantha E Lawrence; Barbara J McMorris; Kay A Simon; Amy L Gower; Marla E Eisenberg,2023-09-27,LGBT Health,https://pmc.ncbi.nlm.nih.gov/articles/PMC10623467/,,382d80f2b5999daa83c9.txt,aa87260bc78b76fea46be86cd1ab1eb3bc8fa57e9907152a845e57ed7dfa671d
38b05133ffef29d3cd1e,https://nacacnet.org/factors-in-the-admission-decision,2026-09-29T19:23:48.389570+00:00,nacacnet.org,True,downloaded,200.0,https://www.nacacnet.org/factors-in-the-admission-decision/,264957.0,success,4366,932,html,text/html; charset=UTF-8,Factors in the Admission Decision - National Association for College Admission Counseling (NACAC),JP,2023-08-23,National Association for College Admission Counseling (NACAC),https://www.nacacnet.org/factors-in-the-admission-decision/,,38b05133ffef29d3cd1e.txt,520522031153642e0be08bf330e242c160c58458696bccacea6badd718e89ba2
38f3493e6a8492913407,https://link.springer.com/article/10.1186/s12939-025-02603-2,2026-09-29T19:23:48.778233+00:00,springer.com,False,robots_disallowed,,,,not_extracted,0,0,,,,,,,,,,
3952700851987a1de36e,https://who.int/news-room/fact-sheets/detail/patient-safety,2026-09-29T19:23:48.778426+00:00,who.int,True,downloaded,200.0,https://www.who.int/news-room/fact-sheets/detail/patient-safety,124898.0,success,13968,2022,html,text/html; charset=utf-8,Patient safety,,2023-09-11,World Health Organization: WHO,https://www.who.int/news-room/fact-sheets/detail/patient-safety,,3952700851987a1de36e.txt,b27cbbbe172fb0666f574ab96239d2d3ec360913648b088189ffb16f254bf443
3966d4cfa437893f7de1,https://williamsinstitute.law.ucla.edu/wp-content/uploads/Trans-Workplace-Discrimination-Nov-2024.pdf,2026-09-29T19:23:49.383908+00:00,ucla.edu,True,downloaded,200.0,https://williamsinstitute.law.ucla.edu/wp-content/uploads/Trans-Workplace-Discrimination-Nov-2024.pdf,2588530.0,success,84981,12501,pdf,application/pdf,,,,,,,3966d4cfa437893f7de1.txt,a7d074969e87ecefc4be6766ac5147861468fb75bc91717e19392052175b6a29
39776f8a9f5881db315b,https://google.com/goto?url=CAESoQEB6zswFTIvpjlIMK2ZYXIZ2vr2ZLxHNKnjLaK2CsfklPB3vH2_tLhpapr_o_B-WJvPi4whF3gezkgDELgoVV4nfOi0Gh9kTNu_2OVeL-SLghi92hwfeiHBDUw-eIppTt7QKkqnaMvqPUGAHiMqihQdgpf7gG6QlWizpf3ZUsoq3shMf9mMEshOcYKQbB3pPynjIQ0ROB8EgZIoSsKcs8jLkA,2026-09-29T19:23:50.908952+00:00,google.com,False,robots_disallowed,,,,not_extracted,0,0,,,,,,,,,,
39a82e961ecce54c40be,https://krevskybowser.com/blog/2023/05/these-environmental-factors-make-sexual-harassment-more-likely,2026-09-29T19:23:50.909174+00:00,krevskybowser.com,False,downloaded,403.0,https://krevskybowser.com/blog/2023/05/these-environmental-factors-make-sexual-harassment-more-likely,5867.0,not_extracted,0,0,,,,,,,,,,
39a9a42ec115c76d0640,https://pmc.ncbi.nlm.nih.gov/articles/PMC8439157,2026-09-29T19:23:51.073561+00:00,nih.gov,True,downloaded,200.0,https://pmc.ncbi.nlm.nih.gov/articles/PMC8439157/,258086.0,success,72668,11111,html,,"Race/Ethnicity, Perceived Skin Color, and the Likelihood of Adult Arrest",Jessica G Finkeldey; Stephen Demuth,2019-02-04,Race and justice,https://pmc.ncbi.nlm.nih.gov/articles/PMC8439157/,,39a9a42ec115c76d0640.txt,e9f67f63adafca418d8a69f291861e0fe3d733acdc4a479dce0f44d600e552c7
39c5fac8bd8e2440f0cc,https://familypromiseanoka.org/blog/disproportionate-homelessness,2026-09-29T19:23:51.199826+00:00,familypromiseanoka.org,True,downloaded,200.0,https://www.familypromiseanoka.org/blog/disproportionate-homelessness,401014.0,success,8163,1185,html,text/html;charset=UTF-8,Homelessness disproportionately effects people of color.,Gwen Campbell,2022-06-21,Family Promise in Anoka County,https://www.familypromiseanoka.org/blog/disproportionate-homelessness,,39c5fac8bd8e2440f0cc.txt,27385293a0935abfcef47bc9a292575b7a7e576de7fc032ed4cb89eab216d15c
39d3e7fa5bc267e8c155,https://jennifertardy.com/linkedin-newsletter-articles/hispanic-discrimination-employment,2026-09-29T19:23:51.556699+00:00,jennifertardy.com,True,downloaded,200.0,https://www.jennifertardy.com/linkedin-newsletter-articles/hispanic-discrimination-employment,170317.0,success,9102,1397,html,text/html;charset=utf-8,Hispanic Discrimination in Employment: Hurdles Contributing to Underrepresentation — Jennifer Tardy Consulting - Diversity Recruiting Expert + Career Coach,Jennifer Tardy,2024-09-17,Jennifer Tardy Consulting - Diversity Recruiting Expert + Career Coach,https://www.jennifertardy.com/linkedin-newsletter-articles/hispanic-discrimination-employment,,39d3e7fa5bc267e8c155.txt,892f3483b1a4bba666e8fa1c2bfb8a66d2740d7c923d803ba068a6f1fe9585f8
39ee0890645bfc2172dd,https://equitablegrowth.org/latino-workers-are-often-segregated-into-bad-jobs-but-a-strong-u-s-labor-movement-can-boost-job-quality-and-u-s-economic-growth,2026-09-29T19:23:52.935120+00:00,equitablegrowth.org,True,downloaded,200.0,https://equitablegrowth.org/latino-workers-are-often-segregated-into-bad-jobs-but-a-strong-u-s-labor-movement-can-boost-job-quality-and-u-s-economic-growth/,219307.0,success,18504,2779,html,text/html; charset=UTF-8,"Latino workers are often segregated into bad jobs, but a strong U.S. labor movement can boost job quality and U.S. economic growth",Emilie Openchowski,2022-10-13,Washington Center for Equitable Growth,https://equitablegrowth.org/latino-workers-are-often-segregated-into-bad-jobs-but-a-strong-u-s-labor-movement-can-boost-job-quality-and-u-s-economic-growth/,,39ee0890645bfc2172dd.txt,9ec3c62038f540720788ac001d23a1d0bad2e9675674a2705e38be991c29b96c
3a041a7070dec23304dc,https://endhomelessnesschesco.org/resources/unraveling-the-threads-race-gender-and-sexuality-homelessness,2026-09-29T19:23:53.584991+00:00,endhomelessnesschesco.org,True,downloaded,200.0,https://endhomelessnesschesco.org/resources/unraveling-the-threads-race-gender-and-sexuality-homelessness,201206.0,success,5278,716,html,text/html;charset=utf-8,Pennsylvania Homeless Shelters,Genesis Rubio,2024-06-01,Chester County Partnership to End Homelessness,https://endhomelessnesschesco.org/resources/unraveling-the-threads-race-gender-and-sexuality-homelessness,,3a041a7070dec23304dc.txt,5007660f6df4746df44fdda7db2e4c9ad1827625305799d63fb84692a78100f4
3a4d275d43cc15b7de29,https://pmc.ncbi.nlm.nih.gov/articles/PMC4438581,2026-09-29T19:23:53.897201+00:00,nih.gov,True,downloaded,200.0,https://pmc.ncbi.nlm.nih.gov/articles/PMC4438581,21368.0,success,131,18,html,,Checking your browser,,2026-09-11,google.com,https://www.google.com/recaptcha/challengepage,,3a4d275d43cc15b7de29.txt,a29166d0eaaa418bd5af61a282f1183a46c84c4d5e4c90689b1b452d230d05cc
3ab2c9e0cad5c30257b8,https://unesco.org/en/articles/what-you-need-know-about-school-violence-and-bullying,2026-09-29T19:23:54.056231+00:00,unesco.org,True,downloaded,200.0,https://www.unesco.org/en/articles/what-you-need-know-about-school-violence-and-bullying,79132.0,success,7846,1154,html,,What you need to know about school violence and bullying,,2020-11-03,UNESCO,https://www.unesco.org/en/articles/what-you-need-know-about-school-violence-and-bullying,,3ab2c9e0cad5c30257b8.txt,f6a61588b1fde686891aaa963f9fbc6ee9bdf1d6f11d52a14eb5e987023a4314
3ad697552c892a0615c5,https://pmc.ncbi.nlm.nih.gov/articles/PMC10527840,2026-09-29T19:23:54.487165+00:00,nih.gov,True,downloaded,200.0,https://pmc.ncbi.nlm.nih.gov/articles/PMC10527840,21371.0,success,131,18,html,,Checking your browser,,2026-09-11,google.com,https://www.google.com/recaptcha/challengepage,,3ad697552c892a0615c5.txt,a29166d0eaaa418bd5af61a282f1183a46c84c4d5e4c90689b1b452d230d05cc
3aef06da92fb4ab78593,https://endhomelessness.org/blog/increases-in-individual-homelessness-a-gender-analysis,2026-09-29T19:23:54.653677+00:00,endhomelessness.org,True,downloaded,200.0,https://endhomelessness.org/blog/increases-in-individual-homelessness-a-gender-analysis,347889.0,success,5522,820,html,text/html; charset=UTF-8,Increases in Individual Homelessness: A Gender Analysis,NAEH,2024-11-01,National Alliance to End Homelessness,https://endhomelessness.org/blog/increases-in-individual-homelessness-a-gender-analysis/,,3aef06da92fb4ab78593.txt,ea9e9a143a0e82e3d15d0826063e93c0fad4cbe0013370f2c6673d742e4bfd02
3b0935f3835d8b80ef37,https://endhomelessness.org/blog/examining-latino-homelessness,2026-09-29T19:23:55.481045+00:00,endhomelessness.org,True,downloaded,200.0,https://endhomelessness.org/blog/examining-latino-homelessness,344398.0,success,3860,572,html,text/html; charset=UTF-8,Examining Latino Homelessness,Andres Orejuela,2025-03-05,National Alliance to End Homelessness,https://endhomelessness.org/blog/examining-latino-homelessness/,,3b0935f3835d8b80ef37.txt,29dbbd146772dc106606a2be741b2ad1cf8660a751ed33e01244f2075f671169
3b3f76e315bf22373a9e,https://pewresearch.org/social-trends/2012/12/18/a-bipartisan-nation-of-beneficiaries,2026-09-29T19:23:55.548282+00:00,pewresearch.org,True,downloaded,200.0,https://www.pewresearch.org/social-trends/2012/12/18/a-bipartisan-nation-of-beneficiaries/,422738.0,success,16002,2556,html,text/html; charset=UTF-8,A Bipartisan Nation of Beneficiaries,Rich Morin; Paul Taylor; Eileen Patten,2012-12-18,Pew Research Center,https://www.pewresearch.org/social-trends/2012/12/18/a-bipartisan-nation-of-beneficiaries/,,3b3f76e315bf22373a9e.txt,4d5b8444d3ef91d833a5524188e38f53ad83444d40dc75575b1eefd55d6aebbd
3b7f0e0f1b195cb98286,https://pmc.ncbi.nlm.nih.gov/articles/PMC12345974,2026-09-29T19:23:57.866455+00:00,nih.gov,True,downloaded,200.0,https://pmc.ncbi.nlm.nih.gov/articles/PMC12345974/,204372.0,success,52806,7584,html,,From Cueless to Cue-Full: Understanding Health Care Cues’ Impact on Sexual Orientation and Gender Identity Disclosure,Michelle A Stage; Mollie A Ruben,2024-12-12,Translational issues in psychological science,https://pmc.ncbi.nlm.nih.gov/articles/PMC12345974/,,3b7f0e0f1b195cb98286.txt,39875a1b6cc7d5bc700348e2a7f9b7f0e12e9b7da2caf2ba50e17c2e8e029826
3b95d31b802cfdcb021d,https://brookings.edu/articles/an-analysis-of-financial-institutions-in-black-majority-communities-black-borrowers-and-depositors-face-considerable-challenges-in-accessing-banking-services,2026-09-29T19:23:58.318850+00:00,brookings.edu,True,downloaded,200.0,https://www.brookings.edu/articles/an-analysis-of-financial-institutions-in-black-majority-communities-black-borrowers-and-depositors-face-considerable-challenges-in-accessing-banking-services/,284285.0,success,41267,6200,html,text/html; charset=UTF-8,An analysis of financial institutions in Black-majority communities: Black borrowers and depositors face considerable challenges in accessing banking services | Brookings,Junjie Ren; Adam Aley,2022-03-09,Brookings,https://www.brookings.edu/articles/an-analysis-of-financial-institutions-in-black-majority-communities-black-borrowers-and-depositors-face-considerable-challenges-in-accessing-banking-services/,,3b95d31b802cfdcb021d.txt,201afb8195de0df4e5ed41ee54169c5603443c8a952448c60aac52df7422bf21
3ba524b9ce68d9d17b14,https://northeastada.org/blog/workplace-bullying-harassment-and-disability,2026-09-29T19:23:58.598101+00:00,northeastada.org,True,downloaded,200.0,https://northeastada.org/blog/workplace-bullying-harassment-and-disability,48115.0,success,9628,1396,html,text/html; charset=utf-8,The,Northeast ADA Center Staff,2020-04-26,NortheastADA,https://northeastada.org/blog/workplace-bullying-harassment-and-disability,,3ba524b9ce68d9d17b14.txt,cf5fd09b617bac0f8d54e5eba03c525bfd048b506e6bfda5ff3546a9b34cdbef
3c89033100c1ca466737,https://youtube.com/watch?v=un3LK77DZdg,2026-09-29T19:23:58.990301+00:00,youtube.com,True,downloaded,200.0,https://www.youtube.com/watch?v=un3LK77DZdg,1213881.0,success,146,23,html,text/html; charset=utf-8,Health equity for people with disabilities,,2022-12-13,YouTube,https://www.youtube.com/watch?v=un3LK77DZdg,,3c89033100c1ca466737.txt,8dbba17988e385133ba8f51d76cde1fc2c859262b666cb848e9cfe2478fd5e71
3c9cfe0cdfab5255a1ea,https://cmhfh.org/news/barriers-to-affordable-housing-for-the-lgbtq-community,2026-09-29T19:23:59.483913+00:00,cmhfh.org,False,downloaded,403.0,https://cmhfh.org/news/barriers-to-affordable-housing-for-the-lgbtq-community,52.0,not_extracted,0,0,,,,,,,,,,
3cddef3a39cba22de7bc,https://specialneedsalliance.org/special-needs-101/government-benefits,2026-09-29T19:24:00.148521+00:00,specialneedsalliance.org,True,downloaded,200.0,https://www.specialneedsalliance.org/special-needs-101/government-benefits/,145298.0,success,3895,582,html,text/html; charset=UTF-8,Government Benefits Programs Special Needs Alliance,,2023-08-31,Special Needs Alliance,https://www.specialneedsalliance.org/special-needs-101/government-benefits/,,3cddef3a39cba22de7bc.txt,c400b12f7d582a4568c26e6fda7adbd09e1e046a141f641181d6d32685c3490a
3d39668b388de84e4776,https://ehealthinsurance.com/resources/individual-and-family/health-insurance-for-lgbtq-community,2026-09-29T19:24:01.156186+00:00,ehealthinsurance.com,False,downloaded,403.0,https://ehealthinsurance.com/resources/individual-and-family/health-insurance-for-lgbtq-community,1816.0,not_extracted,0,0,,,,,,,,,,
3d44a8dda0e57fbc5a26,https://pmc.ncbi.nlm.nih.gov/articles/PMC9662773,2026-09-29T19:24:01.393318+00:00,nih.gov,True,downloaded,200.0,https://pmc.ncbi.nlm.nih.gov/articles/PMC9662773/,338596.0,success,121017,17103,html,,Social support in schools and related outcomes for LGBTQ youth: a scoping review,Enoch Leung; Gabriela Kassel-Gomez; Samantha Sullivan; Flavio Murahara; Tara Flanagan,2022-11-14,Discover Education,https://pmc.ncbi.nlm.nih.gov/articles/PMC9662773/,,3d44a8dda0e57fbc5a26.txt,459a81328739245b8c275354a660eddb8a8103f07d95579cd5d4388b20c22305
3d58c3a70dd8b3ec039d,https://americanprogress.org/press/release-broken-criminal-justice-system-disproportionately-targets-and-harms-lgbt-people,2026-09-29T19:24:01.949214+00:00,americanprogress.org,False,downloaded,403.0,https://www.americanprogress.org/press/release-broken-criminal-justice-system-disproportionately-targets-and-harms-lgbt-people,6013.0,not_extracted,0,0,,,,,,,,,,
3d6d8da4adca8cf836a9,https://mhanational.org/blog/challenges-being-lgbtq-workplace,2026-09-29T19:24:02.174399+00:00,mhanational.org,True,downloaded,200.0,https://mhanational.org/blog/challenges-being-lgbtq-workplace/,136517.0,success,3891,662,html,text/html; charset=UTF-8,The challenges of being LGBTQ in the workplace | Mental Health America,,2025-02-21,Mental Health America,https://mhanational.org/blog/challenges-being-lgbtq-workplace/,,3d6d8da4adca8cf836a9.txt,8104f29608e6adba6acf51a477e0d948c1e320e0fd4d6148084a6f5a0c07ac90
3d8ec638c71ff7751b30,https://aspe.hhs.gov/reports/federal-programs-persons-disabilities-0,2026-09-29T19:24:03.050651+00:00,hhs.gov,True,downloaded,200.0,https://aspe.hhs.gov/reports/federal-programs-persons-disabilities-0,418906.0,success,299738,46774,html,text/html; charset=UTF-8,Federal Programs for Persons with Disabilities,,2000-01-01,ASPE,http://aspe.hhs.gov/reports/federal-programs-persons-disabilities-0,,3d8ec638c71ff7751b30.txt,8a7c686fdc3069c26e86a84e2b407ea335b93a04d30e3f8e1a7438d4cc883e5f
3df5b39ec9750776d537,https://williamsinstitute.law.ucla.edu/publications/medicaid-trans-health-care,2026-09-29T19:24:03.376089+00:00,ucla.edu,True,downloaded,200.0,https://williamsinstitute.law.ucla.edu/publications/medicaid-trans-health-care/,113498.0,success,2354,341,html,text/html; charset=UTF-8,Medicaid Coverage for Gender-Affirming Care,Loyal; Thisisloyal Com,2025-02-04,The Williams Institute at UCLA School of Law,https://williamsinstitute.law.ucla.edu/publications/medicaid-trans-health-care/,,3df5b39ec9750776d537.txt,06c7d2ac58c8a58fd1f33d6e4277553b29ea33c3c6609b70401bcae14310419e
3e0c751a6cda3e737e78,https://pmc.ncbi.nlm.nih.gov/articles/PMC12938148,2026-09-29T19:24:04.757904+00:00,nih.gov,True,downloaded,200.0,https://pmc.ncbi.nlm.nih.gov/articles/PMC12938148/,289634.0,success,84474,11419,html,,Racialized Sex-Based Harassment: A U.S.-Based Intersectional Framework for Understanding Harassment of Black Women and Men,Darius M Washington; Tuyen K Dinh; Margaret S Stockdale,2026-01-27,Behavioral Sciences,https://pmc.ncbi.nlm.nih.gov/articles/PMC12938148/,,3e0c751a6cda3e737e78.txt,4f771c70b2fd573daaf73d088fc94c97b61825d5f1434badef85660ec169cef9
3e10af1d5c38bb91825f,https://tandfonline.com/doi/full/10.1080/07418825.2025.2550298,2026-09-29T19:24:05.058072+00:00,tandfonline.com,False,downloaded,403.0,https://tandfonline.com/doi/full/10.1080/07418825.2025.2550298,5826.0,not_extracted,0,0,,,,,,,,,,
3e3c9e7be9a61984f9e4,https://cato.org/testimony/many-factors-play-minority-access-higher-education,2026-09-29T19:24:05.111798+00:00,cato.org,False,downloaded,403.0,https://www.cato.org/testimony/many-factors-play-minority-access-higher-education,882.0,not_extracted,0,0,,,,,,,,,,
3e823021c0e3a6e02a57,https://archive-housingmatters.urban.org/articles/five-facts-about-housing-access-lgbt-people,2026-09-29T19:24:05.235642+00:00,urban.org,False,downloaded,403.0,https://archive-housingmatters.urban.org/articles/five-facts-about-housing-access-lgbt-people,5941.0,not_extracted,0,0,,,,,,,,,,
3e8a2d1948dc8d4ce8a0,https://pmc.ncbi.nlm.nih.gov/articles/PMC5763841,2026-09-29T19:24:05.545628+00:00,nih.gov,True,downloaded,200.0,https://pmc.ncbi.nlm.nih.gov/articles/PMC5763841,21368.0,success,131,18,html,,Checking your browser,,2026-09-11,google.com,https://www.google.com/recaptcha/challengepage,,3e8a2d1948dc8d4ce8a0.txt,a29166d0eaaa418bd5af61a282f1183a46c84c4d5e4c90689b1b452d230d05cc
3eabb7d679a1823d4f26,https://futureofhousing.aarp.org/systemic-barriers,2026-09-29T19:24:05.704641+00:00,aarp.org,True,downloaded,200.0,https://futureofhousing.aarp.org/systemic-barriers/,690631.0,success,1455,206,html,text/html; charset=UTF-8,Systemic Barriers,AARP,2022-11-01,futureofhousing.aarp.org,https://futureofhousing.aarp.org/systemic-barriers/,,3eabb7d679a1823d4f26.txt,0dfadaeb74e7a88a380965aa3446c42c552568695631f88c13aa6a38dbad50b1
3eda9257d20385a68d22,https://partnershipfcc.org/publications/affirmativeaction,2026-09-29T19:24:05.835393+00:00,partnershipfcc.org,True,downloaded,200.0,https://partnershipfcc.org/publications/affirmativeaction/,121717.0,success,34221,5034,html,text/html; charset=UTF-8,Racial Diversity on Campus After Affirmative Action,,2023-08-17,partnershipfcc.org,https://partnershipfcc.org/publications/affirmativeaction/,,3eda9257d20385a68d22.txt,4238e3f475c7ac6955e3b0abea04e2577003ce62d43ca9ed85e045a53e894385
3f04b56a4723b85f1fce,https://rainbow-project.org/bullying,2026-09-29T19:24:06.306845+00:00,rainbow-project.org,True,downloaded,200.0,https://www.rainbow-project.org/bullying/,364011.0,success,3709,574,html,text/html; charset=UTF-8,Bullying - The Rainbow Project,,2021-03-30,The Rainbow Project,https://www.rainbow-project.org/bullying/,,3f04b56a4723b85f1fce.txt,9c017399c54c0973179985fb44e5402f9b59f330d8bc7092b15c8b5fd2e36d8f
3f0fb0fde946a6f7f8bd,https://pmc.ncbi.nlm.nih.gov/articles/PMC11576451,2026-09-29T19:24:07.320938+00:00,nih.gov,True,downloaded,200.0,https://pmc.ncbi.nlm.nih.gov/articles/PMC11576451/,206820.0,success,70251,10032,html,,From jobs to careers: drivers and barriers to career development in emerging labor markets,Wang Luwei; Ma Huimin,2024-11-06,Frontiers in Sociology,https://pmc.ncbi.nlm.nih.gov/articles/PMC11576451/,,3f0fb0fde946a6f7f8bd.txt,4348990bf201e5a3edf2bf2bf49bc68254d9519668db853b81379c24bfbaa4d0
3f2c22ef0900547ebcab,https://gearup.wa.gov/sites/default/files/resources/supporting_transgender%20and%20nonbinary_students_2025_0.pdf,2026-09-29T19:24:07.868257+00:00,wa.gov,True,downloaded,200.0,https://gearup.wa.gov/sites/default/files/resources/supporting_transgender%20and%20nonbinary_students_2025_0.pdf,262059.0,success,30489,4193,pdf,application/pdf,,,,,,,3f2c22ef0900547ebcab.txt,e2ed3738b680aa9b7027796fdbadf791bc84225b54c0e7ad5a255aee30449327
3f6db0d15eb34b14a51a,https://nlc.org/article/2023/08/17/housing-for-individuals-with-disabilities,2026-09-29T19:24:08.827618+00:00,nlc.org,True,downloaded,200.0,https://www.nlc.org/article/2023/08/17/housing-for-individuals-with-disabilities,136255.0,success,4729,692,html,text/html; charset=UTF-8,Housing for Individuals with Disabilities,About the Author,2023-08-17,National League of Cities,https://www.nlc.org/article/2023/08/17/housing-for-individuals-with-disabilities/,,3f6db0d15eb34b14a51a.txt,8a88b8400ac8ec928ab4f49fbe62ecc45337045e7c29b0ca61a207e15461a0ea
3fe233b694ba7bb21175,https://pmc.ncbi.nlm.nih.gov/articles/PMC5980375,2026-09-29T19:24:09.384742+00:00,nih.gov,True,downloaded,200.0,https://pmc.ncbi.nlm.nih.gov/articles/PMC5980375/,156696.0,success,29603,4416,html,,Intra‐Ethnic Coverage Disparities among Latinos and the Effects of Health Reform,Sergio Gonzales; Benjamin D Sommers,2017-06-28,Health Services Research,https://pmc.ncbi.nlm.nih.gov/articles/PMC5980375/,,3fe233b694ba7bb21175.txt,3d6e1af04930348a0ec12cd8669ef1014d024d1a667a8418659eb880c968e650
3fe5dce9ee5ccd21f65d,https://irp.wisc.edu/resource/connections-among-poverty-incarceration-and-inequality,2026-09-29T19:24:09.792981+00:00,wisc.edu,True,downloaded,200.0,https://www.irp.wisc.edu/resource/connections-among-poverty-incarceration-and-inequality/,80561.0,success,13532,2002,html,text/html; charset=UTF-8,"Connections Among Poverty, Incarceration, and Inequality",,2020-06-17,INSTITUTE FOR RESEARCH ON POVERTY,https://www.irp.wisc.edu/resource/connections-among-poverty-incarceration-and-inequality/,,3fe5dce9ee5ccd21f65d.txt,f6597e1ebc9f8a6b85bea7a44e9730ff0c6ec56d07e9c76ce13423b48e99c131
4008d3a7e5894a0bf318,https://faireconomy.org/11_ways_the_federal_government_contributed_to_the_racial_wealth_divide,2026-09-29T19:24:09.879248+00:00,faireconomy.org,False,exception,,,,failed,0,0,,,,,,,,,,
400a1de310be009071fb,https://deloitte.wsj.com/cmo/how-banks-can-better-serve-people-with-disabilitiesand-why-the-time-is-now-f6118641,2026-09-29T19:24:11.572192+00:00,wsj.com,False,downloaded,401.0,https://deloitte.wsj.com/cmo/how-banks-can-better-serve-people-with-disabilitiesand-why-the-time-is-now-f6118641,769.0,not_extracted,0,0,,,,,,,,,,
40661386893a266bd584,https://mapresearch.org/press-release/protecting-our-lgbt-elders-an-overview-of-lgbt-aging-issues,2026-09-29T19:24:11.831410+00:00,mapresearch.org,True,downloaded,200.0,https://mapresearch.org/press-release/protecting-our-lgbt-elders-an-overview-of-lgbt-aging-issues,330794.0,success,9816,1519,html,text/html; charset=UTF-8,Protecting Our LGBT Elders - An Overview of LGBT Aging Issues - Movement Advancement Project,,2026-03-25,Movement Advancement Project,https://mapresearch.org/press-release/protecting-our-lgbt-elders-an-overview-of-lgbt-aging-issues/,,40661386893a266bd584.txt,14138ac9405b7d61b3bf754d16110b2467e0c17fdd6ad83fb3532a69f5bedd68
40a33f28a2745d922fd3,https://pmc.ncbi.nlm.nih.gov/articles/PMC8211137,2026-09-29T19:24:12.711794+00:00,nih.gov,True,downloaded,200.0,https://pmc.ncbi.nlm.nih.gov/articles/PMC8211137,21368.0,success,131,18,html,,Checking your browser,,2026-09-11,google.com,https://www.google.com/recaptcha/challengepage,,40a33f28a2745d922fd3.txt,a29166d0eaaa418bd5af61a282f1183a46c84c4d5e4c90689b1b452d230d05cc
40acd8b57d345627c6f6,https://pmc.ncbi.nlm.nih.gov/articles/PMC4718646,2026-09-29T19:24:12.870482+00:00,nih.gov,True,downloaded,200.0,https://pmc.ncbi.nlm.nih.gov/articles/PMC4718646,21368.0,success,131,18,html,,Checking your browser,,2026-09-11,google.com,https://www.google.com/recaptcha/challengepage,,40acd8b57d345627c6f6.txt,a29166d0eaaa418bd5af61a282f1183a46c84c4d5e4c90689b1b452d230d05cc
40bc376c9e74dc4ddbe8,https://worksupport.com/research/documents/pdf/jablonskietal2024employmentbarriersexperiencedatdifferentjobacquisitionstagesbypeoplewithandwithout.pdf,2026-09-29T19:24:13.200670+00:00,worksupport.com,True,downloaded,200.0,https://worksupport.com/research/documents/pdf/jablonskietal2024employmentbarriersexperiencedatdifferentjobacquisitionstagesbypeoplewithandwithout.pdf,115769.0,success,79024,11323,pdf,application/pdf,,,,,,,40bc376c9e74dc4ddbe8.txt,e44786bc351fdb1b64f8ee830b8de5660fb7dc621a208ad2c069c936788a269f
40c087f78ed78838a21b,https://anti-bullyingalliance.org.uk/tools-information/all-about-bullying/at-risk-groups/sen-disability/do-children-send-experience-more,2026-09-29T19:24:13.306962+00:00,anti-bullyingalliance.org.uk,False,downloaded,403.0,https://anti-bullyingalliance.org.uk/tools-information/all-about-bullying/at-risk-groups/sen-disability/do-children-send-experience-more,6082.0,not_extracted,0,0,,,,,,,,,,
413141d3634b8de01064,https://pewresearch.org/short-reads/2023/08/31/black-workers-views-and-experiences-in-the-us-labor-force-stand-out-in-key-ways,2026-09-29T19:24:13.370632+00:00,pewresearch.org,True,downloaded,200.0,https://www.pewresearch.org/short-reads/2023/08/31/black-workers-views-and-experiences-in-the-us-labor-force-stand-out-in-key-ways/,369329.0,success,8405,1390,html,text/html; charset=UTF-8,Black workers’ views and experiences in the U.S. labor force stand out in key ways,Katherine Schaeffer,2023-08-31,Pew Research Center,https://www.pewresearch.org/short-reads/2023/08/31/black-workers-views-and-experiences-in-the-us-labor-force-stand-out-in-key-ways/,,413141d3634b8de01064.txt,6e747cd523940acc0d9bdf3d7cf108073e87586d14871ba8891f7425a1038063
41656393e8c2e0b68c5b,https://brookings.edu/articles/the-male-college-crisis-is-not-just-in-enrollment-but-completion,2026-09-29T19:24:14.948112+00:00,brookings.edu,True,downloaded,200.0,https://www.brookings.edu/articles/the-male-college-crisis-is-not-just-in-enrollment-but-completion/,201296.0,success,9306,1548,html,text/html; charset=UTF-8,"The male college crisis is not just in enrollment, but completion | Brookings",Douglas N Harris; Danielle Edwards; Julie A Marsh,2022-03-09,Brookings,https://www.brookings.edu/articles/the-male-college-crisis-is-not-just-in-enrollment-but-completion/,,41656393e8c2e0b68c5b.txt,75002fc58f533ab75841f1b508385d8c1c78038009ba323db1b0c71ea32b05e2
416587a0336b5ed3ef6b,https://pmc.ncbi.nlm.nih.gov/articles/PMC11055463,2026-09-29T19:24:17.527152+00:00,nih.gov,True,downloaded,200.0,https://pmc.ncbi.nlm.nih.gov/articles/PMC11055463/,194633.0,success,62544,10299,html,,Trans narratives on school experiences—This is how we feel,Olatz Etxebarria-Perez-de-Nanclares; Maria Teresa Vizcarra Morales; Ana Luisa López-Vélez; Rakel Gamito Gómez,2024-04-12,Frontiers in Psychology,https://pmc.ncbi.nlm.nih.gov/articles/PMC11055463/,,416587a0336b5ed3ef6b.txt,4227bad01d2724911403706be8125ecc1e678f5f18bc1b7e6763279ba0825ed8
41a9fe70f79684c008b1,https://mx.com/research/what-influences-where-consumers-choose-to-bank,2026-09-29T19:24:17.993030+00:00,mx.com,True,downloaded,200.0,https://www.mx.com:443/research/what-influences-where-consumers-choose-to-bank/,113365.0,success,14674,2395,html,text/html,What Influences Where Consumers Choose to Bank | MX Research,,2023-12-08,mx.com,https://www.mx.com/research/what-influences-where-consumers-choose-to-bank/,,41a9fe70f79684c008b1.txt,de74d9a59f4f88b11b27a8c368ae644e314b452216b7eaaa4cec8498b3c11b0e
41b868eba3c26d58735a,https://connective.medium.com/public-benefits-are-so-tough-to-navigate-that-people-dont-use-them-5f7c3a1f02cd,2026-09-29T19:24:18.339604+00:00,medium.com,False,downloaded,403.0,https://connective.medium.com/public-benefits-are-so-tough-to-navigate-that-people-dont-use-them-5f7c3a1f02cd,5402.0,not_extracted,0,0,,,,,,,,,,
41c057c28d38c453d69b,https://ncan.org/Web/News/Race-Conscious-Admissions-and-Black-Students-The-Past-Present-and-Future.aspx,2026-09-29T19:24:18.558993+00:00,ncan.org,True,downloaded,200.0,https://ncan.org/Web/News/Race-Conscious-Admissions-and-Black-Students-The-Past-Present-and-Future.aspx,125868.0,success,6883,935,html,text/html; charset=utf-8,"Race-Conscious Admissions and Black Students: The Past, Present, and Future",,2025-07-02,ncan.org,https://www.ncan.org/Web/Web/News/Race-Conscious-Admissions-and-Black-Students-The-Past-Present-and-Future.aspx,,41c057c28d38c453d69b.txt,0131b5e55f819b98526c832d01cc2cea96654e4b3655a4f50dc988b52c283587
42157260c827e979dba5,https://vitalrecord.tamu.edu/how-race-and-racial-perceptions-shape-public-assistance-policy-opinions,2026-09-29T19:24:19.040632+00:00,tamu.edu,False,downloaded,403.0,https://vitalrecord.tamu.edu/how-race-and-racial-perceptions-shape-public-assistance-policy-opinions,5516.0,not_extracted,0,0,,,,,,,,,,
42159b54457cb5368e7b,https://aahd.us/2025/03/dhjo-disability-benefits-decision-making,2026-09-29T19:24:19.462256+00:00,aahd.us,True,downloaded,200.0,https://aahd.us/2025/03/dhjo-disability-benefits-decision-making/,91236.0,success,6815,1028,html,text/html; charset=UTF-8,Research on Disability Benefits Decision-Making - AAHD,Michelle Sayles,2025-03-18,AAHD,https://aahd.us/2025/03/dhjo-disability-benefits-decision-making/,,42159b54457cb5368e7b.txt,c3352f1fed90bbf12cd073eda0bb8eb9d7e8c5d9147d52bd0c3f08b5cd5adbdc
4216f28aeada8eb16371,https://kansascityfed.org/Economic%20Review/documents/9602/EconomicReviewV108N3Toh.pdf,2026-09-29T19:24:20.914564+00:00,kansascityfed.org,True,downloaded,200.0,https://www.kansascityfed.org/Economic%20Review/documents/9602/EconomicReviewV108N3Toh.pdf,344668.0,success,53208,7928,pdf,application/pdf,,,,,,,4216f28aeada8eb16371.txt,503b04d0cd64a8e170d5a817f35a697a7352c9c7c4eeaf5791f16f217c10053e
426c849d7742ff6d108e,https://pmc.ncbi.nlm.nih.gov/articles/PMC9540942,2026-09-29T19:24:21.585101+00:00,nih.gov,True,downloaded,200.0,https://pmc.ncbi.nlm.nih.gov/articles/PMC9540942/,21372.0,success,131,18,html,,Checking your browser,,2026-09-11,google.com,https://www.google.com/recaptcha/challengepage,,426c849d7742ff6d108e.txt,a29166d0eaaa418bd5af61a282f1183a46c84c4d5e4c90689b1b452d230d05cc
42990a6fc370788c101b,https://vermontpublic.org/2013-10-22/getting-federal-benefits-to-gay-couples-its-complicated,2026-09-29T19:24:21.643909+00:00,vermontpublic.org,True,downloaded,200.0,https://www.vermontpublic.org/2013-10-22/getting-federal-benefits-to-gay-couples-its-complicated,207165.0,success,4649,772,html,text/html;charset=UTF-8,Getting Federal Benefits To Gay Couples: It's Complicated,Carrie Johnson,2013-10-22,Vermont Public,https://www.vermontpublic.org/2013-10-22/getting-federal-benefits-to-gay-couples-its-complicated,,42990a6fc370788c101b.txt,9a318f3ef9ce4c5dee38e29d5981d880286b4b231fc5d53996a91aeba3d15084
42f714cc4d4281466dde,https://mapresearch.org/report/unjust-how-the-broken-criminal-justice-system-fails-transgender-people,2026-09-29T19:24:21.895550+00:00,mapresearch.org,True,downloaded,200.0,https://mapresearch.org/report/unjust-how-the-broken-criminal-justice-system-fails-transgender-people,344806.0,success,2340,343,html,text/html; charset=UTF-8,Unjust: How the Broken Criminal Justice System Fails Transgender People - Movement Advancement Project,,2026-03-25,Movement Advancement Project,https://mapresearch.org/report/unjust-how-the-broken-criminal-justice-system-fails-transgender-people/,,42f714cc4d4281466dde.txt,dd924cd76c1e512e37b2d3d74c4b9c99e0c86032ace1df6bd3cdc74427053d8f
4331a6442333a9aa4fac,https://pmc.ncbi.nlm.nih.gov/articles/PMC2712944,2026-09-29T19:24:23.095859+00:00,nih.gov,True,downloaded,200.0,https://pmc.ncbi.nlm.nih.gov/articles/PMC2712944,21365.0,success,131,18,html,,Checking your browser,,2026-09-11,google.com,https://www.google.com/recaptcha/challengepage,,4331a6442333a9aa4fac.txt,a29166d0eaaa418bd5af61a282f1183a46c84c4d5e4c90689b1b452d230d05cc
43392105ae0cc2215de6,https://rockpa.org/wp-content/uploads/2023/03/Kaduna-WFI-Report_For-Circulation_FINAL.pdf,2026-09-29T19:24:23.217358+00:00,rockpa.org,True,downloaded,200.0,https://rockpa.org/wp-content/uploads/2023/03/Kaduna-WFI-Report_For-Circulation_FINAL.pdf,1691784.0,success,87175,12782,pdf,application/pdf,,,,,,,43392105ae0cc2215de6.txt,4edb747b7a0c47e3c3ecb40a88590009210941b4c51340b9c63af78bce790c8d
434f054f49ed326c7eba,https://traceone.com/resources/plm-compliance-blog/states-that-depend-most-on-food-assistance,2026-09-29T19:24:23.301409+00:00,traceone.com,True,downloaded,200.0,https://www.traceone.com/resources/plm-compliance-blog/states-that-depend-most-on-food-assistance,124973.0,success,11841,1700,html,text/html; charset=UTF-8,Which States Depend Most on Food Assistance?,Federico Fontanella; PMP,2025-11-11,Trace One SAS,https://www.traceone.com/resources/plm-compliance-blog/states-that-depend-most-on-food-assistance,,434f054f49ed326c7eba.txt,000301be82d3f82bbf2fb1fbebef39e7ca9b9a0749c4eb383b9171a97dc0ab31
43715a622761a7505079,https://theeducatoronline.com/k12/news/breaking-the-silence-on-femaleonfemale-bullying-in-schools/287030,2026-09-29T19:24:23.926377+00:00,theeducatoronline.com,True,downloaded,200.0,https://www.theeducatoronline.com/k12/news/breaking-the-silence-on-femaleonfemale-bullying-in-schools/287030,69196.0,success,7395,1078,html,text/html; charset=utf-8,Breaking the silence on female-on-female bullying in schools,Brett Henebery,2025-04-28,The Educator K/12,https://www.theeducatoronline.com/k12/news/breaking-the-silence-on-femaleonfemale-bullying-in-schools/287030,,43715a622761a7505079.txt,a24ceffc705047e24e5a01db72e1ba6980df2d7d44cfcf87ee542b1ff10db1ce
438f700d344abdd420c0,https://sciencedirect.com/science/article/pii/S2667321524001008,2026-09-29T19:24:24.088473+00:00,sciencedirect.com,False,downloaded,403.0,https://www.sciencedirect.com/science/article/pii/S2667321524001008,1207935.0,not_extracted,0,0,,,,,,,,,,
439458c01d9f32548949,https://pmc.ncbi.nlm.nih.gov/articles/PMC2811044,2026-09-29T19:24:26.049069+00:00,nih.gov,True,downloaded,200.0,https://pmc.ncbi.nlm.nih.gov/articles/PMC2811044,21365.0,success,131,18,html,,Checking your browser,,2026-09-11,google.com,https://www.google.com/recaptcha/challengepage,,439458c01d9f32548949.txt,a29166d0eaaa418bd5af61a282f1183a46c84c4d5e4c90689b1b452d230d05cc
43a966bfd15e051f4ad8,https://brobertsonlaw.com/practice-areas/discrimination/hispanics,2026-09-29T19:24:26.209296+00:00,brobertsonlaw.com,True,downloaded,200.0,https://brobertsonlaw.com/practice-areas/discrimination/hispanics/,43414.0,success,4760,752,html,text/html; charset=UTF-8,Discrimination Against Hispanics in the Workplace,,2015-08-01,brobertsonlaw.com,https://brobertsonlaw.com/practice-areas/discrimination/hispanics/,,43a966bfd15e051f4ad8.txt,4de632a45846304273b9738fbbb831302f9dd3c25e490f5b5441bd97035161e7
43c208334aa18c2ee9db,https://transequality.org/news/act-now-protect-our-healthcare,2026-09-29T19:24:27.322016+00:00,transequality.org,True,downloaded,200.0,https://transequality.org/news/act-now-protect-our-healthcare,103947.0,success,6170,967,html,text/html; charset=UTF-8,Act Now to Protect Our Healthcare | A4TE,,2025-03-27,A4TE,https://transequality.org/news/act-now-protect-our-healthcare,,43c208334aa18c2ee9db.txt,d88df50489229d26b058e914a3b6bc9e43220d2a6a79398ea656684e93dd85a9
43c97e86e70b52778af5,https://northwestfamilyclinics.com/blog/preventive-care-men,2026-09-29T19:24:27.564040+00:00,northwestfamilyclinics.com,True,downloaded,200.0,https://www.northwestfamilyclinics.com/blog/preventive-care-men,53176.0,success,9663,1592,html,text/html; charset=UTF-8,Preventive Care for Men: Why It Matters and What It Actually Involves,Dr Jennifer Purifoy,2026-06-24,Northwest Family Clinics,https://www.northwestfamilyclinics.com/blog/preventive-care-men,,43c97e86e70b52778af5.txt,901a9ce7b91b7e8fa21477966ed1fd16e50812e989f948f8896ba0a5efd9592b
4415869a17e9d4d14388,https://jhmhp.amegroups.org/article/view/9170/html,2026-09-29T19:24:29.450352+00:00,amegroups.org,True,downloaded,200.0,https://jhmhp.amegroups.org/article/view/9170/html,64623.0,success,13730,1970,html,text/html; charset=utf-8,"Access to health care among gay, lesbian, bisexual, and transgender persons in the United States",Steven S Coughlin; Biplab Datta,2024-11-26,Journal of Hospital Management and Health Policy,https://jhmhp.amegroups.org/article/view/9170/html,,4415869a17e9d4d14388.txt,b93228c554ee8cc977734151859994f6975b230a4354591e0ae702e7175add97
441c51dda9454954e4b4,https://career.iresearchnet.com/career-development/gender-and-careers,2026-09-29T19:24:30.306364+00:00,iresearchnet.com,True,downloaded,200.0,https://career.iresearchnet.com/career-development/gender-and-careers/,83183.0,success,28999,4296,html,text/html; charset=UTF-8,Gender and Careers - Career Development - IResearchNet,Administrator,2015-03-23,Career Research,https://career.iresearchnet.com/career-development/gender-and-careers/,,441c51dda9454954e4b4.txt,b01a291d901cd0e8975d2a3c1fe13d3b99d59d57015c2d68bd609c8d494b372d
447055f3c78d8ef01597,https://phys.org/news/2026-09-analysis-socioeconomic-health-factors-disability.html,2026-09-29T19:24:31.346591+00:00,phys.org,False,downloaded,403.0,https://phys.org/news/2026-09-analysis-socioeconomic-health-factors-disability.html,17730.0,not_extracted,0,0,,,,,,,,,,
4482340efbf5737a6295,https://pubmed.ncbi.nlm.nih.gov/41859256,2026-09-29T19:24:31.586380+00:00,nih.gov,True,downloaded,203.0,https://pubmed.ncbi.nlm.nih.gov/41859256/,5590.0,success,100,14,html,text/html; charset=utf-8,Cookies must be enabled,,,pubmed.ncbi.nlm.nih.gov,https://pubmed.ncbi.nlm.nih.gov/41859256/,,4482340efbf5737a6295.txt,f193d0de906419650acf171625dbd67f88f297290893b5473e1d8365c03d4b59
448f991285087c223303,https://in.gov/icrc/enforcement/credit/disability-and-access-to-credit,2026-09-29T19:24:32.113671+00:00,in.gov,False,exception,,,,failed,0,0,,,,,,,,,,
44b11bface04879b26c3,https://williamsinstitute.law.ucla.edu/publications/police-public-arrests-trans-people,2026-09-29T19:24:33.383567+00:00,ucla.edu,True,downloaded,200.0,https://williamsinstitute.law.ucla.edu/publications/police-public-arrests-trans-people/,109997.0,success,1105,129,html,text/html; charset=UTF-8,The Effect of Police and Public Entanglements on Arrests of Transgender People,Loyal; Thisisloyal Com,2026-08-17,The Williams Institute at UCLA School of Law,https://williamsinstitute.law.ucla.edu/publications/police-public-arrests-trans-people/,,44b11bface04879b26c3.txt,326892836d05365396bd9df0be3a6403fa8d0b75a9f3f22df41a4fae596acd74
44bf7b9210777a05848c,https://sciencedirect.com/science/article/abs/pii/S0047235210000218,2026-09-29T19:24:35.011559+00:00,sciencedirect.com,False,downloaded,403.0,https://www.sciencedirect.com/science/article/abs/pii/S0047235210000218,1207947.0,not_extracted,0,0,,,,,,,,,,
44f3dae70a755aafdc02,https://crimrxiv.com/pub/spfg4hk6/release/1,2026-09-29T19:24:35.074852+00:00,crimrxiv.com,False,downloaded,403.0,https://www.crimrxiv.com/pub/spfg4hk6/release/1,5811.0,not_extracted,0,0,,,,,,,,,,
456466cf8f9bf50e3c42,https://tandfonline.com/doi/full/10.1080/00918369.2010.517080,2026-09-29T19:24:35.171071+00:00,tandfonline.com,False,downloaded,403.0,https://tandfonline.com/doi/full/10.1080/00918369.2010.517080,5823.0,not_extracted,0,0,,,,,,,,,,
45a3a7f87508eb824ec8,https://phys.org/news/2017-02-female-bosses-favour-gay-lesbian.html,2026-09-29T19:24:35.493242+00:00,phys.org,False,downloaded,403.0,https://phys.org/news/2017-02-female-bosses-favour-gay-lesbian.html,17730.0,not_extracted,0,0,,,,,,,,,,
45bfc3b39d5be768e2e9,https://azcentralcu.org/blog/latinos-build-credit,2026-09-29T19:24:36.933435+00:00,azcentralcu.org,True,downloaded,200.0,https://www.azcentralcu.org/blog/latinos-build-credit/,1495951.0,success,6888,1043,html,text/html; charset=UTF-8,Credit Building for Latinos: Establishing a Strong Financial Foundation,Ralph Zubiate,2025-04-08,Arizona Central Credit Union,https://www.azcentralcu.org/blog/latinos-build-credit/,,45bfc3b39d5be768e2e9.txt,43053906581f54b81aa4340b26fe8427d9452f4b6002af03bf3c463844442f88
45c5c25e374508e154eb,https://fiveable.me/sociology-of-education/unit-2/gender-educational-opportunities/study-guide/xfDWjXtpSezzdYpg,2026-09-29T19:24:37.554852+00:00,fiveable.me,True,downloaded,200.0,https://fiveable.me/sociology-of-education/unit-2/gender-educational-opportunities/study-guide/xfDWjXtpSezzdYpg,293293.0,success,12495,1698,html,text/html; charset=utf-8,Gender and educational opportunities | Sociology of Education Class Notes | Fiveable,,2024-08-20,Fiveable,https://fiveable.me/sociology-of-education/unit-2/gender-educational-opportunities/study-guide/xfDWjXtpSezzdYpg,,45c5c25e374508e154eb.txt,fc65a4598298920b34cf0ff8ed82127ea03bdb3741c3c1a6b8a8befd8433544d
45cf4485713d2fa3aa5d,https://na-st01.ext.exlibrisgroup.com/01ALLIANCE_WSU/storage/alma/E8/17/3D/A3/6A/B4/98/CE/74/89/70/AB/F1/37/64/4D/Dissertation%20-%20Graduate%20School%20Version%20-%20Final.pdf?AccessRightAllowDownload=true&Expires=1790570681&Key-Pair-Id=APKAJ72OZCZ36VGVASIA&Signature=toQCrtiYXDEOG9w~Omnsgwyctsoc0vPXrTxs1UouhgjrYIBQZREzJidM7wVb-pODuEui4TOyvoSzFWVYIBusOhWVWU7pLLTEYSIcSedRwppc-HvhvEjWwEfD9eI1~Z4Pyj1mzKI1bCW7GEQNAaynuKlCGgJkyb2S0fTNRZ2oYmlfmGyas2xUviiLMOMmTY58NJrgwdCv1cVzFQ1LzYum1QM9rdglDyanQ8EE0g868ICKDrdNvmJSGYcPOEIUXcqdGw0dU3P~IXRS6hw~k28H4m7QasafIcCVS5~7LKoP~LgsEu224m373ebHgU5-SyowP64f7T3mMGDAbNS9oH7eRg__,2026-09-29T19:24:38.226267+00:00,exlibrisgroup.com,False,downloaded,403.0,https://na-st01.ext.exlibrisgroup.com/01ALLIANCE_WSU/storage/alma/E8/17/3D/A3/6A/B4/98/CE/74/89/70/AB/F1/37/64/4D/Dissertation%20-%20Graduate%20School%20Version%20-%20Final.pdf?AccessRightAllowDownload=true&Expires=1790570681&Key-Pair-Id=APKAJ72OZCZ36VGVASIA&Signature=toQCrtiYXDEOG9w~Omnsgwyctsoc0vPXrTxs1UouhgjrYIBQZREzJidM7wVb-pODuEui4TOyvoSzFWVYIBusOhWVWU7pLLTEYSIcSedRwppc-HvhvEjWwEfD9eI1~Z4Pyj1mzKI1bCW7GEQNAaynuKlCGgJkyb2S0fTNRZ2oYmlfmGyas2xUviiLMOMmTY58NJrgwdCv1cVzFQ1LzYum1QM9rdglDyanQ8EE0g868ICKDrdNvmJSGYcPOEIUXcqdGw0dU3P~IXRS6hw~k28H4m7QasafIcCVS5~7LKoP~LgsEu224m373ebHgU5-SyowP64f7T3mMGDAbNS9oH7eRg__,110.0,not_extracted,0,0,,,,,,,,,,
4605280859752feda93d,https://usafacts.org/articles/what-the-data-shows-about-police-use-of-force-by-race,2026-09-29T19:24:38.736605+00:00,usafacts.org,True,downloaded,200.0,https://usafacts.org/articles/what-the-data-shows-about-police-use-of-force-by-race/,177026.0,success,2472,405,html,text/html; charset=utf-8,What the data shows about police use of force by race | USAFacts,,2023-05-08,USAFacts,https://usafacts.org/articles/what-the-data-shows-about-police-use-of-force-by-race/,,4605280859752feda93d.txt,c2f59b72f40bcce69e95b353c79bb27bde44c70b7e1c38aced11a32664f086d5
4618632a37304f1d8821,https://americanprogress.org/article/racial-disparities-home-appreciation,2026-09-29T19:24:39.052478+00:00,americanprogress.org,False,downloaded,403.0,https://www.americanprogress.org/article/racial-disparities-home-appreciation,5802.0,not_extracted,0,0,,,,,,,,,,
4624845c0f0ccbac0d94,https://pmc.ncbi.nlm.nih.gov/articles/PMC10874033,2026-09-29T19:24:39.819875+00:00,nih.gov,True,downloaded,200.0,https://pmc.ncbi.nlm.nih.gov/articles/PMC10874033/,201544.0,success,47867,7075,html,,The association of sexual minority status and bullying victimization is modified by sex and grade: findings from a nationally representative sample,Junjie Lu; Jiarui Yang; Ekaterina Sadikova; Henning Tiemeier,2024-02-16,BMC Public Health,https://pmc.ncbi.nlm.nih.gov/articles/PMC10874033/,,4624845c0f0ccbac0d94.txt,581a01c12a0b2beeb6dbc9329a141176713d4017f38c2c59748ed5eb97ab3ffc
4661cbf63a899aca3c11,https://justiceinaging.org/equity-in-aging-public-benefits-and-the-realities-of-black-older-adults,2026-09-29T19:24:40.433547+00:00,justiceinaging.org,True,downloaded,200.0,https://justiceinaging.org/equity-in-aging-public-benefits-and-the-realities-of-black-older-adults/,215566.0,success,22073,3367,html,text/html; charset=UTF-8,Equity in Aging: Public Benefits and the Realities of Black Older Adults - Justice in Aging,Justice,2026-04-14,Justice in Aging,https://justiceinaging.org/equity-in-aging-public-benefits-and-the-realities-of-black-older-adults/,,4661cbf63a899aca3c11.txt,a376bde88762c5519bfcdb0de28420ece2c22ce316b568136b3e98a45b7378fc
468f0c4f07c7d36c1197,https://acpjournals.org/doi/10.7326/ANNALS-24-02446,2026-09-29T19:24:41.386791+00:00,acpjournals.org,False,downloaded,403.0,https://acpjournals.org/doi/10.7326/ANNALS-24-02446,5751.0,not_extracted,0,0,,,,,,,,,,
46af0609ffb546ab3580,https://researchgate.net/publication/235307817_Women_on_patrol_an_analysis_of_differences_in_officer_arrest_behavior,2026-09-29T19:24:42.160415+00:00,researchgate.net,False,downloaded,403.0,https://www.researchgate.net/publication/235307817_Women_on_patrol_an_analysis_of_differences_in_officer_arrest_behavior,21138.0,not_extracted,0,0,,,,,,,,,,
46cd7fdedc162a605abb,https://shine.lab.uconn.edu/wp-content/uploads/sites/3321/2021/06/lessard_watson___puhl_2020.joya_.pdf,2026-09-29T19:24:42.206027+00:00,uconn.edu,True,downloaded,200.0,https://shine.lab.uconn.edu/wp-content/uploads/sites/3321/2021/06/lessard_watson___puhl_2020.joya_.pdf,989445.0,success,77784,11364,pdf,application/pdf,,,,,,,46cd7fdedc162a605abb.txt,c16046490a0777c76af1101c6f220101f21b8ad4d85b2090c9f1f4a67610891f
47101494a39685a029cf,https://syncsci.com/journal/SWSW/article/view/495,2026-09-29T19:24:43.172364+00:00,syncsci.com,True,downloaded,200.0,https://www.syncsci.com/journal/SWSW/article/view/495,65822.0,success,7472,1031,html,text/html; charset=utf-8,The influence of health insurance enrolment on maternal and childcare use in Nigeria,Rolle Remi Ahuru; Daniel Osaze; Akpojubaro Henry Efegbere,2021-01-05,Social Work and Social Welfare,https://www.syncsci.com/journal/SWSW/article/view/495,,47101494a39685a029cf.txt,3fee8b02e76e688cf743e6eb56b32da4286dc60c513701da421fa4961c3cbad6
47385aa169d0e98fb996,https://ppr.lse.ac.uk/articles/10.31389/lseppr.118,2026-09-29T19:24:45.396236+00:00,lse.ac.uk,False,robots_disallowed,,,,not_extracted,0,0,,,,,,,,,,
4782dc985971f354c44c,https://transequality.org/sites/default/files/docs/resources/NCTE%20Federal%20Blueprint%20Chapter%202%20Housing%20and%20Homelessness_0.pdf,2026-09-29T19:24:47.864703+00:00,transequality.org,True,downloaded,200.0,https://transequality.org/sites/default/files/docs/resources/NCTE%20Federal%20Blueprint%20Chapter%202%20Housing%20and%20Homelessness_0.pdf,260113.0,success,7367,1040,pdf,application/pdf,,,,,,,4782dc985971f354c44c.txt,a02aa10bf229cf801f8130679dd20e74b89f41479e0c61de908c866604df3a72
4784547ca4187b626a93,https://archives.hud.gov/reports/barriers.cfm,2026-09-29T19:24:48.365024+00:00,hud.gov,False,exception,,,,failed,0,0,,,,,,,,,,
47ac573e155934514dc2,https://linkedin.com/top-content/recruitment-hr/importance-of-hiring-practices/factors-that-shape-hiring-expectations,2026-09-29T19:24:48.391459+00:00,linkedin.com,False,robots_disallowed,,,,not_extracted,0,0,,,,,,,,,,
47c74aa7bbc80fe2cc0b,https://pmc.ncbi.nlm.nih.gov/articles/PMC11862866,2026-09-29T19:24:48.391664+00:00,nih.gov,True,downloaded,200.0,https://pmc.ncbi.nlm.nih.gov/articles/PMC11862866/,146565.0,success,31426,4766,html,,Ethical considerations for the nursing care of Transgender patients in the Intensive Care Unit,John P Gilmore; Marissa Dainton; Natalie L McEvoy,2024-02-21,Nursing in Critical Care,https://pmc.ncbi.nlm.nih.gov/articles/PMC11862866/,,47c74aa7bbc80fe2cc0b.txt,dcf8784c4b532cdd7f74a3b366cb1f9e4002de3feb530d815372c70ec9369bab
47ce7e322db945d5dab0,https://benefitscal.com/,2026-09-29T19:24:48.581234+00:00,benefitscal.com,False,downloaded,403.0,https://benefitscal.com/,919.0,not_extracted,0,0,,,,,,,,,,
481680df71662bcb52fb,https://eppdscrmssa01.blob.core.windows.net/cmhcprodcontainer/sf/project/archive/research_2/women_and_housing.pdf,2026-09-29T19:24:48.737355+00:00,windows.net,True,downloaded,200.0,https://eppdscrmssa01.blob.core.windows.net/cmhcprodcontainer/sf/project/archive/research_2/women_and_housing.pdf,821226.0,success,30630,4148,pdf,application/pdf,,,,,,,481680df71662bcb52fb.txt,2a1ec42493cbc053286a4ed484f5479379a78479766f53c00a593f1ffa4713a3
481973dea3703e8ae27c,https://scholarworks.uark.edu/cgi/viewcontent.cgi?params=%2Fcontext%2Fcieduht%2Farticle%2F1044%2F&path_info=Barriers_and_Supports_for_Latinx_Students_Pursuing_Higher_Education.pdf,2026-09-29T19:24:49.634994+00:00,uark.edu,False,downloaded,403.0,https://scholarworks.uark.edu/cgi/viewcontent.cgi?params=%2Fcontext%2Fcieduht%2Farticle%2F1044%2F&path_info=Barriers_and_Supports_for_Latinx_Students_Pursuing_Higher_Education.pdf,6272.0,not_extracted,0,0,,,,,,,,,,
4854cb31c44670b216c6,https://pmc.ncbi.nlm.nih.gov/articles/PMC9888733,2026-09-29T19:24:50.528743+00:00,nih.gov,True,downloaded,200.0,https://pmc.ncbi.nlm.nih.gov/articles/PMC9888733/,175470.0,success,43836,6000,html,,Barriers in Healthcare for Latinx Patients with Limited English Proficiency—a Narrative Review,Luis E Escobedo; Lilia Cervantes; Edward Havranek,2023-01-31,Journal of General Internal Medicine,https://pmc.ncbi.nlm.nih.gov/articles/PMC9888733/,,4854cb31c44670b216c6.txt,7851aaa842889a278cdea658bf710a8c204e96d053d081857261b4ba5993f2f6
486bb650eb1c5415d4de,https://action.deloitte.com/insight/3546/creative-with-credit-how-banks-can-assist-people-with-disabilities,2026-09-29T19:24:51.846764+00:00,deloitte.com,True,downloaded,200.0,https://action.deloitte.com/insight/3546/creative-with-credit-how-banks-can-assist-people-with-disabilities,63825.0,success,16,1,html,text/html; charset=utf-8,Creative with credit: How banks can assist people with disabilities,,2023-09-26,action.deloitte.com,https://action.deloitte.com/insight/3546/creative-with-credit-how-banks-can-assist-people-with-disabilities,,486bb650eb1c5415d4de.txt,2faa1118e62a3675ef2f7e3dd183d0fbc3cec2c21854ab02ced460491d18ab70
486ffc6b998aa0fe801d,https://homelesslaw.org/wp-content/uploads/2020/08/Racism-Homelessness-and-Criminal-Legal-Systems.pdf,2026-09-29T19:24:52.311320+00:00,homelesslaw.org,True,downloaded,200.0,https://homelesslaw.org/wp-content/uploads/2020/08/Racism-Homelessness-and-Criminal-Legal-Systems.pdf,1522675.0,success,28294,3417,pdf,application/pdf,,,,,,,486ffc6b998aa0fe801d.txt,18e93e1b7032c8179708635a35681d26008f0660dcf484f764b5e167b81b7ebf
4875748085f92db1436b,https://nationaldisabilityinstitute.org/blog/widening-the-pathways-to-financial-inclusion,2026-09-29T19:24:53.284775+00:00,nationaldisabilityinstitute.org,True,downloaded,200.0,https://www.nationaldisabilityinstitute.org/blog/widening-the-pathways-to-financial-inclusion/,121030.0,success,7020,1054,html,text/html; charset=UTF-8,Widening the Pathways to Financial Inclusion - National Disability Institute,Shannon Edam,2017-06-05,National Disability Institute,https://www.nationaldisabilityinstitute.org/blog/widening-the-pathways-to-financial-inclusion/,,4875748085f92db1436b.txt,999790f3e889f54aecff320e0231bbce64306a6669fc56056772d5dc18561804
48ad2b1fc8f2eb9cb283,https://youtube.com/watch?t=41&v=_TUydUMazkc,2026-09-29T19:24:53.630220+00:00,youtube.com,True,downloaded,200.0,https://www.youtube.com/watch?t=41&v=_TUydUMazkc,1270267.0,success,146,23,html,text/html; charset=utf-8,"Trans health care & gender-diverse patient considerations with Kameryn J. Lee, MD",,2023-11-28,YouTube,https://www.youtube.com/watch?v=_TUydUMazkc,,48ad2b1fc8f2eb9cb283.txt,8dbba17988e385133ba8f51d76cde1fc2c859262b666cb848e9cfe2478fd5e71
48bdc8153a8577bce0fa,https://sentencingproject.org/press-releases/new-report-three-causes-of-racial-inequity-in-the-criminal-legal-system,2026-09-29T19:24:54.030858+00:00,sentencingproject.org,True,downloaded,200.0,https://www.sentencingproject.org/press-releases/new-report-three-causes-of-racial-inequity-in-the-criminal-legal-system/,80741.0,success,4010,588,html,,New Report: Three Causes of Racial Inequity in the Criminal Legal System – The Sentencing Project,Breanna Bishop,2023-12-07,The Sentencing Project,https://www.sentencingproject.org/press-releases/new-report-three-causes-of-racial-inequity-in-the-criminal-legal-system/,,48bdc8153a8577bce0fa.txt,9a1025bf7bc50fa0853d3d4fe287570219d39b34de51a2f3c767fd72ba78f9f9
48dfc2e373352b20409d,https://southerneducation.org/in-the-news/u-s-still-has-miles-to-go-to-increase-black-students-educational-opportunities,2026-09-29T19:24:57.771986+00:00,southerneducation.org,True,downloaded,200.0,https://southerneducation.org/in-the-news/u-s-still-has-miles-to-go-to-increase-black-students-educational-opportunities/,126004.0,success,6862,1072,html,text/html; charset=UTF-8,‘Miles to Go’ for U.S. to increase Black students’ educational opportunities,,2024-11-04,Southern Education Foundation,https://southerneducation.org/in-the-news/u-s-still-has-miles-to-go-to-increase-black-students-educational-opportunities/,,48dfc2e373352b20409d.txt,94e9322e65588327fb9cda679d48e3ab9cedbd994a564313fb7527495593fa3a
49ec94df2803e3fc5419,https://sciencedirect.com/science/article/pii/S2590291126008223,2026-09-29T19:24:59.541603+00:00,sciencedirect.com,False,downloaded,403.0,https://www.sciencedirect.com/science/article/pii/S2590291126008223,1207935.0,not_extracted,0,0,,,,,,,,,,
49f5161857535212e276,https://pmc.ncbi.nlm.nih.gov/articles/PMC9291436,2026-09-29T19:25:00.643682+00:00,nih.gov,True,downloaded,200.0,https://pmc.ncbi.nlm.nih.gov/articles/PMC9291436/,169121.0,success,29246,4409,html,,Gender Disparities in Difficulty Accessing Healthcare and Cost-Related Medication Non-Adherence: The CDC Behavioral Risk Factor Surveillance System (BRFSS) Survey,Marilyne Daher; Mahmoud Al Rifai; Riyad Y Kherallah; Fatima Rodriguez; Dhruv Mahtta; Erin D Michos; Safi U Khan; Laura A Petersen; Salim S Virani,2021-09-03,Preventive medicine,https://pmc.ncbi.nlm.nih.gov/articles/PMC9291436/,,49f5161857535212e276.txt,ea0694e5b0f4f2ec6974095e949063eca65a9761a81b852dd8fff433f2d82e05
4a008ab06a42fb98a815,https://fedemploylaw.com/lgbtq-harassment-in-the-workplace-how-to-identify-prove-it,2026-09-29T19:25:00.711102+00:00,fedemploylaw.com,True,downloaded,200.0,https://www.fedemploylaw.com/lgbtq-harassment-in-the-workplace-how-to-identify-prove-it/,411314.0,success,5203,777,html,text/html; charset=UTF-8,How to Identify LGBTQ+ Harassment in the Workplace | Solomon Law Firm,Omnizant Support; Solomon Law Firm,2025-11-10,Solomon Law Firm,https://www.fedemploylaw.com/lgbtq-harassment-in-the-workplace-how-to-identify-prove-it/,,4a008ab06a42fb98a815.txt,aa97610c1c35faeb62f21bc25e87d5c23f5d64f2fa161bc3489aca9f742abc1d
4a061dfef3b0e1690559,https://link.springer.com/article/10.1007/s00146-023-01676-3,2026-09-29T19:25:01.013468+00:00,springer.com,False,robots_disallowed,,,,not_extracted,0,0,,,,,,,,,,
4a16dbdaea150ac47f74,https://pacer.org/bullying/info/students-with-disabilities,2026-09-29T19:25:01.013679+00:00,pacer.org,True,downloaded,200.0,https://www.pacer.org/bullying/info/students-with-disabilities/,231194.0,success,36571,5910,html,text/html; charset=UTF-8,Students with Disabilities and Bullying,,2023-12-05,PACER Center,https://www.pacer.org/bullying/info/students-with-disabilities/,,4a16dbdaea150ac47f74.txt,960331e5b55d13db50fc87e78abd169f5207fc3e79ac73bfb45aa45a0ff8c53f
4a34bc72725f112fe4fa,https://fedemploylaw.com/when-men-are-sexually-harassed-at-work-breaking-stereotypes-and-legal-myths,2026-09-29T19:25:02.763871+00:00,fedemploylaw.com,True,downloaded,200.0,https://www.fedemploylaw.com/when-men-are-sexually-harassed-at-work-breaking-stereotypes-and-legal-myths/,411773.0,success,4896,763,html,text/html; charset=UTF-8,When Men Are Sexually Harassed at Work | Solomon Law Firm,Omnizant Support; Solomon Law Firm,2025-12-22,Solomon Law Firm,https://www.fedemploylaw.com/when-men-are-sexually-harassed-at-work-breaking-stereotypes-and-legal-myths/,,4a34bc72725f112fe4fa.txt,6ae93ab893259304892421e5c7a6d9b1058d371bb3dda7ddc1ce82f702f87308
4a6892d6df1ceebb6630,https://thv11.com/article/money/nerdwallet/how-latino-credit-unions-clear-banking-barriers/606-3e5fa94f-12aa-4ee5-8395-59a1d175544d,2026-09-29T19:25:03.576217+00:00,thv11.com,True,downloaded,200.0,https://www.thv11.com/article/money/nerdwallet/how-latino-credit-unions-clear-banking-barriers/606-3e5fa94f-12aa-4ee5-8395-59a1d175544d,2604.0,success,32,5,html,text/html,,,,thv11.com,https://www.thv11.com/article/money/nerdwallet/how-latino-credit-unions-clear-banking-barriers/606-3e5fa94f-12aa-4ee5-8395-59a1d175544d,,4a6892d6df1ceebb6630.txt,1107760f847d7fd8d12f9c4f9e02bee0a3995c2196fc0fcf2bb4180bbc20b7d0
4a77abef1bc44745f5bf,https://osha.gov/workplace-violence,2026-09-29T19:25:05.101676+00:00,osha.gov,False,downloaded,403.0,https://osha.gov/workplace-violence,919.0,not_extracted,0,0,,,,,,,,,,
4a958a8be64a527cfd90,https://jamanetwork.com/journals/jama-health-forum/fullarticle/2838677,2026-09-29T19:25:05.805608+00:00,jamanetwork.com,False,downloaded,403.0,https://jamanetwork.com/journals/jama-health-forum/fullarticle/2838677,5778.0,not_extracted,0,0,,,,,,,,,,
4afefcc98346ab7253c8,https://news.unm.edu/news/research-finds-black-immigrant-girls-of-color-face-hostile-classrooms,2026-09-29T19:25:06.321797+00:00,unm.edu,True,downloaded,200.0,https://news.unm.edu/news/research-finds-black-immigrant-girls-of-color-face-hostile-classrooms,45001.0,success,6145,948,html,text/html; charset=utf-8,"Research finds Black, immigrant girls of color face hostile classrooms",Mary Beth King,2021-08-06,UNM UCAM Newsroom,https://news.unm.edu/news/research-finds-black-immigrant-girls-of-color-face-hostile-classrooms,,4afefcc98346ab7253c8.txt,f9ae3ee09f30e9748eb2ee1e4b1e106318abf1b6c58687421be0e28562214485
4b14eff886e30b0d27e7,https://forbes.com/sites/forbeseq/2025/07/08/the-business-benefits-of-hiring-people-with-disabilities,2026-09-29T19:25:09.504178+00:00,forbes.com,False,downloaded,403.0,https://forbes.com/sites/forbeseq/2025/07/08/the-business-benefits-of-hiring-people-with-disabilities,773.0,not_extracted,0,0,,,,,,,,,,
4b2fcd657ffc97001583,https://holyfamily.edu/about/news-and-media/hfu-blog-network/ensuring-success-college-latinoa-students-insights-and-imperatives,2026-09-29T19:25:10.192128+00:00,holyfamily.edu,True,downloaded,200.0,https://www.holyfamily.edu/about/news-and-media/hfu-blog-network/ensuring-success-college-latinoa-students-insights-and-imperatives,39271.0,success,3046,431,html,text/html; charset=UTF-8,Ensuring Success in College for Latino/a Students: Insights and Imperatives,,2023-10-06,holyfamily.edu,https://www.holyfamily.edu/about/news-and-media/hfu-blog-network/ensuring-success-college-latinoa-students-insights-and-imperatives,,4b2fcd657ffc97001583.txt,95c8923c7a7009a1d87ac5d76e0a28427e82dbf31ccc96ddf5c07a410c620732
4b3e1c58014aab4776d3,https://pmc.ncbi.nlm.nih.gov/articles/PMC9716543,2026-09-29T19:25:10.850202+00:00,nih.gov,True,downloaded,200.0,https://pmc.ncbi.nlm.nih.gov/articles/PMC9716543/,296288.0,success,76049,12215,html,,Racial and Ethnic Disparities in Housing Instability During the COVID-19 Pandemic: the Role of Assets and Income Shocks,Yung Chun; Stephen Roll; Selina Miller; Hedwig Lee; Savannah Larimore; Michal Grinstein-Weiss,2022-12-02,"Journal of Economics, Race, and Policy",https://pmc.ncbi.nlm.nih.gov/articles/PMC9716543/,,4b3e1c58014aab4776d3.txt,5206d4e731b4daa3aba25a17fd7766f800739998c62c2f95faf63285942e0eaa
4b5317d8e58b8d9a3896,https://pmc.ncbi.nlm.nih.gov/articles/PMC11701976,2026-09-29T19:25:11.482641+00:00,nih.gov,True,downloaded,200.0,https://pmc.ncbi.nlm.nih.gov/articles/PMC11701976/,114147.0,success,13102,1628,html,,Older Adults and People with Disabilities are at Risk for Medicaid Disenrollment,Raymond Tjhia; Jeremy Lapedis; Eric T Roberts; Renuka Tipirneni,2024-03-04,Journal of the American Geriatrics Society,https://pmc.ncbi.nlm.nih.gov/articles/PMC11701976/,,4b5317d8e58b8d9a3896.txt,44106bc05fed215dbf72df1d19619ef1e25b9a490970abadeb874fe11c9beb84
4b54f3612d38d8b417c0,https://tandfonline.com/doi/full/10.1080/10428232.2017.1399034,2026-09-29T19:25:11.967736+00:00,tandfonline.com,False,downloaded,403.0,https://tandfonline.com/doi/full/10.1080/10428232.2017.1399034,5826.0,not_extracted,0,0,,,,,,,,,,
4b673a6456a0b9c773c9,https://pmc.ncbi.nlm.nih.gov/articles/PMC8137174,2026-09-29T19:25:13.480692+00:00,nih.gov,True,downloaded,200.0,https://pmc.ncbi.nlm.nih.gov/articles/PMC8137174/,21371.0,success,131,18,html,,Checking your browser,,2026-09-11,google.com,https://www.google.com/recaptcha/challengepage,,4b673a6456a0b9c773c9.txt,a29166d0eaaa418bd5af61a282f1183a46c84c4d5e4c90689b1b452d230d05cc
4b8aa2de8b14d4624cdd,https://healthcity.bmc.org/why-safe-housing-pivotal-transgender-womens-health,2026-09-29T19:25:13.797672+00:00,bmc.org,True,downloaded,200.0,https://healthcity.bmc.org/why-safe-housing-pivotal-transgender-womens-health/,197256.0,success,9008,1481,html,text/html; charset=UTF-8,Why Safe Housing Is Pivotal for Transgender Women's Health,Sandra Larson; Caitlin White,2021-06-22,HealthCity,http://healthcity.bmc.org/why-safe-housing-pivotal-transgender-womens-health/,,4b8aa2de8b14d4624cdd.txt,1a2d06c129b8f398678a160871200d1720019fb9a167de597b9a84435cf12c85
4bf3675996305752ed3a,https://plannedparenthoodaction.org/communities/latinos-planned-parenthood/health-equity-issues-for-the-latino-community,2026-09-29T19:25:15.016155+00:00,plannedparenthoodaction.org,False,downloaded,403.0,https://www.plannedparenthoodaction.org/communities/latinos-planned-parenthood/health-equity-issues-for-the-latino-community,118.0,not_extracted,0,0,,,,,,,,,,
4bf565b22ceff9d79083,https://ec.europa.eu/eurostat/statistics-explained/index.php?title=Glossary%3AMeans-tested_and_Non_means-tested_benefits,2026-09-29T19:25:15.868879+00:00,europa.eu,True,downloaded,200.0,https://ec.europa.eu/eurostat/statistics-explained/index.php?title=Glossary%3AMeans-tested_and_Non_means-tested_benefits,68260.0,success,1638,236,html,text/html; charset=UTF-8,"<span class=""mw-page-title-namespace"">Glossary</span><span class=""mw-page-title-separator"">:</span><span class=""mw-page-title-main"">Means-tested and Non means-tested benefits</span>",,2022-01-26,Eurostat,https://ec.europa.eu/eurostat/statistics-explained/index.php?title=Glossary:Means-tested_and_Non_means-tested_benefits,,4bf565b22ceff9d79083.txt,7d2ae20c01be4a8b7ba1b6a76d2baa161b59d694d43ba786a8b3007803713bd4
4c20dc1a4db595a76e29,https://pmc.ncbi.nlm.nih.gov/articles/PMC13103809,2026-09-29T19:25:17.689579+00:00,nih.gov,True,downloaded,200.0,https://pmc.ncbi.nlm.nih.gov/articles/PMC13103809/,186914.0,success,40686,5921,html,,Medicaid Retention After Transition to Medicare Among Adults With Expansion Coverage,Zhiyou Yang; David Cheng; Mary Price; Kobi Khong; Timothy Duong; J Wyatt Koma; John Hsu; Margarita Alegria; Joseph P Newhouse; Vicki Fung,2026-04-22,JAMA Network Open,https://pmc.ncbi.nlm.nih.gov/articles/PMC13103809/,,4c20dc1a4db595a76e29.txt,79c098f64d42c5f539516d9be946d2f67a4785dbf1c36bc67d6e8ea10d30e52f
4c2d8142ac2244820f49,https://pmc.ncbi.nlm.nih.gov/articles/PMC6511003,2026-09-29T19:25:18.078871+00:00,nih.gov,True,downloaded,200.0,https://pmc.ncbi.nlm.nih.gov/articles/PMC6511003/,217610.0,success,71845,11121,html,,Lending practices to same-sex borrowers,Hua Sun; Lei Gao,2019-04-16,Proceedings of the National Academy of Sciences of the United States of America,https://pmc.ncbi.nlm.nih.gov/articles/PMC6511003/,,4c2d8142ac2244820f49.txt,1101137a1c486b50a3442dbd59fc44eb83fd01b01ace6aa065b0fce228bb4b19
4cace9bbd18a76f5110c,https://home.treasury.gov/news/featured-stories/racial-equity-benefits-all-americans,2026-09-29T19:25:18.135914+00:00,treasury.gov,True,downloaded,200.0,https://home.treasury.gov/news/featured-stories/racial-equity-benefits-all-americans,88501.0,success,15529,2258,html,text/html; charset=utf-8,Racial Equity Benefits All Americans,,2023-06-07,U.S. Department of the Treasury,https://home.treasury.gov/news/featured-stories/racial-equity-benefits-all-americans,,4cace9bbd18a76f5110c.txt,7675e2009dfbf1551eb5d5915a59fc9cb3d52de2072b540d6c22d8979b16c1b7
4cb66278eb838b17b425,https://sentencingproject.org/reports/one-in-five-disparities-in-crime-and-policing,2026-09-29T19:25:18.606518+00:00,sentencingproject.org,True,downloaded,200.0,https://www.sentencingproject.org/reports/one-in-five-disparities-in-crime-and-policing/,292838.0,success,78449,11865,html,,One in Five: Disparities in Crime and Policing – The Sentencing Project,Nazgol Ghandnoosh; Ph D,2023-11-02,The Sentencing Project,https://www.sentencingproject.org/reports/one-in-five-disparities-in-crime-and-policing/,,4cb66278eb838b17b425.txt,c41471570382ab83fcfc8266ffdf1750cc8590e88da0583f39e03a5f3adcf5b2
4cef9fd66034f6ab6afd,https://independent.co.uk/news/world/americas/us-politics/trump-transgender-care-prison-supreme-court-b3057832.html,2026-09-29T19:25:19.254239+00:00,independent.co.uk,True,downloaded,200.0,https://www.independent.co.uk/news/world/americas/us-politics/trump-transgender-care-prison-supreme-court-b3057832.html,251893.0,success,6294,940,html,,Trump wants to ban gender-affirming care for trans inmates — for ‘security’ reasons,Alex Woodward,2026-09-28,The Independent,https://www.independent.co.uk/news/world/americas/us-politics/trump-transgender-care-prison-supreme-court-b3057832.html,,4cef9fd66034f6ab6afd.txt,23bd782c2262d11abb9f1d49c8731b0c4fede68d436706faedfea137fb1c0488
4d06d2d79c25bc793721,https://designspecific.us.com/how-can-medical-practices-ensure-accessibility-for-patients-with-mobility-issues,2026-09-29T19:25:20.722330+00:00,us.com,False,downloaded,403.0,https://designspecific.us.com/how-can-medical-practices-ensure-accessibility-for-patients-with-mobility-issues,52.0,not_extracted,0,0,,,,,,,,,,
4d22274831e76539b591,https://facebook.com/lalgbtcenter/posts/a-new-study-found-that-lgbtq-people-experience-housing-insecurity-at-a-higher-ra/10158858422451429,2026-09-29T19:25:21.758235+00:00,facebook.com,False,robots_disallowed,,,,not_extracted,0,0,,,,,,,,,,
4e085b759630f3075524,https://ncbi.nlm.nih.gov/books/NBK593528,2026-09-29T19:25:21.758678+00:00,nih.gov,True,downloaded,200.0,https://www.ncbi.nlm.nih.gov/books/NBK593528/,90645.0,success,31566,4572,html,text/html; charset=UTF-8,Social Safety Net Benefits,National Academies; Engineering; Medicine; Division; Social Sciences; Education; Board; Cognitive; Sensory Sciences; Committee; Alexandra Beatty; Robert Moffitt; Alison Buttenheim,2023-04-20,National Academies Press (US),https://www.ncbi.nlm.nih.gov/books/NBK593528/,,4e085b759630f3075524.txt,2234cf4e244fc787d45b9e6418ed8ca3abed873c3dffb2ddab3cd01aab1d3dc3
4e718d7039de98416b5b,https://sciencedirect.com/,2026-09-29T19:25:21.923441+00:00,sciencedirect.com,False,downloaded,403.0,https://www.sciencedirect.com/,1207760.0,not_extracted,0,0,,,,,,,,,,
4e8e756b4979e895484c,https://siepr.stanford.edu/news/qa-whats-behind-gender-gap-disability-benefits,2026-09-29T19:25:22.019430+00:00,stanford.edu,True,downloaded,200.0,https://siepr.stanford.edu/news/qa-whats-behind-gender-gap-disability-benefits,95216.0,success,9706,1590,html,text/html; charset=UTF-8,Q&A: What's behind the gender gap in disability benefits?,May Wong,2020-04-01,Stanford Institute for Economic Policy Research (SIEPR),https://siepr.stanford.edu/news/qa-whats-behind-gender-gap-disability-benefits,,4e8e756b4979e895484c.txt,6e808c717f8aaae0c1f78287011f45c1877c78e06bee1f186ef64034e94fd087
4eab71fe803d8a5d48b8,https://ocalaemploymentlawyer.com/study-finds-half-of-all-lgbtq-workers-face-discrimination-in-the-workplace,2026-09-29T19:25:25.160080+00:00,ocalaemploymentlawyer.com,True,downloaded,200.0,https://www.ocalaemploymentlawyer.com/study-finds-half-of-all-lgbtq-workers-face-discrimination-in-the-workplace/,51141.0,success,5615,851,html,text/html; charset=UTF-8,"Study Finds Half of All LGBTQ Workers Face Discrimination in the Workplace - James P. Tarquin, P.A.",James P Tarquin; P A,2021-09-13,"James P. Tarquin, P.A.",https://www.ocalaemploymentlawyer.com/study-finds-half-of-all-lgbtq-workers-face-discrimination-in-the-workplace/,,4eab71fe803d8a5d48b8.txt,4b0108163c34a32be90ba88f085c2551d97043e85f1937ba59988127d9e17c9b
4eafef307353666daa14,https://pmc.ncbi.nlm.nih.gov/articles/PMC12812978,2026-09-29T19:25:25.280932+00:00,nih.gov,True,downloaded,200.0,https://pmc.ncbi.nlm.nih.gov/articles/PMC12812978,21371.0,success,131,18,html,,Checking your browser,,2026-09-11,google.com,https://www.google.com/recaptcha/challengepage,,4eafef307353666daa14.txt,a29166d0eaaa418bd5af61a282f1183a46c84c4d5e4c90689b1b452d230d05cc
4edf924f6507bcd42ecf,https://meer.com/en/107064-the-preventive-care-gap-in-womens-health,2026-09-29T19:25:25.334827+00:00,meer.com,True,downloaded,200.0,https://www.meer.com/en/107064-the-preventive-care-gap-in-womens-health,64811.0,success,10505,1560,html,text/html; charset=utf-8,The preventive care gap in women’s health,Michelle Frank,2026-08-21,Meer,https://www.meer.com/en/107064-the-preventive-care-gap-in-womens-health,,4edf924f6507bcd42ecf.txt,b4a2bc8d615f297eaceee45c8b1e51cc17952e471ba5a0600e4bec3a78a115ac
4ee0a1bdb581e67a4d09,https://justiceinaging.org/policy-reforms-to-better-connect-older-adults-and-individuals-with-disabilities-to-ssi-and-other-benefits,2026-09-29T19:25:25.441774+00:00,justiceinaging.org,True,downloaded,200.0,https://justiceinaging.org/policy-reforms-to-better-connect-older-adults-and-individuals-with-disabilities-to-ssi-and-other-benefits/,196891.0,success,15699,2437,html,text/html; charset=UTF-8,Policy Reforms to Better Connect Older Adults and Individuals with Disabilities to SSI and Other Benefits - Justice in Aging,Justice,2026-04-27,Justice in Aging,https://justiceinaging.org/policy-reforms-to-better-connect-older-adults-and-individuals-with-disabilities-to-ssi-and-other-benefits/,,4ee0a1bdb581e67a4d09.txt,7ab3253190f623f8622a45d99d7d718d2e00c1b8b1a7b851d2871206f1f51da3
4ee47ea3d10c108790a0,https://cepr.net/publications/housing-insecurity-by-race-and-place-during-the-pandemic,2026-09-29T19:25:27.361380+00:00,cepr.net,False,downloaded,403.0,https://cepr.net/publications/housing-insecurity-by-race-and-place-during-the-pandemic,5819.0,not_extracted,0,0,,,,,,,,,,
4ef0940e8e05dd4baf7d,https://pmc.ncbi.nlm.nih.gov/articles/PMC12311976,2026-09-29T19:25:28.866878+00:00,nih.gov,True,downloaded,200.0,https://pmc.ncbi.nlm.nih.gov/articles/PMC12311976/,110803.0,success,12643,1826,html,,Public Benefits Use for Hispanic and non-Hispanic Older Immigrants in the United States,Stipica Mudrazija; Sofia G Ayala,2024-01-08,The Public policy and aging report,https://pmc.ncbi.nlm.nih.gov/articles/PMC12311976/,,4ef0940e8e05dd4baf7d.txt,2a8740c07c20da63baf085d10934163fdb729d50f3c6a444ccf71f0675d43927
4efbf12cb9bf4be8a09c,https://healthaffairs.org/doi/10.1377/hlthaff.2023.00994,2026-09-29T19:25:29.301858+00:00,healthaffairs.org,False,downloaded,403.0,https://healthaffairs.org/doi/10.1377/hlthaff.2023.00994,5762.0,not_extracted,0,0,,,,,,,,,,
4f27b88ab743f5853b50,https://ncbi.nlm.nih.gov/books/NBK224433,2026-09-29T19:25:29.662439+00:00,nih.gov,True,downloaded,200.0,https://www.ncbi.nlm.nih.gov/books/NBK224433/,107448.0,success,52754,7930,html,text/html; charset=UTF-8,Receipt Of Public Assistance By Mexican American And Cuban American Children In Native And Immigrant Families,National Research Council; Institute; Adjustment; Families; Donald J Hernandez,1999-01-01,National Academies Press (US),https://www.ncbi.nlm.nih.gov/books/NBK224433/,,4f27b88ab743f5853b50.txt,857b64e358bf1aee3c218a14028482b4ef354d6a36b8e4ed9fc930fb9510155c
4f2e8004affde57034bc,https://book.all-means-all.education/ama-2025-en/chapter/gender-and-school-policy,2026-09-29T19:25:31.902917+00:00,all-means-all.education,False,downloaded,403.0,https://book.all-means-all.education/ama-2025-en/chapter/gender-and-school-policy,919.0,not_extracted,0,0,,,,,,,,,,
4f3562881c9fb3c86ec8,https://defendernetwork.com/news/education/black-youth-bullying-challenges,2026-09-29T19:25:32.501094+00:00,defendernetwork.com,True,downloaded,200.0,https://defendernetwork.com/news/education/black-youth-bullying-challenges/,345657.0,success,5716,861,html,text/html; charset=UTF-8,Addressing Bullying: Challenges Faced by Black Youth and Prevention Strategies,Laura Onyeneho,2024-10-26,DefenderNetwork.com,https://defendernetwork.com/news/education/black-youth-bullying-challenges/,,4f3562881c9fb3c86ec8.txt,50f2b0f0abe0964a3feaea2ef320e92e2869c3c5a97a0a0d76cee0b3e505c013
4f4ad42aab382c89a865,https://study.com/academy/lesson/video/what-is-homelessness-definition-causes-effects.html,2026-09-29T19:25:33.589781+00:00,study.com,True,downloaded,200.0,https://study.com/academy/lesson/video/what-is-homelessness-definition-causes-effects.html,148499.0,success,1255,186,html,text/html;charset=UTF-8,"Homelessness Causes, Effects & Solutions - Video | Study.com",,2016-08-08,study.com,https://study.com/academy/lesson/video/what-is-homelessness-definition-causes-effects.html,,4f4ad42aab382c89a865.txt,946b2adf35a0a6fdff1297d90a6a971321fe4c48c64b948900d9c5e46eef0747
4f4ed14a5cec7b652437,https://evidencebasedmentoring.org/lgbtq-college-student-guide,2026-09-29T19:25:34.246883+00:00,evidencebasedmentoring.org,True,downloaded,200.0,https://www.evidencebasedmentoring.org/lgbtq-college-student-guide/,177080.0,success,21570,3318,html,text/html; charset=UTF-8,“LGBTQ+ Guide for Student Success” – The Chronicle of Evidence-Based Mentoring,,2023-03-28,The Chronicle of Evidence-Based Mentoring,https://www.evidencebasedmentoring.org/lgbtq-college-student-guide/,,4f4ed14a5cec7b652437.txt,92541802278ea1423ffcc56cb291a1321bd6aba801f0fbc6310d94cc95b67e7c
4f56fb2641b96667eb9b,https://youtube.com/watch?t=667s&v=jSqF4hs6910,2026-09-29T19:25:36.589861+00:00,youtube.com,True,downloaded,200.0,https://www.youtube.com/watch?t=667s&v=jSqF4hs6910,1282474.0,success,146,23,html,text/html; charset=utf-8,One in Five: Ending Mass Incarceration and its Racial Disparities,,2024-02-08,YouTube,https://www.youtube.com/watch?v=jSqF4hs6910,,4f56fb2641b96667eb9b.txt,8dbba17988e385133ba8f51d76cde1fc2c859262b666cb848e9cfe2478fd5e71
4f84fb30bf4473321a1a,https://sciencedirect.com/science/article/pii/S1568484926000031,2026-09-29T19:25:36.792042+00:00,sciencedirect.com,False,downloaded,403.0,https://www.sciencedirect.com/science/article/pii/S1568484926000031,1207935.0,not_extracted,0,0,,,,,,,,,,
4f8a2515841fcd5f488b,https://justiceinaging.org/lgbtq-older-adults-cant-afford-cuts-to-medicaid,2026-09-29T19:25:37.139715+00:00,justiceinaging.org,True,downloaded,200.0,https://justiceinaging.org/lgbtq-older-adults-cant-afford-cuts-to-medicaid/,197767.0,success,9993,1568,html,text/html; charset=UTF-8,LGBTQ+ Older Adults Can’t Afford Cuts to Medicaid - Justice in Aging,Justice,2025-04-24,Justice in Aging,https://justiceinaging.org/lgbtq-older-adults-cant-afford-cuts-to-medicaid/,,4f8a2515841fcd5f488b.txt,eca110dfde3de82027f3c321b44740dc1c4aad92d8003a706f923379007bbc29
4f9f16684e8f90717bf1,https://pt.scribd.com/document/695342437/Process-and-Factors-Affecting-Recruitment,2026-09-29T19:25:37.846122+00:00,scribd.com,True,downloaded,200.0,https://pt.scribd.com/document/695342437/Process-and-Factors-Affecting-Recruitment,1437407.0,success,5656,778,html,text/html; charset=utf-8,Process and Factors Affecting Recruitment,,2026-09-29,Scribd,https://www.scribd.com/document/695342437/Process-and-Factors-Affecting-Recruitment,,4f9f16684e8f90717bf1.txt,e20cf5aaf1af34bd855041ed6abb394fd0050220fcde6859668c94350d13ff31
4fa99de6d14de8eef8a7,https://journals.sagepub.com/doi/abs/10.1177/0046958017734031,2026-09-29T19:25:40.054044+00:00,sagepub.com,False,downloaded,403.0,https://journals.sagepub.com/doi/abs/10.1177/0046958017734031,5792.0,not_extracted,0,0,,,,,,,,,,
4fc88972130a13acd8fb,https://urban.org/urban-wire/what-explains-homeownership-gap-between-black-and-white-young-adults,2026-09-29T19:25:40.380949+00:00,urban.org,False,downloaded,403.0,https://www.urban.org/urban-wire/what-explains-homeownership-gap-between-black-and-white-young-adults,5982.0,not_extracted,0,0,,,,,,,,,,
4ff69e989059c9cd2df6,https://pmc.ncbi.nlm.nih.gov/articles/PMC10985919,2026-09-29T19:25:40.586379+00:00,nih.gov,True,downloaded,200.0,https://pmc.ncbi.nlm.nih.gov/articles/PMC10985919/,179422.0,success,45381,6606,html,,Most Americans support minimizing administrative burdens for Medicaid recipients as the public health emergency ends,Simon F Haeder; Donald P Moynihan,2023-06-20,Health Affairs Scholar,https://pmc.ncbi.nlm.nih.gov/articles/PMC10985919/,,4ff69e989059c9cd2df6.txt,5a98aaa036bad12cc99da7640243f45683a873cc4299fb4f282c39c531d48772
500c73a23956a89aaa42,https://pubmed.ncbi.nlm.nih.gov/39227178,2026-09-29T19:25:40.590845+00:00,nih.gov,True,downloaded,203.0,https://pubmed.ncbi.nlm.nih.gov/39227178/,5590.0,success,100,14,html,text/html; charset=utf-8,Cookies must be enabled,,,pubmed.ncbi.nlm.nih.gov,https://pubmed.ncbi.nlm.nih.gov/39227178/,,500c73a23956a89aaa42.txt,f193d0de906419650acf171625dbd67f88f297290893b5473e1d8365c03d4b59
503197299042efabacfe,https://ijetsar.com/index.php/pub/article/view/318,2026-09-29T19:25:41.066570+00:00,ijetsar.com,True,downloaded,200.0,https://ijetsar.com/index.php/pub/article/view/318,40006.0,success,2204,291,html,text/html; charset=utf-8,THE IMPACT OF SOCIOECONOMIC STATUS AND SCHOOL TYPE ON ACCESS TO HIGHER EDUCATION,İsa Bahat,2023-09-01,International Journal of Education Technology and Scientific Researches,https://ijetsar.com/index.php/pub/article/view/318,,503197299042efabacfe.txt,02877c37c9edea3d6f3ade18272105d020964b8d0b526b146acdb0996df1e267
5032ad6481308150ce12,https://hechingerreport.org/proof-points-research-on-increasing-diversity-in-college-admissions,2026-09-29T19:25:41.311771+00:00,hechingerreport.org,True,downloaded,200.0,https://hechingerreport.org/proof-points-research-on-increasing-diversity-in-college-admissions/,280188.0,success,7144,1108,html,text/html; charset=UTF-8,PROOF POINTS: Research on increasing diversity in college admissions,Jill Barshay,2022-10-31,The Hechinger Report,https://hechingerreport.org/proof-points-research-on-increasing-diversity-in-college-admissions/,,5032ad6481308150ce12.txt,6bd8f7ba390c4c23a9208682dccead7145d5e4386aeca666ecf0806c8aaf28ce
5037ac1aa325bdb89647,https://migrationpolicy.org/explainer/immigrants-and-use-public-benefits-united-states,2026-09-29T19:25:43.109427+00:00,migrationpolicy.org,False,downloaded,403.0,https://migrationpolicy.org/explainer/immigrants-and-use-public-benefits-united-states,5876.0,not_extracted,0,0,,,,,,,,,,
507a02a9f31586055127,https://feed.georgetown.edu/access-affordability/anti-dei-policies-a-threat-to-colleges-recruitment-of-male-applicants,2026-09-29T19:25:44.000810+00:00,georgetown.edu,True,downloaded,200.0,https://feed.georgetown.edu/access-affordability/anti-dei-policies-a-threat-to-colleges-recruitment-of-male-applicants/,166858.0,success,6301,948,html,text/html; charset=UTF-8,Anti-DEI policies a threat to colleges’ recruitment of male applicants? - THE FEED,Kpc8,2025-12-19,THE FEED,https://feed.georgetown.edu/access-affordability/anti-dei-policies-a-threat-to-colleges-recruitment-of-male-applicants/,,507a02a9f31586055127.txt,b8b3eda27a6abddbcda1e9a64e0d2d2dacf7241a198733fc4608ba24d7438fc5
507cc4563a5ca658bd00,https://sinbarrerascville.org/wp-content/uploads/2019/06/Issues-in-Latino-Education.pdf,2026-09-29T19:25:44.009098+00:00,sinbarrerascville.org,True,downloaded,200.0,https://sinbarrerascville.org/wp-content/uploads/2019/06/Issues-in-Latino-Education.pdf,102953.0,success,9785,1383,pdf,application/pdf,,,,,,,507cc4563a5ca658bd00.txt,03ff065d812b88f08ae148290697db3070f6f659c0afdfa1fe3653b0fac7d64e
5091ca16b09c59dd4bce,https://kff.org/racial-equity-and-health-policy/how-present-day-health-disparities-for-black-people-are-linked-to-past-policies-and-events,2026-09-29T19:25:44.227181+00:00,kff.org,True,downloaded,200.0,https://www.kff.org/racial-equity-and-health-policy/how-present-day-health-disparities-for-black-people-are-linked-to-past-policies-and-events/,139515.0,success,10313,1590,html,text/html; charset=UTF-8,How Present-Day Health Disparities for Black People Are Linked to Past Policies and Events | KFF,Samantha Artiga; Latoya Hill; Marley Presiado,2024-02-22,"KFF - The independent source for health policy research, polling, and news",https://www.kff.org/racial-equity-and-health-policy/how-present-day-health-disparities-for-black-people-are-linked-to-past-policies-and-events/,,5091ca16b09c59dd4bce.txt,29c034cfe7b53e53e49c95141800594d34c4bc146b7ddb9d73133904fa07366d
5099cef17796a94d75ff,https://right-to-education.org/issue-page/marginalised-groups/persons-disabilities,2026-09-29T19:25:44.751391+00:00,right-to-education.org,True,downloaded,200.0,https://www.right-to-education.org/issue-page/marginalised-groups/persons-disabilities,108146.0,success,37343,5523,html,text/html; charset=utf-8,Persons with disabilities,,2026-07-31,Right to Education Initiative,https://www.right-to-education.org/issue-page/marginalised-groups/persons-disabilities,,5099cef17796a94d75ff.txt,7505d7b36bc5859c34d1dd186778fe49ff5154ab93afe7d82e91c75581120c4f
50ada82e65495fb88b1c,https://rsisinternational.org/journals/ijriss/articles/structural-inequalities-and-racial-barriers-to-education-attainment-in-u-s-higher-education-challenges-and-policy-interventions,2026-09-29T19:25:46.476819+00:00,rsisinternational.org,True,downloaded,200.0,https://rsisinternational.org/journals/ijriss/articles/structural-inequalities-and-racial-barriers-to-education-attainment-in-u-s-higher-education-challenges-and-policy-interventions,557553.0,success,31899,4599,html,text/html; charset=UTF-8,Structural Inequalities and Racial Barriers to Education Attainment in U.S. Higher Education: Challenges and Policy Interventions,,2025-07-01,Structural Inequalities and Racial Barriers to Education Attainment in U.S. Higher Education: Challenges and Policy Interventions,https://rsisinternational.org/journals/ijriss/articles/structural-inequalities-and-racial-barriers-to-education-attainment-in-u-s-higher-education-challenges-and-policy-interventions/,,50ada82e65495fb88b1c.txt,13c1a4a7092337e11a6e3a471c7d8c4dccd05067062760d96c692e6bc41aabbe
50afbecdf0089f04b999,https://sciencedirect.com/science/article/pii/S1566014125001384,2026-09-29T19:25:48.065775+00:00,sciencedirect.com,False,downloaded,403.0,https://www.sciencedirect.com/science/article/pii/S1566014125001384,1207935.0,not_extracted,0,0,,,,,,,,,,
50cb8f8eca0898cd998c,https://budgetandpolicy.org/resources-tools/2020/01/Gender-equity-fact-sheet.pdf,2026-09-29T19:25:48.700905+00:00,budgetandpolicy.org,True,downloaded,200.0,https://budgetandpolicy.org/resources-tools/2020/01/Gender-equity-fact-sheet.pdf,156533.0,success,4377,647,pdf,application/pdf,,,,,,,50cb8f8eca0898cd998c.txt,fadbc80b8b0acd90e6ec3f41cfca2d476b9446d7d73af40acbf09b55df28dd7c
510866a2c7dbbd653a21,https://pmc.ncbi.nlm.nih.gov/articles/PMC10000362,2026-09-29T19:25:49.110951+00:00,nih.gov,True,downloaded,200.0,https://pmc.ncbi.nlm.nih.gov/articles/PMC10000362/,215566.0,success,43559,7098,html,,Factors Associated with Lack of Health Screening among People with Disabilities Using Andersen’s Behavioral Model,Ye-Soon Kim; Seung Hee Ho,2023-02-23,Healthcare,https://pmc.ncbi.nlm.nih.gov/articles/PMC10000362/,,510866a2c7dbbd653a21.txt,540fb5c96a321fece925260af74bf9691c4ff71fbc199a0d606c43a47b87af97
510f89e4c5d13f09efd6,https://pmc.ncbi.nlm.nih.gov/articles/PMC12117312,2026-09-29T19:25:49.199171+00:00,nih.gov,True,downloaded,200.0,https://pmc.ncbi.nlm.nih.gov/articles/PMC12117312,21371.0,success,131,18,html,,Checking your browser,,2026-09-11,google.com,https://www.google.com/recaptcha/challengepage,,510f89e4c5d13f09efd6.txt,a29166d0eaaa418bd5af61a282f1183a46c84c4d5e4c90689b1b452d230d05cc
515f13b234a81d48d2e2,https://jphmpdirect.com/homelessness-among-individuals-with-disabilities,2026-09-29T19:25:49.626042+00:00,jphmpdirect.com,True,downloaded,200.0,https://jphmpdirect.com/homelessness-among-individuals-with-disabilities/,185790.0,success,6240,873,html,text/html; charset=UTF-8,Homelessness Among Individuals with Disabilities: Influential Factors and Scalable Solutions - JPHMP Direct,Jphmpdirect,2019-07-24,JPHMP Direct -,https://jphmpdirect.com/homelessness-among-individuals-with-disabilities/,,515f13b234a81d48d2e2.txt,57346bde06c1793d68982db3b4c0319474059fc42b55cd2d0792ba7f8ecc184e
5176405e088cc1d41349,https://google.com/url?cd=&opi=89978449&psig=AOvVaw3RhAirNaICPP36VFmpNQJJ&rct=j&sa=i&source=web&uoh=2&url=CAESagHrOzAVkA7Tw0oDx0MNla2ENOvNmWmAP4y5p6KeFRjMZn704Qha2ESj1GCeoM19pii-Q_8-CAh8qOXNYRS2gn_R9LftvnBevOr3PMoVYXajFeShzqDgm8ZXu-nGtYWxqD9mOR3iwLiAbbM&ust=1790739105852000&ved=2ahUKEwiPlMuT7ZKXAxUmmSYFHT4YI4oQ1fkOegoIAggACAAIWxAC,2026-09-29T19:25:51.237413+00:00,google.com,False,robots_disallowed,,,,not_extracted,0,0,,,,,,,,,,
5190477d35329fc14345,https://apha.org/publications/public-health-newswire/public-health-newswire/articles/women-in-law-enforcement-are-more-likely-to-face-bias-burnout,2026-09-29T19:25:51.237723+00:00,apha.org,True,downloaded,200.0,https://www.apha.org/publications/public-health-newswire/public-health-newswire/articles/women-in-law-enforcement-are-more-likely-to-face-bias-burnout,166649.0,success,3366,539,html,text/html; charset=utf-8,"Women in law enforcement are more likely to face bias, burnout",Mary Stortstrom,2025-11-04,American Public Health Association,https://www.apha.org/publications/public-health-newswire/public-health-newswire/articles/women-in-law-enforcement-are-more-likely-to-face-bias-burnout,,5190477d35329fc14345.txt,decc57d2fab29cc60ae90f4244bc2acfe00add6b1febd189199ea2fcefe302bb
52149d5ff09c8f9290be,https://researchgate.net/publication/366837930_Banks'_risk_taking_in_credit_decisions_influences_of_loan_officers'_personality_traits_and_financial_risk_preference_versus_bank-contextual_factors,2026-09-29T19:25:51.535302+00:00,researchgate.net,False,downloaded,403.0,https://www.researchgate.net/publication/366837930_Banks'_risk_taking_in_credit_decisions_influences_of_loan_officers'_personality_traits_and_financial_risk_preference_versus_bank-contextual_factors,21138.0,not_extracted,0,0,,,,,,,,,,
527e09711f7e835bc3c6,https://adata.org/research-brief/experience-discrimination-and-ada,2026-09-29T19:25:52.305850+00:00,adata.org,True,downloaded,200.0,https://adata.org/research-brief/experience-discrimination-and-ada/,60199.0,success,23403,3401,html,text/html; charset=UTF-8,Experience of Discrimination and the ADA,An ADA Knowledge Translation Center Research Brief,2019-01-01,ADATA.org,https://adata.org/research-brief/experience-discrimination-and-ada/,,527e09711f7e835bc3c6.txt,938a68f67a43f26aaa347c1b5001b181a7513b726925ef0fa803d21b56ce1088
528b4733d1fa2400468c,https://pewresearch.org/short-reads/2023/10/30/5-facts-about-hispanic-americans-and-health-care,2026-09-29T19:25:52.843207+00:00,pewresearch.org,True,downloaded,200.0,https://www.pewresearch.org/short-reads/2023/10/30/5-facts-about-hispanic-americans-and-health-care/,371071.0,success,8368,1357,html,text/html; charset=UTF-8,5 facts about Hispanic Americans and health care,Alec Tyson; Mark Hugo Lopez,2023-10-30,Pew Research Center,https://www.pewresearch.org/short-reads/2023/10/30/5-facts-about-hispanic-americans-and-health-care/,,528b4733d1fa2400468c.txt,8275fbe91574e19a86e4a49b54634b39b8b08036c36cebbd54bda95317c67bb9
52ab46bf21eee6094579,https://complyeq.com/resources/articles/transgender-issues-workplace-abuse-hiring-discrimination,2026-09-29T19:25:55.437743+00:00,complyeq.com,True,downloaded,200.0,https://complyeq.com/resources/articles/transgender-issues-workplace-abuse-hiring-discrimination/,137356.0,success,11139,1628,html,text/html; charset=UTF-8,Transgender Issues in the Workplace,Rico Galassi,2018-11-08,Complyeq,https://complyeq.com/resources/articles/transgender-issues-workplace-abuse-hiring-discrimination/,,52ab46bf21eee6094579.txt,b5ecaf66160bc80a5b5347ea3ba1548bb2d8dd0dab7d3a7036b45916d8e621a6
52d557ff6e2c7c507d07,https://pmc.ncbi.nlm.nih.gov/articles/PMC8726680,2026-09-29T19:25:57.302620+00:00,nih.gov,True,downloaded,200.0,https://pmc.ncbi.nlm.nih.gov/articles/PMC8726680/,200136.0,success,57871,8608,html,,Housing insecurity and intersecting social determinants of health among transgender people in the USA: A targeted ethnography,Jennifer L Glick; Alex Lopez; Miranda Pollock; Katherine P Theall,2020-07-02,International Journal of Transgender Health,https://pmc.ncbi.nlm.nih.gov/articles/PMC8726680/,,52d557ff6e2c7c507d07.txt,cafd4083e0043e09d11bac288b9c27497df8964ff8219cc52375c5bb7f966d00
52fe2c9deb38da47eda3,https://youtube.com/watch?t=2s&v=nSXCOrEQu2k,2026-09-29T19:25:57.637170+00:00,youtube.com,True,downloaded,200.0,https://www.youtube.com/watch?t=2s&v=nSXCOrEQu2k,1236531.0,success,146,23,html,text/html; charset=utf-8,5 Signs That You Will Be Approved for Disability,,2024-05-03,YouTube,https://www.youtube.com/watch?v=nSXCOrEQu2k,,52fe2c9deb38da47eda3.txt,8dbba17988e385133ba8f51d76cde1fc2c859262b666cb848e9cfe2478fd5e71
52ffb9d4fa32d8850ade,https://econstor.eu/bitstream/10419/284020/1/sr1060.pdf,2026-09-29T19:25:57.749345+00:00,econstor.eu,True,downloaded,200.0,https://www.econstor.eu/bitstream/10419/284020/1/sr1060.pdf,3485122.0,success,155268,23393,pdf,application/pdf,,,,,,,52ffb9d4fa32d8850ade.txt,2f6c34b4342d9badbcef5e22d766174dca3836a82e65f6e16985c260f41d0f52
53151676e4ff2f498c34,https://stlouisfed.org/open-vault/2025/nov/credit-journey-lower-income-households,2026-09-29T19:25:58.037289+00:00,stlouisfed.org,True,downloaded,200.0,https://www.stlouisfed.org/open-vault/2025/nov/credit-journey-lower-income-households,246125.0,success,9777,1536,html,text/html; charset=utf-8,The Credit Journey of Lower-Income Households,Liz Deichmann,2025-11-19,Federal Reserve Bank of St. Louis,https://www.stlouisfed.org/open-vault/2025/nov/credit-journey-lower-income-households,,53151676e4ff2f498c34.txt,b916ea54a69edf7b1fb65d64942a8aa8997514b1e784d5ca696c2973fd405751
534fb4d9f9b49b9151e3,https://sciencedirect.com/science/article/abs/pii/S0047235225000017,2026-09-29T19:25:58.903828+00:00,sciencedirect.com,False,downloaded,403.0,https://www.sciencedirect.com/science/article/abs/pii/S0047235225000017,1207947.0,not_extracted,0,0,,,,,,,,,,
5355154cfefb217ec349,https://youtube.com/shorts/n_F9dn5SIok,2026-09-29T19:25:59.109426+00:00,youtube.com,True,downloaded,200.0,https://www.youtube.com/shorts/n_F9dn5SIok,1535285.0,success,146,23,html,text/html; charset=utf-8,Understanding the Key Difference Between Arrest and Detention,,2025-12-21,YouTube,https://www.youtube.com/shorts/n_F9dn5SIok,,5355154cfefb217ec349.txt,8dbba17988e385133ba8f51d76cde1fc2c859262b666cb848e9cfe2478fd5e71
53579641740771b039d7,https://stopbullying.gov/bullying/at-risk,2026-09-29T19:26:00.860096+00:00,stopbullying.gov,True,downloaded,200.0,https://www.stopbullying.gov/bullying/at-risk,51581.0,success,2224,372,html,text/html; charset=utf-8,Who Is at Risk,Assistant Secretary,2019-09-24,US Department of Health and Human Services,https://www.stopbullying.gov/bullying/at-risk,,53579641740771b039d7.txt,221d9fc0b4131781332fdab16e4bfa111f9d4a54126ee234b3d7950b6930cd92
53a00d9d67a5561eb5be,https://sites.uab.edu/humanrights/2021/11/22/injustice-in-the-justice-system-issues-of-access-for-people-with-disabilities,2026-09-29T19:26:03.790179+00:00,uab.edu,True,downloaded,200.0,https://sites.uab.edu/humanrights/2021/11/22/injustice-in-the-justice-system-issues-of-access-for-people-with-disabilities/,71420.0,success,8668,1359,html,text/html; charset=UTF-8,Injustice in the Justice System: Issues of Access for People with Disabilities,Author Suhas Kellampalli,2021-11-22,sites.uab.edu,https://sites.uab.edu/humanrights/2021/11/22/injustice-in-the-justice-system-issues-of-access-for-people-with-disabilities/,,53a00d9d67a5561eb5be.txt,c155ec914af9629daeee3f407e9092b8368294293ca3119e7edeaf96dad7014a
53ee37046ef00cb20f75,https://solarisgroup.com/blog/finance-for-everyone,2026-09-29T19:26:04.144454+00:00,solarisgroup.com,True,downloaded,200.0,https://www.solarisgroup.com/blog/finance-for-everyone/,279790.0,success,8404,1322,html,text/html; charset=UTF-8,Breaking down barriers: Creating inclusive financial services | Blog | Solaris,Hülya Buchwitz,2024-02-22,Solaris SE,https://www.solarisgroup.com/blog/finance-for-everyone/,,53ee37046ef00cb20f75.txt,22a7575497c83ea83245141e932153c536da68b27c257ce79528eb513542a9b5
53f543762617e964da96,https://consumerfinance.gov/archive/newsroom/cfpb-provides-guidance-to-help-lenders-avoid-discrimination-against-consumers-receiving-disability-income,2026-09-29T19:26:04.686445+00:00,consumerfinance.gov,True,downloaded,200.0,https://www.consumerfinance.gov/archive/newsroom/cfpb-provides-guidance-to-help-lenders-avoid-discrimination-against-consumers-receiving-disability-income/,148466.0,success,4283,609,html,text/html; charset=utf-8,CFPB Provides Guidance to Help Lenders Avoid Discrimination Against Consumers Receiving Disability Income | Consumer Financial Protection Bureau,,2026-06-25,Consumer Financial Protection Bureau,https://www.consumerfinance.gov/archive/newsroom/cfpb-provides-guidance-to-help-lenders-avoid-discrimination-against-consumers-receiving-disability-income/,,53f543762617e964da96.txt,3cd86bfe3af986024bc11caea8be9ca2607c9bb4c708d25bdf7a46cf4654280b
5414ae13d90869405f46,https://ballardbrief.byu.edu/issue-briefs/mass-incarceration-in-the-united-states,2026-09-29T19:26:06.075934+00:00,byu.edu,True,downloaded,200.0,https://ballardbrief.byu.edu/issue-briefs/mass-incarceration-in-the-united-states,334469.0,success,54701,8498,html,text/html;charset=utf-8,Mass Incarceration in the United States - Ballard Brief,Alex Resney,2019-01-08,The Ballard Center for Social Impact,https://ballardbrief.byu.edu/issue-briefs/mass-incarceration-in-the-united-states,,5414ae13d90869405f46.txt,e554ae44e164f0391e22d23e911b1a1b52218329a6506a3d93a4262d78fa7599
542d798f851c1f4d9381,https://williamsinstitute.law.ucla.edu/publications/transgender-higher-ed,2026-09-29T19:26:06.619849+00:00,ucla.edu,True,downloaded,200.0,https://williamsinstitute.law.ucla.edu/publications/transgender-higher-ed/,122147.0,success,4781,725,html,text/html; charset=UTF-8,Educational Experiences of Transgender People,Loyal; Thisisloyal Com,2023-02-16,The Williams Institute at UCLA School of Law,https://williamsinstitute.law.ucla.edu/publications/transgender-higher-ed/,,542d798f851c1f4d9381.txt,f9903f7fa93da4decfa3c63b82f95f03215cc705d896acab79ff57a5acb2dbfe
5432459df1078bb1141c,https://ajph.aphapublications.org/doi/10.2105/AJPH.2018.304772,2026-09-29T19:26:06.840968+00:00,aphapublications.org,False,downloaded,403.0,https://ajph.aphapublications.org/doi/10.2105/AJPH.2018.304772,5785.0,not_extracted,0,0,,,,,,,,,,
546e18ffee6c53f0c20b,https://pmc.ncbi.nlm.nih.gov/articles/PMC10953965,2026-09-29T19:26:07.706296+00:00,nih.gov,True,downloaded,200.0,https://pmc.ncbi.nlm.nih.gov/articles/PMC10953965/,145031.0,success,29464,4081,html,,Patient engagement with psychological safety,Tatsuya Fukami,2023-09-17,Dialogues in Health,https://pmc.ncbi.nlm.nih.gov/articles/PMC10953965/,,546e18ffee6c53f0c20b.txt,ae336f4d581cf01f0420bdb77f8a8070cfb9a44f7f37ef0edbf2d227a7fbf2e1
54a0a89226664ce0c0d1,https://changingperspectivesnow.org/2024/07/10/disability-inclusion-in-education-the-benefits-importance-for-all-students,2026-09-29T19:26:09.716862+00:00,changingperspectivesnow.org,True,downloaded,200.0,https://changingperspectivesnow.org/2024/07/10/disability-inclusion-in-education-the-benefits-importance-for-all-students/,411497.0,success,6519,914,html,text/html; charset=UTF-8,Disability Inclusion in Education: The Benefits & Importance for All Students,Jean Alexander,2024-07-10,Disability Inclusion in Education: The Benefits & Importance for All Students - Changing Perspectives,https://changingperspectivesnow.org/2024/07/10/disability-inclusion-in-education-the-benefits-importance-for-all-students/,,54a0a89226664ce0c0d1.txt,63f10a09001288055377263141920a2d3b7202b058a3e451137737cccba69329
54a5cc7dd59bec95edc5,https://americanprogress.org/article/lack-housing-mental-health-disabilities-exacerbate-one-another,2026-09-29T19:26:10.502341+00:00,americanprogress.org,False,downloaded,403.0,https://www.americanprogress.org/article/lack-housing-mental-health-disabilities-exacerbate-one-another,5923.0,not_extracted,0,0,,,,,,,,,,
54d1a49b59bd181e5258,https://acus.gov/document/identifying-and-reducing-burdens-public-administrative-processes,2026-09-29T19:26:10.638790+00:00,acus.gov,False,downloaded,403.0,https://acus.gov/document/identifying-and-reducing-burdens-public-administrative-processes,118.0,not_extracted,0,0,,,,,,,,,,
54ee8a88aca2093ea4a1,https://latino.ucla.edu/debunking-myths-about-latinos-and-medicaid,2026-09-29T19:26:11.113668+00:00,ucla.edu,True,downloaded,200.0,https://latino.ucla.edu/debunking-myths-about-latinos-and-medicaid/,163458.0,success,5146,746,html,text/html; charset=UTF-8,Debunking Myths About Latinos and Medicaid,,2025-03-05,Latino Policy & Politics Institute,https://latino.ucla.edu/debunking-myths-about-latinos-and-medicaid/,,54ee8a88aca2093ea4a1.txt,3eaae1b5bc503154d741e88c62d45f37764a4d43148bbc53a94ba41c7c569a5a
55791d2443e36e2372e2,https://tuc.org.uk/research-analysis/reports/bullying-harassment-and-discrimination-disabled-people-workplace,2026-09-29T19:26:11.473575+00:00,tuc.org.uk,False,downloaded,403.0,https://www.tuc.org.uk/research-analysis/reports/bullying-harassment-and-discrimination-disabled-people-workplace,5973.0,not_extracted,0,0,,,,,,,,,,
558090b9b36be3914046,https://cbpp.org/research/health/opportunities-for-states-to-coordinate-medicaid-and-snap-renewals,2026-09-29T19:26:12.661264+00:00,cbpp.org,False,downloaded,403.0,https://cbpp.org/research/health/opportunities-for-states-to-coordinate-medicaid-and-snap-renewals,6157.0,not_extracted,0,0,,,,,,,,,,
558b43650331b41f126e,https://federalreserve.gov/econres/notes/feds-notes/gender-related-differences-in-credit-use-and-credit-scores-20180622.html,2026-09-29T19:26:13.043455+00:00,federalreserve.gov,True,downloaded,200.0,https://www.federalreserve.gov/econres/notes/feds-notes/gender-related-differences-in-credit-use-and-credit-scores-20180622.html,124746.0,success,21781,3498,html,text/html,Gender-Related Differences in Credit Use and Credit Scores,Geng Li,2018-06-22,federalreserve.gov,https://www.federalreserve.gov/econres/notes/feds-notes/gender-related-differences-in-credit-use-and-credit-scores-20180622.html,,558b43650331b41f126e.txt,a5e43c96d717d856a91ff13e08c9bedbad9751cd27f3d684f9c527ad91001eb8
562908e64596cdbb9260,https://researchgate.net/publication/374999877_Review_of_Research_on_Influencing_Factors_of_Personnel_Recruitment,2026-09-29T19:26:14.126981+00:00,researchgate.net,False,downloaded,403.0,https://www.researchgate.net/publication/374999877_Review_of_Research_on_Influencing_Factors_of_Personnel_Recruitment,21138.0,not_extracted,0,0,,,,,,,,,,
565dd0843a513414cdaa,https://kff.org/immigrant-health/implementation-of-medicaid-immigrant-eligibility-restrictions-under-the-2025-reconciliation-law-issues-to-consider,2026-09-29T19:26:14.431405+00:00,kff.org,True,downloaded,200.0,https://www.kff.org/immigrant-health/implementation-of-medicaid-immigrant-eligibility-restrictions-under-the-2025-reconciliation-law-issues-to-consider/,168065.0,success,17712,2533,html,text/html; charset=UTF-8,Implementation of Medicaid Immigrant Eligibility Restrictions Under the 2025 Reconciliation Law: Issues to Consider | KFF,Akash Pillai; Alisha Rao; Samantha Artiga,2026-09-22,"KFF - The independent source for health policy research, polling, and news",https://www.kff.org/immigrant-health/implementation-of-medicaid-immigrant-eligibility-restrictions-under-the-2025-reconciliation-law-issues-to-consider/,,565dd0843a513414cdaa.txt,1e4982f43801dadaa1056ce260441e491b54692cd3b811afe5535fd1c44416cb
56850419a2b18f5722e6,https://ijssrr.com/journal/article/download/1942/1464,2026-09-29T19:26:15.720657+00:00,ijssrr.com,True,downloaded,200.0,https://ijssrr.com/journal/article/download/1942/1464,1396985.0,success,114332,16693,pdf,,,,,,,,56850419a2b18f5722e6.txt,98b228a5cc85f167b2de0ae0eca6a929e7a714d162c6368e02f59da9d7b1bafd
5686c0e7a3e1d2095b46,https://williamsinstitute.law.ucla.edu/wp-content/uploads/Medicaid-Gender-Care-Dec-2022.pdf,2026-09-29T19:26:16.365269+00:00,ucla.edu,True,downloaded,200.0,https://williamsinstitute.law.ucla.edu/wp-content/uploads/Medicaid-Gender-Care-Dec-2022.pdf,2347110.0,success,63628,9055,pdf,application/pdf,,,,,,,5686c0e7a3e1d2095b46.txt,89324457e60983f7798a67dabdb4225454dd4627192f59a3936c3ae3511895f2
569513ab11de7bbc2083,https://academic.oup.com/gerontologist/article/65/8/gnaf163/8186160,2026-09-29T19:26:17.234281+00:00,oup.com,False,downloaded,403.0,https://academic.oup.com/gerontologist/article/65/8/gnaf163/8186160,5725.0,not_extracted,0,0,,,,,,,,,,
56df81cd155356ddcb3b,https://pmc.ncbi.nlm.nih.gov/articles/PMC8025443,2026-09-29T19:26:19.071237+00:00,nih.gov,True,downloaded,200.0,https://pmc.ncbi.nlm.nih.gov/articles/PMC8025443/,167390.0,success,40392,6065,html,,The convergence of racial and income disparities in health insurance coverage in the United States,De-Chih Lee; Hailun Liang; Leiyu Shi,2021-04-07,International Journal for Equity in Health,https://pmc.ncbi.nlm.nih.gov/articles/PMC8025443/,,56df81cd155356ddcb3b.txt,c562aa49e5002e0a96659df76f12a1511d8ca6a13cf4cc8d97e59f0db44fd293
5771c6e3b12966cac5e2,https://salud-america.org/report-texas-latino-children-face-struggles-with-food-insecurity-health-insurance-economic-opportunity,2026-09-29T19:26:19.331434+00:00,salud-america.org,True,downloaded,200.0,https://salud-america.org/report-texas-latino-children-face-struggles-with-food-insecurity-health-insurance-economic-opportunity/,72880.0,success,9231,1411,html,text/html; charset=UTF-8,"Report: Texas Latino Children Face Struggles with Food Insecurity, Health Insurance, Economic Opportunity - Salud America",Julia Weis,2021-03-24,Salud America!,https://salud-america.org/report-texas-latino-children-face-struggles-with-food-insecurity-health-insurance-economic-opportunity/,,5771c6e3b12966cac5e2.txt,2409686bfa50a71760683578a28d51bf8fc401dd9b415f78f7a0e002a2210877
57843b8a6f5a1f106d9a,https://academia.edu/121878002/Factors_Influencing_the_Employability_of_Latinos_The_Roles_of_Ethnicity_Criminal_History_and_Qualifications,2026-09-29T19:26:19.534199+00:00,academia.edu,False,robots_disallowed,,,,not_extracted,0,0,,,,,,,,,,
57a8c131baf132c76047,https://google.com/goto?url=CAESjgEB6zswFSXnT5QhBJG4f5v2YCyBe7oLPpHRWhNF6nfYHXbiotn7CvGTJ0j8iX9bIY-Ud9_NFlkwMy326PNBUOfHhQSLluy0Ckwn0ZDZr-NX4p6naMGunKW4hv3taTB-oMHbPaQFrDuFEQdrZ4csJpBvpa9GiWjSmZMxS1RdVEmiUmNKBpFJmikLhIRtROG4,2026-09-29T19:26:20.332421+00:00,google.com,False,robots_disallowed,,,,not_extracted,0,0,,,,,,,,,,
57d38676838f932a35ef,https://finmkt.io/blog-posts/how-creditworthiness-determines-consumer-approval-rates,2026-09-29T19:26:20.332681+00:00,finmkt.io,True,downloaded,200.0,https://www.finmkt.io/blog-posts/how-creditworthiness-determines-consumer-approval-rates,41884.0,success,4944,752,html,text/html; charset=utf-8,How Creditworthiness Affects the Loan Approval Rate,,2023-04-11,finmkt.io,https://www.finmkt.io/blog-posts/how-creditworthiness-determines-consumer-approval-rates,,57d38676838f932a35ef.txt,fe131aecf971e00377fa76400b27cc0ed45e365752961c7c50b8bf1f1b4e6b79
57d96aa5469e9a0d0e4a,https://careercenter.fresnostate.edu/blog/2024/06/14/trans-and-non-binary-career-advancement-how-to-overcome-challenges-at-work,2026-09-29T19:26:20.853185+00:00,fresnostate.edu,True,downloaded,200.0,https://careercenter.fresnostate.edu/blog/2024/06/14/trans-and-non-binary-career-advancement-how-to-overcome-challenges-at-work/,223227.0,success,6021,848,html,text/html; charset=UTF-8,Trans and Non-Binary Career Advancement: How to Overcome Challenges at Work,Nora Diaz-Vasquez,2024-06-14,"Career Development Center | California State University, Fresno",https://careercenter.fresnostate.edu/blog/2024/06/14/trans-and-non-binary-career-advancement-how-to-overcome-challenges-at-work/,,57d96aa5469e9a0d0e4a.txt,64d9acb9c0e6adfeba4b72b6f72535063f9693add265264ba90a86d7de42f68d
57eacdfe1f3f2cd4778b,https://cms.gov/newsroom/fact-sheets/how-affordable-care-act-helping-men-lead-healthier-lives-afford-health-insurance,2026-09-29T19:26:21.444528+00:00,cms.gov,True,downloaded,200.0,https://www.cms.gov/newsroom/fact-sheets/how-affordable-care-act-helping-men-lead-healthier-lives-afford-health-insurance,57944.0,success,6859,1095,html,text/html; charset=utf-8,How the Affordable Care Act Is Helping Men Lead Healthier Lives & Afford Health Insurance,,2013-06-14,Centers for Medicare and Medicaid Services,https://www.cms.gov/newsroom/fact-sheets/how-affordable-care-act-helping-men-lead-healthier-lives-afford-health-insurance,,57eacdfe1f3f2cd4778b.txt,4de16ba03e2e773a9ba023c59514b42713621667605d77e72045f72abcc8331b
582bc5c7e27500b779a8,https://abilitiesfund.org/access-capital-disabled-entrepreneurs-traditional-loans-vs-microloans,2026-09-29T19:26:21.464950+00:00,abilitiesfund.org,False,downloaded,403.0,https://abilitiesfund.org/access-capital-disabled-entrepreneurs-traditional-loans-vs-microloans,5880.0,not_extracted,0,0,,,,,,,,,,
58425b2cdafc73f78093,https://experian.com/blogs/ask-experian/credit-education/score-basics/what-affects-your-credit-scores,2026-09-29T19:26:23.330146+00:00,experian.com,True,downloaded,200.0,https://www.experian.com/blogs/ask-experian/credit-education/score-basics/what-affects-your-credit-scores,283934.0,success,10531,1778,html,text/html,What Affects Your Credit Scores?,Jim Akin,2026-09-22,Experian,https://www.experian.com/blogs/ask-experian/credit-education/score-basics/what-affects-your-credit-scores/,,58425b2cdafc73f78093.txt,a80cb6a13fa4ed8cb6b87a89db2379433012a43f13511afb1d9173e2c922edaa
5842e1554cd5d46b9aba,https://nnedv.org/spotlight_on/impact-safe-housing-survivors,2026-09-29T19:26:23.508886+00:00,nnedv.org,True,downloaded,200.0,https://nnedv.org/spotlight_on/impact-safe-housing-survivors/,105067.0,success,7273,1065,html,text/html; charset=UTF-8,The Impact of Safe Housing on Survivors of Domestic Violence - NNEDV,,2026-02-13,National Network to End Domestic Violence,https://nnedv.org/spotlight_on/impact-safe-housing-survivors/,,5842e1554cd5d46b9aba.txt,004fcf472d84383a18b3427f4339b9deab4aa686f00e92c140e2c5ec632a0b57
58509264051bab46810a,https://voxdev.org/topic/firms/expanding-credit-access-women-entrepreneurs,2026-09-29T19:26:24.579685+00:00,voxdev.org,False,downloaded,403.0,https://voxdev.org/topic/firms/expanding-credit-access-women-entrepreneurs,5800.0,not_extracted,0,0,,,,,,,,,,
5877b03f4693c672b2b9,https://pmc.ncbi.nlm.nih.gov/articles/PMC8941671,2026-09-29T19:26:25.641845+00:00,nih.gov,True,downloaded,200.0,https://pmc.ncbi.nlm.nih.gov/articles/PMC8941671,21367.0,success,131,18,html,,Checking your browser,,2026-09-11,google.com,https://www.google.com/recaptcha/challengepage,,5877b03f4693c672b2b9.txt,a29166d0eaaa418bd5af61a282f1183a46c84c4d5e4c90689b1b452d230d05cc
5879a3f56bbea3ecc54f,https://pubmed.ncbi.nlm.nih.gov/36931857,2026-09-29T19:26:25.802281+00:00,nih.gov,True,downloaded,203.0,https://pubmed.ncbi.nlm.nih.gov/36931857/,5590.0,success,100,14,html,text/html; charset=utf-8,Cookies must be enabled,,,pubmed.ncbi.nlm.nih.gov,https://pubmed.ncbi.nlm.nih.gov/36931857/,,5879a3f56bbea3ecc54f.txt,f193d0de906419650acf171625dbd67f88f297290893b5473e1d8365c03d4b59
58bfccc449241d3dd011,https://ijoness.com/resources/html/article/details?id=212710&language=en,2026-09-29T19:26:26.206913+00:00,ijoness.com,True,downloaded,200.0,https://ijoness.com/seo/article/146880/en?id=212710&language=en,77789.0,success,40102,5554,html,text/html;charset=UTF-8,"DETERMINANTS OF CAREER CHOICE AMONG FEMALE UNDERGRADUATES IN OBAFEMI AWOLOWO UNIVERSITY, NIGERIA",Bukola Oyebanji; Kolawole Aliyu,2020-12-31,INTERNATIONAL JOURNAL OF NEW ECONOMICS AND SOCIAL SCIENCES (IJONESS),https://ijoness.com/article/146880/en,,58bfccc449241d3dd011.txt,86671511c68df9e7cb022b4bf738ec782e21ce65e8132a480a33c4d4d053c1ba
58c2273d36096f902eb2,https://digitalgovernmenthub.org/wp-content/uploads/2025/12/Racial-and-Ethnic-Differences-in-Experiencing-Administrative-Burd.pdf,2026-09-29T19:26:26.393633+00:00,digitalgovernmenthub.org,True,downloaded,200.0,https://digitalgovernmenthub.org/wp-content/uploads/2025/12/Racial-and-Ethnic-Differences-in-Experiencing-Administrative-Burd.pdf,695196.0,success,30529,4233,pdf,application/pdf,,,,,,,58c2273d36096f902eb2.txt,089b0cb32c31f8844f40678c0d73494a56c5434e644cb3d6086a4395ecff5d84
58d6b7b4b9f7ff883a93,https://justice.gov/opa/file/811156/dl?inline=,2026-09-29T19:26:28.298452+00:00,justice.gov,True,downloaded,200.0,https://www.justice.gov/opa/file/811156/dl?inline=,393998.0,success,75241,10796,pdf,application/pdf,,,,,,,58d6b7b4b9f7ff883a93.txt,4704aaf1f101288a8aeb22b88ee7c4953e16b3a7fe86736feb7526d0d4eea5ea
58f306f5fbc11e6a5eb5,https://pmc.ncbi.nlm.nih.gov/articles/PMC1360918,2026-09-29T19:26:28.367913+00:00,nih.gov,True,downloaded,200.0,https://pmc.ncbi.nlm.nih.gov/articles/PMC1360918/,206307.0,success,51724,7905,html,,The Contribution of Insurance Coverage and Community Resources to Reducing Racial/Ethnic Disparities in Access to Care,Lee J Hargraves; Jack Hadley,2003-01-01,Health Services Research,https://pmc.ncbi.nlm.nih.gov/articles/PMC1360918/,,58f306f5fbc11e6a5eb5.txt,ef75b536be0e0a983313e9649484c4aab2f0d3ec1fa3fe065334dfad689bd57f
594385d2d8b5dffdf7ac,https://researchgate.net/publication/384839000_Status_and_associated_factors_of_health_insurance_enrollment_among_women_in_Nepal,2026-09-29T19:26:30.114763+00:00,researchgate.net,False,downloaded,403.0,https://www.researchgate.net/publication/384839000_Status_and_associated_factors_of_health_insurance_enrollment_among_women_in_Nepal,21138.0,not_extracted,0,0,,,,,,,,,,
595d3bec3ccb5e75c801,https://cbpp.org/research/food-assistance/administrative-burden-and-procedural-denials-in-the-supplemental-nutrition,2026-09-29T19:26:30.438310+00:00,cbpp.org,False,downloaded,403.0,https://cbpp.org/research/food-assistance/administrative-burden-and-procedural-denials-in-the-supplemental-nutrition,6158.0,not_extracted,0,0,,,,,,,,,,
5973a907cc75952018a3,https://lrn.com/blog/being-transgender-at-work-insights-from-mckinsey-dei-report,2026-09-29T19:26:31.232230+00:00,lrn.com,True,downloaded,200.0,https://lrn.com/blog/being-transgender-at-work-insights-from-mckinsey-dei-report,128642.0,success,9442,1428,html,text/html; charset=UTF-8,Being transgender at work: Insights from McKinsey’s DEI report,Carolyn Grace,2023-07-13,LRN,https://lrn.com/blog/being-transgender-at-work-insights-from-mckinsey-dei-report,,5973a907cc75952018a3.txt,6bb0ad18acdd672740547053b8073e2ef599a203974bd07f57dc0e67251f7417
5984e00c3734b55a1bf8,https://pmc.ncbi.nlm.nih.gov/articles/PMC1989108,2026-09-29T19:26:31.997153+00:00,nih.gov,True,downloaded,200.0,https://pmc.ncbi.nlm.nih.gov/articles/PMC1989108/,225011.0,success,49729,7592,html,,"Adolescent Bullying Involvement and Perceived Family, Peer and School Relations: Commonalities and Differences Across Race/Ethnicity",Aubrey L Spriggs; Ronald J Iannotti; Tonja R Nansel; Denise L Haynie,2007-07-12,The Journal of adolescent health : official publication of the Society for Adolescent Medicine,https://pmc.ncbi.nlm.nih.gov/articles/PMC1989108/,,5984e00c3734b55a1bf8.txt,09cc0900fa3687f527a06ee9d5fb5380b258f88ad73eba10abc5d29156cf5bae
598a44e8106b5d2750c2,https://psychcentral.com/news/lgbtq-students-face-bullying-at-higher-rates-than-their-peers,2026-09-29T19:26:32.436434+00:00,psychcentral.com,True,downloaded,200.0,https://psychcentral.com/news/lgbtq-students-face-bullying-at-higher-rates-than-their-peers,323766.0,success,7970,1231,html,text/html; charset=utf-8,LGBTQ Youth Face Higher Rates of Bullying: Affirming Schools Can Help,Andrea Rice,2021-11-19,Psych Central,https://psychcentral.com/news/lgbtq-students-face-bullying-at-higher-rates-than-their-peers,,598a44e8106b5d2750c2.txt,0dd13dadd7bf487ef7804b2cd18eda5fffbed37b88271de47b831f4dc9046cad
59bc84e08175ec2735ab,https://feed.georgetown.edu/access-affordability/seeking-more-male-students-colleges-tailor-outreach-programming,2026-09-29T19:26:32.998369+00:00,georgetown.edu,True,downloaded,200.0,https://feed.georgetown.edu/access-affordability/seeking-more-male-students-colleges-tailor-outreach-programming/,168230.0,success,6814,1056,html,text/html; charset=UTF-8,"Seeking more male students, colleges tailor outreach, programming - THE FEED",Kpc8,2024-05-10,THE FEED,https://feed.georgetown.edu/access-affordability/seeking-more-male-students-colleges-tailor-outreach-programming/,,59bc84e08175ec2735ab.txt,154e01c83ee9c8865fa170a8c3b426ff85ca54ea3d3ae399bdedeeeca699c11e
59e0322e179edc11ffb4,https://pmc.ncbi.nlm.nih.gov/articles/PMC10126970,2026-09-29T19:26:33.488636+00:00,nih.gov,True,downloaded,200.0,https://pmc.ncbi.nlm.nih.gov/articles/PMC10126970,21371.0,success,131,18,html,,Checking your browser,,2026-09-11,google.com,https://www.google.com/recaptcha/challengepage,,59e0322e179edc11ffb4.txt,a29166d0eaaa418bd5af61a282f1183a46c84c4d5e4c90689b1b452d230d05cc
59fd5bc70113f20d5300,https://lambdalegal.org/blogs/20201125_transgender-people-prisons-jails,2026-09-29T19:26:34.406137+00:00,lambdalegal.org,True,downloaded,200.0,https://lambdalegal.org/blogs/20201125_transgender-people-prisons-jails/,153424.0,success,6572,991,html,text/html; charset=UTF-8,Abuse and Neglect of Transgender People in Prisons and Jails: A Lawyer’s Perspective,,2025-12-08,Lambda Legal,https://lambdalegal.org/blogs/20201125_transgender-people-prisons-jails/,,59fd5bc70113f20d5300.txt,2b2214a5bfaf6b7591587bcb415e95a0be7a1aa7b6af143cb3c37f497a988cb3
5a18eb5ae1f084357f1a,https://census.gov/library/working-papers/2025/adrm/CES-WP-25-45.html,2026-09-29T19:26:35.328973+00:00,census.gov,True,downloaded,200.0,https://www.census.gov/library/working-papers/2025/adrm/CES-WP-25-45.html,346194.0,success,3031,409,html,text/html; charset=UTF-8,Credit Access in the United States,US Census Bureau,2026-02-12,Census.gov,https://www.census.gov/library/working-papers/2025/adrm/CES-WP-25-45.html,,5a18eb5ae1f084357f1a.txt,2c6d2328c7b7ecfce6e6b45417476fc2b4382df8ff1d19f2e4c56b2020f8342c
5a97ee3ff7e6e6e0e799,https://housingca.org/policy/focus/causes,2026-09-29T19:26:35.837055+00:00,housingca.org,False,downloaded,403.0,https://housingca.org/policy/focus/causes,52.0,not_extracted,0,0,,,,,,,,,,
5aad227c9a72ed886738,https://oas.org/ext/DesktopModules/MVC/OASDnnModules/Views/Item/Download.aspx?id=1475&lang=1&type=1,2026-09-29T19:26:36.211518+00:00,oas.org,False,downloaded,500.0,https://oas.org/ext/DesktopModules/MVC/OASDnnModules/Views/Item/Download.aspx?id=1475&lang=1&type=1,2909.0,not_extracted,0,0,,,,,,,,,,
5ab6297749ea1a92cf39,https://google.com/url?cd=&opi=89978449&psig=AOvVaw27SfZnv7JZ6atpLCZEU4Q2&rct=j&sa=i&source=web&uoh=2&url=CAEScgHrOzAV8PSPxqLuOmT_bLExtCG0X_SdzqNXYew1zayCJghYx-3YT833FTFjlwkMNkdqpzbYnqgxGbByT4OntGxOuqliHW4UkF8BQB8ul9Oo86PLLZ2m8K759FoOzYxXOyazioCzpaMb63VItWeyYW--sg&ust=1790738837649000&ved=2ahUKEwiTsdmT7JKXAxUkl2oFHSYNMuUQ1fkOegoIAggACAAINBAH,2026-09-29T19:26:36.713029+00:00,google.com,False,robots_disallowed,,,,not_extracted,0,0,,,,,,,,,,
5ad45e7b4cd0a9871fde,https://pmc.ncbi.nlm.nih.gov/articles/PMC5271590,2026-09-29T19:26:36.713264+00:00,nih.gov,True,downloaded,200.0,https://pmc.ncbi.nlm.nih.gov/articles/PMC5271590,21367.0,success,131,18,html,,Checking your browser,,2026-09-11,google.com,https://www.google.com/recaptcha/challengepage,,5ad45e7b4cd0a9871fde.txt,a29166d0eaaa418bd5af61a282f1183a46c84c4d5e4c90689b1b452d230d05cc
5aee91124fe3a33249a3,https://demo.gae.org/gae-news/transgender-careers-your-guide-to-a-thriving-career-1764799909,2026-09-29T19:26:36.756306+00:00,gae.org,True,downloaded,200.0,https://demo.gae.org/gae-news/transgender-careers-your-guide-to-a-thriving-career-1764799909,132046.0,success,26942,3943,html,text/html; charset=utf-8,Transgender Careers: Your Guide To A Thriving Career,Morgan Bennett,2025-12-03,Gae News Monitor,https://demo.gae.org/gae-news/transgender-careers-your-guide-to-a-thriving-career-1764799909,,5aee91124fe3a33249a3.txt,8f8d225f37912ebdf5763a037a2ca941e29a835f754d27c1d72e1e1415844c6a
5b35d5c642a43029eeb3,https://outtengolden.com/issues/disability-rights-discrimination,2026-09-29T19:26:36.883990+00:00,outtengolden.com,True,downloaded,200.0,https://www.outtengolden.com/issues/disability-rights-discrimination/,233608.0,success,4251,641,html,text/html; charset=UTF-8,Disability Rights & Discrimination,,2026-03-06,Outten & Golden,https://www.outtengolden.com/issues/disability-rights-discrimination/,,5b35d5c642a43029eeb3.txt,48441bf1c5c5fb547a2894ad4b428cfb9d5f2bc42fb6df98eabb0cacf5727c0e
5b60a7aba176e73f0677,https://kff.org/womens-health-policy/womens-health-care-utilization-and-costs-findings-from-the-2020-kff-womens-health-survey,2026-09-29T19:26:37.626124+00:00,kff.org,True,downloaded,200.0,https://www.kff.org/womens-health-policy/womens-health-care-utilization-and-costs-findings-from-the-2020-kff-womens-health-survey/,321192.0,success,39762,6568,html,text/html; charset=UTF-8,Women’s Health Care Utilization and Costs: Findings from the 2020 KFF Women’s Health Survey | KFF,Michelle Long; Brittni Frederiksen; Usha Ranji; Alina Salganicoff,2021-04-21,"KFF - The independent source for health policy research, polling, and news",https://www.kff.org/womens-health-policy/womens-health-care-utilization-and-costs-findings-from-the-2020-kff-womens-health-survey/,,5b60a7aba176e73f0677.txt,618725c48b16233b1679a2d07cc25a505e066a6f907328544475c13d76996ac1
5b84022c84fac6ebb243,https://sddirect.org.uk/blog-article/why-lgbtqi-inclusive-education-so-important-and-what-can-be-done,2026-09-29T19:26:38.142772+00:00,sddirect.org.uk,True,downloaded,200.0,https://sddirect.org.uk/blog-article/why-lgbtqi-inclusive-education-so-important-and-what-can-be-done,71110.0,success,9353,1412,html,text/html; charset=UTF-8,Why is LGBTQI+ inclusive education so important and what can be done?,,2022-09-02,sddirect.org.uk,https://sddirect.org.uk/blog-article/why-lgbtqi-inclusive-education-so-important-and-what-can-be-done,,5b84022c84fac6ebb243.txt,3f6d9781445106456bad2b6e6d0a7ca3e7fad67904e047158b371122a0e9b78a
5bd114ec901c806e801e,https://leaders-in-law.com/key-factors-in-getting-approved-for-social-security-disability,2026-09-29T19:26:38.908507+00:00,leaders-in-law.com,False,downloaded,403.0,https://leaders-in-law.com/key-factors-in-getting-approved-for-social-security-disability,52.0,not_extracted,0,0,,,,,,,,,,
5bdefb059d9fb9fdbf88,https://disabilitysecrets.com/resources/survey-statistics-who-is-most-likely-to-get-approved-for-social-security-disability-benefits.html,2026-09-29T19:26:40.924900+00:00,disabilitysecrets.com,True,downloaded,200.0,https://www.disabilitysecrets.com/resources/survey-statistics-who-is-most-likely-to-get-approved-for-social-security-disability-benefits.html,473470.0,success,16160,2652,html,text/html; charset=utf-8,Survey Statistics: Who Is Most Likely to Get Approved for Social Security Disability Benefits?,,2018-04-12,www.disabilitysecrets.com,https://www.disabilitysecrets.com/resources/survey-statistics-who-is-most-likely-to-get-approved-for-social-security-disability-benefits.html,,5bdefb059d9fb9fdbf88.txt,623a0ea090d269ff7a3f1a6cfd09b9e0b97ce4f9471953b1c38c42985844c7fb
5c1a85e51966a43c5640,https://ballardbrief.byu.edu/issue-briefs/barriers-to-career-advancement-among-skilled-immigrants-in-the-us,2026-09-29T19:26:42.774661+00:00,byu.edu,True,downloaded,200.0,https://ballardbrief.byu.edu/issue-briefs/barriers-to-career-advancement-among-skilled-immigrants-in-the-us,373368.0,success,54317,7992,html,text/html;charset=utf-8,Barriers to Career Advancement Among Skilled Immigrants in the US - Ballard Brief,Cassie Arnita,2022-12-09,The Ballard Center for Social Impact,https://ballardbrief.byu.edu/issue-briefs/barriers-to-career-advancement-among-skilled-immigrants-in-the-us,,5c1a85e51966a43c5640.txt,dcfbbd747551e39f56dcb27d6ffb0b9a8e5d8d5b0a4dc70ec0e1acea6d760216
5ca1ea4b5df324e329c9,https://google.com/url?cd=&opi=89978449&psig=AOvVaw27SfZnv7JZ6atpLCZEU4Q2&rct=j&sa=i&source=web&uoh=2&url=CAESqwEB6zswFeyqk0IeTOHPwMpwikGyQbToLYESsXsRWElq16tQlsG7Viq5sCkNzDdLTkZsmFT9PCZy11ymGOHhbZmO0EPuIaSCn7Ct89cqQn3eC__d51rikUinVxZ9pCQtjeS-yfev-aXaLLAQzJFcdW58KLALCIB83dTyCjktNmjFfUXJNcXNmUvd44MgqDhKSiKo0vY-b5BJOKYWlngPMa7buGdMCZjrLB-seKA&ust=1790738837649000&ved=2ahUKEwiTsdmT7JKXAxUkl2oFHSYNMuUQ1fkOegoIAggACAAINBAp,2026-09-29T19:26:42.916226+00:00,google.com,False,robots_disallowed,,,,not_extracted,0,0,,,,,,,,,,
5cab5d9978f1be724543,https://pubmed.ncbi.nlm.nih.gov/21063225,2026-09-29T19:26:42.916459+00:00,nih.gov,True,downloaded,203.0,https://pubmed.ncbi.nlm.nih.gov/21063225/,5590.0,success,100,14,html,text/html; charset=utf-8,Cookies must be enabled,,,pubmed.ncbi.nlm.nih.gov,https://pubmed.ncbi.nlm.nih.gov/21063225/,,5cab5d9978f1be724543.txt,f193d0de906419650acf171625dbd67f88f297290893b5473e1d8365c03d4b59
5cbe4354e967723161ab,https://theundercoverrecruiter.com/do-men-and-women-approach-the-job-hunt-differently,2026-09-29T19:26:43.531621+00:00,theundercoverrecruiter.com,True,downloaded,200.0,https://theundercoverrecruiter.com/do-men-and-women-approach-the-job-hunt-differently/,130335.0,success,2429,407,html,text/html; charset=UTF-8,Surprising Facts About Gender in the Job Search,Sophie Deering,2015-05-06,Undercover Recruiter,https://theundercoverrecruiter.com/do-men-and-women-approach-the-job-hunt-differently/,,5cbe4354e967723161ab.txt,0860d0616248aaad18f64820114ecee3e9692bef5cf8f3237909e093023abf5a
5ccc67f8562848534e99,https://cbpp.org/research/poverty-and-inequality/poverty-reduction-programs-help-adults-lacking-college-degrees-the,2026-09-29T19:26:45.043857+00:00,cbpp.org,False,downloaded,403.0,https://cbpp.org/research/poverty-and-inequality/poverty-reduction-programs-help-adults-lacking-college-degrees-the,6157.0,not_extracted,0,0,,,,,,,,,,
5cf25f9c4cc358ea731b,https://pmc.ncbi.nlm.nih.gov/articles/PMC3868476,2026-09-29T19:26:46.017082+00:00,nih.gov,True,downloaded,200.0,https://pmc.ncbi.nlm.nih.gov/articles/PMC3868476,21366.0,success,131,18,html,,Checking your browser,,2026-09-11,google.com,https://www.google.com/recaptcha/challengepage,,5cf25f9c4cc358ea731b.txt,a29166d0eaaa418bd5af61a282f1183a46c84c4d5e4c90689b1b452d230d05cc
5d2d15e1b4a5b8d83766,https://kff.org/medicaid/medicaid-efforts-to-address-racial-health-disparities,2026-09-29T19:26:46.172101+00:00,kff.org,True,downloaded,200.0,https://www.kff.org/medicaid/medicaid-efforts-to-address-racial-health-disparities/,159810.0,success,18127,2626,html,text/html; charset=UTF-8,Medicaid Efforts to Address Racial Health Disparities | KFF,Akash Pillai; Elizabeth Hinton; Robin Rudowitz; Samantha Artiga,2024-07-01,"KFF - The independent source for health policy research, polling, and news",https://www.kff.org/medicaid/medicaid-efforts-to-address-racial-health-disparities/,,5d2d15e1b4a5b8d83766.txt,daf9d315b9563ae007bd8813db74e571a88e415e26fb93fba82f69cec16a024c
5db340e7aaed38a61dae,https://ssir.org/articles/entry/trans_forming_the_workplace_to_be_transgender_inclusive,2026-09-29T19:26:46.436467+00:00,ssir.org,True,downloaded,200.0,https://ssir.org/articles/entry/trans_forming_the_workplace_to_be_transgender_inclusive,175738.0,success,9151,1353,html,text/html; charset=UTF-8,‘Trans-forming’ the Workplace to Be Transgender Inclusive (SSIR),Nico Calvo Rosenstone,2019-03-29,Stanford Social Innovation Review,https://ssir.org/articles/entry/trans_forming_the_workplace_to_be_transgender_inclusive,,5db340e7aaed38a61dae.txt,0f15e9b178f0b83ce482b40290ab2e3882b7532c07f8c28f8513f0819ac226d0
5db9a8deb87e6022dced,https://pmc.ncbi.nlm.nih.gov/articles/PMC7820533,2026-09-29T19:26:47.917584+00:00,nih.gov,True,downloaded,200.0,https://pmc.ncbi.nlm.nih.gov/articles/PMC7820533/,188214.0,success,47506,7824,html,,Knowledge About Bullying by Young Adults With Special Educational Needs With or Without Disabilities (SEN/D),Víctor González-Calatayud; Marimar Roman-García; Paz Prendes-Espinosa,2021-01-08,Frontiers in Psychology,https://pmc.ncbi.nlm.nih.gov/articles/PMC7820533/,,5db9a8deb87e6022dced.txt,14c137112ca9f91b20e5af89a948a063b946d6818f869ff6eaa408d301116b44
5e06dd928725e28c4e07,https://aha-inc.org/blog/common-barriers-to-housing-stabilityand-how-we-can-help-you-overcome-them,2026-09-29T19:26:48.201608+00:00,aha-inc.org,True,downloaded,200.0,https://www.aha-inc.org/blog/common-barriers-to-housing-stabilityand-how-we-can-help-you-overcome-them,209564.0,success,3601,572,html,text/html;charset=utf-8,Common Barriers to Housing Stability—and How We Can Help You Overcome Them — Advanced Healthcare Administration | AHA,Tara Hack,2024-10-21,Advanced Healthcare Administration | AHA,https://www.aha-inc.org/blog/common-barriers-to-housing-stabilityand-how-we-can-help-you-overcome-them,,5e06dd928725e28c4e07.txt,9ab351d4dab6b4e351188943d220d1740be1b6fb3e3ef37a310e6ef5af852c37
5e0931d26e71c73fcc93,https://commonwealthfund.org/publications/2018/sep/focus-reducing-racial-disparities-health-care-confronting-racism,2026-09-29T19:26:48.435631+00:00,commonwealthfund.org,False,downloaded,403.0,https://commonwealthfund.org/publications/2018/sep/focus-reducing-racial-disparities-health-care-confronting-racism,5988.0,not_extracted,0,0,,,,,,,,,,
5e28118caada2742188a,https://ncda.org/aws/NCDA/pt/sd/news_article/159199/_self/CC_layout_details/true,2026-09-29T19:26:48.667982+00:00,ncda.org,True,downloaded,200.0,https://ncda.org/aws/NCDA/pt/sd/news_article/159199/_self/CC_layout_details/true,56584.0,success,12348,1722,html,text/html; charset=utf-8,Creating Positive Spaces for Career Counseling with Transgender Clients,,2018-02-04,ncda.org,https://ncda.org/aws/NCDA/pt/sd/news_article/159199/_self/CC_layout_details/true,,5e28118caada2742188a.txt,85591c68883a4005c5fd73a0924794fe450d2fd4c59e81c40dc32f9b22408efa
5e3fb806d2fab689e8c0,https://pmc.ncbi.nlm.nih.gov/articles/PMC7453877,2026-09-29T19:26:50.632856+00:00,nih.gov,True,downloaded,200.0,https://pmc.ncbi.nlm.nih.gov/articles/PMC7453877/,466547.0,success,160246,23109,html,,Racial and Ethnic Differences in Bullying: Review and Implications for Intervention,Mariah Xu; Natalia Macrynikola; Muhammad Waseem; Regina Miranda,2019-10-18,Aggression and violent behavior,https://pmc.ncbi.nlm.nih.gov/articles/PMC7453877/,,5e3fb806d2fab689e8c0.txt,b5ba05aa5d3a04b5e17b80e8beb36e6707ff3dbf43b1598beb0fc2dec0d5fdec
5e5bdbe34ee7a84f62a6,https://dwt.com/blogs/financial-services-law-advisor/2021/03/cfpb-ecoa-sexual-orientation-gender-discrimination,2026-09-29T19:26:51.098450+00:00,dwt.com,True,downloaded,200.0,https://www.dwt.com/blogs/financial-services-law-advisor/2021/03/cfpb-ecoa-sexual-orientation-gender-discrimination,44515.0,success,6195,942,html,text/html; charset=utf-8,CFPB Clarifies That ECOA Prohibits Discrimination Based on Sexual Orientation and Gender Identity | Davis Wright Tremaine,Ashley Hutto-Schultz; Chava Brandriss,2021-12-03,dwt.com,https://www.dwt.com/blogs/financial-services-law-advisor/2021/03/cfpb-ecoa-sexual-orientation-gender-discrimination,,5e5bdbe34ee7a84f62a6.txt,53509ab5a9c06c629c1d35689853e5fe44e053f42584dea1adb792dd626bca35
5e6d04855d366a1025c7,https://healthlaw.org/racial-disparities-persist-during-the-unwinding-of-the-medicaid-continuous-coverage-requirement,2026-09-29T19:26:51.490578+00:00,healthlaw.org,True,downloaded,200.0,https://healthlaw.org/racial-disparities-persist-during-the-unwinding-of-the-medicaid-continuous-coverage-requirement/,93854.0,success,7072,973,html,text/html; charset=UTF-8,Racial disparities persist during the unwinding of the Medicaid continuous coverage requirement,Jules Lutaba,2024-08-07,National Health Law Program,https://nhelprestordev.wpenginepowered.com/racial-disparities-persist-during-the-unwinding-of-the-medicaid-continuous-coverage-requirement/,,5e6d04855d366a1025c7.txt,1c718bd89ff9a5e62816257a41bfe481d2acbdd81035c9988ea8dbd479afa626
5eadf09c05276fe03458,https://alignplatform.org/gender-norms-and-education/discriminatory-gender-norms-access-and-educational-attainment,2026-09-29T19:26:52.439596+00:00,alignplatform.org,True,downloaded,200.0,https://www.alignplatform.org/gender-norms-and-education/discriminatory-gender-norms-access-and-educational-attainment,75909.0,success,2147,293,html,text/html; charset=UTF-8,2. Gender norms and access to education,Author Rachel Marcus,2026-01-01,Align Platform,https://www.alignplatform.org/gender-norms-and-education/discriminatory-gender-norms-access-and-educational-attainment,,5eadf09c05276fe03458.txt,281cd46592adbcb4d9452fd9c7024966b4e2d2d81d5caf435af84bd2e34bf84c
5eb435b2b5338e18b950,https://pubmed.ncbi.nlm.nih.gov/37782863,2026-09-29T19:26:52.827651+00:00,nih.gov,True,downloaded,203.0,https://pubmed.ncbi.nlm.nih.gov/37782863/,5590.0,success,100,14,html,text/html; charset=utf-8,Cookies must be enabled,,,pubmed.ncbi.nlm.nih.gov,https://pubmed.ncbi.nlm.nih.gov/37782863/,,5eb435b2b5338e18b950.txt,f193d0de906419650acf171625dbd67f88f297290893b5473e1d8365c03d4b59
5ec85ab129a005065e59,https://emerald.com/pijpsm/article/47/1/31/1223819/Police-use-of-force-and-race-a-focal-concerns?searchresult=1,2026-09-29T19:26:54.647689+00:00,emerald.com,False,downloaded,403.0,https://www.emerald.com/pijpsm/article/47/1/31/1223819/Police-use-of-force-and-race-a-focal-concerns?searchresult=1,5971.0,not_extracted,0,0,,,,,,,,,,
5ed31e7ff5a7c16a3487,https://digital.lib.washington.edu/researchworks/items/25637a3d-a818-41e3-bfd2-360bd75099db,2026-09-29T19:26:55.847948+00:00,washington.edu,True,downloaded,200.0,https://digital.lib.washington.edu/researchworks/items/25637a3d-a818-41e3-bfd2-360bd75099db,448451.0,success,1721,244,html,text/html; charset=utf-8,"The Cost of Being Trans: Administrative Burden, Citizen-State Interaction, and Transgender People in the US",Sederbaum; Isaac,2025-05-12,digital.lib.washington.edu,https://digital.lib.washington.edu/researchworks/items/25637a3d-a818-41e3-bfd2-360bd75099db,,5ed31e7ff5a7c16a3487.txt,d4245a2f631429e639f885d9cc233dbea33f633ea81fb2e166a17eb9e8576976
5ed40f9b12c967df163c,https://nationalacademies.org/read/9719/chapter/8,2026-09-29T19:26:56.259162+00:00,nationalacademies.org,True,downloaded,200.0,https://www.nationalacademies.org/read/9719/chapter/8,705285.0,success,54239,6550,html,text/html; charset=UTF-8,Read,,2001-01-25,The National Academies Press,https://www.nationalacademies.org/read/9719/chapter/8,,5ed40f9b12c967df163c.txt,8e5d2351b082da47c3f488a3981f2081b737e07f69c036cf5e1226763aa6578c
5ef71b2f1c1ceabd80fb,https://genderpolicyreport.umn.edu/impacts-of-the-financial-choice-act-on-transgender-people,2026-09-29T19:26:56.348997+00:00,umn.edu,False,downloaded,403.0,https://genderpolicyreport.umn.edu/impacts-of-the-financial-choice-act-on-transgender-people,52.0,not_extracted,0,0,,,,,,,,,,
5ef72cd58848c351e3e0,https://americanbar.org/groups/crsj/resources/human-rights/archive/lgbtq-inclusive-curriculum-path-better-public-health,2026-09-29T19:26:59.262446+00:00,americanbar.org,False,downloaded,403.0,https://americanbar.org/groups/crsj/resources/human-rights/archive/lgbtq-inclusive-curriculum-path-better-public-health,6011.0,not_extracted,0,0,,,,,,,,,,
5f0dad8a8199ff0d18f0,https://marysplaceseattle.org/blog/homelessness-race-and-the-systems-that-shape-opportunity,2026-09-29T19:27:00.208839+00:00,marysplaceseattle.org,True,downloaded,200.0,https://www.marysplaceseattle.org/blog/homelessness-race-and-the-systems-that-shape-opportunity,242244.0,success,8908,1317,html,text/html;charset=utf-8,"homelessness, race, and the systems that shape opportunity",Linda Mitchell,2026-01-08,Mary's Place,https://www.marysplaceseattle.org/blog/homelessness-race-and-the-systems-that-shape-opportunity,,5f0dad8a8199ff0d18f0.txt,dc24e99eb6e5f2620ed81eb0002dc43a38ca065e189374694611aca6d894e364
5f250bd6cecd12f45831,https://americanprogress.org/article/how-to-address-the-administrative-burdens-of-accessing-the-safety-net,2026-09-29T19:27:00.927290+00:00,americanprogress.org,False,downloaded,403.0,https://www.americanprogress.org/article/how-to-address-the-administrative-burdens-of-accessing-the-safety-net,5944.0,not_extracted,0,0,,,,,,,,,,
5f3fa12e1232285b75e8,https://cdc.gov/disability-and-health/about/disability-and-health-information-for-healthcare-providers.html,2026-09-29T19:27:02.818523+00:00,cdc.gov,True,downloaded,200.0,https://www.cdc.gov/index.html,61314.0,success,485,71,html,text/html,Centers for Disease Control and Prevention,,2026-09-28,CDCgov,https://www.cdc.gov/index.html,,5f3fa12e1232285b75e8.txt,57f1b5e72bd6c9253b3dd6410939458b2039885abfdc525969a60d7d17a904c9
5f6bcdf39689862d8b77,https://journals.sagepub.com/doi/10.1177/17488958221142478,2026-09-29T19:27:04.034685+00:00,sagepub.com,False,downloaded,403.0,https://journals.sagepub.com/doi/10.1177/17488958221142478,5783.0,not_extracted,0,0,,,,,,,,,,
5f88327efe2ef096a6c5,https://pmc.ncbi.nlm.nih.gov/articles/PMC9599998,2026-09-29T19:27:04.135099+00:00,nih.gov,True,downloaded,200.0,https://pmc.ncbi.nlm.nih.gov/articles/PMC9599998/,198748.0,success,55362,8103,html,,School Factors Strongly Impact Transgender and Non-Binary Youths’ Well-Being,Janie Kelley; Annie Pullen Sansfaçon; Morgane A Gelly; Lyne Chiniara; Nicholas Chadi,2022-10-04,Children,https://pmc.ncbi.nlm.nih.gov/articles/PMC9599998/,,5f88327efe2ef096a6c5.txt,42e69c9f76a30e2bc2117283da76f20add2296233af519446cd309c31e7390f0
5f8a729f66b51b0af49f,https://hrc.org/resources/fair-and-equal-housing-act,2026-09-29T19:27:04.724225+00:00,hrc.org,True,downloaded,200.0,https://www.hrc.org/resources/fair-and-equal-housing-act,109900.0,success,3783,396,html,text/html; charset=UTF-8,Fair and Equal Housing Act,,2017-05-31,Fair and Equal Housing Act,https://www.hrc.org/resources/fair-and-equal-housing-act,,5f8a729f66b51b0af49f.txt,9debbf6605cadbe6a0c741398b6b02c76d140f0e56e1667f61b1686196babe13
5fc09fd9d5e07cc73a63,https://google.com/url?cd=&opi=89978449&psig=AOvVaw27SfZnv7JZ6atpLCZEU4Q2&rct=j&sa=i&source=web&uoh=2&url=CAESjwEB6zswFaOKjL0e3ymQBmE5U3aGlxqQTaYyekkGD0NOO0TaqAqMf7rVFrHXICaCLe5POkzypCljVMYPQPk2z-_-Nbzzc1_QLLxU8wRvpkPwkq-I33Dn9aC5JX1v7ws9O9HMuSAxmRG8C3ri60f0t20JtW2cIeYwZiMMa_R8qHk_mhRMoAsLcgBPCwi-I_ZY0g&ust=1790738837649000&ved=2ahUKEwiTsdmT7JKXAxUkl2oFHSYNMuUQ1fkOegoIAggACAAINBAf,2026-09-29T19:27:05.258903+00:00,google.com,False,robots_disallowed,,,,not_extracted,0,0,,,,,,,,,,
5ffc4f200aa40b7f92fd,https://pmc.ncbi.nlm.nih.gov/articles/PMC4838486,2026-09-29T19:27:05.259216+00:00,nih.gov,True,downloaded,200.0,https://pmc.ncbi.nlm.nih.gov/articles/PMC4838486,21368.0,success,131,18,html,,Checking your browser,,2026-09-11,google.com,https://www.google.com/recaptcha/challengepage,,5ffc4f200aa40b7f92fd.txt,a29166d0eaaa418bd5af61a282f1183a46c84c4d5e4c90689b1b452d230d05cc
6083927998df7e4bd30b,https://cew.georgetown.edu/wp-content/uploads/Latinos-FR.pdf,2026-09-29T19:27:05.469640+00:00,georgetown.edu,True,downloaded,200.0,https://cew.georgetown.edu/wp-content/uploads/Latinos-FR.pdf,1674011.0,success,116253,17444,pdf,application/pdf,,,,,,,6083927998df7e4bd30b.txt,4e30119dd6fce9989f638ec1c891e6e489b664103459bc81777f7e65af273c1d
60a7d1aa760538501f68,https://pmc.ncbi.nlm.nih.gov/articles/PMC12923077,2026-09-29T19:27:07.090662+00:00,nih.gov,True,downloaded,200.0,https://pmc.ncbi.nlm.nih.gov/articles/PMC12923077/,234040.0,success,68315,9809,html,,Access to Health Insurance and Health Care for Hispanic Children in the United States,KRISTA M PERREIRA; CHENOA D ALLEN; JONATHAN OBERLANDER,2021-11-08,The Annals of the American Academy of Political and Social Science,https://pmc.ncbi.nlm.nih.gov/articles/PMC12923077/,,60a7d1aa760538501f68.txt,23b66d0dced143bbf2e0b98054c58bf94d7eb9d5b33beac53543dd83eaf481dc
60cdf91f075c1b862644,https://repositories.lib.utexas.edu/bitstreams/85e53ec5-7e1a-473b-855c-98f3f0bf5694/download,2026-09-29T19:27:07.511394+00:00,utexas.edu,False,downloaded,403.0,https://repositories.lib.utexas.edu/bitstreams/85e53ec5-7e1a-473b-855c-98f3f0bf5694/download,919.0,not_extracted,0,0,,,,,,,,,,
60dea970b08456876f8f,https://williamsinstitute.law.ucla.edu/publications/trans-students-higher-education,2026-09-29T19:27:07.602744+00:00,ucla.edu,True,downloaded,200.0,https://williamsinstitute.law.ucla.edu/publications/trans-students-higher-education/,120425.0,success,11595,1712,html,text/html; charset=UTF-8,Transgender Students in Higher Education,Loyal; Thisisloyal Com,2023-08-08,The Williams Institute at UCLA School of Law,https://williamsinstitute.law.ucla.edu/publications/trans-students-higher-education/,,60dea970b08456876f8f.txt,792853e58f9567cf21cd62520a57850205f14a6d427479637196a020809906c6
60e61a751662f9dc4660,https://hrc.org/resources/get-the-facts-on-transgender-healthcare,2026-09-29T19:27:10.019995+00:00,hrc.org,True,downloaded,200.0,https://www.hrc.org/resources/get-the-facts-on-transgender-healthcare,186182.0,success,20354,2089,html,text/html; charset=UTF-8,Get the Facts on Transgender Healthcare,,2022-05-31,Get the Facts on Transgender Healthcare,https://www.hrc.org/resources/get-the-facts-on-transgender-healthcare,,60e61a751662f9dc4660.txt,22743857db5aa998225a6f49183a6826e4c1285c958079a8c29cc5c94d3bac63
6106593be06f62631e8f,https://pmc.ncbi.nlm.nih.gov/articles/PMC5172593,2026-09-29T19:27:10.609194+00:00,nih.gov,True,downloaded,200.0,https://pmc.ncbi.nlm.nih.gov/articles/PMC5172593/,237549.0,success,45624,6707,html,,Perceived Discrimination and Privilege in Health Care: The Role of Socioeconomic Status and Race,Irena Stepanikova; Gabriela Oates,2013-11-30,American journal of preventive medicine,https://pmc.ncbi.nlm.nih.gov/articles/PMC5172593/,,6106593be06f62631e8f.txt,4e2277f27c76fd4aed7314f54b3a42d603eddf8cb0bfa64af51467b640de0b34
6149f8430df237b4e1c8,https://web.fairyland.org/37338DR/646361RD28/PUB/work-and_disability-issues_and-strategies_in_career-development-and-job_placement.pdf,2026-09-29T19:27:10.891405+00:00,fairyland.org,False,exception,,,,failed,0,0,,,,,,,,,,
618ecffc5762b2c18208,https://brookings.edu/articles/how-does-gender-equality-affect-women-in-retirement,2026-09-29T19:27:11.203164+00:00,brookings.edu,True,downloaded,200.0,https://www.brookings.edu/articles/how-does-gender-equality-affect-women-in-retirement/,263363.0,success,12531,1966,html,text/html; charset=UTF-8,How does gender equality affect women in retirement? | Brookings,Grace Enda; William G Gale,2021-01-06,Brookings,https://www.brookings.edu/articles/how-does-gender-equality-affect-women-in-retirement/,,618ecffc5762b2c18208.txt,2108a90d425d7327672310131b2e7f5de143f73aaebf350b67ea7674884af005
619eb5929638344771fd,https://urban.org/urban-wire/three-ways-improving-housing-stability-can-make-long-term-progress-toward-racial-equity,2026-09-29T19:27:11.669412+00:00,urban.org,False,downloaded,403.0,https://www.urban.org/urban-wire/three-ways-improving-housing-stability-can-make-long-term-progress-toward-racial-equity,6060.0,not_extracted,0,0,,,,,,,,,,
61d2ef42b15db2f7cfa5,https://americanprogress.org/article/systematic-inequality-economic-opportunity,2026-09-29T19:27:13.782759+00:00,americanprogress.org,False,downloaded,403.0,https://www.americanprogress.org/article/systematic-inequality-economic-opportunity,5842.0,not_extracted,0,0,,,,,,,,,,
61daf2ef11580300af22,https://pubmed.ncbi.nlm.nih.gov/41315115,2026-09-29T19:27:15.531772+00:00,nih.gov,True,downloaded,203.0,https://pubmed.ncbi.nlm.nih.gov/41315115/,5590.0,success,100,14,html,text/html; charset=utf-8,Cookies must be enabled,,,pubmed.ncbi.nlm.nih.gov,https://pubmed.ncbi.nlm.nih.gov/41315115/,,61daf2ef11580300af22.txt,f193d0de906419650acf171625dbd67f88f297290893b5473e1d8365c03d4b59
620f3dd7f2c2f2f85366,https://sjdr.se/articles/10.16993/sjdr.1150,2026-09-29T19:27:17.828140+00:00,sjdr.se,False,robots_disallowed,,,,not_extracted,0,0,,,,,,,,,,
6280ac6b7f94e2306241,https://researchguru.pro/factors-influencing-financial-accesibility-of-small-scales-women-entrepreneurs-in-bamenda-ii-and-iii-municipalities,2026-09-29T19:27:18.079029+00:00,researchguru.pro,True,downloaded,200.0,https://researchguru.pro/factors-influencing-financial-accesibility-of-small-scales-women-entrepreneurs-in-bamenda-ii-and-iii-municipalities/,121137.0,success,13218,2035,html,text/html; charset=UTF-8,FACTORS INFLUENCING FINANCIAL ACCESIBILITY OF SMALL SCALES WOMEN ENTREPRENEURS IN BAMENDA II AND III MUNICIPALITIES - Research Guru,,2025-02-04,Research Guru,https://researchguru.pro/factors-influencing-financial-accesibility-of-small-scales-women-entrepreneurs-in-bamenda-ii-and-iii-municipalities/,,6280ac6b7f94e2306241.txt,e40460526ab9ea1835ce0b734f88aa894d215fc16776c998ce5529346444f301
62a0217f68f1ad23be8d,https://ohchr.org/en/special-procedures/sr-housing/women-and-right-adequate-housing,2026-09-29T19:27:19.158246+00:00,ohchr.org,True,downloaded,200.0,https://www.ohchr.org:443/en/ohchr_homepage,137673.0,success,3721,553,html,text/html; charset=UTF-8,UN Human Rights Office,,2023-11-29,OHCHR,https://www.ohchr.org/en/ohchr_homepage,,62a0217f68f1ad23be8d.txt,35b9e1a558d268346e9b1a5a6ff9e4bfe5a42edf4cea1b1428cc50ee5675bffc
62a170a9a412999cb856,https://williamsinstitute.law.ucla.edu/publications/law-enforcement-lgbtq-people,2026-09-29T19:27:20.011497+00:00,ucla.edu,True,downloaded,200.0,https://williamsinstitute.law.ucla.edu/publications/law-enforcement-lgbtq-people/,122637.0,success,14882,2284,html,text/html; charset=UTF-8,Law Enforcement and LGBTQ People,Loyal; Thisisloyal Com,2026-07-16,The Williams Institute at UCLA School of Law,https://williamsinstitute.law.ucla.edu/publications/law-enforcement-lgbtq-people/,,62a170a9a412999cb856.txt,9f7d13d58846ce45bb8746322ac814fddc73d0549878c5e39b8786779585247a
633fefaf1db8159c2174,https://mdpi.com/1911-8074/19/3/181,2026-09-29T19:27:20.959907+00:00,mdpi.com,True,downloaded,200.0,https://mdpi.com/1911-8074/19/3/181,2208.0,empty_text,0,0,html,text/html,,,,mdpi.com,https://mdpi.com/1911-8074/19/3/181,,633fefaf1db8159c2174.txt,e3b0c44298fc1c149afbf4c8996fb92427ae41e4649b934ca495991b7852b855
639a602a4ac52159e10b,https://cdc.gov/mmwr/volumes/73/su/su7304a6.htm,2026-09-29T19:27:21.685249+00:00,cdc.gov,True,downloaded,200.0,https://www.cdc.gov/index.html,61314.0,success,485,71,html,text/html,Centers for Disease Control and Prevention,,2026-09-28,CDCgov,https://www.cdc.gov/index.html,,639a602a4ac52159e10b.txt,57f1b5e72bd6c9253b3dd6410939458b2039885abfdc525969a60d7d17a904c9
639bfb488b37b79b0dc4,https://housingsolutionstulsa.org/spotlight-on-lgbtq-homelessness-and-housing-insecurity,2026-09-29T19:27:24.396734+00:00,housingsolutionstulsa.org,True,downloaded,200.0,https://www.housingsolutionstulsa.org/spotlight-on-lgbtq-homelessness-and-housing-insecurity/,70381.0,success,2646,363,html,text/html; charset=UTF-8,Spotlight on LGBTQ+ Homelessness and Housing Insecurity | Housing Solutions Tulsa,Erin Velez,2023-07-20,Housing Solutions Tulsa,https://www.housingsolutionstulsa.org/spotlight-on-lgbtq-homelessness-and-housing-insecurity/,,639bfb488b37b79b0dc4.txt,37f0d429685b8e53b4248b9f897e386132c010a07a188269926bed7ac9255b9c
63b4276651a284a5ea30,https://journals.sagepub.com/doi/10.1177/15365042251386835,2026-09-29T19:27:25.659056+00:00,sagepub.com,False,downloaded,403.0,https://journals.sagepub.com/doi/10.1177/15365042251386835,5783.0,not_extracted,0,0,,,,,,,,,,
6407005530a4874d4bdc,https://usatoday.com/story/money/personalfinance/2026/06/23/women-social-security-gender-gap/90641659007,2026-09-29T19:27:26.441734+00:00,usatoday.com,True,downloaded,200.0,https://www.usatoday.com/story/money/personalfinance/2026/06/23/women-social-security-gender-gap/90641659007/,214477.0,success,5606,901,html,,Why women may bear the brunt if Social Security benefits get cut,Medora Lee,2026-06-23,USA TODAY Unlimited Use,https://www.usatoday.com/story/money/personalfinance/2026/06/23/women-social-security-gender-gap/90641659007/,,6407005530a4874d4bdc.txt,ad5307816e0e443436fe4f9354cc0eecc4a7a35a5b1c74ce3f79625a4611220c
642c76c5bcdc2136ae97,https://stopbullying.gov/resources/facts,2026-09-29T19:27:26.661008+00:00,stopbullying.gov,True,downloaded,200.0,https://www.stopbullying.gov/resources/facts,58196.0,success,7197,1151,html,text/html; charset=utf-8,Facts About Bullying,Assistant Secretary,2019-09-24,US Department of Health and Human Services,https://www.stopbullying.gov/resources/facts,,642c76c5bcdc2136ae97.txt,4b8436b3581003c70d972d9ac2d5b508a903c08947550bd559972ae9a7d640d1
64350627d94314c4a11c,https://pmc.ncbi.nlm.nih.gov/articles/PMC5441521,2026-09-29T19:27:28.845121+00:00,nih.gov,True,downloaded,200.0,https://pmc.ncbi.nlm.nih.gov/articles/PMC5441521/,206028.0,success,47005,7049,html,,"Racial/Ethnic Disparities in History of Incarceration, Experiences of Victimization, and Associated Health Indicators Among Transgender Women in the U.S",SARI L REISNER; ZINZI BAILEY; JAE SEVELIUS,1997-05-15,Women & health,https://pmc.ncbi.nlm.nih.gov/articles/PMC5441521/,,64350627d94314c4a11c.txt,b4a1adb0453bf12e037dd93a3146387eff7faeecf0f2d99cc2c709f72b768e7a
6437a95a2f655a6ea80a,https://luminafoundation.org/resource/race-and-ethnicity-in-higher-education,2026-09-29T19:27:29.397823+00:00,luminafoundation.org,True,downloaded,200.0,https://www.luminafoundation.org/resource/race-and-ethnicity-in-higher-education/,120117.0,success,2245,360,html,text/html; charset=UTF-8,"Race and Ethnicity in Higher Education, A Status Report",Author Lorelle L Espinosa; Jonathan M Turk; Morgan Taylor; Hollie M Chessman,2022-05-04,American Council on Education,https://www.luminafoundation.org/resource/race-and-ethnicity-in-higher-education/,,6437a95a2f655a6ea80a.txt,7041594ad90ede0813d8bcd6622d5a746b97b3e348ff496a081b47199fbbf9c2
643849fe8ccb8aa39490,https://nij.ojp.gov/library/publications/understanding-use-force-and-against-police-research-brief,2026-09-29T19:27:33.861556+00:00,ojp.gov,True,downloaded,200.0,https://nij.ojp.gov/library/publications/understanding-use-force-and-against-police-research-brief,60653.0,success,1579,239,html,text/html; charset=UTF-8,"Understanding the Use of Force by and Against the Police, Research in Brief",Author J Garner; J Buchanan; T Schade; J Hepburn,1996-11-01,National Institute of Justice,https://nij.ojp.gov/library/publications/understanding-use-force-and-against-police-research-brief,,643849fe8ccb8aa39490.txt,3e921d5bbc8b242f39022436c773dfba625514368f190adb5af5144b35ff5cb2
64bb0aaa49e244dff65e,https://pmc.ncbi.nlm.nih.gov/articles/PMC2835305,2026-09-29T19:27:34.980082+00:00,nih.gov,True,downloaded,200.0,https://pmc.ncbi.nlm.nih.gov/articles/PMC2835305/,21368.0,success,131,18,html,,Checking your browser,,2026-09-11,google.com,https://www.google.com/recaptcha/challengepage,,64bb0aaa49e244dff65e.txt,a29166d0eaaa418bd5af61a282f1183a46c84c4d5e4c90689b1b452d230d05cc
657153b90b24515d6079,https://pmc.ncbi.nlm.nih.gov/articles/PMC8903243,2026-09-29T19:27:35.081052+00:00,nih.gov,True,downloaded,200.0,https://pmc.ncbi.nlm.nih.gov/articles/PMC8903243,21367.0,success,131,18,html,,Checking your browser,,2026-09-11,google.com,https://www.google.com/recaptcha/challengepage,,657153b90b24515d6079.txt,a29166d0eaaa418bd5af61a282f1183a46c84c4d5e4c90689b1b452d230d05cc
6571fad7ffffd86e4b3f,https://study.com/learn/lesson/video/use-of-force-continuum.html,2026-09-29T19:27:35.293602+00:00,study.com,False,downloaded,403.0,https://study.com/learn/lesson/video/use-of-force-continuum.html,772.0,not_extracted,0,0,,,,,,,,,,
659985389d63b0310389,https://pmc.ncbi.nlm.nih.gov/articles/PMC10021551,2026-09-29T19:27:35.407285+00:00,nih.gov,True,downloaded,200.0,https://pmc.ncbi.nlm.nih.gov/articles/PMC10021551,21368.0,success,131,18,html,,Checking your browser,,2026-09-11,google.com,https://www.google.com/recaptcha/challengepage,,659985389d63b0310389.txt,a29166d0eaaa418bd5af61a282f1183a46c84c4d5e4c90689b1b452d230d05cc
65e0b44f593efeec3e29,https://williamsinstitute.law.ucla.edu/publications/fehb-changes-trans-workers,2026-09-29T19:27:35.643138+00:00,ucla.edu,True,downloaded,200.0,https://williamsinstitute.law.ucla.edu/publications/fehb-changes-trans-workers/,141041.0,success,5771,892,html,text/html; charset=UTF-8,The Impact of Changes to the Federal Employee Health Benefits Program on Transgender People,Loyal; Thisisloyal Com,2026-07-31,The Williams Institute at UCLA School of Law,https://williamsinstitute.law.ucla.edu/publications/fehb-changes-trans-workers/,,65e0b44f593efeec3e29.txt,511954bb12c3e7f95ca91d2e919ba34cc9018d1919e646a8bfe7b12353508f46
6605b075d11360f433e4,https://tandfonline.com/doi/full/10.1080/08974454.2023.2271464,2026-09-29T19:27:36.147735+00:00,tandfonline.com,False,downloaded,403.0,https://tandfonline.com/doi/full/10.1080/08974454.2023.2271464,5826.0,not_extracted,0,0,,,,,,,,,,
660ea2ef72ac0325a56a,https://google.com/url?cd=&opi=89978449&psig=AOvVaw27SfZnv7JZ6atpLCZEU4Q2&rct=j&sa=i&source=web&uoh=2&url=CAESnwEB6zswFQFeJM7xAwIOAcOFZHIdI5S82FIpSW6zaiM5TFPdb2GqsI3NUMjBAZm93FSx1JrGNWlgMC81HCHYvNFCtG7r8LPJ480dqu6elUu70zwup33MVBBTut9aKt8xgmsw8199k2nwZ6OF4fzZlzX2yaNZRDdxj3dzw-F77hEjt-bMz9fkIq_MgdgO2rWz4TmqC-oOstesu5w4iPI8FzE&ust=1790738837649000&ved=2ahUKEwiTsdmT7JKXAxUkl2oFHSYNMuUQ1fkOegoIAggACAAINBAa,2026-09-29T19:27:37.256927+00:00,google.com,False,robots_disallowed,,,,not_extracted,0,0,,,,,,,,,,
662247e28f7bdd4ed680,https://legal.thomsonreuters.com/blog/why-have-millions-lost-medicaid-coverage,2026-09-29T19:27:37.257205+00:00,thomsonreuters.com,True,downloaded,200.0,https://legal.thomsonreuters.com/blog/why-have-millions-lost-medicaid-coverage/,90982.0,success,5707,898,html,,Why have millions lost Medicaid coverage?,,2023-11-02,Thomson Reuters Law Blog,https://legal.thomsonreuters.com/blog/why-have-millions-lost-medicaid-coverage/,,662247e28f7bdd4ed680.txt,fee74ce4f6e4caa9663d1847b0cba243717eafd484d1200e28a14ed0de08938c
66773a488de7fbecd2fd,https://unfe.org/en/know-the-facts/challenges-solutions/lgbtiq-youth-bullying-and-violence-at-school,2026-09-29T19:27:38.708651+00:00,unfe.org,True,downloaded,200.0,https://www.unfe.org/en/know-the-facts/challenges-solutions/lgbtiq-youth-bullying-and-violence-at-school,1156.0,success,15,4,html,text/html; charset=UTF-8,UN Free & Equal,,,unfe.org,https://www.unfe.org/en/know-the-facts/challenges-solutions/lgbtiq-youth-bullying-and-violence-at-school,,66773a488de7fbecd2fd.txt,7a50eb36da5cd684abf1ba6178406cbe1a4c69073609cce54df3352a0662af9e
669391f18662c52dc0ff,https://urban.org/urban-wire/young-adults-credit-trajectories-vary-widely-race-and-ethnicity,2026-09-29T19:27:39.199033+00:00,urban.org,False,downloaded,403.0,https://www.urban.org/urban-wire/young-adults-credit-trajectories-vary-widely-race-and-ethnicity,5967.0,not_extracted,0,0,,,,,,,,,,
6699d0d87e313e9ee06e,https://pmc.ncbi.nlm.nih.gov/articles/PMC10742514,2026-09-29T19:27:39.359399+00:00,nih.gov,True,downloaded,200.0,https://pmc.ncbi.nlm.nih.gov/articles/PMC10742514/,274048.0,success,80763,12187,html,,"Housing Insecurity and Other Syndemic Factors Experienced by Black and Latina Cisgender Women in Austin, Texas: A Qualitative Study",Liesl A Nydegger; Erin N Benton; Bree Hemingway; Sarah Fung; Mandy Yuan; Chau Phung; Kasey R Claborn,2023-12-13,International Journal of Environmental Research and Public Health,https://pmc.ncbi.nlm.nih.gov/articles/PMC10742514/,,6699d0d87e313e9ee06e.txt,eebc67976d8d648915c46e2ec1e6ba58f2006f44ca3dfd1ea06d75ea2b0eb940
6699e5c72612dac24fef,https://league.org/innovation-showcase/barriers-academic-success-qualitative-study-african-american-and-latino-male,2026-09-29T19:27:39.597123+00:00,league.org,False,exception,,,,failed,0,0,,,,,,,,,,
66a64a7ebcadd2568298,https://urban.org/sites/default/files/2023-01/Strategies%20for%20Improving%20Public%20Benefits%20Access%20and%20Retention.pdf,2026-09-29T19:27:42.444236+00:00,urban.org,False,downloaded,403.0,https://www.urban.org/sites/default/files/2023-01/Strategies%20for%20Improving%20Public%20Benefits%20Access%20and%20Retention.pdf,6109.0,not_extracted,0,0,,,,,,,,,,
66bbac889c86d6b0cf39,https://researchgate.net/publication/11248933_Influence_of_Usual_Source_of_Care_on_Differences_by_RaceEthnicity_in_Receipt_of_Preventive_Services?_tp=eyJjb250ZXh0Ijp7InBhZ2UiOiJzY2llbnRpZmljQ29udHJpYnV0aW9ucyIsInByZXZpb3VzUGFnZSI6bnVsbCwic3ViUGFnZSI6bnVsbH19,2026-09-29T19:27:42.953180+00:00,researchgate.net,False,downloaded,403.0,https://www.researchgate.net/publication/11248933_Influence_of_Usual_Source_of_Care_on_Differences_by_RaceEthnicity_in_Receipt_of_Preventive_Services?_tp=eyJjb250ZXh0Ijp7InBhZ2UiOiJzY2llbnRpZmljQ29udHJpYnV0aW9ucyIsInByZXZpb3VzUGFnZSI6bnVsbCwic3ViUGFnZSI6bnVsbH19,21138.0,not_extracted,0,0,,,,,,,,,,
66e7f7753802c0fd0c48,https://joingerald.com/,2026-09-29T19:27:45.311765+00:00,joingerald.com,True,downloaded,200.0,https://joingerald.com/,66003.0,success,1844,305,html,text/html; charset=utf-8,Gerald - Smart Banking for Modern Life,Gerald Team,2026-01-01,Gerald,https://joingerald.com,,66e7f7753802c0fd0c48.txt,cb8cd9a41b33676333af2dd5a7c5e8b4048e967b838fd5282e5e60e0184df789
66e9838b01bf920a430c,https://google.com/goto?url=CAESoQEB6zswFdykNWjAWF_vQddTW68N3HKNu9BeGuViSA5JVoCvRZG3k9q8mNxPt5nexvuVGzbTSz4g6LmVmoM29y92Drpc2kEeDkTfhuzXdmC3xLLkLqREBkApOOLCTJse7AZaiQTDsUJBzzxHx1GgOfuYBghlHAatQz9QnFtWtMKaEAlBfDk_AOem4tEchJHMWjRwIynzEq-K2WyZo1vgVJjyqA,2026-09-29T19:27:46.122972+00:00,google.com,False,robots_disallowed,,,,not_extracted,0,0,,,,,,,,,,
677bd0cf0a148a1a1bec,https://saraharberson.com/blog/hidden-factors-that-influence-who-gets-in,2026-09-29T19:27:46.123198+00:00,saraharberson.com,True,downloaded,200.0,https://www.saraharberson.com/blog/hidden-factors-that-influence-who-gets-in,68526.0,success,6128,958,html,text/html; charset=UTF-8,The Hidden Factors That Influence Who Gets In,Sara Harberson,2024-02-29,Sara Harberson,https://www.saraharberson.com/blog/hidden-factors-that-influence-who-gets-in,,677bd0cf0a148a1a1bec.txt,081a2832d3bad24605deb0a1580d43bf9623e22ecad2c11db46d04ba22c92779
67b00cbc1886d51852ae,https://pmc.ncbi.nlm.nih.gov/articles/PMC10826682,2026-09-29T19:27:48.507659+00:00,nih.gov,True,downloaded,200.0,https://pmc.ncbi.nlm.nih.gov/articles/PMC10826682/,249608.0,success,57622,8408,html,,"Transgender Women Experiencing Homelessness — National HIV Behavioral Surveillance Among Transgender Women, Seven Urban Areas, United States, 2019–2020",Ruthanne Marcus; Lindsay Trujillo; Evelyn Olansky; Susan Cha; Rebecca B Hershow; Amy R Baugher; Catlainn Sionean; Kathryn Lee; National HIV Behavioral Surveillance Among Transgender Women Study Group; Narquis Barak; Kathleen A Brady; Sarah Braunstein; Jasmine Davis; Sara Glick; Andrea Harrington; Jasmine Lopez; Yingbo Ma; Aleks Martin; Genetha Mustaafaa; Tanner Nassau; Gia Olaes; Jennifer Reuer; Alexis Rivera; William T Robinson; Ekow Kwa Sey; Sofia Sicro; Brittany Taylor; Dillon Trujillo; Erin Wilson; Pascale Wortley,2024-01-25,MMWR Supplements,https://pmc.ncbi.nlm.nih.gov/articles/PMC10826682/,,67b00cbc1886d51852ae.txt,efbe9a732303b4d381faf8ab3f9b5c16911e9b3534bd932bb4212bbb4a64edfc
67b5248e81474aa78459,https://abc10.com/article/money/nerdwallet/how-latino-credit-unions-clear-banking-barriers/606-3e5fa94f-12aa-4ee5-8395-59a1d175544d,2026-09-29T19:27:48.547262+00:00,abc10.com,True,downloaded,200.0,https://www.abc10.com/article/money/nerdwallet/how-latino-credit-unions-clear-banking-barriers/606-3e5fa94f-12aa-4ee5-8395-59a1d175544d,2615.0,success,32,5,html,text/html,,,,abc10.com,https://www.abc10.com/article/money/nerdwallet/how-latino-credit-unions-clear-banking-barriers/606-3e5fa94f-12aa-4ee5-8395-59a1d175544d,,67b5248e81474aa78459.txt,1107760f847d7fd8d12f9c4f9e02bee0a3995c2196fc0fcf2bb4180bbc20b7d0
6801e48f993963690b56,https://ojp.gov/pdffiles1/nij/grants/213004.pdf,2026-09-29T19:27:49.065987+00:00,ojp.gov,True,downloaded,200.0,https://www.ojp.gov/pdffiles1/nij/grants/213004.pdf,2668099.0,success,278585,42976,pdf,application/pdf,,,,,,,6801e48f993963690b56.txt,154d7c4d7c33e743650b218dc7d7304d4c6f687629a6bfd288e6584c85c19680
6802d482ce97789fb0a6,https://pmc.ncbi.nlm.nih.gov/articles/PMC7158969,2026-09-29T19:27:50.975265+00:00,nih.gov,True,downloaded,200.0,https://pmc.ncbi.nlm.nih.gov/articles/PMC7158969/,191131.0,success,49888,7252,html,,Cyberbullying among Youth with and without Disabilities,Robin M Kowalski; Allison Toth,2017-03-15,Journal of Child & Adolescent Trauma,https://pmc.ncbi.nlm.nih.gov/articles/PMC7158969/,,6802d482ce97789fb0a6.txt,f685885e08452a9598e14d8853ea87a882564b8df75eb3c0403519862f30e411
68235c80367aa2dbb685,https://onlinedegrees.sandiego.edu/women-in-law-enforcement,2026-09-29T19:27:51.403811+00:00,sandiego.edu,True,downloaded,200.0,https://onlinedegrees.sandiego.edu/women-in-law-enforcement/,232094.0,success,18635,2949,html,text/html; charset=UTF-8,Why We Need More Women Working in Law Enforcement,Erik Fritsvold; PhD,2017-01-06,University of San Diego Online Degrees,https://onlinedegrees.sandiego.edu/women-in-law-enforcement/,,68235c80367aa2dbb685.txt,4f8a892c585bd50130f80ad9db3abe2ebae122f9d7ac199d2782e4b933038f57
68286f9b7eabe61ca0c5,https://study.com/academy/lesson/patient-safety-satisfaction-in-healthcare.html,2026-09-29T19:27:53.183030+00:00,study.com,True,downloaded,200.0,https://study.com/academy/lesson/patient-safety-satisfaction-in-healthcare.html,272552.0,success,4504,736,html,text/html;charset=UTF-8,Patient Safety & Satisfaction Factors in Healthcare | Study.com,,2026-09-29,study.com,https://study.com/academy/lesson/patient-safety-satisfaction-in-healthcare.html,,68286f9b7eabe61ca0c5.txt,cdf5e887f00c6c5b8ec7f8d15d0979262350c005d170bded0ae61d4b3cb36f2e
68558148ae34d7c195bd,https://justice.gc.ca/eng/rp-pr/cj-jp/yj-jj/discre/org/org.html,2026-09-29T19:27:54.498320+00:00,justice.gc.ca,True,downloaded,200.0,https://justice.gc.ca/eng/rp-pr/cj-jp/yj-jj/discre/org/org.html,23807.0,success,9114,1316,html,text/html,Department of Justice - Youth Justice - Police Discretion with Young Offenders - Organizational Factors Affecting Police Discretion,Government; Department; Electronic Communications,2002-01-15,IV. Organizational Factors Affecting Police Discretion,https://justice.gc.ca/eng/rp-pr/cj-jp/yj-jj/discre/org/org.html,,68558148ae34d7c195bd.txt,be6d327f533e01d6d8e8dfb10f54be0ae6a152894efb1d418ec4d89f2485ade4
6857f68e2ac6588fe5dd,https://workingnation.com/deep-dive-the-hispanic-workforce-is-growing-but-faces-barriers-to-quality-jobs,2026-09-29T19:27:55.733545+00:00,workingnation.com,True,downloaded,200.0,https://workingnation.com/deep-dive-the-hispanic-workforce-is-growing-but-faces-barriers-to-quality-jobs/,431383.0,success,5753,934,html,text/html; charset=UTF-8,"Deep Dive: The Hispanic workforce is growing, but faces barriers to quality jobs",Ramona Schindelheim,2024-09-13,WorkingNation,https://workingnation.com/deep-dive-the-hispanic-workforce-is-growing-but-faces-barriers-to-quality-jobs/,,6857f68e2ac6588fe5dd.txt,887870f8bda58aa539969d49011b306fd854f00b47585c9001f057e490733c40
686882f57b414490847f,https://uschamber.com/workforce/six-things-for-employers-to-consider-when-hiring-individuals-with-disabilities,2026-09-29T19:27:55.845048+00:00,uschamber.com,True,downloaded,200.0,https://www.uschamber.com/workforce/six-things-for-employers-to-consider-when-hiring-individuals-with-disabilities,241647.0,success,10656,1549,html,text/html; charset=UTF-8,Six Things for Employers to Consider When Hiring Individuals With Disabilities,Jenna Shrove,2022-08-25,U.S. Chamber of Commerce,https://www.uschamber.com/workforce/six-things-for-employers-to-consider-when-hiring-individuals-with-disabilities,,686882f57b414490847f.txt,e21eb84beea1c2c7ecc3dca879f55b730658e02d071650c37c2767f5c5bc5393
688f1532e5b974614683,https://newsnetwork.mayoclinic.org/discussion/health-disparities-in-preventive-screenings-for-african-americans,2026-09-29T19:27:58.687709+00:00,mayoclinic.org,True,downloaded,200.0,https://newsnetwork.mayoclinic.org/discussion/health-disparities-in-preventive-screenings-for-african-americans/,97454.0,success,9740,1537,html,text/html; charset=UTF-8,Health disparities in preventive screenings for African Americans - Mayo Clinic News Network,Dan Lea,2023-02-03,Mayo Clinic News Network,https://newsnetwork.mayoclinic.org/discussion/health-disparities-in-preventive-screenings-for-african-americans/,,688f1532e5b974614683.txt,20d1ae026df18f41d2f32bb48d87696b075cc6b69ab7b0eec9c4371bc6dc37c5
68a2d27da7bb1bedd025,https://pt.nclrights.org/our-work/racial-economic-justice/criminalization-incarceration,2026-09-29T19:28:00.110135+00:00,nclrights.org,True,downloaded,200.0,https://pt.nclrights.org/our-work/racial-economic-justice/criminalization-incarceration/,167498.0,success,3069,448,html,text/html; charset=utf-8,Criminalização e encarceramento,,2020-03-27,National Center for LGBTQ Rights,https://pt.nclrights.org/our-work/racial-economic-justice/criminalization-incarceration/,,68a2d27da7bb1bedd025.txt,4d788ac3e30a4ff154d398ed03db036bce839d65ea744acf12b05aa36fcd1480
69057c578a82e643e33e,https://mdpi.com/2076-328X/16/4/479,2026-09-29T19:28:02.344744+00:00,mdpi.com,True,downloaded,200.0,https://mdpi.com/2076-328X/16/4/479,2208.0,empty_text,0,0,html,text/html,,,,mdpi.com,https://mdpi.com/2076-328X/16/4/479,,69057c578a82e643e33e.txt,e3b0c44298fc1c149afbf4c8996fb92427ae41e4649b934ca495991b7852b855
6940166eec0b13fc6e09,https://quora.com/What-factors-contribute-to-the-use-of-excessive-force-by-the-US-police-force-towards-civilians-Are-there-any-proposed-reforms-or-changes-to-address-this-issue,2026-09-29T19:28:03.549804+00:00,quora.com,False,robots_disallowed,,,,not_extracted,0,0,,,,,,,,,,
6942a0dd184d3fcee471,https://equityinhighered.org/resources/ideas-and-insights/segregation-in-higher-education-and-unequal-paths-to-college-completion-implications-for-policy-and-research,2026-09-29T19:28:05.912937+00:00,equityinhighered.org,True,downloaded,200.0,https://www.equityinhighered.org/resources/ideas-and-insights/segregation-in-higher-education-and-unequal-paths-to-college-completion-implications-for-policy-and-research/,128963.0,success,26735,3724,html,text/html; charset=UTF-8,Segregation in Higher Education and Unequal Paths to College Completion: Implications for Policy and Research - Race and Ethnicity in Higher Education,,2023-04-24,Race and Ethnicity in Higher Education,https://www.equityinhighered.org/resources/ideas-and-insights/segregation-in-higher-education-and-unequal-paths-to-college-completion-implications-for-policy-and-research/,,6942a0dd184d3fcee471.txt,00eab010733bf56f67792a7e0ae182707748dc3dd34a5f84882e0f36effff436
696babc07a194ae4fc00,https://journalistsresource.org/politics-and-government/latino-adolescents-experiences-discrimination-high-school,2026-09-29T19:28:05.979526+00:00,journalistsresource.org,True,downloaded,200.0,https://journalistsresource.org/politics-and-government/latino-adolescents-experiences-discrimination-high-school/,289262.0,success,3078,468,html,text/html; charset=UTF-8,Latino adolescents’ experiences of discrimination in high school - The Journalist's Resource,Cynthia Thaler,2013-01-28,The Journalist's Resource,https://journalistsresource.org/politics-and-government/latino-adolescents-experiences-discrimination-high-school/,,696babc07a194ae4fc00.txt,7239c6e6657596f8dc69ca627f8af58db87eccd055ca61c1366cc30d4ec29424
6981c66c4e7ae8fc34e4,https://fna.usda.gov/wic/eligibility,2026-09-29T19:28:07.741362+00:00,usda.gov,False,downloaded,403.0,https://www.fna.usda.gov:443/wic/eligibility,391.0,not_extracted,0,0,,,,,,,,,,
6991e6d03e34b43af7cf,https://chcs.org/medicaid-and-sexual-orientation-and-gender-identity-data-key-factors-for-more-equitable-data-collection,2026-09-29T19:28:09.727443+00:00,chcs.org,True,downloaded,200.0,https://www.chcs.org/medicaid-and-sexual-orientation-and-gender-identity-data-key-factors-for-more-equitable-data-collection/,194745.0,success,7636,1134,html,text/html; charset=UTF-8,Medicaid and Sexual Orientation and Gender Identity Data: Key Factors for More Equitable Data Collection - CHCS Blog,Brandon Petit-Homme,2024-02-06,Center for Health Care Strategies,https://www.chcs.org/medicaid-and-sexual-orientation-and-gender-identity-data-key-factors-for-more-equitable-data-collection/,,6991e6d03e34b43af7cf.txt,835032c869097442869e174218f52b5b3e558ebf37a5c865c66d70c9c3122b68
69aa89e265f526daa136,https://pubmed.ncbi.nlm.nih.gov/22081983,2026-09-29T19:28:09.741929+00:00,nih.gov,True,downloaded,203.0,https://pubmed.ncbi.nlm.nih.gov/22081983/,5590.0,success,100,14,html,text/html; charset=utf-8,Cookies must be enabled,,,pubmed.ncbi.nlm.nih.gov,https://pubmed.ncbi.nlm.nih.gov/22081983/,,69aa89e265f526daa136.txt,f193d0de906419650acf171625dbd67f88f297290893b5473e1d8365c03d4b59
69defa686d35ec12ae06,https://pmc.ncbi.nlm.nih.gov/articles/PMC5509345,2026-09-29T19:28:10.597317+00:00,nih.gov,True,downloaded,200.0,https://pmc.ncbi.nlm.nih.gov/articles/PMC5509345/,317144.0,success,75139,12378,html,,"Understanding Racial and Ethnic Disparities in Arrest: The Role of Individual, Home, School, and Community Characteristics",Lauren Nichol Gase; Beth A Glenn; Louis M Gomez; Tony Kuo; Moira Inkelas; Ninez A Ponce,2016-11-03,Race and social problems,https://pmc.ncbi.nlm.nih.gov/articles/PMC5509345/,,69defa686d35ec12ae06.txt,9084d8cd379f937b10772a00619210909e80479ebb6dd7336fc5d7556deb8d85
69ee0bc4fb4bbf853358,https://bhr-navigator.unglobalcompact.org/issues/discrimination,2026-09-29T19:28:11.078474+00:00,unglobalcompact.org,True,downloaded,200.0,https://bhr-navigator.unglobalcompact.org/issues/discrimination/,232008.0,success,68569,10011,html,,Discrimination in the Workplace & Supply Chains | BHR Navigator,,2026-07-08,Business & Human Rights Navigator,https://bhr-navigator.unglobalcompact.org/issues/discrimination/,,69ee0bc4fb4bbf853358.txt,01b9805055b3aea65cb7bb4e2412ff2f8974993c4a8301250d6f8a55ebe6f65a
6a46f2066f9017c7c919,https://thehrcfoundation.org/professional-resources/transgender-inclusive-benefits-for-employees-and-dependents,2026-09-29T19:28:13.057947+00:00,thehrcfoundation.org,True,downloaded,200.0,https://www.hrc.org:443/,102672.0,success,531,46,html,text/html; charset=UTF-8,The Human Rights Campaign | 4 Million Members Strong,,2020-06-02,HRC,https://www.hrc.org/,,6a46f2066f9017c7c919.txt,a38addee2332a072712ca4e1c92d94521598aedcb06d08eaa910a057febc3093
6a652f7b8673756b6a75,https://unidosus.org/wp-content/uploads/2021/07/latinohomeownership_52118.pdf,2026-09-29T19:28:13.146960+00:00,unidosus.org,True,downloaded,200.0,https://unidosus.org/wp-content/uploads/2021/07/latinohomeownership_52118.pdf,746937.0,success,19842,2594,pdf,application/pdf,,,,,,,6a652f7b8673756b6a75.txt,9f4680ad94e67133e1dbb25e5a1691870ecfa2029a754fa250b33b740fa42686
6a68befd7e40acb7f205,https://prntexas.org/top-10-facts-about-bullying-and-harassment-of-students-with-disabilities,2026-09-29T19:28:16.488275+00:00,prntexas.org,True,downloaded,200.0,https://prntexas.org/top-10-facts-about-bullying-and-harassment-of-students-with-disabilities/,188206.0,success,12314,1947,html,text/html; charset=UTF-8,Top 10 Facts about Bullying and Harassment of Students with Disabilities,,2017-08-18,Partners Resource Network,https://prntexas.org/top-10-facts-about-bullying-and-harassment-of-students-with-disabilities/,,6a68befd7e40acb7f205.txt,5d76fc336d4e026392e1f8c22056f69b02ac9beb17f098b8d226786504596257
6ad4c47c11e5511d0fe4,https://transequality.org/issues/health-healthcare,2026-09-29T19:28:16.896278+00:00,transequality.org,True,downloaded,200.0,https://transequality.org/issues/health-healthcare,139677.0,success,4333,629,html,text/html; charset=UTF-8,Health & Healthcare | A4TE,,2026-08-11,A4TE,https://transequality.org/issues/health-healthcare,,6ad4c47c11e5511d0fe4.txt,22a262542331e0f31d9866384e3fb638cacb9e4e23f4f67ca0b33015a3eeb71b
6afd5427af2aac11d72f,https://urban.org/urban-wire/creating-avenues-financial-inclusion-latino-families,2026-09-29T19:28:17.074037+00:00,urban.org,False,downloaded,403.0,https://www.urban.org/urban-wire/creating-avenues-financial-inclusion-latino-families,5913.0,not_extracted,0,0,,,,,,,,,,
6b02b8f628934e7fe41d,https://protectourcare.org/fact-sheet-medicaid-is-a-lifeline-for-people-with-disabilities-2,2026-09-29T19:28:17.295697+00:00,protectourcare.org,True,downloaded,200.0,https://www.protectourcare.org/fact-sheet-medicaid-is-a-lifeline-for-people-with-disabilities-2/,110145.0,success,9675,1451,html,text/html; charset=UTF-8,FACT SHEET: Medicaid Is A Lifeline For People With Disabilities — Protect Our Care,Ashoup,2024-04-22,Protect Our Care,https://www.protectourcare.org/fact-sheet-medicaid-is-a-lifeline-for-people-with-disabilities-2/,,6b02b8f628934e7fe41d.txt,5be0635d124a298f7924e88f4242e513fa91a56df0b72e81dccd5c010eef65b6
6b6f1f00596dcb2f0875,https://urban.org/urban-wire/three-trends-lgbtq-homeownership-gaps-underscore-research-and-policy-needs,2026-09-29T19:28:17.431024+00:00,urban.org,False,downloaded,403.0,https://www.urban.org/urban-wire/three-trends-lgbtq-homeownership-gaps-underscore-research-and-policy-needs,6000.0,not_extracted,0,0,,,,,,,,,,
6b7504df9b72e7bdbb01,https://ninercommons.charlotte.edu/record/2316/files/Lett_uncc_0694D_13213.pdf,2026-09-29T19:28:17.804860+00:00,charlotte.edu,True,downloaded,202.0,https://ninercommons.charlotte.edu/record/2316/files/Lett_uncc_0694D_13213.pdf,2407.0,success,157,26,html,text/html; charset=UTF-8,JavaScript is disabled,,,ninercommons.charlotte.edu,https://ninercommons.charlotte.edu/record/2316/files/Lett_uncc_0694D_13213.pdf,,6b7504df9b72e7bdbb01.txt,ebccbd5922b41e48d556f96420b77b24fb66ddfe709666bb5b22acc99765c63f
6b990a507fcf3232c4bd,https://experian.com/blogs/ask-experian/lgbtq-financial-inclusion,2026-09-29T19:28:20.173661+00:00,experian.com,True,downloaded,200.0,https://www.experian.com/blogs/ask-experian/lgbtq-financial-inclusion,227788.0,success,11751,1832,html,text/html,Financial Inclusion and the LGBTQ+ Community - Experian,Emily Starbuck Gerson,2023-06-14,Experian,https://www.experian.com/blogs/ask-experian/lgbtq-financial-inclusion/,,6b990a507fcf3232c4bd.txt,84689bfb07da614ddfcf5226c4b336483b5bfc002b9be762a535b7027dc07e3d
6bd9339ff4ffd72fcca1,https://pmc.ncbi.nlm.nih.gov/articles/PMC10815774,2026-09-29T19:28:22.185081+00:00,nih.gov,True,downloaded,200.0,https://pmc.ncbi.nlm.nih.gov/articles/PMC10815774/,234693.0,success,50527,7294,html,,Risks Associated with Quality Care among Hispanic and White Populations—A Cross-Sectional Comparison Study,Ching-Fang Tiffany Tzeng; Thomas Swoboda; Charles Huggins; James D’Etienne; Hao Wang,2024-01-19,Healthcare,https://pmc.ncbi.nlm.nih.gov/articles/PMC10815774/,,6bd9339ff4ffd72fcca1.txt,defb4a80432e1dcfdd990a2ebffb5d5a2b319cec9c85c02b00065f5c916dd1c3
6c1bd05280acf9d1231d,https://careerhub.students.duke.edu/blog/2025/02/03/how-can-i-advance-my-career-as-a-latino-professional,2026-09-29T19:28:22.368960+00:00,duke.edu,True,downloaded,200.0,https://careerhub.students.duke.edu/blog/2025/02/03/how-can-i-advance-my-career-as-a-latino-professional/,170307.0,success,7703,1109,html,text/html; charset=UTF-8,How Can I Advance My Career as a Latino Professional?,Leigh Ann Waring she; Her,2025-02-03,Career Hub | Duke University,https://careerhub.students.duke.edu/blog/2025/02/03/how-can-i-advance-my-career-as-a-latino-professional/,,6c1bd05280acf9d1231d.txt,539b7c43f6ca53c4473fc662b3905545509d5ef01491892427f27e35dd9f2653
6c4b93694bc098c77da8,https://deloitte.com/us/en/insights/industry/financial-services/accessible-banking-for-disabled.html,2026-09-29T19:28:22.741155+00:00,deloitte.com,True,downloaded,200.0,https://www.deloitte.com/us/en/insights/industry/financial-services/accessible-banking-for-disabled.html,285997.0,success,6143,882,html,text/html;charset=utf-8,"How can banks better serve people with disabilities, and why the time is now",Jonathan Valenti; Val Srinivas; Courtney Davis; Richa Wadhwani,2023-04-27,Deloitte Insights,https://www.deloitte.com/us/en/insights/industry/financial-services/accessible-banking-for-disabled.html,,6c4b93694bc098c77da8.txt,ac45cdeb099106c8a83a2d15629bb0dd6e5ad93f3d69c95787e86aad7137ab16
6c5943af058a385ce87b,https://hud.gov/hud-partners/multifamily-housing-for-seniors-and-persons-with-disabilities,2026-09-29T19:28:23.696025+00:00,hud.gov,False,exception,,,,failed,0,0,,,,,,,,,,
6c61576a337ca44d9d46,https://pmc.ncbi.nlm.nih.gov/articles/PMC6209926,2026-09-29T19:28:27.654722+00:00,nih.gov,True,downloaded,200.0,https://pmc.ncbi.nlm.nih.gov/articles/PMC6209926/,222786.0,success,39147,6023,html,,"Health and Well-Being of Cisgender, Transgender and Non-Binary Young People",Marta Evelia Aparicio-García; Eva María Díaz-Ramiro; Susana Rubio-Valdehita; María Inmaculada López-Núñez; Isidro García-Nieto,2018-09-28,International Journal of Environmental Research and Public Health,https://pmc.ncbi.nlm.nih.gov/articles/PMC6209926/,,6c61576a337ca44d9d46.txt,52eff422a2d4097924d267b2e8319abacd520c5e8d834d2b4404cd9d96d3da71
6c6b83a945b4f019811b,https://covenanthouse.org/homeless-issues/poverty-and-income-inequality,2026-09-29T19:28:28.193395+00:00,covenanthouse.org,True,downloaded,200.0,https://www.covenanthouse.org/homeless-issues/poverty-and-income-inequality,115900.0,success,4896,739,html,,Income Inequality and Poverty Lead to Increased Youth Homelessness,,2026-01-01,Covenant House,https://www.covenanthouse.org/homeless-issues/poverty-and-income-inequality,,6c6b83a945b4f019811b.txt,f5e03c8a2204259ee38dc7c65c19f49a8f320f20dc43bb92673fead4ebe34786
6c92386929ee1665e5b8,https://google.com/url?cd=&opi=89978449&psig=AOvVaw27SfZnv7JZ6atpLCZEU4Q2&rct=j&sa=i&source=web&uoh=2&url=CAEShwEB6zswFdBjjh9zSg_yxoIdFrpPCnCfbfFzYFwCZwRv6OzVWE1e4bdTLb0QiUrTHMboWJKowZvOwYpImZsJodSsM37OP1H-RQhQE7RSsywoH6U8JHIxKqgjDgXUcomYo8IvBnF49spRVS4ahVCoSFirMquWP9yPoGErvSGloSJo4Clu8KtW2RM&ust=1790738837649000&ved=2ahUKEwiTsdmT7JKXAxUkl2oFHSYNMuUQ1fkOegoIAggACAAINBAM,2026-09-29T19:28:29.064629+00:00,google.com,False,robots_disallowed,,,,not_extracted,0,0,,,,,,,,,,
6ca719c33fb003e6a5e5,https://tandfonline.com/doi/full/10.1080/02673037.2025.2492781,2026-09-29T19:28:29.064880+00:00,tandfonline.com,False,downloaded,403.0,https://tandfonline.com/doi/full/10.1080/02673037.2025.2492781,5826.0,not_extracted,0,0,,,,,,,,,,
6cb218a3b3f50c959e2b,https://endhomelessness.org/blog/homelessness-and-black-history-access-to-housing,2026-09-29T19:28:29.891708+00:00,endhomelessness.org,True,downloaded,200.0,https://endhomelessness.org/blog/homelessness-and-black-history-access-to-housing,343203.0,success,4436,665,html,text/html; charset=UTF-8,Homelessness and Black History: Access to Housing,NAEH,2025-03-05,National Alliance to End Homelessness,https://endhomelessness.org/blog/homelessness-and-black-history-access-to-housing/,,6cb218a3b3f50c959e2b.txt,7482c1cd564f9e7d74b404e5fe9c75339ad2579e8906fb020dddbee98089e177
6cd4edf075667051948e,https://transcanwork.org/news/span-classsqsrte-text-color-blackwhy-trans-employees-face-barriers-to-career-advancementnbspspan,2026-09-29T19:28:31.241781+00:00,transcanwork.org,True,downloaded,200.0,https://www.transcanwork.org/news/span-classsqsrte-text-color-blackwhy-trans-employees-face-barriers-to-career-advancementnbspspan,192728.0,success,16093,2230,html,text/html;charset=utf-8,Why Trans Employees Face Barriers to Career Advancement — Trans Can Work,Jerome Trammel,2026-04-01,Trans Can Work,https://www.transcanwork.org/news/span-classsqsrte-text-color-blackwhy-trans-employees-face-barriers-to-career-advancementnbspspan,,6cd4edf075667051948e.txt,f8e0cca0032016443b41a15abd2660f522e90c4f18502ffae870a299df489642
6cf074b5d55000c1fb4c,https://opportunityinsights.org/paper/creditaccess,2026-09-29T19:28:32.122287+00:00,opportunityinsights.org,True,downloaded,200.0,https://opportunityinsights.org/paper/creditaccess/,68717.0,success,1382,199,html,text/html; charset=UTF-8,Credit Access in the United States | Opportunity Insights,Nathaniel Hendren; Trevor J Bakker; Stefanie DeLuca; Eric English; Jamie Fogel; Daniel Herbst,2025-07-16,Opportunity Insights,https://opportunityinsights.org/paper/creditaccess/,,6cf074b5d55000c1fb4c.txt,67d147682a4dbf4ba4d1e715806dd91a030f05918a07ff94ac8c0035e0be4029
6cfba1f14fe81a790660,https://news.iastate.edu/news/lower-approval-rates-higher-finance-fees-evidence-discrimination-same-sex-borrowers,2026-09-29T19:28:32.946049+00:00,iastate.edu,True,downloaded,200.0,https://www.news.iastate.edu/news/lower-approval-rates-higher-finance-fees-evidence-discrimination-same-sex-borrowers,26097.0,success,3971,595,html,text/html; charset=UTF-8,"Lower approval rates, higher finance fees evidence of discrimination for same-sex borrowers",,2019-04-16,News Service,https://www.news.iastate.edu/news/lower-approval-rates-higher-finance-fees-evidence-discrimination-same-sex-borrowers,,6cfba1f14fe81a790660.txt,d79bdf3da1facfbc4e205812c5ba79d31281ca4fa7faa6e4f305223f68355421
6d1d12bb01059c351ecf,https://gettingsmart.com/2024/09/24/why-high-quality-learning-opportunities-must-be-accessible-to-every-student,2026-09-29T19:28:35.509074+00:00,gettingsmart.com,True,downloaded,200.0,http://www.gettingsmart.com/2024/09/24/why-high-quality-learning-opportunities-must-be-accessible-to-every-student/,294722.0,success,6336,872,html,text/html; charset=UTF-8,Why High-Quality Learning Opportunities Must Be Accessible to Every Student,Nate McClennen; Rebecca Midles,2024-09-24,Getting Smart,https://www.gettingsmart.com/2024/09/24/why-high-quality-learning-opportunities-must-be-accessible-to-every-student/,,6d1d12bb01059c351ecf.txt,9eb9a36c65f38ad6e261d66ee371399fd2857e2247743bb10a29f2dc775c3036
6d3c5593dadc0dbc8c6c,https://thn.org/tgnc-discrimination,2026-09-29T19:28:35.696451+00:00,thn.org,True,downloaded,200.0,https://www.thn.org/tgnc-discrimination/,122516.0,success,521,36,html,text/html; charset=UTF-8,Transgender and Non-Binary Discrimination and Homelessness - Texas Homeless Network,THN,2022-01-28,"Texas Homeless Network - education, resources, and advocacy",https://www.thn.org/tgnc-discrimination/,,6d3c5593dadc0dbc8c6c.txt,e97fbbab1a8bcbbd72151e4a5af395430d343be2d899246223f363c2fc1a6808
6d7fc7bd39c6666c48e5,https://tandfonline.com/doi/full/10.1080/26379112.2024.2357996,2026-09-29T19:28:38.209743+00:00,tandfonline.com,False,downloaded,403.0,https://tandfonline.com/doi/full/10.1080/26379112.2024.2357996,5826.0,not_extracted,0,0,,,,,,,,,,
6d90e2ee017c6a32c263,https://anti-bullyingalliance.org.uk/tools-information/all-about-bullying/at-risk-groups/homophobic-biphobic-and-transphobic-bullying,2026-09-29T19:28:38.258844+00:00,anti-bullyingalliance.org.uk,False,downloaded,403.0,https://anti-bullyingalliance.org.uk/tools-information/all-about-bullying/at-risk-groups/homophobic-biphobic-and-transphobic-bullying,6073.0,not_extracted,0,0,,,,,,,,,,
6dad065802e5747bfe76,https://pmc.ncbi.nlm.nih.gov/articles/PMC12691752,2026-09-29T19:28:38.858500+00:00,nih.gov,True,downloaded,200.0,https://pmc.ncbi.nlm.nih.gov/articles/PMC12691752/,368260.0,success,106363,15279,html,,"Homophobic Bullying Among Adolescents: Prevalence, Associations with Emotional Factors, Psychopathological Symptoms, and Predictors",Maite Garaigordobil; Juan Pablo Mollo-Torrico; Mónica Rodríguez-Enríquez,2025-12-01,Healthcare,https://pmc.ncbi.nlm.nih.gov/articles/PMC12691752/,,6dad065802e5747bfe76.txt,aa6fbc218e9d8740a07bb78326cb6f6ab137b16bb38ec7ecfc39831d675fead8
6dc4129a249730451afc,https://eeoc.gov/chart-risk-factors-harassment-and-responsive-strategies,2026-09-29T19:28:39.374647+00:00,eeoc.gov,True,downloaded,200.0,https://www.eeoc.gov/chart-risk-factors-harassment-and-responsive-strategies,75996.0,success,566,56,html,text/html; charset=utf-8,Chart of Risk Factors for Harassment and Responsive Strategies,,2000-01-01,U.S. Equal Employment Opportunity Commission,https://www.eeoc.gov/chart-risk-factors-harassment-and-responsive-strategies,,6dc4129a249730451afc.txt,fe89d1b1a6a4aadca10dbce1e1754f60c55aac9aba8cef1ddb9c278197f9a345
6e013b30ac05731da7b1,https://shvs.org/resources/new-federal-rules-affecting-coverage-of-treatment-for-gender-dysphoria-considerations-for-states,2026-09-29T19:28:41.312143+00:00,shvs.org,True,downloaded,200.0,https://shvs.org/resources/new-federal-rules-affecting-coverage-of-treatment-for-gender-dysphoria-considerations-for-states/,158811.0,success,11141,1682,html,text/html; charset=UTF-8,New Federal Rules Affecting Coverage of Treatment for Gender Dysphoria: Considerations for States - State Health and Value Strategies ~ Driving Innovation Across States,Sabrina Corlette; Georgetown Center,2026-07-28,State Health and Value Strategies ~ Driving Innovation Across States,https://shvs.org/resources/new-federal-rules-affecting-coverage-of-treatment-for-gender-dysphoria-considerations-for-states/,,6e013b30ac05731da7b1.txt,176448bde58df02f7e7ff9e68f5100ea23a289a3ffe8be99a3f7d808857a7872
6e140020cf57506c3a8c,https://pmc.ncbi.nlm.nih.gov/articles/PMC7800756,2026-09-29T19:28:43.670367+00:00,nih.gov,True,downloaded,200.0,https://pmc.ncbi.nlm.nih.gov/articles/PMC7800756,21367.0,success,131,18,html,,Checking your browser,,2026-09-11,google.com,https://www.google.com/recaptcha/challengepage,,6e140020cf57506c3a8c.txt,a29166d0eaaa418bd5af61a282f1183a46c84c4d5e4c90689b1b452d230d05cc
6e39cf8a45813c6b916f,https://thetrevorproject.org/research-briefs/homelessness-and-housing-instability-among-lgbtq-youth-feb-2022,2026-09-29T19:28:43.836330+00:00,thetrevorproject.org,True,downloaded,200.0,https://www.thetrevorproject.org/research-briefs/homelessness-and-housing-instability-among-lgbtq-youth-feb-2022/,153344.0,success,59406,9087,html,text/html; charset=UTF-8,Homelessness and Housing Instability Among LGBTQ Youth,,2025-01-31,The Trevor Project,https://www.thetrevorproject.org/research-briefs/homelessness-and-housing-instability-among-lgbtq-youth-feb-2022/,,6e39cf8a45813c6b916f.txt,7f5db320c9baa7273e889d690d3ce084b5cffa1e9471d9a8ffacbba6f7549306
6ebb0570c2e90e158080,https://nlc.org/article/2023/06/30/housing-for-lgbtqia,2026-09-29T19:28:44.569747+00:00,nlc.org,True,downloaded,200.0,https://www.nlc.org/article/2023/06/30/housing-for-lgbtqia,134082.0,success,5917,869,html,text/html; charset=UTF-8,Housing For: LGBTQIA+,About the Authors,2023-06-30,National League of Cities,https://www.nlc.org/article/2023/06/30/housing-for-lgbtqia/,,6ebb0570c2e90e158080.txt,a44b670673e947734296c03e431715804f817eff64900f0cbf817163a7f443b4
6ed0c756b3e36df4721b,https://pubmed.ncbi.nlm.nih.gov/32036103,2026-09-29T19:28:46.595171+00:00,nih.gov,True,downloaded,203.0,https://pubmed.ncbi.nlm.nih.gov/32036103/,5590.0,success,100,14,html,text/html; charset=utf-8,Cookies must be enabled,,,pubmed.ncbi.nlm.nih.gov,https://pubmed.ncbi.nlm.nih.gov/32036103/,,6ed0c756b3e36df4721b.txt,f193d0de906419650acf171625dbd67f88f297290893b5473e1d8365c03d4b59
6ef779e5af5481f44b26,https://cpdonline.co.uk/knowledge-base/safeguarding/bullying-school,2026-09-29T19:28:46.998362+00:00,cpdonline.co.uk,False,downloaded,403.0,https://cpdonline.co.uk/knowledge-base/safeguarding/bullying-school,5769.0,not_extracted,0,0,,,,,,,,,,
6f0d7b02835acddfd719,https://emerald.com/pijpsm/article/38/1/56/320109/Factors-that-affect-the-arrest-decision-in,2026-09-29T19:28:48.176880+00:00,emerald.com,False,downloaded,403.0,https://www.emerald.com/pijpsm/article/38/1/56/320109/Factors-that-affect-the-arrest-decision-in,5878.0,not_extracted,0,0,,,,,,,,,,
6f62e3b6f9c7eb9d3742,https://pmc.ncbi.nlm.nih.gov/articles/PMC8312312,2026-09-29T19:28:50.093313+00:00,nih.gov,True,downloaded,200.0,https://pmc.ncbi.nlm.nih.gov/articles/PMC8312312,21366.0,success,131,18,html,,Checking your browser,,2026-09-11,google.com,https://www.google.com/recaptcha/challengepage,,6f62e3b6f9c7eb9d3742.txt,a29166d0eaaa418bd5af61a282f1183a46c84c4d5e4c90689b1b452d230d05cc
6f69cb57c561580a777f,https://sciencedirect.com/science/article/abs/pii/S0094119011000581,2026-09-29T19:28:50.251012+00:00,sciencedirect.com,False,downloaded,403.0,https://www.sciencedirect.com/science/article/abs/pii/S0094119011000581,1207947.0,not_extracted,0,0,,,,,,,,,,
6f6c03168dc5f42585f8,https://caphennepin.org/the-critical-role-of-housing-stability-for-families-with-low-income,2026-09-29T19:28:50.655107+00:00,caphennepin.org,False,downloaded,403.0,https://caphennepin.org/the-critical-role-of-housing-stability-for-families-with-low-income,1084.0,not_extracted,0,0,,,,,,,,,,
6f6c3216ce142301efb4,https://production-askearn-org.s3.amazonaws.com/EARN_Rising_Though_Ranks_2bb6055891.pdf,2026-09-29T19:28:52.052644+00:00,amazonaws.com,True,downloaded,200.0,https://production-askearn-org.s3.amazonaws.com/EARN_Rising_Though_Ranks_2bb6055891.pdf,2092565.0,success,17356,2300,pdf,application/pdf,,,,,,,6f6c3216ce142301efb4.txt,077eb55c8053333aba8e1da24ecc671121a293cef313f00f821ace9b09d592c1
6f8afea238fc3e87f518,https://comcastnewsmakers.com/Videos/2023/11/30/Disability-Rights-and-the-Criminal-Justice-System,2026-09-29T19:28:52.094574+00:00,comcastnewsmakers.com,False,downloaded,403.0,https://comcastnewsmakers.com/Videos/2023/11/30/Disability-Rights-and-the-Criminal-Justice-System,986.0,not_extracted,0,0,,,,,,,,,,
6fba4328694351847cdb,https://pmc.ncbi.nlm.nih.gov/articles/PMC6322390,2026-09-29T19:28:53.437796+00:00,nih.gov,True,downloaded,200.0,https://pmc.ncbi.nlm.nih.gov/articles/PMC6322390,21368.0,success,131,18,html,,Checking your browser,,2026-09-11,google.com,https://www.google.com/recaptcha/challengepage,,6fba4328694351847cdb.txt,a29166d0eaaa418bd5af61a282f1183a46c84c4d5e4c90689b1b452d230d05cc
6fbf58d7a57b3f9d15d8,https://homelessness.ucsf.edu/LatineCAreport,2026-09-29T19:28:53.605024+00:00,ucsf.edu,True,downloaded,200.0,https://homelessness.ucsf.edu/LatineCAreport,68272.0,success,2442,348,html,text/html; charset=utf-8,Toward Equity: Latine Experiences of Homelessness | Benioff Homelessness and Housing Initiative,,2025-11-14,Benioff Homelessness and Housing Initiative,https://homelessness.ucsf.edu/LatineCAreport,,6fbf58d7a57b3f9d15d8.txt,21c6f53309cf39ee49393d541e294297637d19c211d054bf2fcab5c1e86b4451
6fedd2c76add6f36ccb1,https://thearc.org/our-initiatives/criminal-justice,2026-09-29T19:28:54.285957+00:00,thearc.org,True,downloaded,200.0,https://thearc.org/our-initiatives/criminal-justice,219341.0,success,4048,581,html,text/html; charset=UTF-8,Disability in the Criminal Justice System | The Arc,,2026-09-28,The Arc of the United States,https://thearc.org/our-initiatives/criminal-justice/,,6fedd2c76add6f36ccb1.txt,e3755aacd6c65f416799673f165005f57e62b9bf3f7b71b39ff99dc4abb80018
700b61ff2857d14a24d6,https://odphp.health.gov/healthypeople/objectives-and-data/browse-objectives/people-disabilities/reduce-proportion-adults-disabilities-who-delay-preventive-care-because-cost-dh-01,2026-09-29T19:28:54.346745+00:00,health.gov,True,downloaded,200.0,https://odphp.health.gov/healthypeople/objectives-and-data/browse-objectives/people-disabilities/reduce-proportion-adults-disabilities-who-delay-preventive-care-because-cost-dh-01,43508.0,success,1542,170,html,text/html; charset=UTF-8,Reduce the proportion of adults with disabilities who delay preventive care because of cost — DH‑01,,2021-06-01,odphp.health.gov,https://odphp.health.gov/healthypeople/objectives-and-data/browse-objectives/people-disabilities/reduce-proportion-adults-disabilities-who-delay-preventive-care-because-cost-dh-01,,700b61ff2857d14a24d6.txt,7e73c7726f1d4d15b43c131e21b8df8be4a585e4ef8d98dddf3b6fb0f70b8fee
700b83abcede3d0dbea8,https://bipartisanpolicy.org/report/understanding-and-addressing-racial-and-ethnic-disparities-in-housing,2026-09-29T19:28:55.719708+00:00,bipartisanpolicy.org,False,downloaded,403.0,https://bipartisanpolicy.org/report/understanding-and-addressing-racial-and-ethnic-disparities-in-housing,5937.0,not_extracted,0,0,,,,,,,,,,
7035b139035b96e32304,https://nlihc.org/resource/housing-and-society-publishes-article-housing-stability-parents-disabilities,2026-09-29T19:28:57.824025+00:00,nlihc.org,True,downloaded,200.0,https://nlihc.org/resource/housing-and-society-publishes-article-housing-stability-parents-disabilities,56029.0,success,2766,384,html,text/html; charset=UTF-8,Housing and Society Publishes Article on Housing Stability for Parents with Disabilities,,2026-02-23,National Low Income Housing Coalition,https://nlihc.org/resource/housing-and-society-publishes-article-housing-stability-parents-disabilities,,7035b139035b96e32304.txt,43a0df04eeb216ddc06eeee667e7536f40626d9e3069237c20aa3c3cdbc4da34
70cf68b0f32080d61839,https://govlab.hks.harvard.edu/insight/closing-the-engagement-gap-for-latino-people-experiencing-homelessness,2026-09-29T19:28:58.814507+00:00,harvard.edu,True,downloaded,200.0,https://govlab.hks.harvard.edu/insight/closing-the-engagement-gap-for-latino-people-experiencing-homelessness/,134214.0,success,2506,344,html,text/html; charset=UTF-8,Where Systems Meet People: Closing the Engagement Gap for Latino People Experiencing Homelessness,Author Camila de la Vega; Libby Doyle Contributor Emma Kornetsky Designer Sara Israelsen-Hartley,2026-09-15,Harvard Kennedy School Government Performance Lab,https://govlab.hks.harvard.edu/insight/closing-the-engagement-gap-for-latino-people-experiencing-homelessness/,,70cf68b0f32080d61839.txt,7669840dc7bdd3f2667da6d94460ea8c0ebc3e160106eb12c3f942321412fd56
710d00af8f0893ee55b8,https://endhomelessness.org/a-shortage-of-affordable-housing,2026-09-29T19:28:58.856414+00:00,endhomelessness.org,True,downloaded,200.0,https://endhomelessness.org/a-shortage-of-affordable-housing,360415.0,success,1443,218,html,text/html; charset=UTF-8,What Causes Homelessness: A Shortage of Affordable Housing,,2026-07-15,National Alliance to End Homelessness,https://endhomelessness.org/a-shortage-of-affordable-housing/,,710d00af8f0893ee55b8.txt,cbf3d3c7fb60b5bf2edd8c2c5c4eaeaeebdd3feaeacc8a3d9f47abf275a2cd9a
7133012652877a696b27,https://poverty-action.org/what-we-know-about-womens-access-credit-and-what-ipa-doing-about-it,2026-09-29T19:28:59.058273+00:00,poverty-action.org,True,downloaded,200.0,https://poverty-action.org/what-we-know-about-womens-access-credit-and-what-ipa-doing-about-it,78228.0,success,8059,1166,html,text/html; charset=UTF-8,"What We Know About Women's Access to Credit, and What IPA Is Doing About It | IPA",Daniela Graney Lauren Perlik Elizabeth Koshy Paul Adams,2026-06-29,poverty-action.org,https://poverty-action.org/what-we-know-about-womens-access-credit-and-what-ipa-doing-about-it,,7133012652877a696b27.txt,b0eb14ee1cfb268aee68eebf4a82bf8507ecf97f6d44da184f8195211d759f5c
715251ecd028f2662dae,https://disabilityevidence.org/questions-evidence/how-do-we-overcome-barriers-accessing-higher-education-people-disabilities,2026-09-29T19:29:01.693192+00:00,disabilityevidence.org,False,downloaded,403.0,https://www.disabilityevidence.org/questions-evidence/how-do-we-overcome-barriers-accessing-higher-education-people-disabilities,919.0,not_extracted,0,0,,,,,,,,,,
7163115964ac99af7373,https://rand.org/pubs/articles/2022/the-impact-of-racism-on-patient-safety.html,2026-09-29T19:29:02.177159+00:00,rand.org,False,downloaded,403.0,https://www.rand.org:443/pubs/articles/2022/the-impact-of-racism-on-patient-safety.html,919.0,not_extracted,0,0,,,,,,,,,,
716d7af0c47c1817f115,https://pmc.ncbi.nlm.nih.gov/articles/PMC10565149,2026-09-29T19:29:02.455231+00:00,nih.gov,True,downloaded,200.0,https://pmc.ncbi.nlm.nih.gov/articles/PMC10565149/,210842.0,success,51390,7290,html,,Factors determining safety culture in hospitals: a scoping review,Rhanna Emanuela Fontenele Lima de Carvalho; David W Bates; Ania Syrowatka; Italo Almeida; Luana Sousa; Jaira Goncalves; Natalia Oliveira; Milena Gama; Ana Paula Alencar,2023-10-10,BMJ Open Quality,https://pmc.ncbi.nlm.nih.gov/articles/PMC10565149/,,716d7af0c47c1817f115.txt,9e1df0414d3cfc5479b3c2b64b016e40ba858cbf22bd81275130aa3c83a1f13b
723630cb2cd192b106a8,https://wa.gov.au/government/publications/sexuality-and-gender-based-bullying-schools-fact-sheet-students,2026-09-29T19:29:03.694232+00:00,wa.gov.au,True,downloaded,200.0,https://www.wa.gov.au/government/publications/sexuality-and-gender-based-bullying-schools-fact-sheet-students,84987.0,success,4178,653,html,text/html; charset=utf-8,Sexuality and gender-based bullying in schools - Fact Sheet for students,,2025-09-05,Western Australian Government,https://www.wa.gov.au/government/publications/sexuality-and-gender-based-bullying-schools-fact-sheet-students,,723630cb2cd192b106a8.txt,4b84ebf9e9e5a409fb7e6b74c8359678ab6450c49fd16c2bfada4d6edb96b4d9
72437fc07e8b32125f89,https://habitat.org/historic-housing-discrimination-us,2026-09-29T19:29:04.018579+00:00,habitat.org,True,downloaded,200.0,https://www.habitat.org/historic-housing-discrimination-us,111965.0,success,3743,549,html,text/html; charset=utf-8,Historic housing discrimination in the U.S.,,2024-07-01,Habitat for Humanity,https://www.habitat.org/historic-housing-discrimination-us,,72437fc07e8b32125f89.txt,368051813ff7d872138bd4eb1564ef8c6616da7da1b9b1565bf4b8959edfd443
72e83dae03e131415d93,https://pmc.ncbi.nlm.nih.gov/articles/PMC12625391,2026-09-29T19:29:06.091351+00:00,nih.gov,True,downloaded,200.0,https://pmc.ncbi.nlm.nih.gov/articles/PMC12625391,21367.0,success,131,18,html,,Checking your browser,,2026-09-11,google.com,https://www.google.com/recaptcha/challengepage,,72e83dae03e131415d93.txt,a29166d0eaaa418bd5af61a282f1183a46c84c4d5e4c90689b1b452d230d05cc
72ee218d54111229084d,https://fortunahealth.com/insights/how-health-plans-reduce-medicaid-coverage-churn,2026-09-29T19:29:06.118494+00:00,fortunahealth.com,True,downloaded,200.0,https://www.fortunahealth.com/insights/how-health-plans-reduce-medicaid-coverage-churn,65565.0,success,11544,1534,html,text/html; charset=utf-8,How Health Plans Reduce Medicaid Coverage Churn,,2026-03-16,fortunahealth.com,https://www.fortunahealth.com/insights/how-health-plans-reduce-medicaid-coverage-churn,,72ee218d54111229084d.txt,b11e7e72c31efa5061696973b50040670f2d40581f56a4665fe2097ad9a227cf
72fda1742f18470b7e62,https://ncbi.nlm.nih.gov/books/NBK259474,2026-09-29T19:29:06.259499+00:00,nih.gov,True,downloaded,200.0,https://www.ncbi.nlm.nih.gov/books/NBK259474/,75042.0,success,26788,4231,html,text/html; charset=UTF-8,Patient safety issues,I Tuffrey-Wijne; N Giatras; L Goulding; E Abraham; L Fenwick; C Edwards; S Hollins,2013-12-29,NIHR Journals Library,https://www.ncbi.nlm.nih.gov/books/NBK259474/,,72fda1742f18470b7e62.txt,867ef60e7096f996b3902cea76796a37bd8d0a596a72f3070f6b0e5e48f7c94b
730d92f0d0b1aff41db8,https://ussc.gov/research/research-reports/2023-demographic-differences-federal-sentencing,2026-09-29T19:29:08.919958+00:00,ussc.gov,False,exception,,,,failed,0,0,,,,,,,,,,
7344112bbf2ee493acbb,https://lifelinesupport.org/how-to-qualify,2026-09-29T19:29:09.696436+00:00,lifelinesupport.org,True,downloaded,200.0,https://www.lifelinesupport.org/how-to-qualify/,53744.0,success,3226,528,html,text/html; charset=UTF-8,How to Qualify - Universal Service Administrative Company,,2026-05-01,Universal Service Administrative Company,https://www.lifelinesupport.org/how-to-qualify/,,7344112bbf2ee493acbb.txt,43df33aa9d3eabfadf480db17873b7e240697543de3523e49312fcde21452b57
73d32ad134694ceeffc2,https://pmc.ncbi.nlm.nih.gov/articles/PMC12428156,2026-09-29T19:29:10.620723+00:00,nih.gov,True,downloaded,200.0,https://pmc.ncbi.nlm.nih.gov/articles/PMC12428156,21371.0,success,131,18,html,,Checking your browser,,2026-09-11,google.com,https://www.google.com/recaptcha/challengepage,,73d32ad134694ceeffc2.txt,a29166d0eaaa418bd5af61a282f1183a46c84c4d5e4c90689b1b452d230d05cc
73d473292be84136e0f4,https://ncld.org/understand-the-issues,2026-09-29T19:29:10.834718+00:00,ncld.org,True,downloaded,200.0,https://ncld.org/understand-the-issues/,187494.0,success,2155,298,html,text/html; charset=UTF-8,Understand the Issues - National Center for Learning Disabilities,,2025-06-24,National Center for Learning Disabilities,https://ncld.org/understand-the-issues/,,73d473292be84136e0f4.txt,f2c71f357b2e8ca186eca65fbad23a7ce40830be9696710387abee42773c26d0
73da6561cc545b381f27,https://sciencedirect.com/science/article/pii/S1936657425000019,2026-09-29T19:29:14.051031+00:00,sciencedirect.com,False,downloaded,403.0,https://www.sciencedirect.com/science/article/pii/S1936657425000019,1207935.0,not_extracted,0,0,,,,,,,,,,
74014d98c8648ea4bb26,https://merlininvestor.com/2024/03/20/unveiling-the-factors-driving-the-gender-gap-in-financial-inclusion,2026-09-29T19:29:15.201628+00:00,merlininvestor.com,False,downloaded,403.0,https://merlininvestor.com/2024/03/20/unveiling-the-factors-driving-the-gender-gap-in-financial-inclusion,52.0,not_extracted,0,0,,,,,,,,,,
7452ff2090f7e9864e0b,https://pubmed.ncbi.nlm.nih.gov/12529894,2026-09-29T19:29:17.281010+00:00,nih.gov,True,downloaded,203.0,https://pubmed.ncbi.nlm.nih.gov/12529894/,5590.0,success,100,14,html,text/html; charset=utf-8,Cookies must be enabled,,,pubmed.ncbi.nlm.nih.gov,https://pubmed.ncbi.nlm.nih.gov/12529894/,,7452ff2090f7e9864e0b.txt,f193d0de906419650acf171625dbd67f88f297290893b5473e1d8365c03d4b59
7486c83d8b5950c3fff8,https://google.com/goto?url=CAESsQEB6zswFYW0Cbp_lOTdQGdCrK0AEw-uMZYD-kSPz73o58NwmLz6f_QE1rzxeUIMk4R87A6KzOqDmKRuU4fpJoEggmcqFGmN_MCcJP44QQsugiUtuirS46MdNHKOsEkmtFCuOiilR9g-syvRgvgACXs502onOI00fkBa7mQbyPYYh1wZXqQM4y--KEPq2MXwZ8yNrAR_cATtN_y5E3MpFEfUq5kAC9BtdFLwRgmGqQh1vcA,2026-09-29T19:29:17.691708+00:00,google.com,False,robots_disallowed,,,,not_extracted,0,0,,,,,,,,,,
74ba4f021cc2a484443a,https://pubmed.ncbi.nlm.nih.gov/18393583,2026-09-29T19:29:17.692028+00:00,nih.gov,True,downloaded,203.0,https://pubmed.ncbi.nlm.nih.gov/18393583/,5590.0,success,100,14,html,text/html; charset=utf-8,Cookies must be enabled,,,pubmed.ncbi.nlm.nih.gov,https://pubmed.ncbi.nlm.nih.gov/18393583/,,74ba4f021cc2a484443a.txt,f193d0de906419650acf171625dbd67f88f297290893b5473e1d8365c03d4b59
74c8006387f4b7063dca,https://williamsinstitute.law.ucla.edu/publications/transgender-workplace-discrim,2026-09-29T19:29:18.157607+00:00,ucla.edu,True,downloaded,200.0,https://williamsinstitute.law.ucla.edu/publications/transgender-workplace-discrim/,125318.0,success,11848,1783,html,text/html; charset=UTF-8,Workplace Experiences of Transgender Employees,Loyal; Thisisloyal Com,2024-11-19,The Williams Institute at UCLA School of Law,https://williamsinstitute.law.ucla.edu/publications/transgender-workplace-discrim/,,74c8006387f4b7063dca.txt,bf4fce2d516829aed55de46f78cb6ed2146088b7b7e6825a8a2780d94e5cc0a5
7529cf7963d4ce7b8b7a,https://diversityglobal.com/web/Article.aspx?id=Striving-for-Hispanic-and-Latino-Inclusion-in-the-Work-Environment-4840,2026-09-29T19:29:19.230587+00:00,diversityglobal.com,False,exception,,,,failed,0,0,,,,,,,,,,
75500e7e643f1fc48479,https://highered360.com/articles/articleDisplay.cfm?ID=2173,2026-09-29T19:29:19.266001+00:00,highered360.com,True,downloaded,200.0,https://www.highered360.com/articles/articleDisplay.cfm?ID=2173,21848.0,success,14037,2176,html,text/html;charset=UTF-8,Advice & News,Eileen Hoenigman Meyer,2020-04-22,highered360.com,https://www.highered360.com/articles/articleDisplay.cfm?ID=2173,,75500e7e643f1fc48479.txt,c5588bf4d628532fa5ff0491360d011378589dfa6424cb2a0992d45e1d2329ce
757c72f9305b6fbdeb6e,https://moirastudio.com/2025/04/09/opening-doors-attracting-latino-students-into-higher-education,2026-09-29T19:29:20.224865+00:00,moirastudio.com,False,downloaded,403.0,https://moirastudio.com/2025/04/09/opening-doors-attracting-latino-students-into-higher-education,52.0,not_extracted,0,0,,,,,,,,,,
758450027363eec66609,https://prisonpolicy.org/blog/2021/03/02/lgbtq,2026-09-29T19:29:20.981740+00:00,prisonpolicy.org,True,downloaded,200.0,https://www.prisonpolicy.org/blog/2021/03/02/lgbtq/,63640.0,success,11752,1872,html,text/html; charset=UTF-8,Visualizing the unequal treatment of LGBTQ people in the criminal justice system,Prison Policy Initiative,2021-03-02,PrisonPolicy,https://www.prisonpolicy.org/blog/2021/03/02/lgbtq/,,758450027363eec66609.txt,d6ba487d5aa8ffe0e0900b866411b4c8e32e0c0de79c2a76395869e94c176b33
7679a641c47a323d2cd2,https://pacer.org/bullying/info/stats,2026-09-29T19:29:24.865539+00:00,pacer.org,True,downloaded,200.0,https://www.pacer.org/bullying/info/stats/,172366.0,success,13625,1917,html,text/html; charset=UTF-8,Bullying Statistics,,2026-01-01,PACER Center,https://www.pacer.org/bullying/info/stats/,,7679a641c47a323d2cd2.txt,a94b77a52b8afd6c5e2aa9dc154d1312d69ec06d8d8a7540ae901d60bc4572fd
769e63cc4e4dbf821776,https://unidosus.org/wp-content/uploads/2021/07/lb_credit.pdf,2026-09-29T19:29:24.961949+00:00,unidosus.org,True,downloaded,200.0,https://unidosus.org/wp-content/uploads/2021/07/lb_credit.pdf,213330.0,success,7976,1175,pdf,application/pdf,,,,,,,769e63cc4e4dbf821776.txt,05f8b39337c529eac780cc96c99f4e62e3beb1fd986501ac096935d0f06a0b6e
76a6212482e1e9e96dbd,https://urban.org/urban-wire/five-reasons-mass-incarceration-queer-issue,2026-09-29T19:29:25.304493+00:00,urban.org,False,downloaded,403.0,https://www.urban.org/urban-wire/five-reasons-mass-incarceration-queer-issue,5864.0,not_extracted,0,0,,,,,,,,,,
77104fe421bc68a94cc4,https://ppic.org/publication/racial-disparities-in-law-enforcement-stops,2026-09-29T19:29:28.463330+00:00,ppic.org,False,downloaded,403.0,https://ppic.org/publication/racial-disparities-in-law-enforcement-stops,5798.0,not_extracted,0,0,,,,,,,,,,
7730428225e788e469fa,https://pubmed.ncbi.nlm.nih.gov/42073842,2026-09-29T19:29:31.518656+00:00,nih.gov,True,downloaded,203.0,https://pubmed.ncbi.nlm.nih.gov/42073842/,5590.0,success,100,14,html,text/html; charset=utf-8,Cookies must be enabled,,,pubmed.ncbi.nlm.nih.gov,https://pubmed.ncbi.nlm.nih.gov/42073842/,,7730428225e788e469fa.txt,f193d0de906419650acf171625dbd67f88f297290893b5473e1d8365c03d4b59
77473644c04c4e36eda2,https://housingmatters.urban.org/research-summary/transgender-and-gender-nonconforming-people-experiencing-housing-insecurity-rely,2026-09-29T19:29:31.766572+00:00,urban.org,False,downloaded,403.0,https://housingmatters.urban.org/research-summary/transgender-and-gender-nonconforming-people-experiencing-housing-insecurity-rely,6111.0,not_extracted,0,0,,,,,,,,,,
77a1c370dedfeebeb4db,https://pmc.ncbi.nlm.nih.gov/articles/PMC9262041,2026-09-29T19:29:32.292912+00:00,nih.gov,True,downloaded,200.0,https://pmc.ncbi.nlm.nih.gov/articles/PMC9262041,21368.0,success,131,18,html,,Checking your browser,,2026-09-11,google.com,https://www.google.com/recaptcha/challengepage,,77a1c370dedfeebeb4db.txt,a29166d0eaaa418bd5af61a282f1183a46c84c4d5e4c90689b1b452d230d05cc
77ce4b3f85ade59eea84,https://hispanicresearchcenter.org/research-resources/state-tanf-policies-practices-overview-administrative-burdens-latino-families,2026-09-29T19:29:35.505707+00:00,hispanicresearchcenter.org,True,downloaded,200.0,https://www.hispanicresearchcenter.org/research-resources/state-tanf-policies-practices-overview-administrative-burdens-latino-families/,324052.0,success,36493,5319,html,text/html; charset=UTF-8,"State TANF Policies and Practices, Administrative Burdens, and Latino Families - Hispanic Research Center",Authors,2025-05-07,Hispanic Research Center,https://www.hispanicresearchcenter.org/research-resources/state-tanf-policies-practices-overview-administrative-burdens-latino-families/,,77ce4b3f85ade59eea84.txt,14d3fb55c4c172a03701a6eb14a7ca193444bac495e78902af712072a1118626
78565ed65f3d04ed104f,https://journals.sagepub.com/doi/10.1177/14705958231180044,2026-09-29T19:29:37.920664+00:00,sagepub.com,False,downloaded,403.0,https://journals.sagepub.com/doi/10.1177/14705958231180044,5783.0,not_extracted,0,0,,,,,,,,,,
7875af1e27f3b33c6e41,https://opportunityinsights.org/wp-content/uploads/2025/07/CreditAccess_Nontech.pdf,2026-09-29T19:29:37.978445+00:00,opportunityinsights.org,True,downloaded,200.0,https://opportunityinsights.org/wp-content/uploads/2025/07/CreditAccess_Nontech.pdf,1817628.0,success,18708,2863,pdf,application/pdf,,,,,,,7875af1e27f3b33c6e41.txt,aee71bb01b27191a3652b2f15391049bf12066af86822f29e766a4b12942f44f
78941e7dbbb7ec62de45,https://equalityhumanrights.com/our-work/our-research/our-research-workplace-harassment,2026-09-29T19:29:39.918513+00:00,equalityhumanrights.com,False,downloaded,403.0,https://www.equalityhumanrights.com/our-work/our-research/our-research-workplace-harassment,5881.0,not_extracted,0,0,,,,,,,,,,
78a455188f30e64ca05f,https://nationaldisabilityinstitute.org/wp-content/uploads/2018/12/access-credit-brief.pdf,2026-09-29T19:29:42.824687+00:00,nationaldisabilityinstitute.org,True,downloaded,200.0,https://nationaldisabilityinstitute.org/wp-content/uploads/2018/12/access-credit-brief.pdf,196439.0,success,19762,2868,pdf,application/pdf,,,,,,,78a455188f30e64ca05f.txt,0bc2ae9fdfe20fd397cb385e8bf300fb56f02bb524637d2019026b3decaec40c
78d086521ed6af3cc131,https://disabilityadvice.org/ssdi/approval-process/approval-by-age,2026-09-29T19:29:43.153272+00:00,disabilityadvice.org,True,downloaded,200.0,https://disabilityadvice.org/ssdi/approval-process/approval-by-age/,712798.0,success,8507,1369,html,text/html; charset=UTF-8,SSDI Approval Rates by Age (2025 Update) - Disability Advice,,2025-10-06,Disability Advice,https://disabilityadvice.org/ssdi/approval-process/approval-by-age/,,78d086521ed6af3cc131.txt,5046e3121d1e7f84765ba26eaba16f8208385e2d405934a4227c0670deb386a0
78da4c957178f01a7bc7,https://youtube.com/watch?v=93TA06gnhdg,2026-09-29T19:29:47.105818+00:00,youtube.com,True,downloaded,200.0,https://www.youtube.com/watch?v=93TA06gnhdg,1267053.0,success,146,23,html,text/html; charset=utf-8,Why police still lack training to effectively respond to people with disabilities,,2025-03-17,YouTube,https://www.youtube.com/watch?v=93TA06gnhdg,,78da4c957178f01a7bc7.txt,8dbba17988e385133ba8f51d76cde1fc2c859262b666cb848e9cfe2478fd5e71
79449cc23749d1c53e3d,https://endhomelessness.org/systemic-racism-and-marginalization,2026-09-29T19:29:48.882517+00:00,endhomelessness.org,True,downloaded,200.0,https://endhomelessness.org/systemic-racism-and-marginalization,357171.0,success,2395,331,html,text/html; charset=UTF-8,What Causes Homelessness: Systemic racism and marginalization,,2026-07-16,National Alliance to End Homelessness,https://endhomelessness.org/systemic-racism-and-marginalization/,,79449cc23749d1c53e3d.txt,b20ef36db9e4d701651235e65258b8ca6cd65e3bd8b83450980ae882c0d06ccf
795f91be19122f887443,https://aaidd.org/news-policy/policy/position-statements-2/criminal-justice,2026-09-29T19:29:49.327402+00:00,aaidd.org,True,downloaded,200.0,https://aaidd.org/news-policy/policy/position-statements-2/criminal-justice,54325.0,success,10524,1515,html,text/html; charset=utf-8,Criminal Justice,,2014-02-19,AAIDD_CMS,https://aaidd.org/news-policy/policy/position-statements-2/criminal-justice,,795f91be19122f887443.txt,71d02babe055be091a339e32f81feef200bb275190294371dbf32d1e603f6c11
7975cb61ab0e01dc5131,https://kba.co.ke/wp-content/uploads/2022/05/Working-Paper-24.pdf,2026-09-29T19:29:51.125283+00:00,kba.co.ke,True,downloaded,200.0,https://kba.co.ke/wp-content/uploads/2022/05/Working-Paper-24.pdf,624489.0,success,52943,8602,pdf,application/pdf,,,,,,,7975cb61ab0e01dc5131.txt,b5e0a5c3cd165a0ce94aea8b32804a06926e0b0dc5f3377cf4e6dec4b2a07117
79996a69fc1145d07c8e,https://digitalgovernmenthub.org/library/the-experience-of-administrative-burdens-in-snap-and-medicaid-new-evidence-from-a-nationally-representative-survey-of-low-wage-workers,2026-09-29T19:29:53.036410+00:00,digitalgovernmenthub.org,False,robots_disallowed,,,,not_extracted,0,0,,,,,,,,,,
799c2d1d5f1f72fddab3,https://reddit.com/r/IAmA/comments/4y7ml5/were_two_researchers_who_just_put_out_a_report_on,2026-09-29T19:29:53.036683+00:00,reddit.com,False,robots_disallowed,,,,not_extracted,0,0,,,,,,,,,,
79c8afbbc2089210d88b,https://pmc.ncbi.nlm.nih.gov/articles/PMC5044865,2026-09-29T19:29:56.180260+00:00,nih.gov,True,downloaded,200.0,https://pmc.ncbi.nlm.nih.gov/articles/PMC5044865,21367.0,success,131,18,html,,Checking your browser,,2026-09-11,google.com,https://www.google.com/recaptcha/challengepage,,79c8afbbc2089210d88b.txt,a29166d0eaaa418bd5af61a282f1183a46c84c4d5e4c90689b1b452d230d05cc
79da7b3815ca2fa9d6ce,https://link.springer.com/article/10.1186/s40594-025-00569-9,2026-09-29T19:29:56.406664+00:00,springer.com,False,robots_disallowed,,,,not_extracted,0,0,,,,,,,,,,
79fb5c662049e1c3df26,https://pfva.org/what-leads-to-homelessness-top-causes,2026-09-29T19:29:56.406971+00:00,pfva.org,True,downloaded,200.0,https://pfva.org/what-leads-to-homelessness-top-causes/,229873.0,success,6039,890,html,text/html; charset=UTF-8,What Leads to Homelessness? Understand the Top Causes,Dejan,2024-11-13,PathForward,https://pfva.org/what-leads-to-homelessness-top-causes/,,79fb5c662049e1c3df26.txt,b170493212cc50a7bfaca8f9225c70e709afcbab51b8a0248fe89de87a020b1c
7a0f9b1c68452d6adc29,https://google.com/url?cd=&opi=89978449&psig=AOvVaw27SfZnv7JZ6atpLCZEU4Q2&rct=j&sa=i&source=web&uoh=2&url=CAESagHrOzAViGKVxlXpWoh2KbhzZH_srQlNawHa8IB7xWxcX4KPqsvt7ZlK-GzhwifCbuRRbPPR2yHziJFmjUyCiWhhcBa9xmzFEtXfpZjy6djMyxXIOVQq0h6SErjPiqN8cvZGWKVIRf4-_iE&ust=1790738837649000&ved=2ahUKEwiTsdmT7JKXAxUkl2oFHSYNMuUQ1fkOegoIAggACAAINBAC,2026-09-29T19:29:58.921623+00:00,google.com,False,robots_disallowed,,,,not_extracted,0,0,,,,,,,,,,
7a53c957814caa0b14e6,https://academybank.com/article/banking-trends-and-the-us-latino-population,2026-09-29T19:29:58.921947+00:00,academybank.com,True,downloaded,200.0,https://www.academybank.com/article/banking-trends-and-the-us-latino-population,278076.0,success,5789,874,html,text/html; charset=utf-8,Banking Trends and the US Latino Population,Written by,2023-10-18,academybank.com,https://www.academybank.com/article/banking-trends-and-the-us-latino-population,,7a53c957814caa0b14e6.txt,a3dfd89da3e6e2af3b5c497106378e27910b46fd4bfefb8ba25f19c62f43b09e
7a800d272f1d22c267ef,https://nationalmortgageprofessional.com/news/racial-gaps-mortgage-denials-persist-despite-industry-progress,2026-09-29T19:30:00.896361+00:00,nationalmortgageprofessional.com,False,downloaded,403.0,https://nationalmortgageprofessional.com/news/racial-gaps-mortgage-denials-persist-despite-industry-progress,5909.0,not_extracted,0,0,,,,,,,,,,
7a898503a0141d0c7000,https://news.byu.edu/banks-offer-black-entrepreneurs-inferior-loans-even-when-they-are-better-qualified-than-peers,2026-09-29T19:30:04.459374+00:00,byu.edu,True,downloaded,200.0,https://news.byu.edu/banks-offer-black-entrepreneurs-inferior-loans-even-when-they-are-better-qualified-than-peers,119612.0,success,5716,865,html,text/html;charset=UTF-8,Banks offer Black entrepreneurs inferior loans even when they are better qualified than peers,Todd Hollingshead,2023-06-16,News,https://news.byu.edu/banks-offer-black-entrepreneurs-inferior-loans-even-when-they-are-better-qualified-than-peers,,7a898503a0141d0c7000.txt,cf890a87b2a9437bc173c2e2c785b8f9282ebf04745a479e252dce75e6185b74
7a8bd4474918da996d77,https://tandfonline.com/doi/full/10.1080/13803611.2016.1256222,2026-09-29T19:30:05.894249+00:00,tandfonline.com,False,downloaded,403.0,https://tandfonline.com/doi/full/10.1080/13803611.2016.1256222,5826.0,not_extracted,0,0,,,,,,,,,,
7a9b5bb2b2c223639a94,https://sciencedirect.com/science/article/pii/S2214635025000620,2026-09-29T19:30:06.197321+00:00,sciencedirect.com,False,downloaded,403.0,https://www.sciencedirect.com/science/article/pii/S2214635025000620,1207935.0,not_extracted,0,0,,,,,,,,,,
7aa1980ab5444f126c85,https://unitedwaynca.org/blog/racial-inequality-in-education,2026-09-29T19:30:08.705682+00:00,unitedwaynca.org,True,downloaded,200.0,https://unitedwaynca.org/blog/racial-inequality-in-education/,170857.0,success,18939,2641,html,text/html; charset=UTF-8,Understanding Racial Inequality in Education: Challenges and Solutions,United Way NCA,2026-03-16,United Way of the National Capital Area,https://unitedwaynca.org/blog/racial-inequality-in-education/,,7aa1980ab5444f126c85.txt,53f2975d5b4b30f92cee6b81b725bba0fbcceea69e7e094ed3058703a10eac45
7ab6e7b00352c3ff8726,https://emerald.com/books/edited-volume/21168/chapter-abstract/109220791/Bullying-and-Harassment-in-Academic-Life?redirectedFrom=fulltext,2026-09-29T19:30:09.245040+00:00,emerald.com,False,downloaded,403.0,https://www.emerald.com/books/edited-volume/21168/chapter-abstract/109220791/Bullying-and-Harassment-in-Academic-Life?redirectedFrom=fulltext,6092.0,not_extracted,0,0,,,,,,,,,,
7acb0dc72ed57b557ac3,https://link.springer.com/article/10.1007/s10612-025-09828-1,2026-09-29T19:30:12.457804+00:00,springer.com,False,robots_disallowed,,,,not_extracted,0,0,,,,,,,,,,
7b31d110d7e9e52f7937,https://pmc.ncbi.nlm.nih.gov/articles/PMC10323066,2026-09-29T19:30:12.458092+00:00,nih.gov,True,downloaded,200.0,https://pmc.ncbi.nlm.nih.gov/articles/PMC10323066/,201089.0,success,44904,7074,html,,History of Incarceration is Associated with Unmet Socioeconomic Needs and Structural Discrimination among Young Black Sexual Minority Men (SMM) in the United States,Adedotun Ogunbajo; Daniel Siconolfi; Erik Storholm; Wilson Vincent; Lance Pollack; Greg Rebchook; Judy Tan; David Huebner; Susan Kegeles,2023-05-19,Journal of Urban Health : Bulletin of the New York Academy of Medicine,https://pmc.ncbi.nlm.nih.gov/articles/PMC10323066/,,7b31d110d7e9e52f7937.txt,82a9c750023b74d15bc94a607ce33e9a17d7ae1771565d359bcaab2691411a24
7b32c7d7ea8dc1b3a5d6,https://ncbi.nlm.nih.gov/books/NBK223643,2026-09-29T19:30:12.613888+00:00,nih.gov,True,downloaded,200.0,https://www.ncbi.nlm.nih.gov/books/NBK223643/,88989.0,success,41894,6461,html,text/html; charset=UTF-8,Why Health Insurance Matters,Username,2001-01-01,National Academies Press (US),https://www.ncbi.nlm.nih.gov/books/NBK223643/,,7b32c7d7ea8dc1b3a5d6.txt,1340cc87654948f8269b26a5908498dc6031439c0a298bfae4f00bed2b17fd3c
7b5cde8fca663e2c5c6f,https://ebsco.com/research-starters/politics-and-government/employment-among-african-americans,2026-09-29T19:30:12.860096+00:00,ebsco.com,True,downloaded,200.0,https://www.ebsco.com/research-starters/politics-and-government/employment-among-african-americans,138964.0,success,24681,3470,html,text/html,Employment among African Americans | Politics and Government | Research Starters | EBSCOhost,,2022-05-01,EBSCO,https://www.ebsco.com/,,7b5cde8fca663e2c5c6f.txt,ab3094cc29c8d32476101707d898d24bcd24ebc3e70a43e8a073502984273b7b
7b6af59c95d8bfc70b31,https://pmc.ncbi.nlm.nih.gov/articles/PMC6661108,2026-09-29T19:30:13.111908+00:00,nih.gov,True,downloaded,200.0,https://pmc.ncbi.nlm.nih.gov/articles/PMC6661108,21365.0,success,131,18,html,,Checking your browser,,2026-09-11,google.com,https://www.google.com/recaptcha/challengepage,,7b6af59c95d8bfc70b31.txt,a29166d0eaaa418bd5af61a282f1183a46c84c4d5e4c90689b1b452d230d05cc
7b79548a363fff99a19e,https://kff.org/racial-equity-and-health-policy/health-coverage-by-race-and-ethnicity,2026-09-29T19:30:13.320618+00:00,kff.org,True,downloaded,200.0,https://www.kff.org/racial-equity-and-health-policy/health-coverage-by-race-and-ethnicity/,155102.0,success,14624,2258,html,text/html; charset=UTF-8,"Health Coverage by Race and Ethnicity, 2010-2024 | KFF",Latoya Hill; Samantha Artiga; Anthony Damico,2026-05-04,"KFF - The independent source for health policy research, polling, and news",https://www.kff.org/racial-equity-and-health-policy/health-coverage-by-race-and-ethnicity/,,7b79548a363fff99a19e.txt,a6328619e71c628c12520201ac5f233d431eadb6011f9b68dbd383e7077367fe
7ba1fe47715048da0d55,https://prismreports.org/2021/08/17/food-stamp-benefits-are-increasing-heres-what-that-means-for-the-women-who-use-the-program,2026-09-29T19:30:17.116852+00:00,prismreports.org,True,downloaded,200.0,https://prismreports.org/2021/08/17/food-stamp-benefits-are-increasing-heres-what-that-means-for-the-women-who-use-the-program/,161446.0,success,6096,978,html,text/html; charset=UTF-8,Food stamp benefits are increasing. Here’s what that means for the women who use the program,Ray Levy Uyeda,2021-08-17,Prism,https://prismreports.org/2021/08/17/food-stamp-benefits-are-increasing-heres-what-that-means-for-the-women-who-use-the-program/,,7ba1fe47715048da0d55.txt,9b59d4fbe9cf6c9a1344a1c661f86da72afbe58d6e126bee315607721318a8af
7c000080c7942f46d309,https://iadb.org/en/blog/urban-development-and-housing/three-factors-barring-women-accessing-housing-credit,2026-09-29T19:30:19.828243+00:00,iadb.org,False,downloaded,403.0,https://www.iadb.org/en/blog/urban-development-and-housing/three-factors-barring-women-accessing-housing-credit,5865.0,not_extracted,0,0,,,,,,,,,,
7c031c25bd392fe6a11f,https://stateline.org/2019/03/29/a-pileup-of-inequities-why-people-of-color-are-hit-hardest-by-homelessness,2026-09-29T19:30:19.925837+00:00,stateline.org,False,downloaded,403.0,https://stateline.org/2019/03/29/a-pileup-of-inequities-why-people-of-color-are-hit-hardest-by-homelessness,5936.0,not_extracted,0,0,,,,,,,,,,
7c1d9a3341e5da85367f,https://kitchenerexecutive.com/5-factors-that-impact-successful-recruitment-and-hiring,2026-09-29T19:30:20.825734+00:00,kitchenerexecutive.com,True,downloaded,200.0,https://kitchenerexecutive.com/5-factors-that-impact-successful-recruitment-and-hiring/,74426.0,success,3469,569,html,text/html; charset=UTF-8,5 Factors That Impact Successful Recruitment and Hiring - Kitchener Executive Consultants,Lunarstorm,2022-06-10,Kitchener Executive Consultants,https://kitchenerexecutive.com/5-factors-that-impact-successful-recruitment-and-hiring/,,7c1d9a3341e5da85367f.txt,fe3fe201cd3b90b32362e61c38e1134514e10ff997179b374a7316cd981fd8f2
7c29e71c8eff0a4dc6ef,https://naacpldf.org/case-issue/college-admissions-and-equity-research-brief,2026-09-29T19:30:23.501300+00:00,naacpldf.org,True,downloaded,200.0,https://www.naacpldf.org/case-issue/college-admissions-and-equity-research-brief,173185.0,success,5095,766,html,text/html; charset=UTF-8,How to Make College Admissions Fairer: Research Brief,,2026-05-15,Legal Defense Fund,https://www.naacpldf.org/case-issue/college-admissions-and-equity-research-brief/,,7c29e71c8eff0a4dc6ef.txt,35cc370b641ecded653b279f94b5e2d42e5f2b33b6429cf6dd989d2b241d4c1a
7c422a7456f54535b16b,https://tandfonline.com/doi/full/10.1080/26895269.2026.2656940,2026-09-29T19:30:24.247651+00:00,tandfonline.com,False,downloaded,403.0,https://tandfonline.com/doi/full/10.1080/26895269.2026.2656940,5826.0,not_extracted,0,0,,,,,,,,,,
7c5be236a2eb3e430575,https://google.com/url?cd=&opi=89978449&psig=AOvVaw3RhAirNaICPP36VFmpNQJJ&rct=j&sa=i&source=web&uoh=2&url=CAESigEB6zswFQ2rKDlyG0sA3smHLmemRsvPa0Ms7XbxbSD81zmtks1RHiJGbuRKZ92PE5-VH-9AIjAvGxn3lZPVduBfwKCiOFA5fIAOWyJNKRtGusfQyn_KQ411F3el-xTaaN0V_1MzSx4v1QROzIogIKxMRtCvhFvW_IFxSnr7pHIphfKp5J77MhA1_00&ust=1790739105852000&ved=2ahUKEwiPlMuT7ZKXAxUmmSYFHT4YI4oQ1fkOegoIAggACAAIWxAY,2026-09-29T19:30:26.361936+00:00,google.com,False,robots_disallowed,,,,not_extracted,0,0,,,,,,,,,,
7c7839d4f3657b77103d,https://hopkinsmedicine.org/health/expert-qa/transgender-health-what-you-need-to-know,2026-09-29T19:30:26.362247+00:00,hopkinsmedicine.org,False,downloaded,403.0,https://hopkinsmedicine.org/health/expert-qa/transgender-health-what-you-need-to-know,5494.0,not_extracted,0,0,,,,,,,,,,
7c89c2adfae318c12ee9,https://forbes.com/sites/michaeltnietzel/2026/02/04/five-things-the-new-data-about-race-conscious-college-admissions-tell-us,2026-09-29T19:30:26.972830+00:00,forbes.com,False,downloaded,403.0,https://forbes.com/sites/michaeltnietzel/2026/02/04/five-things-the-new-data-about-race-conscious-college-admissions-tell-us,773.0,not_extracted,0,0,,,,,,,,,,
7cc6dc80d3091756c91d,https://gao.gov/blog/racial-disparities-education-and-role-government,2026-09-29T19:30:27.062852+00:00,gao.gov,True,downloaded,200.0,https://www.gao.gov/blog/racial-disparities-education-and-role-government,62052.0,success,6121,948,html,text/html; charset=UTF-8,Racial Disparities in Education and the Role of Government,U S Government Accountability Office,2020-06-29,U.S. Government Accountability Office (U.S. GAO),https://www.gao.gov/blog/racial-disparities-education-and-role-government,,7cc6dc80d3091756c91d.txt,b4c7da8712b93f090a43ba82b8e36f135d56ba2ceff49403cbecb3f3fa78277b
7d0336f2cf565ea6cc18,https://journals.plos.org/plosone/article/file?id=10.1371%2Fjournal.pone.0220558&type=printable,2026-09-29T19:30:27.290161+00:00,plos.org,True,downloaded,200.0,https://journals.plos.org/plosone/article/file?id=10.1371%2Fjournal.pone.0220558&type=printable,366837.0,success,33984,5046,pdf,application/pdf,,,,,,,7d0336f2cf565ea6cc18.txt,94707c73a802a41e62c0009510cebd13d870813814e16ca1e503a0d099bc88db
7d4ba1cb12884e5eaa48,https://rjwave.org/jaafr/papers/JAAFR2606532.pdf,2026-09-29T19:30:28.737750+00:00,rjwave.org,True,downloaded,200.0,https://rjwave.org/jaafr/papers/JAAFR2606532.pdf,569251.0,success,27924,3736,pdf,application/pdf,,,,,,,7d4ba1cb12884e5eaa48.txt,4a028b24eaa9875c04a8af2f56b99a02c802fd13a9f4603c7c4386070227d902
7dadd6508fd6537c5b31,https://sciencedirect.com/science/article/abs/pii/S0190740924002147,2026-09-29T19:30:30.831892+00:00,sciencedirect.com,False,downloaded,403.0,https://www.sciencedirect.com/science/article/abs/pii/S0190740924002147,1207947.0,not_extracted,0,0,,,,,,,,,,
7db7f063d6eb3c15307e,https://nclc.org/wp-content/uploads/2016/05/20240227_Issue-Brief_Past-Imperfect.pdf,2026-09-29T19:30:31.697413+00:00,nclc.org,True,downloaded,200.0,https://www.nclc.org/wp-content/uploads/2016/05/20240227_Issue-Brief_Past-Imperfect.pdf,413798.0,success,22566,3466,pdf,application/pdf,,,,,,,7db7f063d6eb3c15307e.txt,2791c0baf5a1c5b56f4d7f7b32ada6b8b36a5ad1b4206dba62b7f3d9b4cdf8e8
7e1203e03f1f497dc8b6,https://facebook.com/weareunidosus/posts/31-of-latinos-reported-experiencing-discrimination-at-some-point-when-looking-fo/10155192628286247,2026-09-29T19:30:32.510253+00:00,facebook.com,False,robots_disallowed,,,,not_extracted,0,0,,,,,,,,,,
7e3eefbeafe8cafd5449,https://tandfonline.com/doi/pdf/10.1080/10428232.2017.1399034,2026-09-29T19:30:32.510496+00:00,tandfonline.com,False,downloaded,403.0,https://tandfonline.com/doi/pdf/10.1080/10428232.2017.1399034,5823.0,not_extracted,0,0,,,,,,,,,,
7e70d3a420d39c0e9016,https://researchgate.net/publication/388827138_The_Dynamics_of_Bullying_in_Schools_Causes_Impacts_and_Prevention_Strategies,2026-09-29T19:30:34.093983+00:00,researchgate.net,False,downloaded,403.0,https://www.researchgate.net/publication/388827138_The_Dynamics_of_Bullying_in_Schools_Causes_Impacts_and_Prevention_Strategies,21138.0,not_extracted,0,0,,,,,,,,,,
7e722fa2ef1c5d576fba,http://scielo.org.za/scielo.php?pid=S1991-38772019000200003&script=sci_arttext,2026-09-29T19:30:35.557707+00:00,scielo.org.za,False,exception,,,,failed,0,0,,,,,,,,,,
7ebd1494e6f04b09c632,https://advocacy.sba.gov/wp-content/uploads/2019/04/Financing_Patterns_and_Credit_Market_Experiences_report.pdf,2026-09-29T19:30:38.510793+00:00,sba.gov,False,downloaded,403.0,https://advocacy.sba.gov/wp-content/uploads/2019/04/Financing_Patterns_and_Credit_Market_Experiences_report.pdf,919.0,not_extracted,0,0,,,,,,,,,,
7efe1f2894edfcb54bc2,https://nacdd.org/criminal-legal-system,2026-09-29T19:30:39.044159+00:00,nacdd.org,True,downloaded,200.0,https://nacdd.org/criminal-legal-system/,92211.0,success,1408,200,html,text/html; charset=UTF-8,Criminal Legal System,,2022-10-01,NACDD,https://nacdd.org/criminal-legal-system/,,7efe1f2894edfcb54bc2.txt,29622df0321706aa0f26cde548bf3716c9522a5d9ccd4328c0338593d935c6a6
7f08035522acd10d0919,https://cls.soceco.uci.edu/news/new-report-sheds-light-latinos-us-criminal-justice-system,2026-09-29T19:30:40.236286+00:00,uci.edu,True,downloaded,200.0,https://cls.soceco.uci.edu/news/new-report-sheds-light-latinos-us-criminal-justice-system,39008.0,success,6543,975,html,text/html; charset=UTF-8,New report sheds light on Latinos in U.S. criminal justice system,,2023-03-08,New report sheds light on Latinos in U.S. criminal justice system,https://cls.soceco.uci.edu/news/new-report-sheds-light-latinos-us-criminal-justice-system,,7f08035522acd10d0919.txt,aede664d10acc29efc9a843395b5076f7da9d48a9ebe9952b3630a8d43979723
7f16464421be81c16123,https://sentencingproject.org/fact-sheet/incarcerated-women-and-girls,2026-09-29T19:30:40.474831+00:00,sentencingproject.org,True,downloaded,200.0,https://www.sentencingproject.org/fact-sheet/incarcerated-women-and-girls/,105647.0,success,11435,1781,html,,Incarcerated Women and Girls – The Sentencing Project,Kristen M Budd; Ph D; Dinesh Napal; Joshua Rovner,2025-12-04,The Sentencing Project,https://www.sentencingproject.org/fact-sheet/incarcerated-women-and-girls/,,7f16464421be81c16123.txt,b832b49b693216b92d44ce3327b549cb5c352e62a14b2e3ade7dee2f1785a4c3
7f1f54904d34251b89de,https://everycrsreport.com/reports/R45979.html,2026-09-29T19:30:42.065757+00:00,everycrsreport.com,False,exception,,,,failed,0,0,,,,,,,,,,
7f2addd648e20c608504,https://chicagobooth.edu/review/racial-bias-hiring,2026-09-29T19:30:44.215393+00:00,chicagobooth.edu,True,downloaded,200.0,https://www.chicagobooth.edu/review/racial-bias-hiring,69218.0,success,9660,1467,html,text/html; charset=utf-8,From 2003: Racial Bias in Hiring,,2003-03-01,The University of Chicago Booth School of Business,https://www.chicagobooth.edu/review/racial-bias-hiring,,7f2addd648e20c608504.txt,4385a6f8434ca47753071f1550f3bc013fe7ab0345ff00d7f5984f4b93ea692a
7f42b47d3a1490c5e12d,https://experian.com/blogs/ask-experian/ways-financial-planning-is-different-for-lgbtq-community,2026-09-29T19:30:46.760836+00:00,experian.com,True,downloaded,200.0,https://www.experian.com/blogs/ask-experian/ways-financial-planning-is-different-for-lgbtq-community,223994.0,success,8309,1288,html,text/html,5 Ways Financial Planning Is Different for LGBTQ+ Community - Experian,Emily Starbuck Gerson,2025-05-29,Experian,https://www.experian.com/blogs/ask-experian/ways-financial-planning-is-different-for-lgbtq-community/,,7f42b47d3a1490c5e12d.txt,11e4001ecbfc312b40334acb764330bf31aba34c43186c0d8ad5edf7e9fb9eb2
7fe698313a06f31bc42f,https://linkedin.com/blog/member/career/dismantling-barriers-to-career-advancement-for-latinos,2026-09-29T19:30:48.991285+00:00,linkedin.com,False,robots_disallowed,,,,not_extracted,0,0,,,,,,,,,,
801a28453709aa103c6f,https://emerald.com/ijm/article/39/4/581/148816/What-drives-hiring-discrimination-against,2026-09-29T19:30:48.991553+00:00,emerald.com,False,downloaded,403.0,https://www.emerald.com/ijm/article/39/4/581/148816/What-drives-hiring-discrimination-against,5869.0,not_extracted,0,0,,,,,,,,,,
802ed60fe784875743bf,https://prisonpolicy.org/blog/2024/06/04/lgbt_incarceration,2026-09-29T19:30:52.110716+00:00,prisonpolicy.org,True,downloaded,200.0,https://www.prisonpolicy.org/blog/2024/06/04/lgbt_incarceration/,44188.0,success,3020,498,html,text/html; charset=UTF-8,6 facts about the mass incarceration of LGBTQ+ people,Wanda Bertram,2024-06-04,PrisonPolicy,https://www.prisonpolicy.org/blog/2024/06/04/lgbt_incarceration/,,802ed60fe784875743bf.txt,2641686fa3e20c9d8f84f888459e5829b43c2a47003dc9bc860ec6ea1d081476
808b9ef2926ce9d0c9d9,https://avp.org/wp-content/uploads/2017/04/FORGE_Trans_People_Police_Incarceration_Facts.pdf,2026-09-29T19:30:55.986673+00:00,avp.org,True,downloaded,200.0,https://avp.org/wp-content/uploads/2017/04/FORGE_Trans_People_Police_Incarceration_Facts.pdf,137329.0,success,2826,420,pdf,application/pdf,,,,,,,808b9ef2926ce9d0c9d9.txt,4f4ee3fa2864dfbbadbc31e96103a2bdba910362dcb03b2b284614a3d97a9106
80bcc2329d8ddad43371,https://unitedwayla.org/news/housing-inequality-within-the-lgbtq-community,2026-09-29T19:30:56.683698+00:00,unitedwayla.org,True,downloaded,200.0,https://unitedwayla.org/news/housing-inequality-within-the-lgbtq-community/,88518.0,success,9884,1551,html,text/html; charset=UTF-8,Housing Inequality Within the LGBTQ+ Community - United Way L.A.,,2024-06-13,United Way L.A.,https://unitedwayla.org/news/housing-inequality-within-the-lgbtq-community/,,80bcc2329d8ddad43371.txt,a6a335b275f1dacab8ee2b884d702e872d514a2ed421fe6265128a758aa00d0d
80ef5546326880e40115,https://pmc.ncbi.nlm.nih.gov/articles/PMC9322545,2026-09-29T19:30:58.868993+00:00,nih.gov,True,downloaded,200.0,https://pmc.ncbi.nlm.nih.gov/articles/PMC9322545/,245227.0,success,66949,10252,html,,Men's help‐seeking and engagement with general practice: An integrative review,Ruth Mursa; Christopher Patterson; Elizabeth Halcomb,2022-04-05,Journal of Advanced Nursing,https://pmc.ncbi.nlm.nih.gov/articles/PMC9322545/,,80ef5546326880e40115.txt,e72ccdb8e4f0584222f575b3e3eba142c4af0957d51a0a42002926b640bf55aa
80fd3130802ea248e5d6,https://ssa.gov/policy/docs/ssb/v85n3/v85n3p1.html,2026-09-29T19:30:59.292065+00:00,ssa.gov,False,exception,,,,failed,0,0,,,,,,,,,,
8112c616c93f4f6dc264,https://safetyandjusticechallenge.org/blog/what-is-behind-the-overrepresentation-of-people-who-identify-as-lgbtq-in-the-criminal-legal-system,2026-09-29T19:31:02.689611+00:00,safetyandjusticechallenge.org,True,downloaded,200.0,https://safetyandjusticechallenge.org/blog/what-is-behind-the-overrepresentation-of-people-who-identify-as-lgbtq-in-the-criminal-legal-system/,84346.0,success,7181,1029,html,text/html; charset=UTF-8,What Is Behind the Overrepresentation of People Who Identify as LGBTQ+ in the Criminal Legal System? - Safety and Justice Challenge,Matt Davis,2022-06-24,Safety and Justice Challenge,https://safetyandjusticechallenge.org/blog/what-is-behind-the-overrepresentation-of-people-who-identify-as-lgbtq-in-the-criminal-legal-system/,,8112c616c93f4f6dc264.txt,9f0d0516e8775ca80974d0669995350b40ee4be472d9602ff25790ac219a70b7
813c84f4e7b347889fb1,https://cbpp.org/research/social-security/low-income-disabled-youth-face-significant-challenges-upon-coming-of-age,2026-09-29T19:31:05.977525+00:00,cbpp.org,False,downloaded,403.0,https://cbpp.org/research/social-security/low-income-disabled-youth-face-significant-challenges-upon-coming-of-age,6158.0,not_extracted,0,0,,,,,,,,,,
814e557477de103207ba,https://cbpp.org/blog/reducing-administrative-burdens-in-medicaid-is-critical-to-achieving-health-and-racial-equity,2026-09-29T19:31:06.043064+00:00,cbpp.org,False,downloaded,403.0,https://cbpp.org/blog/reducing-administrative-burdens-in-medicaid-is-critical-to-achieving-health-and-racial-equity,6158.0,not_extracted,0,0,,,,,,,,,,
818a3e772d18cde98eee,https://chrt.org/publication/housing-crisis-magnified,2026-09-29T19:31:06.500548+00:00,chrt.org,False,downloaded,403.0,https://chrt.org/publication/housing-crisis-magnified,5741.0,not_extracted,0,0,,,,,,,,,,
81c45a2071f504a2211a,https://iiste.org/Journals/index.php/EJBM/article/download/41460/42683,2026-09-29T19:31:07.252238+00:00,iiste.org,True,downloaded,200.0,https://iiste.org/Journals/index.php/EJBM/article/download/41460/42683,195834.0,success,31446,4608,pdf,application/pdf,,,,,,,81c45a2071f504a2211a.txt,337157f61d66bfc5173e2969487a4beacba6d3ab712e67881215f0a47c73ccd3
81d202d702686e821737,https://nacdl.org/Content/Race-and-Sentencing,2026-09-29T19:31:09.636416+00:00,nacdl.org,True,downloaded,200.0,https://www.nacdl.org/Content/Race-and-Sentencing,288909.0,success,5817,860,html,text/html; charset=utf-8,NACDL - Race and Sentencing,,2022-11-23,NACDL - National Association of Criminal Defense Lawyers,https://www.nacdl.org/Content/Race-and-Sentencing,,81d202d702686e821737.txt,d0e7ab04c20a16cb28777452604941dc6cbb327774a23914a76c08f87ac17208
8244413aea585fd0ee5d,https://educationsupport.org.uk/resources/for-individuals/guides/bullying-and-harassment,2026-09-29T19:31:11.333704+00:00,educationsupport.org.uk,True,downloaded,200.0,https://www.educationsupport.org.uk/resources/for-individuals/guides/bullying-and-harassment/,677925.0,success,14738,2364,html,text/html; charset=utf-8,Bullying and harassment of teachers and education staff,,2026-01-01,educationsupport.org.uk,https://www.educationsupport.org.uk/resources/for-individuals/guides/bullying-and-harassment/,,8244413aea585fd0ee5d.txt,9698ed1db698f9dfad44c8ab5bc05ab77f0d01bfb8a74d705a23a6935c0c38c7
826fc47a2f5f25b8bee3,https://pewresearch.org/fact-sheet/topic-affirmative-action-in-college-admissions,2026-09-29T19:31:12.618741+00:00,pewresearch.org,True,downloaded,200.0,https://www.pewresearch.org/fact-sheet/topic-affirmative-action-in-college-admissions/,372057.0,success,3299,530,html,text/html; charset=UTF-8,Topic: Affirmative action in college admissions,Peter Bell,2024-12-20,Pew Research Center,https://www.pewresearch.org/fact-sheet/topic-affirmative-action-in-college-admissions/,,826fc47a2f5f25b8bee3.txt,eabf640f0fe66b5606628df633791771d0d372d375184acf5f52a43f854b145c
82820c38fe1ee764d716,https://ed.gov/media/document/factsheet-supporting-transgender-youth-school-june-2021-112270.pdf,2026-09-29T19:31:17.833040+00:00,ed.gov,False,downloaded,403.0,https://www.ed.gov/media/document/factsheet-supporting-transgender-youth-school-june-2021-112270.pdf,11738.0,not_extracted,0,0,,,,,,,,,,
82d0156a8592e50ebf9b,https://19thnews.org/2023/04/lgbtq-finances-bills-economic-insecurity,2026-09-29T19:31:17.966277+00:00,19thnews.org,True,downloaded,200.0,https://19thnews.org/2023/04/lgbtq-finances-bills-economic-insecurity/,143058.0,success,6462,1003,html,text/html; charset=UTF-8,"Many LGBTQ+ Americans are unable to pay bills, keep savings or hold bank accounts, survey shows",Orion Rummler,2023-04-07,19Th News,https://19thnews.org/2023/04/lgbtq-finances-bills-economic-insecurity/,,82d0156a8592e50ebf9b.txt,9f422265e5183eeabe31761c771d13d35c155346ea7111a408a04726127e92f9
82ed2c3257a4974f88ec,https://latinopolicyforum.org/housing,2026-09-29T19:31:20.384897+00:00,latinopolicyforum.org,False,downloaded,403.0,https://latinopolicyforum.org/housing,5646.0,not_extracted,0,0,,,,,,,,,,
82ff31bfeb455e00be26,https://brookings.edu/articles/latinos-and-the-future-of-finance-why-we-need-to-examine-the-motivations-and-effects-of-latinos-fintech-adoption,2026-09-29T19:31:20.967389+00:00,brookings.edu,True,downloaded,200.0,https://www.brookings.edu/articles/latinos-and-the-future-of-finance-why-we-need-to-examine-the-motivations-and-effects-of-latinos-fintech-adoption/,228747.0,success,20438,2995,html,text/html; charset=UTF-8,Latinos and the future of finance: Why we need to examine the motivations and effects of Latinos’ fintech adoption | Brookings,Phillip Levine,2023-09-18,Brookings,https://www.brookings.edu/articles/latinos-and-the-future-of-finance-why-we-need-to-examine-the-motivations-and-effects-of-latinos-fintech-adoption/,,82ff31bfeb455e00be26.txt,23c7d4ec173a3325ba8815d3aaa4deb9214ecbc63b9ecbdce1591d703441942d
833d8196d72d4faa41e5,https://hispanicpro.com/profiles/blogs/latinos-on-the-rise-career-power-moves-in-2025,2026-09-29T19:31:25.750458+00:00,hispanicpro.com,True,downloaded,200.0,https://hispanicpro.com/profiles/blogs/latinos-on-the-rise-career-power-moves-in-2025,76294.0,success,4162,552,html,text/html; charset=UTF-8,Latinos on the Rise: Career Power Moves in 2025,HispanicPro,2025-06-09,HispanicPro Network,https://hispanicpro.com/profiles/blogs/latinos-on-the-rise-career-power-moves-in-2025,,833d8196d72d4faa41e5.txt,6bd082581de582f71be76105a176c0311a9aa0dd023cc81d0442d4ce63ecfc0d
838799bc00522a04fbec,https://naacp.org/resources/racial-disparities-medicaid-reenrollment,2026-09-29T19:31:27.755620+00:00,naacp.org,True,downloaded,200.0,https://naacp.org/resources/racial-disparities-medicaid-reenrollment,132376.0,success,3583,482,html,,Racial Disparities in Medicaid Reenrollment,,2025-10-18,NAACP,https://naacp.org/resources/racial-disparities-medicaid-reenrollment,,838799bc00522a04fbec.txt,32255793f6a701a3665219cfa62e724c48e40a628f063fb4c93084b225dc3108
83c8b5f3c1ebd9e92708,https://pmc.ncbi.nlm.nih.gov/articles/PMC10834057,2026-09-29T19:31:30.100191+00:00,nih.gov,True,downloaded,200.0,https://pmc.ncbi.nlm.nih.gov/articles/PMC10834057,21366.0,success,131,18,html,,Checking your browser,,2026-09-11,google.com,https://www.google.com/recaptcha/challengepage,,83c8b5f3c1ebd9e92708.txt,a29166d0eaaa418bd5af61a282f1183a46c84c4d5e4c90689b1b452d230d05cc
83d895937bb30578d610,https://endhomelessness.org/resources/toolkits-and-training-materials/how-providers-can-address-homelessness-among-gender-expansive-people,2026-09-29T19:31:31.710387+00:00,endhomelessness.org,True,downloaded,200.0,https://endhomelessness.org/resources/toolkits-and-training-materials/how-providers-can-address-homelessness-among-gender-expansive-people,341769.0,success,16601,2409,html,text/html; charset=UTF-8,How Providers Can Address Homelessness Among Gender-Expansive People,Daniel Soucy,2025-06-25,National Alliance to End Homelessness,https://endhomelessness.org/resources/toolkits-and-training-materials/how-providers-can-address-homelessness-among-gender-expansive-people/,,83d895937bb30578d610.txt,d2d1b03df574e4f4d98c4231d6108acff71bc6244611e02186896b7561a83461
83eb4980a1e130d9237c,https://cbpp.org/research/food-assistance/improving-snap-and-medicaid-access-snap-renewals,2026-09-29T19:31:33.330278+00:00,cbpp.org,False,downloaded,403.0,https://cbpp.org/research/food-assistance/improving-snap-and-medicaid-access-snap-renewals,6158.0,not_extracted,0,0,,,,,,,,,,
84649595cce690332b02,https://opportunityhome.org/resources/gender-equity-housing,2026-09-29T19:31:33.388381+00:00,opportunityhome.org,False,downloaded,404.0,https://opportunityhome.org/resources/gender-equity-housing,10.0,not_extracted,0,0,,,,,,,,,,
8480eba5c175f89f99f2,https://researchgate.net/publication/325297956_Predictors_of_Housing_Instability_in_Women_Who_Have_Experienced_Intimate_Partner_Violence,2026-09-29T19:31:35.987534+00:00,researchgate.net,False,downloaded,403.0,https://www.researchgate.net/publication/325297956_Predictors_of_Housing_Instability_in_Women_Who_Have_Experienced_Intimate_Partner_Violence,21138.0,not_extracted,0,0,,,,,,,,,,
84865dbf4a9641c5a2d7,https://rsisinternational.org/journals/ijrsi/digital-library/volume-11-issue-7/515-527.pdf,2026-09-29T19:31:39.091544+00:00,rsisinternational.org,True,downloaded,200.0,https://rsisinternational.org/journals/ijrsi/digital-library/volume-11-issue-7/515-527.pdf,312166.0,success,57150,8295,pdf,application/pdf,,,,,,,84865dbf4a9641c5a2d7.txt,f0f60db6a09a56f8c97482b6401db27217fe9f5c23745090fa4a8432d878f9af
84a1efdfceb4752f5813,https://workassist.in/blog/what-are-the-factors-that-affect-the-recruitment-process,2026-09-29T19:31:40.439691+00:00,workassist.in,True,downloaded,200.0,https://www.workassist.in/blog/what-are-the-factors-that-affect-the-recruitment-process,390780.0,success,2433,341,html,text/html; charset=utf-8,Why Are Top Companies Rejecting Good Candidates — 10 Recruitment Factors Nobody Tells You,Workassist,2025-05-20,Workassist,https://www.workassist.in/,,84a1efdfceb4752f5813.txt,eb6efce47046bec6b87bbd2ffdba051b8e66ddc03309c52ebcf49a3d08be3093
84b5f42e410aaa0a3300,https://uncf.org/pages/k-12-disparity-facts-and-stats,2026-09-29T19:31:40.512225+00:00,uncf.org,True,downloaded,200.0,https://uncf.org/pages/k-12-disparity-facts-and-stats,83988.0,success,4000,622,html,text/html; charset=UTF-8,Education Inequality: K-12 Disparity Facts - UNCF,,2025-07-22,United Negro College Fund,https://uncf.org/pages/k-12-disparity-facts-and-stats,,84b5f42e410aaa0a3300.txt,81073d6dc3a57a1bf6e1bc83f61aa5ccd998a887562171037849bfc72abdc5c9
84b8650227003ee0c2e3,https://fusionhousing.org/understanding-the-problem-of-homelessness,2026-09-29T19:31:44.527012+00:00,fusionhousing.org,True,downloaded,200.0,https://fusionhousing.org/understanding-the-problem-of-homelessness/,312173.0,success,9358,1288,html,text/html; charset=utf-8,Understanding the Problem of Homelessness | FUSION,Troy Teeples,2023-10-23,FUSION Federal Way,https://fusionhousing.org/understanding-the-problem-of-homelessness/,,84b8650227003ee0c2e3.txt,8cf3a019938c199733e04132a77cf8a96c1f17d511cf64c596f061ae88fa1035
85079b298b614bbf0cbb,https://newamerica.org/insights/financial-inclusion-and-access-within-the-latino-immigrant-community,2026-09-29T19:31:45.890289+00:00,newamerica.org,True,downloaded,200.0,https://www.newamerica.org/insights/financial-inclusion-and-access-within-the-latino-immigrant-community/,93211.0,success,8026,1143,html,text/html; charset=UTF-8,Financial Inclusion and Access within the Latino Immigrant Community,More About the Author Hannah Emple,2013-06-04,New America - Big Ideas and Bold Solutions,https://www.newamerica.org/insights/financial-inclusion-and-access-within-the-latino-immigrant-community/,,85079b298b614bbf0cbb.txt,a4b9a59041f77c0d78940243fff5be0cb99c85bae3ecc25ee5a9ed7117582632
851bc87eee27c74d0c3e,https://digitalcommons.odu.edu/sociology_criminaljustice_fac_pubs/59,2026-09-29T19:31:46.079238+00:00,odu.edu,True,downloaded,200.0,https://digitalcommons.odu.edu/sociology_criminaljustice_fac_pubs/59/,39108.0,success,2995,407,html,text/html; charset=UTF-8,Empirical Examination of Factors that Influence Official Decisions in Criminal Cases Against Police Officers,Francis D Boateng; Daniel K Pryce; Michael K Dzordzormenyoh; Ming-Li Hsieh; Alan Cuff,2024-04-02,ODU Digital Commons,https://digitalcommons.odu.edu/sociology_criminaljustice_fac_pubs/59,,851bc87eee27c74d0c3e.txt,ecbb65a8a909e70e243fa52e7e0afc89fb751d4ba447eb4c03c4ee777ddd7d36
8528f7fc73279817293b,https://cbpp.org/research/housing/addressing-the-housing-affordability-crisis-requires-increasing-housing-supply-and,2026-09-29T19:31:47.311113+00:00,cbpp.org,False,downloaded,403.0,https://cbpp.org/research/housing/addressing-the-housing-affordability-crisis-requires-increasing-housing-supply-and,6158.0,not_extracted,0,0,,,,,,,,,,
853c76519358a581bde7,https://pmc.ncbi.nlm.nih.gov/articles/PMC9617098,2026-09-29T19:31:50.550384+00:00,nih.gov,True,downloaded,200.0,https://pmc.ncbi.nlm.nih.gov/articles/PMC9617098/,243114.0,success,59706,9402,html,,Preventive care use among Hispanic adults with limited comfort speaking English: An analysis of the Medical Expenditure Panel Survey data,Ingrid J Hall; Sun Hee Rim; Sabitha Dasari,2022-04-07,Preventive medicine,https://pmc.ncbi.nlm.nih.gov/articles/PMC9617098/,,853c76519358a581bde7.txt,1f980101b6a70ecdda8c2281176ac72ebe337b1a5b395ca6c2e3e79b744475e6
8559426802b398d43afe,https://sadc.int/file/10032/download?token=Stf8zJtg,2026-09-29T19:31:50.896231+00:00,sadc.int,True,downloaded,200.0,https://sadc.int/file/10032/download?token=Stf8zJtg,860874.0,success,29905,4204,pdf,application/pdf,,,,,,,8559426802b398d43afe.txt,e76f8045ccc921cf9db3255c00123fff36439eb1e8a696a815bded77fef95002
855b1786e434f5d3c79f,https://youtube.com/watch?t=55s&v=0Y8nkKlxvzE,2026-09-29T19:31:51.047661+00:00,youtube.com,True,downloaded,200.0,https://www.youtube.com/watch?t=55s&v=0Y8nkKlxvzE,1235196.0,success,146,23,html,text/html; charset=utf-8,How anti-gay laws reach beyond criminal justice | Coffee break research at LSE,,2025-04-22,YouTube,https://www.youtube.com/watch?v=0Y8nkKlxvzE,,855b1786e434f5d3c79f.txt,8dbba17988e385133ba8f51d76cde1fc2c859262b666cb848e9cfe2478fd5e71
85a05533b7951f3fcf96,https://tcf.org/content/report/racism-inequality-health-care-african-americans,2026-09-29T19:31:51.821969+00:00,tcf.org,False,downloaded,403.0,https://tcf.org/content/report/racism-inequality-health-care-african-americans,4856.0,not_extracted,0,0,,,,,,,,,,
85f2f28250519fb7f81f,https://share.google/1bstSGQx2WNo6lKWw,2026-09-29T19:31:55.118468+00:00,share.google,False,downloaded,403.0,https://scholarsarchive.library.albany.edu/cgi/viewcontent.cgi?filename=0&article=1030&context=institutionsandsocietiesgsc&type=additional,6111.0,not_extracted,0,0,,,,,,,,,,
860e6cb23f65cbc4a2de,https://pmc.ncbi.nlm.nih.gov/articles/PMC10984377,2026-09-29T19:31:55.125166+00:00,nih.gov,True,downloaded,200.0,https://pmc.ncbi.nlm.nih.gov/articles/PMC10984377,21367.0,success,131,18,html,,Checking your browser,,2026-09-11,google.com,https://www.google.com/recaptcha/challengepage,,860e6cb23f65cbc4a2de.txt,a29166d0eaaa418bd5af61a282f1183a46c84c4d5e4c90689b1b452d230d05cc
86355cc7c108314472a9,https://academia.edu/28077199/The_Decision_To_Go_to_College_Attitudes_and_Experiences_Associated_with_College_Attendance_Among_Low_Income_Students,2026-09-29T19:31:55.288039+00:00,academia.edu,False,robots_disallowed,,,,not_extracted,0,0,,,,,,,,,,
86e3ef8174f31de67581,https://google.com/url?cd=&opi=89978449&psig=AOvVaw14yVjtFUS6POL4AZJ_NV2n&rct=j&sa=i&source=web&uoh=2&url=CAEShQEB6zswFZitR_kqs2sZ67WdYpTz5dzpttH8-jL9WLtoGscI8MBeiy4ZEtLXVE-ot385N7kyHCa_DJYuIjz9aWKanLfCnhiGFIBG45iUz2n-5NdHDGYWdhVnrsQ3njkI4F_d9fAV1Y_zJAcdb1nSHoj7LTilYjKFy8aWFInDn8zy7REuO1l8&ust=1790738666917000&ved=2ahUKEwj02aTC65KXAxVXlWoFHbflN4kQ1fkOegoIAggACAAIIBAH,2026-09-29T19:31:55.288275+00:00,google.com,False,robots_disallowed,,,,not_extracted,0,0,,,,,,,,,,
871e4477e40072f47568,https://pmc.ncbi.nlm.nih.gov/articles/PMC11812675,2026-09-29T19:31:55.288496+00:00,nih.gov,True,downloaded,200.0,https://pmc.ncbi.nlm.nih.gov/articles/PMC11812675,21371.0,success,131,18,html,,Checking your browser,,2026-09-11,google.com,https://www.google.com/recaptcha/challengepage,,871e4477e40072f47568.txt,a29166d0eaaa418bd5af61a282f1183a46c84c4d5e4c90689b1b452d230d05cc
872842c217d7a2996356,https://thevillagemethod.org/college-admission-process-for-black-students,2026-09-29T19:31:55.772966+00:00,thevillagemethod.org,False,downloaded,403.0,https://thevillagemethod.org/college-admission-process-for-black-students,2390.0,not_extracted,0,0,,,,,,,,,,
87411315d209792c5506,https://ncan.org/Web/News/539190,2026-09-29T19:31:55.785938+00:00,ncan.org,True,downloaded,200.0,https://ncan.org/Web/News/539190,138630.0,success,12491,1891,html,text/html; charset=utf-8,"What’s Causing College Access Disparities, in 15 Charts",,2026-01-06,ncan.org,https://www.ncan.org/Web/Web/News/539190.aspx,,87411315d209792c5506.txt,2f06a63864e20f2dc278913fa38efffc780d538981f3444c8ea07caed68936b9
878f45b4b7b94ec9c3c1,https://researchmgt.monash.edu/ws/portalfiles/portal/519056876/483077505_oa.pdf,2026-09-29T19:31:58.097422+00:00,monash.edu,True,downloaded,200.0,https://researchmgt.monash.edu/ws/portalfiles/portal/519056876/483077505_oa.pdf,1100438.0,success,108780,15126,pdf,application/pdf,,,,,,,878f45b4b7b94ec9c3c1.txt,7ce9ca8ebf6844d285648fe85cec76c53bcf55a887c78dee9e6ee7f8ade50d5b
87dcbd7b0d63079d694b,https://files.eric.ed.gov/fulltext/ED674172.pdf,2026-09-29T19:31:59.665768+00:00,ed.gov,True,downloaded,200.0,https://files.eric.ed.gov/fulltext/ED674172.pdf,7384731.0,success,86018,11796,pdf,application/pdf,,,,,,,87dcbd7b0d63079d694b.txt,01eedea9d436e42d715583fff02c4a0fcfc2b7155a626ce5b3c57c19530fd03f
881d734e83120d694166,https://facebook.com/MUTUmlazi/posts/accelerating-womens-success-in-higher-education/1463386219155644,2026-09-29T19:32:01.391303+00:00,facebook.com,False,robots_disallowed,,,,not_extracted,0,0,,,,,,,,,,
885f18a3938986d8ce24,https://healthaffairs.org/content/forefront/lgbt-protections-affordable-care-act-section-1557,2026-09-29T19:32:01.391564+00:00,healthaffairs.org,False,downloaded,403.0,https://healthaffairs.org/content/forefront/lgbt-protections-affordable-care-act-section-1557,5915.0,not_extracted,0,0,,,,,,,,,,
88718147ea7ca93f485b,https://healthytexaswomen.org/healthcare-programs/healthy-texas-women/htw-who-can-apply,2026-09-29T19:32:01.572546+00:00,healthytexaswomen.org,True,downloaded,200.0,https://www.healthytexaswomen.org/healthcare-programs/healthy-texas-women/htw-who-can-apply,43480.0,success,1202,242,html,text/html; charset=utf-8,HTW: Who can Apply?,,2026-03-01,healthytexaswomen.org,https://www.healthytexaswomen.org/healthcare-programs/healthy-texas-women/htw-who-can-apply,,88718147ea7ca93f485b.txt,21e17c48e087f722fe41a6ffac52eb9b5170740b1450596890e4a349703fdb67
88cce15387efc3379849,https://pmc.ncbi.nlm.nih.gov/articles/PMC12895444,2026-09-29T19:32:02.157321+00:00,nih.gov,True,downloaded,200.0,https://pmc.ncbi.nlm.nih.gov/articles/PMC12895444,21372.0,success,131,18,html,,Checking your browser,,2026-09-11,google.com,https://www.google.com/recaptcha/challengepage,,88cce15387efc3379849.txt,a29166d0eaaa418bd5af61a282f1183a46c84c4d5e4c90689b1b452d230d05cc
88d111577fbc186be2a5,https://cbpp.org/blog/eliminating-structural-barriers-can-improve-latino-peoples-access-to-health-coverage,2026-09-29T19:32:02.379611+00:00,cbpp.org,False,downloaded,403.0,https://cbpp.org/blog/eliminating-structural-barriers-can-improve-latino-peoples-access-to-health-coverage,6158.0,not_extracted,0,0,,,,,,,,,,
89020b2b99984124c848,https://aafp.org/afp/2018/1201/p645,2026-09-29T19:32:04.671352+00:00,aafp.org,True,downloaded,200.0,https://www.aafp.org/afp/2018/1201/p645,653308.0,success,42496,6049,html,,Caring for Transgender and Gender-Diverse Persons: What Clinicians Should Know,David A Klein; Scott L Paradise; Emily T Goodwin,2018-12-01,American Academy of Family Physicians,https://www.aafp.org/afp/2018/1201/p645,,89020b2b99984124c848.txt,f6c7fcce0e856afec11bf2eec55dac1ce236be4bb23ffd4e579f5f359b76eb5d
892900986fcb922b008b,https://transequality.org/issues/resources/failing-to-protect-and-serve-police-department-policies-towards-transgender-people,2026-09-29T19:32:05.417425+00:00,transequality.org,True,downloaded,200.0,https://transequality.org/issues/resources/failing-to-protect-and-serve-police-department-policies-towards-transgender-people,91623.0,success,2487,354,html,text/html; charset=UTF-8,Failing to Protect and Serve: Police Department Policies Towards Transgender People | A4TE,,2026-01-01,A4TE,https://transequality.org/issues/resources/failing-to-protect-and-serve-police-department-policies-towards-transgender-people,,892900986fcb922b008b.txt,be3eb1ce3d504a2fba1ccd5c58bd3bc14a78eed0b1095b57f6c70ba2e8a85c59
897cb8bc76ace17a23c7,https://pmc.ncbi.nlm.nih.gov/articles/PMC9640174,2026-09-29T19:32:05.460980+00:00,nih.gov,True,downloaded,200.0,https://pmc.ncbi.nlm.nih.gov/articles/PMC9640174,21368.0,success,131,18,html,,Checking your browser,,2026-09-11,google.com,https://www.google.com/recaptcha/challengepage,,897cb8bc76ace17a23c7.txt,a29166d0eaaa418bd5af61a282f1183a46c84c4d5e4c90689b1b452d230d05cc
898722d0754e86359658,https://ohchr.org/en/statements-and-speeches/2019/10/inclusion-lgbt-people-education-settings-paramount-importance,2026-09-29T19:32:05.623707+00:00,ohchr.org,True,downloaded,200.0,https://www.ohchr.org:443/en/ohchr_homepage,137673.0,success,3721,553,html,text/html; charset=UTF-8,UN Human Rights Office,,2023-11-29,OHCHR,https://www.ohchr.org/en/ohchr_homepage,,898722d0754e86359658.txt,35b9e1a558d268346e9b1a5a6ff9e4bfe5a42edf4cea1b1428cc50ee5675bffc
8a017f22833bba87f0fd,https://pmc.ncbi.nlm.nih.gov/articles/PMC4524744,2026-09-29T19:32:06.682712+00:00,nih.gov,True,downloaded,200.0,https://pmc.ncbi.nlm.nih.gov/articles/PMC4524744,21367.0,success,131,18,html,,Checking your browser,,2026-09-11,google.com,https://www.google.com/recaptcha/challengepage,,8a017f22833bba87f0fd.txt,a29166d0eaaa418bd5af61a282f1183a46c84c4d5e4c90689b1b452d230d05cc
8a193db7364cccbc3731,https://hbtbank.com/personal-banking/five-factors-that-impact-your-credit-score,2026-09-29T19:32:06.838414+00:00,hbtbank.com,True,downloaded,200.0,https://www.hbtbank.com/personal-banking/five-factors-that-impact-your-credit-score/,99448.0,success,3300,581,html,text/html; charset=UTF-8,Five Factors That Impact Your Credit Score - Heartland Bank and Trust Company,Heartland Bank; Trust Company; Csmedit,2025-01-01,Heartland Bank and Trust Company,https://www.hbtbank.com/personal-banking/five-factors-that-impact-your-credit-score/,,8a193db7364cccbc3731.txt,5497a26b4b182e3598b7aa2e35c5f4a5b125534224da786e83968eb4f101879f
8a1d357c50e1c67ba9dc,https://academic.oup.com/gerontologist/article/65/9/gnaf158/8165435,2026-09-29T19:32:09.054742+00:00,oup.com,False,downloaded,403.0,https://academic.oup.com/gerontologist/article/65/9/gnaf158/8165435,5725.0,not_extracted,0,0,,,,,,,,,,
8a42c6ab08510e278619,https://libertystreeteconomics.newyorkfed.org/2024/01/an-overlooked-factor-in-banks-lending-to-minorities,2026-09-29T19:32:09.158171+00:00,newyorkfed.org,True,downloaded,200.0,https://libertystreeteconomics.newyorkfed.org/2024/01/an-overlooked-factor-in-banks-lending-to-minorities/,170929.0,success,6792,999,html,text/html; charset=UTF-8,An Overlooked Factor in Banks’ Lending to Minorities - Liberty Street Economics,Matteo Crosignani; Hanh Le,2024-01-10,Liberty Street Economics,https://libertystreeteconomics.newyorkfed.org/2024/01/an-overlooked-factor-in-banks-lending-to-minorities/,,8a42c6ab08510e278619.txt,8ec95250d7ec40818c628719d39ae91fe9c06b91f7b53a6a7bebd27a613ff8b1
8a8388bc6203e15b7183,https://homelessnessimpact.org/news/the-barriers-faced-by-people-with-disabilities-in-exiting-homelessness,2026-09-29T19:32:11.043206+00:00,homelessnessimpact.org,True,downloaded,200.0,https://www.homelessnessimpact.org/news/the-barriers-faced-by-people-with-disabilities-in-exiting-homelessness,38055.0,success,4527,659,html,text/html; charset=utf-8,Barriers faced by people with disabilities in exiting homelessness,,2023-05-10,homelessnessimpact.org,https://www.homelessnessimpact.org/news/the-barriers-faced-by-people-with-disabilities-in-exiting-homelessness,,8a8388bc6203e15b7183.txt,face45c7636e2f42a56283c4a5bf165b6c75c8da2cc9f3a887b5cf49d2b85a81
8ab8ab59885422aa4755,https://youtube.com/watch?v=XkAb2gqDzOQ,2026-09-29T19:32:12.297962+00:00,youtube.com,True,downloaded,200.0,https://www.youtube.com/watch?v=XkAb2gqDzOQ,1436007.0,success,146,23,html,text/html; charset=utf-8,5 Things Every Woman MUST Know About Social Security—Don’t Miss Out!,,2025-05-26,YouTube,https://www.youtube.com/watch?v=XkAb2gqDzOQ,,8ab8ab59885422aa4755.txt,8dbba17988e385133ba8f51d76cde1fc2c859262b666cb848e9cfe2478fd5e71
8acb6d9b6e4fe0031baa,https://usccb.org/issues-and-action/human-life-and-dignity/social-security/vulnerable-groups-changes-social-security,2026-09-29T19:32:13.180140+00:00,usccb.org,True,downloaded,200.0,https://www.usccb.org/issues-and-action/human-life-and-dignity/social-security/vulnerable-groups-changes-social-security,47102.0,success,5114,847,html,text/html; charset=UTF-8,Those Vulnerable to Social Security Changes,,2026-01-01,USCCB,https://www.usccb.org/issues-and-action/human-life-and-dignity/social-security/vulnerable-groups-changes-social-security,,8acb6d9b6e4fe0031baa.txt,2d9c219d63ff931f670bb5f4d1075b5e44e88959742f63dc220936952e4b57f3
8aeae1553b9c47c67d08,https://pmc.ncbi.nlm.nih.gov/articles/PMC10241469,2026-09-29T19:32:13.431723+00:00,nih.gov,True,downloaded,200.0,https://pmc.ncbi.nlm.nih.gov/articles/PMC10241469,21372.0,success,131,18,html,,Checking your browser,,2026-09-11,google.com,https://www.google.com/recaptcha/challengepage,,8aeae1553b9c47c67d08.txt,a29166d0eaaa418bd5af61a282f1183a46c84c4d5e4c90689b1b452d230d05cc
8b8be031b2d14d6888d4,https://brennancenter.org/our-work/analysis-opinion/history-mass-incarceration,2026-09-29T19:32:13.482978+00:00,brennancenter.org,True,downloaded,200.0,https://www.brennancenter.org/our-work/analysis-opinion/history-mass-incarceration,123833.0,success,5218,831,html,text/html; charset=utf-8,The History of Mass Incarceration,James Cullen,2018-07-20,Brennan Center for Justice,https://www.brennancenter.org/our-work/analysis-opinion/history-mass-incarceration,,8b8be031b2d14d6888d4.txt,9db7957732e719277b2b756e1acc521d663d4f5336c445004046b2004e437ab4
8bbdc27e624031ad6821,https://journals.sagepub.com/doi/10.1177/0091552119850321,2026-09-29T19:32:13.594938+00:00,sagepub.com,False,downloaded,403.0,https://journals.sagepub.com/doi/10.1177/0091552119850321,5780.0,not_extracted,0,0,,,,,,,,,,
8c3b64f3a55a5bd27dff,https://pegalislawgroup.com/patient-safety-concerns-in-the-lgbtqia-community,2026-09-29T19:32:13.871627+00:00,pegalislawgroup.com,True,downloaded,200.0,https://pegalislawgroup.com/patient-safety-concerns-in-the-lgbtqia-community/,205428.0,success,5549,771,html,text/html; charset=UTF-8,Patient Safety Concerns in the LGBTQIA+ Community,Pegalis Law Group,2024-06-03,Pegalis Law Group,https://pegalislawgroup.com/patient-safety-concerns-in-the-lgbtqia-community/,,8c3b64f3a55a5bd27dff.txt,a8145b41fc9eb6c91f5ab59e6f8001127bd7855b22a907add6c3e385d7be8983
8c700dbdd65b91a02243,https://linkedin.com/top-content/career/career-advancement-tips/factors-influencing-career-advancement-opportunities,2026-09-29T19:32:16.477378+00:00,linkedin.com,False,robots_disallowed,,,,not_extracted,0,0,,,,,,,,,,
8c85fca2e5d2bf577e9d,https://tcf.org/content/commentary/equitable-insurance-coverage-and-access-can-advance-lgbt-health,2026-09-29T19:32:16.477604+00:00,tcf.org,False,downloaded,403.0,https://tcf.org/content/commentary/equitable-insurance-coverage-and-access-can-advance-lgbt-health,4857.0,not_extracted,0,0,,,,,,,,,,
8ca276fb22ac137179b3,https://nursing.maryville.edu/blog/importance-of-patient-safety,2026-09-29T19:32:16.525034+00:00,maryville.edu,True,downloaded,200.0,https://nursing.maryville.edu/blog/importance-of-patient-safety,28849.0,success,7552,1064,html,text/html; charset=utf-8,Importance of Patient Safety: Tips & Resources for Leaders | Maryville Nursing,,2023-09-06,Undefined,https://nursing.maryville.edu/blog/importance-of-patient-safety,,8ca276fb22ac137179b3.txt,61fd3d434a3ed30f21bc37dcceb969c766ddcc7a0693a463219410683161560d
8ca484824103e117a45c,https://pmc.ncbi.nlm.nih.gov/articles/PMC11194545,2026-09-29T19:32:16.659045+00:00,nih.gov,True,downloaded,200.0,https://pmc.ncbi.nlm.nih.gov/articles/PMC11194545,21372.0,success,131,18,html,,Checking your browser,,2026-09-11,google.com,https://www.google.com/recaptcha/challengepage,,8ca484824103e117a45c.txt,a29166d0eaaa418bd5af61a282f1183a46c84c4d5e4c90689b1b452d230d05cc
8ccf054497b17170cbb9,https://pmc.ncbi.nlm.nih.gov/articles/PMC12513714,2026-09-29T19:32:16.820532+00:00,nih.gov,True,downloaded,200.0,https://pmc.ncbi.nlm.nih.gov/articles/PMC12513714/,139521.0,success,24007,3491,html,,Disparities in Health Insurance and Delayed Care Among Hispanic Immigrants in the United States,Temitope Ayodele; Connor Fletcher; Kirk B Beredjiklian; Michael Valenzuela; Zane Mazur,2025-10-10,Cureus,https://pmc.ncbi.nlm.nih.gov/articles/PMC12513714/,,8ccf054497b17170cbb9.txt,aa192af2c92d3ff5f15a76c20b0f2a6bfedf7b06299a08c23b4ad0d4f2a9c8f0
8cffc442ce1c61bfdcf6,https://catalog.results4america.org/strategies/reducing-obstacles,2026-09-29T19:32:17.300414+00:00,results4america.org,True,downloaded,200.0,https://catalog.results4america.org/strategies/reducing-obstacles,278903.0,success,22195,2967,html,text/html; charset=UTF-8,Reducing obstacles to receiving public benefits,,2022-09-14,Results for America - Economic Mobility Catalog,https://catalog.results4america.org/strategies/reducing-obstacles,,8cffc442ce1c61bfdcf6.txt,c16108001a17d4f69125b9f46e72d7f76b5b70a5267836327461d68b390f8af2
8d20998821e1f4ab37c0,https://archwaycommunities.org/the-importance-of-housing-stability,2026-09-29T19:32:17.496074+00:00,archwaycommunities.org,False,downloaded,403.0,https://archwaycommunities.org/the-importance-of-housing-stability,52.0,not_extracted,0,0,,,,,,,,,,
8d4b74f96737f9c79531,https://nationaldisabilityinstitute.org/financial-resilience-center/credit,2026-09-29T19:32:19.939645+00:00,nationaldisabilityinstitute.org,True,downloaded,200.0,https://www.nationaldisabilityinstitute.org/financial-resilience-center/credit/,248447.0,success,16542,2911,html,text/html; charset=UTF-8,Credit | Financial Resilience Resources for People with Disabilities,Katie Auchenbach,2022-02-14,National Disability Institute,https://www.nationaldisabilityinstitute.org/financial-resilience-center/credit/,,8d4b74f96737f9c79531.txt,d3562af5a6a6b9e23a5caab8af2934f672b0a93919847a2eda925076bf09464f
8d703d7099a219c0b23b,https://catalog.results4america.org/strategies/permanent-supportive-housing,2026-09-29T19:32:20.260876+00:00,results4america.org,True,downloaded,200.0,https://catalog.results4america.org/strategies/permanent-supportive-housing,334159.0,success,27710,3883,html,text/html; charset=UTF-8,Permanent supportive housing,,2022-08-08,Results for America - Economic Mobility Catalog,https://catalog.results4america.org/strategies/permanent-supportive-housing,,8d703d7099a219c0b23b.txt,9c76ff244a928977cff58bf48c30c704dc67a7c83078d2dc45187db834dfe32d
8d8f2c2cd0951645b7f3,https://pmc.ncbi.nlm.nih.gov/articles/PMC4772969,2026-09-29T19:32:20.520684+00:00,nih.gov,True,downloaded,200.0,https://pmc.ncbi.nlm.nih.gov/articles/PMC4772969/,132649.0,success,25679,3745,html,,Building on the Evidence: Guiding Policy and Research on Police Encounters with Persons with Mental Illnesses,Allison G Robertson,2015-06-28,Criminology & public policy,https://pmc.ncbi.nlm.nih.gov/articles/PMC4772969/,,8d8f2c2cd0951645b7f3.txt,6edb5def3859aa9ef333e21af99024552454668adc864e31723d14403d83fa0a
8dd648368634b56c910d,https://evidencebasedliving.human.cornell.edu/blog/what-we-know-about-trans-youth-and-bullying,2026-09-29T19:32:20.970883+00:00,cornell.edu,True,downloaded,200.0,https://evidencebasedliving.human.cornell.edu/blog/what-we-know-about-trans-youth-and-bullying/,70750.0,success,4031,599,html,text/html; charset=UTF-8,Leave a Reply Cancel reply,,2026-01-01,evidencebasedliving.human.cornell.edu,https://evidencebasedliving.human.cornell.edu/blog/what-we-know-about-trans-youth-and-bullying/,,8dd648368634b56c910d.txt,7d9be313ad750f00c9be5d3137fd296e6e7b1271201a35a676a7c691a73c165f
8ddd6d53dc7be053bcfb,https://musticolaw.com/if-disability-worsens-does-the-government-increase-benefits,2026-09-29T19:32:21.324003+00:00,musticolaw.com,True,downloaded,200.0,https://musticolaw.com/if-disability-worsens-does-the-government-increase-benefits/,52535.0,success,6212,976,html,text/html; charset=UTF-8,"If Disability Worsens, Does the Government Increase Benefits? - Mustico and Harvey Law Group",Donald,2022-09-05,Mustico and Harvey Law Group,https://musticolaw.com/if-disability-worsens-does-the-government-increase-benefits/,,8ddd6d53dc7be053bcfb.txt,1f1ddb64ed2176fa060657ec0695c7facab95c745bbc2d9d24501da624f14336
8e4e07442f8bc4509992,https://blogs.worldbank.org/en/opendata/more-women-have-financial-accounts--yet-equal-access-and-use-rem,2026-09-29T19:32:21.602005+00:00,worldbank.org,True,downloaded,200.0,https://blogs.worldbank.org/en/opendata/more-women-have-financial-accounts--yet-equal-access-and-use-rem,75158.0,success,5523,890,html,text/html;charset=utf-8,"Women’s Financial Inclusion Is Rising, but Equal Access and Use Still Lag",Anna Tabitha Bonfert; Alexandra Norris,2025-11-11,World Bank Blogs,https://blogs.worldbank.org/en/opendata/more-women-have-financial-accounts--yet-equal-access-and-use-rem,,8e4e07442f8bc4509992.txt,39ecffe70e46b0fd871492ce31e0c02af6d6fc06d40bb6c6e2e276797afa83dc
8e7b64c8a8cec8a3552d,https://pubmed.ncbi.nlm.nih.gov/40578577,2026-09-29T19:32:25.766512+00:00,nih.gov,True,downloaded,203.0,https://pubmed.ncbi.nlm.nih.gov/40578577/,5590.0,success,100,14,html,text/html; charset=utf-8,Cookies must be enabled,,,pubmed.ncbi.nlm.nih.gov,https://pubmed.ncbi.nlm.nih.gov/40578577/,,8e7b64c8a8cec8a3552d.txt,f193d0de906419650acf171625dbd67f88f297290893b5473e1d8365c03d4b59
8e86245734cefba81b49,https://brookings.edu/articles/homeownership-racial-segregation-and-policies-for-racial-wealth-equity,2026-09-29T19:32:25.970348+00:00,brookings.edu,True,downloaded,200.0,https://www.brookings.edu/articles/homeownership-racial-segregation-and-policies-for-racial-wealth-equity/,302569.0,success,39581,5566,html,text/html; charset=UTF-8,"Homeownership, racial segregation, and policy solutions to racial wealth equity | Brookings",Rashawn Ray; Andre M Perry; David Harshbarger; Samantha Elizondo; Alexandra Gibbons,2024-02-05,Brookings,https://www.brookings.edu/articles/homeownership-racial-segregation-and-policies-for-racial-wealth-equity/,,8e86245734cefba81b49.txt,e7bceab1564d4fe59c4e6a74305864e7d1073250b3b188214fdd4d5735a7ec6e
8e917e74478c81872087,https://pmc.ncbi.nlm.nih.gov/articles/PMC12461105,2026-09-29T19:32:27.237993+00:00,nih.gov,True,downloaded,200.0,https://pmc.ncbi.nlm.nih.gov/articles/PMC12461105,21371.0,success,131,18,html,,Checking your browser,,2026-09-11,google.com,https://www.google.com/recaptcha/challengepage,,8e917e74478c81872087.txt,a29166d0eaaa418bd5af61a282f1183a46c84c4d5e4c90689b1b452d230d05cc
8ec49e97b49928446e04,https://pmc.ncbi.nlm.nih.gov/articles/PMC3404465,2026-09-29T19:32:29.306526+00:00,nih.gov,True,downloaded,200.0,https://pmc.ncbi.nlm.nih.gov/articles/PMC3404465,21368.0,success,131,18,html,,Checking your browser,,2026-09-11,google.com,https://www.google.com/recaptcha/challengepage,,8ec49e97b49928446e04.txt,a29166d0eaaa418bd5af61a282f1183a46c84c4d5e4c90689b1b452d230d05cc
8eebc307f70a45abd54e,https://pmc.ncbi.nlm.nih.gov/articles/PMC7268476,2026-09-29T19:32:29.470934+00:00,nih.gov,True,downloaded,200.0,https://pmc.ncbi.nlm.nih.gov/articles/PMC7268476,21368.0,success,131,18,html,,Checking your browser,,2026-09-11,google.com,https://www.google.com/recaptcha/challengepage,,8eebc307f70a45abd54e.txt,a29166d0eaaa418bd5af61a282f1183a46c84c4d5e4c90689b1b452d230d05cc
8f0cded8bda2ad03ab7f,https://cpc.unc.edu/news/study-hiring-pressures-to-diversify-influencing-patterns-of-discrimination-in-unexpected-ways,2026-09-29T19:32:29.965569+00:00,unc.edu,True,downloaded,200.0,https://www.cpc.unc.edu/news/study-hiring-pressures-to-diversify-influencing-patterns-of-discrimination-in-unexpected-ways/,63248.0,success,4945,745,html,text/html; charset=UTF-8,Study: Hiring pressures to diversify influencing patterns of discrimination in unexpected ways,,2024-06-03,Carolina Population Center,https://www.cpc.unc.edu/news/study-hiring-pressures-to-diversify-influencing-patterns-of-discrimination-in-unexpected-ways/,,8f0cded8bda2ad03ab7f.txt,e44eb93762c7d19b77f5358f5292134e5654db9ab4937627d7891a046b1a89af
8f4d8feda1fadba3c2b1,https://ccrw.org/wp-content/uploads/2024/10/Career-advancement-pathways-for-workers-with-disabilities_CCRW_Trends-Report-2024.pdf,2026-09-29T19:32:30.456052+00:00,ccrw.org,True,downloaded,200.0,https://ccrw.org/wp-content/uploads/2024/10/Career-advancement-pathways-for-workers-with-disabilities_CCRW_Trends-Report-2024.pdf,4911934.0,success,61892,7957,pdf,application/pdf,,,,,,,8f4d8feda1fadba3c2b1.txt,5ec094cf4d0f7f3b80ab6f81917f5b4b16aadcf9d4d1d9fc2cc098aa7b2eac39
8f6244d3d1e18e7448ae,https://sageusa.org/news/cfpb-protects-lgbt-people-with-ecoa,2026-09-29T19:32:30.532459+00:00,sageusa.org,True,downloaded,200.0,http://www.sageusa.org/news/cfpb-protects-lgbt-people-with-ecoa/,233540.0,success,1978,310,html,text/html; charset=UTF-8,LGBT people protected from financial discrimination under Equal Credit Opportunity Act - SAGE,,2021-02-25,SAGE,https://www.sageusa.org/news/cfpb-protects-lgbt-people-with-ecoa/,,8f6244d3d1e18e7448ae.txt,f85f100f7fb049ec4e2d8ffd212c9882b1b57544402ecb29b7818393f95a7b4a
8fb45546bd08fbeb9430,https://usich.gov/sites/default/files/document/Housing-Affordability-and-Stablility-Brief.pdf,2026-09-29T19:32:30.548895+00:00,usich.gov,True,downloaded,200.0,https://usich.gov/sites/default/files/document/Housing-Affordability-and-Stablility-Brief.pdf,359954.0,success,18797,2648,pdf,application/pdf,,,,,,,8fb45546bd08fbeb9430.txt,2ff838cf0233c2bb72963437b1c6592929e7aae6f104389ee3d2bc1eb3f2cbee
8fc8459f46000eeae2d8,https://urban.org/urban-wire/three-obstacles-federally-assisted-housing-programs-need-overcome-better-serve-residents-disabilities,2026-09-29T19:32:31.888459+00:00,urban.org,False,downloaded,403.0,https://www.urban.org/urban-wire/three-obstacles-federally-assisted-housing-programs-need-overcome-better-serve-residents-disabilities,6124.0,not_extracted,0,0,,,,,,,,,,
8fce4b9c40f10cc66ac3,https://youtube.com/watch?t=73s&v=OP_yU8WLyhI,2026-09-29T19:32:34.118559+00:00,youtube.com,True,downloaded,200.0,https://www.youtube.com/watch?t=73s&v=OP_yU8WLyhI,1317599.0,success,146,23,html,text/html; charset=utf-8,Justice Disorder — Mental Health and Incarceration in the United States | NEJM,,2024-10-16,YouTube,https://www.youtube.com/watch?v=OP_yU8WLyhI,,8fce4b9c40f10cc66ac3.txt,8dbba17988e385133ba8f51d76cde1fc2c859262b666cb848e9cfe2478fd5e71
902200e0130085037aa3,https://direct.mit.edu/euso/article/27/1/144/125848/Escape-from-home-The-moderating-role-of-sexual,2026-09-29T19:32:35.037034+00:00,mit.edu,False,downloaded,403.0,https://direct.mit.edu/euso/article/27/1/144/125848/Escape-from-home-The-moderating-role-of-sexual,5886.0,not_extracted,0,0,,,,,,,,,,
9048acef1bf86fd9400d,https://pmc.ncbi.nlm.nih.gov/articles/PMC8576989,2026-09-29T19:32:35.131776+00:00,nih.gov,True,downloaded,200.0,https://pmc.ncbi.nlm.nih.gov/articles/PMC8576989,21365.0,success,131,18,html,,Checking your browser,,2026-09-11,google.com,https://www.google.com/recaptcha/challengepage,,9048acef1bf86fd9400d.txt,a29166d0eaaa418bd5af61a282f1183a46c84c4d5e4c90689b1b452d230d05cc
9065dc668396db3d6456,https://urban.org/sites/default/files/2024-04/How_Do_Financial_Attitudes_and_Preferences_Vary_among_Latine_Consumers.pdf,2026-09-29T19:32:35.292196+00:00,urban.org,False,downloaded,403.0,https://www.urban.org/sites/default/files/2024-04/How_Do_Financial_Attitudes_and_Preferences_Vary_among_Latine_Consumers.pdf,6072.0,not_extracted,0,0,,,,,,,,,,
90708852666a1c4ed72c,https://stlpr.org/health-science-environment/2025-11-17/barriers-block-snap-and-medicaid-users-from-keeping-vital-benefits-survey-finds,2026-09-29T19:32:35.628536+00:00,stlpr.org,True,downloaded,200.0,https://www.stlpr.org/health-science-environment/2025-11-17/barriers-block-snap-and-medicaid-users-from-keeping-vital-benefits-survey-finds,195756.0,success,4030,604,html,text/html;charset=UTF-8,"Barriers block SNAP and Medicaid users from keeping vital benefits, survey finds",Sarah Fentem,2025-11-17,STLPR,https://www.stlpr.org/health-science-environment/2025-11-17/barriers-block-snap-and-medicaid-users-from-keeping-vital-benefits-survey-finds,,90708852666a1c4ed72c.txt,55bdca5ffade8b5f30fc58c5cda9c0e9aed7609f9c7bb190b3a4547460ff6037
908f5bbf41bc212e2653,https://researchgate.net/publication/374152531_Women's_financial_inclusion,2026-09-29T19:32:38.052807+00:00,researchgate.net,False,downloaded,403.0,https://www.researchgate.net/publication/374152531_Women's_financial_inclusion,21138.0,not_extracted,0,0,,,,,,,,,,
90c9f9105aae8bab00e4,https://pmc.ncbi.nlm.nih.gov/articles/PMC11756264,2026-09-29T19:32:39.831648+00:00,nih.gov,True,downloaded,200.0,https://pmc.ncbi.nlm.nih.gov/articles/PMC11756264/,21372.0,success,131,18,html,,Checking your browser,,2026-09-11,google.com,https://www.google.com/recaptcha/challengepage,,90c9f9105aae8bab00e4.txt,a29166d0eaaa418bd5af61a282f1183a46c84c4d5e4c90689b1b452d230d05cc
90e90663e6476e1cc2be,https://ideagen.com/noram/thought-leadership/blog/six-principles-of-patient-safety,2026-09-29T19:32:40.184278+00:00,ideagen.com,True,downloaded,200.0,https://www.ideagen.com:443/noram/thought-leadership/blog/six-principles-of-patient-safety,72908.0,success,10980,1505,html,,The six principles of patient safety: an introduction to fostering a culture of safety in healthcare,Aaron Hoare,2024-03-29,Ideagen,https://www.ideagen.com/thought-leadership/blog/six-principles-of-patient-safety,,90e90663e6476e1cc2be.txt,f812bf95df04ad717a92c29be387019f1ca0041a09db14bb04cc9b3e3abce11d
911ce4f6b5d9a691731f,https://bcm.edu/research/research-centers/center-for-research-on-women-with-disabilities/a-to-z-directory/health-care/health-insurance,2026-09-29T19:32:41.155343+00:00,bcm.edu,True,downloaded,200.0,https://www.bcm.edu/research/research-centers/center-for-research-on-women-with-disabilities/a-to-z-directory/health-care/health-insurance,320282.0,success,4100,612,html,text/html; charset=utf-8,Health Insurance and Women with Disabilities,,2026-09-01,Baylor College of Medicine,https://www.bcm.edu/research/research-centers/center-for-research-on-women-with-disabilities/a-to-z-directory/health-care/health-insurance,,911ce4f6b5d9a691731f.txt,1fb1c2f23aa568cba07fefc3a193763b2903fd599afc3285b4bc65a3668ffd00
9136aa98a0a8dd754303,https://scholarhub.ui.ac.id/cgi/viewcontent.cgi?article=1309&context=mjhr,2026-09-29T19:32:41.405352+00:00,ui.ac.id,False,downloaded,403.0,https://scholarhub.ui.ac.id/cgi/viewcontent.cgi?article=1309&context=mjhr,5830.0,not_extracted,0,0,,,,,,,,,,
91bab48e336f57d3d6d1,https://fryer.scholars.harvard.edu/publications/empirical-analysis-racial-differences-police-use-force,2026-09-29T19:32:43.222625+00:00,harvard.edu,True,downloaded,200.0,https://fryer.scholars.harvard.edu/publications/empirical-analysis-racial-differences-police-use-force,33889.0,success,962,151,html,text/html; charset=UTF-8,"An Empirical Analysis of Racial Differences in Police Use of Force | Roland G. Fryer, Jr.",,2026-01-01,"Roland G. Fryer, Jr.",https://fryer.scholars.harvard.edu/publications/empirical-analysis-racial-differences-police-use-force,,91bab48e336f57d3d6d1.txt,168b673ef06297b732e83802c93374321de05463a5cccac319fc77f7b878f96c
923a2f2f69fa16323e74,https://google.com/goto?url=CAESmAEB6zswFTJ-vOFRpiTr5zTVRZsRNK1el0LbfMKAVFuapJFLy-ecS1To0aVm0RBZ879kQ3MqRP1T60b4hqEuFC2Oia45fDdm8Z6WE4_Gb3x8BzHrTFO4Kxk9RTrMrc9pEfltoepgHCZtLyaDKF0-mXtlM2vqYJzR-DpbQasnlnmj_omupuNJOatqsHrBgHn3Zc-roTSiUaNNNQ,2026-09-29T19:32:44.500192+00:00,google.com,False,robots_disallowed,,,,not_extracted,0,0,,,,,,,,,,
92868aa8acb452aa530d,https://scholarworks.merrimack.edu/cgi/viewcontent.cgi?article=1138&context=soe_student_ce,2026-09-29T19:32:44.500457+00:00,merrimack.edu,False,downloaded,403.0,https://scholarworks.merrimack.edu/cgi/viewcontent.cgi?article=1138&context=soe_student_ce,5889.0,not_extracted,0,0,,,,,,,,,,
92943eed3357bf30bfc3,https://prestigepeo.com/blogs/job-quality-hispanic-latino-community,2026-09-29T19:32:45.500266+00:00,prestigepeo.com,True,downloaded,200.0,https://www.prestigepeo.com/blogs/job-quality-hispanic-latino-community/,244413.0,success,6002,945,html,text/html; charset=UTF-8,Major Issues Affecting Job Quality,Mark P,2022-09-15,PrestigePEO,https://www.prestigepeo.com/blogs/job-quality-hispanic-latino-community/,,92943eed3357bf30bfc3.txt,e2f11e8f8631aa9b04279aaf799ba02e1465422f1f1f1296a2a34cb6b35e92ae
929bb41200172b135894,https://ncbi.nlm.nih.gov/books/NBK547368,2026-09-29T19:32:45.696959+00:00,nih.gov,True,downloaded,200.0,https://www.ncbi.nlm.nih.gov/books/NBK547368/,167637.0,success,86709,12644,html,text/html; charset=UTF-8,Contextual Factors That Influence the Effects of Anti-Poverty Policies and Programs,National Academies; Engineering; Medicine; Division; Social Sciences; Education; Committee; Board; Youth; Families; Suzanne Le Menestrel; Greg Duncan,2019-02-28,National Academies Press (US),https://www.ncbi.nlm.nih.gov/books/NBK547368/,,929bb41200172b135894.txt,03072d72088b02b5cedbcac8d4e0310c2baffa7d0721b57465e89c866bf5c492
92fc1ab90e105172fad2,https://pmc.ncbi.nlm.nih.gov/articles/PMC10142323,2026-09-29T19:32:46.735641+00:00,nih.gov,True,downloaded,200.0,https://pmc.ncbi.nlm.nih.gov/articles/PMC10142323,21372.0,success,131,18,html,,Checking your browser,,2026-09-11,google.com,https://www.google.com/recaptcha/challengepage,,92fc1ab90e105172fad2.txt,a29166d0eaaa418bd5af61a282f1183a46c84c4d5e4c90689b1b452d230d05cc
9392ed9428a3586aac63,https://digitalcommons.usu.edu/cgi/viewcontent.cgi?article=1075&context=ddnj,2026-09-29T19:32:46.894258+00:00,usu.edu,False,downloaded,403.0,https://digitalcommons.usu.edu/cgi/viewcontent.cgi?article=1075&context=ddnj,5833.0,not_extracted,0,0,,,,,,,,,,
9402985b87dc32900413,https://onlinelibrary.wiley.com/doi/10.1111/jomf.70009,2026-09-29T19:32:47.411173+00:00,wiley.com,False,downloaded,403.0,https://onlinelibrary.wiley.com/doi/10.1111/jomf.70009,5807.0,not_extracted,0,0,,,,,,,,,,
944842ffda8ee7e3593a,https://cjdisability.com/blog/can-you-be-denied-ssdi-after-non-medical-review,2026-09-29T19:32:47.915528+00:00,cjdisability.com,True,downloaded,200.0,https://cjdisability.com/blog/can-you-be-denied-ssdi-after-non-medical-review/,203490.0,success,4509,710,html,text/html; charset=UTF-8,Can You Be Denied SSDI After Non-Medical Review?- CJ Disability,Culbertson Law,2026-01-16,CJL Disability,https://cjdisability.com/blog/can-you-be-denied-ssdi-after-non-medical-review/,,944842ffda8ee7e3593a.txt,13e7bf5d9ff4de7a0094b2ba9151a43c0d579918c777a2f9b42c55964f6da139
9448970c042845b2343e,https://moneymanagement.org/blog/why-good-credit-is-harder-to-achieve-in-communities-of-color,2026-09-29T19:32:48.551444+00:00,moneymanagement.org,True,downloaded,200.0,https://www.moneymanagement.org/blog/why-good-credit-is-harder-to-achieve-in-communities-of-color,68643.0,success,6423,1039,html,text/html; charset=utf-8,Credit History: How it Matters for Communities of Color | MMI,Kate Bulger,2023-06-28,Money Management International,http://www.moneymanagement.org/blog/why-good-credit-is-harder-to-achieve-in-communities-of-color,,9448970c042845b2343e.txt,73b136d786a9e5c37bec9eb759d23511903953371004cdd65eb0f691df67b5df
9460109b178358db6e38,https://rrapp.spia.princeton.edu/how-credit-scoring-reproduces-racial-inequality,2026-09-29T19:32:50.017769+00:00,princeton.edu,False,exception,,,,failed,0,0,,,,,,,,,,
94d0097c0e6911270af2,https://link.springer.com/article/10.1186/s12913-025-13078-w,2026-09-29T19:32:50.493176+00:00,springer.com,False,robots_disallowed,,,,not_extracted,0,0,,,,,,,,,,
94d8b73f95a61d13277f,https://quora.com/What-are-some-examples-of-laws-that-disproportionately-affect-women-and-contribute-to-the-increase-in-the-number-of-women-and-girls-in-prison,2026-09-29T19:32:50.493535+00:00,quora.com,False,robots_disallowed,,,,not_extracted,0,0,,,,,,,,,,
94df1d3401f7a478c0b1,https://digitalcommons.calpoly.edu/cgi/viewcontent.cgi?article=1008&context=coe_dean,2026-09-29T19:32:50.493699+00:00,calpoly.edu,False,downloaded,403.0,https://digitalcommons.calpoly.edu/cgi/viewcontent.cgi?article=1008&context=coe_dean,5871.0,not_extracted,0,0,,,,,,,,,,
954e907399c977ef416a,https://iaap-journals.onlinelibrary.wiley.com/doi/10.1111/apps.70103?af=R,2026-09-29T19:32:51.939556+00:00,wiley.com,False,downloaded,403.0,https://iaap-journals.onlinelibrary.wiley.com/doi/10.1111/apps.70103?af=R,5895.0,not_extracted,0,0,,,,,,,,,,
954fccd465dd91e5829f,https://youtube.com/watch?t=306s&v=Z-aKvwOpIV8,2026-09-29T19:32:52.455141+00:00,youtube.com,True,downloaded,200.0,https://www.youtube.com/watch?t=306s&v=Z-aKvwOpIV8,1428664.0,success,146,23,html,text/html; charset=utf-8,The Gender Gap in Prison Populations Worldwide ~ Why There Are More Men Than Women in Prisons,,2023-11-05,YouTube,https://www.youtube.com/watch?v=Z-aKvwOpIV8,,954fccd465dd91e5829f.txt,8dbba17988e385133ba8f51d76cde1fc2c859262b666cb848e9cfe2478fd5e71
95967edc820ed34283cc,https://pmc.ncbi.nlm.nih.gov/articles/PMC11821434,2026-09-29T19:32:54.493279+00:00,nih.gov,True,downloaded,200.0,https://pmc.ncbi.nlm.nih.gov/articles/PMC11821434,21372.0,success,131,18,html,,Checking your browser,,2026-09-11,google.com,https://www.google.com/recaptcha/challengepage,,95967edc820ed34283cc.txt,a29166d0eaaa418bd5af61a282f1183a46c84c4d5e4c90689b1b452d230d05cc
95e23011c3ababc6a7c9,https://urban.org/urban-wire/disability-justice-isnt-possible-without-housing-justice,2026-09-29T19:32:54.653055+00:00,urban.org,False,downloaded,403.0,https://www.urban.org/urban-wire/disability-justice-isnt-possible-without-housing-justice,5925.0,not_extracted,0,0,,,,,,,,,,
95e8aca593ad0b1471a0,https://bankrate.com/credit-cards/news/credit-cards-and-race-statistics,2026-09-29T19:32:56.414054+00:00,bankrate.com,False,downloaded,405.0,https://www.bankrate.com/credit-cards/news/credit-cards-and-race-statistics,2111.0,not_extracted,0,0,,,,,,,,,,
95f9aacf65e2103a70de,https://patientsafetylearning.org/blog/failures-of-informed-consent-and-the-impact-on-womens-health,2026-09-29T19:32:57.059033+00:00,patientsafetylearning.org,True,downloaded,200.0,https://www.patientsafetylearning.org/blog/failures-of-informed-consent-and-the-impact-on-womens-health,57744.0,success,19010,2584,html,text/html; charset=UTF-8,Failures of informed consent & the impact on women’s health,,2023-03-08,Patient Safety Learning,https://www.patientsafetylearning.org/blog/failures-of-informed-consent-and-the-impact-on-womens-health,,95f9aacf65e2103a70de.txt,e76708200117602cc117b96138b67de77824f5ab338800b3d33f9d396ce2f798
961e90f4feb0bcd41f05,https://pmc.ncbi.nlm.nih.gov/articles/PMC3953783,2026-09-29T19:32:57.765580+00:00,nih.gov,True,downloaded,200.0,https://pmc.ncbi.nlm.nih.gov/articles/PMC3953783/,211765.0,success,53967,8704,html,,The Relation Between Health Insurance and Health Care Disparities Among Adults With Disabilities,Nancy A Miller; Adele Kirk; Michael J Kaiser; Lukas Glos,2014-01-01,American Journal of Public Health,https://pmc.ncbi.nlm.nih.gov/articles/PMC3953783/,,961e90f4feb0bcd41f05.txt,44cff8b193ef31e9427e7c747c8ecec98f317c3fdeaf40f6500003e6c1ef9e28
963e81564704833497bb,https://fletc.gov/use-force-part-ii,2026-09-29T19:32:58.350994+00:00,fletc.gov,False,downloaded,403.0,https://fletc.gov/use-force-part-ii,388.0,not_extracted,0,0,,,,,,,,,,
96437a65a313b21480cf,https://investopedia.com/average-credit-scores-by-race-5214521,2026-09-29T19:32:59.207280+00:00,investopedia.com,False,downloaded,402.0,https://www.investopedia.com/average-credit-scores-by-race-5214521,612.0,not_extracted,0,0,,,,,,,,,,
96b5d1d99d7f8eff2928,https://nclrights.org/our-work/racial-economic-justice/criminalization-incarceration,2026-09-29T19:33:00.866108+00:00,nclrights.org,True,downloaded,200.0,https://www.nclrights.org/our-work/racial-economic-justice/criminalization-incarceration/,167322.0,success,2700,388,html,text/html; charset=UTF-8,Criminalization & Incarceration,,2020-03-27,National Center for LGBTQ Rights,https://www.nclrights.org/our-work/racial-economic-justice/criminalization-incarceration/,,96b5d1d99d7f8eff2928.txt,a9852fe4b70f7bdfbc41973d0cae77b34003ed3ff79ca949761dcb22d49e8793
96e1aa5d1d8f5d57c814,https://kff.org/racial-equity-and-health-policy/health-and-access-to-care-and-coverage-for-lesbian-gay-bisexual-and-transgender-individuals-in-the-u-s,2026-09-29T19:33:01.033881+00:00,kff.org,True,downloaded,200.0,https://www.kff.org/racial-equity-and-health-policy/health-and-access-to-care-and-coverage-for-lesbian-gay-bisexual-and-transgender-individuals-in-the-u-s/,319141.0,success,105273,15479,html,text/html; charset=UTF-8,"Health and Access to Care and Coverage for Lesbian, Gay, Bisexual, and Transgender (LGBT) Individuals in the U.S. | KFF",Jennifer Kates; Usha Ranji; Adara Beamesderfer; Alina Salganicoff; Lindsey Dawson,2018-05-03,"KFF - The independent source for health policy research, polling, and news",https://www.kff.org/racial-equity-and-health-policy/health-and-access-to-care-and-coverage-for-lesbian-gay-bisexual-and-transgender-individuals-in-the-u-s/,,96e1aa5d1d8f5d57c814.txt,dc8032330b47f4f9cb180658d23df659ac6cbad332d5a1c7c024736f5612e867
96e5f5dd953927f14fae,https://digitalcommons.unomaha.edu/cgi/viewcontent.cgi?article=1132&context=criminaljusticefacpub,2026-09-29T19:33:02.621174+00:00,unomaha.edu,False,downloaded,403.0,https://digitalcommons.unomaha.edu/cgi/viewcontent.cgi?article=1132&context=criminaljusticefacpub,5910.0,not_extracted,0,0,,,,,,,,,,
97a317c10001164144f7,https://the74million.org/article/how-colleges-seek-to-increase-diversity-without-relying-on-race-in-admissions,2026-09-29T19:33:03.279973+00:00,the74million.org,True,downloaded,200.0,https://www.the74million.org/article/how-colleges-seek-to-increase-diversity-without-relying-on-race-in-admissions/,88947.0,success,5333,807,html,text/html; charset=UTF-8,How Colleges Seek to Increase Diversity Without Relying on Race in Admissions,Lauren Foley,2023-12-31,the74million.org,https://www.the74million.org/article/how-colleges-seek-to-increase-diversity-without-relying-on-race-in-admissions/,,97a317c10001164144f7.txt,5032e9732c67d0bac362a57e352ae55861637b9cdc9a21ff9ad90c01ec0c7ba5
97aea39789c23a617380,https://healthaffairs.org/doi/10.1377/hlthaff.2025.00375,2026-09-29T19:33:05.031846+00:00,healthaffairs.org,False,downloaded,403.0,https://healthaffairs.org/doi/10.1377/hlthaff.2025.00375,5762.0,not_extracted,0,0,,,,,,,,,,
97c86398779a908977e2,https://youtube.com/watch?t=11&v=U1XvFSoUhWI,2026-09-29T19:33:05.085471+00:00,youtube.com,True,downloaded,200.0,https://www.youtube.com/watch?t=11&v=U1XvFSoUhWI,1356840.0,success,146,23,html,text/html; charset=utf-8,Gender Bias Creates A Culture Of Disbelief For Female Patients | Colene Arnold | TEDxPortsmouth,,2019-11-06,YouTube,https://www.youtube.com/watch?v=U1XvFSoUhWI,,97c86398779a908977e2.txt,8dbba17988e385133ba8f51d76cde1fc2c859262b666cb848e9cfe2478fd5e71
9859a6c614dec4ad2dde,https://williamsinstitute.law.ucla.edu/publications/lgbt-housing-instability,2026-09-29T19:33:07.962918+00:00,ucla.edu,True,downloaded,200.0,https://williamsinstitute.law.ucla.edu/publications/lgbt-housing-instability/,120147.0,success,9033,1373,html,text/html; charset=UTF-8,"LGBT People and Housing Affordability, Discrimination, and Homelessness",Loyal; Thisisloyal Com,2021-08-03,The Williams Institute at UCLA School of Law,https://williamsinstitute.law.ucla.edu/publications/lgbt-housing-instability/,,9859a6c614dec4ad2dde.txt,33202351118d0e4e8897c8799b773dcb431a002d502989250f0f1d83b420d6ea
98950a50d1ccbc545f46,https://apa.org/topics/lgbtq/lgbtq-inclusive-curricula,2026-09-29T19:33:08.189116+00:00,apa.org,True,downloaded,200.0,https://www.apa.org/topics/lgbtq/lgbtq-inclusive-curricula,212.0,empty_text,0,0,html,text/html,,,,apa.org,https://www.apa.org/topics/lgbtq/lgbtq-inclusive-curricula,,98950a50d1ccbc545f46.txt,e3b0c44298fc1c149afbf4c8996fb92427ae41e4649b934ca495991b7852b855
98dac0da412339e97486,https://ssa.gov/policy/docs/ssb/v62n2/v62n2p59.pdf,2026-09-29T19:33:08.909107+00:00,ssa.gov,False,exception,,,,failed,0,0,,,,,,,,,,
98ecfcdb32fedc2fbf7b,https://unidosus.org/publications/latinos-access-to-credit-remains-low-and-stratified,2026-09-29T19:33:09.489738+00:00,unidosus.org,True,downloaded,200.0,https://unidosus.org/publications/latinos-access-to-credit-remains-low-and-stratified/,128913.0,success,811,113,html,text/html; charset=UTF-8,Latinos’ Access to Credit Remains Low and Stratified,,2022-12-06,UnidosUS,https://unidosus.org/publications/latinos-access-to-credit-remains-low-and-stratified/,,98ecfcdb32fedc2fbf7b.txt,e6a57418a486d0667ec3faf4b3bd05de7ed3a8c7cfb3ba8b3767f2e57151891f
99060ea25907c911cab3,https://pt.scribd.com/document/817482123/Factors-That-Affect-Recruiting-Efforts,2026-09-29T19:33:11.937127+00:00,scribd.com,True,downloaded,200.0,https://pt.scribd.com/document/817482123/Factors-That-Affect-Recruiting-Efforts,1453704.0,success,3247,458,html,text/html; charset=utf-8,Factors That Affect Recruiting Efforts,,2026-09-29,Scribd,https://www.scribd.com/document/817482123/Factors-That-Affect-Recruiting-Efforts,,99060ea25907c911cab3.txt,051fcda4554b92aaa1b5e011a33d9f6ba22b2b5874ee6034031e0fc8d2e08ff6
99224d0508786007ccfa,https://universityhealth.com/public-health/factors-shaping-health/economic-stability/housing,2026-09-29T19:33:13.351143+00:00,universityhealth.com,True,downloaded,200.0,https://www.universityhealth.com/public-health/factors-shaping-health/economic-stability/housing,39797.0,success,4447,669,html,text/html; charset=utf-8,Impact of Housing Instability on Health | Institute for Public Health | University Health,,2026-01-01,University Health,https://www.universityhealth.com/public-health/factors-shaping-health/economic-stability/housing,,99224d0508786007ccfa.txt,ce53f292a5256f977d54a274c76e65ed041df2fa201971b79f344d073bd18630
99640cd5df9e0bc5835a,https://adata.org/research-brief/higher-education-and-ada,2026-09-29T19:33:13.622936+00:00,adata.org,True,downloaded,200.0,https://adata.org/research-brief/higher-education-and-ada/,59399.0,success,22712,3218,html,text/html; charset=UTF-8,Higher Education and the ADA,An ADA Knowledge Translation Center Research Brief,2019-01-01,ADATA.org,https://adata.org/research-brief/higher-education-and-ada/,,99640cd5df9e0bc5835a.txt,0c75a8f476f065f4e0a88a33ab6ccb905b8aa24c218d8d96f17f7789aef13671
99996a542e770306432e,https://pmc.ncbi.nlm.nih.gov/articles/PMC11227074,2026-09-29T19:33:18.723010+00:00,nih.gov,True,downloaded,200.0,https://pmc.ncbi.nlm.nih.gov/articles/PMC11227074/,243981.0,success,54138,8096,html,,"Medicare Eligibility and Changes in Coverage, Access to Care, and Health by Sexual Orientation and Gender Identity",Kyle A Gavulic; Jacob Wallace,2024-07-05,JAMA Health Forum,https://pmc.ncbi.nlm.nih.gov/articles/PMC11227074/,,99996a542e770306432e.txt,be4133714d4f187ddb749498dafe59093087cbc1006e0593793fd079ee7cf61e
99af1948f1c3afd554e9,https://aclu.org/news/racial-justice/why-access-to-education-is-key-to-systemic-equality,2026-09-29T19:33:19.000563+00:00,aclu.org,True,downloaded,200.0,https://www.aclu.org/news/racial-justice/why-access-to-education-is-key-to-systemic-equality,83358.0,success,10739,1586,html,text/html; charset=UTF-8,Why Access to Education is Key to Systemic Equality | ACLU,,2023-09-06,American Civil Liberties Union,https://www.aclu.org/news/racial-justice/why-access-to-education-is-key-to-systemic-equality,,99af1948f1c3afd554e9.txt,a1962df7e88bec9216441b527a1f5107752205107b4d9391aeb5157a876233fa
99c69d53668c6423d6d7,https://covenanthouse.org/homeless-issues/lgbtq-youth,2026-09-29T19:33:19.095223+00:00,covenanthouse.org,True,downloaded,200.0,https://www.covenanthouse.org/homeless-issues/lgbtq-youth,117099.0,success,4743,742,html,,LGBTQ+ Young People Face Higher Risks of Homelessness,,2026-01-01,Covenant House,https://www.covenanthouse.org/homeless-issues/lgbtq-youth,,99c69d53668c6423d6d7.txt,89b6e8c7debe7c498748cf439598b3676296fc334e2751873472fca2db8cd8af
99e26747bdd41a1ac5ed,https://aclu.org/issues/racial-justice/race-and-criminal-justice,2026-09-29T19:33:19.288443+00:00,aclu.org,True,downloaded,200.0,https://www.aclu.org/issues/racial-justice/race-and-criminal-justice,67914.0,success,3365,490,html,text/html; charset=UTF-8,Race and Criminal Justice | American Civil Liberties Union,,2025-06-17,American Civil Liberties Union,https://www.aclu.org/issues/racial-justice/race-and-criminal-justice,,99e26747bdd41a1ac5ed.txt,83ddc7bd1af222e0176998f80351ecc701b32b1113f34c5f7e3c640faecc5be9
9a40d572458dfb0c3d35,https://americanprogress.org/article/lgbt-communities-and-the-affordable-care-act,2026-09-29T19:33:20.506849+00:00,americanprogress.org,False,downloaded,403.0,https://www.americanprogress.org/article/lgbt-communities-and-the-affordable-care-act,5848.0,not_extracted,0,0,,,,,,,,,,
9a800e6ee984f709db40,https://ndrn.org/resource/protect-the-rights-of-people-with-disabilities-involved-with-the-criminal-justice-system-the-need-for-a-criminal-justice-pa,2026-09-29T19:33:23.627093+00:00,ndrn.org,True,downloaded,200.0,https://www.ndrn.org/resource/protect-the-rights-of-people-with-disabilities-involved-with-the-criminal-justice-system-the-need-for-a-criminal-justice-pa/,82781.0,success,5320,789,html,text/html; charset=UTF-8,Protect the Rights of People with Disabilities Involved with the Criminal Justice System – The Need for a Criminal Justice P&A - NDRN,,2021-10-04,National Disability Rights Network,https://www.ndrn.org/resource/protect-the-rights-of-people-with-disabilities-involved-with-the-criminal-justice-system-the-need-for-a-criminal-justice-pa/,,9a800e6ee984f709db40.txt,8bd5aedf00f01152f754e1bf284d028447d70c231e193c4e393239a7dcab1581
9a9832e4b17a35949138,https://publichealth.jhu.edu/2026/new-study-identifies-racial-inequality-in-us-hospital-admissions,2026-09-29T19:33:23.802003+00:00,jhu.edu,False,downloaded,403.0,https://publichealth.jhu.edu/2026/new-study-identifies-racial-inequality-in-us-hospital-admissions,5516.0,not_extracted,0,0,,,,,,,,,,
9abdcaaa522304c8940a,https://pmc.ncbi.nlm.nih.gov/articles/PMC10920988,2026-09-29T19:33:27.051721+00:00,nih.gov,True,downloaded,200.0,https://pmc.ncbi.nlm.nih.gov/articles/PMC10920988/,192590.0,success,50750,7965,html,,The factors influencing patient safety management as perceived by emergency department nurses: A qualitative study,Fateme Mohammadi; Sanaz Rustaee; Mostafa Bijani,2024-03-07,Nursing Open,https://pmc.ncbi.nlm.nih.gov/articles/PMC10920988/,,9abdcaaa522304c8940a.txt,aff155be899a36873bf3cbec99d4a10465a959b13a1fe200cc5a7a2ded1263fe
9acebb2b4972976061b3,https://jchs.harvard.edu/blog/locked-out-why-homeownership-out-reach-many-young-hispanic-families,2026-09-29T19:33:27.077947+00:00,harvard.edu,False,downloaded,403.0,https://jchs.harvard.edu/blog/locked-out-why-homeownership-out-reach-many-young-hispanic-families,5879.0,not_extracted,0,0,,,,,,,,,,
9ad09606649d629f8374,https://ablelight.org/blog/housing-insecurity,2026-09-29T19:33:27.094454+00:00,ablelight.org,True,downloaded,200.0,https://ablelight.org/blog/housing-insecurity/,389821.0,success,3306,480,html,text/html; charset=UTF-8,Addressing Housing Insecurity for People with Developmental Disabilities,Jrzeznik,2025-01-15,AbleLight,https://ablelight.org/blog/housing-insecurity/,,9ad09606649d629f8374.txt,8925c2d8e2e3a852b8d7f1f0d6a274a77015b0778c25393febce28814483132f
9ad78ce97758a2ea4a4e,https://youtube.com/watch?t=169s&v=iuzDLci1wF4,2026-09-29T19:33:27.561902+00:00,youtube.com,True,downloaded,200.0,https://www.youtube.com/watch?t=169s&v=iuzDLci1wF4,1358785.0,success,146,23,html,text/html; charset=utf-8,Why Your Student With a Disability Is Being Bullied (And What You're Missing),,2026-06-20,YouTube,https://www.youtube.com/watch?v=iuzDLci1wF4,,9ad78ce97758a2ea4a4e.txt,8dbba17988e385133ba8f51d76cde1fc2c859262b666cb848e9cfe2478fd5e71
9aec60b82b2d890523a6,https://onlineprograms.sacredheart.edu/resources/gender-bias-in-healthcare,2026-09-29T19:33:31.977850+00:00,sacredheart.edu,True,downloaded,200.0,https://onlineprograms.sacredheart.edu/resources/gender-bias-in-healthcare/,56585.0,success,9064,1345,html,text/html; charset=UTF-8,Gender Bias in Healthcare: The Role of Nurses,Jessica Garcia Velez,2025-01-24,Sacred Heart University,https://onlineprograms.sacredheart.edu/resources/gender-bias-in-healthcare/,,9aec60b82b2d890523a6.txt,e3526e5eff981962c6214787daf45a3a56281b01614a22f1477a25de9642e7b9
9bbcec228eccee0de9db,https://employees.crc.losrios.edu/docs/crc/crc-inside/guided-pathways/engaging-latino-parents-in-supporting-college-pathways.pdf,2026-09-29T19:33:33.493398+00:00,losrios.edu,True,downloaded,200.0,https://employees.crc.losrios.edu/docs/crc/crc-inside/guided-pathways/engaging-latino-parents-in-supporting-college-pathways.pdf,118721.0,success,60962,9537,pdf,application/pdf,,,,,,,9bbcec228eccee0de9db.txt,3cc926ab8c81b38b240d85bc6864915d12d81c3eda1878d97a67035bc799ede9
9bc1f9452a3392119c5b,https://pmc.ncbi.nlm.nih.gov/articles/PMC10012821,2026-09-29T19:33:33.496300+00:00,nih.gov,True,downloaded,200.0,https://pmc.ncbi.nlm.nih.gov/articles/PMC10012821,21371.0,success,131,18,html,,Checking your browser,,2026-09-11,google.com,https://www.google.com/recaptcha/challengepage,,9bc1f9452a3392119c5b.txt,a29166d0eaaa418bd5af61a282f1183a46c84c4d5e4c90689b1b452d230d05cc
9bd92a39c6f1fd3bfb75,https://journals.sagepub.com/doi/10.1177/21651434231154584,2026-09-29T19:33:34.490781+00:00,sagepub.com,False,downloaded,403.0,https://journals.sagepub.com/doi/10.1177/21651434231154584,5783.0,not_extracted,0,0,,,,,,,,,,
9c24d2589dfff1c4b2af,https://sciencedirect.com/science/article/abs/pii/S0749379714004966,2026-09-29T19:33:36.716643+00:00,sciencedirect.com,False,downloaded,403.0,https://www.sciencedirect.com/science/article/abs/pii/S0749379714004966,1207947.0,not_extracted,0,0,,,,,,,,,,
9c41a280e48ec02f74f9,https://equalrightscenter.org/equal-access-hud-2026,2026-09-29T19:33:37.569862+00:00,equalrightscenter.org,True,downloaded,200.0,https://equalrightscenter.org/equal-access-hud-2026/,135262.0,success,3640,550,html,text/html; charset=UTF-8,HUD Proposal Endangers Transgender People Experiencing Homelessness,Equal Rights Center,2026-06-04,Equal Rights Center,https://equalrightscenter.org/equal-access-hud-2026/,,9c41a280e48ec02f74f9.txt,6b71a1ca427b024d0247daca3e09b76a8cfb6ccb8074bab1ff8baf605f2034d4
9c4b78e37ebc9e7d5597,https://pmc.ncbi.nlm.nih.gov/articles/PMC4425261,2026-09-29T19:33:37.689324+00:00,nih.gov,True,downloaded,200.0,https://pmc.ncbi.nlm.nih.gov/articles/PMC4425261,21368.0,success,131,18,html,,Checking your browser,,2026-09-11,google.com,https://www.google.com/recaptcha/challengepage,,9c4b78e37ebc9e7d5597.txt,a29166d0eaaa418bd5af61a282f1183a46c84c4d5e4c90689b1b452d230d05cc
9c703aaa24ad04b1061f,https://google.com/url?cd=&opi=89978449&psig=AOvVaw14yVjtFUS6POL4AZJ_NV2n&rct=j&sa=i&source=web&uoh=2&url=CAESxgEB6zswFaLpSucc1RaAgzEcgQFG3B9csShvwEFhShINyjFzn-pBw7Hakg6TxXhrL9hw5PhWUEqy83kqN4X-eA3eeelf3mGMDTKU1xrtb7_5JOOWFQ7rcAagaJuyaBQ5fwL3-YX8m-O1UEe9d4RTUpGKxBKthBXxOWr43tiIb6NnIBk5QUqxtplZbvnHLmqsNO1UiJ5ChWRna37Nkf2MMS3DkNwEbo7B0DCVc7p_-FtaW9GWg0JCLAgZW7lC7sSaXQPWT0qehXk&ust=1790738666917000&ved=2ahUKEwj02aTC65KXAxVXlWoFHbflN4kQ1fkOegoIAggACAAIIBAL,2026-09-29T19:33:38.667917+00:00,google.com,False,robots_disallowed,,,,not_extracted,0,0,,,,,,,,,,
9c805746e577ff080d0d,https://digitalcommons.providence.edu/cgi/viewcontent.cgi?article=1122&context=sbg,2026-09-29T19:33:38.668141+00:00,providence.edu,False,downloaded,403.0,https://digitalcommons.providence.edu/cgi/viewcontent.cgi?article=1122&context=sbg,5837.0,not_extracted,0,0,,,,,,,,,,
9c81b82c150d8c502c52,https://youtube.com/watch?t=15s&v=o7yuBCVaX8Q,2026-09-29T19:33:39.991045+00:00,youtube.com,True,downloaded,200.0,https://www.youtube.com/watch?t=15s&v=o7yuBCVaX8Q,1310520.0,success,146,23,html,text/html; charset=utf-8,Crime vs. Class: Unveiling the U.S. Prison System,,2023-09-06,YouTube,https://www.youtube.com/watch?v=o7yuBCVaX8Q,,9c81b82c150d8c502c52.txt,8dbba17988e385133ba8f51d76cde1fc2c859262b666cb848e9cfe2478fd5e71
9c83fec30b1ed70e82ae,https://pmc.ncbi.nlm.nih.gov/articles/PMC5472072,2026-09-29T19:33:39.992087+00:00,nih.gov,True,downloaded,200.0,https://pmc.ncbi.nlm.nih.gov/articles/PMC5472072/,113100.0,success,11540,1533,html,,Bioethics in Practice: Ethical Issues in the Care of Transgender Patients,Miranda Hann; Robin Ivester; G Dodd Denton,2013-10-01,The Ochsner Journal,https://pmc.ncbi.nlm.nih.gov/articles/PMC5472072/,,9c83fec30b1ed70e82ae.txt,530786da12f6ba36026c0de7568ff2c1a04b34cc51ba0637c09c75a715420869
9c8778bb46fa8eb44702,https://americanprogress.org/article/recognizing-addressing-housing-insecurity-disabled-renters,2026-09-29T19:33:40.368877+00:00,americanprogress.org,False,downloaded,403.0,https://www.americanprogress.org/article/recognizing-addressing-housing-insecurity-disabled-renters,5911.0,not_extracted,0,0,,,,,,,,,,
9ce2fb171a6bfa4ef5c2,https://americanbar.org/groups/crsj/resources/human-rights/archive/racial-ethnic-disparities-employer-sponsored-health-coverage,2026-09-29T19:33:40.480019+00:00,americanbar.org,False,downloaded,403.0,https://americanbar.org/groups/crsj/resources/human-rights/archive/racial-ethnic-disparities-employer-sponsored-health-coverage,6035.0,not_extracted,0,0,,,,,,,,,,
9cfec005d1e53f63a932,https://gillbranstetter.medium.com/transgender-people-incarceration-a-guide-for-reporters-ebd3c27feb8a,2026-09-29T19:33:40.794905+00:00,medium.com,False,downloaded,403.0,https://gillbranstetter.medium.com/transgender-people-incarceration-a-guide-for-reporters-ebd3c27feb8a,5402.0,not_extracted,0,0,,,,,,,,,,
9d091f0eefab73b697bc,https://transcen.org/top-10-reasons-to-hire-an-applicant-with-a-disability,2026-09-29T19:33:40.910264+00:00,transcen.org,True,downloaded,200.0,https://www.transcen.org/top-10-reasons-to-hire-an-applicant-with-a-disability/,101429.0,success,2253,328,html,text/html; charset=UTF-8,"Top 10 Reasons to Hire an Applicant with a Disability - TransCen, Inc",,2025-04-07,"TransCen, Inc",https://www.transcen.org/top-10-reasons-to-hire-an-applicant-with-a-disability/,,9d091f0eefab73b697bc.txt,0d1991ae6fab6a533693a2fc4331a7d7dfc1e7fbb483745cb12a924897e28a81
9d3617d27a486423fd7f,https://thedecisionlab.com/big-problems/reducing-administrative-burden-in-public-services,2026-09-29T19:33:42.449585+00:00,thedecisionlab.com,True,downloaded,200.0,https://thedecisionlab.com/big-problems/reducing-administrative-burden-in-public-services,336209.0,success,29149,4359,html,text/html; charset=utf-8,Reducing Administrative Burden in Public Services - The Decision Lab,Maryam Sorkhou,2026-05-06,The Decision Lab,https://thedecisionlab.com/big-problems/reducing-administrative-burden-in-public-services,,9d3617d27a486423fd7f.txt,233057ed3922c53706700e70c45780dc0a46a1c0758152737d4f76261b670b62
9d4691da4bdd22942dd8,https://salud-america.org/when-continuous-medicaid-renewal-ended-latinos-and-black-individuals-were-twice-as-likely-to-lose-coverage,2026-09-29T19:33:43.464590+00:00,salud-america.org,True,downloaded,200.0,https://salud-america.org/when-continuous-medicaid-renewal-ended-latinos-and-black-individuals-were-twice-as-likely-to-lose-coverage/,77596.0,success,7621,1179,html,text/html; charset=UTF-8,Latinos Among Those Twice as Likely to Lose Medicaid Coverage When Continuous Renewal Ended - Salud America,Catherine Stewart,2024-07-01,Salud America!,https://salud-america.org/when-continuous-medicaid-renewal-ended-latinos-and-black-individuals-were-twice-as-likely-to-lose-coverage/,,9d4691da4bdd22942dd8.txt,8123d9f993ba4b9d0761c333985114fb00ad30599fe2261a959a1599b4e800d6
9dbfeda781835561aba8,https://policylab.rutgers.edu/publication/understanding-low-insurance-rates-among-the-hispanic-population-in-new-jersey,2026-09-29T19:33:43.639773+00:00,rutgers.edu,True,downloaded,200.0,https://policylab.rutgers.edu/publication/understanding-low-insurance-rates-among-the-hispanic-population-in-new-jersey/,119995.0,success,4463,641,html,text/html; charset=UTF-8,Understanding Low Insurance Rates Among the Hispanic Population in New Jersey - New Jersey State Policy Lab,Eric Tuvel,2024-10-25,"New Jersey State Policy Lab - The New Jersey State Policy Lab (NJSPL) conducts rigorous, evidence-based policy research for communities in the Garden State.",https://policylab.rutgers.edu/publication/understanding-low-insurance-rates-among-the-hispanic-population-in-new-jersey/,,9dbfeda781835561aba8.txt,8927b14479fd5f827f46175a845a4495a4c7ec84e169b86329240dc0d264fed9
9dc178fec2d13435a140,https://desertrockcapital.com/blogs/7-factors-that-affect-loan-approval-beyond-your-credit-score,2026-09-29T19:33:44.267050+00:00,desertrockcapital.com,True,downloaded,200.0,https://www.desertrockcapital.com/blogs/7-factors-that-affect-loan-approval-beyond-your-credit-score,213790.0,success,1796,309,html,text/html,7 Factors That Affect Loan Approval Beyond Your Credit Score,,2026-04-11,Desert Rock Capital,https://www.desertrockcapital.com/blogs/7-factors-that-affect-loan-approval-beyond-your-credit-score,,9dc178fec2d13435a140.txt,0804a83414dfd2d6afc054087de90bf8f1adc077d7c9ba6e2ad063d71608aab6
9dff56c58f614b20ee68,https://medstarhealth.org/blog/racism-patient-safety-action,2026-09-29T19:33:47.821850+00:00,medstarhealth.org,False,downloaded,403.0,https://medstarhealth.org/blog/racism-patient-safety-action,7211.0,not_extracted,0,0,,,,,,,,,,
9e11e5b7cade8b5d5730,https://cdrnys.org/blog/advocacy/employers-desire-talent-of-people-with-disabilities,2026-09-29T19:33:47.898174+00:00,cdrnys.org,False,exception,,,,failed,0,0,,,,,,,,,,
9e174cc4ac3524bbc6a6,https://ivycoach.com/the-ivy-coach-blog/college-admissions/lgbtq-college-admissions,2026-09-29T19:33:48.798637+00:00,ivycoach.com,False,downloaded,403.0,https://ivycoach.com/the-ivy-coach-blog/college-admissions/lgbtq-college-admissions,52.0,not_extracted,0,0,,,,,,,,,,
9e4b49becfb9a382018a,https://sciencedirect.com/science/article/abs/pii/S0047235204000637,2026-09-29T19:33:49.720131+00:00,sciencedirect.com,False,downloaded,403.0,https://www.sciencedirect.com/science/article/abs/pii/S0047235204000637,1207947.0,not_extracted,0,0,,,,,,,,,,
9e50b890fa6e5a6b97f2,https://counciloncj.org/womens-justice-a-preliminary-assessment-of-women-in-the-criminal-justice-system,2026-09-29T19:33:50.934367+00:00,counciloncj.org,True,downloaded,200.0,https://counciloncj.org/womens-justice-a-preliminary-assessment-of-women-in-the-criminal-justice-system/,1143886.0,success,295458,38988,html,text/html; charset=UTF-8,Women's Justice: A Preliminary Assessment of Women in the Criminal Justice System - Council on Criminal Justice,Rachel Yen,2024-07-09,Council on Criminal Justice,https://counciloncj.org/womens-justice-a-preliminary-assessment-of-women-in-the-criminal-justice-system/,,9e50b890fa6e5a6b97f2.txt,5de663cbd88ad899d144f4df255587ddfe001ee44fab6fa30ddc66df9839d9ec
9e78830e1b3edd468c7a,https://files.kff.org/attachment/Issue-Brief-Health-and-Access-to-Care-and-Coverage-for-LGBT-Individuals-in-the-US,2026-09-29T19:33:52.130369+00:00,kff.org,True,downloaded,200.0,https://files.kff.org/attachment/Issue-Brief-Health-and-Access-to-Care-and-Coverage-for-LGBT-Individuals-in-the-US,1105758.0,success,112149,15920,pdf,application/pdf,,,,,,,9e78830e1b3edd468c7a.txt,4707bf92c630124bf17f44bf543c17256c6c969d1f7cca72e47c259bc461cefe
9ebbff37fe07a5b14a24,https://money.usnews.com/credit-cards/articles/how-race-affects-your-credit-score,2026-09-29T19:33:52.946844+00:00,usnews.com,True,downloaded,200.0,https://money.usnews.com/credit-cards/articles/how-race-affects-your-credit-score,2617.0,success,32,5,html,text/html,,,,money.usnews.com,https://money.usnews.com/credit-cards/articles/how-race-affects-your-credit-score,,9ebbff37fe07a5b14a24.txt,1107760f847d7fd8d12f9c4f9e02bee0a3995c2196fc0fcf2bb4180bbc20b7d0
9eeaf114db9ef6a79220,https://reveliolabs.com/news/macro/are-men-actually-being-left-behind-in-entry-level-hiring,2026-09-29T19:33:53.051019+00:00,reveliolabs.com,True,downloaded,200.0,https://www.reveliolabs.com/news/macro/are-men-actually-being-left-behind-in-entry-level-hiring,180528.0,success,3596,549,html,text/html; charset=utf-8,Are Men Actually Being Left Behind in Entry-Level Hiring?,,2025-10-28,Revelio Labs,https://www.reveliolabs.com/news/macro/are-men-actually-being-left-behind-in-entry-level-hiring,,9eeaf114db9ef6a79220.txt,5056f2b520148689ef2f41cac04f6637308fcbd73428f555bf3b7243e7a320fb
9eec732e3bedb19ae9a7,https://thearc.org/blog/testimony-the-crucial-importance-of-social-security-benefits-for-people-with-disabilities,2026-09-29T19:33:53.491934+00:00,thearc.org,True,downloaded,200.0,https://thearc.org/blog/testimony-the-crucial-importance-of-social-security-benefits-for-people-with-disabilities,182076.0,success,5271,841,html,text/html; charset=UTF-8,The Importance of Social Security Benefits for People With Disabilities,Pam Katz,2022-05-17,The Arc of the United States,https://thearc.org/blog/testimony-the-crucial-importance-of-social-security-benefits-for-people-with-disabilities/,,9eec732e3bedb19ae9a7.txt,3a267dce317cc134ff15fbe47dec37c1f5d7675a77039cbb4fd01cffacd7f810
9eedf36b5c7ef367f8b7,https://startdisability.com/perspectives/transgender-apply-ssdi,2026-09-29T19:33:53.596540+00:00,startdisability.com,True,downloaded,200.0,https://www.startdisability.com/perspectives/transgender-apply-ssdi,147685.0,success,8559,1226,html,text/html;charset=utf-8,Transgender Applicants and SSDI: What You Need to Know (2025 Update) — Start Disability,Jacky Writes,2019-05-28,Start Disability,https://www.startdisability.com/perspectives/transgender-apply-ssdi,,9eedf36b5c7ef367f8b7.txt,d02c3ec1c231e2b3d4874b86cb1ea593ff346a7d7d2b6aae69391af465102d49
9ef36a0ea05744e6d3d9,https://aclu.org/publications/policing-progress-findings-from-a-national-survey-of-lgbtq-peoples-experiences-with-law-enforcement,2026-09-29T19:33:57.456663+00:00,aclu.org,True,downloaded,200.0,https://www.aclu.org/publications/policing-progress-findings-from-a-national-survey-of-lgbtq-peoples-experiences-with-law-enforcement,46494.0,success,7571,1113,html,text/html; charset=UTF-8,Policing Progress: Findings from a National Survey of LGBTQ+ People’s Experiences with Law Enforcement | American Civil Liberties Union,,2024-04-30,American Civil Liberties Union,https://www.aclu.org/publications/policing-progress-findings-from-a-national-survey-of-lgbtq-peoples-experiences-with-law-enforcement,,9ef36a0ea05744e6d3d9.txt,4e166cb8e9552eb6d82dd4ca1d2a1feb6ca57db9fddb90fa74cc93b2817d032d
9ef3f2795864b6de90e3,https://appliedpolicebriefings.com/index.php/APB/article/download/5577/3941/17920,2026-09-29T19:33:57.688503+00:00,appliedpolicebriefings.com,False,robots_disallowed,,,,not_extracted,0,0,,,,,,,,,,
9ef4aa9dbc828ef439ad,https://bcg.com/publications/2021/unbanked-and-underbanked-households-breaking-down-the-myths-towards-racial-equity-in-banking,2026-09-29T19:33:57.688768+00:00,bcg.com,True,downloaded,200.0,https://www.bcg.com/publications/2021/unbanked-and-underbanked-households-breaking-down-the-myths-towards-racial-equity-in-banking,944679.0,success,15695,2432,html,text/html;charset=UTF-8,Racial Equity in Banking Starts with Busting the Myths,Kedra Newsom Reeves; Mindy Hauptman; Ryan Curley; Brian O’Malley,2021-01-26,Boston Consulting Group,https://www.bcg.com/publications/2021/unbanked-and-underbanked-households-breaking-down-the-myths-towards-racial-equity-in-banking,,9ef4aa9dbc828ef439ad.txt,e8ab5a632dbf9b7467c56c46cecfb878cd58a0747a739a3353c0f0061dad7c0e
9f0d36b534211764ea78,https://thepeopleconcern.org/the-intersection-of-womanhood-and-homelessness,2026-09-29T19:33:58.456652+00:00,thepeopleconcern.org,True,downloaded,200.0,https://thepeopleconcern.org/the-intersection-of-womanhood-and-homelessness/,294489.0,success,5781,860,html,text/html; charset=UTF-8,The Intersection of Womanhood and Homelessness - The People Concern,Becanty kouakou,2020-05-28,The People Concern,https://thepeopleconcern.org/the-intersection-of-womanhood-and-homelessness/,,9f0d36b534211764ea78.txt,292752bb88055be939eee3bd00bd40cf8fad2821389b1c1074cfa8a095a301d9
9f131ec44d02efd87389,https://pmc.ncbi.nlm.nih.gov/articles/PMC12731415,2026-09-29T19:34:04.149408+00:00,nih.gov,True,downloaded,200.0,https://pmc.ncbi.nlm.nih.gov/articles/PMC12731415,21371.0,success,131,18,html,,Checking your browser,,2026-09-11,google.com,https://www.google.com/recaptcha/challengepage,,9f131ec44d02efd87389.txt,a29166d0eaaa418bd5af61a282f1183a46c84c4d5e4c90689b1b452d230d05cc
9f72e7adeef746d87e6d,https://tandfonline.com/doi/full/10.1080/00131881.2026.2667770,2026-09-29T19:34:04.553681+00:00,tandfonline.com,False,downloaded,403.0,https://tandfonline.com/doi/full/10.1080/00131881.2026.2667770,5826.0,not_extracted,0,0,,,,,,,,,,
9f78543b2ef115bd6b40,https://pmc.ncbi.nlm.nih.gov/articles/PMC5060404,2026-09-29T19:34:04.715761+00:00,nih.gov,True,downloaded,200.0,https://pmc.ncbi.nlm.nih.gov/articles/PMC5060404/,168399.0,success,34348,5179,html,,Patient involvement in patient safety: what factors influence patient participation and engagement?,Rachel E Davis; Rosamond Jacklin; Nick Sevdalis; Charles A Vincent,2007-07-06,Health Expectations : An International Journal of Public Participation in Health Care and Health Policy,https://pmc.ncbi.nlm.nih.gov/articles/PMC5060404/,,9f78543b2ef115bd6b40.txt,b3262a4a4ee77e2baf8efb83c5a29a07c6ca37b41b2440db906a6d5b5767d952
9f983c14d9f5c79c2f1f,https://urban.org/research/publication/why-are-there-gaps-lgbtq-homeownership,2026-09-29T19:34:07.761154+00:00,urban.org,False,downloaded,403.0,https://www.urban.org/research/publication/why-are-there-gaps-lgbtq-homeownership,5901.0,not_extracted,0,0,,,,,,,,,,
9fa57b22a07bfda13c4d,https://cgap.org/topics/collections/addressing-gender-norms,2026-09-29T19:34:08.258154+00:00,cgap.org,True,downloaded,200.0,https://www.cgap.org/topics/collections/addressing-gender-norms,82092.0,success,1251,175,html,text/html; charset=utf-8,Addressing Gender Norms for Lasting Transformation,,2025-10-02,CGAP,https://www.cgap.org/topics/collections/addressing-gender-norms,,9fa57b22a07bfda13c4d.txt,ab0ec2f5a78e17212b52c88fc9aac9b8fd0f2f0ec082b722041d8e1b52863d0b
9faf994dc772d645259f,https://medstarhealth.org/quality-and-patient-safety,2026-09-29T19:34:08.465437+00:00,medstarhealth.org,False,downloaded,403.0,https://medstarhealth.org/quality-and-patient-safety,7211.0,not_extracted,0,0,,,,,,,,,,
9fc7410a3371a7412646,https://openknowledge.worldbank.org/entities/publication/a6d11cb5-5081-5c71-a5fd-0acd8f1c6d47,2026-09-29T19:34:09.658506+00:00,worldbank.org,True,downloaded,200.0,https://openknowledge.worldbank.org/entities/publication/a6d11cb5-5081-5c71-a5fd-0acd8f1c6d47,1055031.0,success,9049,1275,html,text/html; charset=utf-8,Open Knowledge Repository,World Bank,2008-12-01,openknowledge.worldbank.org,https://openknowledge.worldbank.org/entities/publication/a6d11cb5-5081-5c71-a5fd-0acd8f1c6d47,,9fc7410a3371a7412646.txt,357aeaaa9ffd815f4cf918909b9ffca19dde9ae9fd0884148c2952bc66e538c5
9fe580c39d4dd212b1b1,https://urban.org/racial-equity-analytics-lab/structural-racism-explainer-collection/causes-and-consequences-separate-and-unequal-neighborhoods,2026-09-29T19:34:11.520601+00:00,urban.org,False,downloaded,403.0,https://www.urban.org/racial-equity-analytics-lab/structural-racism-explainer-collection/causes-and-consequences-separate-and-unequal-neighborhoods,6184.0,not_extracted,0,0,,,,,,,,,,
9ff9a124f328f28f4ab6,https://healthytexaswomen.org/healthcare-programs/family-planning-program/fpp-who-can-apply,2026-09-29T19:34:13.918868+00:00,healthytexaswomen.org,True,downloaded,200.0,https://www.healthytexaswomen.org/healthcare-programs/family-planning-program/fpp-who-can-apply,40715.0,success,629,133,html,text/html; charset=utf-8,FPP: Who Can Apply,,2026-03-01,healthytexaswomen.org,https://www.healthytexaswomen.org/healthcare-programs/family-planning-program/fpp-who-can-apply,,9ff9a124f328f28f4ab6.txt,41c25c5e0b46a7454c7f3e88c938db0d34f0342ed396aaab2f15f0a11ac8e683
a00e70ab94b153c4de64,https://azcentralcu.org/blog/financial-challenges-latinos,2026-09-29T19:34:14.634396+00:00,azcentralcu.org,True,downloaded,200.0,https://www.azcentralcu.org/blog/financial-challenges-latinos/,1496845.0,success,7402,1098,html,text/html; charset=UTF-8,6 Financial Challenges Facing Latinos – And How to Overcome Them,Ralph Zubiate,2025-04-22,Arizona Central Credit Union,https://www.azcentralcu.org/blog/financial-challenges-latinos/,,a00e70ab94b153c4de64.txt,452ef2e7d7d4698b59e66989fc0df003563115d967ebf5c763bb70caa5fbad5f
a07714e05e0ab664b094,https://nwlc.org/resource/turning-to-fairness-insurance-discrimination-against-women-today-and-the-affordable-care-act,2026-09-29T19:34:18.377196+00:00,nwlc.org,True,downloaded,200.0,https://nwlc.org/resource/turning-to-fairness-insurance-discrimination-against-women-today-and-the-affordable-care-act/,273244.0,success,4810,740,html,text/html; charset=UTF-8,Turning to Fairness: Insurance Discrimination Against Women Today and the Affordable Care Act - National Women's Law Center,,2026-03-06,National Women's Law Center,https://nwlc.org/resource/turning-to-fairness-insurance-discrimination-against-women-today-and-the-affordable-care-act/,,a07714e05e0ab664b094.txt,133fea7a720dd0e3a9f43bbb08749d747f68a906f8a1396150c402b268f9e5f3
a0c2dc44bbfb5c3e5937,https://facebook.com/NationalDisability/posts/every-customer-deserves-to-feel-respected-understood-and-supportedhere-are-three/1166575638836980,2026-09-29T19:34:18.472854+00:00,facebook.com,False,robots_disallowed,,,,not_extracted,0,0,,,,,,,,,,
a13a0493314c83bf6a66,https://americanimmigrationcouncil.org/blog/undocumented-immigrants-snap-medicaid-benefits,2026-09-29T19:34:18.473082+00:00,americanimmigrationcouncil.org,False,downloaded,403.0,https://americanimmigrationcouncil.org/blog/undocumented-immigrants-snap-medicaid-benefits,5880.0,not_extracted,0,0,,,,,,,,,,
a148b6ae1e937e8e7976,https://forbes.com/sites/shelleystewart/2023/05/07/closing-the-financial-inclusion-gaps-for-black-americans,2026-09-29T19:34:19.337233+00:00,forbes.com,False,downloaded,403.0,https://forbes.com/sites/shelleystewart/2023/05/07/closing-the-financial-inclusion-gaps-for-black-americans,773.0,not_extracted,0,0,,,,,,,,,,
a151b11edce0efaa06fd,https://all4ed.org/future-ready-schools/emerging-practices-guides/ensuring-equity-access-and-inclusion-for-all,2026-09-29T19:34:19.637629+00:00,all4ed.org,True,downloaded,200.0,https://all4ed.org/future-ready-schools/emerging-practices-guides/ensuring-equity-access-and-inclusion-for-all/,355394.0,success,9622,1275,html,text/html; charset=UTF-8,"Ensuring Equity, Access, and Inclusion for All | All4Ed",,2023-06-22,All4Ed | Equity. Justice. Education.,https://all4ed.org/future-ready-schools/emerging-practices-guides/ensuring-equity-access-and-inclusion-for-all/,,a151b11edce0efaa06fd.txt,1c7a8c4c354437e58294ad10ee0c087fb0c58d65016b4cc35cb009a31367c0c8
a166231099c7b016c673,https://law.georgetown.edu/poverty-journal/blog/anti-lgbtq-discrimination-and-barriers-to-accessing-public-benefits,2026-09-29T19:34:21.633120+00:00,georgetown.edu,False,exception,,,,failed,0,0,,,,,,,,,,
a16c66827fff4ce57751,https://equalrightscenter.org/ada-35-inaccessible-housing,2026-09-29T19:34:23.981177+00:00,equalrightscenter.org,True,downloaded,200.0,https://equalrightscenter.org/ada-35-inaccessible-housing/,140898.0,success,11475,1736,html,text/html; charset=UTF-8,"On the ADA’s 35th Anniversary, Inaccessible Housing Remains a Profound Barrier for People with Disabilities",Equal Rights Center,2025-07-17,Equal Rights Center,https://equalrightscenter.org/ada-35-inaccessible-housing/,,a16c66827fff4ce57751.txt,04eeed59e36bad4d6ca7140bbb3072475491ec71ef8b3dab9b5b6ad87fdeae70
a176d27784d1856ca9ba,https://pmc.ncbi.nlm.nih.gov/articles/PMC9660423,2026-09-29T19:34:24.499535+00:00,nih.gov,True,downloaded,200.0,https://pmc.ncbi.nlm.nih.gov/articles/PMC9660423/,184565.0,success,47831,7640,html,,Avoiding Medicaid enrollment after the reversal of the changes in the public charge rule among Latino and Asian immigrants,Arturo Vargas Bustamante; Lucía Félix‐Beltrán; Joseph Nwadiuko; Alexander N Ortega,2022-07-13,Health Services Research,https://pmc.ncbi.nlm.nih.gov/articles/PMC9660423/,,a176d27784d1856ca9ba.txt,62cc5437428cb2b7c4ac36230f09c95053dd44dc42e152c6f4091c8025a9d6d3
a1918196a6e3c91d8203,https://masstpc.org/know-your-rights-project-2025s-implementation,2026-09-29T19:34:26.323517+00:00,masstpc.org,False,downloaded,404.0,https://www.masstpc.org/know-your-rights-project-2025s-implementation,353557.0,not_extracted,0,0,,,,,,,,,,
a1a96baa89435942845c,https://transequality.org/issues/employment,2026-09-29T19:34:28.146199+00:00,transequality.org,True,downloaded,200.0,https://transequality.org/issues/employment,119709.0,success,1434,215,html,text/html; charset=UTF-8,Employment | A4TE,,2022-01-11,A4TE,https://transequality.org/issues/employment,,a1a96baa89435942845c.txt,1cfb6303e32e5970ea395d014763146083a5df210297ceff8f7ceb8d4868c613
a1c32ba8299b9d9e8aa6,https://pmc.ncbi.nlm.nih.gov/articles/PMC3629883,2026-09-29T19:34:29.412310+00:00,nih.gov,True,downloaded,200.0,https://pmc.ncbi.nlm.nih.gov/articles/PMC3629883/,176462.0,success,38841,6150,html,,"Determinants of the Demand for Using Preventive Medical Care Among Adults in Penang, Malaysia",Yong Kang Cheah,2013-01-01,The Malaysian Journal of Medical Sciences : MJMS,https://pmc.ncbi.nlm.nih.gov/articles/PMC3629883/,,a1c32ba8299b9d9e8aa6.txt,f01577da8d06ea0e6af8ed7c7164d307a88bf0e41395ac359a0996ece782ff5b
a1d174236c5e6d89a912,https://pmc.ncbi.nlm.nih.gov/articles/PMC7878644,2026-09-29T19:34:30.204777+00:00,nih.gov,True,downloaded,200.0,https://pmc.ncbi.nlm.nih.gov/articles/PMC7878644/,117614.0,success,10727,1766,html,,"Factors Associated with Health Insurance Affordability Concerns Among U.S. Adults Age 50–64: a Cross-Sectional, Nationally Representative Study",Aaron M Scherer; Erica Solway; Preeti N Malani; Jamie Luster; Jeffrey T Kullgren; Matthias Kirch; Renuka Tipirneni,2020-03-06,Journal of General Internal Medicine,https://pmc.ncbi.nlm.nih.gov/articles/PMC7878644/,,a1d174236c5e6d89a912.txt,eb711dbc76f70adc576c26ac4d9a62eef3c6b8a0d2b8de8fb4698fcdbb476f8d
a1eaaae5ed8c41b2afd5,https://emerald.com/cpoib/article/doi/10.1108/cpoib-10-2025-0221/1381219/Women-fintech-and-financial-inclusion-lessons-from,2026-09-29T19:34:30.687800+00:00,emerald.com,False,downloaded,403.0,https://www.emerald.com/cpoib/article/doi/10.1108/cpoib-10-2025-0221/1381219/Women-fintech-and-financial-inclusion-lessons-from,6013.0,not_extracted,0,0,,,,,,,,,,
a207be3f2e6385708af8,https://tandfonline.com/doi/full/10.1080/10875549.2018.1555731,2026-09-29T19:34:31.555667+00:00,tandfonline.com,False,downloaded,403.0,https://tandfonline.com/doi/full/10.1080/10875549.2018.1555731,5826.0,not_extracted,0,0,,,,,,,,,,
a2649ae63b8fbe1c00d2,https://pmc.ncbi.nlm.nih.gov/articles/PMC10835943,2026-09-29T19:34:31.784455+00:00,nih.gov,True,downloaded,200.0,https://pmc.ncbi.nlm.nih.gov/articles/PMC10835943/,168882.0,success,41364,6629,html,,Factors determining the quality of life of homeless people staying in support centers for people in the crisis of homelessness. Pilot study,Jakub Konrady; Dorota Talarska,2024-02-01,BMC Public Health,https://pmc.ncbi.nlm.nih.gov/articles/PMC10835943/,,a2649ae63b8fbe1c00d2.txt,6807787242308340e697fa4ef1eebcd22cc50f4d6ed87b8c9a9188b2860a6586
a265eb00f99e6a177554,https://obamawhitehouse.archives.gov/blog/2011/10/13/hud-addresses-lgbt-housing-discrimination,2026-09-29T19:34:32.267757+00:00,archives.gov,True,downloaded,200.0,https://obamawhitehouse.archives.gov/blog/2011/10/13/hud-addresses-lgbt-housing-discrimination,111308.0,success,3154,483,html,text/html,HUD Addresses LGBT Housing Discrimination,October,2011-10-13,whitehouse.gov,https://obamawhitehouse.archives.gov/blog/2011/10/13/hud-addresses-lgbt-housing-discrimination,,a265eb00f99e6a177554.txt,7f6f669f96504f96f0a35f0bda9147cd3423e885eb0c27a91133c04ddc268de2
a29201d7438d329e6fd0,https://pmc.ncbi.nlm.nih.gov/articles/PMC12450489,2026-09-29T19:34:34.051506+00:00,nih.gov,True,downloaded,200.0,https://pmc.ncbi.nlm.nih.gov/articles/PMC12450489,21368.0,success,131,18,html,,Checking your browser,,2026-09-11,google.com,https://www.google.com/recaptcha/challengepage,,a29201d7438d329e6fd0.txt,a29166d0eaaa418bd5af61a282f1183a46c84c4d5e4c90689b1b452d230d05cc
a2f0ade383c82c4d7b2e,https://nationalfairhousing.org/wp-content/uploads/2017/04/NFHA-credit-scoring-paper-for-Suffolk-NCLC-symposium-submitted-to-Suffolk-Law.pdf,2026-09-29T19:34:34.223094+00:00,nationalfairhousing.org,True,downloaded,200.0,https://nationalfairhousing.org/wp-content/uploads/2017/04/NFHA-credit-scoring-paper-for-Suffolk-NCLC-symposium-submitted-to-Suffolk-Law.pdf,783345.0,success,85842,12171,pdf,application/pdf,,,,,,,a2f0ade383c82c4d7b2e.txt,3a7f7441f02420db6dd3555ef293409af3ecf88c06923694489dfe30ae729b48
a336bc6d494c7231cae2,https://scholarworks.wmich.edu/cgi/viewcontent.cgi?article=4530&context=jssw,2026-09-29T19:34:34.703917+00:00,wmich.edu,False,downloaded,403.0,https://scholarworks.wmich.edu/cgi/viewcontent.cgi?article=4530&context=jssw,5833.0,not_extracted,0,0,,,,,,,,,,
a39ebc8b7647ae97da07,https://rsfjournal.org/content/10/4/173,2026-09-29T19:34:37.302501+00:00,rsfjournal.org,False,exception,,,,failed,0,0,,,,,,,,,,
a3e3d70ea20c2b500f6c,https://aljazeera.com/news/2025/10/29/fact-checking-a-viral-chart-on-us-food-stamps-recipients-race-ethnicity,2026-09-29T19:34:38.078641+00:00,aljazeera.com,True,downloaded,200.0,https://www.aljazeera.com:443/news/2025/10/29/fact-checking-a-viral-chart-on-us-food-stamps-recipients-race-ethnicity,201890.0,success,6542,1054,html,text/html; charset=utf-8,"Fact checking a viral chart on US food stamps recipients’ race, ethnicity",Loreben Tuquero; Politifact,2025-10-29,Al Jazeera,https://www.aljazeera.com/news/2025/10/29/fact-checking-a-viral-chart-on-us-food-stamps-recipients-race-ethnicity,,a3e3d70ea20c2b500f6c.txt,bdabd63990d0f184dd61a956adf74fc81d6936bc0907bc28854a5429eabd4ec1
a3ef3744be08ec079821,https://nccdh.ca/resources/entry/the-four-pillars-of-housing-influencing-health-equity,2026-09-29T19:34:38.978654+00:00,nccdh.ca,False,downloaded,403.0,https://nccdh.ca/resources/entry/the-four-pillars-of-housing-influencing-health-equity,919.0,not_extracted,0,0,,,,,,,,,,
a40b1cb4fe4b998ee707,https://penalreform.org/issues/people-with-disabilities/the-issue,2026-09-29T19:34:39.494587+00:00,penalreform.org,False,exception,,,,failed,0,0,,,,,,,,,,
a440ac1996fbeabd926c,https://openscholarship.wustl.edu/cgi/viewcontent.cgi?article=1978&context=csd_research,2026-09-29T19:34:44.342319+00:00,wustl.edu,False,downloaded,403.0,https://openscholarship.wustl.edu/cgi/viewcontent.cgi?article=1978&context=csd_research,5882.0,not_extracted,0,0,,,,,,,,,,
a4e82adcf3aa8b750aae,https://homelessconnect.org/lgbt-homelessness-why-sexuality-and-homelessness-are-connected,2026-09-29T19:34:45.301769+00:00,homelessconnect.org,False,downloaded,403.0,https://homelessconnect.org/lgbt-homelessness-why-sexuality-and-homelessness-are-connected,318.0,not_extracted,0,0,,,,,,,,,,
a50e50a684921460d76e,https://pmc.ncbi.nlm.nih.gov/articles/PMC8954758,2026-09-29T19:34:51.578340+00:00,nih.gov,True,downloaded,200.0,https://pmc.ncbi.nlm.nih.gov/articles/PMC8954758/,197317.0,success,42827,6782,html,,"Health, Economic and Social Disparities among Transgender Women, Transgender Men and Transgender Nonbinary Adults: Results from a Population-Based Study",Karen I Fredriksen Goldsen; Meghan Romanelli; Charles P Hoy-Ellis; Hailey Jung,2022-02-09,Preventive medicine,https://pmc.ncbi.nlm.nih.gov/articles/PMC8954758/,,a50e50a684921460d76e.txt,dd0aa4b79f9095679fe13e6fbef0c6cfb90912fce1a2b8134a804ed9c5ad4a2e
a575603616dc049fb90e,https://openknowledge.worldbank.org/entities/publication/5ea85f7a-fdf5-5945-bbc4-6d1d08f4bf59,2026-09-29T19:34:55.359228+00:00,worldbank.org,True,downloaded,200.0,https://openknowledge.worldbank.org/entities/publication/5ea85f7a-fdf5-5945-bbc4-6d1d08f4bf59,1443220.0,success,25342,3680,html,text/html; charset=utf-8,Open Knowledge Repository,Zovighian; Diane; Raballand; Gael; Cogoli-Bel; Anne-Lise; Irhiam; Hend,2006-12-29,openknowledge.worldbank.org,https://openknowledge.worldbank.org/entities/publication/5ea85f7a-fdf5-5945-bbc4-6d1d08f4bf59,,a575603616dc049fb90e.txt,01f3929b2c321e792d9bf2aa43d974766ce92289a38e388789c5e6cc67ca246e
a59ecd06a34d35790f09,https://elibrary.imf.org/view/journals/001/2024/150/article-A001-en.xml,2026-09-29T19:35:02.741106+00:00,imf.org,False,downloaded,403.0,https://elibrary.imf.org/view/journals/001/2024/150/article-A001-en.xml,919.0,not_extracted,0,0,,,,,,,,,,
a5ef3321a99ddbcaf5a1,https://pmc.ncbi.nlm.nih.gov/articles/PMC7430435,2026-09-29T19:35:04.636635+00:00,nih.gov,True,downloaded,200.0,https://pmc.ncbi.nlm.nih.gov/articles/PMC7430435/,174259.0,success,38841,5869,html,,Common barriers to healthcare for transgender people in the U.S. Southeast,Austin H Johnson; Ivy Hill; Jasmine Beach-Ferrara; Baker A Rogers; Andrew Bradford,2019-12-11,International Journal of Transgender Health,https://pmc.ncbi.nlm.nih.gov/articles/PMC7430435/,,a5ef3321a99ddbcaf5a1.txt,f80710bf63ab55bed20b3f428caf93c61a5212ebf8b7f5db226103b0772a4dc1
a5ef96bf80c2c4a889a6,https://forumtogether.org/wp-content/uploads/2018/08/Immigrants-and-Public-Benefits-FINALupdated.pdf,2026-09-29T19:35:05.016712+00:00,forumtogether.org,True,downloaded,200.0,https://forumtogether.org/wp-content/uploads/2018/08/Immigrants-and-Public-Benefits-FINALupdated.pdf,169484.0,success,5591,815,pdf,application/pdf,,,,,,,a5ef96bf80c2c4a889a6.txt,29797b719b1c561c78f0164c27ca7d072bf7a927b5e18a9479a49ce908e3c3b9
a62e9766b3d4787d4b6f,https://vera-institute.files.svdcdn.com/production/downloads/publications/for-the-record-unjust-burden-racial-disparities.pdf,2026-09-29T19:35:05.576505+00:00,svdcdn.com,True,downloaded,200.0,https://vera-institute.files.svdcdn.com/production/downloads/publications/for-the-record-unjust-burden-racial-disparities.pdf,167911.0,success,94437,13906,pdf,application/pdf,,,,,,,a62e9766b3d4787d4b6f.txt,05a4e70cdd7022f8b678eeb8ab37a899e65d18cbbcd44ac608df06a91906e724
a63bde6cbf73579b5029,https://google.com/url?cd=&opi=89978449&psig=AOvVaw3RhAirNaICPP36VFmpNQJJ&rct=j&sa=i&source=web&uoh=2&url=CAESbgHrOzAVI3ZxC4N5Hp1NeZz6OU8E1hM1Ht_vOaoO0NEkTmp9YDXtzXgQbp2OS_h7nES-BmPW1sgXhcCvTGI4ZtVaADPtt1oGAyiWqzvyF9oMZwPwN7HEmfTH7LbpTTQAVHT4sUFAJLZ5rbA8hAMR&ust=1790739105852000&ved=2ahUKEwiPlMuT7ZKXAxUmmSYFHT4YI4oQ1fkOegoIAggACAAIWxAd,2026-09-29T19:35:06.825727+00:00,google.com,False,robots_disallowed,,,,not_extracted,0,0,,,,,,,,,,
a645c67598936410fbdd,https://tandfonline.com/doi/abs/10.1080/26379112.2024.2357996,2026-09-29T19:35:06.825969+00:00,tandfonline.com,False,downloaded,403.0,https://tandfonline.com/doi/abs/10.1080/26379112.2024.2357996,5823.0,not_extracted,0,0,,,,,,,,,,
a6521bc05a4d4f69140f,https://cbpp.org/research/income-security/tanf-policies-reflect-racist-legacy-of-cash-assistance,2026-09-29T19:35:09.395392+00:00,cbpp.org,False,downloaded,403.0,https://cbpp.org/research/income-security/tanf-policies-reflect-racist-legacy-of-cash-assistance,6158.0,not_extracted,0,0,,,,,,,,,,
a667b37e064ad7c02fb5,https://ewa.org/issues/higher-ed/what-are-some-of-the-barriers-to-college-access,2026-09-29T19:35:09.456863+00:00,ewa.org,True,downloaded,200.0,https://ewa.org/issues/higher-ed/what-are-some-of-the-barriers-to-college-access,173773.0,success,6667,1054,html,text/html; charset=UTF-8,What Are Some of the Barriers to College Access - ewa.org,Non-profit web design by weareimmediate com,2026-07-24,ewa.org,https://ewa.org/issues/higher-ed/what-are-some-of-the-barriers-to-college-access,,a667b37e064ad7c02fb5.txt,d455e7b9d19cba69a5143e01515b2e6eab0d9ec7393791e366a159147f699623
a673f827bd8515c2fb12,https://peacehealth.org/healthy-you/preventive-care-different-when-youre-trans-what-know,2026-09-29T19:35:09.987594+00:00,peacehealth.org,False,downloaded,403.0,https://www.peacehealth.org/healthy-you/preventive-care-different-when-youre-trans-what-know,5922.0,not_extracted,0,0,,,,,,,,,,
a6803a9e72c63b33aa85,https://info.jff.org/end-occupational-segregation,2026-09-29T19:35:15.890546+00:00,jff.org,True,downloaded,200.0,https://info.jff.org/end-occupational-segregation,217460.0,success,20366,2881,html,text/html; charset=UTF-8,End Occupational Segregation,,2026-01-01,info.jff.org,https://info.jff.org/end-occupational-segregation,,a6803a9e72c63b33aa85.txt,85824286611babc698c10197bea15182bfeb16ca7f83d6f4d42a71f77b3ee541
a699a9fa37047a56822c,https://unidosus.org/blog/2015/11/18/financial-access-and-inclusion-are-essential-for-immigrant-integration,2026-09-29T19:35:16.128793+00:00,unidosus.org,True,downloaded,200.0,https://unidosus.org/blog/2015/11/18/financial-access-and-inclusion-are-essential-for-immigrant-integration/,81626.0,success,3641,549,html,text/html; charset=UTF-8,Financial Access and Services Are Essential for Immigrant Integration,UnidosUS,2015-11-18,UnidosUS,https://unidosus.org/blog/2015/11/18/financial-access-and-inclusion-are-essential-for-immigrant-integration/,,a699a9fa37047a56822c.txt,648a291eff8650a6b019932edb6355382916c7c74aaf91d6cf332193b86d320a
a69b149bd0e234c59396,https://minorityhealth.hhs.gov/hispaniclatino-health,2026-09-29T19:35:16.800784+00:00,hhs.gov,True,downloaded,200.0,https://minorityhealth.hhs.gov/hispaniclatino-health,179306.0,success,5560,821,html,text/html; charset=UTF-8,Hispanic/Latino Health,,2026-02-02,Office of Minority Health,https://minorityhealth.hhs.gov/hispaniclatino-health,,a69b149bd0e234c59396.txt,d44040fce575b26b3d00d84d2007244a8ccbd28e289303423d7dd33b4ba3fbc8
a6ade2be0ee7fa8203cc,https://uchicagomedicineadventhealth.org/blog/5-common-health-conditions-affect-hispanic-communities,2026-09-29T19:35:18.468164+00:00,uchicagomedicineadventhealth.org,True,downloaded,200.0,https://www.uchicagomedicineadventhealth.org/blog/5-common-health-conditions-affect-hispanic-communities,161526.0,success,5816,883,html,text/html; charset=UTF-8,5 Common Health Conditions That Affect Hispanic Communities,UChicago Medicine AdventHealth,2024-07-18,UChicago Medicine AdventHealth,https://www.uchicagomedicineadventhealth.org/blog/5-common-health-conditions-affect-hispanic-communities,,a6ade2be0ee7fa8203cc.txt,fd0334635e86de5d6a3deb3395e2ca8f395cd9599aa1905d1983eaf784d50b29
a6b8d692e6407a9cfa1f,https://tc.columbia.edu/articles/2024/april/data-reveals-new-insights-on-transgender-workplace-experiences,2026-09-29T19:35:20.676549+00:00,columbia.edu,False,exception,,,,failed,0,0,,,,,,,,,,
a6e4049ec0960f378558,https://grundydisabilitygroup.com/social-security-disability-insurance-supplemental-security-income-blogs/why-do-most-people-get-denied-for-disability,2026-09-29T19:35:20.851693+00:00,grundydisabilitygroup.com,True,downloaded,200.0,https://grundydisabilitygroup.com/social-security-disability-insurance-supplemental-security-income-blogs/why-do-most-people-get-denied-for-disability/,192464.0,success,5165,811,html,text/html; charset=UTF-8,Reasons Why Most People Get Denied Disability Benefits,Matt Grundy,2024-11-23,Grundy Disability Group,https://grundydisabilitygroup.com/social-security-disability-insurance-supplemental-security-income-blogs/why-do-most-people-get-denied-for-disability/,,a6e4049ec0960f378558.txt,5b2d20336ab510a4c7ec8a2a249b31e095b1187fad64943f935c6383a0c72a5c
a744f8b867e38aff6ff4,https://beyondthestreets.org.uk/women-and-criminal-justice,2026-09-29T19:35:22.992332+00:00,beyondthestreets.org.uk,True,downloaded,200.0,https://beyondthestreets.org.uk/women-and-criminal-justice/,307730.0,success,16109,2288,html,text/html; charset=UTF-8,"Female Prison Population to grow by a third, What can be done?",Beyond Office,2022-08-12,Beyond The Streets,https://beyondthestreets.org.uk/women-and-criminal-justice/,,a744f8b867e38aff6ff4.txt,5376a6e47799f87cf676cc94646dbcc69311051a6c5a9786f2bf31c4e11f513c
a7573f2a912406d40e94,https://ncbi.nlm.nih.gov/books/NBK566081,2026-09-29T19:35:25.023623+00:00,nih.gov,True,downloaded,200.0,https://www.ncbi.nlm.nih.gov/books/NBK566081/,279688.0,success,139940,19269,html,text/html; charset=UTF-8,"Coverage, Access, and Utilization of Evidence-Based Health Care",National Academies; Engineering; Medicine; Division; Social Sciences; Education; Committee; Gender Diverse Populations; Jordyn White; Martín-José Sepúlveda; Charlotte J Patterson,2020-10-21,National Academies Press (US),https://www.ncbi.nlm.nih.gov/books/NBK566081/,,a7573f2a912406d40e94.txt,e7bd008106c13f123f05b511713f3270d831806ae129ce890afb7340752d37f2
a77fce306642d686912e,https://youtube.com/watch?t=35s&v=QRbxbnkgkU8,2026-09-29T19:35:28.072645+00:00,youtube.com,True,downloaded,200.0,https://www.youtube.com/watch?t=35s&v=QRbxbnkgkU8,1398369.0,success,146,23,html,text/html; charset=utf-8,Behind The Screen - Why Do People Bully Based on a Person's Race and Culture?,,2022-02-25,YouTube,https://www.youtube.com/watch?v=QRbxbnkgkU8,,a77fce306642d686912e.txt,8dbba17988e385133ba8f51d76cde1fc2c859262b666cb848e9cfe2478fd5e71
a7cf0b22818db2d966af,https://pmc.ncbi.nlm.nih.gov/articles/PMC7916133,2026-09-29T19:35:29.635695+00:00,nih.gov,True,downloaded,200.0,https://pmc.ncbi.nlm.nih.gov/articles/PMC7916133/,186103.0,success,38441,6150,html,,Predictors of Use of Preventative Health Services for People with Disabilities in Taiwan,Tzu-Ying Chiu,2021-02-09,International Journal of Environmental Research and Public Health,https://pmc.ncbi.nlm.nih.gov/articles/PMC7916133/,,a7cf0b22818db2d966af.txt,2bc7752495c31d17bc0793ed899cf965e5510a4502811fad42f513ea072ebdb0
a801150bbccdbb32d4b0,https://pressley.house.gov/2023/03/31/pressley-unveils-bill-to-make-credit-reporting-system-more-inclusive-for-trans-nonbinary-folks,2026-09-29T19:35:32.223273+00:00,house.gov,True,downloaded,200.0,https://pressley.house.gov/2023/03/31/pressley-unveils-bill-to-make-credit-reporting-system-more-inclusive-for-trans-nonbinary-folks/,68141.0,success,11331,1650,html,text/html; charset=UTF-8,"Pressley Unveils Bill to Make Credit Reporting System More Inclusive for Trans, Nonbinary Folks - Ayanna Pressley",Mae Eldahshoury,2023-03-31,Ayanna Pressley,https://pressley.house.gov/2023/03/31/pressley-unveils-bill-to-make-credit-reporting-system-more-inclusive-for-trans-nonbinary-folks/,,a801150bbccdbb32d4b0.txt,ac1888cd75d35bca34924f58f1e288d7da52c93a3bb64185a55cf5c76acb4d6b
a82e3d5f389879509e46,https://investopedia.com/lgbtq-credit-barriers-7510340,2026-09-29T19:35:33.156116+00:00,investopedia.com,False,downloaded,402.0,https://www.investopedia.com/lgbtq-credit-barriers-7510340,612.0,not_extracted,0,0,,,,,,,,,,
a852bc004953417cabe9,https://urban.org/urban-wire/breaking-down-black-white-homeownership-gap,2026-09-29T19:35:36.264311+00:00,urban.org,False,downloaded,403.0,https://www.urban.org/urban-wire/breaking-down-black-white-homeownership-gap,5864.0,not_extracted,0,0,,,,,,,,,,
a85f25d2749a8dfc9c91,https://kuntzsslaw.com/2020/03/27/positive-negative-factors-which-affect-disability-claim,2026-09-29T19:35:37.696419+00:00,kuntzsslaw.com,True,downloaded,200.0,https://kuntzsslaw.com/2020/03/27/positive-negative-factors-which-affect-disability-claim/,75018.0,success,3613,567,html,,Positive and Negative Factors Which Can Affect a Disability Claim | Kuntz,Admin,2020-03-27,The Law Offices of William M Kuntz,https://kuntzsslaw.com/2020/03/27/positive-negative-factors-which-affect-disability-claim/,,a85f25d2749a8dfc9c91.txt,ddff4e6e507ee1f8364f06bc2a6825c12526c301fd2ce53dee0536de6347fd09
a8717f385d1d0b3286d4,https://hearinghealthfoundation.org/blogs/equality-for-all-understanding-disability-discrimination-in-the-workplace,2026-09-29T19:35:38.118365+00:00,hearinghealthfoundation.org,True,downloaded,200.0,https://hearinghealthfoundation.org/blogs/equality-for-all-understanding-disability-discrimination-in-the-workplace,140642.0,success,6094,937,html,text/html;charset=utf-8,Equality for All: Understanding Disability Discrimination in the Workplace — Hearing Health Foundation,Hearing Health Foundation,2019-12-12,Hearing Health Foundation,https://hearinghealthfoundation.org/blogs/equality-for-all-understanding-disability-discrimination-in-the-workplace,,a8717f385d1d0b3286d4.txt,9768ede9942e42ed1e52fd541b4db14e613cb2c255c29f4a40025bbcd1c41394
a8a2fdc925467baf25c3,https://journals.sagepub.com/doi/10.1177/10986111221139442,2026-09-29T19:35:38.467228+00:00,sagepub.com,False,downloaded,403.0,https://journals.sagepub.com/doi/10.1177/10986111221139442,5783.0,not_extracted,0,0,,,,,,,,,,
a8c1e984af783612504c,https://insidehighered.com/news/admissions/traditional-age/2025/07/11/rates-admitted-students-who-are-black-hispanic-have,2026-09-29T19:35:39.223650+00:00,insidehighered.com,True,downloaded,200.0,https://www.insidehighered.com/news/admissions/traditional-age/2025/07/11/rates-admitted-students-who-are-black-hispanic-have,154170.0,success,4909,782,html,text/html; charset=UTF-8,"Rates of Admitted Students Who Are Black, Hispanic Have Decreased",Johanna Alonso,2025-07-11,"Inside Higher Ed | Higher Education News, Events and Jobs",https://www.insidehighered.com/news/admissions/traditional-age/2025/07/11/rates-admitted-students-who-are-black-hispanic-have,,a8c1e984af783612504c.txt,42749b6e8c84f053e3a34c4266e9256934d804cb9eb8fbe2fc1c7f730d3cafd9
a8c2f16b7aa3f04b0dcf,https://huduser.gov/PORTAL/Publications/PDF/hisp_homeown8.pdf,2026-09-29T19:35:39.378424+00:00,huduser.gov,True,downloaded,202.0,https://huduser.gov/PORTAL/Publications/PDF/hisp_homeown8.pdf,2407.0,success,157,26,html,text/html; charset=UTF-8,JavaScript is disabled,,,huduser.gov,https://huduser.gov/PORTAL/Publications/PDF/hisp_homeown8.pdf,,a8c2f16b7aa3f04b0dcf.txt,ebccbd5922b41e48d556f96420b77b24fb66ddfe709666bb5b22acc99765c63f
a959189d9a36792203b1,https://epistimi.org/blog/gender-and-bullying-in-the-academic-workplace,2026-09-29T19:35:41.522005+00:00,epistimi.org,True,downloaded,200.0,https://www.epistimi.org/blog/gender-and-bullying-in-the-academic-workplace,197999.0,success,9075,1338,html,text/html;charset=utf-8,Gender and bullying in the academic workplace — epistimi,Angeliki Rigos,2024-07-23,Epistimi,https://www.epistimi.org/blog/gender-and-bullying-in-the-academic-workplace,,a959189d9a36792203b1.txt,2236d1c0eeddd31a0c2835f90a1004b6146d0fe4724b80e7ba7a322145d2adbb
a97cf7ea8c7165f6acdc,https://pmc.ncbi.nlm.nih.gov/articles/PMC12294421,2026-09-29T19:35:42.970049+00:00,nih.gov,True,downloaded,200.0,https://pmc.ncbi.nlm.nih.gov/articles/PMC12294421,21366.0,success,131,18,html,,Checking your browser,,2026-09-11,google.com,https://www.google.com/recaptcha/challengepage,,a97cf7ea8c7165f6acdc.txt,a29166d0eaaa418bd5af61a282f1183a46c84c4d5e4c90689b1b452d230d05cc
a995639359a46e02c0aa,https://pmc.ncbi.nlm.nih.gov/articles/PMC10937607,2026-09-29T19:35:43.128751+00:00,nih.gov,True,downloaded,200.0,https://pmc.ncbi.nlm.nih.gov/articles/PMC10937607,21372.0,success,131,18,html,,Checking your browser,,2026-09-11,google.com,https://www.google.com/recaptcha/challengepage,,a995639359a46e02c0aa.txt,a29166d0eaaa418bd5af61a282f1183a46c84c4d5e4c90689b1b452d230d05cc
a9961be4318a716643a9,https://pmc.ncbi.nlm.nih.gov/articles/PMC7878957,2026-09-29T19:35:43.456510+00:00,nih.gov,True,downloaded,200.0,https://pmc.ncbi.nlm.nih.gov/articles/PMC7878957,21366.0,success,131,18,html,,Checking your browser,,2026-09-11,google.com,https://www.google.com/recaptcha/challengepage,,a9961be4318a716643a9.txt,a29166d0eaaa418bd5af61a282f1183a46c84c4d5e4c90689b1b452d230d05cc
a9bb77c4ea49b323e5e3,https://ageuk.org.uk/information-advice/money-legal/benefits-entitlements/how-your-benefits-are-means-tested,2026-09-29T19:35:43.636236+00:00,ageuk.org.uk,True,downloaded,200.0,https://www.ageuk.org.uk/information-advice/money-legal/benefits-entitlements/how-your-benefits-are-means-tested/,124071.0,success,3912,689,html,text/html; charset=utf-8,How Your Benefits are Means Tested | Age UK,,2026-04-30,Age UK,https://www.ageuk.org.uk/information-advice/money-legal/benefits-entitlements/how-your-benefits-are-means-tested/,,a9bb77c4ea49b323e5e3.txt,c0988248a17c986b1896d0403b284b4c5ea3669c135ac5d71ea3882843656339
a9d286ddba82123557a0,https://digitalforwomen.worldbank.org/access-finance,2026-09-29T19:35:43.898483+00:00,worldbank.org,True,downloaded,200.0,https://digitalforwomen.worldbank.org/access-finance,75420.0,success,1988,310,html,text/html; charset=UTF-8,Access to Finance,,2021-01-01,digitalforwomen.worldbank.org,https://digitalforwomen.worldbank.org/access-finance,,a9d286ddba82123557a0.txt,8903cf1683a979e16ed68fb8f65e6cd4eb3581002088562701a7d56d2db67210
a9da1b74ff5e7fefcb22,https://gao.gov/blog/disability-pride-month-we-highlight-our-work-college-campus-access-issues,2026-09-29T19:35:44.018770+00:00,gao.gov,True,downloaded,200.0,https://www.gao.gov/blog/disability-pride-month-we-highlight-our-work-college-campus-access-issues,60445.0,success,5820,880,html,text/html; charset=UTF-8,For Disability Pride Month—We Highlight Our Work on College Campus Access Issues,U S Government Accountability Office,2024-07-09,U.S. Government Accountability Office (U.S. GAO),https://www.gao.gov/blog/disability-pride-month-we-highlight-our-work-college-campus-access-issues,,a9da1b74ff5e7fefcb22.txt,2940df90e9acca4ac88293238bf907cbcbee08dd60f9625971c8a79a7390f69a
a9f3d565f7ef7ef5596d,https://pathward.com/news/the-five-cs-of-credit,2026-09-29T19:35:44.134148+00:00,pathward.com,True,downloaded,200.0,https://www.pathward.com/news/the-five-cs-of-credit,100254.0,success,547,91,html,text/html;charset=utf-8,The 5 C's of Credit: What A Lender Looks For,,2025-06-25,The 5 Cs Of Credit Banks Consider When You Apply For A Loan | Pathward,https://www.pathward.com/news/the-five-cs-of-credit/,,a9f3d565f7ef7ef5596d.txt,1df08c78b9c12cd276ecc6c9a62dc523c43d23570577cedb3795287245bebad5
a9f56dbbcbe863d609a4,https://digitalfinance.worldbank.org/topics/gender/action-1,2026-09-29T19:35:44.523394+00:00,worldbank.org,False,downloaded,403.0,https://digitalfinance.worldbank.org/topics/gender/action-1,5719.0,not_extracted,0,0,,,,,,,,,,
aa4929f885a8eaf3049f,https://usnews.com/education/best-colleges/applying/articles/how-does-affirmative-action-affect-college-admissions,2026-09-29T19:35:44.645532+00:00,usnews.com,True,downloaded,200.0,https://www.usnews.com/education/best-colleges/applying/articles/how-does-affirmative-action-affect-college-admissions,556540.0,success,11804,1855,html,text/html;charset=UTF-8,What the Supreme Court's Affirmative Action Ban Means for College Admissions,Christina Carrega,2024-08-08,US News & World Report,https://www.usnews.com/education/best-colleges/applying/articles/how-does-affirmative-action-affect-college-admissions,,aa4929f885a8eaf3049f.txt,ad9feb92352c612e9090f596bacaf77c1742f69972e9c819439b8177c62c08cf
aa51f811d0c264835591,https://pmc.ncbi.nlm.nih.gov/articles/PMC9977107,2026-09-29T19:35:47.600545+00:00,nih.gov,True,downloaded,200.0,https://pmc.ncbi.nlm.nih.gov/articles/PMC9977107/,415225.0,success,131011,20938,html,,What Explains Racial/Ethnic Inequality in Job Quality in the Service Sector?,Adam Storer; Daniel Schneider; Kristen Harknett,2020-06-19,American sociological review,https://pmc.ncbi.nlm.nih.gov/articles/PMC9977107/,,aa51f811d0c264835591.txt,afa33a4a61efa6ee97b93d7171b005368d29c13fb848203c597fba4edac5eae7
aa542632bf1f5c2104f3,https://fortune.com/2022/04/15/microaggressions-diversity-career-advancement-why-black-workers-are-joining-the-great-resignation,2026-09-29T19:35:47.697565+00:00,fortune.com,True,downloaded,200.0,https://fortune.com/2022/04/15/microaggressions-diversity-career-advancement-why-black-workers-are-joining-the-great-resignation/,434530.0,success,5472,866,html,text/html; charset=utf-8,"Microaggressions, diversity, and career advancement: Why Black people are joining the Great Resignation | Fortune",Amiah Taylor,2022-04-15,Fortune,https://fortune.com/2022/04/15/microaggressions-diversity-career-advancement-why-black-workers-are-joining-the-great-resignation/,,aa542632bf1f5c2104f3.txt,5cb2786796a32e2d80b6e58affb6a362aaf32fe1055b6a986248d182a55a1e21
aa813e02dd906fd36305,https://engender.org.uk/content/publications/GENDER-HOUSING-AND-HOMELESSNESS---A-LITERATURE-REVIEW.pdf,2026-09-29T19:35:48.115198+00:00,engender.org.uk,True,downloaded,200.0,https://www.engender.org.uk/content/publications/GENDER-HOUSING-AND-HOMELESSNESS---A-LITERATURE-REVIEW.pdf,1219765.0,success,98264,14315,pdf,application/pdf,,,,,,,aa813e02dd906fd36305.txt,ef9a477f35b8a3417c4d8f6a81d0801350437c91cbe186f7a866957c4dcd51b0
aa82b8e70a8c29d1dfed,https://americanbar.org/groups/diversity/disabilityrights/news/rethinking-debate-over-rising-disability-accomodations-higher-education,2026-09-29T19:35:49.090729+00:00,americanbar.org,False,downloaded,403.0,https://americanbar.org/groups/diversity/disabilityrights/news/rethinking-debate-over-rising-disability-accomodations-higher-education,6077.0,not_extracted,0,0,,,,,,,,,,
aa9efba6c55b4543a3d1,https://eeoc.gov/special-report/hispanics-american-workforce,2026-09-29T19:35:49.143482+00:00,eeoc.gov,True,downloaded,200.0,https://www.eeoc.gov/special-report/hispanics-american-workforce,73237.0,success,566,56,html,text/html; charset=utf-8,Hispanics in the American Workforce,,2000-01-01,U.S. Equal Employment Opportunity Commission,https://www.eeoc.gov/special-report/hispanics-american-workforce,,aa9efba6c55b4543a3d1.txt,fe89d1b1a6a4aadca10dbce1e1754f60c55aac9aba8cef1ddb9c278197f9a345
aaa94ac886e2f7723b50,https://journals.sagepub.com/doi/10.1177/00957984251319661,2026-09-29T19:35:51.351277+00:00,sagepub.com,False,downloaded,403.0,https://journals.sagepub.com/doi/10.1177/00957984251319661,5783.0,not_extracted,0,0,,,,,,,,,,
aade2868525011c408dc,https://pmc.ncbi.nlm.nih.gov/articles/PMC12914165,2026-09-29T19:35:51.411757+00:00,nih.gov,True,downloaded,200.0,https://pmc.ncbi.nlm.nih.gov/articles/PMC12914165/,208120.0,success,47767,7105,html,,Racial and Ethnic Disparities in Preventive and Chronic Disease Care in Medicare Advantage vs. Traditional Medicare,Renuka Tipirneni; Andrei R Stefanescu; Dominic A Ruggiero; Alexandra G Hames; John Z Ayanian; Eric T Roberts,2025-08-11,Journal of General Internal Medicine,https://pmc.ncbi.nlm.nih.gov/articles/PMC12914165/,,aade2868525011c408dc.txt,9d6b304863218de914c0d1405d7bbe589f987257d8dc2258c8065cd47cda3399
ab1f631c394c47d5085b,https://healthecareers.com/career-resources/soft-skills/how-to-discuss-preventative-care-with-transgender-patients,2026-09-29T19:35:51.756286+00:00,healthecareers.com,False,downloaded,403.0,https://healthecareers.com/career-resources/soft-skills/how-to-discuss-preventative-care-with-transgender-patients,118.0,not_extracted,0,0,,,,,,,,,,
aba5aaadb3c4dde65ec6,https://pmc.ncbi.nlm.nih.gov/articles/PMC9127679,2026-09-29T19:35:51.991131+00:00,nih.gov,True,downloaded,200.0,https://pmc.ncbi.nlm.nih.gov/articles/PMC9127679/,222354.0,success,65302,9484,html,,"The intersection of welfare stigma, state contexts and health among mothers receiving public assistance benefits",Jessica Lapham; Melissa L Martinson,2022-05-09,SSM - Population Health,https://pmc.ncbi.nlm.nih.gov/articles/PMC9127679/,,aba5aaadb3c4dde65ec6.txt,8283d38383ea2688fdc14953ba1a83d8ad725664d87e201c3e016efd09b2cd1a
abb75387b39b8cc46df5,https://pmc.ncbi.nlm.nih.gov/articles/PMC10986209,2026-09-29T19:35:52.253463+00:00,nih.gov,True,downloaded,200.0,https://pmc.ncbi.nlm.nih.gov/articles/PMC10986209,21372.0,success,131,18,html,,Checking your browser,,2026-09-11,google.com,https://www.google.com/recaptcha/challengepage,,abb75387b39b8cc46df5.txt,a29166d0eaaa418bd5af61a282f1183a46c84c4d5e4c90689b1b452d230d05cc
abcda7ac0179481466dd,https://congress.gov/crs-product/IF11631,2026-09-29T19:35:52.450434+00:00,congress.gov,False,downloaded,403.0,https://congress.gov/crs-product/IF11631,5716.0,not_extracted,0,0,,,,,,,,,,
abcdbb4756523e849cb7,https://traumainformedhousing.poah.org/housing-stability,2026-09-29T19:35:52.549801+00:00,poah.org,True,downloaded,200.0,https://traumainformedhousing.poah.org/housing-stability/,159936.0,success,2890,365,html,text/html; charset=UTF-8,Housing Stability,,2025-07-14,Trauma-Informed Housing,https://traumainformedhousing.poah.org/housing-stability/,,abcdbb4756523e849cb7.txt,95d8601c6892f2b63096c3ccc85271cfdc64c7fe0debe71664193421c0b48ec8
ac094d875555067bf037,https://leb.fbi.gov/articles/featured-articles/interactions-between-law-enforcement-and-individuals-with-autism,2026-09-29T19:35:55.437664+00:00,fbi.gov,False,downloaded,403.0,https://leb.fbi.gov/articles/featured-articles/interactions-between-law-enforcement-and-individuals-with-autism,5973.0,not_extracted,0,0,,,,,,,,,,
ac1646a60154b4667582,https://pmc.ncbi.nlm.nih.gov/articles/PMC12234001,2026-09-29T19:35:55.709818+00:00,nih.gov,True,downloaded,200.0,https://pmc.ncbi.nlm.nih.gov/articles/PMC12234001,21372.0,success,131,18,html,,Checking your browser,,2026-09-11,google.com,https://www.google.com/recaptcha/challengepage,,ac1646a60154b4667582.txt,a29166d0eaaa418bd5af61a282f1183a46c84c4d5e4c90689b1b452d230d05cc
ac366cef162de6a8e258,https://populationeducation.org/how-gender-bias-in-the-education-system-affects-girls,2026-09-29T19:35:55.873857+00:00,populationeducation.org,False,downloaded,403.0,https://populationeducation.org/how-gender-bias-in-the-education-system-affects-girls,5850.0,not_extracted,0,0,,,,,,,,,,
ac3eeb580aa80a940d14,https://cbpp.org/research/health/states-can-reduce-medicaids-administrative-burdens-to-advance-health-and-racial,2026-09-29T19:35:55.956123+00:00,cbpp.org,False,downloaded,403.0,https://cbpp.org/research/health/states-can-reduce-medicaids-administrative-burdens-to-advance-health-and-racial,6158.0,not_extracted,0,0,,,,,,,,,,
acb929a0da25e083e369,https://nilc.org/resources/overview-immeligfedprograms,2026-09-29T19:35:56.029617+00:00,nilc.org,False,downloaded,403.0,https://nilc.org/resources/overview-immeligfedprograms,5723.0,not_extracted,0,0,,,,,,,,,,
acd282d403b2f34cf494,https://cdc.gov/niosh/learning/safetyculturehc/module-1/2.html,2026-09-29T19:35:56.667953+00:00,cdc.gov,True,downloaded,200.0,https://www.cdc.gov/index.html,61314.0,success,485,71,html,text/html,Centers for Disease Control and Prevention,,2026-09-28,CDCgov,https://www.cdc.gov/index.html,,acd282d403b2f34cf494.txt,57f1b5e72bd6c9253b3dd6410939458b2039885abfdc525969a60d7d17a904c9
ad3275a0e1a90341d331,https://cepr.net/publications/affordable-rental-housing-crisis-is-hurting-hispanics,2026-09-29T19:35:57.535503+00:00,cepr.net,False,downloaded,403.0,https://cepr.net/publications/affordable-rental-housing-crisis-is-hurting-hispanics,5810.0,not_extracted,0,0,,,,,,,,,,
ad3d06d004138f665a84,https://disabledperson.com/careeer-development-pwd,2026-09-29T19:35:57.671951+00:00,disabledperson.com,True,downloaded,200.0,https://www.disabledperson.com/careeer-development-pwd,23196.0,success,11065,1582,html,text/html; charset=utf-8,Disability Career Development | Disabled Person,,1999-01-01,Disabled Person,https://www.disabledperson.com/careeer-development-pwd,,ad3d06d004138f665a84.txt,919acbf7343ef4a014cb11f521fa4d43e62746fee6f650b1b8012c97cde88a0b
ad69c722f9f226515235,https://thehill.com/policy/healthcare/5245488-gender-affirming-care-medicaid,2026-09-29T19:35:59.033504+00:00,thehill.com,False,downloaded,403.0,https://thehill.com/policy/healthcare/5245488-gender-affirming-care-medicaid,6522.0,not_extracted,0,0,,,,,,,,,,
ad7db178c4130c2a41f6,https://journals.sagepub.com/doi/full/10.1089/cyber.2012.0132,2026-09-29T19:35:59.299675+00:00,sagepub.com,False,downloaded,403.0,https://journals.sagepub.com/doi/full/10.1089/cyber.2012.0132,5792.0,not_extracted,0,0,,,,,,,,,,
ad9b153d6682c86b765d,https://sentencingproject.org/reports/one-in-five-how-mass-incarceration-deepens-inequality-and-harms-public-safety,2026-09-29T19:36:01.076844+00:00,sentencingproject.org,True,downloaded,200.0,https://www.sentencingproject.org/reports/one-in-five-how-mass-incarceration-deepens-inequality-and-harms-public-safety/,208547.0,success,56851,8561,html,,One in Five: How Mass Incarceration Deepens Inequality and Harms Public Safety – The Sentencing Project,Nazgol Ghandnoosh; Ph D; Luke Trinka,2024-01-16,The Sentencing Project,https://www.sentencingproject.org/reports/one-in-five-how-mass-incarceration-deepens-inequality-and-harms-public-safety/,,ad9b153d6682c86b765d.txt,8a64b0ac30d4c42b77ab7064b752822d887102a58793f9d5ce21b87010994e38
ad9fddec7ff4370b4d31,https://happen.com/resource-center/personal-loan/5-factors-that-may-affect-personal-loan-approval,2026-09-29T19:36:02.353678+00:00,happen.com,False,downloaded,403.0,https://www.happen.com/resource-center/personal-loan/5-factors-that-may-affect-personal-loan-approval,147.0,not_extracted,0,0,,,,,,,,,,
adcabab0e75d00bd23a2,https://americanprogress.org/article/how-dehumanizing-administrative-burdens-harm-disabled-people,2026-09-29T19:36:02.519271+00:00,americanprogress.org,False,downloaded,403.0,https://www.americanprogress.org/article/how-dehumanizing-administrative-burdens-harm-disabled-people,5917.0,not_extracted,0,0,,,,,,,,,,
ade222160499d6653aaa,https://icrowdnewswire.com/2023/07/13/what-you-need-to-know-about-lgbtq-credit-barriers,2026-09-29T19:36:02.983760+00:00,icrowdnewswire.com,False,downloaded,403.0,https://icrowdnewswire.com/2023/07/13/what-you-need-to-know-about-lgbtq-credit-barriers,5845.0,not_extracted,0,0,,,,,,,,,,
ae00c01da7f23888b031,https://journalofsocialsciences.org/article/breaking-the-binary-in-academia-a-systematic-review-on-the-barriers-facing-transgender-students-in-higher-education,2026-09-29T19:36:03.500060+00:00,journalofsocialsciences.org,True,downloaded,200.0,https://journalofsocialsciences.org/article/breaking-the-binary-in-academia-a-systematic-review-on-the-barriers-facing-transgender-students-in-higher-education,66140.0,success,31705,4483,html,text/html; charset=UTF-8,Breaking the Binary in Academia: A Systematic Review on the Barriers Facing Transgender Students in Higher Education,,2026-01-01,journalofsocialsciences.org,https://journalofsocialsciences.org/article/breaking-the-binary-in-academia-a-systematic-review-on-the-barriers-facing-transgender-students-in-higher-education,,ae00c01da7f23888b031.txt,3cb450055aaf7f895eef90b1ad0ce0a1ca51c3f4f9a67eb2fd5890ddfe42e558
ae11e5025f02b9dfd21e,https://hechingerreport.org/colleges-men-trump-new-policies-disadvantage,2026-09-29T19:36:04.695055+00:00,hechingerreport.org,True,downloaded,200.0,https://hechingerreport.org/colleges-men-trump-new-policies-disadvantage/,291555.0,success,6687,1003,html,text/html; charset=UTF-8,"OPINION: Colleges need to recruit more men, but Trump’s policies are making it difficult",Catharine Hill,2026-01-20,The Hechinger Report,https://hechingerreport.org/colleges-men-trump-new-policies-disadvantage/,,ae11e5025f02b9dfd21e.txt,8dedceb66522e866fd29de7fcfe151cf6721f19f06d06e068d3d201a9039ea0f
ae15664cbd5d0f0fc01f,https://pmc.ncbi.nlm.nih.gov/articles/PMC9731338,2026-09-29T19:36:05.014445+00:00,nih.gov,True,downloaded,200.0,https://pmc.ncbi.nlm.nih.gov/articles/PMC9731338/,163644.0,success,31476,4308,html,,Action on patient safety can reduce health inequalities,Cian Wade; Akanksha Mimi Malhotra; Priscilla McGuire; Charles Vincent; Aidan Fowler,2022-03-29,The BMJ,https://pmc.ncbi.nlm.nih.gov/articles/PMC9731338/,,ae15664cbd5d0f0fc01f.txt,54268edbf2d9f3378387f3092f08e3b863e41ee31e56cb9f3766bcd5893d343d
ae1adeb47be57a26c35c,https://ncbi.nlm.nih.gov/books/NBK596380,2026-09-29T19:36:05.521811+00:00,nih.gov,True,downloaded,200.0,https://www.ncbi.nlm.nih.gov/books/NBK596380/,337562.0,success,163760,21756,html,text/html; charset=UTF-8,Opportunity Gaps in the Education Experienced by Children in Grades K–3,National Academies; Engineering; Medicine; Division; Social Sciences; Education; Board; Youth; Families; Committee; Rebekah Hutton; LaRue Allen,2023-10-02,National Academies Press (US),https://www.ncbi.nlm.nih.gov/books/NBK596380/,,ae1adeb47be57a26c35c.txt,f9b1e1a9b97f92b108159a07e24cfe2740448041af7fabd221ef7577039471de
ae3107fd9787759f5522,https://crisisassistance.org/2025/07/12/how-housing-instability-intersects-with-disability,2026-09-29T19:36:07.732281+00:00,crisisassistance.org,True,downloaded,200.0,https://crisisassistance.org/2025/07/12/how-housing-instability-intersects-with-disability/,216216.0,success,5382,753,html,text/html; charset=UTF-8,How Housing Instability Intersects with Disability - Crisis Assistance Ministry,Chanell Johnson,2025-07-12,Crisis Assistance Ministry,https://crisisassistance.org/2025/07/12/how-housing-instability-intersects-with-disability/,,ae3107fd9787759f5522.txt,112f2c1f99ffef571f6ce099d613473f2b0514b70ad5cb84a73ccbb011bc21a7
ae85586bfdb73a2d8e54,https://communityalliesconsulting.com/blogs/lgbtqia-housing-challenges,2026-09-29T19:36:08.086029+00:00,communityalliesconsulting.com,True,downloaded,200.0,https://www.communityalliesconsulting.com/blogs/lgbtqia-housing-challenges,113646.0,success,6158,799,html,text/html; charset=UTF-8,LGBTQIA+ Housing Challenges,,2023-06-26,"Community Allies, LLC.",http://www.communityalliesconsulting.com/1/post/2023/06/lgbtqia-housing-challenges.html,,ae85586bfdb73a2d8e54.txt,a0191b957bbffe358e8aca62b7957f9a45b4b16aef6c8cd92c217140a6eaf80f
ae9de53d7cbed9b01fe3,https://ed.gov/sites/ed/files/about/inits/list/hispanic-initiative/winning-the-future-improving-education-latino-community.pdf,2026-09-29T19:36:08.852085+00:00,ed.gov,False,downloaded,403.0,https://www.ed.gov/sites/ed/files/about/inits/list/hispanic-initiative/winning-the-future-improving-education-latino-community.pdf,11797.0,not_extracted,0,0,,,,,,,,,,
aefbc35b835f4e6716b3,https://reddit.com/r/AskFeminists/comments/3f978k/the_wage_gap_only_hire_women_argument_and_its,2026-09-29T19:36:09.352853+00:00,reddit.com,False,robots_disallowed,,,,not_extracted,0,0,,,,,,,,,,
af230edcd03dd54b70ee,https://endhomelessness.org/resources/toolkits-and-training-materials/supporting-homeless-transgender-and-and-gender-nonconforming-youth,2026-09-29T19:36:09.353061+00:00,endhomelessness.org,True,downloaded,200.0,https://endhomelessness.org/resources/toolkits-and-training-materials/supporting-homeless-transgender-and-and-gender-nonconforming-youth,350775.0,success,10138,1513,html,text/html; charset=UTF-8,Supporting Homeless Transgender and Gender Nonconforming Youth,Daniel Soucy,2024-10-15,National Alliance to End Homelessness,https://endhomelessness.org/resources/toolkits-and-training-materials/supporting-homeless-transgender-and-and-gender-nonconforming-youth/,,af230edcd03dd54b70ee.txt,e750fe6f884ef5e16e682a6700ae56e6dc149a05135af74a9b9eea2ebfe08844
af33c99c8678fd129155,https://mckinsey.com/mgi/our-research/tough-trade-offs-how-time-and-career-choices-shape-the-gender-pay-gap,2026-09-29T19:36:10.266651+00:00,mckinsey.com,False,downloaded,403.0,https://www.mckinsey.com/mgi/our-research/tough-trade-offs-how-time-and-career-choices-shape-the-gender-pay-gap,662.0,not_extracted,0,0,,,,,,,,,,
af48addc4a4c7bb68600,https://endhomelessness.org/blog/homelessness-and-black-history-poverty-and-income,2026-09-29T19:36:11.345750+00:00,endhomelessness.org,True,downloaded,200.0,https://endhomelessness.org/blog/homelessness-and-black-history-poverty-and-income,336307.0,success,3890,609,html,text/html; charset=UTF-8,Homelessness and Black History: Poverty and Income,NAEH,2025-02-21,National Alliance to End Homelessness,https://endhomelessness.org/blog/homelessness-and-black-history-poverty-and-income/,,af48addc4a4c7bb68600.txt,6545533815d030e3568bf2c18344a9d875e7fb8b92c1a2c1ce6ecc27d05b3d6b
afa8d5a97d09ced9bf35,https://hopecu.org/articles/breaking-barriers-overcoming-financial-challenges-in-the-hispanic-community,2026-09-29T19:36:12.334522+00:00,hopecu.org,True,downloaded,200.0,https://www.hopecu.org/articles/breaking-barriers-overcoming-financial-challenges-in-the-hispanic-community/,150631.0,success,6425,985,html,text/html; charset=UTF-8,Breaking Barriers: Overcoming Financial Challenges in the Hispanic Community,,2025-09-01,Hope CU,https://www.hopecu.org/articles/breaking-barriers-overcoming-financial-challenges-in-the-hispanic-community/,,afa8d5a97d09ced9bf35.txt,d5cb1c08347b93db0230cce732d414d0b4524d517ec570cdad9ee15f6d4b4a34
afb243bddea39c00ea03,https://tandfonline.com/doi/full/10.1080/1034912X.2025.2528211,2026-09-29T19:36:12.695037+00:00,tandfonline.com,False,downloaded,403.0,https://tandfonline.com/doi/full/10.1080/1034912X.2025.2528211,5826.0,not_extracted,0,0,,,,,,,,,,
b022456affb70a8a603c,https://sentencingproject.org/press-releases/new-report-on-racial-disparities-in-policing-and-crime-from-the-sentencing-project,2026-09-29T19:36:12.766717+00:00,sentencingproject.org,True,downloaded,200.0,https://www.sentencingproject.org/press-releases/new-report-on-racial-disparities-in-policing-and-crime-from-the-sentencing-project/,80788.0,success,4237,620,html,,New Report on Racial Disparities in Policing and Crime from The Sentencing Project – The Sentencing Project,Breanna Bishop,2023-11-02,The Sentencing Project,https://www.sentencingproject.org/press-releases/new-report-on-racial-disparities-in-policing-and-crime-from-the-sentencing-project/,,b022456affb70a8a603c.txt,7086a9e088e02bc3e7225ef6bf9bc09abe392c009abbe2bc5398a56937720f79
b02e9fdc0f9d267ec86a,https://cureus.com/articles/421352-disparities-in-health-insurance-and-delayed-care-among-hispanic-immigrants-in-the-united-states,2026-09-29T19:36:12.859089+00:00,cureus.com,False,downloaded,403.0,https://cureus.com/articles/421352-disparities-in-health-insurance-and-delayed-care-among-hispanic-immigrants-in-the-united-states,6054.0,not_extracted,0,0,,,,,,,,,,
b099bb2dd9eb92846271,https://howardleague.org/wp-content/uploads/2020/09/APPG-on-Women-in-the-Penal-System-briefing-2-FINAL.pdf,2026-09-29T19:36:14.291055+00:00,howardleague.org,True,downloaded,200.0,https://howardleague.org/wp-content/uploads/2020/09/APPG-on-Women-in-the-Penal-System-briefing-2-FINAL.pdf,1122126.0,success,27194,4323,pdf,application/pdf,,,,,,,b099bb2dd9eb92846271.txt,e36400bd331ccad04abba746b1e5528635f6db49c1bcbfc6ddc7733ae528fb3a
b0af8febe2776c31541d,https://journals.sagepub.com/doi/abs/10.1177/1557988320943359,2026-09-29T19:36:15.098341+00:00,sagepub.com,False,downloaded,403.0,https://journals.sagepub.com/doi/abs/10.1177/1557988320943359,5792.0,not_extracted,0,0,,,,,,,,,,
b0c20780f85bb37d7739,https://medicaid.gov/federal-policy-guidance/downloads/cib11092023.pdf,2026-09-29T19:36:15.148178+00:00,medicaid.gov,True,downloaded,200.0,https://www.medicaid.gov/federal-policy-guidance/downloads/cib11092023.pdf,647268.0,success,16350,2428,pdf,application/pdf,,,,,,,b0c20780f85bb37d7739.txt,eeb3838081e418601a7b9244b10b46cf33ee88c34329c0fa7aa6eb12fed1838f
b11ea801367de0d436f4,https://stlouisfed.org/open-vault/2024/dec/picture-banking-access-financial-inclusion-us,2026-09-29T19:36:15.753933+00:00,stlouisfed.org,True,downloaded,200.0,https://www.stlouisfed.org/open-vault/2024/dec/picture-banking-access-financial-inclusion-us,247882.0,success,9648,1511,html,text/html; charset=utf-8,A Picture of Banking Access and Financial Inclusion in the U.S.,Nicholas Ledden,2024-12-11,Federal Reserve Bank of St. Louis,https://www.stlouisfed.org/open-vault/2024/dec/picture-banking-access-financial-inclusion-us,,b11ea801367de0d436f4.txt,c0e52b59f050b9d7aed34583e85ca26393ecfb0c33a0e72b461f53f2557dcca5
b1367b13f46727ea0584,https://endhomelessness.org/state-of-homelessness,2026-09-29T19:36:16.177473+00:00,endhomelessness.org,True,downloaded,200.0,https://endhomelessness.org/state-of-homelessness,470534.0,success,41669,6155,html,text/html; charset=UTF-8,State of Homelessness: 2025 Edition,,2026-07-30,National Alliance to End Homelessness,https://endhomelessness.org/state-of-homelessness/,,b1367b13f46727ea0584.txt,51085a83d89e645c960ce64e5f9691f5dc48270bb489f3bd9a251230af80def3
b199b2d571384622f2b5,https://lemoinelawfirm.com/what-are-the-most-approved-disabilities,2026-09-29T19:36:19.351584+00:00,lemoinelawfirm.com,True,downloaded,200.0,https://lemoinelawfirm.com/what-are-the-most-approved-disabilities/,67538.0,success,4913,654,html,,What Are the Most Approved Disabilities?,Peter J Lemoine; Jr,2024-12-10,Lemoine Law Firm,https://lemoinelawfirm.com/what-are-the-most-approved-disabilities/,,b199b2d571384622f2b5.txt,36d52669ccd1b69cde05f7e076e8fec06a3d6c7b067d41161839b7b359df2423
b1a8ebcba345ce609d13,https://journals.sagepub.com/doi/10.1177/21533687241231622,2026-09-29T19:36:19.501742+00:00,sagepub.com,False,downloaded,403.0,https://journals.sagepub.com/doi/10.1177/21533687241231622,5783.0,not_extracted,0,0,,,,,,,,,,
b2804c7f0839a2cd18f1,https://womensworldbanking.org/insights/in-conversation-with-womens-world-banking-conversations-with-pia-tayag,2026-09-29T19:36:20.567981+00:00,womensworldbanking.org,True,downloaded,200.0,https://www.womensworldbanking.org/insights/in-conversation-with-womens-world-banking-conversations-with-pia-tayag/,186143.0,success,10398,1546,html,text/html; charset=UTF-8,Women’s World Banking: In Conversation with Pia Tayag - Women's World Banking,Women's World Banking,2021-10-20,Women's World Banking,https://www.womensworldbanking.org/insights/in-conversation-with-womens-world-banking-conversations-with-pia-tayag/,,b2804c7f0839a2cd18f1.txt,d6ea583e359da162fde6d76e966f6263a3291c574186383af3fb460194fd5d20
b291a0f25da0ccafb749,https://sierrapacificfcu.org/learn/advice-center/unlocking-opportunities-under-the-impact-of-credit-scores-on-loan-approvals,2026-09-29T19:36:21.079648+00:00,sierrapacificfcu.org,True,downloaded,200.0,https://www.sierrapacificfcu.org/learn/advice-center/unlocking-opportunities-under-the-impact-of-credit-scores-on-loan-approvals,153776.0,success,3193,493,html,text/html; charset=UTF-8,Unlocking Opportunities: Understanding the Impact of Credit Scores on Loan Approvals,Sierra Pacific Federal Credit Union,2024-06-14,Sierra Pacific Federal Credit Union,https://www.sierrapacificfcu.org/learn/advice-center/unlocking-opportunities-under-the-impact-of-credit-scores-on-loan-approvals,,b291a0f25da0ccafb749.txt,f9a717d18256631ede4b42185c7e99323837e2fde5df796b853283429b0f14d3
b2a2f2934aa6efdedef9,https://mdpi.com/2071-1050/17/21/9570,2026-09-29T19:36:21.409260+00:00,mdpi.com,True,downloaded,200.0,https://mdpi.com/2071-1050/17/21/9570,2216.0,empty_text,0,0,html,text/html,,,,mdpi.com,https://mdpi.com/2071-1050/17/21/9570,,b2a2f2934aa6efdedef9.txt,e3b0c44298fc1c149afbf4c8996fb92427ae41e4649b934ca495991b7852b855
b2b61fe2b4de8acee144,https://google.com/url?cd=&opi=89978449&psig=AOvVaw3RhAirNaICPP36VFmpNQJJ&rct=j&sa=i&source=web&uoh=2&url=CAESqAEB6zswFTuNc94XHqHYMCs4XA3AP5MbkZPoyaDYB4rwguB_PpuY_BMtbBD3pbg_1CVDGuoGZ6SCea2n_NRW5IUezcNFisiNePwapELGX_9BE2yCf57MYnzRbx83IwcyUvvpt_5hRp9_1PqL3hb11n_bDQhGa47-sOptIRn8ZIxM3RtG3oezVnz5In2kWIWBPxedeEO8ylbiUaiySK4Jrua6rCkAS23UVDQ&ust=1790739105852000&ved=2ahUKEwiPlMuT7ZKXAxUmmSYFHT4YI4oQ1fkOegoIAggACAAIWxAP,2026-09-29T19:36:22.553804+00:00,google.com,False,robots_disallowed,,,,not_extracted,0,0,,,,,,,,,,
b2def547abb4113f91fd,https://stwserve.com/understanding-federal-benefits-for-same-sex-couples,2026-09-29T19:36:22.554004+00:00,stwserve.com,True,downloaded,200.0,https://www.stwserve.com/understanding-federal-benefits-for-same-sex-couples/,113904.0,success,7504,1100,html,text/html; charset=UTF-8,Understanding Federal Benefits for Same-Sex Couples | Serving Those Who Serve,Benefits Ben,2024-11-07,Serving Those Who Serve |,https://www.stwserve.com/understanding-federal-benefits-for-same-sex-couples/,,b2def547abb4113f91fd.txt,c3de3bf8b3c193773cd10a4d3682f6a6fbc740b4a656356731ad66e36e68c6cb
b2f4675adc89c73e3dc2,https://bajajgeneralinsurance.com/blog/health-insurance-articles/key-factors-that-affect-health-insurance-premiums.html,2026-09-29T19:36:23.528627+00:00,bajajgeneralinsurance.com,True,downloaded,200.0,https://www.bajajgeneralinsurance.com/blog/health-insurance-articles/key-factors-that-affect-health-insurance-premiums.html,277229.0,success,7768,1178,html,,11 Key Factors That Affect Your Health Insurance Premiums,Health Blog,2026-04-17,Bajaj General Insurance Limited,https://x.com/bajajgeneral,,b2f4675adc89c73e3dc2.txt,4bcabe8200d6046561eca04b786591c4f18aceb21c99576d6c45950ff2f35c0f
b322fa957e1c9a1b7cbb,https://thelitbot.com/blog/2024/04/3-organizational-risk-factors-for-sexual-harassment,2026-09-29T19:36:24.640007+00:00,thelitbot.com,False,downloaded,403.0,https://thelitbot.com/blog/2024/04/3-organizational-risk-factors-for-sexual-harassment,5809.0,not_extracted,0,0,,,,,,,,,,
b34b4d58366841f3bfc6,https://homelessidproject.org/how-do-people-become-homeless-understanding-the-causes-of-homelessness,2026-09-29T19:36:25.204837+00:00,homelessidproject.org,True,downloaded,200.0,https://www.homelessidproject.org/how-do-people-become-homeless-understanding-the-causes-of-homelessness/,234937.0,success,3725,601,html,text/html; charset=UTF-8,How Do People Become Homeless? Understanding the Causes of Homelessness - Homeless ID Project,Hidp W,2025-02-18,Homeless ID Project,https://www.homelessidproject.org/how-do-people-become-homeless-understanding-the-causes-of-homelessness/,,b34b4d58366841f3bfc6.txt,201f2ce9d424a3d12c2a0b6548152125f2e67633da5dc9c0956a80d5f96881b5
b34d42f2ab1c4599ed84,https://pmc.ncbi.nlm.nih.gov/articles/PMC10784545,2026-09-29T19:36:25.958859+00:00,nih.gov,True,downloaded,200.0,https://pmc.ncbi.nlm.nih.gov/articles/PMC10784545,21368.0,success,131,18,html,,Checking your browser,,2026-09-11,google.com,https://www.google.com/recaptcha/challengepage,,b34d42f2ab1c4599ed84.txt,a29166d0eaaa418bd5af61a282f1183a46c84c4d5e4c90689b1b452d230d05cc
b35c2921a0e1b37e2acc,https://justiceinaging.org/supporting-lgbtq-older-adults-basic-needs,2026-09-29T19:36:26.182391+00:00,justiceinaging.org,True,downloaded,200.0,https://justiceinaging.org/supporting-lgbtq-older-adults-basic-needs/,282637.0,success,43216,6390,html,text/html; charset=UTF-8,Supporting LGBTQ+ Older Adults’ Basic Needs - Justice in Aging,Justice,2025-09-18,Justice in Aging,https://justiceinaging.org/supporting-lgbtq-older-adults-basic-needs/,,b35c2921a0e1b37e2acc.txt,1c4d8288829c7616a9d99acbdc9cff60ff6fadca3eb674903c93204093e3c154
b364864f741a35bbd532,https://tandfonline.com/doi/full/10.1080/16549716.2024.2342634,2026-09-29T19:36:26.359132+00:00,tandfonline.com,False,downloaded,403.0,https://tandfonline.com/doi/full/10.1080/16549716.2024.2342634,5826.0,not_extracted,0,0,,,,,,,,,,
b36f86301db1611f9677,https://pmc.ncbi.nlm.nih.gov/articles/PMC4890541,2026-09-29T19:36:26.414836+00:00,nih.gov,True,downloaded,200.0,https://pmc.ncbi.nlm.nih.gov/articles/PMC4890541,21367.0,success,131,18,html,,Checking your browser,,2026-09-11,google.com,https://www.google.com/recaptcha/challengepage,,b36f86301db1611f9677.txt,a29166d0eaaa418bd5af61a282f1183a46c84c4d5e4c90689b1b452d230d05cc
b39b3920de4e414f2a91,https://arauniversity.org/harassment-workplace,2026-09-29T19:36:29.410782+00:00,arauniversity.org,True,downloaded,200.0,https://arauniversity.org/harassment-workplace/,240469.0,success,18195,2804,html,text/html; charset=UTF-8,Harassment: Get to Know the Risk Factors for Your Workplace,ARA U,2017-11-10,arauniversity.org,https://arauniversity.org/harassment-workplace/,,b39b3920de4e414f2a91.txt,589966a65f240636ed277c10388b6b8bcdf865716d6f8937c62088e399c099b6
b3f59eb6954683b13d5e,https://nachc.org/people-losing-medicaid-due-to-procedural-reasons-is-a-red-flag,2026-09-29T20:00:10.087102+00:00,nachc.org,False,http_error,503.0,https://nachc.org/people-losing-medicaid-due-to-procedural-reasons-is-a-red-flag,18429.0,not_extracted,0,0,,text/html; charset=UTF-8,,,,,,0.0,,
b40f8b604f07f46c289d,https://pmc.ncbi.nlm.nih.gov/articles/PMC8343501,2026-09-29T19:36:30.544400+00:00,nih.gov,True,downloaded,200.0,https://pmc.ncbi.nlm.nih.gov/articles/PMC8343501,21367.0,success,131,18,html,,Checking your browser,,2026-09-11,google.com,https://www.google.com/recaptcha/challengepage,,b40f8b604f07f46c289d.txt,a29166d0eaaa418bd5af61a282f1183a46c84c4d5e4c90689b1b452d230d05cc
b4248e40fd879cb21e3a,https://crr.bc.edu/black-workers-rely-more-on-federal-disability,2026-09-29T19:36:30.714120+00:00,bc.edu,True,downloaded,200.0,https://crr.bc.edu/black-workers-rely-more-on-federal-disability/,163093.0,success,4166,669,html,text/html; charset=UTF-8,Black Workers Rely More on Federal Disability,Kimberly Blanton,2024-11-14,crr.bc.edu,https://crr.bc.edu/black-workers-rely-more-on-federal-disability/,,b4248e40fd879cb21e3a.txt,0ede30a9629bf3baa62f9fc7c148738db9ca6c8fdd91245460dc214b9c10ee3c
b47aa01f8cbd0aad17d4,https://levelaccess.com/blog/ada-financial-institutions,2026-09-29T19:36:31.438102+00:00,levelaccess.com,True,downloaded,200.0,https://www.levelaccess.com/blog/ada-financial-institutions/,246437.0,success,9165,1296,html,text/html; charset=UTF-8,ADA Banking Requirements | Insights on Compliance,Level Access,2025-01-24,Level Access,https://www.levelaccess.com/blog/ada-financial-institutions/,,b47aa01f8cbd0aad17d4.txt,8dedb31cd2607e1d5b2506250958c19c33150105a894fcfff1faad8ee13735c0
b49f3cf83115678a66d5,https://epublications.marquette.edu/cgi/viewcontent.cgi?article=1714&context=dissertations_mu,2026-09-29T19:36:34.096785+00:00,marquette.edu,False,downloaded,403.0,https://epublications.marquette.edu/cgi/viewcontent.cgi?article=1714&context=dissertations_mu,5896.0,not_extracted,0,0,,,,,,,,,,
b4e995b3fe6b826a44d0,https://bja.ojp.gov/library/publications/understanding-police-decisions-arrest-impact-situational-officer-and,2026-09-29T19:36:34.316751+00:00,ojp.gov,True,downloaded,200.0,https://bja.ojp.gov/library/publications/understanding-police-decisions-arrest-impact-situational-officer-and,58523.0,success,1994,273,html,text/html; charset=UTF-8,"Understanding police decisions to arrest: The impact of situational, officer, and neighborhood characteristics on police discretion | Bureau of Justice Assistance",Author Jessica Huff,2021-01-01,Bureau of Justice Assistance,https://bja.ojp.gov/library/publications/understanding-police-decisions-arrest-impact-situational-officer-and,,b4e995b3fe6b826a44d0.txt,3dbf78205eb93f8014973c04301862f5b03ea941e42a11abf9341e8bddb0a3e4
b512fd721953bfca7526,https://vorwerkforensic.com/gender-disparities-in-the-criminal-justice-system,2026-09-29T19:36:34.374578+00:00,vorwerkforensic.com,False,downloaded,403.0,https://vorwerkforensic.com/gender-disparities-in-the-criminal-justice-system,52.0,not_extracted,0,0,,,,,,,,,,
b5459e925d59811b25fe,https://academic.oup.com/esr/article/42/2/301/8317978,2026-09-29T19:36:34.738605+00:00,oup.com,False,downloaded,403.0,https://academic.oup.com/esr/article/42/2/301/8317978,5661.0,not_extracted,0,0,,,,,,,,,,
b5512c1329baedf33991,https://youtube.com/watch?t=27&v=7qOlZ3tG3R0,2026-09-29T19:36:36.399946+00:00,youtube.com,True,downloaded,200.0,https://www.youtube.com/watch?t=27&v=7qOlZ3tG3R0,1212869.0,success,146,23,html,text/html; charset=utf-8,Preventative care for transgender and gender non-conforming patients,,2018-07-10,YouTube,https://www.youtube.com/watch?v=7qOlZ3tG3R0,,b5512c1329baedf33991.txt,8dbba17988e385133ba8f51d76cde1fc2c859262b666cb848e9cfe2478fd5e71
b55280b78fa9a6cf41a2,https://sciencedirect.com/science/article/abs/pii/S0891422211003428,2026-09-29T19:36:37.618866+00:00,sciencedirect.com,False,downloaded,403.0,https://www.sciencedirect.com/science/article/abs/pii/S0891422211003428,1207947.0,not_extracted,0,0,,,,,,,,,,
b566362e4bf57605e933,https://citizensinformation.ie/en/social-welfare/irish-social-welfare-system/means-test-for-social-welfare-payments,2026-09-29T19:36:37.847294+00:00,citizensinformation.ie,False,downloaded,403.0,https://citizensinformation.ie/en/social-welfare/irish-social-welfare-system/means-test-for-social-welfare-payments,118.0,not_extracted,0,0,,,,,,,,,,
b6545121b0beed065e1e,https://pmc.ncbi.nlm.nih.gov/articles/PMC9955979,2026-09-29T19:36:38.289650+00:00,nih.gov,True,downloaded,200.0,https://pmc.ncbi.nlm.nih.gov/articles/PMC9955979/,313280.0,success,105141,15530,html,,"Gender expectations, socioeconomic inequalities and definitions of career success: A qualitative study with university students",Daniela P Fernández; Michelle K Ryan; Christopher T Begeny,2023-02-24,PLOS ONE,https://pmc.ncbi.nlm.nih.gov/articles/PMC9955979/,,b6545121b0beed065e1e.txt,73ef891499a2af5c61d0ee655add1c2cd61b2a953e16bdb79a3bbcbda81ee0ff
b666fc455452e8dfd702,https://commonwealthfund.org/publications/fund-reports/2024/apr/advancing-racial-equity-us-health-care,2026-09-29T19:36:38.316503+00:00,commonwealthfund.org,False,downloaded,403.0,https://commonwealthfund.org/publications/fund-reports/2024/apr/advancing-racial-equity-us-health-care,5928.0,not_extracted,0,0,,,,,,,,,,
b698de5074f41e841d52,https://linkedin.com/posts/kunal-sachdev_women-founders-in-india-face-loan-rejection-activity-7313783361720799233-gIMS,2026-09-29T19:36:38.915312+00:00,linkedin.com,False,robots_disallowed,,,,not_extracted,0,0,,,,,,,,,,
b6ed57ff178d5dfb6059,https://kc.edu/healthcare-gap-a-reality-for-hispanic-latino-community,2026-09-29T19:36:38.915594+00:00,kc.edu,False,robots_disallowed,,,,not_extracted,0,0,,,,,,,,,,
b725067993e874a35607,https://19thnews.org/2023/07/credit-hurdles-transgender-nonbinary-fetterman-smith-bill,2026-09-29T19:36:39.557809+00:00,19thnews.org,True,downloaded,200.0,https://19thnews.org/2023/07/credit-hurdles-transgender-nonbinary-fetterman-smith-bill/,139812.0,success,4394,685,html,text/html; charset=UTF-8,Credit hurdles for transgender and nonbinary people could be cleared under proposed bill,Daja E Henry; Julia Chan,2023-07-27,19Th News,https://19thnews.org/2023/07/credit-hurdles-transgender-nonbinary-fetterman-smith-bill/,,b725067993e874a35607.txt,561f55d9c06e012e679192609c414b3691afba08791a4f2d2f52db2283428c92
b74035987a489f1a5239,https://psychiatrist.com/pcc/homelessness-housing-insecurity-challenges-opportunities-improve-care,2026-09-29T19:36:40.330960+00:00,psychiatrist.com,True,downloaded,200.0,https://www.psychiatrist.com/pcc/homelessness-housing-insecurity-challenges-opportunities-improve-care/,192177.0,success,45778,6262,html,text/html; charset=UTF-8,Homelessness and Housing Insecurity: Challenges and Opportunities to Improve Care,Sofia E Matta; Luis Velez Figueroa; Margarita Bobonis-Babilonia; Andrea C DeSimone; Lynne D Boone; Katherine A Koh; Theodore A Stern,2026-08-13,Psychiatrist.com,https://www.psychiatrist.com/pcc/homelessness-housing-insecurity-challenges-opportunities-improve-care/,,b74035987a489f1a5239.txt,f28080a386b9a382bfe781fce1da3e9cf4dd0b6ca5a11284ac8d8c3724f1fa17
b7501cb300491e9a3461,https://prisonpolicy.org/blog/2024/12/19/policing_survey_2022,2026-09-29T19:36:41.571118+00:00,prisonpolicy.org,True,downloaded,200.0,https://www.prisonpolicy.org/blog/2024/12/19/policing_survey_2022/,71874.0,success,18665,3014,html,text/html; charset=UTF-8,"Despite fewer people experiencing police contact, racial disparities in arrests, police misconduct, and police use of force continue",Prison Policy Initiative,2024-12-19,PrisonPolicy,https://www.prisonpolicy.org/blog/2024/12/19/policing_survey_2022/,,b7501cb300491e9a3461.txt,7f5addd6ccd9bcf96c2beea83583b68e5258e7a6853446f8518ffb5f07c45911
b7569dd5dd7ba7bea2f1,https://prisonpolicy.org/reports/repeatarrests.html,2026-09-29T19:36:42.662009+00:00,prisonpolicy.org,True,downloaded,200.0,https://www.prisonpolicy.org/reports/repeatarrests.html,104061.0,success,36221,6110,html,text/html; charset=UTF-8,"Arrest, release, repeat: How police and jails are misused to respond to social problems",Prison Policy Initiative; Alexi Jones; Wendy Sawyer,2026-01-01,PrisonPolicy,https://www.prisonpolicy.org/reports/repeatarrests.html,,b7569dd5dd7ba7bea2f1.txt,7404e9c21b3ff87c8bc676b45b8f017691b09ebb5ba3e9b29fb59cd10e8341c7
b7631880e713c9874778,https://urban.org/research/publication/hispanic-homeowners-and-physical-inadequacy-properties,2026-09-29T19:36:43.793663+00:00,urban.org,False,downloaded,403.0,https://www.urban.org/research/publication/hispanic-homeowners-and-physical-inadequacy-properties,5970.0,not_extracted,0,0,,,,,,,,,,
b7a3e143339ef1b70344,https://psnet.ahrq.gov/perspective/patient-safety-concerns-and-lgbtq-population,2026-09-29T19:36:43.861453+00:00,ahrq.gov,False,downloaded,403.0,https://psnet.ahrq.gov/perspective/patient-safety-concerns-and-lgbtq-population,986.0,not_extracted,0,0,,,,,,,,,,
b7c998a266298a228465,https://medresearch.umich.edu/sites/default/files/2024-06/RRTC-Evaluating-Housing-Concerns.pdf,2026-09-29T19:36:43.948539+00:00,umich.edu,False,downloaded,403.0,https://medresearch.umich.edu/sites/default/files/2024-06/RRTC-Evaluating-Housing-Concerns.pdf,5860.0,not_extracted,0,0,,,,,,,,,,
b7d1670cf07474ee54b7,https://lgbtq-economics.org/research/leaf-report-2023,2026-09-29T19:36:44.700938+00:00,lgbtq-economics.org,True,downloaded,200.0,https://lgbtq-economics.org/research/leaf-report-2023/,406197.0,success,59718,8589,html,text/html; charset=UTF-8,The LGBTQI+ Economic and Financial Survey,,2023-03-27,CLEAR,https://lgbtq-economics.org/research/leaf-report-2023/,,b7d1670cf07474ee54b7.txt,e1b7c22ac2beb2c7fe750f9e4ea40cc239cf2d318768a7747056d1bd431e09e5
b7dcc8ca584d5d831fb1,https://ccf.georgetown.edu/2023/03/27/medicaid-coverage-at-risk-for-people-with-disabilities-how-you-can-help,2026-09-29T19:36:45.576816+00:00,georgetown.edu,True,downloaded,200.0,https://ccf.georgetown.edu/2023/03/27/medicaid-coverage-at-risk-for-people-with-disabilities-how-you-can-help/,162442.0,success,4596,716,html,text/html; charset=UTF-8,Medicaid Coverage At Risk for People with Disabilities: How You Can Help,Guest,2023-03-27,Center For Children and Families,https://ccf.georgetown.edu/2023/03/27/medicaid-coverage-at-risk-for-people-with-disabilities-how-you-can-help/,,b7dcc8ca584d5d831fb1.txt,d5fad6905afa26b4b09cdf286cb50bbccf4c51041994d54f659ba8903452639b
b7ff661b9d6ab0396700,https://unitedwaynca.org/blog/causes-of-homelessness,2026-09-29T19:36:46.888113+00:00,unitedwaynca.org,True,downloaded,200.0,https://unitedwaynca.org/blog/causes-of-homelessness/,161051.0,success,12110,1678,html,text/html; charset=UTF-8,Leading Causes of Homelessness: Identifying & Bringing Hope,United Way NCA,2026-06-22,United Way of the National Capital Area,https://unitedwaynca.org/blog/causes-of-homelessness/,,b7ff661b9d6ab0396700.txt,77ae29b0af98c349bfd81ace2ee8db37985c29b125e6f549d85e11528d39ebe7
b8bbece6b2d2701285e8,https://ideas.repec.org/a/kap/poprpr/v42y2023i3d10.1007_s11113-023-09774-2.html,2026-09-29T19:36:47.443779+00:00,repec.org,True,downloaded,200.0,https://ideas.repec.org/a/kap/poprpr/v42y2023i3d10.1007_s11113-023-09774-2.html,58046.0,success,11490,1683,html,text/html; charset=UTF-8,Differences in Health Insurance and Usual Source of Care Amo,Madina Agénor; J Wyatt Koma; Ashley E Pérez; Alex McDowell; Gilbert Gonzales,2023-02-02,Population Research and Policy Review,https://ideas.repec.org//a/kap/poprpr/v42y2023i3d10.1007_s11113-023-09774-2.html,,b8bbece6b2d2701285e8.txt,f2943ccfbbedfc691662837a81d91ab12ff1eb2977eba241183c631ef9e9052a
b8c3033dc5038838e977,https://pmc.ncbi.nlm.nih.gov/articles/PMC7415496,2026-09-29T19:36:47.597729+00:00,nih.gov,True,downloaded,200.0,https://pmc.ncbi.nlm.nih.gov/articles/PMC7415496/,164829.0,success,31511,4276,html,,Health inequities among Latinos/Hispanics: Documentation status as a determinant of health,Jacqueline Cabral; Adolfo G Cuevas,2020-02-05,Journal of racial and ethnic health disparities,https://pmc.ncbi.nlm.nih.gov/articles/PMC7415496/,,b8c3033dc5038838e977.txt,9ed043217cecf2059232af62458f198d9ff198cbf80dda52aff4b1952499db37
b8dc70fc1ea02947da37,https://today.ucsd.edu/story/closing-gender-gaps-in-career-advancement,2026-09-29T19:36:48.150684+00:00,ucsd.edu,True,downloaded,200.0,https://today.ucsd.edu/story/closing-gender-gaps-in-career-advancement,99255.0,success,4789,740,html,text/html; charset=UTF-8,Closing Gender Gaps in Career Advancement,,2024-03-21,UCSanDiego,https://today.ucsd.edu/story/closing-gender-gaps-in-career-advancement,,b8dc70fc1ea02947da37.txt,1de660890fa17e021e25fa6ce0dee4c67ced2cef086791084c02f3c6dc092386
b8e0ac5f0fca26d0654e,https://pmc.ncbi.nlm.nih.gov/articles/PMC7227297,2026-09-29T19:36:48.294544+00:00,nih.gov,True,downloaded,200.0,https://pmc.ncbi.nlm.nih.gov/articles/PMC7227297/,229041.0,success,74142,10912,html,,“An ethnographic exploration of factors that drive policing of street-based female sex workers in a U.S. setting - identifying opportunities for intervention”,Katherine H A Footer; Bradley E Silberzahn; Sahnah Lim; Steven Huettner; Victor A Kumar; Derek Loeffler; Sarah M Peitzmeier; Susan G Sherman,2020-05-14,BMC International Health and Human Rights,https://pmc.ncbi.nlm.nih.gov/articles/PMC7227297/,,b8e0ac5f0fca26d0654e.txt,8081a3aa7c2832754d19d46ed944258ad34e526f7b94fa0dd4e4ec25485918ca
b8ecd030b9d1426c710a,https://google.com/goto?url=CAESbwHrOzAV7VfDCMnLrYH6KqrCOSJJEsmHNNGqCvJPNZKOwIBocIpILD3afdLN5tCY8qOi1vJeBcOQR_hGjtFVRst6yY8kEVwScrqKfYHh6X_-etAK9WzCqmUx6mQQtR2M_q_VkAH1_x456MyPaaZwhg,2026-09-29T19:36:49.093702+00:00,google.com,False,robots_disallowed,,,,not_extracted,0,0,,,,,,,,,,
b8ee45c3edb17e2f59c1,https://ebsco.com/research-starters/education/privilege-and-disadvantage-us-education,2026-09-29T19:36:49.093980+00:00,ebsco.com,True,downloaded,200.0,https://www.ebsco.com/research-starters/education/privilege-and-disadvantage-us-education,231819.0,success,66210,9486,html,text/html,Privilege and Disadvantage in U.S. Education | Education | Research Starters | EBSCOhost,,2019-05-01,EBSCO,https://www.ebsco.com/,,b8ee45c3edb17e2f59c1.txt,737d9a3ffab195172a2a7c906fec0debdaa90bcc89830f605f745120b441b9f9
b8f705f8e02301d19d38,https://sciencedirect.com/science/article/abs/pii/S0047272725000994,2026-09-29T19:36:49.425418+00:00,sciencedirect.com,False,downloaded,403.0,https://www.sciencedirect.com/science/article/abs/pii/S0047272725000994,1207947.0,not_extracted,0,0,,,,,,,,,,
b90714f0efa2027d1438,https://linkedin.com/videos/drkenlharris_melaninmind-blackreality-blackinamerica-activity-7412852470240153600-VJ0a,2026-09-29T19:36:50.386624+00:00,linkedin.com,False,robots_disallowed,,,,not_extracted,0,0,,,,,,,,,,
b9330b6ca32ab2db9c26,https://reddit.com/r/recruiting/comments/10qe4w1/how_much_truth_is_in_this_statement_white_people?rdt=44355,2026-09-29T19:36:50.386931+00:00,reddit.com,False,robots_disallowed,,,,not_extracted,0,0,,,,,,,,,,
b934157df7b8d5def47c,https://epi.org/publication/racial-representation-prof-occ,2026-09-29T19:36:50.387115+00:00,epi.org,False,downloaded,403.0,https://epi.org/publication/racial-representation-prof-occ,5864.0,not_extracted,0,0,,,,,,,,,,
b962444128bfa9b1339e,https://pjph.org/pjph/article/view/1124,2026-09-29T19:36:51.097969+00:00,pjph.org,True,downloaded,200.0,https://pjph.org/pjph/article/view/1124,39693.0,success,2095,266,html,text/html; charset=utf-8,Factors Influencing Willingness to Participate in a Micro Health Insurance Program: A Study in Urban Karachi,Farhan Usman Billoo; Abdul Rehman Aleem,2024-09-30,Pakistan Journal of Public Health,https://pjph.org/pjph/article/view/1124,,b962444128bfa9b1339e.txt,57707285557179512e9a8e01f918ce4f121a2c2c167e39607abaed1e2249fc40
b9781e91ff03f5914a44,https://cdn2.hubspot.net/hubfs/4408380/PDF/General-Housing-Homelessness/IWHR-Gendered-Housing-Perspective.pdf,2026-09-29T19:36:51.917315+00:00,hubspot.net,True,downloaded,200.0,https://cdn2.hubspot.net/hubfs/4408380/PDF/General-Housing-Homelessness/IWHR-Gendered-Housing-Perspective.pdf,164706.0,success,167430,23993,pdf,application/pdf,,,,,,,b9781e91ff03f5914a44.txt,2f2afd5ecc9db4e07bf82c932faa6da45aac3c34c48819b54cac38dc9290633d
b97cba4c529844cb4856,https://americanprogress.org/article/african-americans-face-systematic-obstacles-getting-good-jobs,2026-09-29T19:36:52.961687+00:00,americanprogress.org,False,downloaded,403.0,https://www.americanprogress.org/article/african-americans-face-systematic-obstacles-getting-good-jobs,5920.0,not_extracted,0,0,,,,,,,,,,
b99ab0c967ba34aafb36,https://jbhe.com/2021/11/study-finds-persisting-racial-inequality-in-access-to-financial-services-and-credit,2026-09-29T19:36:52.986931+00:00,jbhe.com,True,downloaded,200.0,https://jbhe.com/2021/11/study-finds-persisting-racial-inequality-in-access-to-financial-services-and-credit/,374350.0,success,1176,183,html,text/html; charset=UTF-8,Study Finds Persisting Racial Inequality in Access to Financial Services and Credit | The Journal of Blacks in Higher Education,Editor,2021-11-08,The Journal of Blacks in Higher Education,https://jbhe.com/2021/11/study-finds-persisting-racial-inequality-in-access-to-financial-services-and-credit/,,b99ab0c967ba34aafb36.txt,623c6dfaa8b86212bf9f4a0f9dd8ed1daa46a7c02706d23c05d4565f5581a59e
b99bf2b0985accb4b1c7,https://williamsinstitute.law.ucla.edu/press/law-enforcement-lgbtq-interactions,2026-09-29T19:36:53.179301+00:00,ucla.edu,True,downloaded,200.0,https://williamsinstitute.law.ucla.edu/press/law-enforcement-lgbtq-interactions/,104309.0,success,3513,512,html,text/html; charset=UTF-8,New study documents pervasive and ongoing mistreatment of LGBTQ people by law enforcement,Loyal; Thisisloyal Com,2025-11-20,The Williams Institute at UCLA School of Law,https://williamsinstitute.law.ucla.edu/press/law-enforcement-lgbtq-interactions/,,b99bf2b0985accb4b1c7.txt,8502e7bfeac34aaadb26a827e3b13776aecd4d4e10427ecc98c1d0f9c85ebebf
b9a2e1e2d43afe516517,https://psychology.town/psychosocial-issues-in-disability/career-development-strategies-disabilities,2026-09-29T19:36:54.172681+00:00,psychology.town,True,downloaded,200.0,https://psychology.town/psychosocial-issues-in-disability/career-development-strategies-disabilities/,227435.0,success,11048,1544,html,,Career Development Strategies for Persons with Disabilities • Psychology Town,Prince Kumar,2025-11-10,Psychology Town,https://psychology.town/psychosocial-issues-in-disability/career-development-strategies-disabilities/,,b9a2e1e2d43afe516517.txt,00ce8c2857a51f0752e915cb21e28858a7a2262d25c16b7ca8a5a025ae48dc77
b9faeedec439bf6527f3,https://edweek.org/leadership/even-in-a-field-dominated-by-women-25-of-female-educators-say-metoo/2018/06,2026-09-29T19:36:55.642935+00:00,edweek.org,True,downloaded,200.0,https://www.edweek.org/leadership/even-in-a-field-dominated-by-women-25-of-female-educators-say-metoo/2018/06,223051.0,success,9586,1552,html,text/html;charset=UTF-8,"Even in a Field Dominated by Women, 25% of Female Educators Say #MeToo",Arianna Prothero,2018-06-22,Education Week,https://www.edweek.org/leadership/even-in-a-field-dominated-by-women-25-of-female-educators-say-metoo/2018/06,,b9faeedec439bf6527f3.txt,8ac383c605a267f0270ec552294ef9d271032b6fc1e8ff72bc8d8dd5c6eead09
ba237840bf4ccb07f96a,https://childtrends.org/publications/application-data-can-help-us-understand-hispanic-families-uptake-of-child-care-subsidies,2026-09-29T19:36:56.064938+00:00,childtrends.org,True,downloaded,200.0,https://www.childtrends.org/publications/application-data-can-help-us-understand-hispanic-families-uptake-of-child-care-subsidies,198947.0,success,20254,2880,html,text/html; charset=utf-8,Application Data Can Help Us Understand Hispanic Families’ Uptake of Child Care Subsidies | Child Trends,Dana Thomson; Katy Falletta; Laura Ramirez; Lina Guzman,2025-10-15,Child Trends,https://www.childtrends.org/publications/application-data-can-help-us-understand-hispanic-families-uptake-of-child-care-subsidies,,ba237840bf4ccb07f96a.txt,932ba22bff578921b0b0dfcac5936d2dfecdb3620558325afeb4b3f0e758dabc
ba5d3d442b0a1768e239,https://cbpp.org/research/health/health-coverage-rates-vary-widely-across-and-within-racial-and-ethnic-groups,2026-09-29T19:36:57.123340+00:00,cbpp.org,False,downloaded,403.0,https://cbpp.org/research/health/health-coverage-rates-vary-widely-across-and-within-racial-and-ethnic-groups,6158.0,not_extracted,0,0,,,,,,,,,,
ba5da0ba006e2e8042ef,https://generations.bank/,2026-09-29T19:36:57.210680+00:00,generations.bank,False,downloaded,403.0,https://generations.bank/,52.0,not_extracted,0,0,,,,,,,,,,
ba64ad75664da0ae050f,https://mavmatrix.uta.edu/cgi/viewcontent.cgi?params=%2Fcontext%2Fcrcj_theses%2Farticle%2F1068%2Ftype%2Fnative%2F&path_info=,2026-09-29T19:36:57.256041+00:00,uta.edu,False,downloaded,403.0,https://mavmatrix.uta.edu/cgi/viewcontent.cgi?params=%2Fcontext%2Fcrcj_theses%2Farticle%2F1068%2Ftype%2Fnative%2F&path_info=,6051.0,not_extracted,0,0,,,,,,,,,,
ba6a55ac11d4e3ce0434,https://experian.com/blogs/ask-experian/what-do-mortgage-lenders-look-for,2026-09-29T19:37:00.518330+00:00,experian.com,True,downloaded,200.0,https://www.experian.com/blogs/ask-experian/what-do-mortgage-lenders-look-for,230681.0,success,11301,1897,html,text/html,What Factors Do Mortgage Lenders Consider?,Emily Starbuck Gerson,2026-09-22,Experian,https://www.experian.com/blogs/ask-experian/what-do-mortgage-lenders-look-for/,,ba6a55ac11d4e3ce0434.txt,95c80223a03abd1d1f8f7669ca31164e4dfaa54d2ad11367f465a97ffe687c2d
babc6f854c065a43c0f9,https://commonwealthfund.org/publications/issue-briefs/2025/jun/reducing-medicaid-churn-policies-promote-stable-health-coverage,2026-09-29T19:37:00.666908+00:00,commonwealthfund.org,False,downloaded,403.0,https://commonwealthfund.org/publications/issue-briefs/2025/jun/reducing-medicaid-churn-policies-promote-stable-health-coverage,6024.0,not_extracted,0,0,,,,,,,,,,
bac141dffed997ce25c8,https://ssa.gov/policy/docs/ssb/v65n3/v65n3p14.html,2026-09-29T19:37:00.852495+00:00,ssa.gov,False,exception,,,,failed,0,0,,,,,,,,,,
bb15ff9aa2c4626a8196,https://bostonfed.org/news-and-events/news/2021/11/racism-and-the-economy-barriers-to-financial-services-perpetuate-economic-gaps.aspx,2026-09-29T19:37:01.815057+00:00,bostonfed.org,True,downloaded,200.0,https://www.bostonfed.org/news-and-events/news/2021/11/racism-and-the-economy-barriers-to-financial-services-perpetuate-economic-gaps.aspx,81707.0,success,7182,1084,html,text/html; charset=utf-8,What’s the impact of persistent barriers to basic financial services?,Federal Reserve Bank,2026-01-22,Federal Reserve Bank of Boston,https://www.bostonfed.org/news-and-events/news/2021/11/racism-and-the-economy-barriers-to-financial-services-perpetuate-economic-gaps.aspx,,bb15ff9aa2c4626a8196.txt,88f1ce7a71ad8cb66e6cea21e1afea5d14c039e746f566d2d42688aeecc3860e
bb46b2d5419879584e9e,https://transequality.org/issues/housing-homelessness,2026-09-29T19:37:03.719681+00:00,transequality.org,True,downloaded,200.0,https://transequality.org/issues/housing-homelessness,118942.0,success,1908,284,html,text/html; charset=UTF-8,Housing & Homelessness | A4TE,,2026-04-28,A4TE,https://transequality.org/issues/housing-homelessness,,bb46b2d5419879584e9e.txt,d065c0c54a469507d88f57f585048d7b788250018eb885da7104a61a7d5d4c63
bb57ffcedce05262840e,https://workrisenetwork.org/working-knowledge/who-gets-what-job-taking-racial-equity-approach-improving-job-quality,2026-09-29T19:37:04.028327+00:00,workrisenetwork.org,False,downloaded,403.0,https://workrisenetwork.org/working-knowledge/who-gets-what-job-taking-racial-equity-approach-improving-job-quality,6033.0,not_extracted,0,0,,,,,,,,,,
bb625a9d01c929146219,https://opm.gov/policy-data-oversight/pay-leave/recruitment-relocation-retention-incentives/fact-sheets/retention-incentives-likely-to-leave-the-federal-service,2026-09-29T19:37:04.257249+00:00,opm.gov,True,downloaded,200.0,https://www.opm.gov/policy-data-oversight/pay-leave/recruitment-relocation-retention-incentives/fact-sheets/retention-incentives-likely-to-leave-the-federal-service,116265.0,success,11419,1776,html,text/html; charset=utf-8,Retention Incentives likely to leave the Federal service,,2019-11-04,U.S. Office of Personnel Management,https://www.opm.gov/policy-data-oversight/pay-leave/recruitment-relocation-retention-incentives/fact-sheets/retention-incentives-likely-to-leave-the-federal-service,,bb625a9d01c929146219.txt,efe59d791023a59e6801096ed6795142133b438da63865efcfdb52e619b3da97
bb658db72ca850fd91bc,https://sciencedirect.com/science/article/pii/S0305750X2600207X,2026-09-29T19:37:05.597606+00:00,sciencedirect.com,False,downloaded,403.0,https://www.sciencedirect.com/science/article/pii/S0305750X2600207X,1207935.0,not_extracted,0,0,,,,,,,,,,
bb7ea93f7c1f2501f472,https://google.com/url?cd=&opi=89978449&psig=AOvVaw3RhAirNaICPP36VFmpNQJJ&rct=j&sa=i&source=web&uoh=2&url=CAESlAEB6zswFXrQWuy09bGTF8SKO0Zq7R88v7mq1hgcz9rbnsT9teA0nC3lpF6XSh5AN82yCv6aY7xHgReWlzAftqpph1Zjxix00MFyl23z4FR-Yxuz7WKDoJDDTq5PM0GOgpsQwzwcRPN5tLU6T25gNx-flhCZ4sr2m6Dg5U80uuG0Pu2JpKOGa-H9ScCJorf9Te2vQRjA&ust=1790739105852000&ved=2ahUKEwiPlMuT7ZKXAxUmmSYFHT4YI4oQ1fkOegoIAggACAAIWxAL,2026-09-29T19:37:05.755434+00:00,google.com,False,robots_disallowed,,,,not_extracted,0,0,,,,,,,,,,
bc777d1fe70b343beb2e,https://calltherightattorney.com/blog/2025/10/what-does-a-racially-hostile-workplace-look-like-for-white-employees,2026-09-29T19:37:05.755705+00:00,calltherightattorney.com,False,downloaded,403.0,https://calltherightattorney.com/blog/2025/10/what-does-a-racially-hostile-workplace-look-like-for-white-employees,5935.0,not_extracted,0,0,,,,,,,,,,
bc8323ebec11ac886d98,https://lemoinelawfirm.com/top-10-signs-you-will-win-disability-benefits,2026-09-29T19:37:07.584710+00:00,lemoinelawfirm.com,True,downloaded,200.0,https://lemoinelawfirm.com/top-10-signs-you-will-win-disability-benefits/,74127.0,success,10746,1550,html,,Top 10 Signs You Will Win Disability Benefits,Annie Lemoine Newton,2025-04-20,Lemoine Law Firm,https://lemoinelawfirm.com/top-10-signs-you-will-win-disability-benefits/,,bc8323ebec11ac886d98.txt,dd3aff78b6526821937604cf682605ed96c8c81fab760d81eb0e690e550b130e
bc8e3fc7ceedfacb2e5b,https://pmc.ncbi.nlm.nih.gov/articles/PMC6708348,2026-09-29T19:37:09.179075+00:00,nih.gov,True,downloaded,200.0,https://pmc.ncbi.nlm.nih.gov/articles/PMC6708348/,160330.0,success,28209,4510,html,,"Risk of being killed by police use of force in the United States by age, race–ethnicity, and sex",Frank Edwards; Hedwig Lee; Michael Esposito,2019-08-05,Proceedings of the National Academy of Sciences of the United States of America,https://pmc.ncbi.nlm.nih.gov/articles/PMC6708348/,,bc8e3fc7ceedfacb2e5b.txt,9897ebe54671f9bbbdf39d3df7946bcec9b8c04d47ee8f196d31ceda45fb2719
bc946e919ee2c578d435,https://mckinsey.com/institute-for-economic-mobility/our-insights/investing-in-and-with-black-consumers-in-financial-services,2026-09-29T19:37:09.535456+00:00,mckinsey.com,True,downloaded,200.0,https://www.mckinsey.com/institute-for-economic-mobility/our-insights/investing-in-and-with-black-consumers-in-financial-services,212104.0,success,17391,2428,html,text/html,Investing in—and with—Black consumers in financial services,Samuel Abrams; Munya Muvezwa; Tawanda Sibanda; Shelley Stewart III,2022-09-06,McKinsey & Company,https://www.mckinsey.com/institute-for-economic-mobility/our-insights/investing-in-and-with-black-consumers-in-financial-services,,bc946e919ee2c578d435.txt,b0f7e0b2321b329c7e35517a3864b35a30ac6c10ebb4adb0d3b5f38e26147b65
bc98944e69030adfe352,https://urban.org/urban-wire/more-frequent-medicaid-redeterminations-would-reduce-health-insurance-coverage-and,2026-09-29T19:37:10.457241+00:00,urban.org,False,downloaded,403.0,https://www.urban.org/urban-wire/more-frequent-medicaid-redeterminations-would-reduce-health-insurance-coverage-and,6045.0,not_extracted,0,0,,,,,,,,,,
bc9cdc640dedae1596fa,https://pmc.ncbi.nlm.nih.gov/articles/PMC6497454,2026-09-29T19:37:12.062235+00:00,nih.gov,True,downloaded,200.0,https://pmc.ncbi.nlm.nih.gov/articles/PMC6497454/,228481.0,success,51944,7275,html,,Bullying Victimization among LGBTQ Youth: Current and Future Directions,Amy L Gower; G Nic Rider; Barbara J McMorris; Marla E Eisenberg,2018-08-30,Current sexual health reports,https://pmc.ncbi.nlm.nih.gov/articles/PMC6497454/,,bc9cdc640dedae1596fa.txt,0e69360db89e2245e976c6349ffeabc20e4368b44c1d60d1fda9cb022471450e
bc9f560b5b7575e34596,https://higheredtoday.org/2025/08/18/new-data-highlights-demographic-shifts-in-admissions,2026-09-29T19:37:12.532256+00:00,higheredtoday.org,True,downloaded,200.0,https://www.higheredtoday.org/2025/08/18/new-data-highlights-demographic-shifts-in-admissions/,62556.0,success,2272,344,html,text/html; charset=UTF-8,New Data Highlights Demographic Shifts in College Admissions Prior to Enrollment,Laurie Arnston,2025-08-18,Higher Education Today,https://www.higheredtoday.org/2025/08/18/new-data-highlights-demographic-shifts-in-admissions/,,bc9f560b5b7575e34596.txt,6e3102fb8778659f3ad1342588637da63b33aa545192013743a231663c8ebf17
bcc8aac1ef2b18c3c4dd,https://texascjc.org/out-sight,2026-09-29T19:37:12.632065+00:00,texascjc.org,False,downloaded,403.0,https://texascjc.org/out-sight,52.0,not_extracted,0,0,,,,,,,,,,
bcf6e21fe665a18ea50b,https://pmc.ncbi.nlm.nih.gov/articles/PMC5444328,2026-09-29T19:37:13.584641+00:00,nih.gov,True,downloaded,200.0,https://pmc.ncbi.nlm.nih.gov/articles/PMC5444328,21368.0,success,131,18,html,,Checking your browser,,2026-09-11,google.com,https://www.google.com/recaptcha/challengepage,,bcf6e21fe665a18ea50b.txt,a29166d0eaaa418bd5af61a282f1183a46c84c4d5e4c90689b1b452d230d05cc
bcfb486240470019d4d2,https://kff.org/medicaid/5-key-facts-about-medicaid-coverage-for-people-with-disabilities,2026-09-29T19:37:15.862367+00:00,kff.org,True,downloaded,200.0,https://www.kff.org/medicaid/5-key-facts-about-medicaid-coverage-for-people-with-disabilities/,183257.0,success,7166,1101,html,text/html; charset=UTF-8,5 Key Facts About Medicaid Coverage for People with Disabilities | KFF,Alice Burns; Sammy Cervantes,2025-02-07,"KFF - The independent source for health policy research, polling, and news",https://www.kff.org/medicaid/5-key-facts-about-medicaid-coverage-for-people-with-disabilities/,,bcfb486240470019d4d2.txt,7d1f9a94cb347cb7230110aa506b71383608bc34e15a3c4de348fdbd05e156b3
bd1679819fbd05303ed8,https://pmc.ncbi.nlm.nih.gov/articles/PMC8886748,2026-09-29T19:37:16.800014+00:00,nih.gov,True,downloaded,200.0,https://pmc.ncbi.nlm.nih.gov/articles/PMC8886748,21367.0,success,131,18,html,,Checking your browser,,2026-09-11,google.com,https://www.google.com/recaptcha/challengepage,,bd1679819fbd05303ed8.txt,a29166d0eaaa418bd5af61a282f1183a46c84c4d5e4c90689b1b452d230d05cc
bd37a3075a95ef31a4dc,https://clasp.org/blog/the-racist-roots-of-work-requirements-in-public-benefits-programs,2026-09-29T19:37:16.956898+00:00,clasp.org,True,downloaded,200.0,https://www.clasp.org/blog/the-racist-roots-of-work-requirements-in-public-benefits-programs/,92381.0,success,2659,381,html,text/html; charset=UTF-8,Rooted in Racism: The Origins of Work Requirements in Public Benefits | CLASP,,2025-06-27,CLASP,https://www.clasp.org/blog/the-racist-roots-of-work-requirements-in-public-benefits-programs/,,bd37a3075a95ef31a4dc.txt,fd8b1d2a90faa744647a9ecb182d914b17a2d6789495c04855edde5d6091f3a9
bd494086e71519740c72,https://pmc.ncbi.nlm.nih.gov/articles/PMC6814700,2026-09-29T19:37:17.156665+00:00,nih.gov,True,downloaded,200.0,https://pmc.ncbi.nlm.nih.gov/articles/PMC6814700/,173298.0,success,37657,5424,html,,Individual-Level Predictors for Becoming Homeless and Exiting Homelessness: a Systematic Review and Meta-analysis,Sandra Feodor Nilsson; Merete Nordentoft; Carsten Hjorthøj,2019-08-06,Journal of Urban Health : Bulletin of the New York Academy of Medicine,https://pmc.ncbi.nlm.nih.gov/articles/PMC6814700/,,bd494086e71519740c72.txt,028a989c1945d16bd8489acd16bd466491340a1458b5a62d1a60634d171f76d5
bd54eae3a3802c3d2e09,https://ebsco.com/research-starters/politics-and-government/housing-stability,2026-09-29T19:37:17.958369+00:00,ebsco.com,True,downloaded,200.0,https://www.ebsco.com/research-starters/politics-and-government/housing-stability,168479.0,success,27458,3937,html,text/html,Housing stability | Politics and Government | Research Starters | EBSCOhost,,2022-04-29,EBSCO,https://www.ebsco.com/,,bd54eae3a3802c3d2e09.txt,1f58da13534b7a1dce89a40e0eae7e7d478606f4dc6f0863f71d2cfdeb7b0942
bd56dadb0bc354647b9a,https://pmc.ncbi.nlm.nih.gov/articles/PMC8483182,2026-09-29T19:37:19.805473+00:00,nih.gov,True,downloaded,200.0,https://pmc.ncbi.nlm.nih.gov/articles/PMC8483182/,267246.0,success,75546,10850,html,,EDUCATIONAL OUTCOMES OF GENDER-DIVERSE YOUTH: A National Population-Based Study,LINDSEY WILKINSON; DARA SHIFRER; JENNIFER PEARSON,2021-08-16,Gender & society : official publication of Sociologists for Women in Society,https://pmc.ncbi.nlm.nih.gov/articles/PMC8483182/,,bd56dadb0bc354647b9a.txt,077f6b8b099e875cc973334f63268aad116d817184ac88e8be59bb37aed9a0c9
bd71aa7770417752b96a,https://pmc.ncbi.nlm.nih.gov/articles/PMC10172218,2026-09-29T19:37:20.227723+00:00,nih.gov,True,downloaded,200.0,https://pmc.ncbi.nlm.nih.gov/articles/PMC10172218/,219961.0,success,57982,8611,html,,"Why Do Employers (Fail to) Hire People with Disabilities? A Systematic Review of Capabilities, Opportunities and Motivations",Rosanna Nagtegaal; Noortje de Boer; Rik van Berkel; Belle Derks; Lars Tummers,2023-01-23,Journal of Occupational Rehabilitation,https://pmc.ncbi.nlm.nih.gov/articles/PMC10172218/,,bd71aa7770417752b96a.txt,a036b791dea2009874315a8a07bef75af1f275b4a2781eddbfbf221af3fee1a2
bd97c4dec4c50f1c8b2e,https://pmc.ncbi.nlm.nih.gov/articles/PMC9341318,2026-09-29T19:37:20.711108+00:00,nih.gov,True,downloaded,200.0,https://pmc.ncbi.nlm.nih.gov/articles/PMC9341318/,190188.0,success,63856,9202,html,,Gender-affirming Care for Transgender Patients,Nita Bhatt; Jesse Cannella; Julie P Gentile,2022-01-01,Innovations in Clinical Neuroscience,https://pmc.ncbi.nlm.nih.gov/articles/PMC9341318/,,bd97c4dec4c50f1c8b2e.txt,d446d483409451f3faa6d73eafe6d415de513c8555f9fdf153ed404ecc0bec37
bdaa34ffb482d120fc13,https://employerscouncil.org/resources/examination-gender-bias-hiring,2026-09-29T19:37:20.747819+00:00,employerscouncil.org,True,downloaded,200.0,https://www.employerscouncil.org/resources/examination-gender-bias-hiring/,92248.0,success,3139,473,html,text/html; charset=UTF-8,An Examination of Gender Bias in Hiring - Employers Council,Employers Council Staff,2018-04-30,Employers Council,https://www.employerscouncil.org/resources/examination-gender-bias-hiring/,,bdaa34ffb482d120fc13.txt,f99679b4f3caff8800c030648c2f33f6c45cb46007477baa80c6eb88535a7c92
bdf6bff6d5105c74961c,https://pmc.ncbi.nlm.nih.gov/articles/PMC8559954,2026-09-29T19:37:21.328007+00:00,nih.gov,True,downloaded,200.0,https://pmc.ncbi.nlm.nih.gov/articles/PMC8559954/,433475.0,success,133169,20085,html,,Return to work of transgender people: A systematic review through the blender of occupational health,Joy Van de Cauter; Hanna Van Schoorisse; Dominique Van de Velde; Joz Motmans; Lutgart Braeckman,2021-11-01,PLoS ONE,https://pmc.ncbi.nlm.nih.gov/articles/PMC8559954/,,bdf6bff6d5105c74961c.txt,4e0615db9d0dfb6cf36a2a2ecce39e6c15307a061361b781c2072ed9722757cf
be044b06bd22a04a6d8e,https://lawinfo.com/resources/family-law/how-does-marriage-affect-government-benefits.html,2026-09-29T19:37:21.424238+00:00,lawinfo.com,False,downloaded,403.0,https://lawinfo.com/resources/family-law/how-does-marriage-affect-government-benefits.html,5825.0,not_extracted,0,0,,,,,,,,,,
be825617309bb8283d04,https://nlc.org/article/2023/03/21/housing-for-women-female-headed-households,2026-09-29T19:37:21.655520+00:00,nlc.org,True,downloaded,200.0,https://www.nlc.org/article/2023/03/21/housing-for-women-female-headed-households,144847.0,success,9027,1357,html,text/html; charset=UTF-8,Housing for Women & Female-Headed Households,About the Author,2023-03-21,National League of Cities,https://www.nlc.org/article/2023/03/21/housing-for-women-female-headed-households/,,be825617309bb8283d04.txt,959ad40ec54ea762b9513d3f286cf9ae1a5e3169fd69afdb6b87d7665b018a73
be917341e6b3fea28dff,https://dol.gov/node/63397,2026-09-29T19:37:21.791757+00:00,dol.gov,True,downloaded,200.0,https://www.dol.gov/node/63397,76684.0,success,9210,1542,html,text/html; charset=UTF-8,Women And Retirement Savings,,2000-01-01,DOL,https://www.dol.gov/node/63397,,be917341e6b3fea28dff.txt,68a1400a151cfb0fed84ff592bedb4ae6eb04fc96ea025d14520b6d54d433868
bee014e59384dbab3865,https://advancingpretrial.org/story/racism-policing-and-the-criminal-justice-system,2026-09-29T19:37:22.027307+00:00,advancingpretrial.org,False,downloaded,403.0,https://www.advancingpretrial.org/story/racism-policing-and-the-criminal-justice-system,5894.0,not_extracted,0,0,,,,,,,,,,
bf17f4d22ba5f138c62d,https://publichealthpost.org/health-equity/medicaid-renewal-and-the-risks-of-unenrollment,2026-09-29T19:37:24.591170+00:00,publichealthpost.org,True,downloaded,200.0,https://publichealthpost.org/health-equity/medicaid-renewal-and-the-risks-of-unenrollment/,167477.0,success,2572,384,html,text/html; charset=UTF-8,Medicaid Renewal and the Risks of Unenrollment,Mallory Bersi,2026-08-27,Public Health Post,https://publichealthpost.org/health-equity/medicaid-renewal-and-the-risks-of-unenrollment/,,bf17f4d22ba5f138c62d.txt,8a60e0a5adbaea9a27078ff76ad38e75e65f615ae2f912af6c4cc5397613625e
bf5fd793362a4a354c63,https://journals.sagepub.com/doi/10.1177/0275074020919908,2026-09-29T19:37:25.640187+00:00,sagepub.com,False,downloaded,403.0,https://journals.sagepub.com/doi/10.1177/0275074020919908,5780.0,not_extracted,0,0,,,,,,,,,,
bf6519cd91101b539b26,https://rennepubliclawgroup.com/investigating-same-culture-bias-with-spanish-speaking-employees,2026-09-29T19:37:25.916858+00:00,rennepubliclawgroup.com,True,downloaded,200.0,https://rennepubliclawgroup.com/investigating-same-culture-bias-with-spanish-speaking-employees/,133075.0,success,6771,912,html,text/html; charset=UTF-8,Investigating Same Culture Bias with Spanish-Speaking Employees | Renne Public Law Group,Olivia Rizzuto,2026-07-23,Renne Public Law Group,https://rennepubliclawgroup.com/investigating-same-culture-bias-with-spanish-speaking-employees/,,bf6519cd91101b539b26.txt,ba77f4898eaba8df94aaae4f6b80d0d61b5ecde992be8c5f8666f8b44272d36c
bf90e3b3bba7319379f8,https://urban.org/urban-wire/no-cops-pride-how-criminal-justice-system-harms-lgbtq-people,2026-09-29T19:37:25.985406+00:00,urban.org,False,downloaded,403.0,https://www.urban.org/urban-wire/no-cops-pride-how-criminal-justice-system-harms-lgbtq-people,5937.0,not_extracted,0,0,,,,,,,,,,
bfe7a01e0a177e8ffbd1,https://pubmed.ncbi.nlm.nih.gov/26131944,2026-09-29T19:37:27.559016+00:00,nih.gov,True,downloaded,203.0,https://pubmed.ncbi.nlm.nih.gov/26131944/,5590.0,success,100,14,html,text/html; charset=utf-8,Cookies must be enabled,,,pubmed.ncbi.nlm.nih.gov,https://pubmed.ncbi.nlm.nih.gov/26131944/,,bfe7a01e0a177e8ffbd1.txt,f193d0de906419650acf171625dbd67f88f297290893b5473e1d8365c03d4b59
c006770d1993c9e80e6b,https://nij.ojp.gov/topics/articles/use-force-continuum,2026-09-29T19:37:27.976767+00:00,ojp.gov,True,downloaded,200.0,https://nij.ojp.gov/topics/articles/use-force-continuum,54796.0,success,2691,408,html,text/html; charset=UTF-8,The Use-of-Force Continuum,,2009-08-03,National Institute of Justice,https://nij.ojp.gov/topics/articles/use-force-continuum,,c006770d1993c9e80e6b.txt,cd9f26d06312695cf12c80d3b88c8a934af78ec487a93c353c4e8f58601c1eb8
c020d4b9c9362e6d8b46,https://cbpp.org/research/food-assistance/snap-tracker-people-are-losing-food-assistance-as-the-harmful-2025,2026-09-29T19:37:28.275838+00:00,cbpp.org,False,downloaded,403.0,https://cbpp.org/research/food-assistance/snap-tracker-people-are-losing-food-assistance-as-the-harmful-2025,6158.0,not_extracted,0,0,,,,,,,,,,
c05caed8b773aabbea8b,https://frontiersin.org/journals/psychology/articles/10.3389/fpsyg.2020.612424/full,2026-09-29T19:37:28.335437+00:00,frontiersin.org,True,downloaded,200.0,https://www.frontiersin.org/journals/psychology/articles/10.3389/fpsyg.2020.612424/full,1052566.0,success,63120,9097,html,text/html;charset=utf-8,Frontiers | Transgender Identity Is Associated With Bullying Involvement Among Finnish Adolescents,Elias Heino; Noora Ellonen; Riittakerttu Kaltiala,2021-01-08,Frontiers,https://www.frontiersin.org/journals/psychology/articles/10.3389/fpsyg.2020.612424/full,,c05caed8b773aabbea8b.txt,c307fc0300f2ed2ae66c9e8c85164d17658dde985e1177491c08a27289ad63c7
c088e3f5d93ab9408974,https://pmc.ncbi.nlm.nih.gov/articles/PMC11731762,2026-09-29T19:37:28.695711+00:00,nih.gov,True,downloaded,200.0,https://pmc.ncbi.nlm.nih.gov/articles/PMC11731762/,294107.0,success,94460,13306,html,,Racial/Ethnic inequality & contemporary disparities in mortgage lending,Meghan M O’Neil; Vincent J Roscigno,2025-01-14,PLOS ONE,https://pmc.ncbi.nlm.nih.gov/articles/PMC11731762/,,c088e3f5d93ab9408974.txt,85b2846c8f379bd5735a47aba3a4b34e74978e6b905b4d5ea9ae3aa47c55f94d
c0ac36716203d9b2c2d6,https://cbpp.org/blog/americans-especially-women-benefit-hugely-from-social-security,2026-09-29T19:37:29.095865+00:00,cbpp.org,False,downloaded,403.0,https://cbpp.org/blog/americans-especially-women-benefit-hugely-from-social-security,6158.0,not_extracted,0,0,,,,,,,,,,
c0e93a457b5e58b3fe32,https://home.treasury.gov/news/featured-stories/post-5-racial-differences-in-educational-experiences-and-attainment,2026-09-29T19:37:31.075664+00:00,treasury.gov,True,downloaded,200.0,https://home.treasury.gov/news/featured-stories/post-5-racial-differences-in-educational-experiences-and-attainment,114582.0,success,34944,5229,html,text/html; charset=utf-8,Post 5: Racial Differences in Educational Experiences and Attainment,,2023-06-09,U.S. Department of the Treasury,https://home.treasury.gov/news/featured-stories/post-5-racial-differences-in-educational-experiences-and-attainment,,c0e93a457b5e58b3fe32.txt,97da670757e95ac9091d23ab1979f49245510fd1eda13294acde1ce39fca4d6c
c11136fa6aeb5e97ef53,https://un.org/development/desa/dspd/wp-content/uploads/sites/22/2019/07/QUINN_Jean_Presentation_2-1.pdf,2026-09-29T19:37:31.327171+00:00,un.org,False,downloaded,404.0,https://maintenance.un.org/development/desa/dspd/wp-content/uploads/sites/22/2019/07/QUINN_Jean_Presentation_2-1.pdf,357.0,not_extracted,0,0,,,,,,,,,,
c12db33caf9ff580c59e,https://pmc.ncbi.nlm.nih.gov/articles/PMC4443707,2026-09-29T19:37:31.973117+00:00,nih.gov,True,downloaded,200.0,https://pmc.ncbi.nlm.nih.gov/articles/PMC4443707/,151536.0,success,28791,4711,html,,Demographic Patterns of Cumulative Arrest Prevalence By Ages 18 and 23,Robert Brame; Shawn D Bushway; Ray Paternoster; Michael G Turner,2014-06-01,Crime and delinquency,https://pmc.ncbi.nlm.nih.gov/articles/PMC4443707/,,c12db33caf9ff580c59e.txt,46c1f6409859aa2b8c0b5ccd1fa2da7b96f57f2b743ce1d3663a134186b4a0bc
c15803a5b1172a623eb5,https://manipalcigna.com/answers/what-are-the-factors-affecting-health-insurance-premiums,2026-09-29T19:37:32.154823+00:00,manipalcigna.com,False,downloaded,403.0,https://manipalcigna.com/answers/what-are-the-factors-affecting-health-insurance-premiums,309.0,not_extracted,0,0,,,,,,,,,,
c172665575ca399f8795,https://journals.sagepub.com/doi/10.1177/10986111251372007,2026-09-29T19:37:32.195010+00:00,sagepub.com,False,downloaded,403.0,https://journals.sagepub.com/doi/10.1177/10986111251372007,5783.0,not_extracted,0,0,,,,,,,,,,
c17454845bd8c8b65765,https://ncbi.nlm.nih.gov/sites/books/NBK19909,2026-09-29T19:37:32.431495+00:00,nih.gov,True,downloaded,200.0,https://www.ncbi.nlm.nih.gov/sites/books/NBK19909/,183595.0,success,85652,12512,html,text/html; charset=UTF-8,Barriers to Educational Opportunities for Hispanics in the United States,Barbara Schhneider; Sylvia Martinez; Ann Ownes,2004-03-15,National Academies Press (US),https://www.ncbi.nlm.nih.gov/sites/books/NBK19909/,,c17454845bd8c8b65765.txt,5ba6081bd3e2d7566966db89e62c5aa28e759150978b8384446d31333fd0369f
c17a26bf4da7ccea16f3,https://aecf.org/resources/race-matters-how-race-affects-education-opportunities,2026-09-29T19:37:33.597694+00:00,aecf.org,False,downloaded,403.0,https://www.aecf.org/resources/race-matters-how-race-affects-education-opportunities,5848.0,not_extracted,0,0,,,,,,,,,,
c18cd4ec74d89aa60c5b,https://scholarlycommons.henryford.com/nursing_articles/6,2026-09-29T19:37:35.247599+00:00,henryford.com,True,downloaded,200.0,https://scholarlycommons.henryford.com/nursing_articles/6/,36279.0,success,2396,315,html,text/html; charset=UTF-8,Obstacles to preventive care for individuals with disability: Implications for nurse practitioners,Anna Marrocco; Helene J Krouse,2017-01-05,Henry Ford Health Scholarly Commons,https://scholarlycommons.henryford.com/nursing_articles/6,,c18cd4ec74d89aa60c5b.txt,5b0e4bf4d3383c2b79db524d25d4bfb988b0fc7d27cd5758e697aafc5c6f0d9f
c1dff8fc1cbd96eae979,https://columbinefcu.org/unlocking-opportunities-understanding-the-impact-of-credit-scores-on-loan-approvals,2026-09-29T19:37:35.655694+00:00,columbinefcu.org,True,downloaded,200.0,https://columbinefcu.org/unlocking-opportunities-understanding-the-impact-of-credit-scores-on-loan-approvals/,281068.0,success,3157,485,html,text/html; charset=UTF-8,Unlocking Opportunities: Understanding the Impact of Credit Scores on Loan Approvals - Columbine FCU,,2024-04-03,Columbine FCU,https://columbinefcu.org/unlocking-opportunities-understanding-the-impact-of-credit-scores-on-loan-approvals/,,c1dff8fc1cbd96eae979.txt,b81f455f227079ec7afa04003571b94d14c92f8fddecc481272091f91c409994
c1e041b18c1c997173cc,https://lawny.org/page/87/police-response-domestic-violence,2026-09-29T19:37:37.325002+00:00,lawny.org,True,downloaded,200.0,https://www.lawny.org/page/87/police-response-domestic-violence,52128.0,success,5370,909,html,text/html; charset=UTF-8,Police Response to Domestic Violence,,2016-07-12,"Legal Assistance of Western New York, Inc. ®",https://www.lawny.org/page/87/police-response-domestic-violence,,c1e041b18c1c997173cc.txt,7ab93b30a2a97304493ce4a12c4037678ad91f6b508e6320ae38952507b13bbc
c1e8bf4de2827a90cf75,https://brookings.edu/articles/unequal-opportunity-race-and-education,2026-09-29T19:37:37.839655+00:00,brookings.edu,True,downloaded,200.0,https://www.brookings.edu/articles/unequal-opportunity-race-and-education/,183206.0,success,18088,2687,html,text/html; charset=UTF-8,Unequal Opportunity: Race and Education | Brookings,Vandita Morarka,2023-06-25,Brookings,https://www.brookings.edu/articles/unequal-opportunity-race-and-education/,,c1e8bf4de2827a90cf75.txt,82aef17f8ed18a47882755bb0128b5b661f192661124531efe8ab7a1a5bf0a76
c29aa95b5b498c0290b7,https://theconversation.com/how-ethnic-minorities-face-higher-levels-of-financial-exclusion-71960,2026-09-29T19:37:39.680618+00:00,theconversation.com,True,downloaded,200.0,https://theconversation.com/how-ethnic-minorities-face-higher-levels-of-financial-exclusion-71960,173508.0,success,4897,762,html,,How ethnic minorities face higher levels of financial exclusion,Alper Kara,2017-03-06,The Conversation,https://theconversation.com/how-ethnic-minorities-face-higher-levels-of-financial-exclusion-71960,,c29aa95b5b498c0290b7.txt,e75aa5f61a75b9e9cc747a48eba0c2b7261aa208aaba7821fbf36e6b191299a5
c2a52a343dcbbc11e8c2,https://sciencedirect.com/science/article/abs/pii/S0002937818303776,2026-09-29T19:37:39.848108+00:00,sciencedirect.com,False,downloaded,403.0,https://www.sciencedirect.com/science/article/abs/pii/S0002937818303776,1207947.0,not_extracted,0,0,,,,,,,,,,
c2b19306eae4859c3625,https://cnbc.com/2019/03/08/linkedin-study-reveals-why-men-are-more-likely-to-get-noticed-by-job-recruiters-than-women.html,2026-09-29T19:37:40.123739+00:00,cnbc.com,True,downloaded,200.0,https://www.cnbc.com/2019/03/08/linkedin-study-reveals-why-men-are-more-likely-to-get-noticed-by-job-recruiters-than-women.html,684008.0,success,3696,613,html,text/html; charset=utf-8,"The ugly truth behind why men are more likely to get noticed by job recruiters, according to new LinkedIn study",Debby Carreau; Contributor,2019-03-08,CNBC,https://www.cnbc.com/2019/03/08/linkedin-study-reveals-why-men-are-more-likely-to-get-noticed-by-job-recruiters-than-women.html,,c2b19306eae4859c3625.txt,e0bddd3610d6f852c859b44a8a7fc977a4e76d271fb2cf1a32ed2623618c055a
c2d21894a9bef1afe689,https://torontocentre.org/index.php?Itemid=99&id=33&option=com_content&view=article,2026-09-29T19:37:40.496401+00:00,torontocentre.org,False,downloaded,403.0,https://torontocentre.org/index.php?Itemid=99&id=33&option=com_content&view=article,5895.0,not_extracted,0,0,,,,,,,,,,
c2e5bbebb15177ec589e,https://ncd.gov/report/2023-progress-report-toward-economic-security-the-impact-of-income-and-asset-limits-on-people-with-disabilities,2026-09-29T19:37:41.986980+00:00,ncd.gov,True,downloaded,200.0,https://www.ncd.gov/report/2023-progress-report-toward-economic-security-the-impact-of-income-and-asset-limits-on-people-with-disabilities/,39835.0,success,3249,460,html,text/html; charset=utf-8,National Council on Disability | 2023 Progress Report: Toward Economic Security: The Impact of Income and Asset Limits on People with Disabilities,,2023-10-31,NatCounDis,https://www.ncd.gov/report/2023-progress-report-toward-economic-security-the-impact-of-income-and-asset-limits-on-people-with-disabilities/,,c2e5bbebb15177ec589e.txt,1a0ed521cdafe750e33a0a861ddfd875b2249d6bbb7d6e313b6cce88676aae17
c35c4ee415e799cc1352,https://pmc.ncbi.nlm.nih.gov/articles/PMC13017733,2026-09-29T19:37:43.169896+00:00,nih.gov,True,downloaded,200.0,https://pmc.ncbi.nlm.nih.gov/articles/PMC13017733,21368.0,success,131,18,html,,Checking your browser,,2026-09-11,google.com,https://www.google.com/recaptcha/challengepage,,c35c4ee415e799cc1352.txt,a29166d0eaaa418bd5af61a282f1183a46c84c4d5e4c90689b1b452d230d05cc
c368cb941c2f5df5696d,https://apa.org/education-career/k12/bullying,2026-09-29T19:37:43.331035+00:00,apa.org,True,downloaded,200.0,https://www.apa.org/education-career/k12/bullying,212.0,empty_text,0,0,html,text/html,,,,apa.org,https://www.apa.org/education-career/k12/bullying,,c368cb941c2f5df5696d.txt,e3b0c44298fc1c149afbf4c8996fb92427ae41e4649b934ca495991b7852b855
c36e90d4dae79cf008ca,https://papers.ssrn.com/Sol3/Delivery.cfm/dp10614.pdf?abstractid=2940604,2026-09-29T19:37:43.989711+00:00,ssrn.com,False,downloaded,403.0,https://papers.ssrn.com/Sol3/Delivery.cfm/dp10614.pdf?abstractid=2940604,5778.0,not_extracted,0,0,,,,,,,,,,
c378ab290784b331a1b6,https://sciencedirect.com/science/article/pii/S074937972500724X,2026-09-29T19:37:43.998308+00:00,sciencedirect.com,False,downloaded,403.0,https://www.sciencedirect.com/science/article/pii/S074937972500724X,1207935.0,not_extracted,0,0,,,,,,,,,,
c41fe4fae4dcf9eae631,https://achieva.info/blog/feds-seek-to-remove-medicaid-barriers-for-those-with-disabilities,2026-09-29T19:37:45.890980+00:00,achieva.info,True,downloaded,200.0,https://www.achieva.info/blog/feds-seek-to-remove-medicaid-barriers-for-those-with-disabilities,62146.0,success,987,148,html,text/html; Charset=utf-8,Feds Seek To Remove Medicaid Barriers For Those With Disabilities,,2022-09-14,Achieva,https://www.achieva.info/blog/feds-seek-to-remove-medicaid-barriers-for-those-with-disabilities,,c41fe4fae4dcf9eae631.txt,6cc1070df2a24b5263d1d531841ce0b8b5a48af3cea1e497002661021d716ddd
c423b1208c854e815fc8,https://justice.gov/jm/1-16000-department-justice-policy-use-force,2026-09-29T19:37:46.217712+00:00,justice.gov,True,downloaded,200.0,https://www.justice.gov/jm/1-16000-department-justice-policy-use-force,75098.0,success,6915,1119,html,text/html; charset=UTF-8,1-16.000 - Department of Justice Policy On Use Of Force,,2022-06-02,Justice Manual | 1-16.000 - Department of Justice Policy On Use Of Force,https://www.justice.gov/jm/1-16000-department-justice-policy-use-force,,c423b1208c854e815fc8.txt,dc7a12e7b767804d6944a0cce69b67a038195d9b68a0af1151aa3c9bd71f5cf7
c434327f794652c2bb92,https://linkedin.com/top-content/workplace-trends/trends-in-recruitment-processes/the-impact-of-economic-factors-on-recruitment-trends,2026-09-29T19:37:47.194211+00:00,linkedin.com,False,robots_disallowed,,,,not_extracted,0,0,,,,,,,,,,
c4998292997d409b465e,https://roblevine.com/faqs/what-conditions-automatically-qualify-you-for-disability,2026-09-29T19:37:47.194524+00:00,roblevine.com,True,downloaded,200.0,https://roblevine.com/faqs/what-conditions-automatically-qualify-you-for-disability/,941583.0,success,7828,1260,html,text/html; charset=UTF-8,Qualifying Conditions for SSDI Benefits | Rob Levine Law,,2026-08-03,Rob Levine Law,https://roblevine.com/faqs/what-conditions-automatically-qualify-you-for-disability/,,c4998292997d409b465e.txt,76f5bb3c99ff7005ee2501441caf0c67df2439b48a974d77dc2ddf492e8f546b
c4b476e848e3c5962bfb,https://carleton.edu/accessibility-resources/newsletter/disability-and-homelessness-in-america,2026-09-29T19:37:47.681910+00:00,carleton.edu,True,downloaded,200.0,https://www.carleton.edu/accessibility-resources/newsletter/disability-and-homelessness-in-america/,127260.0,success,2504,378,html,text/html; charset=UTF-8,Disability and Homelessness in America - Carleton College,Accessibility Digest,2025-03-10,Accessibility Digest,https://www.carleton.edu/accessibility-resources/newsletter,,c4b476e848e3c5962bfb.txt,965ee3a2db8d3a44361d8228b1fd1cedbb751f14cf0c90768d8219e4bf5e97a4
c4c0909074eaad74d2e2,https://sciencedirect.com/science/article/abs/pii/S0749379710001777,2026-09-29T19:37:49.004075+00:00,sciencedirect.com,False,downloaded,403.0,https://www.sciencedirect.com/science/article/abs/pii/S0749379710001777,1207947.0,not_extracted,0,0,,,,,,,,,,
c4cde06522e3d25a29eb,https://extension.usu.edu/news/usu-uwlp-releases-research-on-homelessness-among-utah-women-a-2025-update,2026-09-29T19:37:51.330788+00:00,usu.edu,True,downloaded,200.0,https://extension.usu.edu/news/usu-uwlp-releases-research-on-homelessness-among-utah-women-a-2025-update,41191.0,success,6548,933,html,text/html; charset=UTF-8,USU UWLP Releases Research on Homelessness Among Utah Women: A 2025 Update,Utah State University; Emmalee Chastain; Julene Reese,2025-12-16,extension.usu.edu,https://extension.usu.edu/news/usu-uwlp-releases-research-on-homelessness-among-utah-women-a-2025-update,,c4cde06522e3d25a29eb.txt,8dbff7b6fbac7414cb08b7add2281011ef215919d2d34d715713b0bf29524565
c4e24e6347b9aa5690d9,https://providentcu.org/blog/news/5-key-factors-that-impact-your-credit-score,2026-09-29T19:37:51.952162+00:00,providentcu.org,False,downloaded,403.0,https://providentcu.org/blog/news/5-key-factors-that-impact-your-credit-score,309.0,not_extracted,0,0,,,,,,,,,,
c5289737e03e107c70a9,https://stopbullying.gov/bullying/special-needs,2026-09-29T19:37:52.198846+00:00,stopbullying.gov,True,downloaded,200.0,https://www.stopbullying.gov/bullying/special-needs,59327.0,success,8117,1226,html,text/html; charset=utf-8,Bullying and Youth with Disabilities and Special Health Needs,Assistant Secretary,2019-09-24,US Department of Health and Human Services,https://www.stopbullying.gov/bullying/special-needs,,c5289737e03e107c70a9.txt,958bf468c3b95561913b5628d92ce6ecb28a072f064f29a0ef2c719ec4ad9c71
c559804906d1da63be17,https://mecklenburghousingdata.org/frontpage-article/addressing-lgbtq-homelessness-challenges-disparities-and-promising-practices,2026-09-29T19:37:52.392118+00:00,mecklenburghousingdata.org,True,downloaded,200.0,https://mecklenburghousingdata.org/frontpage-article/addressing-lgbtq-homelessness-challenges-disparities-and-promising-practices/,172226.0,success,26094,3776,html,text/html; charset=UTF-8,"Addressing LGBTQ+ Homelessness: Challenges, Disparities, and Promising Practices - Mecklenburg County - Housing & Homelessness Dashboard",Cayce Jamil,2023-06-29,Mecklenburg County - Housing & Homelessness Dashboard - Mecklenburg County - Housing & Homelessness Dashboard,https://mecklenburghousingdata.org/frontpage-article/addressing-lgbtq-homelessness-challenges-disparities-and-promising-practices/,,c559804906d1da63be17.txt,8ad09faf237b172fa56cfb0b495ce9d89c697fb534f1cf20c7dc84de099f943e
c5ab63f556c42142c403,https://tandfonline.com/doi/full/10.1080/13603108.2024.2381121,2026-09-29T19:37:52.470019+00:00,tandfonline.com,False,downloaded,403.0,https://tandfonline.com/doi/full/10.1080/13603108.2024.2381121,5826.0,not_extracted,0,0,,,,,,,,,,
c5b6249c7dea72a9002e,https://library.hbs.edu/working-knowledge/men-want-powerful-jobs-more-than-women-do,2026-09-29T19:37:53.234068+00:00,hbs.edu,True,downloaded,200.0,https://www.library.hbs.edu/working-knowledge/men-want-powerful-jobs-more-than-women-do,508485.0,success,7183,1164,html,text/html; charset=utf-8,Men Want Powerful Jobs More Than Women Do | Working Knowledge,Carmen Nobel,2015-09-23,Harvard Business School,https://www.library.hbs.edu/working-knowledge/men-want-powerful-jobs-more-than-women-do,,c5b6249c7dea72a9002e.txt,e3774501a6010cf127e3bd76117ec529a8bb8d119e2147cdcb7c23ae751aaef3
c5b6989467a64bb51fbf,https://ebsco.com/research-starters/politics-and-government/employment-among-latinos,2026-09-29T19:37:53.467930+00:00,ebsco.com,True,downloaded,200.0,https://www.ebsco.com/research-starters/politics-and-government/employment-among-latinos,142835.0,success,23802,3428,html,text/html,Employment among Latinos | Politics and Government | Research Starters | EBSCOhost,,2022-05-01,EBSCO,https://www.ebsco.com/,,c5b6989467a64bb51fbf.txt,59784db814f802f70eb24258c594d70e406ef24e342bcfaca9b5cf2d28293458
c5cbf1c018bc37adcb6b,https://aaidd.org/news-policy/policy/position-statements-2/housing,2026-09-29T19:37:55.526430+00:00,aaidd.org,True,downloaded,200.0,https://aaidd.org/news-policy/policy/position-statements-2/housing,49706.0,success,7594,1159,html,text/html; charset=utf-8,Housing,,2015-01-01,AAIDD_CMS,https://aaidd.org/news-policy/policy/position-statements-2/housing,,c5cbf1c018bc37adcb6b.txt,6478c60b9610da62e7f788d8e2e25f7a01f306615582c16ce3fa8747b32393fe
c5e507588e590f4d9548,https://journals.co.za/doi/10.66034/crim.2026.39.1.2,2026-09-29T19:37:55.722962+00:00,journals.co.za,False,downloaded,403.0,https://journals.co.za/doi/10.66034/crim.2026.39.1.2,5777.0,not_extracted,0,0,,,,,,,,,,
c605c43db3423bd3f043,https://opportunityhome.org/wp-content/uploads/2020/10/Final-Racial-Equity-Page-Fact-Sheet.pdf,2026-09-29T19:37:56.045162+00:00,opportunityhome.org,False,downloaded,404.0,https://opportunityhome.org/wp-content/uploads/2020/10/Final-Racial-Equity-Page-Fact-Sheet.pdf,10.0,not_extracted,0,0,,,,,,,,,,
c6064b35d5feb8b3e109,https://scholarworks.waldenu.edu/cgi/viewcontent.cgi?article=16615&context=dissertations,2026-09-29T19:37:56.354382+00:00,waldenu.edu,False,downloaded,403.0,https://scholarworks.waldenu.edu/cgi/viewcontent.cgi?article=16615&context=dissertations,7455.0,not_extracted,0,0,,,,,,,,,,
c6562cefd169b5392e6a,https://pbs.org/newshour/economy/making-sense/analysis-why-access-to-college-depends-on-where-you-live,2026-09-29T19:37:56.423928+00:00,pbs.org,True,downloaded,200.0,https://www.pbs.org/newshour/economy/making-sense/analysis-why-access-to-college-depends-on-where-you-live,263983.0,success,7882,1261,html,text/html; charset=UTF-8,Analysis: Why access to college depends on where you live,,2018-03-30,PBS News,https://www.pbs.org/newshour/economy/making-sense/analysis-why-access-to-college-depends-on-where-you-live,,c6562cefd169b5392e6a.txt,16abf4cd6d9a3dc9ca757a739e93131e19dc01332354132417a6626557ec51b3
c67432cc27703035f83e,https://nydisabilitylaw.com/news-resources/5-clear-signs-youll-be-approved-for-ssdi-benefits,2026-09-29T19:37:59.512512+00:00,nydisabilitylaw.com,False,downloaded,403.0,https://nydisabilitylaw.com/news-resources/5-clear-signs-youll-be-approved-for-ssdi-benefits,52.0,not_extracted,0,0,,,,,,,,,,
c68749667f03d639cb6a,https://nasfaa.org/nacac_report_questions,2026-09-29T19:37:59.772225+00:00,nasfaa.org,False,downloaded,403.0,https://nasfaa.org/nacac_report_questions,4929.0,not_extracted,0,0,,,,,,,,,,
c6fc3786095b4307db77,https://naccho.org/uploads/downloadable-resources/02-03-Womens-Health.pdf,2026-09-29T19:37:59.803038+00:00,naccho.org,False,downloaded,403.0,https://naccho.org/uploads/downloadable-resources/02-03-Womens-Health.pdf,5797.0,not_extracted,0,0,,,,,,,,,,
c712ead47dbb9fac8b52,https://urban.org/urban-wire/about-12-million-households-receive-both-medicaid-and-snap-reconciliation-bill-puts-them,2026-09-29T19:38:00.270553+00:00,urban.org,False,downloaded,403.0,https://www.urban.org/urban-wire/about-12-million-households-receive-both-medicaid-and-snap-reconciliation-bill-puts-them,6063.0,not_extracted,0,0,,,,,,,,,,
c773d4e08fa48337c774,https://wol.iza.org/articles/how-to-improve-participation-in-social-assistance-programs/long,2026-09-29T19:38:00.313539+00:00,iza.org,False,robots_disallowed,,,,not_extracted,0,0,,,,,,,,,,
c7981730bec2a2492351,https://youtube.com/watch?t=481&v=sIDoSDzuo-M,2026-09-29T19:38:00.519747+00:00,youtube.com,True,downloaded,200.0,https://www.youtube.com/watch?t=481&v=sIDoSDzuo-M,1232811.0,success,146,23,html,text/html; charset=utf-8,Understanding the Realities of Incarcerated Transgender Men,,2024-03-14,YouTube,https://www.youtube.com/watch?v=sIDoSDzuo-M,,c7981730bec2a2492351.txt,8dbba17988e385133ba8f51d76cde1fc2c859262b666cb848e9cfe2478fd5e71
c7ef9a2f0dc0339859be,https://williamsinstitute.law.ucla.edu/publications/lgbt-workplace-discrimination,2026-09-29T19:38:02.980647+00:00,ucla.edu,True,downloaded,200.0,https://williamsinstitute.law.ucla.edu/publications/lgbt-workplace-discrimination/,129687.0,success,10726,1674,html,text/html; charset=UTF-8,LGBTQ People’s Experiences of Workplace Discrimination and Harassment,Loyal; Thisisloyal Com,2025-02-03,The Williams Institute at UCLA School of Law,https://williamsinstitute.law.ucla.edu/publications/lgbt-workplace-discrimination/,,c7ef9a2f0dc0339859be.txt,656545e259ee668ae111b4cee38c19cc93367e81a2b459182bac510cf3a36fc3
c82a33b24041f742beed,https://law.stanford.edu/wp-content/uploads/2024/06/2024-Bias-Criminal-Legal-System.pdf,2026-09-29T19:38:04.802578+00:00,stanford.edu,True,downloaded,200.0,https://law.stanford.edu/wp-content/uploads/2024/06/2024-Bias-Criminal-Legal-System.pdf,399242.0,success,51339,7182,pdf,application/pdf,,,,,,,c82a33b24041f742beed.txt,73c8dfac660b7f7727429770aea9c82e4563162048fcc50222f588a558d82f4d
c8790fcbc603a7b1e461,https://cavignac.com/blog/risk-factors-for-harassment-in-the-workplace,2026-09-29T19:38:04.909028+00:00,cavignac.com,True,downloaded,200.0,https://cavignac.com/blog/risk-factors-for-harassment-in-the-workplace,186025.0,success,1828,281,html,text/html; charset=UTF-8,Risk Factors for Harassment in the Workplace - Cavignac,Diana Dix,2020-12-22,Cavignac,https://cavignac.com/blog/risk-factors-for-harassment-in-the-workplace/,,c8790fcbc603a7b1e461.txt,bcf8a66940b88abf3ae11b6d728d7ae6623e1ebd6cbbd14f39ca38870c998055
c8847313a26f23c32591,https://cbpp.org/blog/more-frequent-medicaid-renewals-would-increase-errors-and-lead-eligible-people-to-lose-health,2026-09-29T19:38:05.524193+00:00,cbpp.org,False,downloaded,403.0,https://cbpp.org/blog/more-frequent-medicaid-renewals-would-increase-errors-and-lead-eligible-people-to-lose-health,6158.0,not_extracted,0,0,,,,,,,,,,
c8aa5251b8daf2a8f907,https://pmc.ncbi.nlm.nih.gov/articles/PMC9271156,2026-09-29T19:38:06.440847+00:00,nih.gov,True,downloaded,200.0,https://pmc.ncbi.nlm.nih.gov/articles/PMC9271156,21367.0,success,131,18,html,,Checking your browser,,2026-09-11,google.com,https://www.google.com/recaptcha/challengepage,,c8aa5251b8daf2a8f907.txt,a29166d0eaaa418bd5af61a282f1183a46c84c4d5e4c90689b1b452d230d05cc
c8c020231252e7ed3196,https://tacqe.com/demand-side-factors-employment-people-with-disabilities,2026-09-29T19:38:06.659101+00:00,tacqe.com,True,downloaded,200.0,https://tacqe.com/demand-side-factors-employment-people-with-disabilities/,187777.0,success,3737,529,html,text/html; charset=UTF-8,Demand-Side Factors Related to Employment of People with Disabilities,Theresa Kulow,2021-06-24,Technical Assistance Center for Quality Employment,http://tacqe.com/demand-side-factors-employment-people-with-disabilities/,,c8c020231252e7ed3196.txt,7ded38e696c1fe04db907c64ada8f1aa35bab69359301f73777577bc1aecf422
c8c84c25a46ca55711c2,https://youtube.com/watch?t=23s&v=09Ks_25Saao,2026-09-29T19:38:06.922635+00:00,youtube.com,True,downloaded,200.0,https://www.youtube.com/watch?t=23s&v=09Ks_25Saao,1320422.0,success,146,23,html,text/html; charset=utf-8,The Sociology of Sexual Harassment: Gender Dynamics at Work,,2024-08-20,YouTube,https://www.youtube.com/watch?v=09Ks_25Saao,,c8c84c25a46ca55711c2.txt,8dbba17988e385133ba8f51d76cde1fc2c859262b666cb848e9cfe2478fd5e71
c8c89b7e3e1939ea0ade,https://youtube.com/watch?t=132&v=vA4j6PvMwT4,2026-09-29T19:38:07.599907+00:00,youtube.com,True,downloaded,200.0,https://www.youtube.com/watch?t=132&v=vA4j6PvMwT4,1264839.0,success,146,23,html,text/html; charset=utf-8,Health Care Guidelines for Gender-Affirming Care,,2023-10-10,YouTube,https://www.youtube.com/watch?v=vA4j6PvMwT4,,c8c89b7e3e1939ea0ade.txt,8dbba17988e385133ba8f51d76cde1fc2c859262b666cb848e9cfe2478fd5e71
c8cc815b8b0f2b230563,https://elker.com/articles/5-risk-factors-for-sexual-harassment-in-the-workplace,2026-09-29T19:38:08.471740+00:00,elker.com,True,downloaded,200.0,https://elker.com/articles/5-risk-factors-for-sexual-harassment-in-the-workplace,122985.0,success,19101,2723,html,text/html; charset=utf-8,5 Risk Factors for Sexual Harassment in the Workplace | Elker,Elker Editorial Team Reviewed by Jack Murray Updated,2023-09-14,Elker Editorial Team,https://elker.com/articles/5-risk-factors-for-sexual-harassment-in-the-workplace,,c8cc815b8b0f2b230563.txt,8a125129691798aac1455999fe735a3f434b734de576d022dcaa8a2bc2d68019
c8ddd91a04078e64f515,https://insidehighered.com/news/students/diversity/2024/10/23/latino-students-face-major-obstacles-while-college,2026-09-29T19:38:08.583532+00:00,insidehighered.com,True,downloaded,200.0,https://www.insidehighered.com/news/students/diversity/2024/10/23/latino-students-face-major-obstacles-while-college,154884.0,success,7047,1087,html,text/html; charset=UTF-8,Latino students face major obstacles while in college,Sara Weissman,2024-10-23,"Inside Higher Ed | Higher Education News, Events and Jobs",https://www.insidehighered.com/news/students/diversity/2024/10/23/latino-students-face-major-obstacles-while-college,,c8ddd91a04078e64f515.txt,6f813b8702725ad1fc5449e8a4560aa0cebdf433d07ab6766d75843a8617875e
c92e31c335f926a63c42,https://nn4youth.org/learn/lgbtq-homeless-youth,2026-09-29T19:38:08.874910+00:00,nn4youth.org,True,downloaded,200.0,https://nn4youth.org/learn/lgbtq-homeless-youth/,165332.0,success,3215,467,html,text/html; charset=UTF-8,LGBTQ+ Youth Homelessness - National Network for Youth,Kaila Craw,2026-04-29,National Network for Youth,https://nn4youth.org/learn/lgbtq-homeless-youth/,,c92e31c335f926a63c42.txt,05b9f16799133e98434fc510bdd2052bfda38920d2e1e9a2ff37e17b7a915cb5
c94a11352ba8fb19a292,https://nashdisabilitylaw.com/what-are-the-non-medical-requirements-for-disability-benefits,2026-09-29T19:38:09.130674+00:00,nashdisabilitylaw.com,True,downloaded,200.0,https://www.nashdisabilitylaw.com/what-are-the-non-medical-requirements-for-disability-benefits,153054.0,success,5600,954,html,text/html; charset=UTF-8,What Are the Non-Medical Requirements for Disability Benefits?,Lawrence Mabes,2022-11-02,Nash Disability Law,https://www.nashdisabilitylaw.com/what-are-the-non-medical-requirements-for-disability-benefits/,,c94a11352ba8fb19a292.txt,e804754e33aaa13dea8ad58d4a9b2553b874f1a495c07d2a01268eaa4b9086a6
c953ff56869dd1f74cc8,https://healthaffairs.org/doi/abs/10.1377/hlthaff.2022.00288?af=R&content=articlesChapters&field1=AllField&mi=57v2o8&target=default&text1=health+affairs,2026-09-29T19:38:10.974935+00:00,healthaffairs.org,False,downloaded,403.0,https://healthaffairs.org/doi/abs/10.1377/hlthaff.2022.00288?af=R&content=articlesChapters&field1=AllField&mi=57v2o8&target=default&text1=health+affairs,6268.0,not_extracted,0,0,,,,,,,,,,
ca27d95d77da8aa6397a,https://tcf.org/content/commentary/no-ramp-out-the-payday-loan-hole-of-the-disability-community,2026-09-29T19:38:11.084540+00:00,tcf.org,False,downloaded,403.0,https://tcf.org/content/commentary/no-ramp-out-the-payday-loan-hole-of-the-disability-community,4857.0,not_extracted,0,0,,,,,,,,,,
ca29ea4b81421de617f8,https://theconversation.com/children-facing-racist-bullying-at-school-need-support-from-teachers-but-many-dont-get-it-196180,2026-09-29T19:38:12.317381+00:00,theconversation.com,True,downloaded,200.0,https://theconversation.com/children-facing-racist-bullying-at-school-need-support-from-teachers-but-many-dont-get-it-196180,173273.0,success,4890,771,html,,Children facing racist bullying at school need support from teachers – but many don’t get it,Maria Sapouna,2023-01-13,The Conversation,https://theconversation.com/children-facing-racist-bullying-at-school-need-support-from-teachers-but-many-dont-get-it-196180,,ca29ea4b81421de617f8.txt,53ff6d3013272d83d4f383a3883c414adfec45c9b6875c602f043f18234f2bbe
ca3dd005d7b02deb9f45,https://republicfinance.com/blog/what-factors-affect-your-eligibility-for-a-loan,2026-09-29T19:38:13.680464+00:00,republicfinance.com,False,exception,,,,failed,0,0,,,,,,,,,,
ca6e6e25d3dbdd873b33,https://pmc.ncbi.nlm.nih.gov/articles/PMC7899057,2026-09-29T19:38:14.176086+00:00,nih.gov,True,downloaded,200.0,https://pmc.ncbi.nlm.nih.gov/articles/PMC7899057,21368.0,success,131,18,html,,Checking your browser,,2026-09-11,google.com,https://www.google.com/recaptcha/challengepage,,ca6e6e25d3dbdd873b33.txt,a29166d0eaaa418bd5af61a282f1183a46c84c4d5e4c90689b1b452d230d05cc
ca780bf77717d2080739,https://hiring.careerone.com.au/content/hiring-advice/5-critical-factors-to-consider-when-hiring-an-employee,2026-09-29T19:38:14.383083+00:00,careerone.com.au,True,downloaded,200.0,https://hiring.careerone.com.au/content/hiring-advice/5-critical-factors-to-consider-when-hiring-an-employee/,39066.0,success,4061,735,html,text/html; charset=UTF-8,5 critical factors to consider when hiring an employee - Hiring Advice,Careerone,2020-09-10,Hiring Advice,https://hiring.careerone.com.au/content/hiring-advice/5-critical-factors-to-consider-when-hiring-an-employee/,,ca780bf77717d2080739.txt,36e04926b4fdea2b738433292a05769dc53df7e8a61ffdd78ccdd2b6d1ed8617
ca7fff8f4a2a0636cf33,https://youtube.com/watch?v=rcRCzpkny4U,2026-09-29T19:38:15.656390+00:00,youtube.com,True,downloaded,200.0,https://www.youtube.com/watch?v=rcRCzpkny4U,1254829.0,success,146,23,html,text/html; charset=utf-8,The Hidden Causes | Bullying and Cyberbullying (engl.),,2026-04-24,YouTube,https://www.youtube.com/watch?v=rcRCzpkny4U,,ca7fff8f4a2a0636cf33.txt,8dbba17988e385133ba8f51d76cde1fc2c859262b666cb848e9cfe2478fd5e71
ca97f26a3729fdef16be,https://journals.sagepub.com/doi/10.1177/14705958231180044?int.sj-abstract.similar-articles.8=,2026-09-29T19:38:15.850716+00:00,sagepub.com,False,downloaded,403.0,https://journals.sagepub.com/doi/10.1177/14705958231180044?int.sj-abstract.similar-articles.8=,5948.0,not_extracted,0,0,,,,,,,,,,
cab70c6cd5488a2612ee,https://upward-mobility.urban.org/framework/neighborhoods/stability,2026-09-29T19:38:15.906427+00:00,urban.org,False,downloaded,403.0,https://upward-mobility.urban.org/framework/neighborhoods/stability,5834.0,not_extracted,0,0,,,,,,,,,,
caba3dd1d554ce973c05,https://pmc.ncbi.nlm.nih.gov/articles/PMC8916710,2026-09-29T19:38:17.548814+00:00,nih.gov,True,downloaded,200.0,https://pmc.ncbi.nlm.nih.gov/articles/PMC8916710/,207292.0,success,56798,8430,html,,"College Aspirations, Gender Sexuality Alliances, and Teacher Support among Diverse LGBTQ Youth",Steven Feldman; Ryan J Watson; Connor Gallik,2020-09-17,Educational review,https://pmc.ncbi.nlm.nih.gov/articles/PMC8916710/,,caba3dd1d554ce973c05.txt,fca958b3164d9435de27a44e4a6c9a42c896be08baf288c84365a233c9a1ca5b
cabe7aabc9ffaec86019,https://prisonpolicy.org/reports/pie2026.html,2026-09-29T19:38:18.061467+00:00,prisonpolicy.org,True,downloaded,200.0,https://www.prisonpolicy.org/reports/pie2026.html,233704.0,success,96878,14848,html,text/html; charset=UTF-8,Mass Incarceration: The Whole Pie 2026,Prison Policy Initiative; Brian Nam-Sonenstein; Wendy Sawyer Peter Wagner,2023-12-31,PrisonPolicy,https://www.prisonpolicy.org/reports/pie2026.html,,cabe7aabc9ffaec86019.txt,77b20876a2959f1846dd8b4826382ff3a7d8035d5687a61d8e0cdd6eda80235e
caeed945925c9cb819a4,https://journals.sagepub.com/doi/10.1177/23780231211054641,2026-09-29T19:38:19.050104+00:00,sagepub.com,False,downloaded,403.0,https://journals.sagepub.com/doi/10.1177/23780231211054641,5783.0,not_extracted,0,0,,,,,,,,,,
caf34933050d2fccae9f,https://opportunityhome.org/resources/racial-equity-housing,2026-09-29T19:38:19.559089+00:00,opportunityhome.org,False,downloaded,404.0,https://opportunityhome.org/resources/racial-equity-housing,10.0,not_extracted,0,0,,,,,,,,,,
cb3a903b7d785dfd740f,https://pmc.ncbi.nlm.nih.gov/articles/PMC12306465,2026-09-29T19:38:19.900289+00:00,nih.gov,True,downloaded,200.0,https://pmc.ncbi.nlm.nih.gov/articles/PMC12306465/,195493.0,success,52748,7500,html,,Testing the theory of change for Housing First: a secondary qualitative analysis of gender differences in the experiences of men and women in the AH/CS trial,Samira Alfayumi-Zeadna; Melissa Perri; Cilia Mejia-Lancheros; Julia Woodhall; Maritt Kirst; Margaret Douglin; Chloe Reiser; Patricia O’Campo,2025-07-28,BMJ Open,https://pmc.ncbi.nlm.nih.gov/articles/PMC12306465/,,cb3a903b7d785dfd740f.txt,e8eca737cdc458e3756048bf86f9804d1558e6ffb0a9aa75511e3abd4534eab5
cb65e83b99d8ad5c319f,https://opportunityatwork.org/topics/reports/hispanic-stars,2026-09-29T19:38:20.382105+00:00,opportunityatwork.org,True,downloaded,200.0,https://www.opportunityatwork.org/topics/reports/hispanic-stars,215218.0,success,2610,406,html,text/html; charset=utf-8,Hispanic STARs,,2026-01-01,opportunityatwork.org,https://www.opportunityatwork.org/topics/reports/hispanic-stars,,cb65e83b99d8ad5c319f.txt,ccbf0493947e94ee7ca2657b05c05547226d78c3ab6a5b527130831adfe4d014
cb8a234f2713209a8b7d,https://congress.gov/crs-product/R45979,2026-09-29T19:38:21.770614+00:00,congress.gov,False,downloaded,403.0,https://congress.gov/crs-product/R45979,5713.0,not_extracted,0,0,,,,,,,,,,
cbb39bedea470d911f4b,https://prisonpolicy.org/scans/LatinoReport_lowres_6.17.14.pdf,2026-09-29T19:38:22.103905+00:00,prisonpolicy.org,True,downloaded,200.0,https://www.prisonpolicy.org/scans/LatinoReport_lowres_6.17.14.pdf,2592187.0,success,96777,14778,pdf,application/pdf,,,,,,,cbb39bedea470d911f4b.txt,14987bfce31161b7b18a8da62328f5f75763d3a041a2ca1242a48b108375b91b
cbdd8c792afab59cfab3,https://highereddive.com/news/diversity-college-admissions-enrollment-nacac-2025/760807,2026-09-29T19:38:22.415264+00:00,highereddive.com,True,downloaded,200.0,https://www.highereddive.com/news/diversity-college-admissions-enrollment-nacac-2025/760807/,215144.0,success,7170,1120,html,text/html; charset=utf-8,Digging into diversity in college admissions,Ben Unglesbee,2025-09-23,Higher Ed Dive,https://www.highereddive.com/news/diversity-college-admissions-enrollment-nacac-2025/760807/,,cbdd8c792afab59cfab3.txt,f675536d1064331092b4fed9d452de983f32293ab37abc2320ffe96972898818
cc05d39907ee81694cd2,https://youtube.com/watch?v=68yf3xouXc8,2026-09-29T19:38:22.947145+00:00,youtube.com,True,downloaded,200.0,https://www.youtube.com/watch?v=68yf3xouXc8,1296054.0,success,146,23,html,text/html; charset=utf-8,Understanding Police Use of Deadly Force,,2015-05-11,YouTube,https://www.youtube.com/watch?v=68yf3xouXc8,,cc05d39907ee81694cd2.txt,8dbba17988e385133ba8f51d76cde1fc2c859262b666cb848e9cfe2478fd5e71
cc37e937aae4c2735941,https://transcare.ucsf.edu/guidelines/clinic-environment,2026-09-29T19:38:23.778839+00:00,ucsf.edu,False,downloaded,403.0,https://transcare.ucsf.edu/guidelines/clinic-environment,5713.0,not_extracted,0,0,,,,,,,,,,
cc8d258e67ff44b3bb7c,https://researchgate.net/publication/354341007_Impact_of_gender_on_access_to_finance_in_developing_countries,2026-09-29T19:38:24.299172+00:00,researchgate.net,False,downloaded,403.0,https://www.researchgate.net/publication/354341007_Impact_of_gender_on_access_to_finance_in_developing_countries,21138.0,not_extracted,0,0,,,,,,,,,,
cc9935f047eb7be51399,https://lse.ac.uk/research/research-for-the-world/society/tackling-school-bullying-mexico,2026-09-29T19:38:24.833642+00:00,lse.ac.uk,True,downloaded,200.0,https://www.lse.ac.uk/research/research-for-the-world/society/tackling-school-bullying-mexico,343824.0,success,9673,1497,html,,Tackling school bullying: insights from Mexico I LSE Research,Kevin Zapata-Celestino LSE Fellow Department,2026-03-11,The London School of Economics and Political Science,https://www.lse.ac.uk/research/research-for-the-world/society/tackling-school-bullying-mexico,,cc9935f047eb7be51399.txt,fd64fb216799f46abdf89e760bdf7d4548ce1472f071fc2097e037a102f4be6b
ccbaeb235671276b683d,https://timeshighereducation.com/campus/making-admissions-processes-fair-black-students,2026-09-29T19:38:26.918436+00:00,timeshighereducation.com,True,downloaded,200.0,https://www.timeshighereducation.com:443/campus/making-admissions-processes-fair-black-students,230323.0,success,7581,1036,html,text/html; charset=utf-8,Making admissions processes fair on Black students,,2025-01-30,"THE Campus Learn, Share, Connect",https://www.timeshighereducation.com/campus/making-admissions-processes-fair-black-students,,ccbaeb235671276b683d.txt,2aead79c44a1d58159109c938a8137aeff8e2c1b35eff6b82a909396c3ebefae
ccbc56a5be40930ff7b0,https://apa.org/ed/schools/primer/gender-identity,2026-09-29T19:38:27.537008+00:00,apa.org,True,downloaded,200.0,https://www.apa.org/ed/schools/primer/gender-identity,1033.0,success,83,6,html,text/html,,,,apa.org,https://www.apa.org/ed/schools/primer/gender-identity,,ccbc56a5be40930ff7b0.txt,e03fb1155253e5cd36fa54a03cbb58b469837c3998d44ac0bbe0833a3bad46d0
ccd6be36ca4b7272bdd3,https://youtube.com/watch?v=-5eVm_6rB9c,2026-09-29T19:38:30.969683+00:00,youtube.com,True,downloaded,200.0,https://www.youtube.com/watch?v=-5eVm_6rB9c,1329738.0,success,146,23,html,text/html; charset=utf-8,What causes homelessness? A survey says there's one major factor,,2025-05-22,YouTube,https://www.youtube.com/watch?v=-5eVm_6rB9c,,ccd6be36ca4b7272bdd3.txt,8dbba17988e385133ba8f51d76cde1fc2c859262b666cb848e9cfe2478fd5e71
ccd779ecf2bb10969dd9,https://justia.com/employment/employment-discrimination/ethnicity-discrimination,2026-09-29T19:38:34.252055+00:00,justia.com,False,downloaded,403.0,https://www.justia.com/employment/employment-discrimination/ethnicity-discrimination,5822.0,not_extracted,0,0,,,,,,,,,,
ccd9104dbbc5ffcb0994,https://williamsinstitute.law.ucla.edu/press/trans-higher-ed-press-release,2026-09-29T19:38:34.821276+00:00,ucla.edu,True,downloaded,200.0,https://williamsinstitute.law.ucla.edu/press/trans-higher-ed-press-release/,107360.0,success,3494,546,html,text/html; charset=UTF-8,More than half of transgender students in higher education report poor mental health,Loyal; Thisisloyal Com,2022-04-28,The Williams Institute at UCLA School of Law,https://williamsinstitute.law.ucla.edu/press/trans-higher-ed-press-release/,,ccd9104dbbc5ffcb0994.txt,b012081866bc9a20cdb32918b0d18d7f3530fa4a054235d87cc19e3d6892eb8a
ccf04d056f61e53de517,https://facebook.com/NLIHCDC/posts/fact-of-the-week-homelessness-impacts-different-racial-and-ethnic-groups-at-rate/823452499810086,2026-09-29T19:38:35.277074+00:00,facebook.com,False,robots_disallowed,,,,not_extracted,0,0,,,,,,,,,,
cd0bd8ef0962d170afc0,https://safetyandjusticechallenge.org/blog/why-are-jails-still-failing-to-accurately-track-race-and-ethnicity,2026-09-29T19:38:35.277380+00:00,safetyandjusticechallenge.org,True,downloaded,200.0,https://safetyandjusticechallenge.org/blog/why-are-jails-still-failing-to-accurately-track-race-and-ethnicity/,77953.0,success,5044,783,html,text/html; charset=UTF-8,Why Are Jails Still Failing to Accurately Track Race and Ethnicity? - Safety and Justice Challenge,Matt Davis,2021-10-15,Safety and Justice Challenge,https://safetyandjusticechallenge.org/blog/why-are-jails-still-failing-to-accurately-track-race-and-ethnicity/,,cd0bd8ef0962d170afc0.txt,579edcb0e5c8c55418fae863481bda199319e2837f67829062d380bdd0f5a049
cd461de5272cc0d1bc58,https://journals.sagepub.com/doi/10.1177/00187267261480591,2026-09-29T19:38:35.657197+00:00,sagepub.com,False,downloaded,403.0,https://journals.sagepub.com/doi/10.1177/00187267261480591,5783.0,not_extracted,0,0,,,,,,,,,,
cd7b714f97499d88fd86,https://crownschool.uchicago.edu/student-life/advocates-forum/workplace-discrimination-and-undocumented-first-generation-latinx,2026-09-29T19:38:38.734840+00:00,uchicago.edu,True,downloaded,200.0,https://crownschool.uchicago.edu/student-life/advocates-forum/workplace-discrimination-and-undocumented-first-generation-latinx,142247.0,success,21733,3078,html,text/html; charset=UTF-8,Workplace Discrimination and Undocumented First-Generation Latinx Immigrants,,2023-05-18,"Crown Family School of Social Work, Policy, and Practice",https://crownschool.uchicago.edu/student-life/advocates-forum/workplace-discrimination-and-undocumented-first-generation-latinx,,cd7b714f97499d88fd86.txt,29d4ee4cde174209c25c9f7b9333fb850f311a76303a2eee2c531c285f4e13ce
cda4d5fd39f133b6d56e,https://kff.org/womens-health-policy/update-on-medicaid-coverage-of-gender-affirming-health-services,2026-09-29T19:38:38.771469+00:00,kff.org,True,downloaded,200.0,https://www.kff.org/womens-health-policy/update-on-medicaid-coverage-of-gender-affirming-health-services/,194847.0,success,15674,2278,html,text/html; charset=UTF-8,A Look at Medicaid Coverage of Gender-Affirming Health Services in 2021 | KFF,Ivette Gomez; Usha Ranji; Alina Salganicoff; Lindsey Dawson; Carrie Rosenzweig; Rebecca Kellenberg; Kathy Gifford,2022-10-11,"KFF - The independent source for health policy research, polling, and news",https://www.kff.org/womens-health-policy/update-on-medicaid-coverage-of-gender-affirming-health-services/,,cda4d5fd39f133b6d56e.txt,7df58e423138e3d9bb7899f5696c5288d02affc820ff02289d03b6e023835058
cdd1e412b5a5c8846e32,https://wanderingeducators.com/intercultural-education/resources/educational-disparities-latino-students-us,2026-09-29T19:38:40.182102+00:00,wanderingeducators.com,True,downloaded,200.0,https://www.wanderingeducators.com/intercultural-education/resources/educational-disparities-latino-students-us,48719.0,success,10417,1413,html,text/html; charset=UTF-8,Educational Disparities Among Latino Students in the U.S.,Latinas,2024-11-01,Wandering Educators,https://www.wanderingeducators.com/intercultural-education/resources/educational-disparities-latino-students-us,,cdd1e412b5a5c8846e32.txt,98b6272de45998fda43c802bd03c0a49f0838c562c65b50d33eb5b909d09bc22
cddef8c5ffafde5490cd,https://pmc.ncbi.nlm.nih.gov/articles/PMC12573526,2026-09-29T19:38:41.175734+00:00,nih.gov,True,downloaded,200.0,https://pmc.ncbi.nlm.nih.gov/articles/PMC12573526/,239129.0,success,75699,10640,html,,The structural violence of cisgender norms: A participatory qualitative study of access to health and social welfare for older transgender women in Indonesia,Alegra Wolter; Benjamin Hegarty; Ika Susetyo; Lenny Sugiharto; Rully Mallay; Jaclyn Kaunang; Aditya Wardhana,2025-01-03,International Journal of Transgender Health,https://pmc.ncbi.nlm.nih.gov/articles/PMC12573526/,,cddef8c5ffafde5490cd.txt,70be3d12791fdbfdd51263ee16c233541917a130fd8bd145e77b8a3bbba5852b
cde7cf9684c78ec011e1,https://equity.army/financial-services,2026-09-29T19:38:41.932384+00:00,equity.army,True,downloaded,200.0,https://www.equity.army/financial-services,224934.0,success,12723,1827,html,text/html;charset=utf-8,Financial Services Inclusion Principles — EquityArmy,,2000-01-01,EquityArmy,https://www.equity.army/financial-services,,cde7cf9684c78ec011e1.txt,fbe744ac9f58ad2253565a243d381106b111a34a3cc5040b9043867cc584fc0d
cdf598d0701336535025,https://richmondfed.org/publications/research/econ_focus/2022/q4_district_digest,2026-09-29T19:38:42.344756+00:00,richmondfed.org,True,downloaded,200.0,https://www.richmondfed.org/publications/research/econ_focus/2022/q4_district_digest,81181.0,success,17486,2758,html,text/html; charset=utf-8,Expanding Credit Access through Community Development Financial Institutions,Surekha Carpenter,2022-12-19,Richmondfed,https://www.richmondfed.org/publications/research/econ_focus/2022/q4_district_digest,,cdf598d0701336535025.txt,f076e2602c83724a6cc184cc29e2c3c673c8586448b8982cbe8ea161625899f1
ce20ffdae2a53c621c4d,https://americanprogress.org/article/fact-sheet-protecting-advancing-health-care-transgender-adult-communities,2026-09-29T19:38:44.719839+00:00,americanprogress.org,False,downloaded,403.0,https://www.americanprogress.org/article/fact-sheet-protecting-advancing-health-care-transgender-adult-communities,5977.0,not_extracted,0,0,,,,,,,,,,
ce21617ae3bbdc62e052,https://journals.sagepub.com/doi/10.1177/136346099002004004,2026-09-29T19:38:47.156036+00:00,sagepub.com,False,downloaded,403.0,https://journals.sagepub.com/doi/10.1177/136346099002004004,5786.0,not_extracted,0,0,,,,,,,,,,
ce5ff1a3c2f8b5f18a9c,https://endhomelessness.org/resources/research-and-analysis/housing-instability-among-gender-expansive-people-and-paths-forward,2026-09-29T19:38:47.217114+00:00,endhomelessness.org,True,downloaded,200.0,https://endhomelessness.org/resources/research-and-analysis/housing-instability-among-gender-expansive-people-and-paths-forward,355421.0,success,9317,1314,html,text/html; charset=UTF-8,Housing Instability Among Gender-Expansive People and Paths Forward,Daniel Soucy,2025-06-03,National Alliance to End Homelessness,https://endhomelessness.org/resources/research-and-analysis/housing-instability-among-gender-expansive-people-and-paths-forward/,,ce5ff1a3c2f8b5f18a9c.txt,838cc3efa87c01f108aa80c84fcdf11938eb9e5739bb19b3c5432b897b88a190
ce9724da5b7f29ba9c4e,https://policechiefmagazine.org/iacpwork-developmental-disabilities-and-diversion,2026-09-29T19:38:48.102838+00:00,policechiefmagazine.org,True,downloaded,200.0,https://policechiefmagazine.org/iacpwork-developmental-disabilities-and-diversion,212.0,empty_text,0,0,html,text/html,,,,policechiefmagazine.org,https://policechiefmagazine.org/iacpwork-developmental-disabilities-and-diversion,,ce9724da5b7f29ba9c4e.txt,e3b0c44298fc1c149afbf4c8996fb92427ae41e4649b934ca495991b7852b855
cef035ad45aaba1c01db,https://mayfieldis.com/blogs/factors-that-influence-health-insurance-premiums,2026-09-29T19:38:50.719703+00:00,mayfieldis.com,True,downloaded,200.0,https://www.mayfieldis.com/blogs/factors-that-influence-health-insurance-premiums,117283.0,success,4023,587,html,,Mayfield & Associates | Gulfport Insurance & Benefits,,2025-02-19,mayfieldis.com,https://www.mayfieldis.com/blogs/factors-that-influence-health-insurance-premiums,,cef035ad45aaba1c01db.txt,6795313d779aa327de7b66cb5158bf6972e0e7cc220bf9bf727dbfb7a15ff612
cef7ff650d561834a964,https://youtube.com/watch?t=67&v=n0urFzhWTZ4,2026-09-29T19:38:51.247291+00:00,youtube.com,True,downloaded,200.0,https://www.youtube.com/watch?t=67&v=n0urFzhWTZ4,1415969.0,success,146,23,html,text/html; charset=utf-8,How policewomen make communities safer | Ivonne Roman,,2019-09-09,YouTube,https://www.youtube.com/watch?v=n0urFzhWTZ4,,cef7ff650d561834a964.txt,8dbba17988e385133ba8f51d76cde1fc2c859262b666cb848e9cfe2478fd5e71
cf1fe57adb31f65a2c38,https://census.gov/newsroom/blogs/random-samplings/2015/09/another-difference-between-the-sexes-health-insurance-coverage-3.html,2026-09-29T19:38:51.433026+00:00,census.gov,True,downloaded,200.0,https://www.census.gov/newsroom/blogs/random-samplings/2015/09/another-difference-between-the-sexes-health-insurance-coverage-3.html,349301.0,success,2143,349,html,text/html; charset=UTF-8,Another Difference Between the Sexes - Health Insurance Coverage,US Census Bureau,2015-09-16,Census.gov,https://www.census.gov/newsroom/blogs/random-samplings/2015/09/another-difference-between-the-sexes-health-insurance-coverage-3.html,,cf1fe57adb31f65a2c38.txt,d79ae6b42c3b50f2af7f6f21357e276f62f010050e2aadcc072562a958bac386
cf31ee7243e59e1d2173,https://clasp.org/blog/centering-black-women-in-the-fight-for-safe-jobs,2026-09-29T19:38:52.043043+00:00,clasp.org,True,downloaded,200.0,https://www.clasp.org/blog/centering-black-women-in-the-fight-for-safe-jobs/,94645.0,success,8290,1176,html,text/html; charset=UTF-8,Centering Black Women in the Fight for Safe Jobs | CLASP,,2026-03-27,CLASP,https://www.clasp.org/blog/centering-black-women-in-the-fight-for-safe-jobs/,,cf31ee7243e59e1d2173.txt,0fd476859d96c1adafdb232df81a67baedcd56a33daa3cde2eda3ce9d087adb8
cf4634cb4263facaa3e2,https://kff.org/uninsured/characteristics-of-remaining-uninsured-men-and-potential-strategies-to-reach-and-enroll-them-in-health-coverage,2026-09-29T19:38:55.153787+00:00,kff.org,True,downloaded,200.0,https://www.kff.org/uninsured/characteristics-of-remaining-uninsured-men-and-potential-strategies-to-reach-and-enroll-them-in-health-coverage/,184139.0,success,22344,3624,html,text/html; charset=UTF-8,Characteristics of Remaining Uninsured Men and Potential Strategies to Reach and Enroll them in Health Coverage | KFF,Elizabeth Hinton; Samantha Artiga,2016-04-14,"KFF - The independent source for health policy research, polling, and news",https://www.kff.org/uninsured/characteristics-of-remaining-uninsured-men-and-potential-strategies-to-reach-and-enroll-them-in-health-coverage/,,cf4634cb4263facaa3e2.txt,83587b9e5b679a972c2300e66aea49c8c19a737a9ab558e269c39ad1f67ad50a
cf6e50ed8ab733829e10,https://digitalcommons.liberty.edu/cgi/viewcontent.cgi?article=8700&context=doctoral,2026-09-29T19:38:55.888538+00:00,liberty.edu,False,downloaded,403.0,https://digitalcommons.liberty.edu/cgi/viewcontent.cgi?article=8700&context=doctoral,5871.0,not_extracted,0,0,,,,,,,,,,
cfa5b8762afbcf250fc8,https://tcf.org/content/report/advancing-health-equity-for-black-communities-through-insurance-reform,2026-09-29T19:38:56.283776+00:00,tcf.org,False,downloaded,403.0,https://tcf.org/content/report/advancing-health-equity-for-black-communities-through-insurance-reform,4857.0,not_extracted,0,0,,,,,,,,,,
cfac0b7c1daa05d5c865,https://pmc.ncbi.nlm.nih.gov/articles/PMC11196069,2026-09-29T19:38:56.938170+00:00,nih.gov,True,downloaded,200.0,https://pmc.ncbi.nlm.nih.gov/articles/PMC11196069/,195124.0,success,31550,5444,html,,"Police and Transgender and Gender Diverse People in the United States: A Brief Note on Interaction, Harassment, and Violence",Madeline R Stenersen; Kathryn Thomas; Sherry McKee,2022-02-08,Journal of interpersonal violence,https://pmc.ncbi.nlm.nih.gov/articles/PMC11196069/,,cfac0b7c1daa05d5c865.txt,a8e86f4f9936b496a9d0b6f695d7a65e309e5a311c92a8466c83cc4467cd1a5f
cfe45ae39d566305d07a,https://journals.sagepub.com/doi/abs/10.1177/0730888419849467,2026-09-29T19:38:57.343403+00:00,sagepub.com,False,downloaded,403.0,https://journals.sagepub.com/doi/abs/10.1177/0730888419849467,5792.0,not_extracted,0,0,,,,,,,,,,
d00806e7a73161e6d180,https://sciencedirect.com/science/article/abs/pii/S154461232200023X,2026-09-29T19:38:57.397263+00:00,sciencedirect.com,False,downloaded,403.0,https://www.sciencedirect.com/science/article/abs/pii/S154461232200023X,1207947.0,not_extracted,0,0,,,,,,,,,,
d02fec0d45ede1aebf9b,https://cbpp.org/research/health/using-snap-data-for-medicaid-renewals-can-keep-eligible-beneficiaries-enrolled,2026-09-29T19:38:59.350577+00:00,cbpp.org,False,downloaded,403.0,https://cbpp.org/research/health/using-snap-data-for-medicaid-renewals-can-keep-eligible-beneficiaries-enrolled,6157.0,not_extracted,0,0,,,,,,,,,,
d0535f747cd36a56b206,https://psnet.ahrq.gov/perspective/ensuring-patient-and-workforce-safety-culture-healthcare,2026-09-29T19:38:59.397838+00:00,ahrq.gov,False,downloaded,403.0,https://psnet.ahrq.gov/perspective/ensuring-patient-and-workforce-safety-culture-healthcare,986.0,not_extracted,0,0,,,,,,,,,,
d05ba98dfc1816b373b5,https://higheredtoday.org/2020/10/19/higher-educations-challenge-disability-inclusion-campus,2026-09-29T19:38:59.750976+00:00,higheredtoday.org,True,downloaded,200.0,https://www.higheredtoday.org/2020/10/19/higher-educations-challenge-disability-inclusion-campus/,73668.0,success,11904,1760,html,text/html; charset=UTF-8,Higher Education’s Challenge: Disability Inclusion on Campus,Laurie Arnston,2020-10-19,Higher Education Today,https://www.higheredtoday.org/2020/10/19/higher-educations-challenge-disability-inclusion-campus/,,d05ba98dfc1816b373b5.txt,69d1e97750c077ed25fe1ce841e25ab2ce62abd0f3f6f045be1be8018a5ea92c
d07b1dc58fe64c76c317,https://csgjusticecenter.org/2021/10/12/how-are-hispanic-individuals-represented-in-the-criminal-justice-system,2026-09-29T19:38:59.837926+00:00,csgjusticecenter.org,True,downloaded,200.0,https://csgjusticecenter.org/2021/10/12/how-are-hispanic-individuals-represented-in-the-criminal-justice-system/,285644.0,success,4754,705,html,text/html; charset=UTF-8,How Are Hispanic Individuals Represented in the Criminal Justice System?,Amelia Vorpahl,2021-10-12,CSG Justice Center,https://csgjusticecenter.org/2021/10/12/how-are-hispanic-individuals-represented-in-the-criminal-justice-system/,,d07b1dc58fe64c76c317.txt,d9d110f58aef0631af27a643d2327ad5f2b0f5edc08e27fec79f9329a5d7c19b
d091dcd65547a7816900,https://youtube.com/watch?t=390s&v=XhZxwOdnzS4,2026-09-29T19:39:00.539927+00:00,youtube.com,True,downloaded,200.0,https://www.youtube.com/watch?t=390s&v=XhZxwOdnzS4,1202935.0,success,146,23,html,text/html; charset=utf-8,Sexual Orientation and Work,,2024-01-03,YouTube,https://www.youtube.com/watch?v=XhZxwOdnzS4,,d091dcd65547a7816900.txt,8dbba17988e385133ba8f51d76cde1fc2c859262b666cb848e9cfe2478fd5e71
d0a2e47b781a5510d7c7,https://sentencingproject.org/policy-brief/incarcerated-lgbtq-adults-and-youth,2026-09-29T19:39:01.204737+00:00,sentencingproject.org,True,downloaded,200.0,https://www.sentencingproject.org/policy-brief/incarcerated-lgbtq-adults-and-youth/,83110.0,success,2872,394,html,,Incarcerated LGBTQ+ Adults and Youth – The Sentencing Project,Nazgol Ghandnoosh; Ph D; Emma Stammen,2022-06-09,The Sentencing Project,https://www.sentencingproject.org/policy-brief/incarcerated-lgbtq-adults-and-youth/,,d0a2e47b781a5510d7c7.txt,98903a4bdc0ffeaead7cdf441dda79b75e1c9492b3b86aeff15671bb69ce0e66
d0a550a68fecf7fca168,https://journals.sagepub.com/doi/10.1177/02724316221142247,2026-09-29T19:39:02.284020+00:00,sagepub.com,False,downloaded,403.0,https://journals.sagepub.com/doi/10.1177/02724316221142247,5783.0,not_extracted,0,0,,,,,,,,,,
d0c113489cd66524d2ab,https://floridacollegeaccess.org/research-and-policy/targeted-supports-help-latino-students-in-college-according-to-new-report-from-unidos-us,2026-09-29T19:39:03.606732+00:00,floridacollegeaccess.org,True,downloaded,200.0,https://floridacollegeaccess.org/research-and-policy/targeted-supports-help-latino-students-in-college-according-to-new-report-from-unidos-us/,282871.0,success,7313,1116,html,text/html; charset=UTF-8,"Targeted supports help Latino students in college, according to new report from UNIDOS US - Florida College Access Network",Admin,2020-09-29,Florida College Access Network,https://floridacollegeaccess.org/research-and-policy/targeted-supports-help-latino-students-in-college-according-to-new-report-from-unidos-us/,,d0c113489cd66524d2ab.txt,043a6c44195abd8c6d54ab79931b2f611685fcf84363a0c5ca9df48a0063f3fb
d0c93d008a61a68ded71,https://academicworks.cuny.edu/cgi/viewcontent.cgi?__cf_chl_rt_tk=ar5_gHz1ZWzdsHmTNjcVP_15IGzXV_E3tM.fkf.AqKg-1790570604-1.0.1.1-Jc2jTd._8XOejb4gV3lpU5jKMl11BOcYqx2k1rkUKEo&article=6918&context=gc_etds,2026-09-29T19:39:05.349410+00:00,cuny.edu,False,downloaded,403.0,https://academicworks.cuny.edu/cgi/viewcontent.cgi?__cf_chl_rt_tk=ar5_gHz1ZWzdsHmTNjcVP_15IGzXV_E3tM.fkf.AqKg-1790570604-1.0.1.1-Jc2jTd._8XOejb4gV3lpU5jKMl11BOcYqx2k1rkUKEo&article=6918&context=gc_etds,5821.0,not_extracted,0,0,,,,,,,,,,
d0e7726670e36dd065e8,https://disabilityhelpgroup.com/ssdi-qualifying-for-benefits,2026-09-29T19:39:06.286165+00:00,disabilityhelpgroup.com,False,downloaded,504.0,https://disabilityhelpgroup.com/ssdi-qualifying-for-benefits,0.0,not_extracted,0,0,,,,,,,,,,
d10e720158b5e90d7a3f,https://pmc.ncbi.nlm.nih.gov/articles/PMC6290583,2026-09-29T19:39:09.532490+00:00,nih.gov,True,downloaded,200.0,https://pmc.ncbi.nlm.nih.gov/articles/PMC6290583/,198018.0,success,41483,6495,html,,Longitudinal Determinants of Housing Stability Among People Living With HIV/AIDS Experiencing Homelessness,Ruthanne Marcus; Alexander de Groot; Sara Bachman; Nicole Chisolm; Yasmeen Quadri; Howard Cabral; Serena Rajabiun,2018-11-12,American Journal of Public Health,https://pmc.ncbi.nlm.nih.gov/articles/PMC6290583/,,d10e720158b5e90d7a3f.txt,953111152530a57c97338fcaefbe99501e3162d5f1d5cf3a6f5eada72f1db900
d113853cc47464af7204,https://williamsinstitute.law.ucla.edu/press/latinx-workplace-press-release,2026-09-29T19:39:09.932710+00:00,ucla.edu,True,downloaded,200.0,https://williamsinstitute.law.ucla.edu/press/latinx-workplace-press-release/,103726.0,success,3341,514,html,text/html; charset=UTF-8,More than half of Latinx LGBTQ employees in the US have experienced discrimination or harassment at work,Loyal; Thisisloyal Com,2024-10-10,The Williams Institute at UCLA School of Law,https://williamsinstitute.law.ucla.edu/press/latinx-workplace-press-release/,,d113853cc47464af7204.txt,15c02da440a0fba9d85065063918537bb660affcfd40710a16f1ae66097e6a7e
d12542251792c0056117,https://openscholarship.wustl.edu/cgi/viewcontent.cgi?article=2004&context=csd_research,2026-09-29T19:39:10.171059+00:00,wustl.edu,False,downloaded,403.0,https://openscholarship.wustl.edu/cgi/viewcontent.cgi?article=2004&context=csd_research,5882.0,not_extracted,0,0,,,,,,,,,,
d161a64f494c7557dd01,https://youtube.com/watch?t=1419s&v=EYnXTuHdOEk,2026-09-29T19:39:10.889171+00:00,youtube.com,True,downloaded,200.0,https://www.youtube.com/watch?t=1419s&v=EYnXTuHdOEk,1288742.0,success,146,23,html,text/html; charset=utf-8,Academic Training Webinar: Policing and People with Developmental Disabilities,,2022-05-08,YouTube,https://www.youtube.com/watch?v=EYnXTuHdOEk,,d161a64f494c7557dd01.txt,8dbba17988e385133ba8f51d76cde1fc2c859262b666cb848e9cfe2478fd5e71
d170e49ee5530c51beed,https://ednc.org/bullying-another-challenge-students-disabilities,2026-09-29T19:39:11.489738+00:00,ednc.org,True,downloaded,200.0,https://www.ednc.org/bullying-another-challenge-students-disabilities/,102793.0,success,3563,569,html,text/html; charset=UTF-8,Bullying: Another challenge for students with disabilities,Lucy Ireland,2016-10-03,EdNC,https://www.ednc.org/bullying-another-challenge-students-disabilities/,,d170e49ee5530c51beed.txt,c204e5d520a95053c91fcc85c10761a2e8bb5a2e37b5045f46d8c4aa209c48a6
d172ba666565b5ea7b41,https://aclrc.com/education-programs/resources-for-teachers/bullying/bullying-and-lgbt-students,2026-09-29T19:39:12.518992+00:00,aclrc.com,True,downloaded,200.0,https://www.aclrc.com/education-programs/resources-for-teachers/bullying/bullying-and-lgbt-students,136398.0,success,2774,446,html,text/html; charset=UTF-8,Bullying and LGBTQ2 Students | Understanding the Impact,,2023-11-01,Alberta Civil Liberties Research Centre (ACLRC),https://www.aclrc.com/education-programs/resources-for-teachers/bullying/bullying-and-lgbt-students/,,d172ba666565b5ea7b41.txt,832c1ca691d396c87ed578bbe754346d29c59979126bbf4761d8ced66a52a50f
d18a130a1e025c5d6ac2,https://jennifertardy.com/linkedin-newsletter-articles/four-barriers-to-equal-representation-for-hispanic-workers-in-us,2026-09-29T19:39:13.229069+00:00,jennifertardy.com,True,downloaded,200.0,https://www.jennifertardy.com/linkedin-newsletter-articles/four-barriers-to-equal-representation-for-hispanic-workers-in-us,166203.0,success,7705,1162,html,text/html;charset=utf-8,Four Barriers to Equal Representation for Hispanic Workers in the US — Jennifer Tardy Consulting - Diversity Recruiting Expert + Career Coach,Jennifer Tardy,2023-09-14,Jennifer Tardy Consulting - Diversity Recruiting Expert + Career Coach,https://www.jennifertardy.com/linkedin-newsletter-articles/four-barriers-to-equal-representation-for-hispanic-workers-in-us,,d18a130a1e025c5d6ac2.txt,a106c5fb5822f3579ee82d130fe0860b83e592a245337c5b88a4e20f18c73d92
d1b14a16c6d331c65419,https://bostonbar.org/journal/transgender-student-admissions-the-challenge-of-defining-gender-in-a-gender-fluid-world,2026-09-29T19:39:14.807036+00:00,bostonbar.org,True,downloaded,200.0,https://bostonbar.org/journal/transgender-student-admissions-the-challenge-of-defining-gender-in-a-gender-fluid-world/,110201.0,success,18251,2619,html,text/html; charset=UTF-8,Transgender Student Admissions: The Challenge of Defining Gender in a Gender Fluid World - Boston Bar Association,,2022-06-07,Boston Bar Association,https://bostonbar.org/journal/transgender-student-admissions-the-challenge-of-defining-gender-in-a-gender-fluid-world/,,d1b14a16c6d331c65419.txt,71477eb5e74250f5c769a974e9a345887b25e3fb9fa4b0a4e5883310cde8619c
d1d0f24d535ba1e364b0,https://iea-world.org/gender-bias-in-access-to-finance-andimplications-for-capital-misallocation,2026-09-29T19:39:16.404905+00:00,iea-world.org,True,downloaded,200.0,https://www.iea-world.org/gender-bias-in-access-to-finance-andimplications-for-capital-misallocation/,213885.0,success,10185,1491,html,text/html; charset=UTF-8,0 Comments,,2025-03-08,iea-world.org,https://www.iea-world.org/gender-bias-in-access-to-finance-andimplications-for-capital-misallocation/,,d1d0f24d535ba1e364b0.txt,af3d4f504407925a2a6865936b8c7270fe45f86f6c04154376f67afba552e3d9
d2030ff5a44cf146fa8b,https://leedsbrownlaw.com/sexual-orientation-discrimination-at-work-examples,2026-09-29T19:39:16.683218+00:00,leedsbrownlaw.com,True,downloaded,200.0,https://leedsbrownlaw.com/sexual-orientation-discrimination-at-work-examples/,217792.0,success,11955,1792,html,text/html; charset=UTF-8,Sexual Orientation Discrimination at Work: Legal Rights and Examples,Admin,2026-01-02,"Leeds Brown Law, P.C.",https://leedsbrownlaw.com/sexual-orientation-discrimination-at-work-examples/,,d2030ff5a44cf146fa8b.txt,37ad6ade131364223f1e19a127150549dbd3b4aa6146b501a4649763d778a33c
d26c4b08f15685b3ce67,https://nationaldisabilityinstitute.org/financial-resilience-center/benefits,2026-09-29T19:39:17.063835+00:00,nationaldisabilityinstitute.org,True,downloaded,200.0,https://www.nationaldisabilityinstitute.org/financial-resilience-center/benefits/,240165.0,success,22225,3683,html,text/html; charset=UTF-8,Public Benefits for People with Disabilities | Financial Resilience Center,Katie Auchenbach,2020-04-08,National Disability Institute,https://www.nationaldisabilityinstitute.org/financial-resilience-center/benefits/,,d26c4b08f15685b3ce67.txt,20820d201df93f7f3a4a159d117907041741f366987ce2fa5b3be1cf611a3bf6
d27c8750ae3d8e513f78,https://fahe.org/the-benefits-cliff-eliminating-barriers-to-transitioning-off-public-benefits,2026-09-29T19:39:18.158859+00:00,fahe.org,False,downloaded,403.0,https://fahe.org/the-benefits-cliff-eliminating-barriers-to-transitioning-off-public-benefits,5904.0,not_extracted,0,0,,,,,,,,,,
d2954b9ed58d0f0ff7db,https://mapresearch.org/equality-map/medicaid-coverage-of-transgender-related-health-care,2026-09-29T19:39:21.721669+00:00,mapresearch.org,True,downloaded,200.0,https://mapresearch.org/equality-map/medicaid-coverage-of-transgender-related-health-care,457248.0,success,14237,1107,html,text/html; charset=UTF-8,Medicaid Coverage of Transgender-Related Health Care - Movement Advancement Project,,2026-07-13,Movement Advancement Project,https://mapresearch.org/equality-map/medicaid-coverage-of-transgender-related-health-care/,,d2954b9ed58d0f0ff7db.txt,5855025f38fbe6b9c7a6819a6dd03617f17bb3cb50f74cffcc7a72b60ce50149
d2b0472c079a116df699,https://housingup.org/2025/02/26/racism-and-homelessness,2026-09-29T19:39:22.753372+00:00,housingup.org,True,downloaded,200.0,http://housingup.org/2025/02/26/racism-and-homelessness/,63256.0,success,9907,1453,html,text/html; charset=UTF-8,Racism and Homelessness - Housing Up,Sarah Jaleel,2025-02-26,Housing Up,https://housingup.org/2025/02/26/racism-and-homelessness/,,d2b0472c079a116df699.txt,69d8cdb1e2212cf5050a9adf941227a4bc3685dcc9e0a03d9c1b11b5496b3879
d2ca46d3c03c18622c28,https://sciencedirect.com/science/article/abs/pii/S0049089X05000116,2026-09-29T19:39:23.013647+00:00,sciencedirect.com,False,downloaded,403.0,https://www.sciencedirect.com/science/article/abs/pii/S0049089X05000116,1207947.0,not_extracted,0,0,,,,,,,,,,
d2d2f98d9fee8c4598fb,https://pmc.ncbi.nlm.nih.gov/articles/PMC10953678,2026-09-29T19:39:23.179416+00:00,nih.gov,True,downloaded,200.0,https://pmc.ncbi.nlm.nih.gov/articles/PMC10953678,21371.0,success,131,18,html,,Checking your browser,,2026-09-11,google.com,https://www.google.com/recaptcha/challengepage,,d2d2f98d9fee8c4598fb.txt,a29166d0eaaa418bd5af61a282f1183a46c84c4d5e4c90689b1b452d230d05cc
d31c65afcd2400ef778f,https://waldenu.edu/online-bachelors-programs/bs-in-criminal-justice/resource/what-influences-criminal-behavior,2026-09-29T19:39:24.082164+00:00,waldenu.edu,True,downloaded,200.0,https://www.waldenu.edu/online-bachelors-programs/bs-in-criminal-justice/resource/what-influences-criminal-behavior,635314.0,success,7761,1133,html,text/html; charset=utf-8,what-influences-criminal-behavior,Walden University,2017-05-02,Walden University,https://www.waldenu.edu/online-bachelors-programs/bs-in-criminal-justice/resource/what-influences-criminal-behavior,,d31c65afcd2400ef778f.txt,a8cd479795b3a1a9f8c8ef6401f848a0b03961ac549ec2875c348b25c3545b43
d37c184949d55e0901a1,https://pmc.ncbi.nlm.nih.gov/articles/PMC11148781,2026-09-29T19:39:25.987366+00:00,nih.gov,True,downloaded,200.0,https://pmc.ncbi.nlm.nih.gov/articles/PMC11148781/,21373.0,success,131,18,html,,Checking your browser,,2026-09-11,google.com,https://www.google.com/recaptcha/challengepage,,d37c184949d55e0901a1.txt,a29166d0eaaa418bd5af61a282f1183a46c84c4d5e4c90689b1b452d230d05cc
d38530b7d9fbffd9d784,https://macpac.gov/subtopic/people-with-disabilities,2026-09-29T19:39:26.372508+00:00,macpac.gov,True,downloaded,200.0,https://www.macpac.gov/subtopic/people-with-disabilities/,93818.0,success,6797,997,html,text/html; charset=UTF-8,People with disabilities,,2025-07-30,MACPAC,https://www.macpac.gov/subtopic/people-with-disabilities/,,d38530b7d9fbffd9d784.txt,b92c4a423eb94cceabba963aa51d157fac8c4dee6d08defa497731cb372e7bce
d3957e808a99d7ffee84,https://homelesshub.ca/blog/2023/five-arguments-trans-inclusion-homelessness-sector,2026-09-29T19:39:26.401612+00:00,homelesshub.ca,False,downloaded,403.0,https://homelesshub.ca/blog/2023/five-arguments-trans-inclusion-homelessness-sector,52.0,not_extracted,0,0,,,,,,,,,,
d3b551b592df7267acb4,https://bofcu.com/unlocking-opportunities-understanding-the-impact-of-credit-scores-on-loan-approvals,2026-09-29T19:39:27.920378+00:00,bofcu.com,True,downloaded,200.0,https://www.bofcu.com/unlocking-opportunities-understanding-the-impact-of-credit-scores-on-loan-approvals/,168373.0,success,3193,493,html,text/html; charset=UTF-8,Unlocking Opportunities: Understanding the Impact of Credit Scores on Loan Approvals - Bridgeton Onized Federal Credit Union,Dexter Ochoa,2024-04-22,Bridgeton Onized Federal Credit Union,https://www.bofcu.com/unlocking-opportunities-understanding-the-impact-of-credit-scores-on-loan-approvals/,,d3b551b592df7267acb4.txt,eba9db7ace3136d65b4d805113118e6e9e4b86958dc1a11767e6ae8231340101
d44c7238be804aad7a7c,https://housingvisions.org/lgbtq-and-fair-housing,2026-09-29T19:39:29.223211+00:00,housingvisions.org,True,downloaded,200.0,https://www.housingvisions.org/lgbtq-and-fair-housing/,57274.0,success,4106,639,html,text/html; charset=UTF-8,LGBTQ+ and Fair Housing | Housing Visions,,2023-06-20,Housing Visions,https://www.housingvisions.org/lgbtq-and-fair-housing/,,d44c7238be804aad7a7c.txt,559915bba337b73f33e2e1a4ef1d02810fc9a54b6d1665257a057336c23b8f0c
d4f1faa22caf33e59252,https://cbpp.org/research/health/improving-snap-and-medicaid-access-medicaid-renewals,2026-09-29T19:39:29.818095+00:00,cbpp.org,False,downloaded,403.0,https://cbpp.org/research/health/improving-snap-and-medicaid-access-medicaid-renewals,6157.0,not_extracted,0,0,,,,,,,,,,
d4f2d828057111b9f2bd,https://mdpi.com/2674-1032/4/1/8,2026-09-29T19:39:30.519607+00:00,mdpi.com,True,downloaded,200.0,https://mdpi.com/2674-1032/4/1/8,2197.0,empty_text,0,0,html,text/html,,,,mdpi.com,https://mdpi.com/2674-1032/4/1/8,,d4f2d828057111b9f2bd.txt,e3b0c44298fc1c149afbf4c8996fb92427ae41e4649b934ca495991b7852b855
d501bdec8ad1bcc83e0e,https://youtube.com/watch?t=2&v=6AxFFSavJug,2026-09-29T19:39:30.800972+00:00,youtube.com,True,downloaded,200.0,https://www.youtube.com/watch?t=2&v=6AxFFSavJug,1283494.0,success,146,23,html,text/html; charset=utf-8,"Supreme Court Rules In Favor of LGBTQ Employees, But Trans Workers Still Face Obstacles",,2020-06-15,YouTube,https://www.youtube.com/watch?v=6AxFFSavJug,,d501bdec8ad1bcc83e0e.txt,8dbba17988e385133ba8f51d76cde1fc2c859262b666cb848e9cfe2478fd5e71
d5535efa852f5ee7e3ea,https://hope.temple.edu/newsroom/hope-blog/securing-basic-needs-transgender-students,2026-09-29T19:39:31.548599+00:00,temple.edu,True,downloaded,200.0,https://hope.temple.edu/newsroom/hope-blog/securing-basic-needs-transgender-students,84799.0,success,12428,1871,html,text/html; charset=UTF-8,Securing the Basic Needs of Transgender Students,,2023-03-13,The Hope Center for Student Basic Needs,https://hope.temple.edu/newsroom/hope-blog/securing-basic-needs-transgender-students,,d5535efa852f5ee7e3ea.txt,82854f52180fbebbc154b6e9049f1ff704a1eba6d5b3212885802342507fb8af
d5698368efb41b6e0130,https://prostaffworkforce.com/8-influences-that-impact-a-candidates-decision-to-accept-a-job,2026-09-29T19:39:32.873721+00:00,prostaffworkforce.com,True,downloaded,200.0,https://www.prostaffworkforce.com/8-influences-that-impact-a-candidates-decision-to-accept-a-job/,98573.0,success,3366,560,html,text/html; charset=UTF-8,News,,2025-02-24,prostaffworkforce.com,https://www.prostaffworkforce.com/8-influences-that-impact-a-candidates-decision-to-accept-a-job/,,d5698368efb41b6e0130.txt,3d691dd8bcca423813e9124a8219403ab0fc914ee67547f88f8a2a901e9ed4e2
d5ee37fe532b36f64d5d,https://pmc.ncbi.nlm.nih.gov/articles/PMC7842519,2026-09-29T19:39:32.933746+00:00,nih.gov,True,downloaded,200.0,https://pmc.ncbi.nlm.nih.gov/articles/PMC7842519/,224669.0,success,70357,10662,html,,Educational Gender Gaps,Shelly Lundberg,2020-10-23,Southern economic journal,https://pmc.ncbi.nlm.nih.gov/articles/PMC7842519/,,d5ee37fe532b36f64d5d.txt,6498e45167997285571dae90e54b552316544ecc9306753b6ac54b8df80ca1e9
d624741168d773cb2241,https://ojp.gov/library/publications/understanding-police-decisions-arrest-impact-situational-officer-and,2026-09-29T19:39:33.441209+00:00,ojp.gov,True,downloaded,200.0,https://www.ojp.gov/library/publications/understanding-police-decisions-arrest-impact-situational-officer-and,55609.0,success,1593,218,html,text/html; charset=UTF-8,"Understanding police decisions to arrest: The impact of situational, officer, and neighborhood characteristics on police discretion | Office of Justice Programs",Author Jessica Huff,2021-01-01,Office of Justice Programs,https://www.ojp.gov/library/publications/understanding-police-decisions-arrest-impact-situational-officer-and,,d624741168d773cb2241.txt,8be00374ba00da875d23edfcf4ca2fc794f3c368916eb629c275532da5ef71cc
d6620c9bfbc6ab0091e0,https://youtube.com/watch?t=332s&v=1Dvrm_ofe4o,2026-09-29T19:39:35.942704+00:00,youtube.com,True,downloaded,200.0,https://www.youtube.com/watch?t=332s&v=1Dvrm_ofe4o,1143408.0,success,146,23,html,text/html; charset=utf-8,Medicaid and SNAP Cuts—How We're Fighting Back,,2026-07-24,YouTube,https://www.youtube.com/watch?v=1Dvrm_ofe4o,,d6620c9bfbc6ab0091e0.txt,8dbba17988e385133ba8f51d76cde1fc2c859262b666cb848e9cfe2478fd5e71
d6a78993b72d9f769fbd,https://usich.gov/guidance-reports-data/data-trends,2026-09-29T19:39:37.804478+00:00,usich.gov,True,downloaded,200.0,https://usich.gov/guidance-reports-data/data-trends,56060.0,success,8214,1234,html,text/html; charset=UTF-8,Homelessness Data & Trends,United States Interagency Council,2022-08-05,United States Interagency Council on Homelessness,https://usich.gov/guidance-reports-data/data-trends,,d6a78993b72d9f769fbd.txt,f4c2518f0297f6ef10f32cef6955cba04a2486c451a2ff44631570ef8f7cd9e4
d6b6d3f9857de00d81ec,https://acl.gov/HousingAndServices/Homelessness,2026-09-29T19:39:38.146064+00:00,acl.gov,False,downloaded,403.0,https://acl.gov/HousingAndServices/Homelessness,179.0,not_extracted,0,0,,,,,,,,,,
d6dcdd731c0976d0c519,https://selc.wordpress.ncsu.edu/files/2013/05/Transgender-Issues-on-College-Campus.pdf,2026-09-29T19:39:38.258926+00:00,ncsu.edu,True,downloaded,200.0,https://selc.wordpress.ncsu.edu/files/2013/05/Transgender-Issues-on-College-Campus.pdf,63291.0,success,37224,5356,pdf,application/pdf,,,,,,,d6dcdd731c0976d0c519.txt,40d8a496c81f38631578e207a851b55db605910dff94fab40258256b816237f0
d71cde0ad5548141c1f9,https://bu.edu/wheelock/magazine/articles/2022/why-do-teens-from-marginalized-populations-get-bullied,2026-09-29T19:39:38.700680+00:00,bu.edu,True,downloaded,200.0,https://www.bu.edu/wheelock/magazine/articles/2022/why-do-teens-from-marginalized-populations-get-bullied,147154.0,success,2501,361,html,text/html; charset=UTF-8,Why Do Teens From Marginalized Populations Get Bullied?,,2022-10-19,© 2026 Boston University,https://www.bu.edu/wheelock/magazine/articles/2022/why-do-teens-from-marginalized-populations-get-bullied/,,d71cde0ad5548141c1f9.txt,4aaff5c7721b7eb0327577badfe489d7b67fe221b6c51fddc7e7ee4b9e196bcd
d76d6c5652d517834b5c,https://fiffiklaw.com/post/dealing-with-disability-harassment-in-the-workplace,2026-09-29T19:39:38.975052+00:00,fiffiklaw.com,True,downloaded,200.0,https://www.fiffiklaw.com/post/dealing-with-disability-harassment-in-the-workplace,1403469.0,success,6629,1027,html,text/html; charset=UTF-8,Dealing with Disability Harassment in the Workplace,Fiffik Law Group; PC,2024-09-17,"Fiffik Law Group, PC",https://www.fiffiklaw.com/post/dealing-with-disability-harassment-in-the-workplace,,d76d6c5652d517834b5c.txt,dd09612b39a66d2e1d34ba9c8617a96d0578f9094ecc38173370234647773587
d78733a179c389b1d590,https://bostonindicators.org/article-pages/2025/july/black-male-workforce,2026-09-29T19:39:39.834603+00:00,bostonindicators.org,True,downloaded,200.0,https://www.bostonindicators.org/article-pages/2025/july/black-male-workforce,34045.0,success,8290,1320,html,text/html; charset=utf-8,From School to the Labor Market: Identifying Workforce Inequities for Black Men,,2025-07-11,bostonindicators.org,https://www.bostonindicators.org/article-pages/2025/july/black-male-workforce,,d78733a179c389b1d590.txt,cad3b1c2d8f1a245efc9841d954ff22c25ec2c53f4886734d953158a40e4bf63
d81a2a09aa46bb4da7f7,https://adata.org/research-brief/digital-access-students-higher-education-and-ada,2026-09-29T19:39:41.398351+00:00,adata.org,True,downloaded,200.0,https://adata.org/research-brief/digital-access-students-higher-education-and-ada/,72846.0,success,34097,4749,html,text/html; charset=UTF-8,Digital Access for Students in Higher Education and the ADA,An ADA Knowledge Translation Center Research Brief,2017-02-01,ADATA.org,https://adata.org/research-brief/digital-access-students-higher-education-and-ada/,,d81a2a09aa46bb4da7f7.txt,e423a28ad850844e23e00c25d26eb3e0bda5aaad0ba5967a73c3093ac2f9fc8a
d827012c44480f1bd061,https://traviscu.org/my-life/blogs/financial-wellness/may-2024/calculate-impact-of-credit-score-on-loans,2026-09-29T19:39:43.336247+00:00,traviscu.org,True,downloaded,200.0,https://www.traviscu.org/my-life/blogs/financial-wellness/may-2024/calculate-impact-of-credit-score-on-loans,46330.0,success,7066,1235,html,text/html; charset=utf-8,Calculate: Impact of Credit Score on Loans,,2026-01-01,traviscu.org,https://www.traviscu.org/my-life/blogs/financial-wellness/may-2024/calculate-impact-of-credit-score-on-loans,,d827012c44480f1bd061.txt,c3ce3db8524f18503c50eb85d506626b8db7b3a1e2bb8d62c6601b2c5dd5eff0
d8b3ad2396d1b35c9f56,https://link.springer.com/article/10.1007/s42380-025-00298-1,2026-09-29T19:39:43.540671+00:00,springer.com,False,robots_disallowed,,,,not_extracted,0,0,,,,,,,,,,
d8b424e3f0d73bd09c89,https://afi-global.org/opinion/financially-including-people-with-disabilities-is-possible-heres-how,2026-09-29T19:39:43.540973+00:00,afi-global.org,True,downloaded,200.0,https://afi-global.org/opinion/financially-including-people-with-disabilities-is-possible-heres-how/,1512207.0,success,5750,853,html,text/html; charset=UTF-8,Financially including people with disabilities is possible – here’s how - Alliance for Financial Inclusion,Dougal Thomson,2024-09-23,Alliance for Financial Inclusion - Bringing smart policies to life,https://afi-global.org/opinion/financially-including-people-with-disabilities-is-possible-heres-how/,,d8b424e3f0d73bd09c89.txt,c9c3bd756c31dc9de38fbd5baee8a65da7c7770d68accf5e199ae754a490e3fe
d8e45e89443f3c519c56,https://online.campbellsville.edu/social-work/factors-that-cause-homelessness,2026-09-29T19:39:43.776887+00:00,campbellsville.edu,True,downloaded,200.0,https://online.campbellsville.edu/social-work/factors-that-cause-homelessness/,72457.0,success,16685,2386,html,text/html; charset=UTF-8,Causes of Homelessness: Main Factors Explained,Admin-Risepoint,2026-08-28,CU Online,https://online.campbellsville.edu/social-work/factors-that-cause-homelessness/,,d8e45e89443f3c519c56.txt,10e1b9d68f6ebe40c0bffc2d2ea99e080ddf03e063f6c00179f98d40b7f74e4f
d91e58e4db67669c5ffb,https://impactcounter.com/methodology/13,2026-09-29T19:39:43.833968+00:00,impactcounter.com,True,downloaded,200.0,https://www.impactcounter.com/methodology/13,31234.0,success,384,55,html,text/html; charset=utf-8,Education Access - Methodology - Impact Counter | Impact Counter,Dr Brooke Nichols; Eric Moakley; Impact Counter Team,2026-01-01,Impact Counter,https://impactcounter.com,,d91e58e4db67669c5ffb.txt,baee82e6da0a88daf5baa466faf593bc09c3ed5e6c6ce1d6817c4c88adf5a11f
d97fb2830f9f2488aeae,https://home.treasury.gov/news/featured-stories/spotlighting-womens-retirement-security,2026-09-29T19:39:44.946867+00:00,treasury.gov,True,downloaded,200.0,https://home.treasury.gov/news/featured-stories/spotlighting-womens-retirement-security,129466.0,success,41502,5296,html,text/html; charset=utf-8,Spotlighting Women’s Retirement Security,,2024-09-20,U.S. Department of the Treasury,https://home.treasury.gov/news/featured-stories/spotlighting-womens-retirement-security,,d97fb2830f9f2488aeae.txt,496726ccdcf40118300a89c7a2b1eb1485276ba20e82d3de430745a738f0ba23
d9884bc0e4d5d3c9369d,https://ama-assn.org/public-health/population-health/caring-transgender-patients-experts-offer-guidance,2026-09-29T19:39:45.879237+00:00,ama-assn.org,False,downloaded,403.0,https://www.ama-assn.org/public-health/population-health/caring-transgender-patients-experts-offer-guidance,5487.0,not_extracted,0,0,,,,,,,,,,
da025fc3fb4e84ef3e4b,https://medium.com/@jeankquam/falling-behind-understanding-the-challenges-facing-latino-education-in-the-u-s-f92bd776110b,2026-09-29T19:39:49.036322+00:00,medium.com,False,downloaded,403.0,https://medium.com/@jeankquam/falling-behind-understanding-the-challenges-facing-latino-education-in-the-u-s-f92bd776110b,5402.0,not_extracted,0,0,,,,,,,,,,
da0ccbeef959ee4eec2d,https://gabv.org/wp-content/uploads/2022/01/Gender-journey-in-LATAM.pdf,2026-09-29T19:39:49.297645+00:00,gabv.org,False,too_large,200.0,https://gabv.org/wp-content/uploads/2022/01/Gender-journey-in-LATAM.pdf,,not_extracted,0,0,,,,,,,,,,
da814da11949efab1489,https://prisonpolicy.org/research/disability,2026-09-29T19:39:49.347703+00:00,prisonpolicy.org,True,downloaded,200.0,https://www.prisonpolicy.org/research/disability/,49778.0,success,6316,924,html,text/html; charset=UTF-8,Disability,Prison Policy Initiative,2026-01-01,PrisonPolicy,https://www.prisonpolicy.org/research/disability/,,da814da11949efab1489.txt,d057295e3dad1edff416205b6120a46c76e16883b682b621d8c55e8f9e05ce8c
dad16c733db39ad5b509,https://eeoc.gov/youth/racecolor-discrimination,2026-09-29T19:39:49.554059+00:00,eeoc.gov,True,downloaded,200.0,https://www.eeoc.gov/youth/racecolor-discrimination,74111.0,success,566,56,html,text/html; charset=utf-8,Race/Color Discrimination,,2000-01-01,U.S. Equal Employment Opportunity Commission,https://www.eeoc.gov/youth/racecolor-discrimination,,dad16c733db39ad5b509.txt,fe89d1b1a6a4aadca10dbce1e1754f60c55aac9aba8cef1ddb9c278197f9a345
daf71a49148572be9cf9,https://researchgate.net/publication/273791030_High_School_Grades_Admissions_Policies_and_the_Gender_Gap_in_College_Enrollment,2026-09-29T19:39:51.322890+00:00,researchgate.net,False,downloaded,403.0,https://www.researchgate.net/publication/273791030_High_School_Grades_Admissions_Policies_and_the_Gender_Gap_in_College_Enrollment,21138.0,not_extracted,0,0,,,,,,,,,,
db388feb9f7eab1a232d,https://centerforfinancialinclusion.org/article/financial-inclusion-must-address-restrictive-social-and-gender-norms,2026-09-29T19:39:51.417899+00:00,centerforfinancialinclusion.org,True,downloaded,200.0,https://www.centerforfinancialinclusion.org/article/financial-inclusion-must-address-restrictive-social-and-gender-norms/,211737.0,success,7751,1218,html,text/html; charset=UTF-8,Financial Inclusion Must Address Restrictive Social and Gender Norms - Center for Financial Inclusion,Alex Kessler; Julia Arnold; Migrate,2021-08-17,Center for Financial Inclusion,https://centerforfinancialinclusion.org/article/financial-inclusion-must-address-restrictive-social-and-gender-norms/,,db388feb9f7eab1a232d.txt,a8c186d73eb8efaf5f7dc9eab151317054e7e443c959df868a675b04f34f8a2c
db47dfec453ee4e68aba,https://goodtherapy.org/blog/how-to-protect-transgender-kids-from-bullying-at-school-1211184,2026-09-29T19:39:53.599878+00:00,goodtherapy.org,False,downloaded,403.0,https://www.goodtherapy.org/blog/how-to-protect-transgender-kids-from-bullying-at-school-1211184,5869.0,not_extracted,0,0,,,,,,,,,,
db4c53c3b77066bb6b6d,https://pmc.ncbi.nlm.nih.gov/articles/PMC5798675,2026-09-29T19:39:53.688055+00:00,nih.gov,True,downloaded,200.0,https://pmc.ncbi.nlm.nih.gov/articles/PMC5798675,21367.0,success,131,18,html,,Checking your browser,,2026-09-11,google.com,https://www.google.com/recaptcha/challengepage,,db4c53c3b77066bb6b6d.txt,a29166d0eaaa418bd5af61a282f1183a46c84c4d5e4c90689b1b452d230d05cc
db591d0d69963bd23ca4,https://personnelconsultant.co.th/en/column/2025/03/2671,2026-09-29T19:39:54.434482+00:00,personnelconsultant.co.th,True,downloaded,200.0,https://www.personnelconsultant.co.th/en/column/2025/03/2671/,47242.0,success,3390,462,html,text/html; charset=UTF-8,Key Factors Influencing Job Seekers’ Decision-Making | Useful Information | Personnel Consultant,,2025-03-21,personnelconsultant.co.th,https://www.personnelconsultant.co.th/en/column/2025/03/2671/,,db591d0d69963bd23ca4.txt,c52f274376eddf174ab976fd87512a229768025c89abe1fd173edd7596ceab6a
db5e25af6b32a2dc326c,https://housingmatterssc.org/rise-in-latinx-and-hispanic-homelessness,2026-09-29T19:39:54.524486+00:00,housingmatterssc.org,False,downloaded,403.0,https://housingmatterssc.org/rise-in-latinx-and-hispanic-homelessness,52.0,not_extracted,0,0,,,,,,,,,,
dbcf4d62c36502f4405a,https://lawnow.org/bullying-of-2slgbtqia-students-the-impacts-and-what-educators-can-do-about-it,2026-09-29T19:39:56.907056+00:00,lawnow.org,True,downloaded,200.0,https://www.lawnow.org/bullying-of-2slgbtqia-students-the-impacts-and-what-educators-can-do-about-it/,75028.0,success,7403,1105,html,text/html; charset=UTF-8,Bullying of 2SLGBTQIA+ Students: The impacts and what educators can do about it,Rin Lawrence,2023-02-15,Bullying of 2SLGBTQIA+ Students: The impacts and what educators can do about it - LawNow Magazine,https://www.lawnow.org/bullying-of-2slgbtqia-students-the-impacts-and-what-educators-can-do-about-it/,,dbcf4d62c36502f4405a.txt,be0f2cef5fffd78b903d13fcdd82f7125867945b7fad82a3ad6e0e3a03f01dfd
dbda673b3561207d5bff,https://sciencedirect.com/science/article/pii/S2405844024116040,2026-09-29T19:39:57.508482+00:00,sciencedirect.com,False,downloaded,403.0,https://www.sciencedirect.com/science/article/pii/S2405844024116040,1207935.0,not_extracted,0,0,,,,,,,,,,
dbdcbdda8be5a21e11da,https://cgap.org/research/publication/invisible-barriers-how-gender-norms-impact-financial-inclusion,2026-09-29T19:39:59.297101+00:00,cgap.org,True,downloaded,200.0,https://www.cgap.org/research/publication/invisible-barriers-how-gender-norms-impact-financial-inclusion,79256.0,success,8201,1086,html,text/html; charset=utf-8,Invisible Barriers: How Gender Norms Impact Financial Inclusion,Nisha Singh Senior Financial Sector Specialist,2025-05-29,CGAP,https://www.cgap.org/research/publication/invisible-barriers-how-gender-norms-impact-financial-inclusion,,dbdcbdda8be5a21e11da.txt,28f9973c7d8ab5ee8c3679cdcf0df1fb85dbeec553a6125cd97156dbbfe64c0c
dbef6ae4ff4729b5e7c7,https://youtube.com/watch?t=72s&v=iSC_9HIV06M,2026-09-29T19:39:59.824055+00:00,youtube.com,True,downloaded,200.0,https://www.youtube.com/watch?t=72s&v=iSC_9HIV06M,1240936.0,success,146,23,html,text/html; charset=utf-8,What Gives Police Probable Cause to Arrest?,,2025-10-29,YouTube,https://www.youtube.com/watch?v=iSC_9HIV06M,,dbef6ae4ff4729b5e7c7.txt,8dbba17988e385133ba8f51d76cde1fc2c859262b666cb848e9cfe2478fd5e71
dc05deba6bab0f20134b,https://sussex.ac.uk/broadcast/read/39309,2026-09-29T19:40:02.198407+00:00,sussex.ac.uk,True,downloaded,200.0,https://www.sussex.ac.uk/broadcast/read/39309,28750.0,success,2855,436,html,text/html; charset=UTF-8,"Female bosses favour gay and lesbian job-seekers, research finds",James Hakner,2017-02-23,The University of Sussex,https://www.sussex.ac.uk/broadcast/read/39309,,dc05deba6bab0f20134b.txt,9e551d65a8a7ee85d9ab1dc69bf704dbffa408b38222112d9c69ec106084140e
dc5c0fedca4476b3ca1e,https://pubmed.ncbi.nlm.nih.gov/41430320,2026-09-29T19:40:03.743363+00:00,nih.gov,True,downloaded,203.0,https://pubmed.ncbi.nlm.nih.gov/41430320/,5590.0,success,100,14,html,text/html; charset=utf-8,Cookies must be enabled,,,pubmed.ncbi.nlm.nih.gov,https://pubmed.ncbi.nlm.nih.gov/41430320/,,dc5c0fedca4476b3ca1e.txt,f193d0de906419650acf171625dbd67f88f297290893b5473e1d8365c03d4b59
dc6bb918e51085766cbe,https://ebsco.com/research-starters/womens-studies-and-feminism/gender-and-welfare-policy,2026-09-29T19:40:03.748148+00:00,ebsco.com,True,downloaded,200.0,https://www.ebsco.com/research-starters/womens-studies-and-feminism/gender-and-welfare-policy,191984.0,success,44009,6437,html,text/html,Gender and Welfare Policy | Women's Studies and Feminism | Research Starters | EBSCOhost,,2021-02-15,EBSCO,https://www.ebsco.com/,,dc6bb918e51085766cbe.txt,1f918b39d22b6f4720fc89209defc39289f3c1c6fd0da01d3f2fb58882e24ac5
dc82c28f7aa43b00a555,https://bls.gov/opub/ted/2020/barriers-to-employment-for-people-with-a-disability.htm,2026-09-29T19:40:03.831526+00:00,bls.gov,True,downloaded,200.0,https://www.bls.gov,78777.0,success,1601,185,html,text/html,U.S. Bureau of Labor Statistics,,2017-02-22,Bureau of Labor Statistics,https://www.bls.gov/,,dc82c28f7aa43b00a555.txt,699047cbc3065fcce1c24ac30788effb1249b1b178edb6c6cb94f5c1e3f00624
dc9f31c4aa97bb7221e0,https://michiganmedicine.org/health-lab/health-care-access-gaps-people-disabilities,2026-09-29T19:40:06.184020+00:00,michiganmedicine.org,False,downloaded,403.0,https://michiganmedicine.org/health-lab/health-care-access-gaps-people-disabilities,5828.0,not_extracted,0,0,,,,,,,,,,
dcb63be64b3ec7af1b56,https://digitalcommons.odu.edu/cgi/viewcontent.cgi?article=1023&context=sociology_criminaljustice_etds,2026-09-29T19:40:07.173121+00:00,odu.edu,False,downloaded,403.0,https://digitalcommons.odu.edu/cgi/viewcontent.cgi?article=1023&context=sociology_criminaljustice_etds,5954.0,not_extracted,0,0,,,,,,,,,,
dcdca30ed188aba7492f,https://route-fifty.com/digital-government/2026/09/why-some-residents-disabilities-are-losing-medicaid-and-snap-they-apply/416103,2026-09-29T19:40:07.728040+00:00,route-fifty.com,True,downloaded,200.0,https://www.route-fifty.com/digital-government/2026/09/why-some-residents-disabilities-are-losing-medicaid-and-snap-they-apply/416103/,172953.0,success,5698,934,html,text/html; charset=utf-8,Why some residents with disabilities are losing Medicaid and SNAP before they apply,Mike Barton,2026-09-21,Route Fifty,https://www.route-fifty.com/digital-government/2026/09/why-some-residents-disabilities-are-losing-medicaid-and-snap-they-apply/416103/,,dcdca30ed188aba7492f.txt,30855b773e27ca3fb0c72035e91af84f1e7e1c4ccd9b9a640a4dfe32140324a7
dcefb5bd470884c995ff,https://thinkwork.org/sites/thinkwork.org/files/files/ChoosingEmployment.pdf,2026-09-29T19:40:08.989587+00:00,thinkwork.org,True,downloaded,200.0,https://www.thinkwork.org/sites/thinkwork.org/files/files/ChoosingEmployment.pdf,251375.0,success,70412,10393,pdf,application/pdf,,,,,,,dcefb5bd470884c995ff.txt,e1e13e1bec7fb6d050b01465054044976c227809b09c8bb873230490b38a08fe
dcf76c7d7d301b525a65,https://cunninghampllc.com/blog/when-does-disability-discrimination-cross-into-harassment,2026-09-29T19:40:10.354791+00:00,cunninghampllc.com,True,downloaded,200.0,https://cunninghampllc.com/blog/when-does-disability-discrimination-cross-into-harassment/,61689.0,success,9141,1314,html,text/html,"When Does Disability Discrimination Cross Into Harassment? | J. Courtney Cunningham, PLLC",J Courtney Cunningham Attorney,2025-08-23,"J. Courtney Cunningham, PLLC",http://cunninghampllc.com/blog/when-does-disability-discrimination-cross-into-harassment/,,dcf76c7d7d301b525a65.txt,5b0f9eb62ff41c83249f0d60a4ad41d5352a8671fbaeb11b38244826a65ac448
dd3d2cb009dd9706bc0b,https://federalreserve.gov/publications/files/consumer-community-context-20251017.pdf,2026-09-29T19:40:10.436832+00:00,federalreserve.gov,True,downloaded,200.0,https://www.federalreserve.gov/publications/files/consumer-community-context-20251017.pdf,7422398.0,success,21749,3103,pdf,application/pdf,,,,,,,dd3d2cb009dd9706bc0b.txt,43595cdd285329d84d222ad29f6c3f15d1fe7d1ae458943a6f74e05d80e8c149
dd456f333bea50eed4cb,https://openbooks.library.umass.edu/introwgss/chapter/gender-and-the-us-welfare-state,2026-09-29T19:40:10.711233+00:00,umass.edu,False,downloaded,403.0,https://openbooks.library.umass.edu/introwgss/chapter/gender-and-the-us-welfare-state,919.0,not_extracted,0,0,,,,,,,,,,
dd5570a4169dbd34a2fc,https://chenmed.com/blog/understanding-healthcare-hesitancy-black-patients-historical-perspective,2026-09-29T19:40:11.718435+00:00,chenmed.com,True,downloaded,200.0,https://www.chenmed.com/blog/understanding-healthcare-hesitancy-black-patients-historical-perspective,99206.0,success,8698,1219,html,text/html; charset=UTF-8,Understanding Healthcare Hesitancy in Black Patients: A,,2000-01-01,ChenMed LLC,https://www.chenmed.com/blog/understanding-healthcare-hesitancy-black-patients-historical-perspective,,dd5570a4169dbd34a2fc.txt,d4db53713417f2bf9c1a8e914db82b0894c6b0602a0f7514dd83774fedb66cf9
dd9497a3bf45be87dcad,https://tylerclementi.org/why-do-students-bully,2026-09-29T19:40:13.980132+00:00,tylerclementi.org,True,downloaded,200.0,https://tylerclementi.org/why-do-students-bully/,116020.0,success,6122,961,html,text/html; charset=UTF-8,Why Do Students Bully? • Tyler Clementi Foundation,Mary Margaret Baker,2021-03-29,Tyler Clementi Foundation,https://tylerclementi.org/why-do-students-bully/,,dd9497a3bf45be87dcad.txt,acdfcaf29d0d2f47bf19ca7c8a1cc4195f56066145867e1dc33e12fb4d2927b0
dd9581e53f111f5e8546,https://mdpi.com/2227-9032/13/17/2099,2026-09-29T19:40:14.042250+00:00,mdpi.com,True,downloaded,200.0,https://mdpi.com/2227-9032/13/17/2099,2211.0,empty_text,0,0,html,text/html,,,,mdpi.com,https://mdpi.com/2227-9032/13/17/2099,,dd9581e53f111f5e8546.txt,e3b0c44298fc1c149afbf4c8996fb92427ae41e4649b934ca495991b7852b855
ddae8711636264112ac5,https://link.springer.com/article/10.1057/s41261-026-00344-y,2026-09-29T19:40:14.325758+00:00,springer.com,False,robots_disallowed,,,,not_extracted,0,0,,,,,,,,,,
de6290d9810d603eb58b,https://prisonpolicy.org/research/racial_and_ethnic_disparities,2026-09-29T19:40:14.326006+00:00,prisonpolicy.org,True,downloaded,200.0,https://www.prisonpolicy.org/research/racial_and_ethnic_disparities/,127594.0,success,26814,4023,html,text/html; charset=UTF-8,Racial and ethnic disparities,Prison Policy Initiative,2026-01-01,PrisonPolicy,https://www.prisonpolicy.org/research/racial_and_ethnic_disparities/,,de6290d9810d603eb58b.txt,cdd96259aad2a9a0313bd146bc3259ade4e5b2465f8cc8389e3c43ada5020447
de8cfcf24ef311d16a5a,https://eab.com/resources/blog/student-success-blog/how-to-navigate-policy-challenges-and-show-support-for-your-trans-students,2026-09-29T19:40:16.980476+00:00,eab.com,True,downloaded,200.0,https://eab.com/resources/blog/student-success-blog/how-to-navigate-policy-challenges-and-show-support-for-your-trans-students/,326336.0,success,10867,1547,html,text/html; charset=UTF-8,Navigate and Support Transgender Students in Higher Ed | EAB,Alessandra Falconer,2026-03-30,EAB,https://eab.com/resources/blog/student-success-blog/how-to-navigate-policy-challenges-and-show-support-for-your-trans-students/,,de8cfcf24ef311d16a5a.txt,70f3a297082064d3c8fce069b0f9c5140e2d84285e482f572544b1544326914e
de90b927059280f16ca1,https://ballardbrief.byu.edu/issue-briefs/racial-inequality-in-public-school-discipline-for-black-students-in-the-united-states,2026-09-29T19:40:17.176438+00:00,byu.edu,True,downloaded,200.0,https://ballardbrief.byu.edu/issue-briefs/racial-inequality-in-public-school-discipline-for-black-students-in-the-united-states,398181.0,success,41449,6075,html,text/html;charset=utf-8,Racial Inequality in Public School Discipline for Black Students in the United States - Ballard Brief,Emily Peterson,2021-09-11,The Ballard Center for Social Impact,https://ballardbrief.byu.edu/issue-briefs/racial-inequality-in-public-school-discipline-for-black-students-in-the-united-states,,de90b927059280f16ca1.txt,063990b43138e9d3e136ef4898688893b36cf7a9f01270bff2afaf023ce29ab4
de97989e2c58b58c1615,https://pmc.ncbi.nlm.nih.gov/articles/PMC12210411,2026-09-29T19:40:18.153101+00:00,nih.gov,True,downloaded,200.0,https://pmc.ncbi.nlm.nih.gov/articles/PMC12210411/,314166.0,success,97735,14039,html,,Causes of bullying among young people and protective mechanisms and preventative factors that promote mental health and well-being: young people’s perspectives,Miia Hästbacka; Søren Harnow Klausen; Heléne Dahlqvist; Yulia Korzhina; Amanda J Sundqvist; Emelie Käcko; Pia Nyman-Kurkiala; Joakim Strindberg; Jessica Hemberg,2025-06-30,International Journal of Qualitative Studies on Health and Well-being,https://pmc.ncbi.nlm.nih.gov/articles/PMC12210411/,,de97989e2c58b58c1615.txt,78703640062c14d1ae1377db6601fe9b2ad81eadd87da72992fa589259b290a4
de9bac4695b80d4bda3f,https://nlihc.org/resource/study-finds-significant-racial-disparities-homelessness-rates,2026-09-29T19:40:18.199374+00:00,nlihc.org,True,downloaded,200.0,https://nlihc.org/resource/study-finds-significant-racial-disparities-homelessness-rates,56104.0,success,1964,266,html,text/html; charset=UTF-8,Study Finds Significant Racial Disparities in Homelessness Rates,,2019-04-30,National Low Income Housing Coalition,https://nlihc.org/resource/study-finds-significant-racial-disparities-homelessness-rates,,de9bac4695b80d4bda3f.txt,eaba329e19e76f1ee1aa4b0d026dfcb5b0fc11034d4d5d089f51a2a80fa4b768
dec1fa9e0df83862a6e9,https://icjia.illinois.gov/researchhub/articles/an-overview-of-police-use-of-force-policies-and-research,2026-09-29T19:40:18.242351+00:00,illinois.gov,True,downloaded,200.0,https://icjia.illinois.gov/researchhub/articles/an-overview-of-police-use-of-force-policies-and-research,7230.0,success,103,12,html,text/html; charset=UTF-8,ICJIA | Illinois Criminal Justice Information Authority,Illinois Criminal Justice Information Authority,2026-03-26,Illinois Criminal Justice Information Authority,https://icjia.illinois.gov/,,dec1fa9e0df83862a6e9.txt,8e35ee16474d22607869f210da31ff01edaea6d51ee7deee1694dd156ff192ba
def99d1099c5b6eb8c19,https://cbpp.org/research/poverty-and-inequality/for-lgbtq-people-recent-anti-discrimination-advances-could-lessen,2026-09-29T19:40:19.855838+00:00,cbpp.org,False,downloaded,403.0,https://cbpp.org/research/poverty-and-inequality/for-lgbtq-people-recent-anti-discrimination-advances-could-lessen,6158.0,not_extracted,0,0,,,,,,,,,,
df138a449aa14d845450,https://journals.sagepub.com/doi/full/10.1177/00131245261436401,2026-09-29T19:40:19.902655+00:00,sagepub.com,False,downloaded,403.0,https://journals.sagepub.com/doi/full/10.1177/00131245261436401,5819.0,not_extracted,0,0,,,,,,,,,,
df23c2e2dd3f47aa879c,https://google.com/url?cd=&opi=89978449&psig=AOvVaw27SfZnv7JZ6atpLCZEU4Q2&rct=j&sa=i&source=web&uoh=2&url=CAESaQHrOzAVuJL-cxxt0wygrQ8PMCBRsjnWBMPMwvHVvSd8FPiP_yKV0N1ta-dbpZ1MtMzF3qqEzF1yAUzvH8lhGOiCNguTHdYZQ1GpvtiQLxJyLCFd4iMFOYzH1kBNl3_Hj2q-hJjjU0CbhA&ust=1790738837649000&ved=2ahUKEwiTsdmT7JKXAxUkl2oFHSYNMuUQ1fkOegoIAggACAAINBAk,2026-09-29T19:40:19.970425+00:00,google.com,False,robots_disallowed,,,,not_extracted,0,0,,,,,,,,,,
df3c34440d516d698c4e,https://latinoslead.org/the-growing-influence-of-latino-millennials-in-todays-workplace,2026-09-29T19:40:19.970640+00:00,latinoslead.org,True,downloaded,200.0,https://latinoslead.org/the-growing-influence-of-latino-millennials-in-todays-workplace/,142374.0,success,1400,209,html,text/html; charset=UTF-8,The Growing Influence of Latino Millennials in Today’s Workplace,Latino Leadership Institute,2024-03-12,Latino Leadership Institute,https://latinoslead.org/the-growing-influence-of-latino-millennials-in-todays-workplace/,,df3c34440d516d698c4e.txt,e138e6fcc2584d4f55594bda9c4f6b2722bc166bd70f9a976c4d085b7c71a584
df3db8a97f9fc829fa4c,https://santiagosolutionsgroup.com/understanding-credit-card-usage-among-hispanics-americans-treads-challenges-and-opportunities,2026-09-29T19:40:21.784799+00:00,santiagosolutionsgroup.com,True,downloaded,200.0,https://santiagosolutionsgroup.com/understanding-credit-card-usage-among-hispanics-americans-treads-challenges-and-opportunities/,392348.0,success,5448,753,html,text/html; charset=utf-8,"Understanding Credit Card Usage Among Hispanics Americans: Treads, Challenges, and Opportunities » SSG - Santiago Solutions Group",Santiago Solutions Group,2025-02-18,SSG - Santiago Solutions Group,https://santiagosolutionsgroup.com/understanding-credit-card-usage-among-hispanics-americans-treads-challenges-and-opportunities/,,df3db8a97f9fc829fa4c.txt,6096ba965fea59a4630e2e6acbef80d44a8943b833d8ae28bf5cfffc1df7892d
df5d9e4b5db44408734b,https://probonoinst.org/2023/07/13/race-income-and-the-effect-on-educational-opportunity,2026-09-29T19:40:21.823043+00:00,probonoinst.org,True,downloaded,200.0,https://www.probonoinst.org/,266184.0,success,3530,538,html,text/html; charset=UTF-8,Home - Pro Bono Institute,,2026-08-04,Pro Bono Institute,https://www.probonoinst.org/,,df5d9e4b5db44408734b.txt,4541ad5148d94fe50bcf4e0c5d4f268494fdba32259c05a98cdae72db800c213
df67d89067008d942c19,https://milnepublishing.geneseo.edu/introlgbtqstudies/chapter/education-and-lgbtq-youth,2026-09-29T19:40:21.989878+00:00,geneseo.edu,False,downloaded,403.0,https://milnepublishing.geneseo.edu/introlgbtqstudies/chapter/education-and-lgbtq-youth,919.0,not_extracted,0,0,,,,,,,,,,
df70163691fb0e7ae261,https://diversitybuilder.com/sexual-harassment-training-women,2026-09-29T19:40:22.640414+00:00,diversitybuilder.com,True,downloaded,200.0,https://diversitybuilder.com/sexual-harassment-training-women/,111168.0,success,18218,2589,html,text/html; charset=UTF-8,Sexual Harassment Training Women Male-Dominated,,2026-03-20,Diversity Builder,https://diversitybuilder.com/sexual-harassment-training-women/,,df70163691fb0e7ae261.txt,12c2eb0d48424c775aca083127968583fedd89444ab82902be3ea98ccb2b1275
df76840f6bd299c78b9a,https://americanprogress.org/article/discrimination-prevents-lgbtq-people-accessing-health-care,2026-09-29T19:40:22.968348+00:00,americanprogress.org,False,downloaded,403.0,https://www.americanprogress.org/article/discrimination-prevents-lgbtq-people-accessing-health-care,5911.0,not_extracted,0,0,,,,,,,,,,
df9bbbe0d31db75f7381,https://steinhardt.nyu.edu/metrocenter/research-evaluation/section-2-higher-education-context-and-barriers-equitable-college,2026-09-29T19:40:25.830285+00:00,nyu.edu,True,downloaded,200.0,https://steinhardt.nyu.edu/metrocenter/research-evaluation/section-2-higher-education-context-and-barriers-equitable-college,118869.0,success,42341,6194,html,text/html; charset=UTF-8,Section 2 - A Literature Review,,2021-11-02,NYU Steinhardt,https://steinhardt.nyu.edu/metrocenter/research-evaluation/section-2-higher-education-context-and-barriers-equitable-college,,df9bbbe0d31db75f7381.txt,7d23a34163dd64ddc4bad4caf2ed72fe24f9a2a1e9cdcafdc4b94d1b1c41ab66
dfa6071aec51b24a1787,https://phhp-hsrmp.sites.medinfo.ufl.edu/files/2014/06/2007-The-effect-of-caregiving-on-preventative-care-for-people-with-disabilities.pdf,2026-09-29T19:40:26.171533+00:00,ufl.edu,True,downloaded,200.0,https://phhp-hsrmp.sites.medinfo.ufl.edu/files/2014/06/2007-The-effect-of-caregiving-on-preventative-care-for-people-with-disabilities.pdf,173134.0,success,33984,5065,pdf,application/pdf,,,,,,,dfa6071aec51b24a1787.txt,6c2f1a1ebbf644fc2df2cbdc1b00e0d6ec7ff7fa18a04ef73e5645c80aa6a804
dfcf20de8631d5542ed9,https://ideas.repec.org/p/soa/wpaper/265.html,2026-09-29T19:40:27.310330+00:00,repec.org,True,downloaded,200.0,https://ideas.repec.org/p/soa/wpaper/265.html,57353.0,success,15700,2291,html,text/html; charset=UTF-8,Why Do Eligible Individuals Fail to Enrol in Government Soci,Mariona Tres Vilanova,2024-02-02,Working Papers,https://ideas.repec.org//p/soa/wpaper/265.html,,dfcf20de8631d5542ed9.txt,52a689905ba7118b01f35e88c39833bec275327ec24ce293be9c751ec6350712
dfd30eb3cca420073bbd,https://williamsinstitute.law.ucla.edu/press/lgbt-housing-press-release,2026-09-29T19:40:27.499037+00:00,ucla.edu,True,downloaded,200.0,https://williamsinstitute.law.ucla.edu/press/lgbt-housing-press-release/,102759.0,success,2972,447,html,text/html; charset=UTF-8,LGBT people are more likely than non-LGBT people to face housing instability,Loyal; Thisisloyal Com,2020-04-02,The Williams Institute at UCLA School of Law,https://williamsinstitute.law.ucla.edu/press/lgbt-housing-press-release/,,dfd30eb3cca420073bbd.txt,a067f46563123460eaa7ea992b2db53b418ba79e6e6f8c1a76350283a19cbd28
dffd4aa0b0cd4865855d,https://proquest.com/openview/8111229575801516f615926b47af752b/1?cbl=18750&diss=y&pq-origsite=gscholar,2026-09-29T19:40:28.170132+00:00,proquest.com,True,downloaded,200.0,https://www.proquest.com/intermediateredirectforezproxy,2478.0,empty_text,0,0,html,text/html;charset=UTF-8,,,2024-11-01,proquest.com,https://www.proquest.com/intermediateredirectforezproxy,,dffd4aa0b0cd4865855d.txt,e3b0c44298fc1c149afbf4c8996fb92427ae41e4649b934ca495991b7852b855
e0762e2e7f4e0d372bca,https://jobtrainworks.org/empowering-futures-hispanic-heritage-month-and-economic-mobility,2026-09-29T19:40:29.373917+00:00,jobtrainworks.org,True,downloaded,200.0,https://www.jobtrainworks.org/empowering-futures-hispanic-heritage-month-and-economic-mobility/,108401.0,success,8953,1287,html,text/html; charset=UTF-8,Empowering Futures: Hispanic Heritage Month and Economic Mobility | JobTrain,Mary Doniego,2025-08-16,JobTrain | Job Training That Works,https://www.jobtrainworks.org/empowering-futures-hispanic-heritage-month-and-economic-mobility/,,e0762e2e7f4e0d372bca.txt,1c753a61effee3ffbdb147796e3b5abe4e156af7734d450c3f54b0a85b9015e1
e084a327a48bb17dfb1d,https://gao.gov/products/gao-22-104468,2026-09-29T19:40:30.686325+00:00,gao.gov,True,downloaded,200.0,https://www.gao.gov/products/gao-22-104468,105255.0,success,6513,979,html,text/html; charset=UTF-8,"U.S. GAO - Banking Services: Regulators Have Taken Actions to Increase Access, but Measurement of Actions' Effectiveness Could Be Improved",U S Government Accountability Office,2022-04-12,"Banking Services: Regulators Have Taken Actions to Increase Access, but Measurement of Actions' Effectiveness Could Be Improved",https://www.gao.gov/products/gao-22-104468,,e084a327a48bb17dfb1d.txt,f8cba25080921f57deb7d2c6014ed2cca4e9498bc356f52617771f0be45c8ada
e0e6223014726e96be38,https://pmc.ncbi.nlm.nih.gov/articles/PMC6234844,2026-09-29T19:40:31.441710+00:00,nih.gov,True,downloaded,200.0,https://pmc.ncbi.nlm.nih.gov/articles/PMC6234844,21367.0,success,131,18,html,,Checking your browser,,2026-09-11,google.com,https://www.google.com/recaptcha/challengepage,,e0e6223014726e96be38.txt,a29166d0eaaa418bd5af61a282f1183a46c84c4d5e4c90689b1b452d230d05cc
e100485c5eeb9b2c92ca,https://scholarworks.sjsu.edu/cgi/viewcontent.cgi?article=1061&context=themis,2026-09-29T19:40:31.621815+00:00,sjsu.edu,False,downloaded,403.0,https://scholarworks.sjsu.edu/cgi/viewcontent.cgi?article=1061&context=themis,5838.0,not_extracted,0,0,,,,,,,,,,
e10f01d0aa6426d9b7f0,https://ssa.gov/disability/step4and5.htm,2026-09-29T19:40:32.577317+00:00,ssa.gov,False,exception,,,,failed,0,0,,,,,,,,,,
e13be82473f8d8b73b3a,https://pmc.ncbi.nlm.nih.gov/articles/PMC10150105,2026-09-29T19:40:32.773597+00:00,nih.gov,True,downloaded,200.0,https://pmc.ncbi.nlm.nih.gov/articles/PMC10150105,21372.0,success,131,18,html,,Checking your browser,,2026-09-11,google.com,https://www.google.com/recaptcha/challengepage,,e13be82473f8d8b73b3a.txt,a29166d0eaaa418bd5af61a282f1183a46c84c4d5e4c90689b1b452d230d05cc
e16febd0f0544ccf3386,https://redbanklegal.com/practice-areas/employment-discrimination-attorney/transgender-discrimination-in-the-workplace,2026-09-29T19:40:34.859973+00:00,redbanklegal.com,False,downloaded,403.0,http://www.redbanklegal.com/practice-areas/employment-discrimination-attorney/transgender-discrimination-in-the-workplace,5967.0,not_extracted,0,0,,,,,,,,,,
e17947afab94b93e7d0b,https://pmc.ncbi.nlm.nih.gov/articles/PMC12412225,2026-09-29T19:40:35.680061+00:00,nih.gov,True,downloaded,200.0,https://pmc.ncbi.nlm.nih.gov/articles/PMC12412225,21372.0,success,131,18,html,,Checking your browser,,2026-09-11,google.com,https://www.google.com/recaptcha/challengepage,,e17947afab94b93e7d0b.txt,a29166d0eaaa418bd5af61a282f1183a46c84c4d5e4c90689b1b452d230d05cc
e198cf6197b7d4fc8e90,https://eeoc.gov/employers/small-business/hiring-decisions-based-disability,2026-09-29T19:40:35.853745+00:00,eeoc.gov,True,downloaded,200.0,https://www.eeoc.gov/employers/small-business/hiring-decisions-based-disability,71385.0,success,566,56,html,text/html; charset=utf-8,Hiring Decisions Based on Disability,,2000-01-01,U.S. Equal Employment Opportunity Commission,https://www.eeoc.gov/employers/small-business/hiring-decisions-based-disability,,e198cf6197b7d4fc8e90.txt,fe89d1b1a6a4aadca10dbce1e1754f60c55aac9aba8cef1ddb9c278197f9a345
e1b49d57c794d1286089,https://pmc.ncbi.nlm.nih.gov/articles/PMC9886640,2026-09-29T19:40:35.993687+00:00,nih.gov,True,downloaded,200.0,https://pmc.ncbi.nlm.nih.gov/articles/PMC9886640,21366.0,success,131,18,html,,Checking your browser,,2026-09-11,google.com,https://www.google.com/recaptcha/challengepage,,e1b49d57c794d1286089.txt,a29166d0eaaa418bd5af61a282f1183a46c84c4d5e4c90689b1b452d230d05cc
e1d7bdde0d1c4f4659e4,https://williamsinstitute.law.ucla.edu/wp-content/uploads/Trans-Higher-Ed-Apr-2022.pdf,2026-09-29T19:40:36.338950+00:00,ucla.edu,True,downloaded,200.0,https://williamsinstitute.law.ucla.edu/wp-content/uploads/Trans-Higher-Ed-Apr-2022.pdf,3117468.0,success,53842,7543,pdf,application/pdf,,,,,,,e1d7bdde0d1c4f4659e4.txt,f4af933d7d087d241482e0fc9929b5ee51ce6447f5b28bd53a3d0f3cee36de61
e1ffd6e81d62496a7658,https://phreesia.com/resources/infographic-lgbtq-preventive-health,2026-09-29T19:40:36.539118+00:00,phreesia.com,True,downloaded,200.0,https://www.phreesia.com/resources/infographic-lgbtq-preventive-health/,99026.0,success,5246,756,html,text/html; charset=UTF-8,Supporting Access to LGBTQ Preventive Care | Infographic,,2026-08-25,Phreesia,https://www.phreesia.com/resources/infographic-lgbtq-preventive-health/,,e1ffd6e81d62496a7658.txt,357496c9fd686e0f7182eb306608337650370653199c76072ee7172e0b884d7d
e264a8a090679a45ee91,https://hss.edu/health-library/conditions-and-treatments/enhancing-clinical-skills-lgbtq-care-hospital-setting,2026-09-29T19:40:38.901910+00:00,hss.edu,True,downloaded,200.0,https://www.hss.edu/health-library/conditions-and-treatments/enhancing-clinical-skills-lgbtq-care-hospital-setting,70349.0,success,20467,3135,html,text/html; charset=utf-8,Enhancing Your Clinical Skills in Caring for LGBTQ Patients,Nathan Levitt; MSN; FNP-BC,2024-12-04,Hospital for Special Surgery,https://www.hss.edu/health-library/conditions-and-treatments/enhancing-clinical-skills-lgbtq-care-hospital-setting,,e264a8a090679a45ee91.txt,f5e690399a534459f6ffff481d532e886b25af56dbe23651935522a81802b063
e2c8ac2c91f69e498f42,https://cambercollective.com/2024/01/04/public-benefit-disparities,2026-09-29T19:40:40.002801+00:00,cambercollective.com,True,downloaded,200.0,https://cambercollective.com/2024/01/04/public-benefit-disparities/,245787.0,success,28323,4102,html,text/html; charset=UTF-8,How Disparities in Public Benefit Access can be Addressed at the State Level,Manali Kulkarni,2024-01-04,cambercollective.com,https://cambercollective.com/2024/01/04/public-benefit-disparities/,,e2c8ac2c91f69e498f42.txt,04288d9e2dc689b480915ea2a83b292227179df9331578734037e07963855a64
e2ed1e61fb969c56cbe9,https://americanprogress.org/article/5-reasons-support-affirmative-action-college-admissions,2026-09-29T19:40:40.940900+00:00,americanprogress.org,False,downloaded,403.0,https://www.americanprogress.org/article/5-reasons-support-affirmative-action-college-admissions,5881.0,not_extracted,0,0,,,,,,,,,,
e37cad46c3bfc4ec1492,https://minneapolisfed.org/article/2024/lender-reported-reasons-for-mortgage-denials-dont-explain-racial-disparities,2026-09-29T19:40:42.163612+00:00,minneapolisfed.org,True,downloaded,200.0,https://www.minneapolisfed.org/article/2024/lender-reported-reasons-for-mortgage-denials-dont-explain-racial-disparities,246812.0,success,21197,3187,html,text/html; charset=utf-8,Lender-reported reasons for mortgage denials don’t explain racial disparities | Federal Reserve Bank of Minneapolis,,2024-01-18,minneapolisfed.org,https://www.minneapolisfed.org/article/2024/lender-reported-reasons-for-mortgage-denials-dont-explain-racial-disparities,,e37cad46c3bfc4ec1492.txt,f91c9ab86f4f9b4e700b15241654baaff0884fdf8e06dd05f390c098a9990024
e3a89ec43be81f48c72f,https://disability-benefits-help.org/blog/gender-and-social-security-disability-benefits,2026-09-29T19:40:44.036278+00:00,disability-benefits-help.org,True,downloaded,200.0,https://www.disability-benefits-help.org/blog/gender-and-social-security-disability-benefits,41314.0,success,2427,387,html,text/html; charset=UTF-8,Does my gender affect my eligibility for disability benefits or the amount that I will be paid?,,2013-12-16,disability-benefits-help.org,https://www.disability-benefits-help.org/blog/gender-and-social-security-disability-benefits,,e3a89ec43be81f48c72f.txt,352a6e270e71f7a21ea587eca4981b0eea0f597180e3e03f7b944f9105f34c8d
e3bf0080249e5ef3cb85,https://tandfonline.com/doi/full/10.1080/15388220.2023.2289117,2026-09-29T19:40:44.058159+00:00,tandfonline.com,False,downloaded,403.0,https://tandfonline.com/doi/full/10.1080/15388220.2023.2289117,5826.0,not_extracted,0,0,,,,,,,,,,
e3ce18f84c506fd95d7f,https://linkedin.com/pulse/50-key-factors-influencing-hiring-decisions-shailesh-kumar-mehta-sqthf,2026-09-29T19:40:46.479206+00:00,linkedin.com,False,robots_disallowed,,,,not_extracted,0,0,,,,,,,,,,
e3e0e13491321fc48aa2,https://digitalrepository.senecapolytechnic.ca/files/original/9606f96889081dc148b272b60b1510c9e2b54e70.pdf,2026-09-29T19:40:46.479478+00:00,senecapolytechnic.ca,True,downloaded,200.0,https://digitalrepository.senecapolytechnic.ca/files/original/9606f96889081dc148b272b60b1510c9e2b54e70.pdf,493298.0,success,79791,10271,pdf,application/pdf,,,,,,,e3e0e13491321fc48aa2.txt,a3fcbd25d59efc9a4b9a7189593cce97854ea5dc92408e739d84741670cbbe24
e3e140b40c2eb058683f,https://medium.com/@ucgeorge/the-hidden-factors-that-impact-your-career-growth-0792e5210f18,2026-09-29T19:40:46.955089+00:00,medium.com,False,downloaded,403.0,https://medium.com/@ucgeorge/the-hidden-factors-that-impact-your-career-growth-0792e5210f18,5402.0,not_extracted,0,0,,,,,,,,,,
e4794221a821921b2a20,https://pmc.ncbi.nlm.nih.gov/articles/PMC1403427,2026-09-29T19:40:47.140977+00:00,nih.gov,True,downloaded,200.0,https://pmc.ncbi.nlm.nih.gov/articles/PMC1403427/,109290.0,success,5322,767,html,,Improving access to health care in Latino communities,R B Valdez; A Giachello; H Rodriguez-Trias; P Gomez; C de la Rocha,,Public Health Reports,https://pmc.ncbi.nlm.nih.gov/articles/PMC1403427/,,e4794221a821921b2a20.txt,47c908ac5812bf0d54fcec6350f49f9a9e54ac4d07a02f3ba3a285e521aad876
e48dbddb4595b8194e4f,https://habitatcltregion.org/blog/homeownership-in-latino-and-hispanic-communities,2026-09-29T19:40:47.316233+00:00,habitatcltregion.org,True,downloaded,200.0,https://www.habitatcltregion.org/blog/homeownership-in-latino-and-hispanic-communities,446699.0,success,6490,951,html,text/html; charset=utf-8,Homeownership in Latino and Hispanic Communities | Habitat Charlotte Region,,2025-08-13,Habitat for Humanity of the Charlotte Region,https://www.habitatcltregion.org/blog/homeownership-in-latino-and-hispanic-communities,,e48dbddb4595b8194e4f.txt,52130bd4581e3b9c65fb1f77b0684a6c1c9d210b5881bbb4bbca50f4e8fea3ab
e4aac489e0113e853bd4,https://researchgate.net/publication/392863097_Exploring_Women's_Housing_Challenges_Legal_and_Policy_Solutions_for_Women's_Access_to_Adequate_Housing,2026-09-29T19:40:47.607587+00:00,researchgate.net,False,downloaded,403.0,https://www.researchgate.net/publication/392863097_Exploring_Women's_Housing_Challenges_Legal_and_Policy_Solutions_for_Women's_Access_to_Adequate_Housing,21138.0,not_extracted,0,0,,,,,,,,,,
e4af7af00e6ddb6f72bd,https://dwd.wisconsin.gov/er/digest/125.3.htm,2026-09-29T19:40:48.449155+00:00,wisconsin.gov,True,downloaded,200.0,https://dwd.wisconsin.gov/er/digest/125.3.htm,96604.0,success,9046,1439,html,text/html,"125.3 Conditions of employment, harassment because of race",,2014-03-06,dwd.wisconsin.gov,https://dwd.wisconsin.gov/er/digest/125.3.htm,,e4af7af00e6ddb6f72bd.txt,b1134a650e11d25baf8434f62dd5fe8be33b149bca4dc081d9ed45f7001df1c0
e4bbf3f3ac7e3bd6ae9f,https://quora.com/What-are-the-eligibility-requirements-for-public-assistance-welfare-in-the-United-States-Who-qualifies-for-this-type-of-assistance,2026-09-29T19:40:50.028415+00:00,quora.com,False,robots_disallowed,,,,not_extracted,0,0,,,,,,,,,,
e4c343dbfd5521214647,https://kff.org/affordable-care-act/health-care-access-and-coverage-for-the-lesbian-gay-bisexual-and-transgender-lgbt-community-in-the-united-states-opportunities-and-challenges-in-a-new-era,2026-09-29T19:40:50.028674+00:00,kff.org,True,downloaded,200.0,https://www.kff.org/affordable-care-act/health-care-access-and-coverage-for-the-lesbian-gay-bisexual-and-transgender-lgbt-community-in-the-united-states-opportunities-and-challenges-in-a-new-era/,119488.0,success,8914,1372,html,text/html; charset=UTF-8,"Health Care Access and Coverage for the Lesbian, Gay, Bisexual, and Transgender (LGBT) Community in the United States: Opportunities and Challenges in a New Era | KFF",Jennifer Kates; Usha Ranji,2014-02-21,"KFF - The independent source for health policy research, polling, and news",https://www.kff.org/affordable-care-act/health-care-access-and-coverage-for-the-lesbian-gay-bisexual-and-transgender-lgbt-community-in-the-united-states-opportunities-and-challenges-in-a-new-era/,,e4c343dbfd5521214647.txt,67d849d0dd41ff49f5a8740b46868c5584d0eb71f1147661a7aa57a89d5021a5
e4ef4d139e689c7b78ef,https://pmc.ncbi.nlm.nih.gov/articles/PMC11782051,2026-09-29T19:40:50.062757+00:00,nih.gov,True,downloaded,200.0,https://pmc.ncbi.nlm.nih.gov/articles/PMC11782051/,171944.0,success,42562,5984,html,,Barriers to quality healthcare among transgender and gender nonconforming adults,Kedryn Berrian; Marci D Exsted; Nik M Lampe; Sayer L Pease; Ellesse‐Roselee L Akré,2024-07-10,Health Services Research,https://pmc.ncbi.nlm.nih.gov/articles/PMC11782051/,,e4ef4d139e689c7b78ef.txt,fafb9aa014c0906c13558b0b6ea35c4a52cc7ab1176304cab69906f12138e4f6
e52153ee63e9411193bc,https://hispanicresearchcenter.org/research-resources/state-level-tanf-policies-and-practice-may-shape-access-and-utilization-among-hispanic-families,2026-09-29T19:40:50.163617+00:00,hispanicresearchcenter.org,True,downloaded,200.0,https://www.hispanicresearchcenter.org/research-resources/state-level-tanf-policies-and-practice-may-shape-access-and-utilization-among-hispanic-families/,323508.0,success,46382,6531,html,text/html; charset=UTF-8,State-level TANF Policies and Practice May Shape Access and Utilization among Hispanic Families - Hispanic Research Center,Authors,2025-09-26,Hispanic Research Center,https://www.hispanicresearchcenter.org/research-resources/state-level-tanf-policies-and-practice-may-shape-access-and-utilization-among-hispanic-families/,,e52153ee63e9411193bc.txt,6704d3539f49facc523bf4831b976f7a249f247e23b0f503ff4c5f37ae72f8e3
e53c07867ea4b5a596d8,https://cbpp.org/research/federal-budget/executive-action-watch?item=29752,2026-09-29T19:40:50.539799+00:00,cbpp.org,False,downloaded,403.0,https://cbpp.org/research/federal-budget/executive-action-watch?item=29752,6158.0,not_extracted,0,0,,,,,,,,,,
e55c1ef739b07c74ad84,https://wol.iza.org/articles/sexual-orientation-and-labor-market-outcomes/long,2026-09-29T19:40:51.562995+00:00,iza.org,False,robots_disallowed,,,,not_extracted,0,0,,,,,,,,,,
e57e47dd6ee9b35ba01a,https://lundelllawfirm.com/post/common-sources-of-workplace-harassment,2026-09-29T19:40:51.563208+00:00,lundelllawfirm.com,True,downloaded,200.0,https://www.lundelllawfirm.com/post/common-sources-of-workplace-harassment,840661.0,success,4131,651,html,text/html; charset=UTF-8,COMMON SOURCES OF WORKPLACE HARASSMENT,LUNDELL LAW,2021-05-23,Lundell Law Firm,https://www.lundelllawfirm.com/post/common-sources-of-workplace-harassment,,e57e47dd6ee9b35ba01a.txt,67e4cf1a9cbbe89590ed6cfa9cfca221e074b9f01cb069119410416a254ac779
e5d1b70b8330a164f383,https://scholarworks.calstate.edu/downloads/bv73c633w,2026-09-29T19:40:53.595305+00:00,calstate.edu,False,downloaded,403.0,https://scholarworks.calstate.edu/downloads/bv73c633w,4910.0,not_extracted,0,0,,,,,,,,,,
e5d3c951d63debf7d855,https://pointfoundation.org/hubfs/Research%20Reports/2111-Trans-Higher-Ed-FINAL.pdf,2026-09-29T19:40:53.720605+00:00,pointfoundation.org,True,downloaded,200.0,https://pointfoundation.org/hubfs/Research%20Reports/2111-Trans-Higher-Ed-FINAL.pdf,2976634.0,success,53649,7510,pdf,application/pdf,,,,,,,e5d3c951d63debf7d855.txt,c6bac78c0d1207ce274e4764fd0e921bfcbeea8d832c87386fd37a133b3f5adb
e5f919c4da68f6c89e9d,https://pmc.ncbi.nlm.nih.gov/articles/PMC5370590,2026-09-29T19:40:54.116595+00:00,nih.gov,True,downloaded,200.0,https://pmc.ncbi.nlm.nih.gov/articles/PMC5370590/,21372.0,success,131,18,html,,Checking your browser,,2026-09-11,google.com,https://www.google.com/recaptcha/challengepage,,e5f919c4da68f6c89e9d.txt,a29166d0eaaa418bd5af61a282f1183a46c84c4d5e4c90689b1b452d230d05cc
e63e646c68042089a365,https://jec.senate.gov/public/_cache/files/2756e78d-cd64-4413-8d26-a4f9c2756947/banking-and-financial-exclusion-final.pdf,2026-09-29T19:40:54.440000+00:00,senate.gov,True,downloaded,200.0,https://www.jec.senate.gov/public/_cache/files/2756e78d-cd64-4413-8d26-a4f9c2756947/banking-and-financial-exclusion-final.pdf,395254.0,success,26386,3835,pdf,application/pdf,,,,,,,e63e646c68042089a365.txt,10a946eedc013c39554d5464102894327b97635c9391948552546e31bbf30914
e6e6bd74c1e8f1785dfb,https://homelesshub.ca/collection/homelessness-101/what-are-the-causes-of-homelessness,2026-09-29T19:40:54.697098+00:00,homelesshub.ca,False,downloaded,403.0,https://homelesshub.ca/collection/homelessness-101/what-are-the-causes-of-homelessness,52.0,not_extracted,0,0,,,,,,,,,,
e6fff217e350539e918b,https://aquinascollege.ca/job-satisfaction,2026-09-29T19:40:54.976133+00:00,aquinascollege.ca,True,downloaded,200.0,https://aquinascollege.ca/job-satisfaction/,176342.0,success,2675,396,html,text/html; charset=UTF-8,Career Satisfaction: Exploring Job Satisfaction and Its Influencing Factors,AnnaLiza H,2024-02-23,Aquinas College,https://aquinascollege.ca/job-satisfaction/,,e6fff217e350539e918b.txt,a15b992e67d4f1c7d7c222058c444535b5f48968f7f2d6c8af296b3adf81fb0e
e700742ae817b55311f3,https://clasp.org/blog/expanding-opportunity-lgbtq-people-higher-education-and-workplace,2026-09-29T19:40:57.063945+00:00,clasp.org,True,downloaded,200.0,https://www.clasp.org/blog/expanding-opportunity-lgbtq-people-higher-education-and-workplace/,89330.0,success,4874,741,html,text/html; charset=UTF-8,Expanding Opportunity for LGBTQ+ People in Higher Education and the Workplace | CLASP,,2023-06-16,CLASP,https://www.clasp.org/blog/expanding-opportunity-lgbtq-people-higher-education-and-workplace/,,e700742ae817b55311f3.txt,b0bf537ac7642ae96ff48441ba9ca3eb97ab4dfce4728c2faa3ef1354bd1d4ff
e763956ae024abb886de,https://researchforaction.org/research-resources/k-12/unequal-access-to-educational-opportunity-in-the-united-states,2026-09-29T19:40:57.445494+00:00,researchforaction.org,True,downloaded,200.0,https://www.researchforaction.org/research-resources/k-12/unequal-access-to-educational-opportunity-in-the-united-states/,104855.0,success,1810,278,html,text/html; charset=UTF-8,Unequal Access to Educational Opportunity in the United States - Research for Action,Anna Shaw-Amoah; David Lapp,2022-10-06,Research for Action,https://www.researchforaction.org/research-resources/k-12/unequal-access-to-educational-opportunity-in-the-united-states/,,e763956ae024abb886de.txt,aa15e097ce5ab955f2d62e1832b95403d6962e0050b110046b81e076ffe27563
e77d7b1d4280d6cac276,https://americanprogress.org/article/neglected-college-race-gap-racial-disparities-among-college-completers,2026-09-29T19:40:57.799990+00:00,americanprogress.org,False,downloaded,403.0,https://www.americanprogress.org/article/neglected-college-race-gap-racial-disparities-among-college-completers,5947.0,not_extracted,0,0,,,,,,,,,,
e792e5f8024dbb33ba8f,https://pmc.ncbi.nlm.nih.gov/articles/PMC4554714,2026-09-29T19:40:58.463033+00:00,nih.gov,True,downloaded,200.0,https://pmc.ncbi.nlm.nih.gov/articles/PMC4554714/,270073.0,success,81529,13026,html,,Interventions That Affect Gender Bias in Hiring: A Systematic Review,Dr Carol Isaac; Dr Barbara Lee; Dr Molly Carnes,2008-06-29,Academic medicine : journal of the Association of American Medical Colleges,https://pmc.ncbi.nlm.nih.gov/articles/PMC4554714/,,e792e5f8024dbb33ba8f.txt,6e075ea6c090713dd5aefd6239d2ceefd3b32f2b8f0f7e595bd401e6f0f9aeeb
e7daf5ac8dee0cbe4c92,https://justiceinaging.org/wp-content/uploads/2025/09/Supporting-LGBTQ-Older-Adults-Issue-Brief-2-col.pdf,2026-09-29T19:40:58.685086+00:00,justiceinaging.org,True,downloaded,200.0,https://justiceinaging.org/wp-content/uploads/2025/09/Supporting-LGBTQ-Older-Adults-Issue-Brief-2-col.pdf,1825394.0,success,44202,6335,pdf,application/pdf,,,,,,,e7daf5ac8dee0cbe4c92.txt,07b21cd7f7601737f4fbf436f02a317238f191f66693d8b1bdf2fd91d67bb066
e7ee35e8768cc98b3be8,https://urban.org/urban-wire/improving-homebuying-opportunities-latino-families-would-benefit-entire-housing-market,2026-09-29T19:40:59.129084+00:00,urban.org,False,downloaded,403.0,https://www.urban.org/urban-wire/improving-homebuying-opportunities-latino-families-would-benefit-entire-housing-market,6057.0,not_extracted,0,0,,,,,,,,,,
e7f913b72eecdd8d4a2c,https://idhs.prezly.com/illinois-releases-new-report-aimed-at-addressing-homelessness-in-the-latine-community,2026-09-29T19:41:00.350258+00:00,prezly.com,True,downloaded,200.0,https://idhs.prezly.com/illinois-releases-new-report-aimed-at-addressing-homelessness-in-the-latine-community,139990.0,success,4634,691,html,text/html; charset=utf-8,Illinois Releases New Report Aimed at Addressing Homelessness in the Latine Community,IDHS Press,2026-05-21,Illinois Department of Human Services,https://idhs.prezly.com/illinois-releases-new-report-aimed-at-addressing-homelessness-in-the-latine-community,,e7f913b72eecdd8d4a2c.txt,39f9ddb0e29f5d21e8e99e36b49759cd25d97172b556cf493828b5080ac9b8fa
e8047f942e7e8872da20,https://poverty.ucdavis.edu/post/safety-net-programs-underused-eligible-hispanic-families,2026-09-29T19:41:00.910359+00:00,ucdavis.edu,True,downloaded,200.0,https://poverty.ucdavis.edu/post/safety-net-programs-underused-eligible-hispanic-families,159131.0,success,12933,1900,html,text/html; charset=utf-8,Safety-Net Programs Underused by Eligible Hispanic Families - Center for Poverty and Inequality Research,,2012-09-12,Center for Poverty and Inequality Research,https://poverty.ucdavis.edu/post/safety-net-programs-underused-eligible-hispanic-families,,e8047f942e7e8872da20.txt,700da1729fcf54d9f92582acfbf290236a6457e6daa0e17f9a7f76d343775040
e816143f36909595c6cc,https://naceweb.org/job-market/trends-and-predictions/early-career-talent-and-the-effects-of--gender,2026-09-29T19:41:00.927812+00:00,naceweb.org,True,downloaded,200.0,https://naceweb.org/job-market/trends-and-predictions/early-career-talent-and-the-effects-of--gender,70647.0,success,9320,1489,html,text/html; charset=utf-8,Early Career Talent and the Effects of Gender,Mary Gatta; Sasha Patil,2025-05-05,Default,https://naceweb.org/job-market/trends-and-predictions/07f1b4cf-1f61-4693-9410-c74cd22c80c0,,e816143f36909595c6cc.txt,0f00e951ccc30c8d55f6346427a18a3ac12c0dab8109545698bcc68ca250c61d
e829463c9222debfa4b0,https://tandfonline.com/doi/abs/10.1080/09585192.2026.2678448,2026-09-29T19:41:01.216521+00:00,tandfonline.com,False,downloaded,403.0,https://tandfonline.com/doi/abs/10.1080/09585192.2026.2678448,5823.0,not_extracted,0,0,,,,,,,,,,
e8530c197fcd9d81b1b8,https://pmc.ncbi.nlm.nih.gov/articles/PMC8624572,2026-09-29T19:41:01.659253+00:00,nih.gov,True,downloaded,200.0,https://pmc.ncbi.nlm.nih.gov/articles/PMC8624572/,237096.0,success,58771,8308,html,,Health Inequities in LGBT People and Nursing Interventions to Reduce Them: A Systematic Review,Jorge Medina-Martínez; Carlos Saus-Ortega; María Montserrat Sánchez-Lorente; Eva María Sosa-Palanca; Pedro García-Martínez; María Isabel Mármol-López,2021-11-10,International Journal of Environmental Research and Public Health,https://pmc.ncbi.nlm.nih.gov/articles/PMC8624572/,,e8530c197fcd9d81b1b8.txt,4a660a9a43c749c8b1031c00e35cc3bb7e3f7ea42235c68d0617a1081cf38f40
e8790a9a9837dd8876a5,https://freopp.org/whitepapers/fixing-the-broken-incentives-in-the-u-s-welfare-system,2026-09-29T19:41:02.106818+00:00,freopp.org,True,downloaded,200.0,https://freopp.org/whitepapers/fixing-the-broken-incentives-in-the-u-s-welfare-system/,117784.0,success,38058,5942,html,text/html; charset=UTF-8,Fixing the Broken Incentives in the U.S. Welfare System - FREOPP,Michael Tanner “I feel that the purpose,2026-07-23,The Foundation for Research on Equal Opportunity,https://freopp.org/whitepapers/fixing-the-broken-incentives-in-the-u-s-welfare-system/,,e8790a9a9837dd8876a5.txt,9ff39db985cdb0bdf97af7dec065d7b80406d0ead1b98edfe04aacfddac6eb50
e8e4f30441bc3743c7b9,https://nefe.org/news/2022/06/lgbtqia-discrimination-in-financial-services.aspx,2026-09-29T19:41:02.246731+00:00,nefe.org,True,downloaded,200.0,https://www.nefe.org/news/2022/06/lgbtqia-discrimination-in-financial-services.aspx,79708.0,success,5813,855,html,text/html; charset=utf-8,"Nearly 1 in 3 LGBTQIA+ Respondents Say They’ve Experienced Discrimination, Bias in Financial Services",Taylor Stanek; Managing Director; Policy; Advocacy,2022-06-24,NEFE_org,https://www.nefe.org/news/2022/06/lgbtqia-discrimination-in-financial-services,,e8e4f30441bc3743c7b9.txt,3e5745bb978ef7b6f2e0266029abd8b22bf9c01cac5e1cb22a094e63044cba8f
e9123aab8fc77dc6fb16,https://pn3policy.org/blog/administrative-burden-blog,2026-09-29T19:41:04.271951+00:00,pn3policy.org,True,downloaded,200.0,https://pn3policy.org/blog/administrative-burden-blog,332782.0,success,7800,1153,html,text/html; charset=UTF-8,Administrative Burden: Everyone Pays when Eligible Families Can't Access Public Assistance - Prenatal-to-3 Policy Impact Center,PN,2023-07-17,Prenatal-to-3 Policy Impact Center,https://pn3policy.org/blog/administrative-burden-blog/,,e9123aab8fc77dc6fb16.txt,4c82f8ee746ffae6641cc8d23aa343f2a6cec4238dcd5f797ded4344db58fef7
e91622c2cf7e8645ec22,https://instagram.com/p/DZVnFEfE4_s,2026-09-29T19:41:05.096585+00:00,instagram.com,False,robots_disallowed,,,,not_extracted,0,0,,,,,,,,,,
e922c65ee544c22db507,https://unidosus.org/higher-ed,2026-09-29T19:41:05.486706+00:00,unidosus.org,True,downloaded,200.0,https://unidosus.org/higher-ed/,175863.0,success,8237,1256,html,text/html; charset=UTF-8,Higher Ed,,2026-08-14,UnidosUS,https://unidosus.org/higher-ed/,,e922c65ee544c22db507.txt,b953fd8a358991641530e9d37a4c2f8ffe64c69e42a760e3cce5883a1b146e11
e925e6983272dcb10680,https://unidosus.org/blog/2022/09/28/latinos-remain-disproportionately-impacted-by-food-insecurity-usda-can-make-progress-on-equity-and-racial-justice,2026-09-29T19:41:08.689259+00:00,unidosus.org,True,downloaded,200.0,https://unidosus.org/blog/2022/09/28/latinos-remain-disproportionately-impacted-by-food-insecurity-usda-can-make-progress-on-equity-and-racial-justice/,102691.0,success,8450,1200,html,text/html; charset=UTF-8,Latinos remain disproportionately impacted by food insecurity. USDA can make progress on equity and racial justice.,John Vergara; UnidosUS,2022-09-28,UnidosUS,https://unidosus.org/blog/2022/09/28/latinos-remain-disproportionately-impacted-by-food-insecurity-usda-can-make-progress-on-equity-and-racial-justice/,,e925e6983272dcb10680.txt,26084ca1c26d9ee664524f84368c531c55ab5d342f10c01ccba9f4e66319c2a3
e93bcd6bb97492c4f460,https://thegoodlawgroup.com/blog/factors-that-help-cases-win-disability-benefits,2026-09-29T19:41:08.739068+00:00,thegoodlawgroup.com,False,exception,,,,failed,0,0,,,,,,,,,,
e93c02800df173046f5e,https://taylorfrancis.com/books/mono/10.4324/9781003051923/human-resource-perspectives-workplace-bullying-higher-education-leah-hollis-david-yamada,2026-09-29T19:41:09.001729+00:00,taylorfrancis.com,True,downloaded,200.0,https://www.taylorfrancis.com/books/mono/10.4324/9781003051923/human-resource-perspectives-workplace-bullying-higher-education-leah-hollis-david-yamada,231478.0,success,90,13,html,text/html; charset=UTF-8,Human Resource Perspectives on Workplace Bullying in Higher Education,,2021-05-12,Taylor & Francis,https://www.taylorfrancis.com/books/mono/10.4324/9781003051923/human-resource-perspectives-workplace-bullying-higher-education-leah-hollis-david-yamada,,e93c02800df173046f5e.txt,927f48fbb68f5504c528d60a06fb9233fe466a92c8c72cbc5d3a4e22004bbbca
e94101cef2dd037141fd,https://youtube.com/shorts/bma-nImTFsQ,2026-09-29T19:41:09.454006+00:00,youtube.com,True,downloaded,200.0,https://www.youtube.com/shorts/bma-nImTFsQ,1452245.0,success,146,23,html,text/html; charset=utf-8,Who Gets Welfare | Demographics of Welfare #SOC119 #Welfare,,2025-09-29,YouTube,https://www.youtube.com/shorts/bma-nImTFsQ,,e94101cef2dd037141fd.txt,8dbba17988e385133ba8f51d76cde1fc2c859262b666cb848e9cfe2478fd5e71
e9718c8d61bc478e8ab2,https://apps.urban.org/features/latino-criminal-justice-data,2026-09-29T19:41:10.401132+00:00,urban.org,True,downloaded,200.0,https://apps.urban.org/features/latino-criminal-justice-data/,18042.0,success,129,21,html,text/html; charset=UTF-8,The Alarming Lack of Data on Latinos in the Criminal Justice System,,2016-12-14,Urbaninstitute,http://urbn.is/cjdata,,e9718c8d61bc478e8ab2.txt,f28d65aa0622f15656b0d3ec515c6fe7534cbefb28834f1c07e479f466313230
e971ba7c6e8e610c6260,https://opportunityhome.org/resources/disability-rights-advocates-and-housing-fact-sheet,2026-09-29T19:41:11.101258+00:00,opportunityhome.org,False,downloaded,404.0,https://opportunityhome.org/resources/disability-rights-advocates-and-housing-fact-sheet,10.0,not_extracted,0,0,,,,,,,,,,
e98593ff158abb7d736f,https://prisonpolicy.org/blog/2019/05/14/policingwomen,2026-09-29T19:41:11.479392+00:00,prisonpolicy.org,True,downloaded,200.0,https://www.prisonpolicy.org/blog/2019/05/14/policingwomen/,80757.0,success,29403,4996,html,text/html; charset=UTF-8,"Policing Women: Race and gender disparities in police stops, searches, and use of force",Prison Policy Initiative,2019-05-14,PrisonPolicy,https://www.prisonpolicy.org/blog/2019/05/14/policingwomen/,,e98593ff158abb7d736f.txt,be1ea6d37bd8558c82531d1f10c086e29e41ab8870f99d157d697665c5451ad8
e99073fdf7eb4aff8fdb,https://highereddive.com/news/transgender-college-student-supports-trump/746381,2026-09-29T19:41:12.630176+00:00,highereddive.com,True,downloaded,200.0,https://www.highereddive.com/news/transgender-college-student-supports-trump/746381/,233388.0,success,12727,1940,html,text/html; charset=utf-8,How colleges can support transgender students amid the Trump administration,Danielle McLean,2025-04-28,Higher Ed Dive,https://www.highereddive.com/news/transgender-college-student-supports-trump/746381/,,e99073fdf7eb4aff8fdb.txt,ed1d3891eb86a0b8f051a7db4a7ec119b1f80d0c0ecc54df5df734a1dcd11625
e9a6b787384761329225,https://youtube.com/shorts/SU2kO_TkKis,2026-09-29T19:41:14.532684+00:00,youtube.com,True,downloaded,200.0,https://www.youtube.com/shorts/SU2kO_TkKis,1438125.0,success,146,23,html,text/html; charset=utf-8,How workplace success differs across gender and race,,2024-11-29,YouTube,https://www.youtube.com/shorts/SU2kO_TkKis,,e9a6b787384761329225.txt,8dbba17988e385133ba8f51d76cde1fc2c859262b666cb848e9cfe2478fd5e71
ea0b5e9316bede81f266,https://hrc.org/news/new-report-details-high-rates-of-bullying-other-negative-outcomes-for-lgbtq,2026-09-29T19:41:15.101594+00:00,hrc.org,True,downloaded,200.0,https://www.hrc.org/news/new-report-details-high-rates-of-bullying-other-negative-outcomes-for-lgbtq,112485.0,success,5952,670,html,text/html; charset=UTF-8,"New Report Details High Rates of Bullying, Other Negative Outcomes…",,2017-05-26,"New Report Details High Rates of Bullying, Other Negative Outcomes for LGBTQ Students",https://www.hrc.org/news/new-report-details-high-rates-of-bullying-other-negative-outcomes-for-lgbtq,,ea0b5e9316bede81f266.txt,8c79cefc52b03afb17a3ee97ce09bb2b00c1313ea0f2787abe6877edbcec02d9
ea1d619047c160c3d173,https://youtube.com/watch?t=22s&v=fw4FEPAfKH0,2026-09-29T19:41:15.503343+00:00,youtube.com,True,downloaded,200.0,https://www.youtube.com/watch?t=22s&v=fw4FEPAfKH0,1198920.0,success,146,23,html,text/html; charset=utf-8,Homeownership gap between White and Black families reaches all-time high,,2023-02-21,YouTube,https://www.youtube.com/watch?v=fw4FEPAfKH0,,ea1d619047c160c3d173.txt,8dbba17988e385133ba8f51d76cde1fc2c859262b666cb848e9cfe2478fd5e71
ea20398a95be00073735,https://cepr.org/voxeu/columns/gender-bias-access-finance-and-implications-capital-misallocation,2026-09-29T19:41:16.941130+00:00,cepr.org,False,downloaded,403.0,https://cepr.org/voxeu/columns/gender-bias-access-finance-and-implications-capital-misallocation,5797.0,not_extracted,0,0,,,,,,,,,,
ea3324a819c614b0ba12,https://eprints.leedsbeckett.ac.uk/id/eprint/1648/2/Revised%20Manuscript%20.pdf,2026-09-29T19:41:17.458537+00:00,leedsbeckett.ac.uk,True,downloaded,200.0,https://eprints.leedsbeckett.ac.uk/id/eprint/1648/2/Revised%20Manuscript%20.pdf,115031.0,success,38679,5828,pdf,application/pdf,,,,,,,ea3324a819c614b0ba12.txt,df4a015589edf6997ca318f3b54c8bea56fb62cd2a43ad95e3a23907987f003e
ea3e950c2f7323d71673,https://urban.org/urban-wire/unpacking-early-trends-racial-diversity-elite-college-admissions-following-supreme-court,2026-09-29T19:41:18.979882+00:00,urban.org,False,downloaded,403.0,https://www.urban.org/urban-wire/unpacking-early-trends-racial-diversity-elite-college-admissions-following-supreme-court,6063.0,not_extracted,0,0,,,,,,,,,,
ea7538c914f399fcecd9,https://link.springer.com/article/10.1007/s40894-022-00197-2,2026-09-29T19:41:19.299527+00:00,springer.com,False,robots_disallowed,,,,not_extracted,0,0,,,,,,,,,,
eaa3412cf61d13fbd699,https://cupe.ca/workplace-harassment-and-mental-injuries-examining-root-causes-1,2026-09-29T19:41:19.299753+00:00,cupe.ca,True,downloaded,200.0,https://cupe.ca/workplace-harassment-and-mental-injuries-examining-root-causes-1,91603.0,success,33274,4629,html,text/html; charset=UTF-8,Workplace harassment and mental injuries: Examining root causes,,2026-01-01,cupe.ca,https://cupe.ca/workplace-harassment-and-mental-injuries-examining-root-causes-1,,eaa3412cf61d13fbd699.txt,b48e8debfa7be03a256a3fe2f95caf3b9a0002522fd69099f227e083f4d382ce
eaf961400280cf40c99a,https://scholarworks.wmich.edu/cgi/viewcontent.cgi?article=3024&context=jssw,2026-09-29T19:41:20.961841+00:00,wmich.edu,False,downloaded,403.0,https://scholarworks.wmich.edu/cgi/viewcontent.cgi?article=3024&context=jssw,5833.0,not_extracted,0,0,,,,,,,,,,
eafe430211e10444eea7,https://minneapolisfed.org/-/media/assets/events/2025/2025-institute-research-conference/the-determinants-of-credit-access-in-the-united-states.pdf,2026-09-29T19:41:21.305430+00:00,minneapolisfed.org,True,downloaded,200.0,https://www.minneapolisfed.org/-/media/assets/events/2025/2025-institute-research-conference/the-determinants-of-credit-access-in-the-united-states.pdf,3924807.0,success,139091,21859,pdf,application/pdf,,,,,,,eafe430211e10444eea7.txt,611567462a67405f0bc18345da52a21f85050f3860bf8a851930cb120c9e10e0
eb1c571f7cc9642b549b,https://sciencedirect.com/science/article/abs/pii/S1544612316300459,2026-09-29T19:41:22.097171+00:00,sciencedirect.com,False,downloaded,403.0,https://www.sciencedirect.com/science/article/abs/pii/S1544612316300459,1207947.0,not_extracted,0,0,,,,,,,,,,
eb29811d3b0faf0a7fdc,https://transgenderlawcenter.org/resources/law-enforcement-interactions-rights-and-realities,2026-09-29T19:41:22.344896+00:00,transgenderlawcenter.org,True,downloaded,200.0,https://transgenderlawcenter.org/resources/law-enforcement-interactions-rights-and-realities/,182525.0,success,30126,4880,html,text/html; charset=UTF-8,Transgender people and law enforcement interactions: Rights and Realities - Transgender Law Center,,2026-09-08,Transgender Law Center,https://transgenderlawcenter.org/resources/law-enforcement-interactions-rights-and-realities/,,eb29811d3b0faf0a7fdc.txt,0a08884491769e7ba11506d2eac85de156bd2244400612d900f8071b9c1445d2
eb31456cf50fb4659357,https://pubmed.ncbi.nlm.nih.gov/31230581,2026-09-29T19:41:23.463851+00:00,nih.gov,True,downloaded,203.0,https://pubmed.ncbi.nlm.nih.gov/31230581/,5590.0,success,100,14,html,text/html; charset=utf-8,Cookies must be enabled,,,pubmed.ncbi.nlm.nih.gov,https://pubmed.ncbi.nlm.nih.gov/31230581/,,eb31456cf50fb4659357.txt,f193d0de906419650acf171625dbd67f88f297290893b5473e1d8365c03d4b59
eb436f3274c7f797f6fb,https://cnbc.com/2024/05/02/name-changes-can-create-financial-chaos-for-transgender-americans.html,2026-09-29T19:41:23.863168+00:00,cnbc.com,True,downloaded,200.0,https://www.cnbc.com/2024/05/02/name-changes-can-create-financial-chaos-for-transgender-americans.html,684858.0,success,7895,1307,html,text/html; charset=utf-8,One personal decision can create a mess of financial challenges for transgender Americans—'it takes a lot of courage',Kamaron McNair,2024-05-02,CNBC,https://www.cnbc.com/2024/05/02/name-changes-can-create-financial-chaos-for-transgender-americans.html,,eb436f3274c7f797f6fb.txt,9469ebf80eaf69e29d36c202d7a02d4914e6e969fbb8c91ce8b98ec47ee5a956
eb6074ed2b46990d5386,https://ebsco.com/research-starters/law/mass-incarceration-and-race,2026-09-29T19:41:24.683174+00:00,ebsco.com,True,downloaded,200.0,https://www.ebsco.com/research-starters/law/mass-incarceration-and-race,194226.0,success,43049,6140,html,text/html,Mass Incarceration and Race | Law | Research Starters | EBSCOhost,,2021-02-15,EBSCO,https://www.ebsco.com/,,eb6074ed2b46990d5386.txt,93d3fe232f1e5be5cafd24e7186ef5df0b76a093dd6c883612ded579ed4e662e
eb6baecc3a704fa8554b,https://nmmc.org/mens-health-and-preventive-care-why-routine-checkups-matter,2026-09-29T19:41:25.294485+00:00,nmmc.org,True,downloaded,200.0,https://nmmc.org/mens-health-and-preventive-care-why-routine-checkups-matter/,223977.0,success,3122,459,html,text/html; charset=UTF-8,Men’s Health and Preventive Care: Why Routine Checkups Matter - Northern Maine Medical Center,Lindsay Crampton,2026-06-04,Northern Maine Medical Center,https://nmmc.org/mens-health-and-preventive-care-why-routine-checkups-matter/,,eb6baecc3a704fa8554b.txt,3a8a9d07eac91f453dd6e0008d59364b30627fcfee46e863af1f4917346c7291
eb85c394aea3566962b0,https://cepr.org/voxeu/columns/take-social-benefits,2026-09-29T19:41:26.141136+00:00,cepr.org,False,downloaded,403.0,https://cepr.org/voxeu/columns/take-social-benefits,5797.0,not_extracted,0,0,,,,,,,,,,
ec14c19bfb8e68c626f6,https://rand.org/pubs/commentary/2023/01/gender-biases-in-health-care-listen-to-women-about-their.html,2026-09-29T19:41:26.157328+00:00,rand.org,False,downloaded,403.0,https://www.rand.org:443/pubs/commentary/2023/01/gender-biases-in-health-care-listen-to-women-about-their.html,919.0,not_extracted,0,0,,,,,,,,,,
ec26790291d393dae7d6,https://compass.onlinelibrary.wiley.com/doi/10.1111/j.1751-9020.2012.00459.x,2026-09-29T19:41:27.579800+00:00,wiley.com,False,downloaded,403.0,https://compass.onlinelibrary.wiley.com/doi/10.1111/j.1751-9020.2012.00459.x,5879.0,not_extracted,0,0,,,,,,,,,,
ecae0803706e8774282a,https://journals.sagepub.com/doi/10.1089/lgbt.2023.0076,2026-09-29T19:41:28.095588+00:00,sagepub.com,False,downloaded,403.0,https://journals.sagepub.com/doi/10.1089/lgbt.2023.0076,5774.0,not_extracted,0,0,,,,,,,,,,
ed0a77d8d9bf263ce7e3,https://pewresearch.org/science/2022/06/14/hispanic-americans-experiences-with-health-care,2026-09-29T19:41:28.900488+00:00,pewresearch.org,False,downloaded,403.0,https://www.pewresearch.org/science/2022/06/14/hispanic-americans-experiences-with-health-care/,4215.0,not_extracted,0,0,,,,,,,,,,
ed38cba1b4f0ded03cb2,https://pmc.ncbi.nlm.nih.gov/articles/PMC9262804,2026-09-29T19:41:29.298128+00:00,nih.gov,True,downloaded,200.0,https://pmc.ncbi.nlm.nih.gov/articles/PMC9262804,21368.0,success,131,18,html,,Checking your browser,,2026-09-11,google.com,https://www.google.com/recaptcha/challengepage,,ed38cba1b4f0ded03cb2.txt,a29166d0eaaa418bd5af61a282f1183a46c84c4d5e4c90689b1b452d230d05cc
ed7084f25bfef33be953,https://pmc.ncbi.nlm.nih.gov/articles/PMC2764043,2026-09-29T19:41:29.446703+00:00,nih.gov,True,downloaded,200.0,https://pmc.ncbi.nlm.nih.gov/articles/PMC2764043/,21367.0,success,131,18,html,,Checking your browser,,2026-09-11,google.com,https://www.google.com/recaptcha/challengepage,,ed7084f25bfef33be953.txt,a29166d0eaaa418bd5af61a282f1183a46c84c4d5e4c90689b1b452d230d05cc
ed87c5e5f590a11234b7,https://williamsinstitute.law.ucla.edu/publications/so-gender-discrimination-work,2026-09-29T19:41:29.731566+00:00,ucla.edu,True,downloaded,200.0,https://williamsinstitute.law.ucla.edu/publications/so-gender-discrimination-work/,126468.0,success,9141,1417,html,text/html; charset=UTF-8,The Role of Sexual Orientation and Gender in Workplace Experiences of Cisgender LGB Employees,Loyal; Thisisloyal Com,2022-10-03,The Williams Institute at UCLA School of Law,https://williamsinstitute.law.ucla.edu/publications/so-gender-discrimination-work/,,ed87c5e5f590a11234b7.txt,178306cd956d59d9a9903824a91bb3876a5391499e705b46a5f83a4ad2be28eb
edcdc6b4ab2c9fa30cea,https://nlihc.org/resource/transgender-individuals-experience-homelessness-eight-times-rate-general-us-population,2026-09-29T19:41:30.108712+00:00,nlihc.org,True,downloaded,200.0,https://nlihc.org/resource/transgender-individuals-experience-homelessness-eight-times-rate-general-us-population,57545.0,success,3476,505,html,text/html; charset=UTF-8,Transgender Individuals Experience Homelessness at Eight Times the Rate of the General U.S. Population,,2026-08-06,National Low Income Housing Coalition,https://nlihc.org/resource/transgender-individuals-experience-homelessness-eight-times-rate-general-us-population,,edcdc6b4ab2c9fa30cea.txt,7eacff9df78124190a91b3e955b634dea0c48978e5eb0310ae5b3d7f7a6f1604
ee03c8a3d2da9f4ad4f1,https://sepsis.org/news/how-does-lgbtq-identity-impact-healthcare-experiences,2026-09-29T19:41:30.625228+00:00,sepsis.org,True,downloaded,200.0,https://www.sepsis.org/news/how-does-lgbtq-identity-impact-healthcare-experiences/,180770.0,success,10038,1614,html,text/html; charset=UTF-8,How Does LGBTQ+ Identity Impact Healthcare Experiences?,,2022-06-28,Sepsis Alliance,https://www.sepsis.org/news/how-does-lgbtq-identity-impact-healthcare-experiences/,,ee03c8a3d2da9f4ad4f1.txt,f11d9d162d85ce4c936dddf981f4e95165a75a59045d4fa676a213f0824e2e46
ee881b80a2ffa0e2ade3,https://onlinelibrary.wiley.com/doi/10.1111/joca.12343,2026-09-29T19:41:31.193252+00:00,wiley.com,False,downloaded,403.0,https://onlinelibrary.wiley.com/doi/10.1111/joca.12343,5807.0,not_extracted,0,0,,,,,,,,,,
ee94f3eb0168dbcacc11,https://grundydisabilitygroup.com/social-security-disability-insurance-supplemental-security-income-blogs/what-are-non-medical-requirements-for-ssdi,2026-09-29T19:41:31.270347+00:00,grundydisabilitygroup.com,True,downloaded,200.0,https://grundydisabilitygroup.com/social-security-disability-insurance-supplemental-security-income-blogs/what-are-non-medical-requirements-for-ssdi/,191642.0,success,5660,907,html,text/html; charset=UTF-8,Non-Medical Requirements for SSDI Benefits,Matt Grundy,2025-09-23,Grundy Disability Group,https://grundydisabilitygroup.com/social-security-disability-insurance-supplemental-security-income-blogs/what-are-non-medical-requirements-for-ssdi/,,ee94f3eb0168dbcacc11.txt,37e7a0f837a7128e10e896703d669470cafb163f95b3546cee050e7567245132
eea119079a5abfa7bc9c,https://researchgate.net/publication/380119192_The_Relation_between_Sexual_Orientation_and_Employment,2026-09-29T19:41:32.521032+00:00,researchgate.net,False,downloaded,403.0,https://www.researchgate.net/publication/380119192_The_Relation_between_Sexual_Orientation_and_Employment,21138.0,not_extracted,0,0,,,,,,,,,,
eeb12adf2c3617fd56f6,https://reddit.com/r/recruiting/comments/10qe4w1/how_much_truth_is_in_this_statement_white_people,2026-09-29T19:41:33.678924+00:00,reddit.com,False,robots_disallowed,,,,not_extracted,0,0,,,,,,,,,,
ef0fccbe8b397fd5725e,https://nytimes.com/2024/06/03/us/politics/medicaid-reenrollment-black-hispanic.html,2026-09-29T19:41:33.679117+00:00,nytimes.com,False,downloaded,403.0,https://www.nytimes.com/2024/06/03/us/politics/medicaid-reenrollment-black-hispanic.html,771.0,not_extracted,0,0,,,,,,,,,,
ef549aa184836ff96ad6,https://phys.org/news/2025-10-homelessness-vary-sharply.html,2026-09-29T19:41:34.006366+00:00,phys.org,False,downloaded,403.0,https://phys.org/news/2025-10-homelessness-vary-sharply.html,17730.0,not_extracted,0,0,,,,,,,,,,
efc44c610595bff9fe1d,https://endhomelessness.org/people-with-unaddressed-health-conditions,2026-09-29T19:41:34.578743+00:00,endhomelessness.org,True,downloaded,200.0,https://endhomelessness.org/people-with-unaddressed-health-conditions,321048.0,success,5512,845,html,text/html; charset=UTF-8,Who Experiences Homelessness: People with Unaddressed Health Conditions,,2026-07-23,National Alliance to End Homelessness,https://endhomelessness.org/people-with-unaddressed-health-conditions/,,efc44c610595bff9fe1d.txt,5203a9509362b6202f06d5f4346c6cba0294f9ad07a6fd904e8c10cbd4230c51
efc5a4e461dc64825498,https://betterangels.la/halo/preventions/why-are-people-homeless,2026-09-29T19:41:35.224214+00:00,betterangels.la,True,downloaded,200.0,https://betterangels.la/halo/preventions/why-are-people-homeless,96713.0,success,4705,709,html,text/html; charset=utf-8,Why are people homeless?,Melissa Amour,2024-04-01,betterangels.la,https://betterangels.la/halo/preventions/why-are-people-homeless,,efc5a4e461dc64825498.txt,b3ecd14a3ea767ab28a0a99ea2b716eb2c02b7c7c641e135f44918102a2bf1a7
efd77dd555fc2e17a956,https://hispanicresearchcenter.org/research-resources/national-profile-of-latino-parents-education-attainment-underscores-the-diverse-educational-needs-of-a-fast-growing-population,2026-09-29T19:41:35.629733+00:00,hispanicresearchcenter.org,True,downloaded,200.0,https://www.hispanicresearchcenter.org/research-resources/national-profile-of-latino-parents-education-attainment-underscores-the-diverse-educational-needs-of-a-fast-growing-population/,330802.0,success,48994,7322,html,text/html; charset=UTF-8,National Profile of Latino Parents’ Educational Attainment Underscores the Diverse Educational Needs of a Fast-growing Population - Hispanic Research Center,Authors,2023-11-14,Hispanic Research Center,https://www.hispanicresearchcenter.org/research-resources/national-profile-of-latino-parents-education-attainment-underscores-the-diverse-educational-needs-of-a-fast-growing-population/,,efd77dd555fc2e17a956.txt,124759b969d6ee82dc2e309b1775c98ad8d9fae39cdf5d7986606c458ccef958
efec158c9ec619d6437a,https://vox.com/2016/2/23/11095980/lgbtq-gay-transgender-prison,2026-09-29T19:41:35.917958+00:00,vox.com,True,downloaded,200.0,https://www.vox.com/2016/2/23/11095980/lgbtq-gay-transgender-prison,283923.0,success,7756,1208,html,text/html; charset=utf-8,5 ways LGBTQ people fall into the criminal justice system — and suffer the worst once in,German Lopez,2016-02-23,Vox,https://www.vox.com/2016/2/23/11095980/lgbtq-gay-transgender-prison,,efec158c9ec619d6437a.txt,b40d7df700365912f1267c46c55188d7eaf370c70f5f23112e8f9f152f7fde5c
f0037c0c116c4780f122,https://aft.org/ae/spring2017/gandara,2026-09-29T19:41:37.869448+00:00,aft.org,True,downloaded,200.0,https://www.aft.org/ae/spring2017/gandara,142587.0,success,53588,8004,html,text/html; charset=UTF-8,The Potential and Promise of Latino Students,Patricia Gándara,2023-08-21,American Federation of Teachers,https://www.aft.org/ae/spring2017/gandara,,f0037c0c116c4780f122.txt,68b9ba1dd4088119c0560836f1ee75e7f2f60ba74f7ffe4d2dd9a968e99150d9
f008806b3cdf4b7af519,https://prisonpolicy.org/blog/2020/06/05/policingfacts,2026-09-29T19:41:39.780605+00:00,prisonpolicy.org,True,downloaded,200.0,https://www.prisonpolicy.org/blog/2020/06/05/policingfacts/,56602.0,success,10068,1580,html,text/html; charset=UTF-8,Ten key facts about policing: Highlights from our work,Prison Policy Initiative,2020-06-05,PrisonPolicy,https://www.prisonpolicy.org/blog/2020/06/05/policingfacts/,,f008806b3cdf4b7af519.txt,f5c4b1c8c85335e32b13fb3fbd7cd7bef1f91e2626bbb056b034b13e5910b6aa
f0442fee0a1d5a25af6a,https://emerald.com/jsm/article/38/8/994/1236166/Low-income-consumers-informal-and-formal-financial,2026-09-29T19:41:40.094401+00:00,emerald.com,False,downloaded,403.0,https://www.emerald.com/jsm/article/38/8/994/1236166/Low-income-consumers-informal-and-formal-financial,5920.0,not_extracted,0,0,,,,,,,,,,
f04bf4494ddee03d85e0,https://pmc.ncbi.nlm.nih.gov/articles/PMC5493509,2026-09-29T19:41:41.160257+00:00,nih.gov,True,downloaded,200.0,https://pmc.ncbi.nlm.nih.gov/articles/PMC5493509/,276755.0,success,66176,11407,html,,"The effects of housing status, stability and the social contexts of housing on drug and sexual risk behaviors",Julia Dickson-Gomez; Timothy McAuliffe; Katherine Quinn,2004-02-01,AIDS and behavior,https://pmc.ncbi.nlm.nih.gov/articles/PMC5493509/,,f04bf4494ddee03d85e0.txt,a931a518480c99f55e2e9f0e74f266b0af3142fb9aea879f09109e21d13a8d65
f061b3e66220cf54248c,https://beckerspayer.com/research-analysis/5-things-to-know-about-medicaids-administrative-burdens,2026-09-29T19:41:41.408702+00:00,beckerspayer.com,False,downloaded,403.0,https://www.beckerspayer.com/research-analysis/5-things-to-know-about-medicaids-administrative-burdens,779.0,not_extracted,0,0,,,,,,,,,,
f0a17de66346b422c1d0,https://urban.org/research/publication/people-disabilities-living-us-face-urgent-barriers-housing,2026-09-29T19:41:41.694167+00:00,urban.org,False,downloaded,403.0,https://www.urban.org/research/publication/people-disabilities-living-us-face-urgent-barriers-housing,5982.0,not_extracted,0,0,,,,,,,,,,
f0cb68bf408cbd5346c7,https://hispanicresearchcenter.org/hisp-family-facts/hispanic-family-facts-low-income-hispanics-may-have-misconceptions-about-eligibility-for-government-assistance-programs,2026-09-29T19:41:42.620075+00:00,hispanicresearchcenter.org,True,downloaded,200.0,https://www.hispanicresearchcenter.org/hisp-family-facts/hispanic-family-facts-low-income-hispanics-may-have-misconceptions-about-eligibility-for-government-assistance-programs/,255593.0,success,999,141,html,text/html; charset=UTF-8,Hispanic Family Facts: Low-income Hispanics may have misconceptions about eligibility for government assistance programs - Hispanic Research Center,,2025-10-09,Hispanic Research Center,https://www.hispanicresearchcenter.org/hisp-family-facts/hispanic-family-facts-low-income-hispanics-may-have-misconceptions-about-eligibility-for-government-assistance-programs/,,f0cb68bf408cbd5346c7.txt,31879ec4ba6c9e45964b4eacfc486867f6bf134366e4cfe26837b21416669604
f1105da698890efb6877,https://sciencedirect.com/science/article/abs/pii/S0193397301000727,2026-09-29T19:41:43.294435+00:00,sciencedirect.com,False,downloaded,403.0,https://www.sciencedirect.com/science/article/abs/pii/S0193397301000727,1207947.0,not_extracted,0,0,,,,,,,,,,
f1ba26b69f35f1e19686,https://pmc.ncbi.nlm.nih.gov/articles/PMC10251765,2026-09-29T19:41:43.775355+00:00,nih.gov,True,downloaded,200.0,https://pmc.ncbi.nlm.nih.gov/articles/PMC10251765/,21374.0,success,131,18,html,,Checking your browser,,2026-09-11,google.com,https://www.google.com/recaptcha/challengepage,,f1ba26b69f35f1e19686.txt,a29166d0eaaa418bd5af61a282f1183a46c84c4d5e4c90689b1b452d230d05cc
f22e482585235b940b58,https://youtube.com/watch?t=186&v=09Ks_25Saao,2026-09-29T19:41:44.087389+00:00,youtube.com,True,downloaded,200.0,https://www.youtube.com/watch?t=186&v=09Ks_25Saao,1320257.0,success,146,23,html,text/html; charset=utf-8,The Sociology of Sexual Harassment: Gender Dynamics at Work,,2024-08-20,YouTube,https://www.youtube.com/watch?v=09Ks_25Saao,,f22e482585235b940b58.txt,8dbba17988e385133ba8f51d76cde1fc2c859262b666cb848e9cfe2478fd5e71
f252962e9f65eefd1e5a,https://pmc.ncbi.nlm.nih.gov/articles/PMC6002151,2026-09-29T19:41:46.926291+00:00,nih.gov,True,downloaded,200.0,https://pmc.ncbi.nlm.nih.gov/articles/PMC6002151/,208095.0,success,48025,7709,html,,"Police Use of Force by Ethnicity, Sex, and Socioeconomic Class",Robert O Motley; Jr; Sean Joe,2018-01-31,Journal of the Society for Social Work and Research,https://pmc.ncbi.nlm.nih.gov/articles/PMC6002151/,,f252962e9f65eefd1e5a.txt,c2072676b27831d89a6237aafba3485b32970f5e912f4063d60afeb1e7a2b803
f26a9cee4e9605aeac7e,https://tljbm.org/jurnal/index.php/tljbm/article/download/55/40,2026-09-29T19:41:47.404075+00:00,tljbm.org,True,downloaded,200.0,https://tljbm.org/jurnal/index.php/tljbm/article/download/55/40,332848.0,success,44112,6211,pdf,application/pdf,,,,,,,f26a9cee4e9605aeac7e.txt,cde8a3ef1e999a1266a6b2f0534a4325b1e227f51b2677883f160776869a41b6
f2997420597fea53f7fb,https://pmc.ncbi.nlm.nih.gov/articles/PMC12135156,2026-09-29T19:41:47.812427+00:00,nih.gov,True,downloaded,200.0,https://pmc.ncbi.nlm.nih.gov/articles/PMC12135156/,166165.0,success,47546,6699,html,,Views of students with disabilities on how institutional support shapes their experiences,Emeldah C Munjanja; Eleanor A Hendricks,2025-05-29,African Journal of Disability,https://pmc.ncbi.nlm.nih.gov/articles/PMC12135156/,,f2997420597fea53f7fb.txt,334bfa01fd38f95a937cef7db86fc5059d1ed6f801af8d0af92f1f7e07ba1da7
f2af32c724aa840ec6ff,https://youtube.com/watch?v=pD4ZvhxAMY4,2026-09-29T19:41:47.985475+00:00,youtube.com,True,downloaded,200.0,https://www.youtube.com/watch?v=pD4ZvhxAMY4,1359323.0,success,146,23,html,text/html; charset=utf-8,How Mass Incarceration Impacts Black Communities,,2023-05-20,YouTube,https://www.youtube.com/watch?v=pD4ZvhxAMY4,,f2af32c724aa840ec6ff.txt,8dbba17988e385133ba8f51d76cde1fc2c859262b666cb848e9cfe2478fd5e71
f2de25f454a5b959491f,https://researchgate.net/publication/331300225_Major_Determinants_of_Career_Development_Employees'_Perception,2026-09-29T19:41:48.117207+00:00,researchgate.net,False,downloaded,403.0,https://www.researchgate.net/publication/331300225_Major_Determinants_of_Career_Development_Employees'_Perception,21138.0,not_extracted,0,0,,,,,,,,,,
f31c6bb41fb04101062b,https://unwomen.org/sites/default/files/Headquarters/Attachments/Sections/CSW/62/CSW-Conclusions-62-EN.PDF,2026-09-29T19:41:48.317187+00:00,unwomen.org,True,downloaded,200.0,https://unwomen.org/sites/default/files/Headquarters/Attachments/Sections/CSW/62/CSW-Conclusions-62-EN.PDF,558281.0,success,87362,12397,pdf,application/pdf,,,,,,,f31c6bb41fb04101062b.txt,a8957b5fbebbc92b865901afc90f17e879985e86dd130542337325b7f9808ad3
f354d0e216bfca988dd4,https://nwlc.org/resource/by-the-numbers-data-on-key-programs-for-the-well-being-of-women-lgbtqi-people-and-their-families,2026-09-29T19:41:48.690642+00:00,nwlc.org,True,downloaded,200.0,https://nwlc.org/resource/by-the-numbers-data-on-key-programs-for-the-well-being-of-women-lgbtqi-people-and-their-families/,350376.0,success,21761,3238,html,text/html; charset=UTF-8,"BY THE NUMBERS: Data on Key Programs for the Well-Being of Women, LGBTQI+ People, and Their Families - National Women's Law Center",,2026-03-09,National Women's Law Center,https://nwlc.org/resource/by-the-numbers-data-on-key-programs-for-the-well-being-of-women-lgbtqi-people-and-their-families/,,f354d0e216bfca988dd4.txt,a0b2a57e49847cf5bd9741aa87ffd4a0469cda812bc8272fadec122ee13411d2
f38d3ed1d8e210956d2f,https://thetrevorproject.org/research-briefs/bullying-and-suicide-risk-among-lgbtq-youth,2026-09-29T19:41:49.559875+00:00,thetrevorproject.org,True,downloaded,200.0,https://www.thetrevorproject.org/research-briefs/bullying-and-suicide-risk-among-lgbtq-youth/,92404.0,success,9748,1490,html,text/html; charset=UTF-8,Bullying and Suicide Risk among LGBTQ Youth,,2025-10-08,The Trevor Project,https://www.thetrevorproject.org/research-briefs/bullying-and-suicide-risk-among-lgbtq-youth/,,f38d3ed1d8e210956d2f.txt,069aa5a8acc156a195ec9165e8fa594ec53d3733a54414deb20aa4314391547e
f3cf6770f761e4fa5a5e,https://williamsinstitute.law.ucla.edu/press/lgbt-snap-benefits-press-release,2026-09-29T19:41:51.226231+00:00,ucla.edu,True,downloaded,200.0,https://williamsinstitute.law.ucla.edu/press/lgbt-snap-benefits-press-release/,101249.0,success,1588,239,html,text/html; charset=UTF-8,More than 2 million LGBT adults in the US rely on SNAP benefits,Loyal; Thisisloyal Com,2025-07-03,The Williams Institute at UCLA School of Law,https://williamsinstitute.law.ucla.edu/press/lgbt-snap-benefits-press-release/,,f3cf6770f761e4fa5a5e.txt,2e8dcc5901821aab17fef643e0e66cdfdd8c2508fd67e733bd34f08b2cd062e3
f3e8f726b95e9ce3bfb8,https://savingforcollege.com/article/eligible-means-tested-federal-benefits-on-the-fafsa,2026-09-29T19:41:52.184589+00:00,savingforcollege.com,True,downloaded,200.0,https://www.savingforcollege.com/article/eligible-means-tested-federal-benefits-on-the-fafsa,224204.0,success,3773,568,html,text/html,Eligible Means-Tested Federal Benefits on the FAFSA,Mark Kantrowitz,2022-03-11,Savingforcollege.com,https://www.savingforcollege.com/article/eligible-means-tested-federal-benefits-on-the-fafsa,,f3e8f726b95e9ce3bfb8.txt,15bd6a13c56b425952333c4880acdbeeac651c5f746e1cf07824a290f7180972
f445de95ace940fe9789,https://theconversation.com/the-disturbing-connection-between-bullying-and-sexual-harassment-68033,2026-09-29T19:41:52.194872+00:00,theconversation.com,True,downloaded,200.0,https://theconversation.com/the-disturbing-connection-between-bullying-and-sexual-harassment-68033,178234.0,success,6126,954,html,,The disturbing connection between bullying and sexual harassment,Dorothy Espelage,2016-11-30,The Conversation,https://theconversation.com/the-disturbing-connection-between-bullying-and-sexual-harassment-68033,,f445de95ace940fe9789.txt,1247d3894c8ba756677d3534638c798d3bafd8a78c66079431690a584ec6e1a4
f4e02bb43ce61a5e26e8,https://forwardfamilymedicine.com/blog/mens-health-preventive-care,2026-09-29T19:41:52.467092+00:00,forwardfamilymedicine.com,True,downloaded,200.0,https://www.forwardfamilymedicine.com/blog/mens-health-preventive-care/,44818.0,success,9625,1542,html,text/html; charset=utf-8,Men's Preventive Health: The Screenings and Habits That Matter Most | Forward Family Medicine,David Bigley; DO,2025-08-20,Forward Family Medicine,https://www.forwardfamilymedicine.com/blog/mens-health-preventive-care/,,f4e02bb43ce61a5e26e8.txt,5f4a56a731c853c42f39bce1c658810aa12911cdd1f38f1955d235bf344b8c59
f4ed77128ae6a6f08b44,https://epi.org/unequalpower/publications/understanding-black-white-disparities-in-labor-market-outcomes,2026-09-29T19:41:53.399708+00:00,epi.org,False,downloaded,403.0,https://epi.org/unequalpower/publications/understanding-black-white-disparities-in-labor-market-outcomes,5864.0,not_extracted,0,0,,,,,,,,,,
f51f32a07d76c3952854,https://cluballiance.aaa.com/the-extra-mile/advice/budget/factors-lenders-consider-for-credit-approval,2026-09-29T19:41:54.658298+00:00,aaa.com,True,downloaded,200.0,https://cluballiance.aaa.com/the-extra-mile/advice/budget/factors-lenders-consider-for-credit-approval,80719.0,success,4132,688,html,text/html; charset=utf-8,5 Factors Lenders Consider for Credit Approval | AAA Club Alliance,,2025-01-09,edge.sitecorecloud.io,https://edge.sitecorecloud.io/the-extra-mile/advice/budget/factors-lenders-consider-for-credit-approval,,f51f32a07d76c3952854.txt,be01544980b519df4baaff27164678a0cda0396cddb50b6715ebe2d23bc36dc0
f522a3f7ac5e7242977f,https://usafacts.org/articles/disability-benefit-process,2026-09-29T19:41:55.802740+00:00,usafacts.org,True,downloaded,200.0,https://usafacts.org/articles/disability-benefit-process/,246638.0,success,4922,774,html,text/html; charset=utf-8,What is the approval rate for Social Security Disability Benefits? | USAFacts,Amber T,2023-12-12,USAFacts,https://usafacts.org/articles/disability-benefit-process/,,f522a3f7ac5e7242977f.txt,57034edc698234a9035058fc287717b44eaf2d51eee6e53234fdcff4f9dd9d99
f552be868377ebcb3e62,https://aecf.org/blog/racial-inequality-in-education,2026-09-29T19:41:56.497427+00:00,aecf.org,False,downloaded,403.0,https://www.aecf.org/blog/racial-inequality-in-education,5721.0,not_extracted,0,0,,,,,,,,,,
f585b2e536da81d51522,https://csd.wustl.edu/26-30,2026-09-29T19:41:56.998428+00:00,wustl.edu,True,downloaded,200.0,https://csd.wustl.edu/26-30/,78171.0,success,1056,156,html,text/html; charset=UTF-8,When the Safety Net Becomes a Barrier: Administrative Burdens in SNAP and Medicaid,CSD,2026-06-17,Center for Social Development,https://csd.wustl.edu/26-30/,,f585b2e536da81d51522.txt,4027a7c290397046884451a915956c3deb0746617d4f33cea2462351ab891ce3
f5c71ec54aa51bf31802,https://ojp.gov/ncjrs/virtual-library/abstracts/understanding-police-decisions-arrest-impact-situational-officer,2026-09-29T19:41:57.755261+00:00,ojp.gov,True,downloaded,200.0,https://www.ojp.gov/ncjrs/virtual-library/abstracts/understanding-police-decisions-arrest-impact-situational-officer,56700.0,success,1593,218,html,text/html; charset=UTF-8,Understanding police decisions to arrest: The impact of situational officer and neighborhood characteristics on police discretion | Office of Justice Programs,Author Jessica Huff,2020-02-01,Office of Justice Programs,https://www.ojp.gov/ncjrs/virtual-library/abstracts/understanding-police-decisions-arrest-impact-situational-officer,,f5c71ec54aa51bf31802.txt,8be00374ba00da875d23edfcf4ca2fc794f3c368916eb629c275532da5ef71cc
f62ef303d6874e05ede7,https://americanprogress.org/article/lgbtqi-people-are-underinsured-and-experience-health-insurance-discrimination-in-key-areas,2026-09-29T19:41:59.460211+00:00,americanprogress.org,False,downloaded,403.0,https://www.americanprogress.org/article/lgbtqi-people-are-underinsured-and-experience-health-insurance-discrimination-in-key-areas,6050.0,not_extracted,0,0,,,,,,,,,,
f66dfe263cf857f43052,https://pmc.ncbi.nlm.nih.gov/articles/PMC1495054,2026-09-29T19:41:59.538877+00:00,nih.gov,True,downloaded,200.0,https://pmc.ncbi.nlm.nih.gov/articles/PMC1495054/,185031.0,success,35918,5599,html,,Influence of Usual Source of Care on Differences by Race/Ethnicity in Receipt of Preventive Services,Giselle Corbie-Smith; Elaine W Flagg; Joyce P Doyle; Megan A O'Brien,2000-01-01,Journal of General Internal Medicine,https://pmc.ncbi.nlm.nih.gov/articles/PMC1495054/,,f66dfe263cf857f43052.txt,52eafd262f980aaaee0842aa117c4da5d34166850b2eba27c8584286e049a489
f670d88c283df9f0badd,https://scholarworks.wm.edu/server/api/core/bitstreams/dea9f8c0-c7c4-453f-b2d5-ba11ad31c56d/content,2026-09-29T19:42:00.103383+00:00,wm.edu,True,downloaded,200.0,https://scholarworks.wm.edu/server/api/core/bitstreams/dea9f8c0-c7c4-453f-b2d5-ba11ad31c56d/content,201409.0,success,12561,1828,pdf,application/pdf;charset=UTF-8,,,,,,,f670d88c283df9f0badd.txt,20da22982f785861437fa3d363b0726aa956765a7d2e496d272a1988d58d0f65
f6806790825a3acc0974,https://nces.ed.gov/programs/coe/indicator/a10/bullying-electronic-bullying,2026-09-29T19:42:01.595892+00:00,ed.gov,True,downloaded,200.0,https://nces.ed.gov/programs/coe/indicator/a10/bullying-electronic-bullying,407854.0,success,31462,4276,html,text/html; charset=utf-8,Student Bullying,,2012-01-01,nces.ed.gov,https://nces.ed.gov/programs/coe/indicator/a10/bullying-electronic-bullying,,f6806790825a3acc0974.txt,c9ab79a41b9a6ddb71d45786ff55dc0a30dd3ecd5c0291904510faccd6028a16
f68fae81696e5183ceac,https://wcnc.com/article/life/holidays/black-history-month/investopedia-report-financial-disparities-credit-scores-black-hispanic-native-communities/275-4f317033-2a1d-459a-b38c-1e9e43860e1e,2026-09-29T19:42:02.631059+00:00,wcnc.com,False,downloaded,403.0,https://www.wcnc.com/article/life/holidays/black-history-month/investopedia-report-financial-disparities-credit-scores-black-hispanic-native-communities/275-4f317033-2a1d-459a-b38c-1e9e43860e1e,776.0,not_extracted,0,0,,,,,,,,,,
f6ab2bb818b740ea21bf,https://pmc.ncbi.nlm.nih.gov/articles/PMC12314559,2026-09-29T19:42:03.108163+00:00,nih.gov,True,downloaded,200.0,https://pmc.ncbi.nlm.nih.gov/articles/PMC12314559/,159119.0,success,29497,4356,html,,"Insurance companies’ lack of LGBTQ+ affirmation: discrimination, distrust, and dissatisfaction among LGBTQ+ people",Dustin Z Nowaskie; Dehandra Blackwood; Frank Garcia; Jorge D Flautero,2025-07-18,Frontiers in Sociology,https://pmc.ncbi.nlm.nih.gov/articles/PMC12314559/,,f6ab2bb818b740ea21bf.txt,204b2c3d168d9b9e82363309558b053b9371dbdff448e0db017b9c621931d560
f6af88bbf431c831beb1,https://scholarcommons.sc.edu/cgi/viewcontent.cgi?article=1006&context=crim_facpub,2026-09-29T19:42:03.196986+00:00,sc.edu,False,downloaded,403.0,https://scholarcommons.sc.edu/cgi/viewcontent.cgi?article=1006&context=crim_facpub,5853.0,not_extracted,0,0,,,,,,,,,,
f6f5d499b2b633a608f7,https://epgn.com/2020/10/28/new-study-shows-roots-of-lgbtq-poverty-and-need-for-government-data,2026-09-29T19:42:03.298742+00:00,epgn.com,True,downloaded,200.0,https://epgn.com/2020/10/28/new-study-shows-roots-of-lgbtq-poverty-and-need-for-government-data/,194195.0,success,7209,1119,html,text/html; charset=UTF-8,New study shows roots of LGBTQ poverty and need for government data - Philadelphia Gay News,Victoria A Brownworth,2020-10-28,Philadelphia Gay News,https://epgn.com/2020/10/28/new-study-shows-roots-of-lgbtq-poverty-and-need-for-government-data/,,f6f5d499b2b633a608f7.txt,d54706a0697704fcd1ca885fe2370de5ee8e4130ae03d0591ebfda84798f3dc4
f70b8298fc944a353a19,https://sciencedirect.com/science/article/abs/pii/S0047235220300684,2026-09-29T19:42:03.544078+00:00,sciencedirect.com,False,downloaded,403.0,https://www.sciencedirect.com/science/article/abs/pii/S0047235220300684,1207947.0,not_extracted,0,0,,,,,,,,,,
f71a506c545f5836eabb,https://policingequity.org/resource-library/use-of-force,2026-09-29T19:42:03.720483+00:00,policingequity.org,True,downloaded,200.0,https://policingequity.org/resource-library/use-of-force/,319446.0,success,1954,303,html,text/html; charset=UTF-8,Use of Force - Policing Equity,,2026-01-13,Policing Equity,https://policingequity.org/resource-library/use-of-force/,,f71a506c545f5836eabb.txt,d7618e825d2da683060456850c9432e4297ea949ae4aa59fc04ee001de673196
f738451ab7946b42ebc6,https://rudermanfoundation.org/white_papers/media-coverage-of-law-enforcement-use-of-force-and-disability,2026-09-29T19:42:09.172973+00:00,rudermanfoundation.org,True,downloaded,200.0,https://rudermanfoundation.org/white_papers/media-coverage-of-law-enforcement-use-of-force-and-disability/,92774.0,success,5209,803,html,text/html; charset=UTF-8,Media coverage of law enforcement use of force and disability,,2017-08-23,Ruderman Family Foundation,https://rudermanfoundation.org/white_papers/media-coverage-of-law-enforcement-use-of-force-and-disability/,,f738451ab7946b42ebc6.txt,25644096ac59f850901019f4f4d100315f31c086b42b3f500bf4bf3c06195870
f7651059ee321a0fa4e6,https://americanprogress.org/article/advancing-economic-security-people-disabilities,2026-09-29T19:42:09.809241+00:00,americanprogress.org,False,downloaded,403.0,https://www.americanprogress.org/article/advancing-economic-security-people-disabilities,5857.0,not_extracted,0,0,,,,,,,,,,
f7c688725609ccd20750,https://transequality.org/resources/selective-service-and-transgender-people,2026-09-29T19:42:09.895397+00:00,transequality.org,True,downloaded,200.0,https://transequality.org/resources/selective-service-and-transgender-people,94272.0,success,8957,1390,html,text/html; charset=UTF-8,Selective Service and Transgender People | A4TE,,2026-01-01,A4TE,https://transequality.org/resources/selective-service-and-transgender-people,,f7c688725609ccd20750.txt,ecf9710f6319dfec9c5d721f017f6b6abe928c99f76d2660be50629cfbfb63e8
f7ead46b6ea5b50fcbf2,https://upstart.com/learn/personal-loan-eligibility,2026-09-29T19:42:10.018988+00:00,upstart.com,False,downloaded,403.0,https://upstart.com/learn/personal-loan-eligibility,5687.0,not_extracted,0,0,,,,,,,,,,
f7eeeea3287f18db6ed0,https://researchgate.net/publication/388770161_What_Factors_Influence_Patient_Measures_of_Safety_Among_Adults,2026-09-29T19:42:12.923136+00:00,researchgate.net,False,downloaded,403.0,https://www.researchgate.net/publication/388770161_What_Factors_Influence_Patient_Measures_of_Safety_Among_Adults,21138.0,not_extracted,0,0,,,,,,,,,,
f7ffe58e56617333d73e,https://endhomelessness.org/overview,2026-09-29T19:42:13.391679+00:00,endhomelessness.org,True,downloaded,200.0,https://endhomelessness.org/overview,353438.0,success,4475,661,html,text/html; charset=UTF-8,What Is Homelessness in America?,,2026-06-29,National Alliance to End Homelessness,https://endhomelessness.org/overview/,,f7ffe58e56617333d73e.txt,88db6e27371f9ed18cbc7356a6d401a2f32498fab687a6c56d5a69511ed470bd
f80a3040fe0bf24209a0,https://patientsafetylearning.org/blog/dangerous-exclusions-the-risk-to-patient-safety-of-sex-and-gender-bias,2026-09-29T19:42:13.495686+00:00,patientsafetylearning.org,True,downloaded,200.0,https://www.patientsafetylearning.org/blog/dangerous-exclusions-the-risk-to-patient-safety-of-sex-and-gender-bias,62334.0,success,21079,3275,html,text/html; charset=UTF-8,The risk to patient safety of sex and gender bias,,2020-07-08,Patient Safety Learning,https://www.patientsafetylearning.org/blog/dangerous-exclusions-the-risk-to-patient-safety-of-sex-and-gender-bias,,f80a3040fe0bf24209a0.txt,0d38096c3039edf11f0ae68c26f3d5e812129caa5bd57592c326c5c30659c5ed
f84eef3dc4845cd8d901,https://accessiblelaw.untdallas.edu/post/when-algorithms-judge-your-credit-understanding-ai-bias-in-lending-decisions,2026-09-29T19:42:13.851456+00:00,untdallas.edu,True,downloaded,200.0,https://www.accessiblelaw.untdallas.edu/post/when-algorithms-judge-your-credit-understanding-ai-bias-in-lending-decisions,953280.0,success,50388,7003,html,,When Algorithms Judge Your Credit: Understanding AI Bias in Lending Decisions,Masonwimberley,2025-05-09,Accessible Law,https://www.accessiblelaw.untdallas.edu/post/when-algorithms-judge-your-credit-understanding-ai-bias-in-lending-decisions,,f84eef3dc4845cd8d901.txt,959f58b6831b6110f2e327b59fc1ddca7f298b68740c04ab7ec64ef983bf2ddb
f86d50fbc65fc2adf8be,https://kff.org/racial-equity-and-health-policy/lgbt-adults-experiences-with-discrimination-and-health-care-disparities-findings-from-the-kff-survey-of-racism-discrimination-and-health,2026-09-29T19:42:16.038913+00:00,kff.org,True,downloaded,200.0,https://www.kff.org/racial-equity-and-health-policy/lgbt-adults-experiences-with-discrimination-and-health-care-disparities-findings-from-the-kff-survey-of-racism-discrimination-and-health/,258684.0,success,40786,6540,html,text/html; charset=UTF-8,"LGBT Adults’ Experiences with Discrimination and Health Care Disparities: Findings from the KFF Survey of Racism, Discrimination, and Health | KFF",Alex Montero; Liz Hamel; Samantha Artiga; Lindsey Dawson,2024-04-02,"KFF - The independent source for health policy research, polling, and news",https://www.kff.org/racial-equity-and-health-policy/lgbt-adults-experiences-with-discrimination-and-health-care-disparities-findings-from-the-kff-survey-of-racism-discrimination-and-health/,,f86d50fbc65fc2adf8be.txt,d4ae52b8e3c74aea10043f8e63e87a2442e0d5d7c9caeaa14f1467e8ee806026
f889ec036c3d1854f35a,https://prisonpolicy.org/blog/2024/08/27/economic_justice,2026-09-29T19:42:16.084803+00:00,prisonpolicy.org,True,downloaded,200.0,https://www.prisonpolicy.org/blog/2024/08/27/economic_justice/,87868.0,success,32037,4966,html,text/html; charset=UTF-8,10 ways that mass incarceration is an engine of economic injustice,Prison Policy Initiative,2024-08-27,PrisonPolicy,https://www.prisonpolicy.org/blog/2024/08/27/economic_justice/,,f889ec036c3d1854f35a.txt,48625e578a4f1e0b8eff96b4467a88ed29ddec1743276cdd87d763dd3c1fb260
f899bc13d8b9a7c65c86,https://news-medical.net/news/20260923/Socioeconomic-factors-explain-racial-differences-in-disability-insurance-approvals.aspx,2026-09-29T19:42:16.560036+00:00,news-medical.net,True,downloaded,200.0,https://www.news-medical.net/news/20260923/Socioeconomic-factors-explain-racial-differences-in-disability-insurance-approvals.aspx,169617.0,success,1109,137,html,text/html; charset=utf-8,Socioeconomic factors explain racial differences in disability insurance approvals,Wiley Reviewed,2026-09-23,News-Medical,https://www.news-medical.net/news/20260923/Socioeconomic-factors-explain-racial-differences-in-disability-insurance-approvals.aspx,,f899bc13d8b9a7c65c86.txt,535d86684ee9af03da8ce7189c9157bf2ee92d4e3bb74c1ae2346b1c684224a1
f8b26819ab2201b319a0,https://williamsinstitute.law.ucla.edu/publications/lgbtq-colleges-grad-school,2026-09-29T19:42:16.702615+00:00,ucla.edu,True,downloaded,200.0,https://williamsinstitute.law.ucla.edu/publications/lgbtq-colleges-grad-school/,132786.0,success,2697,389,html,text/html; charset=UTF-8,Experiences of LGBTQ People in Four-Year Colleges and Graduate Programs,Loyal; Thisisloyal Com,2023-02-17,The Williams Institute at UCLA School of Law,https://williamsinstitute.law.ucla.edu/publications/lgbtq-colleges-grad-school/,,f8b26819ab2201b319a0.txt,664ae848fe15cb4b2457601fd5aee4623d1bb0526230de763a25a70c2e237334
f8b607d4e757d881b046,https://scholarworks.uark.edu/cgi/viewcontent.cgi?article=1017&context=isysuht,2026-09-29T19:42:20.087923+00:00,uark.edu,False,downloaded,403.0,https://scholarworks.uark.edu/cgi/viewcontent.cgi?article=1017&context=isysuht,5841.0,not_extracted,0,0,,,,,,,,,,
f8d9f9e707a12cdb396a,https://icalliances.org/racial-disparities,2026-09-29T19:42:20.177222+00:00,icalliances.org,True,downloaded,200.0,https://icalliances.org/racial-disparities,116540.0,success,1342,193,html,text/html;charset=utf-8,Racial Disparities in Homelessness — Institute for Community Alliances,,2025-01-01,Institute for Community Alliances,https://icalliances.org/racial-disparities,,f8d9f9e707a12cdb396a.txt,964b12ab2319c19be09340a4fdd5e973e77a16bae3a3dedce4d8bc9abe273d96
f8da42d42df89f65688b,https://americanbar.org/groups/diversity/sexual_orientation/publications/equalizer/2019-july/impact-of-incarceration-and-policing-in-our-community,2026-09-29T19:42:20.481408+00:00,americanbar.org,False,downloaded,403.0,https://americanbar.org/groups/diversity/sexual_orientation/publications/equalizer/2019-july/impact-of-incarceration-and-policing-in-our-community,6113.0,not_extracted,0,0,,,,,,,,,,
f8e194c57b48c03e906b,https://urban.org/sites/default/files/publication/89236/same_sex_marriage_0.pdf,2026-09-29T19:42:20.645947+00:00,urban.org,False,downloaded,403.0,https://www.urban.org/sites/default/files/publication/89236/same_sex_marriage_0.pdf,5907.0,not_extracted,0,0,,,,,,,,,,
f94026562c806f8a34b9,https://stpaulscenter.com/racial-inequities,2026-09-29T19:42:21.259213+00:00,stpaulscenter.com,True,downloaded,200.0,https://stpaulscenter.com/racial-inequities/,557955.0,success,5406,855,html,text/html; charset=UTF-8,Homelessness in America: Racial Inequities and the Black Community - St. Paul's Center,Mmeyerson,2020-07-21,St. Paul's Center,https://stpaulscenter.com/racial-inequities/,,f94026562c806f8a34b9.txt,aa344729df022302315a7d6d1e9c30d28bb5639eb20abfeadbf946419ca74de4
f961d685477c119d9095,https://point32health.org/newsroom/points-of-view/benefits-and-barriers-to-preventive-care,2026-09-29T19:42:22.116025+00:00,point32health.org,True,downloaded,200.0,https://www.point32health.org/newsroom/points-of-view/benefits-and-barriers-to-preventive-care,80467.0,success,5458,847,html,text/html; charset=utf-8,Benefits and barriers to preventive care,,2025-02-14,point32health.org,https://www.point32health.org/newsroom/points-of-view/benefits-and-barriers-to-preventive-care,,f961d685477c119d9095.txt,ffc4f8d3cfc9460a0680099219b45345aec3f07ab1ac1885b977ced1cf08523f
f97137cf62b07d7dbde2,https://youtube.com/shorts/y5ZF6EAu3hY,2026-09-29T19:42:23.178533+00:00,youtube.com,True,downloaded,200.0,https://www.youtube.com/shorts/y5ZF6EAu3hY,1453181.0,success,146,23,html,text/html; charset=utf-8,Navigating the health care system in the LGBTQ+ community,,2025-06-16,YouTube,https://www.youtube.com/shorts/y5ZF6EAu3hY,,f97137cf62b07d7dbde2.txt,8dbba17988e385133ba8f51d76cde1fc2c859262b666cb848e9cfe2478fd5e71
f99cace751af9cc3f56f,https://journals.sagepub.com/doi/abs/10.1177/0275074020919908,2026-09-29T19:42:23.664448+00:00,sagepub.com,False,downloaded,403.0,https://journals.sagepub.com/doi/abs/10.1177/0275074020919908,5792.0,not_extracted,0,0,,,,,,,,,,
f9a04b1ac569dcdba52f,https://mdpi.com/1660-4601/19/8/4502,2026-09-29T19:42:24.524600+00:00,mdpi.com,True,downloaded,200.0,https://mdpi.com/1660-4601/19/8/4502,2210.0,empty_text,0,0,html,text/html,,,,mdpi.com,https://mdpi.com/1660-4601/19/8/4502,,f9a04b1ac569dcdba52f.txt,e3b0c44298fc1c149afbf4c8996fb92427ae41e4649b934ca495991b7852b855
f9c520094deddc3dee5f,https://prisonpolicy.org/blog/2022/03/31/transgender_incarceration,2026-09-29T19:42:24.678581+00:00,prisonpolicy.org,True,downloaded,200.0,https://www.prisonpolicy.org/blog/2022/03/31/transgender_incarceration/,61178.0,success,12950,2006,html,text/html; charset=UTF-8,What the Survey of Prison Inmates tells us about trans people in state prison,Prison Policy Initiative,2022-03-31,PrisonPolicy,https://www.prisonpolicy.org/blog/2022/03/31/transgender_incarceration/,,f9c520094deddc3dee5f.txt,f4b6ef9cd4563a5e4cc98a91abb1b946ccc55eee165e76fdbe81fb5c57b5c409
f9d8e01ca33e94a7d898,https://psycnet.apa.org/fulltext/2023-54964-013.html,2026-09-29T19:42:26.406715+00:00,apa.org,False,robots_disallowed,,,,not_extracted,0,0,,,,,,,,,,
f9d94dfc0ad221ae6453,https://pmc.ncbi.nlm.nih.gov/articles/PMC12533431,2026-09-29T19:42:26.744123+00:00,nih.gov,True,downloaded,200.0,https://pmc.ncbi.nlm.nih.gov/articles/PMC12533431/,169092.0,success,48347,6989,html,,Latinas’ perception of law enforcement who respond to intimate partner violence calls: a qualitative inquiry,Sharon Gandarilla-Javier; Dasha J Rhodes; Kelsey Greenfield,2025-10-16,Health & Justice,https://pmc.ncbi.nlm.nih.gov/articles/PMC12533431/,,f9d94dfc0ad221ae6453.txt,13053404efed8804e815b191338f81303e296564da5850d58a385f3e090b432a
fa180c974b16ce60f129,https://ejss.eminentjournals.com/index.php/home/article/download/32/10/108,2026-09-29T19:42:26.753663+00:00,eminentjournals.com,True,downloaded,200.0,https://ejss.eminentjournals.com/index.php/home/article/download/32/10/108,1017736.0,success,53181,6973,pdf,application/pdf,,,,,,,fa180c974b16ce60f129.txt,5dd912322e9d3daa16f1bc4b5299570d3e0e8dc33f12448693be1d02dea9756f
fa51c6c99aa0429d37ca,https://greatplacetowork.com/resources/blog/hiring-employees-with-disabilities,2026-09-29T19:42:28.686379+00:00,greatplacetowork.com,True,downloaded,200.0,https://www.greatplacetowork.com/resources/blog/hiring-employees-with-disabilities,112077.0,success,12171,1838,html,text/html; charset=utf-8,Hiring People with Disabilities: Why It Matters & How to Do It Right,Ruby Storm Green,2025-01-02,Great Place To Work®,https://www.greatplacetowork.com/resources/blog/hiring-employees-with-disabilities,,fa51c6c99aa0429d37ca.txt,06bb7aeee4a0e1257b65fd4669bd46ce7a44d2f97b82f55f7221278e31029b06
fa826f7b52a5840332f9,https://foxrothschild.com/publications/the-eeocs-enforcement-guidance-on-harassment-in-the-workplace-what-employers-need-to-know,2026-09-29T19:42:29.716749+00:00,foxrothschild.com,False,downloaded,403.0,https://www.foxrothschild.com/publications/the-eeocs-enforcement-guidance-on-harassment-in-the-workplace-what-employers-need-to-know,6059.0,not_extracted,0,0,,,,,,,,,,
faaf6ee34b43ee3962e3,https://tandfonline.com/doi/full/10.1080/15348431.2024.2333885,2026-09-29T19:42:30.078198+00:00,tandfonline.com,False,downloaded,403.0,https://tandfonline.com/doi/full/10.1080/15348431.2024.2333885,5826.0,not_extracted,0,0,,,,,,,,,,
fab5eca5098dd248f7a8,https://crestmontcapital.com/blog/women-owned-business-loan-statistics-2026,2026-09-29T19:42:30.137148+00:00,crestmontcapital.com,False,downloaded,404.0,https://crestmontcapital.com/blog/women-owned-business-loan-statistics-2026,10.0,not_extracted,0,0,,,,,,,,,,
fae834cfbefcbd5521c4,https://nhchc.org/wp-content/uploads/2019/08/in-focus_transgender_sep2014_final.pdf,2026-09-29T19:42:30.309591+00:00,nhchc.org,False,downloaded,403.0,https://nhchc.org/wp-content/uploads/2019/08/in-focus_transgender_sep2014_final.pdf,52.0,not_extracted,0,0,,,,,,,,,,
fb0dfff5ec86ba8d6cd1,https://cato.org/sites/cato.org/files/serials/files/cato-journal/1995/11/cj15n2-3-5.pdf,2026-09-29T19:42:33.690083+00:00,cato.org,False,downloaded,403.0,https://www.cato.org/sites/cato.org/files/serials/files/cato-journal/1995/11/cj15n2-3-5.pdf,882.0,not_extracted,0,0,,,,,,,,,,
fb32d720e2e15e903971,https://pmc.ncbi.nlm.nih.gov/articles/PMC9172268,2026-09-29T19:42:33.963972+00:00,nih.gov,True,downloaded,200.0,https://pmc.ncbi.nlm.nih.gov/articles/PMC9172268,21365.0,success,131,18,html,,Checking your browser,,2026-09-11,google.com,https://www.google.com/recaptcha/challengepage,,fb32d720e2e15e903971.txt,a29166d0eaaa418bd5af61a282f1183a46c84c4d5e4c90689b1b452d230d05cc
fb89d1f1ab48f69e4156,https://usatoday.com/story/news/nation/2023/01/25/welfare-benefits-low-income-struggle-for-access/11069891002,2026-09-29T19:42:34.131444+00:00,usatoday.com,True,downloaded,200.0,https://www.usatoday.com/story/news/nation/2023/01/25/welfare-benefits-low-income-struggle-for-access/11069891002/,204534.0,success,5057,802,html,,"'This isn't trivial': Applying for welfare benefits is too difficult, low-income Americans say",Claire Thornton,2023-01-25,USA TODAY,https://www.usatoday.com/story/news/nation/2023/01/25/welfare-benefits-low-income-struggle-for-access/11069891002/,,fb89d1f1ab48f69e4156.txt,0272fdfe8936c408cb25bf6f78c4d1016befc6e6a868282795b91039646db9fd
fb9d2ff8be995c8705bc,https://google.com/url?cd=&opi=89978449&psig=AOvVaw3RhAirNaICPP36VFmpNQJJ&rct=j&sa=i&source=web&uoh=2&url=CAESaQHrOzAVnuiWlD15TWEjCYySDxKuFV9BVaOhLvugG2NMy88mxRJwNXauDOTp2Hf4zvZBmd4oQKN6-oLf26tXeHaapEJD85Z5xCneI4zpyfoT6To_4eI05rbCkjlqxi9nYH720deeAT2ofw&ust=1790739105852000&ved=2ahUKEwiPlMuT7ZKXAxUmmSYFHT4YI4oQ1fkOegoIAggACAAIWxAU,2026-09-29T19:42:36.092895+00:00,google.com,False,robots_disallowed,,,,not_extracted,0,0,,,,,,,,,,
fbcb33505aa0787bf0ff,https://pmc.ncbi.nlm.nih.gov/articles/PMC7794398,2026-09-29T19:42:36.093141+00:00,nih.gov,True,downloaded,200.0,https://pmc.ncbi.nlm.nih.gov/articles/PMC7794398,21366.0,success,131,18,html,,Checking your browser,,2026-09-11,google.com,https://www.google.com/recaptcha/challengepage,,fbcb33505aa0787bf0ff.txt,a29166d0eaaa418bd5af61a282f1183a46c84c4d5e4c90689b1b452d230d05cc
fc8ffe82f7876b4d6899,https://pmc.ncbi.nlm.nih.gov/articles/PMC4455226,2026-09-29T19:42:36.312196+00:00,nih.gov,True,downloaded,200.0,https://pmc.ncbi.nlm.nih.gov/articles/PMC4455226,21366.0,success,131,18,html,,Checking your browser,,2026-09-11,google.com,https://www.google.com/recaptcha/challengepage,,fc8ffe82f7876b4d6899.txt,a29166d0eaaa418bd5af61a282f1183a46c84c4d5e4c90689b1b452d230d05cc
fcaab8aeef03c84c6a48,https://pewresearch.org/race-and-ethnicity/2005/12/15/the-occupational-status-and-mobility-of-hispanics,2026-09-29T19:42:36.591588+00:00,pewresearch.org,False,downloaded,403.0,https://pewresearch.org/race-and-ethnicity/2005/12/15/the-occupational-status-and-mobility-of-hispanics,4215.0,not_extracted,0,0,,,,,,,,,,
fcbdc4c9097da4271034,https://pmc.ncbi.nlm.nih.gov/articles/PMC8252906,2026-09-29T19:42:36.751034+00:00,nih.gov,True,downloaded,200.0,https://pmc.ncbi.nlm.nih.gov/articles/PMC8252906/,242306.0,success,50166,7760,html,,"Disparities in Social and Economic Determinants of Health by Sexual Identity, Gender, and Age: Results from the 2015–2018 National Survey on Drug Use and Health",Megan S Schuler; Dana M Prince; Rebecca L Collins,2021-06-30,LGBT Health,https://pmc.ncbi.nlm.nih.gov/articles/PMC8252906/,,fcbdc4c9097da4271034.txt,a408404138c9e2bf21d49348bcf5eec681b52e0d4c4cc7026cf765d83301857c
fccbe51b47cef644e2cb,https://slugerassociates.com/resources/legally-addressing-bullying-of-students-with-disabilities,2026-09-29T19:42:37.170757+00:00,slugerassociates.com,True,downloaded,200.0,https://slugerassociates.com/resources/legally-addressing-bullying-of-students-with-disabilities/,76529.0,success,11084,1541,html,text/html,Legally Addressing the Bullying of Students With Disabilities | Susan Luger Associates,Susan Luger Associates Share Twitter Facebook Linkedin Mail Copy link,2025-11-10,slugerassociates.com,http://slugerassociates.com/resources/legally-addressing-bullying-of-students-with-disabilities/,,fccbe51b47cef644e2cb.txt,3810319453bd8d7baf51f7f00db6696d28f2a88c04881249c0dd3562c567f024
fd1740f02c5e15ade32a,https://pmc.ncbi.nlm.nih.gov/articles/PMC10174265,2026-09-29T19:42:37.604995+00:00,nih.gov,True,downloaded,200.0,https://pmc.ncbi.nlm.nih.gov/articles/PMC10174265/,239226.0,success,72641,10609,html,,Workplace Sexual Harassment and Vulnerabilities among Low-Wage Hispanic Women,Luz S Marín; Milagros Barreto; Mirna Montano; Jodi Sugerman-Brozan; Marcy Goldstein-Gelb; Laura Punnett,2021-07-27,Occupational health science,https://pmc.ncbi.nlm.nih.gov/articles/PMC10174265/,,fd1740f02c5e15ade32a.txt,320a98ea1a839205c8ff3843363bb959520688b9999c5091c1cd9a774918655c
fd49b882d7318ce94f6a,https://kff.org/medicaid/recent-medicaid-chip-enrollment-declines-and-barriers-to-maintaining-coverage,2026-09-29T19:42:37.985226+00:00,kff.org,True,downloaded,200.0,https://www.kff.org/medicaid/recent-medicaid-chip-enrollment-declines-and-barriers-to-maintaining-coverage/,167942.0,success,31353,3974,html,text/html; charset=UTF-8,Recent Medicaid/CHIP Enrollment Declines and Barriers to Maintaining Coverage | KFF,Samantha Artiga; Olivia Pham,2019-09-24,"KFF - The independent source for health policy research, polling, and news",https://www.kff.org/medicaid/recent-medicaid-chip-enrollment-declines-and-barriers-to-maintaining-coverage/,,fd49b882d7318ce94f6a.txt,49aad57ff1350a65961f2487ae2f5e33de512d68808e287103ba3dac5e1b74fe
fd512a3bbc49de1f7275,https://econofact.org/racial-differences-in-unemployment-insurance,2026-09-29T19:42:38.930014+00:00,econofact.org,True,downloaded,200.0,https://econofact.org/racial-differences-in-unemployment-insurance,70873.0,success,10447,1631,html,text/html; charset=UTF-8,Racial Differences in Unemployment Insurance | Econofact,Elizabeth O Ananat,2023-04-11,Econofact | Key facts and incisive analysis to the national debate on economic and social policies.,https://econofact.org/racial-differences-in-unemployment-insurance,,fd512a3bbc49de1f7275.txt,7c1be126df9ddfd281fafba5d4fdb29c16b0e35d22ac042e22769a1cbd9b8b65
fd671b6e0608b9cf2e0b,https://urban.org/urban-wire/how-can-we-reduce-housing-instability-among-lgbtq-americans,2026-09-29T19:42:39.851860+00:00,urban.org,False,downloaded,403.0,https://www.urban.org/urban-wire/how-can-we-reduce-housing-instability-among-lgbtq-americans,5934.0,not_extracted,0,0,,,,,,,,,,
fd67fc909c0248dadd7a,https://pt.scribd.com/document/200491424/Factor-Effecting-Recruitment,2026-09-29T19:42:40.477343+00:00,scribd.com,True,downloaded,200.0,https://pt.scribd.com/document/200491424/Factor-Effecting-Recruitment,1465508.0,success,5078,785,html,text/html; charset=utf-8,Factor Effecting Recruitment,,2026-09-29,Scribd,https://www.scribd.com/document/200491424/Factor-Effecting-Recruitment,,fd67fc909c0248dadd7a.txt,21fc22db9570dc76acf4d5d4e357fc3787a341727c2652c86e7eaef52dddfa7f
fdc342e38be260a4af8d,https://jff.org/blog/how-employers-can-address-social-determinants-work,2026-09-29T19:42:41.031198+00:00,jff.org,True,downloaded,200.0,https://www.jff.org/blog/how-employers-can-address-social-determinants-work,193158.0,success,13937,2089,html,text/html; charset=UTF-8,How Employers Can Address the Social Determinants of Work,Jessica Rood; Nano Moussa,2023-05-24,Jobs for the Future (JFF),https://www.jff.org/blog/how-employers-can-address-social-determinants-work/,,fdc342e38be260a4af8d.txt,f508723a01e89a915d0e4fb13a2606acc52678c73da866462af654712ac49b69
fdc5162f04030936a19d,https://theconversation.com/how-to-tell-if-your-college-is-trans-inclusive-158348,2026-09-29T19:42:42.993901+00:00,theconversation.com,True,downloaded,200.0,https://theconversation.com/how-to-tell-if-your-college-is-trans-inclusive-158348,181967.0,success,7336,1110,html,,How to tell if your college is trans-inclusive,Abbie E Goldberg,2021-04-30,The Conversation,https://theconversation.com/how-to-tell-if-your-college-is-trans-inclusive-158348,,fdc5162f04030936a19d.txt,0f555caa832a365f22aaa4de06a55c4f82864f6530ef3db076264d89e4bfa5cb
fe5b3a3f60c832a93d01,https://journals.sagepub.com/doi/10.1177/1473325013503003,2026-09-29T19:42:43.250843+00:00,sagepub.com,False,downloaded,403.0,https://journals.sagepub.com/doi/10.1177/1473325013503003,5780.0,not_extracted,0,0,,,,,,,,,,
fe8f9a51884018eef3b1,https://arlingtonlifeshelter.org/how-we-help/resources/causes-of-homelessness.html,2026-09-29T19:42:43.356302+00:00,arlingtonlifeshelter.org,True,downloaded,200.0,https://arlingtonlifeshelter.org/how-we-help/resources/causes-of-homelessness.html,57473.0,success,4496,730,html,,Causes of Homelessness : Resources : How We Help : Arlington Life Shelter,,2026-01-01,Arlington Life Shelter,https://arlingtonlifeshelter.org/how-we-help/resources/causes-of-homelessness.html,,fe8f9a51884018eef3b1.txt,b27637c946b3e0e5a4ffa2a42fb63531e19238c4e590c9898dea8fc9de9dcfbf
feccf3fc5115122827e1,https://pmc.ncbi.nlm.nih.gov/articles/PMC13252812,2026-09-29T19:42:44.810554+00:00,nih.gov,True,downloaded,200.0,https://pmc.ncbi.nlm.nih.gov/articles/PMC13252812,21371.0,success,131,18,html,,Checking your browser,,2026-09-11,google.com,https://www.google.com/recaptcha/challengepage,,feccf3fc5115122827e1.txt,a29166d0eaaa418bd5af61a282f1183a46c84c4d5e4c90689b1b452d230d05cc
feea067b3fa93c2a8541,https://womensworldbanking.org/insights/from-exclusion-to-empowerment-the-meaning-of-financial-inclusion,2026-09-29T19:42:45.015246+00:00,womensworldbanking.org,True,downloaded,200.0,https://www.womensworldbanking.org/insights/from-exclusion-to-empowerment-the-meaning-of-financial-inclusion/,185692.0,success,6658,908,html,text/html; charset=UTF-8,From Exclusion to Empowerment: The Meaning of Financial Inclusion - Women's World Banking,Women's World Banking,2023-06-30,Women's World Banking,https://www.womensworldbanking.org/insights/from-exclusion-to-empowerment-the-meaning-of-financial-inclusion/,,feea067b3fa93c2a8541.txt,9ae1374216a74987fb4dd42a56b8a137be14bf860c74d147e58e617fff9fe0ba
fefb43cfbc966d91f8bd,https://naspa.org/blog/supporting-queer-and-trans-college-students-amidst-political-turmoil,2026-09-29T19:42:45.762871+00:00,naspa.org,False,downloaded,403.0,https://www.naspa.org/blog/supporting-queer-and-trans-college-students-amidst-political-turmoil,10153.0,not_extracted,0,0,,,,,,,,,,
ff37434021ea46b94344,https://study.com/academy/lesson/video/factors-that-affect-credit-worthiness.html,2026-09-29T19:42:46.307536+00:00,study.com,True,downloaded,200.0,https://study.com/academy/lesson/video/factors-that-affect-credit-worthiness.html,141401.0,success,1260,189,html,text/html;charset=UTF-8,Factors That Affect Credit Worthiness - Video | Study.com,,2017-03-20,study.com,https://study.com/academy/lesson/video/factors-that-affect-credit-worthiness.html,,ff37434021ea46b94344.txt,7d70d67dffca8d9164470b8e0e2f8ad3340818dfa42980599b1fe7d24265718b
ff80a8bc1c518e0eee36,https://ewa.org/data-research-tips/how-black-girls-are-harmed-in-schools,2026-09-29T19:42:49.088991+00:00,ewa.org,True,downloaded,200.0,https://ewa.org/data-research-tips/how-black-girls-are-harmed-in-schools,185652.0,success,9557,1516,html,text/html; charset=UTF-8,How Black Girls Are Harmed in Schools,Krissy,2024-08-13,ewa.org,https://ewa.org/data-research-tips/how-black-girls-are-harmed-in-schools,,ff80a8bc1c518e0eee36.txt,d6b8cbfbb5ad71cf9c49c64bbde82992229a7ea60eb032f0a3f505456cd6a40d
ffad66be1cd04074d5dd,https://stopbullying.gov/sites/default/files/2017-09/lgbtyouthtipsheet.pdf,2026-09-29T19:42:49.735910+00:00,stopbullying.gov,True,downloaded,200.0,https://www.stopbullying.gov/sites/default/files/2017-09/lgbtyouthtipsheet.pdf,346982.0,success,7248,1042,pdf,application/pdf,,,,,,,ffad66be1cd04074d5dd.txt,ef9f980b69e50daed390089dd463de996db3f0fdb92e7cf470d4bf4f837a0c8d
